"cluster_id_entity","usample","channel","depth_top_cm","depth_mid_cm","depth_bot_cm","thick_cm","age_mid_cal_yr_bp","age_top_cal_yr_bp","age_bot_cal_yr_bp","age_source","NAME","ELEMENT","size_min_um","size_max_um","size_min_open","size_max_open","UNITS","CONTEXT","context_source","TAPHONOMY","GROUP","value","value_orig","value_conversion","value_source_column","sample_quantity_value","sample_quantity_ELEMENT","sample_quantity_UNITS","data_source","data_entity","original_fire_proxy","original_meas_type","original_meas_detail","original_meas_method","original_proxy_class","original_quant_units","original_quant_units_raw","parsed_size_token","parsed_unit_token","depth_source","depth_repair_method","n_db_contrib","db_contrib","vocab_flags","entity_name","lat_dd_north","lon_dd_east","elev_m","hemisphere","country_entity","location_desc","depo_context","cluster_id","pubtypeid","year","citation","articletitle","journal","volume","issue","pages","citationnumber","doi","booktitle","numvolumes","edition","volumetitle","seriestitle","seriesvolume","publisher","url_pub","city","state","country","originallanguage","notes_pub","pub_source","cluster_id_contact","contactname","contactstatusid","familyname","leadinginitials","givennames","suffix","title","phone","fax","email","url","address","notes","contact_source","cluster_id_geo","db_geo","source_entity","date_id","depth_cm_geo","depth_orig_geo","depth_unit_geo","thick_cm_geo","date_type","material","age_14C","error","cal_age_geo","cal_curve","lab_number","included","exclude_reason","notes_geo","datasetname","controlled_units","controlled_element","X","X.1","X.2","age_geo","chroncontrol_limityounger","chroncontrol_limitolder","chroncontrol_age","chroncontrol_depth","chroncontrol_thickness","chroncontrol_comments","chronology_notes_full","controlled_dep","neotoma_geochrontype","neotoma_chroncontroltypes","ageboundyounger","ageboundolder","agetype","datasettype","datasetnotes_full","samplenotes_full"
"631",0,"charcoal | >355um num",7,7.5,8,1,-15,NA,NA,"RPDv1b","Charcoal (sum)","(additional options)",355,NA,"False","True","number","Macroscopic charcoal (sieved)","direct",NA,"CHAR",0,NA,NA,"quant_raw",2,"volume","cm^3","RPDv1b",1390,"charcoal","count","macrochar","wet_sieve","particle",">355um num",NA,">355um","num","RPDv1b","measured",1,"RPDv1b",NA,"MOS-L1",51.985694,-75.38544,300,"north",NA,NA,"sedswamp",631,0,2012,"van Bellen, S., Garneau, M., Ali, A.A., Bergeron, Y., 2012. Did fires drive Holocene carbon sequestration in boreal ombrotrophic peatlands of eastern Canada? Quaternary Research 78, 50–59.","Did fires drive Holocene carbon sequestration in boreal ombrotrophic peatlands of eastern Canada? Quaternary Research 78, 50-59.",NA,NA,NA,NA,NA,"10.1016/j.yqres.2012.03.009",NA,NA,NA,NA,NA,NA,NA,NA,NA,NA,NA,NA,NA,"RPDv1b:1390",631,"Bellen, S.",1,"Bellen","S.",NA,NA,NA,NA,NA,NA,NA,NA,NA,"RPDv1b:1390",631,"RPDv1b",1390,9853,55.5,0.555,"m",0.01,"AMS","charcoal",190,15,NA,NA,"UCIAMS-65378",TRUE,NA,"NA Date is in uncalibrated radiocarbon years.","MOS-L1_SIEVED","counted","355-NaN",NA,NA,"",190,175,205,190,55.5,0.01,"NA Date is in uncalibrated radiocarbon years.",". Cal curve: NA. Source DB: RPDv1b","Swamp","Carbon-14","Radiocarbon",-15,7351,"Calibrated radiocarbon years BP","sedimentary charcoal","Data Sourcing: RPDv1b #charcoal_recommendedformat","Sample Age Source: RPDv1b"
"631",1,"charcoal | >355um num",8,8.5,9,1,-9,NA,NA,"RPDv1b","Charcoal (sum)","(additional options)",355,NA,"False","True","number","Macroscopic charcoal (sieved)","direct",NA,"CHAR",0,NA,NA,"quant_raw",2,"volume","cm^3","RPDv1b",1390,"charcoal","count","macrochar","wet_sieve","particle",">355um num",NA,">355um","num","RPDv1b","measured",1,"RPDv1b",NA,"MOS-L1",51.985694,-75.38544,300,"north",NA,NA,"sedswamp",631,0,2012,"van Bellen, S., Garneau, M., Ali, A.A., Bergeron, Y., 2012. Did fires drive Holocene carbon sequestration in boreal ombrotrophic peatlands of eastern Canada? Quaternary Research 78, 50–59.","Did fires drive Holocene carbon sequestration in boreal ombrotrophic peatlands of eastern Canada? Quaternary Research 78, 50-59.",NA,NA,NA,NA,NA,"10.1016/j.yqres.2012.03.009",NA,NA,NA,NA,NA,NA,NA,NA,NA,NA,NA,NA,NA,"RPDv1b:1390",631,"Bellen, S.",1,"Bellen","S.",NA,NA,NA,NA,NA,NA,NA,NA,NA,"RPDv1b:1390",631,"RPDv1b",1390,9853,55.5,0.555,"m",0.01,"AMS","charcoal",190,15,NA,NA,"UCIAMS-65378",TRUE,NA,"NA Date is in uncalibrated radiocarbon years.","MOS-L1_SIEVED","counted","355-NaN",NA,NA,"",190,175,205,190,55.5,0.01,"NA Date is in uncalibrated radiocarbon years.",". Cal curve: NA. Source DB: RPDv1b","Swamp","Carbon-14","Radiocarbon",-15,7351,"Calibrated radiocarbon years BP","sedimentary charcoal","Data Sourcing: RPDv1b #charcoal_recommendedformat","Sample Age Source: RPDv1b"
"631",2,"charcoal | >355um num",9,9.5,10,1,-4,NA,NA,"RPDv1b","Charcoal (sum)","(additional options)",355,NA,"False","True","number","Macroscopic charcoal (sieved)","direct",NA,"CHAR",0,NA,NA,"quant_raw",2,"volume","cm^3","RPDv1b",1390,"charcoal","count","macrochar","wet_sieve","particle",">355um num",NA,">355um","num","RPDv1b","measured",1,"RPDv1b",NA,"MOS-L1",51.985694,-75.38544,300,"north",NA,NA,"sedswamp",631,0,2012,"van Bellen, S., Garneau, M., Ali, A.A., Bergeron, Y., 2012. Did fires drive Holocene carbon sequestration in boreal ombrotrophic peatlands of eastern Canada? Quaternary Research 78, 50–59.","Did fires drive Holocene carbon sequestration in boreal ombrotrophic peatlands of eastern Canada? Quaternary Research 78, 50-59.",NA,NA,NA,NA,NA,"10.1016/j.yqres.2012.03.009",NA,NA,NA,NA,NA,NA,NA,NA,NA,NA,NA,NA,NA,"RPDv1b:1390",631,"Bellen, S.",1,"Bellen","S.",NA,NA,NA,NA,NA,NA,NA,NA,NA,"RPDv1b:1390",631,"RPDv1b",1390,9853,55.5,0.555,"m",0.01,"AMS","charcoal",190,15,NA,NA,"UCIAMS-65378",TRUE,NA,"NA Date is in uncalibrated radiocarbon years.","MOS-L1_SIEVED","counted","355-NaN",NA,NA,"",190,175,205,190,55.5,0.01,"NA Date is in uncalibrated radiocarbon years.",". Cal curve: NA. Source DB: RPDv1b","Swamp","Carbon-14","Radiocarbon",-15,7351,"Calibrated radiocarbon years BP","sedimentary charcoal","Data Sourcing: RPDv1b #charcoal_recommendedformat","Sample Age Source: RPDv1b"
"631",3,"charcoal | >355um num",10,10.5,11,1,1,NA,NA,"RPDv1b","Charcoal (sum)","(additional options)",355,NA,"False","True","number","Macroscopic charcoal (sieved)","direct",NA,"CHAR",0,NA,NA,"quant_raw",2,"volume","cm^3","RPDv1b",1390,"charcoal","count","macrochar","wet_sieve","particle",">355um num",NA,">355um","num","RPDv1b","measured",1,"RPDv1b",NA,"MOS-L1",51.985694,-75.38544,300,"north",NA,NA,"sedswamp",631,0,2012,"van Bellen, S., Garneau, M., Ali, A.A., Bergeron, Y., 2012. Did fires drive Holocene carbon sequestration in boreal ombrotrophic peatlands of eastern Canada? Quaternary Research 78, 50–59.","Did fires drive Holocene carbon sequestration in boreal ombrotrophic peatlands of eastern Canada? Quaternary Research 78, 50-59.",NA,NA,NA,NA,NA,"10.1016/j.yqres.2012.03.009",NA,NA,NA,NA,NA,NA,NA,NA,NA,NA,NA,NA,NA,"RPDv1b:1390",631,"Bellen, S.",1,"Bellen","S.",NA,NA,NA,NA,NA,NA,NA,NA,NA,"RPDv1b:1390",631,"RPDv1b",1390,9853,55.5,0.555,"m",0.01,"AMS","charcoal",190,15,NA,NA,"UCIAMS-65378",TRUE,NA,"NA Date is in uncalibrated radiocarbon years.","MOS-L1_SIEVED","counted","355-NaN",NA,NA,"",190,175,205,190,55.5,0.01,"NA Date is in uncalibrated radiocarbon years.",". Cal curve: NA. Source DB: RPDv1b","Swamp","Carbon-14","Radiocarbon",-15,7351,"Calibrated radiocarbon years BP","sedimentary charcoal","Data Sourcing: RPDv1b #charcoal_recommendedformat","Sample Age Source: RPDv1b"
"631",4,"charcoal | >355um num",11,11.5,12,1,6,NA,NA,"RPDv1b","Charcoal (sum)","(additional options)",355,NA,"False","True","number","Macroscopic charcoal (sieved)","direct",NA,"CHAR",1,NA,NA,"quant_raw",2,"volume","cm^3","RPDv1b",1390,"charcoal","count","macrochar","wet_sieve","particle",">355um num",NA,">355um","num","RPDv1b","measured",1,"RPDv1b",NA,"MOS-L1",51.985694,-75.38544,300,"north",NA,NA,"sedswamp",631,0,2012,"van Bellen, S., Garneau, M., Ali, A.A., Bergeron, Y., 2012. Did fires drive Holocene carbon sequestration in boreal ombrotrophic peatlands of eastern Canada? Quaternary Research 78, 50–59.","Did fires drive Holocene carbon sequestration in boreal ombrotrophic peatlands of eastern Canada? Quaternary Research 78, 50-59.",NA,NA,NA,NA,NA,"10.1016/j.yqres.2012.03.009",NA,NA,NA,NA,NA,NA,NA,NA,NA,NA,NA,NA,NA,"RPDv1b:1390",631,"Bellen, S.",1,"Bellen","S.",NA,NA,NA,NA,NA,NA,NA,NA,NA,"RPDv1b:1390",631,"RPDv1b",1390,9853,55.5,0.555,"m",0.01,"AMS","charcoal",190,15,NA,NA,"UCIAMS-65378",TRUE,NA,"NA Date is in uncalibrated radiocarbon years.","MOS-L1_SIEVED","counted","355-NaN",NA,NA,"",190,175,205,190,55.5,0.01,"NA Date is in uncalibrated radiocarbon years.",". Cal curve: NA. Source DB: RPDv1b","Swamp","Carbon-14","Radiocarbon",-15,7351,"Calibrated radiocarbon years BP","sedimentary charcoal","Data Sourcing: RPDv1b #charcoal_recommendedformat","Sample Age Source: RPDv1b"
"631",5,"charcoal | >355um num",12,12.5,13,1,11,NA,NA,"RPDv1b","Charcoal (sum)","(additional options)",355,NA,"False","True","number","Macroscopic charcoal (sieved)","direct",NA,"CHAR",1,NA,NA,"quant_raw",2,"volume","cm^3","RPDv1b",1390,"charcoal","count","macrochar","wet_sieve","particle",">355um num",NA,">355um","num","RPDv1b","measured",1,"RPDv1b",NA,"MOS-L1",51.985694,-75.38544,300,"north",NA,NA,"sedswamp",631,0,2012,"van Bellen, S., Garneau, M., Ali, A.A., Bergeron, Y., 2012. Did fires drive Holocene carbon sequestration in boreal ombrotrophic peatlands of eastern Canada? Quaternary Research 78, 50–59.","Did fires drive Holocene carbon sequestration in boreal ombrotrophic peatlands of eastern Canada? Quaternary Research 78, 50-59.",NA,NA,NA,NA,NA,"10.1016/j.yqres.2012.03.009",NA,NA,NA,NA,NA,NA,NA,NA,NA,NA,NA,NA,NA,"RPDv1b:1390",631,"Bellen, S.",1,"Bellen","S.",NA,NA,NA,NA,NA,NA,NA,NA,NA,"RPDv1b:1390",631,"RPDv1b",1390,9853,55.5,0.555,"m",0.01,"AMS","charcoal",190,15,NA,NA,"UCIAMS-65378",TRUE,NA,"NA Date is in uncalibrated radiocarbon years.","MOS-L1_SIEVED","counted","355-NaN",NA,NA,"",190,175,205,190,55.5,0.01,"NA Date is in uncalibrated radiocarbon years.",". Cal curve: NA. Source DB: RPDv1b","Swamp","Carbon-14","Radiocarbon",-15,7351,"Calibrated radiocarbon years BP","sedimentary charcoal","Data Sourcing: RPDv1b #charcoal_recommendedformat","Sample Age Source: RPDv1b"
"631",6,"charcoal | >355um num",13,13.5,14,1,16,NA,NA,"RPDv1b","Charcoal (sum)","(additional options)",355,NA,"False","True","number","Macroscopic charcoal (sieved)","direct",NA,"CHAR",0,NA,NA,"quant_raw",2,"volume","cm^3","RPDv1b",1390,"charcoal","count","macrochar","wet_sieve","particle",">355um num",NA,">355um","num","RPDv1b","measured",1,"RPDv1b",NA,"MOS-L1",51.985694,-75.38544,300,"north",NA,NA,"sedswamp",631,0,2012,"van Bellen, S., Garneau, M., Ali, A.A., Bergeron, Y., 2012. Did fires drive Holocene carbon sequestration in boreal ombrotrophic peatlands of eastern Canada? Quaternary Research 78, 50–59.","Did fires drive Holocene carbon sequestration in boreal ombrotrophic peatlands of eastern Canada? Quaternary Research 78, 50-59.",NA,NA,NA,NA,NA,"10.1016/j.yqres.2012.03.009",NA,NA,NA,NA,NA,NA,NA,NA,NA,NA,NA,NA,NA,"RPDv1b:1390",631,"Bellen, S.",1,"Bellen","S.",NA,NA,NA,NA,NA,NA,NA,NA,NA,"RPDv1b:1390",631,"RPDv1b",1390,9853,55.5,0.555,"m",0.01,"AMS","charcoal",190,15,NA,NA,"UCIAMS-65378",TRUE,NA,"NA Date is in uncalibrated radiocarbon years.","MOS-L1_SIEVED","counted","355-NaN",NA,NA,"",190,175,205,190,55.5,0.01,"NA Date is in uncalibrated radiocarbon years.",". Cal curve: NA. Source DB: RPDv1b","Swamp","Carbon-14","Radiocarbon",-15,7351,"Calibrated radiocarbon years BP","sedimentary charcoal","Data Sourcing: RPDv1b #charcoal_recommendedformat","Sample Age Source: RPDv1b"
"631",7,"charcoal | >355um num",14,14.5,15,1,21,NA,NA,"RPDv1b","Charcoal (sum)","(additional options)",355,NA,"False","True","number","Macroscopic charcoal (sieved)","direct",NA,"CHAR",0,NA,NA,"quant_raw",2,"volume","cm^3","RPDv1b",1390,"charcoal","count","macrochar","wet_sieve","particle",">355um num",NA,">355um","num","RPDv1b","measured",1,"RPDv1b",NA,"MOS-L1",51.985694,-75.38544,300,"north",NA,NA,"sedswamp",631,0,2012,"van Bellen, S., Garneau, M., Ali, A.A., Bergeron, Y., 2012. Did fires drive Holocene carbon sequestration in boreal ombrotrophic peatlands of eastern Canada? Quaternary Research 78, 50–59.","Did fires drive Holocene carbon sequestration in boreal ombrotrophic peatlands of eastern Canada? Quaternary Research 78, 50-59.",NA,NA,NA,NA,NA,"10.1016/j.yqres.2012.03.009",NA,NA,NA,NA,NA,NA,NA,NA,NA,NA,NA,NA,NA,"RPDv1b:1390",631,"Bellen, S.",1,"Bellen","S.",NA,NA,NA,NA,NA,NA,NA,NA,NA,"RPDv1b:1390",631,"RPDv1b",1390,9853,55.5,0.555,"m",0.01,"AMS","charcoal",190,15,NA,NA,"UCIAMS-65378",TRUE,NA,"NA Date is in uncalibrated radiocarbon years.","MOS-L1_SIEVED","counted","355-NaN",NA,NA,"",190,175,205,190,55.5,0.01,"NA Date is in uncalibrated radiocarbon years.",". Cal curve: NA. Source DB: RPDv1b","Swamp","Carbon-14","Radiocarbon",-15,7351,"Calibrated radiocarbon years BP","sedimentary charcoal","Data Sourcing: RPDv1b #charcoal_recommendedformat","Sample Age Source: RPDv1b"
"631",8,"charcoal | >355um num",15,15.5,16,1,26,NA,NA,"RPDv1b","Charcoal (sum)","(additional options)",355,NA,"False","True","number","Macroscopic charcoal (sieved)","direct",NA,"CHAR",0,NA,NA,"quant_raw",2,"volume","cm^3","RPDv1b",1390,"charcoal","count","macrochar","wet_sieve","particle",">355um num",NA,">355um","num","RPDv1b","measured",1,"RPDv1b",NA,"MOS-L1",51.985694,-75.38544,300,"north",NA,NA,"sedswamp",631,0,2012,"van Bellen, S., Garneau, M., Ali, A.A., Bergeron, Y., 2012. Did fires drive Holocene carbon sequestration in boreal ombrotrophic peatlands of eastern Canada? Quaternary Research 78, 50–59.","Did fires drive Holocene carbon sequestration in boreal ombrotrophic peatlands of eastern Canada? Quaternary Research 78, 50-59.",NA,NA,NA,NA,NA,"10.1016/j.yqres.2012.03.009",NA,NA,NA,NA,NA,NA,NA,NA,NA,NA,NA,NA,NA,"RPDv1b:1390",631,"Bellen, S.",1,"Bellen","S.",NA,NA,NA,NA,NA,NA,NA,NA,NA,"RPDv1b:1390",631,"RPDv1b",1390,9853,55.5,0.555,"m",0.01,"AMS","charcoal",190,15,NA,NA,"UCIAMS-65378",TRUE,NA,"NA Date is in uncalibrated radiocarbon years.","MOS-L1_SIEVED","counted","355-NaN",NA,NA,"",190,175,205,190,55.5,0.01,"NA Date is in uncalibrated radiocarbon years.",". Cal curve: NA. Source DB: RPDv1b","Swamp","Carbon-14","Radiocarbon",-15,7351,"Calibrated radiocarbon years BP","sedimentary charcoal","Data Sourcing: RPDv1b #charcoal_recommendedformat","Sample Age Source: RPDv1b"
"631",9,"charcoal | >355um num",16,16.5,17,1,30,NA,NA,"RPDv1b","Charcoal (sum)","(additional options)",355,NA,"False","True","number","Macroscopic charcoal (sieved)","direct",NA,"CHAR",0,NA,NA,"quant_raw",2,"volume","cm^3","RPDv1b",1390,"charcoal","count","macrochar","wet_sieve","particle",">355um num",NA,">355um","num","RPDv1b","measured",1,"RPDv1b",NA,"MOS-L1",51.985694,-75.38544,300,"north",NA,NA,"sedswamp",631,0,2012,"van Bellen, S., Garneau, M., Ali, A.A., Bergeron, Y., 2012. Did fires drive Holocene carbon sequestration in boreal ombrotrophic peatlands of eastern Canada? Quaternary Research 78, 50–59.","Did fires drive Holocene carbon sequestration in boreal ombrotrophic peatlands of eastern Canada? Quaternary Research 78, 50-59.",NA,NA,NA,NA,NA,"10.1016/j.yqres.2012.03.009",NA,NA,NA,NA,NA,NA,NA,NA,NA,NA,NA,NA,NA,"RPDv1b:1390",631,"Bellen, S.",1,"Bellen","S.",NA,NA,NA,NA,NA,NA,NA,NA,NA,"RPDv1b:1390",631,"RPDv1b",1390,9853,55.5,0.555,"m",0.01,"AMS","charcoal",190,15,NA,NA,"UCIAMS-65378",TRUE,NA,"NA Date is in uncalibrated radiocarbon years.","MOS-L1_SIEVED","counted","355-NaN",NA,NA,"",190,175,205,190,55.5,0.01,"NA Date is in uncalibrated radiocarbon years.",". Cal curve: NA. Source DB: RPDv1b","Swamp","Carbon-14","Radiocarbon",-15,7351,"Calibrated radiocarbon years BP","sedimentary charcoal","Data Sourcing: RPDv1b #charcoal_recommendedformat","Sample Age Source: RPDv1b"
"631",10,"charcoal | >355um num",17,17.5,18,1,35,NA,NA,"RPDv1b","Charcoal (sum)","(additional options)",355,NA,"False","True","number","Macroscopic charcoal (sieved)","direct",NA,"CHAR",1,NA,NA,"quant_raw",2,"volume","cm^3","RPDv1b",1390,"charcoal","count","macrochar","wet_sieve","particle",">355um num",NA,">355um","num","RPDv1b","measured",1,"RPDv1b",NA,"MOS-L1",51.985694,-75.38544,300,"north",NA,NA,"sedswamp",631,0,2012,"van Bellen, S., Garneau, M., Ali, A.A., Bergeron, Y., 2012. Did fires drive Holocene carbon sequestration in boreal ombrotrophic peatlands of eastern Canada? Quaternary Research 78, 50–59.","Did fires drive Holocene carbon sequestration in boreal ombrotrophic peatlands of eastern Canada? Quaternary Research 78, 50-59.",NA,NA,NA,NA,NA,"10.1016/j.yqres.2012.03.009",NA,NA,NA,NA,NA,NA,NA,NA,NA,NA,NA,NA,NA,"RPDv1b:1390",631,"Bellen, S.",1,"Bellen","S.",NA,NA,NA,NA,NA,NA,NA,NA,NA,"RPDv1b:1390",631,"RPDv1b",1390,9853,55.5,0.555,"m",0.01,"AMS","charcoal",190,15,NA,NA,"UCIAMS-65378",TRUE,NA,"NA Date is in uncalibrated radiocarbon years.","MOS-L1_SIEVED","counted","355-NaN",NA,NA,"",190,175,205,190,55.5,0.01,"NA Date is in uncalibrated radiocarbon years.",". Cal curve: NA. Source DB: RPDv1b","Swamp","Carbon-14","Radiocarbon",-15,7351,"Calibrated radiocarbon years BP","sedimentary charcoal","Data Sourcing: RPDv1b #charcoal_recommendedformat","Sample Age Source: RPDv1b"
"631",11,"charcoal | >355um num",18,18.5,19,1,40,NA,NA,"RPDv1b","Charcoal (sum)","(additional options)",355,NA,"False","True","number","Macroscopic charcoal (sieved)","direct",NA,"CHAR",0,NA,NA,"quant_raw",2,"volume","cm^3","RPDv1b",1390,"charcoal","count","macrochar","wet_sieve","particle",">355um num",NA,">355um","num","RPDv1b","measured",1,"RPDv1b",NA,"MOS-L1",51.985694,-75.38544,300,"north",NA,NA,"sedswamp",631,0,2012,"van Bellen, S., Garneau, M., Ali, A.A., Bergeron, Y., 2012. Did fires drive Holocene carbon sequestration in boreal ombrotrophic peatlands of eastern Canada? Quaternary Research 78, 50–59.","Did fires drive Holocene carbon sequestration in boreal ombrotrophic peatlands of eastern Canada? Quaternary Research 78, 50-59.",NA,NA,NA,NA,NA,"10.1016/j.yqres.2012.03.009",NA,NA,NA,NA,NA,NA,NA,NA,NA,NA,NA,NA,NA,"RPDv1b:1390",631,"Bellen, S.",1,"Bellen","S.",NA,NA,NA,NA,NA,NA,NA,NA,NA,"RPDv1b:1390",631,"RPDv1b",1390,9853,55.5,0.555,"m",0.01,"AMS","charcoal",190,15,NA,NA,"UCIAMS-65378",TRUE,NA,"NA Date is in uncalibrated radiocarbon years.","MOS-L1_SIEVED","counted","355-NaN",NA,NA,"",190,175,205,190,55.5,0.01,"NA Date is in uncalibrated radiocarbon years.",". Cal curve: NA. Source DB: RPDv1b","Swamp","Carbon-14","Radiocarbon",-15,7351,"Calibrated radiocarbon years BP","sedimentary charcoal","Data Sourcing: RPDv1b #charcoal_recommendedformat","Sample Age Source: RPDv1b"
"631",12,"charcoal | >355um num",19,19.5,20,1,44,NA,NA,"RPDv1b","Charcoal (sum)","(additional options)",355,NA,"False","True","number","Macroscopic charcoal (sieved)","direct",NA,"CHAR",2,NA,NA,"quant_raw",2,"volume","cm^3","RPDv1b",1390,"charcoal","count","macrochar","wet_sieve","particle",">355um num",NA,">355um","num","RPDv1b","measured",1,"RPDv1b",NA,"MOS-L1",51.985694,-75.38544,300,"north",NA,NA,"sedswamp",631,0,2012,"van Bellen, S., Garneau, M., Ali, A.A., Bergeron, Y., 2012. Did fires drive Holocene carbon sequestration in boreal ombrotrophic peatlands of eastern Canada? Quaternary Research 78, 50–59.","Did fires drive Holocene carbon sequestration in boreal ombrotrophic peatlands of eastern Canada? Quaternary Research 78, 50-59.",NA,NA,NA,NA,NA,"10.1016/j.yqres.2012.03.009",NA,NA,NA,NA,NA,NA,NA,NA,NA,NA,NA,NA,NA,"RPDv1b:1390",631,"Bellen, S.",1,"Bellen","S.",NA,NA,NA,NA,NA,NA,NA,NA,NA,"RPDv1b:1390",631,"RPDv1b",1390,9853,55.5,0.555,"m",0.01,"AMS","charcoal",190,15,NA,NA,"UCIAMS-65378",TRUE,NA,"NA Date is in uncalibrated radiocarbon years.","MOS-L1_SIEVED","counted","355-NaN",NA,NA,"",190,175,205,190,55.5,0.01,"NA Date is in uncalibrated radiocarbon years.",". Cal curve: NA. Source DB: RPDv1b","Swamp","Carbon-14","Radiocarbon",-15,7351,"Calibrated radiocarbon years BP","sedimentary charcoal","Data Sourcing: RPDv1b #charcoal_recommendedformat","Sample Age Source: RPDv1b"
"631",13,"charcoal | >355um num",20,20.5,21,1,49,NA,NA,"RPDv1b","Charcoal (sum)","(additional options)",355,NA,"False","True","number","Macroscopic charcoal (sieved)","direct",NA,"CHAR",0,NA,NA,"quant_raw",2,"volume","cm^3","RPDv1b",1390,"charcoal","count","macrochar","wet_sieve","particle",">355um num",NA,">355um","num","RPDv1b","measured",1,"RPDv1b",NA,"MOS-L1",51.985694,-75.38544,300,"north",NA,NA,"sedswamp",631,0,2012,"van Bellen, S., Garneau, M., Ali, A.A., Bergeron, Y., 2012. Did fires drive Holocene carbon sequestration in boreal ombrotrophic peatlands of eastern Canada? Quaternary Research 78, 50–59.","Did fires drive Holocene carbon sequestration in boreal ombrotrophic peatlands of eastern Canada? Quaternary Research 78, 50-59.",NA,NA,NA,NA,NA,"10.1016/j.yqres.2012.03.009",NA,NA,NA,NA,NA,NA,NA,NA,NA,NA,NA,NA,NA,"RPDv1b:1390",631,"Bellen, S.",1,"Bellen","S.",NA,NA,NA,NA,NA,NA,NA,NA,NA,"RPDv1b:1390",631,"RPDv1b",1390,9853,55.5,0.555,"m",0.01,"AMS","charcoal",190,15,NA,NA,"UCIAMS-65378",TRUE,NA,"NA Date is in uncalibrated radiocarbon years.","MOS-L1_SIEVED","counted","355-NaN",NA,NA,"",190,175,205,190,55.5,0.01,"NA Date is in uncalibrated radiocarbon years.",". Cal curve: NA. Source DB: RPDv1b","Swamp","Carbon-14","Radiocarbon",-15,7351,"Calibrated radiocarbon years BP","sedimentary charcoal","Data Sourcing: RPDv1b #charcoal_recommendedformat","Sample Age Source: RPDv1b"
"631",14,"charcoal | >355um num",21,21.5,22,1,53,NA,NA,"RPDv1b","Charcoal (sum)","(additional options)",355,NA,"False","True","number","Macroscopic charcoal (sieved)","direct",NA,"CHAR",0,NA,NA,"quant_raw",2,"volume","cm^3","RPDv1b",1390,"charcoal","count","macrochar","wet_sieve","particle",">355um num",NA,">355um","num","RPDv1b","measured",1,"RPDv1b",NA,"MOS-L1",51.985694,-75.38544,300,"north",NA,NA,"sedswamp",631,0,2012,"van Bellen, S., Garneau, M., Ali, A.A., Bergeron, Y., 2012. Did fires drive Holocene carbon sequestration in boreal ombrotrophic peatlands of eastern Canada? Quaternary Research 78, 50–59.","Did fires drive Holocene carbon sequestration in boreal ombrotrophic peatlands of eastern Canada? Quaternary Research 78, 50-59.",NA,NA,NA,NA,NA,"10.1016/j.yqres.2012.03.009",NA,NA,NA,NA,NA,NA,NA,NA,NA,NA,NA,NA,NA,"RPDv1b:1390",631,"Bellen, S.",1,"Bellen","S.",NA,NA,NA,NA,NA,NA,NA,NA,NA,"RPDv1b:1390",631,"RPDv1b",1390,9853,55.5,0.555,"m",0.01,"AMS","charcoal",190,15,NA,NA,"UCIAMS-65378",TRUE,NA,"NA Date is in uncalibrated radiocarbon years.","MOS-L1_SIEVED","counted","355-NaN",NA,NA,"",190,175,205,190,55.5,0.01,"NA Date is in uncalibrated radiocarbon years.",". Cal curve: NA. Source DB: RPDv1b","Swamp","Carbon-14","Radiocarbon",-15,7351,"Calibrated radiocarbon years BP","sedimentary charcoal","Data Sourcing: RPDv1b #charcoal_recommendedformat","Sample Age Source: RPDv1b"
"631",15,"charcoal | >355um num",22,22.5,23,1,58,NA,NA,"RPDv1b","Charcoal (sum)","(additional options)",355,NA,"False","True","number","Macroscopic charcoal (sieved)","direct",NA,"CHAR",0,NA,NA,"quant_raw",2,"volume","cm^3","RPDv1b",1390,"charcoal","count","macrochar","wet_sieve","particle",">355um num",NA,">355um","num","RPDv1b","measured",1,"RPDv1b",NA,"MOS-L1",51.985694,-75.38544,300,"north",NA,NA,"sedswamp",631,0,2012,"van Bellen, S., Garneau, M., Ali, A.A., Bergeron, Y., 2012. Did fires drive Holocene carbon sequestration in boreal ombrotrophic peatlands of eastern Canada? Quaternary Research 78, 50–59.","Did fires drive Holocene carbon sequestration in boreal ombrotrophic peatlands of eastern Canada? Quaternary Research 78, 50-59.",NA,NA,NA,NA,NA,"10.1016/j.yqres.2012.03.009",NA,NA,NA,NA,NA,NA,NA,NA,NA,NA,NA,NA,NA,"RPDv1b:1390",631,"Bellen, S.",1,"Bellen","S.",NA,NA,NA,NA,NA,NA,NA,NA,NA,"RPDv1b:1390",631,"RPDv1b",1390,9853,55.5,0.555,"m",0.01,"AMS","charcoal",190,15,NA,NA,"UCIAMS-65378",TRUE,NA,"NA Date is in uncalibrated radiocarbon years.","MOS-L1_SIEVED","counted","355-NaN",NA,NA,"",190,175,205,190,55.5,0.01,"NA Date is in uncalibrated radiocarbon years.",". Cal curve: NA. Source DB: RPDv1b","Swamp","Carbon-14","Radiocarbon",-15,7351,"Calibrated radiocarbon years BP","sedimentary charcoal","Data Sourcing: RPDv1b #charcoal_recommendedformat","Sample Age Source: RPDv1b"
"631",16,"charcoal | >355um num",23,23.5,24,1,62,NA,NA,"RPDv1b","Charcoal (sum)","(additional options)",355,NA,"False","True","number","Macroscopic charcoal (sieved)","direct",NA,"CHAR",0,NA,NA,"quant_raw",2,"volume","cm^3","RPDv1b",1390,"charcoal","count","macrochar","wet_sieve","particle",">355um num",NA,">355um","num","RPDv1b","measured",1,"RPDv1b",NA,"MOS-L1",51.985694,-75.38544,300,"north",NA,NA,"sedswamp",631,0,2012,"van Bellen, S., Garneau, M., Ali, A.A., Bergeron, Y., 2012. Did fires drive Holocene carbon sequestration in boreal ombrotrophic peatlands of eastern Canada? Quaternary Research 78, 50–59.","Did fires drive Holocene carbon sequestration in boreal ombrotrophic peatlands of eastern Canada? Quaternary Research 78, 50-59.",NA,NA,NA,NA,NA,"10.1016/j.yqres.2012.03.009",NA,NA,NA,NA,NA,NA,NA,NA,NA,NA,NA,NA,NA,"RPDv1b:1390",631,"Bellen, S.",1,"Bellen","S.",NA,NA,NA,NA,NA,NA,NA,NA,NA,"RPDv1b:1390",631,"RPDv1b",1390,9853,55.5,0.555,"m",0.01,"AMS","charcoal",190,15,NA,NA,"UCIAMS-65378",TRUE,NA,"NA Date is in uncalibrated radiocarbon years.","MOS-L1_SIEVED","counted","355-NaN",NA,NA,"",190,175,205,190,55.5,0.01,"NA Date is in uncalibrated radiocarbon years.",". Cal curve: NA. Source DB: RPDv1b","Swamp","Carbon-14","Radiocarbon",-15,7351,"Calibrated radiocarbon years BP","sedimentary charcoal","Data Sourcing: RPDv1b #charcoal_recommendedformat","Sample Age Source: RPDv1b"
"631",17,"charcoal | >355um num",24,24.5,25,1,67,NA,NA,"RPDv1b","Charcoal (sum)","(additional options)",355,NA,"False","True","number","Macroscopic charcoal (sieved)","direct",NA,"CHAR",1,NA,NA,"quant_raw",2,"volume","cm^3","RPDv1b",1390,"charcoal","count","macrochar","wet_sieve","particle",">355um num",NA,">355um","num","RPDv1b","measured",1,"RPDv1b",NA,"MOS-L1",51.985694,-75.38544,300,"north",NA,NA,"sedswamp",631,0,2012,"van Bellen, S., Garneau, M., Ali, A.A., Bergeron, Y., 2012. Did fires drive Holocene carbon sequestration in boreal ombrotrophic peatlands of eastern Canada? Quaternary Research 78, 50–59.","Did fires drive Holocene carbon sequestration in boreal ombrotrophic peatlands of eastern Canada? Quaternary Research 78, 50-59.",NA,NA,NA,NA,NA,"10.1016/j.yqres.2012.03.009",NA,NA,NA,NA,NA,NA,NA,NA,NA,NA,NA,NA,NA,"RPDv1b:1390",631,"Bellen, S.",1,"Bellen","S.",NA,NA,NA,NA,NA,NA,NA,NA,NA,"RPDv1b:1390",631,"RPDv1b",1390,9853,55.5,0.555,"m",0.01,"AMS","charcoal",190,15,NA,NA,"UCIAMS-65378",TRUE,NA,"NA Date is in uncalibrated radiocarbon years.","MOS-L1_SIEVED","counted","355-NaN",NA,NA,"",190,175,205,190,55.5,0.01,"NA Date is in uncalibrated radiocarbon years.",". Cal curve: NA. Source DB: RPDv1b","Swamp","Carbon-14","Radiocarbon",-15,7351,"Calibrated radiocarbon years BP","sedimentary charcoal","Data Sourcing: RPDv1b #charcoal_recommendedformat","Sample Age Source: RPDv1b"
"631",18,"charcoal | >355um num",25,25.5,26,1,72,NA,NA,"RPDv1b","Charcoal (sum)","(additional options)",355,NA,"False","True","number","Macroscopic charcoal (sieved)","direct",NA,"CHAR",0,NA,NA,"quant_raw",2,"volume","cm^3","RPDv1b",1390,"charcoal","count","macrochar","wet_sieve","particle",">355um num",NA,">355um","num","RPDv1b","measured",1,"RPDv1b",NA,"MOS-L1",51.985694,-75.38544,300,"north",NA,NA,"sedswamp",631,0,2012,"van Bellen, S., Garneau, M., Ali, A.A., Bergeron, Y., 2012. Did fires drive Holocene carbon sequestration in boreal ombrotrophic peatlands of eastern Canada? Quaternary Research 78, 50–59.","Did fires drive Holocene carbon sequestration in boreal ombrotrophic peatlands of eastern Canada? Quaternary Research 78, 50-59.",NA,NA,NA,NA,NA,"10.1016/j.yqres.2012.03.009",NA,NA,NA,NA,NA,NA,NA,NA,NA,NA,NA,NA,NA,"RPDv1b:1390",631,"Bellen, S.",1,"Bellen","S.",NA,NA,NA,NA,NA,NA,NA,NA,NA,"RPDv1b:1390",631,"RPDv1b",1390,9853,55.5,0.555,"m",0.01,"AMS","charcoal",190,15,NA,NA,"UCIAMS-65378",TRUE,NA,"NA Date is in uncalibrated radiocarbon years.","MOS-L1_SIEVED","counted","355-NaN",NA,NA,"",190,175,205,190,55.5,0.01,"NA Date is in uncalibrated radiocarbon years.",". Cal curve: NA. Source DB: RPDv1b","Swamp","Carbon-14","Radiocarbon",-15,7351,"Calibrated radiocarbon years BP","sedimentary charcoal","Data Sourcing: RPDv1b #charcoal_recommendedformat","Sample Age Source: RPDv1b"
"631",19,"charcoal | >355um num",26,26.5,27,1,76,NA,NA,"RPDv1b","Charcoal (sum)","(additional options)",355,NA,"False","True","number","Macroscopic charcoal (sieved)","direct",NA,"CHAR",0,NA,NA,"quant_raw",2,"volume","cm^3","RPDv1b",1390,"charcoal","count","macrochar","wet_sieve","particle",">355um num",NA,">355um","num","RPDv1b","measured",1,"RPDv1b",NA,"MOS-L1",51.985694,-75.38544,300,"north",NA,NA,"sedswamp",631,0,2012,"van Bellen, S., Garneau, M., Ali, A.A., Bergeron, Y., 2012. Did fires drive Holocene carbon sequestration in boreal ombrotrophic peatlands of eastern Canada? Quaternary Research 78, 50–59.","Did fires drive Holocene carbon sequestration in boreal ombrotrophic peatlands of eastern Canada? Quaternary Research 78, 50-59.",NA,NA,NA,NA,NA,"10.1016/j.yqres.2012.03.009",NA,NA,NA,NA,NA,NA,NA,NA,NA,NA,NA,NA,NA,"RPDv1b:1390",631,"Bellen, S.",1,"Bellen","S.",NA,NA,NA,NA,NA,NA,NA,NA,NA,"RPDv1b:1390",631,"RPDv1b",1390,9853,55.5,0.555,"m",0.01,"AMS","charcoal",190,15,NA,NA,"UCIAMS-65378",TRUE,NA,"NA Date is in uncalibrated radiocarbon years.","MOS-L1_SIEVED","counted","355-NaN",NA,NA,"",190,175,205,190,55.5,0.01,"NA Date is in uncalibrated radiocarbon years.",". Cal curve: NA. Source DB: RPDv1b","Swamp","Carbon-14","Radiocarbon",-15,7351,"Calibrated radiocarbon years BP","sedimentary charcoal","Data Sourcing: RPDv1b #charcoal_recommendedformat","Sample Age Source: RPDv1b"
"631",20,"charcoal | >355um num",27,27.5,28,1,80,NA,NA,"RPDv1b","Charcoal (sum)","(additional options)",355,NA,"False","True","number","Macroscopic charcoal (sieved)","direct",NA,"CHAR",0,NA,NA,"quant_raw",2,"volume","cm^3","RPDv1b",1390,"charcoal","count","macrochar","wet_sieve","particle",">355um num",NA,">355um","num","RPDv1b","measured",1,"RPDv1b",NA,"MOS-L1",51.985694,-75.38544,300,"north",NA,NA,"sedswamp",631,0,2012,"van Bellen, S., Garneau, M., Ali, A.A., Bergeron, Y., 2012. Did fires drive Holocene carbon sequestration in boreal ombrotrophic peatlands of eastern Canada? Quaternary Research 78, 50–59.","Did fires drive Holocene carbon sequestration in boreal ombrotrophic peatlands of eastern Canada? Quaternary Research 78, 50-59.",NA,NA,NA,NA,NA,"10.1016/j.yqres.2012.03.009",NA,NA,NA,NA,NA,NA,NA,NA,NA,NA,NA,NA,NA,"RPDv1b:1390",631,"Bellen, S.",1,"Bellen","S.",NA,NA,NA,NA,NA,NA,NA,NA,NA,"RPDv1b:1390",631,"RPDv1b",1390,9853,55.5,0.555,"m",0.01,"AMS","charcoal",190,15,NA,NA,"UCIAMS-65378",TRUE,NA,"NA Date is in uncalibrated radiocarbon years.","MOS-L1_SIEVED","counted","355-NaN",NA,NA,"",190,175,205,190,55.5,0.01,"NA Date is in uncalibrated radiocarbon years.",". Cal curve: NA. Source DB: RPDv1b","Swamp","Carbon-14","Radiocarbon",-15,7351,"Calibrated radiocarbon years BP","sedimentary charcoal","Data Sourcing: RPDv1b #charcoal_recommendedformat","Sample Age Source: RPDv1b"
"631",21,"charcoal | >355um num",28,28.5,29,1,85,NA,NA,"RPDv1b","Charcoal (sum)","(additional options)",355,NA,"False","True","number","Macroscopic charcoal (sieved)","direct",NA,"CHAR",0,NA,NA,"quant_raw",2,"volume","cm^3","RPDv1b",1390,"charcoal","count","macrochar","wet_sieve","particle",">355um num",NA,">355um","num","RPDv1b","measured",1,"RPDv1b",NA,"MOS-L1",51.985694,-75.38544,300,"north",NA,NA,"sedswamp",631,0,2012,"van Bellen, S., Garneau, M., Ali, A.A., Bergeron, Y., 2012. Did fires drive Holocene carbon sequestration in boreal ombrotrophic peatlands of eastern Canada? Quaternary Research 78, 50–59.","Did fires drive Holocene carbon sequestration in boreal ombrotrophic peatlands of eastern Canada? Quaternary Research 78, 50-59.",NA,NA,NA,NA,NA,"10.1016/j.yqres.2012.03.009",NA,NA,NA,NA,NA,NA,NA,NA,NA,NA,NA,NA,NA,"RPDv1b:1390",631,"Bellen, S.",1,"Bellen","S.",NA,NA,NA,NA,NA,NA,NA,NA,NA,"RPDv1b:1390",631,"RPDv1b",1390,9853,55.5,0.555,"m",0.01,"AMS","charcoal",190,15,NA,NA,"UCIAMS-65378",TRUE,NA,"NA Date is in uncalibrated radiocarbon years.","MOS-L1_SIEVED","counted","355-NaN",NA,NA,"",190,175,205,190,55.5,0.01,"NA Date is in uncalibrated radiocarbon years.",". Cal curve: NA. Source DB: RPDv1b","Swamp","Carbon-14","Radiocarbon",-15,7351,"Calibrated radiocarbon years BP","sedimentary charcoal","Data Sourcing: RPDv1b #charcoal_recommendedformat","Sample Age Source: RPDv1b"
"631",22,"charcoal | >355um num",29,29.5,30,1,89,NA,NA,"RPDv1b","Charcoal (sum)","(additional options)",355,NA,"False","True","number","Macroscopic charcoal (sieved)","direct",NA,"CHAR",0,NA,NA,"quant_raw",2,"volume","cm^3","RPDv1b",1390,"charcoal","count","macrochar","wet_sieve","particle",">355um num",NA,">355um","num","RPDv1b","measured",1,"RPDv1b",NA,"MOS-L1",51.985694,-75.38544,300,"north",NA,NA,"sedswamp",631,0,2012,"van Bellen, S., Garneau, M., Ali, A.A., Bergeron, Y., 2012. Did fires drive Holocene carbon sequestration in boreal ombrotrophic peatlands of eastern Canada? Quaternary Research 78, 50–59.","Did fires drive Holocene carbon sequestration in boreal ombrotrophic peatlands of eastern Canada? Quaternary Research 78, 50-59.",NA,NA,NA,NA,NA,"10.1016/j.yqres.2012.03.009",NA,NA,NA,NA,NA,NA,NA,NA,NA,NA,NA,NA,NA,"RPDv1b:1390",631,"Bellen, S.",1,"Bellen","S.",NA,NA,NA,NA,NA,NA,NA,NA,NA,"RPDv1b:1390",631,"RPDv1b",1390,9853,55.5,0.555,"m",0.01,"AMS","charcoal",190,15,NA,NA,"UCIAMS-65378",TRUE,NA,"NA Date is in uncalibrated radiocarbon years.","MOS-L1_SIEVED","counted","355-NaN",NA,NA,"",190,175,205,190,55.5,0.01,"NA Date is in uncalibrated radiocarbon years.",". Cal curve: NA. Source DB: RPDv1b","Swamp","Carbon-14","Radiocarbon",-15,7351,"Calibrated radiocarbon years BP","sedimentary charcoal","Data Sourcing: RPDv1b #charcoal_recommendedformat","Sample Age Source: RPDv1b"
"631",23,"charcoal | >355um num",30,30.5,31,1,93,NA,NA,"RPDv1b","Charcoal (sum)","(additional options)",355,NA,"False","True","number","Macroscopic charcoal (sieved)","direct",NA,"CHAR",0,NA,NA,"quant_raw",2,"volume","cm^3","RPDv1b",1390,"charcoal","count","macrochar","wet_sieve","particle",">355um num",NA,">355um","num","RPDv1b","measured",1,"RPDv1b",NA,"MOS-L1",51.985694,-75.38544,300,"north",NA,NA,"sedswamp",631,0,2012,"van Bellen, S., Garneau, M., Ali, A.A., Bergeron, Y., 2012. Did fires drive Holocene carbon sequestration in boreal ombrotrophic peatlands of eastern Canada? Quaternary Research 78, 50–59.","Did fires drive Holocene carbon sequestration in boreal ombrotrophic peatlands of eastern Canada? Quaternary Research 78, 50-59.",NA,NA,NA,NA,NA,"10.1016/j.yqres.2012.03.009",NA,NA,NA,NA,NA,NA,NA,NA,NA,NA,NA,NA,NA,"RPDv1b:1390",631,"Bellen, S.",1,"Bellen","S.",NA,NA,NA,NA,NA,NA,NA,NA,NA,"RPDv1b:1390",631,"RPDv1b",1390,9853,55.5,0.555,"m",0.01,"AMS","charcoal",190,15,NA,NA,"UCIAMS-65378",TRUE,NA,"NA Date is in uncalibrated radiocarbon years.","MOS-L1_SIEVED","counted","355-NaN",NA,NA,"",190,175,205,190,55.5,0.01,"NA Date is in uncalibrated radiocarbon years.",". Cal curve: NA. Source DB: RPDv1b","Swamp","Carbon-14","Radiocarbon",-15,7351,"Calibrated radiocarbon years BP","sedimentary charcoal","Data Sourcing: RPDv1b #charcoal_recommendedformat","Sample Age Source: RPDv1b"
"631",24,"charcoal | >355um num",31,31.5,32,1,98,NA,NA,"RPDv1b","Charcoal (sum)","(additional options)",355,NA,"False","True","number","Macroscopic charcoal (sieved)","direct",NA,"CHAR",1,NA,NA,"quant_raw",2,"volume","cm^3","RPDv1b",1390,"charcoal","count","macrochar","wet_sieve","particle",">355um num",NA,">355um","num","RPDv1b","measured",1,"RPDv1b",NA,"MOS-L1",51.985694,-75.38544,300,"north",NA,NA,"sedswamp",631,0,2012,"van Bellen, S., Garneau, M., Ali, A.A., Bergeron, Y., 2012. Did fires drive Holocene carbon sequestration in boreal ombrotrophic peatlands of eastern Canada? Quaternary Research 78, 50–59.","Did fires drive Holocene carbon sequestration in boreal ombrotrophic peatlands of eastern Canada? Quaternary Research 78, 50-59.",NA,NA,NA,NA,NA,"10.1016/j.yqres.2012.03.009",NA,NA,NA,NA,NA,NA,NA,NA,NA,NA,NA,NA,NA,"RPDv1b:1390",631,"Bellen, S.",1,"Bellen","S.",NA,NA,NA,NA,NA,NA,NA,NA,NA,"RPDv1b:1390",631,"RPDv1b",1390,9853,55.5,0.555,"m",0.01,"AMS","charcoal",190,15,NA,NA,"UCIAMS-65378",TRUE,NA,"NA Date is in uncalibrated radiocarbon years.","MOS-L1_SIEVED","counted","355-NaN",NA,NA,"",190,175,205,190,55.5,0.01,"NA Date is in uncalibrated radiocarbon years.",". Cal curve: NA. Source DB: RPDv1b","Swamp","Carbon-14","Radiocarbon",-15,7351,"Calibrated radiocarbon years BP","sedimentary charcoal","Data Sourcing: RPDv1b #charcoal_recommendedformat","Sample Age Source: RPDv1b"
"631",25,"charcoal | >355um num",32,32.5,33,1,102,NA,NA,"RPDv1b","Charcoal (sum)","(additional options)",355,NA,"False","True","number","Macroscopic charcoal (sieved)","direct",NA,"CHAR",0,NA,NA,"quant_raw",2,"volume","cm^3","RPDv1b",1390,"charcoal","count","macrochar","wet_sieve","particle",">355um num",NA,">355um","num","RPDv1b","measured",1,"RPDv1b",NA,"MOS-L1",51.985694,-75.38544,300,"north",NA,NA,"sedswamp",631,0,2012,"van Bellen, S., Garneau, M., Ali, A.A., Bergeron, Y., 2012. Did fires drive Holocene carbon sequestration in boreal ombrotrophic peatlands of eastern Canada? Quaternary Research 78, 50–59.","Did fires drive Holocene carbon sequestration in boreal ombrotrophic peatlands of eastern Canada? Quaternary Research 78, 50-59.",NA,NA,NA,NA,NA,"10.1016/j.yqres.2012.03.009",NA,NA,NA,NA,NA,NA,NA,NA,NA,NA,NA,NA,NA,"RPDv1b:1390",631,"Bellen, S.",1,"Bellen","S.",NA,NA,NA,NA,NA,NA,NA,NA,NA,"RPDv1b:1390",631,"RPDv1b",1390,9853,55.5,0.555,"m",0.01,"AMS","charcoal",190,15,NA,NA,"UCIAMS-65378",TRUE,NA,"NA Date is in uncalibrated radiocarbon years.","MOS-L1_SIEVED","counted","355-NaN",NA,NA,"",190,175,205,190,55.5,0.01,"NA Date is in uncalibrated radiocarbon years.",". Cal curve: NA. Source DB: RPDv1b","Swamp","Carbon-14","Radiocarbon",-15,7351,"Calibrated radiocarbon years BP","sedimentary charcoal","Data Sourcing: RPDv1b #charcoal_recommendedformat","Sample Age Source: RPDv1b"
"631",26,"charcoal | >355um num",33,33.5,34,1,106,NA,NA,"RPDv1b","Charcoal (sum)","(additional options)",355,NA,"False","True","number","Macroscopic charcoal (sieved)","direct",NA,"CHAR",0,NA,NA,"quant_raw",2,"volume","cm^3","RPDv1b",1390,"charcoal","count","macrochar","wet_sieve","particle",">355um num",NA,">355um","num","RPDv1b","measured",1,"RPDv1b",NA,"MOS-L1",51.985694,-75.38544,300,"north",NA,NA,"sedswamp",631,0,2012,"van Bellen, S., Garneau, M., Ali, A.A., Bergeron, Y., 2012. Did fires drive Holocene carbon sequestration in boreal ombrotrophic peatlands of eastern Canada? Quaternary Research 78, 50–59.","Did fires drive Holocene carbon sequestration in boreal ombrotrophic peatlands of eastern Canada? Quaternary Research 78, 50-59.",NA,NA,NA,NA,NA,"10.1016/j.yqres.2012.03.009",NA,NA,NA,NA,NA,NA,NA,NA,NA,NA,NA,NA,NA,"RPDv1b:1390",631,"Bellen, S.",1,"Bellen","S.",NA,NA,NA,NA,NA,NA,NA,NA,NA,"RPDv1b:1390",631,"RPDv1b",1390,9853,55.5,0.555,"m",0.01,"AMS","charcoal",190,15,NA,NA,"UCIAMS-65378",TRUE,NA,"NA Date is in uncalibrated radiocarbon years.","MOS-L1_SIEVED","counted","355-NaN",NA,NA,"",190,175,205,190,55.5,0.01,"NA Date is in uncalibrated radiocarbon years.",". Cal curve: NA. Source DB: RPDv1b","Swamp","Carbon-14","Radiocarbon",-15,7351,"Calibrated radiocarbon years BP","sedimentary charcoal","Data Sourcing: RPDv1b #charcoal_recommendedformat","Sample Age Source: RPDv1b"
"631",27,"charcoal | >355um num",34,34.5,35,1,111,NA,NA,"RPDv1b","Charcoal (sum)","(additional options)",355,NA,"False","True","number","Macroscopic charcoal (sieved)","direct",NA,"CHAR",0,NA,NA,"quant_raw",2,"volume","cm^3","RPDv1b",1390,"charcoal","count","macrochar","wet_sieve","particle",">355um num",NA,">355um","num","RPDv1b","measured",1,"RPDv1b",NA,"MOS-L1",51.985694,-75.38544,300,"north",NA,NA,"sedswamp",631,0,2012,"van Bellen, S., Garneau, M., Ali, A.A., Bergeron, Y., 2012. Did fires drive Holocene carbon sequestration in boreal ombrotrophic peatlands of eastern Canada? Quaternary Research 78, 50–59.","Did fires drive Holocene carbon sequestration in boreal ombrotrophic peatlands of eastern Canada? Quaternary Research 78, 50-59.",NA,NA,NA,NA,NA,"10.1016/j.yqres.2012.03.009",NA,NA,NA,NA,NA,NA,NA,NA,NA,NA,NA,NA,NA,"RPDv1b:1390",631,"Bellen, S.",1,"Bellen","S.",NA,NA,NA,NA,NA,NA,NA,NA,NA,"RPDv1b:1390",631,"RPDv1b",1390,9853,55.5,0.555,"m",0.01,"AMS","charcoal",190,15,NA,NA,"UCIAMS-65378",TRUE,NA,"NA Date is in uncalibrated radiocarbon years.","MOS-L1_SIEVED","counted","355-NaN",NA,NA,"",190,175,205,190,55.5,0.01,"NA Date is in uncalibrated radiocarbon years.",". Cal curve: NA. Source DB: RPDv1b","Swamp","Carbon-14","Radiocarbon",-15,7351,"Calibrated radiocarbon years BP","sedimentary charcoal","Data Sourcing: RPDv1b #charcoal_recommendedformat","Sample Age Source: RPDv1b"
"631",28,"charcoal | >355um num",35,35.5,36,1,115,NA,NA,"RPDv1b","Charcoal (sum)","(additional options)",355,NA,"False","True","number","Macroscopic charcoal (sieved)","direct",NA,"CHAR",0,NA,NA,"quant_raw",2,"volume","cm^3","RPDv1b",1390,"charcoal","count","macrochar","wet_sieve","particle",">355um num",NA,">355um","num","RPDv1b","measured",1,"RPDv1b",NA,"MOS-L1",51.985694,-75.38544,300,"north",NA,NA,"sedswamp",631,0,2012,"van Bellen, S., Garneau, M., Ali, A.A., Bergeron, Y., 2012. Did fires drive Holocene carbon sequestration in boreal ombrotrophic peatlands of eastern Canada? Quaternary Research 78, 50–59.","Did fires drive Holocene carbon sequestration in boreal ombrotrophic peatlands of eastern Canada? Quaternary Research 78, 50-59.",NA,NA,NA,NA,NA,"10.1016/j.yqres.2012.03.009",NA,NA,NA,NA,NA,NA,NA,NA,NA,NA,NA,NA,NA,"RPDv1b:1390",631,"Bellen, S.",1,"Bellen","S.",NA,NA,NA,NA,NA,NA,NA,NA,NA,"RPDv1b:1390",631,"RPDv1b",1390,9853,55.5,0.555,"m",0.01,"AMS","charcoal",190,15,NA,NA,"UCIAMS-65378",TRUE,NA,"NA Date is in uncalibrated radiocarbon years.","MOS-L1_SIEVED","counted","355-NaN",NA,NA,"",190,175,205,190,55.5,0.01,"NA Date is in uncalibrated radiocarbon years.",". Cal curve: NA. Source DB: RPDv1b","Swamp","Carbon-14","Radiocarbon",-15,7351,"Calibrated radiocarbon years BP","sedimentary charcoal","Data Sourcing: RPDv1b #charcoal_recommendedformat","Sample Age Source: RPDv1b"
"631",29,"charcoal | >355um num",36,36.5,37,1,120,NA,NA,"RPDv1b","Charcoal (sum)","(additional options)",355,NA,"False","True","number","Macroscopic charcoal (sieved)","direct",NA,"CHAR",0,NA,NA,"quant_raw",2,"volume","cm^3","RPDv1b",1390,"charcoal","count","macrochar","wet_sieve","particle",">355um num",NA,">355um","num","RPDv1b","measured",1,"RPDv1b",NA,"MOS-L1",51.985694,-75.38544,300,"north",NA,NA,"sedswamp",631,0,2012,"van Bellen, S., Garneau, M., Ali, A.A., Bergeron, Y., 2012. Did fires drive Holocene carbon sequestration in boreal ombrotrophic peatlands of eastern Canada? Quaternary Research 78, 50–59.","Did fires drive Holocene carbon sequestration in boreal ombrotrophic peatlands of eastern Canada? Quaternary Research 78, 50-59.",NA,NA,NA,NA,NA,"10.1016/j.yqres.2012.03.009",NA,NA,NA,NA,NA,NA,NA,NA,NA,NA,NA,NA,NA,"RPDv1b:1390",631,"Bellen, S.",1,"Bellen","S.",NA,NA,NA,NA,NA,NA,NA,NA,NA,"RPDv1b:1390",631,"RPDv1b",1390,9853,55.5,0.555,"m",0.01,"AMS","charcoal",190,15,NA,NA,"UCIAMS-65378",TRUE,NA,"NA Date is in uncalibrated radiocarbon years.","MOS-L1_SIEVED","counted","355-NaN",NA,NA,"",190,175,205,190,55.5,0.01,"NA Date is in uncalibrated radiocarbon years.",". Cal curve: NA. Source DB: RPDv1b","Swamp","Carbon-14","Radiocarbon",-15,7351,"Calibrated radiocarbon years BP","sedimentary charcoal","Data Sourcing: RPDv1b #charcoal_recommendedformat","Sample Age Source: RPDv1b"
"631",30,"charcoal | >355um num",37,37.5,38,1,124,NA,NA,"RPDv1b","Charcoal (sum)","(additional options)",355,NA,"False","True","number","Macroscopic charcoal (sieved)","direct",NA,"CHAR",0,NA,NA,"quant_raw",2,"volume","cm^3","RPDv1b",1390,"charcoal","count","macrochar","wet_sieve","particle",">355um num",NA,">355um","num","RPDv1b","measured",1,"RPDv1b",NA,"MOS-L1",51.985694,-75.38544,300,"north",NA,NA,"sedswamp",631,0,2012,"van Bellen, S., Garneau, M., Ali, A.A., Bergeron, Y., 2012. Did fires drive Holocene carbon sequestration in boreal ombrotrophic peatlands of eastern Canada? Quaternary Research 78, 50–59.","Did fires drive Holocene carbon sequestration in boreal ombrotrophic peatlands of eastern Canada? Quaternary Research 78, 50-59.",NA,NA,NA,NA,NA,"10.1016/j.yqres.2012.03.009",NA,NA,NA,NA,NA,NA,NA,NA,NA,NA,NA,NA,NA,"RPDv1b:1390",631,"Bellen, S.",1,"Bellen","S.",NA,NA,NA,NA,NA,NA,NA,NA,NA,"RPDv1b:1390",631,"RPDv1b",1390,9853,55.5,0.555,"m",0.01,"AMS","charcoal",190,15,NA,NA,"UCIAMS-65378",TRUE,NA,"NA Date is in uncalibrated radiocarbon years.","MOS-L1_SIEVED","counted","355-NaN",NA,NA,"",190,175,205,190,55.5,0.01,"NA Date is in uncalibrated radiocarbon years.",". Cal curve: NA. Source DB: RPDv1b","Swamp","Carbon-14","Radiocarbon",-15,7351,"Calibrated radiocarbon years BP","sedimentary charcoal","Data Sourcing: RPDv1b #charcoal_recommendedformat","Sample Age Source: RPDv1b"
"631",31,"charcoal | >355um num",38,38.5,39,1,128,NA,NA,"RPDv1b","Charcoal (sum)","(additional options)",355,NA,"False","True","number","Macroscopic charcoal (sieved)","direct",NA,"CHAR",0,NA,NA,"quant_raw",2,"volume","cm^3","RPDv1b",1390,"charcoal","count","macrochar","wet_sieve","particle",">355um num",NA,">355um","num","RPDv1b","measured",1,"RPDv1b",NA,"MOS-L1",51.985694,-75.38544,300,"north",NA,NA,"sedswamp",631,0,2012,"van Bellen, S., Garneau, M., Ali, A.A., Bergeron, Y., 2012. Did fires drive Holocene carbon sequestration in boreal ombrotrophic peatlands of eastern Canada? Quaternary Research 78, 50–59.","Did fires drive Holocene carbon sequestration in boreal ombrotrophic peatlands of eastern Canada? Quaternary Research 78, 50-59.",NA,NA,NA,NA,NA,"10.1016/j.yqres.2012.03.009",NA,NA,NA,NA,NA,NA,NA,NA,NA,NA,NA,NA,NA,"RPDv1b:1390",631,"Bellen, S.",1,"Bellen","S.",NA,NA,NA,NA,NA,NA,NA,NA,NA,"RPDv1b:1390",631,"RPDv1b",1390,9853,55.5,0.555,"m",0.01,"AMS","charcoal",190,15,NA,NA,"UCIAMS-65378",TRUE,NA,"NA Date is in uncalibrated radiocarbon years.","MOS-L1_SIEVED","counted","355-NaN",NA,NA,"",190,175,205,190,55.5,0.01,"NA Date is in uncalibrated radiocarbon years.",". Cal curve: NA. Source DB: RPDv1b","Swamp","Carbon-14","Radiocarbon",-15,7351,"Calibrated radiocarbon years BP","sedimentary charcoal","Data Sourcing: RPDv1b #charcoal_recommendedformat","Sample Age Source: RPDv1b"
"631",32,"charcoal | >355um num",39,39.5,40,1,132,NA,NA,"RPDv1b","Charcoal (sum)","(additional options)",355,NA,"False","True","number","Macroscopic charcoal (sieved)","direct",NA,"CHAR",0,NA,NA,"quant_raw",2,"volume","cm^3","RPDv1b",1390,"charcoal","count","macrochar","wet_sieve","particle",">355um num",NA,">355um","num","RPDv1b","measured",1,"RPDv1b",NA,"MOS-L1",51.985694,-75.38544,300,"north",NA,NA,"sedswamp",631,0,2012,"van Bellen, S., Garneau, M., Ali, A.A., Bergeron, Y., 2012. Did fires drive Holocene carbon sequestration in boreal ombrotrophic peatlands of eastern Canada? Quaternary Research 78, 50–59.","Did fires drive Holocene carbon sequestration in boreal ombrotrophic peatlands of eastern Canada? Quaternary Research 78, 50-59.",NA,NA,NA,NA,NA,"10.1016/j.yqres.2012.03.009",NA,NA,NA,NA,NA,NA,NA,NA,NA,NA,NA,NA,NA,"RPDv1b:1390",631,"Bellen, S.",1,"Bellen","S.",NA,NA,NA,NA,NA,NA,NA,NA,NA,"RPDv1b:1390",631,"RPDv1b",1390,9854,77.5,0.775,"m",0.01,"AMS","charcoal",1260,20,NA,NA,"UCIAMS-65385",TRUE,NA,"NA Date is in uncalibrated radiocarbon years.","MOS-L1_SIEVED","counted","355-NaN",NA,NA,"",1260,1240,1280,1260,77.5,0.01,"NA Date is in uncalibrated radiocarbon years.",". Cal curve: NA. Source DB: RPDv1b","Swamp","Carbon-14","Radiocarbon",-15,7351,"Calibrated radiocarbon years BP","sedimentary charcoal","Data Sourcing: RPDv1b #charcoal_recommendedformat","Sample Age Source: RPDv1b"
"631",33,"charcoal | >355um num",40,40.5,41,1,136,NA,NA,"RPDv1b","Charcoal (sum)","(additional options)",355,NA,"False","True","number","Macroscopic charcoal (sieved)","direct",NA,"CHAR",0,NA,NA,"quant_raw",2,"volume","cm^3","RPDv1b",1390,"charcoal","count","macrochar","wet_sieve","particle",">355um num",NA,">355um","num","RPDv1b","measured",1,"RPDv1b",NA,"MOS-L1",51.985694,-75.38544,300,"north",NA,NA,"sedswamp",631,0,2012,"van Bellen, S., Garneau, M., Ali, A.A., Bergeron, Y., 2012. Did fires drive Holocene carbon sequestration in boreal ombrotrophic peatlands of eastern Canada? Quaternary Research 78, 50–59.","Did fires drive Holocene carbon sequestration in boreal ombrotrophic peatlands of eastern Canada? Quaternary Research 78, 50-59.",NA,NA,NA,NA,NA,"10.1016/j.yqres.2012.03.009",NA,NA,NA,NA,NA,NA,NA,NA,NA,NA,NA,NA,NA,"RPDv1b:1390",631,"Bellen, S.",1,"Bellen","S.",NA,NA,NA,NA,NA,NA,NA,NA,NA,"RPDv1b:1390",631,"RPDv1b",1390,9854,77.5,0.775,"m",0.01,"AMS","charcoal",1260,20,NA,NA,"UCIAMS-65385",TRUE,NA,"NA Date is in uncalibrated radiocarbon years.","MOS-L1_SIEVED","counted","355-NaN",NA,NA,"",1260,1240,1280,1260,77.5,0.01,"NA Date is in uncalibrated radiocarbon years.",". Cal curve: NA. Source DB: RPDv1b","Swamp","Carbon-14","Radiocarbon",-15,7351,"Calibrated radiocarbon years BP","sedimentary charcoal","Data Sourcing: RPDv1b #charcoal_recommendedformat","Sample Age Source: RPDv1b"
"631",34,"charcoal | >355um num",41,41.5,42,1,141,NA,NA,"RPDv1b","Charcoal (sum)","(additional options)",355,NA,"False","True","number","Macroscopic charcoal (sieved)","direct",NA,"CHAR",0,NA,NA,"quant_raw",2,"volume","cm^3","RPDv1b",1390,"charcoal","count","macrochar","wet_sieve","particle",">355um num",NA,">355um","num","RPDv1b","measured",1,"RPDv1b",NA,"MOS-L1",51.985694,-75.38544,300,"north",NA,NA,"sedswamp",631,0,2012,"van Bellen, S., Garneau, M., Ali, A.A., Bergeron, Y., 2012. Did fires drive Holocene carbon sequestration in boreal ombrotrophic peatlands of eastern Canada? Quaternary Research 78, 50–59.","Did fires drive Holocene carbon sequestration in boreal ombrotrophic peatlands of eastern Canada? Quaternary Research 78, 50-59.",NA,NA,NA,NA,NA,"10.1016/j.yqres.2012.03.009",NA,NA,NA,NA,NA,NA,NA,NA,NA,NA,NA,NA,NA,"RPDv1b:1390",631,"Bellen, S.",1,"Bellen","S.",NA,NA,NA,NA,NA,NA,NA,NA,NA,"RPDv1b:1390",631,"RPDv1b",1390,9854,77.5,0.775,"m",0.01,"AMS","charcoal",1260,20,NA,NA,"UCIAMS-65385",TRUE,NA,"NA Date is in uncalibrated radiocarbon years.","MOS-L1_SIEVED","counted","355-NaN",NA,NA,"",1260,1240,1280,1260,77.5,0.01,"NA Date is in uncalibrated radiocarbon years.",". Cal curve: NA. Source DB: RPDv1b","Swamp","Carbon-14","Radiocarbon",-15,7351,"Calibrated radiocarbon years BP","sedimentary charcoal","Data Sourcing: RPDv1b #charcoal_recommendedformat","Sample Age Source: RPDv1b"
"631",35,"charcoal | >355um num",42,42.5,43,1,145,NA,NA,"RPDv1b","Charcoal (sum)","(additional options)",355,NA,"False","True","number","Macroscopic charcoal (sieved)","direct",NA,"CHAR",0,NA,NA,"quant_raw",2,"volume","cm^3","RPDv1b",1390,"charcoal","count","macrochar","wet_sieve","particle",">355um num",NA,">355um","num","RPDv1b","measured",1,"RPDv1b",NA,"MOS-L1",51.985694,-75.38544,300,"north",NA,NA,"sedswamp",631,0,2012,"van Bellen, S., Garneau, M., Ali, A.A., Bergeron, Y., 2012. Did fires drive Holocene carbon sequestration in boreal ombrotrophic peatlands of eastern Canada? Quaternary Research 78, 50–59.","Did fires drive Holocene carbon sequestration in boreal ombrotrophic peatlands of eastern Canada? Quaternary Research 78, 50-59.",NA,NA,NA,NA,NA,"10.1016/j.yqres.2012.03.009",NA,NA,NA,NA,NA,NA,NA,NA,NA,NA,NA,NA,NA,"RPDv1b:1390",631,"Bellen, S.",1,"Bellen","S.",NA,NA,NA,NA,NA,NA,NA,NA,NA,"RPDv1b:1390",631,"RPDv1b",1390,9854,77.5,0.775,"m",0.01,"AMS","charcoal",1260,20,NA,NA,"UCIAMS-65385",TRUE,NA,"NA Date is in uncalibrated radiocarbon years.","MOS-L1_SIEVED","counted","355-NaN",NA,NA,"",1260,1240,1280,1260,77.5,0.01,"NA Date is in uncalibrated radiocarbon years.",". Cal curve: NA. Source DB: RPDv1b","Swamp","Carbon-14","Radiocarbon",-15,7351,"Calibrated radiocarbon years BP","sedimentary charcoal","Data Sourcing: RPDv1b #charcoal_recommendedformat","Sample Age Source: RPDv1b"
"631",36,"charcoal | >355um num",43,43.5,44,1,149,NA,NA,"RPDv1b","Charcoal (sum)","(additional options)",355,NA,"False","True","number","Macroscopic charcoal (sieved)","direct",NA,"CHAR",2,NA,NA,"quant_raw",2,"volume","cm^3","RPDv1b",1390,"charcoal","count","macrochar","wet_sieve","particle",">355um num",NA,">355um","num","RPDv1b","measured",1,"RPDv1b",NA,"MOS-L1",51.985694,-75.38544,300,"north",NA,NA,"sedswamp",631,0,2012,"van Bellen, S., Garneau, M., Ali, A.A., Bergeron, Y., 2012. Did fires drive Holocene carbon sequestration in boreal ombrotrophic peatlands of eastern Canada? Quaternary Research 78, 50–59.","Did fires drive Holocene carbon sequestration in boreal ombrotrophic peatlands of eastern Canada? Quaternary Research 78, 50-59.",NA,NA,NA,NA,NA,"10.1016/j.yqres.2012.03.009",NA,NA,NA,NA,NA,NA,NA,NA,NA,NA,NA,NA,NA,"RPDv1b:1390",631,"Bellen, S.",1,"Bellen","S.",NA,NA,NA,NA,NA,NA,NA,NA,NA,"RPDv1b:1390",631,"RPDv1b",1390,9854,77.5,0.775,"m",0.01,"AMS","charcoal",1260,20,NA,NA,"UCIAMS-65385",TRUE,NA,"NA Date is in uncalibrated radiocarbon years.","MOS-L1_SIEVED","counted","355-NaN",NA,NA,"",1260,1240,1280,1260,77.5,0.01,"NA Date is in uncalibrated radiocarbon years.",". Cal curve: NA. Source DB: RPDv1b","Swamp","Carbon-14","Radiocarbon",-15,7351,"Calibrated radiocarbon years BP","sedimentary charcoal","Data Sourcing: RPDv1b #charcoal_recommendedformat","Sample Age Source: RPDv1b"
"631",37,"charcoal | >355um num",44,44.5,45,1,153,NA,NA,"RPDv1b","Charcoal (sum)","(additional options)",355,NA,"False","True","number","Macroscopic charcoal (sieved)","direct",NA,"CHAR",1,NA,NA,"quant_raw",2,"volume","cm^3","RPDv1b",1390,"charcoal","count","macrochar","wet_sieve","particle",">355um num",NA,">355um","num","RPDv1b","measured",1,"RPDv1b",NA,"MOS-L1",51.985694,-75.38544,300,"north",NA,NA,"sedswamp",631,0,2012,"van Bellen, S., Garneau, M., Ali, A.A., Bergeron, Y., 2012. Did fires drive Holocene carbon sequestration in boreal ombrotrophic peatlands of eastern Canada? Quaternary Research 78, 50–59.","Did fires drive Holocene carbon sequestration in boreal ombrotrophic peatlands of eastern Canada? Quaternary Research 78, 50-59.",NA,NA,NA,NA,NA,"10.1016/j.yqres.2012.03.009",NA,NA,NA,NA,NA,NA,NA,NA,NA,NA,NA,NA,NA,"RPDv1b:1390",631,"Bellen, S.",1,"Bellen","S.",NA,NA,NA,NA,NA,NA,NA,NA,NA,"RPDv1b:1390",631,"RPDv1b",1390,9854,77.5,0.775,"m",0.01,"AMS","charcoal",1260,20,NA,NA,"UCIAMS-65385",TRUE,NA,"NA Date is in uncalibrated radiocarbon years.","MOS-L1_SIEVED","counted","355-NaN",NA,NA,"",1260,1240,1280,1260,77.5,0.01,"NA Date is in uncalibrated radiocarbon years.",". Cal curve: NA. Source DB: RPDv1b","Swamp","Carbon-14","Radiocarbon",-15,7351,"Calibrated radiocarbon years BP","sedimentary charcoal","Data Sourcing: RPDv1b #charcoal_recommendedformat","Sample Age Source: RPDv1b"
"631",38,"charcoal | >355um num",45,45.5,46,1,157,NA,NA,"RPDv1b","Charcoal (sum)","(additional options)",355,NA,"False","True","number","Macroscopic charcoal (sieved)","direct",NA,"CHAR",6,NA,NA,"quant_raw",2,"volume","cm^3","RPDv1b",1390,"charcoal","count","macrochar","wet_sieve","particle",">355um num",NA,">355um","num","RPDv1b","measured",1,"RPDv1b",NA,"MOS-L1",51.985694,-75.38544,300,"north",NA,NA,"sedswamp",631,0,2012,"van Bellen, S., Garneau, M., Ali, A.A., Bergeron, Y., 2012. Did fires drive Holocene carbon sequestration in boreal ombrotrophic peatlands of eastern Canada? Quaternary Research 78, 50–59.","Did fires drive Holocene carbon sequestration in boreal ombrotrophic peatlands of eastern Canada? Quaternary Research 78, 50-59.",NA,NA,NA,NA,NA,"10.1016/j.yqres.2012.03.009",NA,NA,NA,NA,NA,NA,NA,NA,NA,NA,NA,NA,NA,"RPDv1b:1390",631,"Bellen, S.",1,"Bellen","S.",NA,NA,NA,NA,NA,NA,NA,NA,NA,"RPDv1b:1390",631,"RPDv1b",1390,9854,77.5,0.775,"m",0.01,"AMS","charcoal",1260,20,NA,NA,"UCIAMS-65385",TRUE,NA,"NA Date is in uncalibrated radiocarbon years.","MOS-L1_SIEVED","counted","355-NaN",NA,NA,"",1260,1240,1280,1260,77.5,0.01,"NA Date is in uncalibrated radiocarbon years.",". Cal curve: NA. Source DB: RPDv1b","Swamp","Carbon-14","Radiocarbon",-15,7351,"Calibrated radiocarbon years BP","sedimentary charcoal","Data Sourcing: RPDv1b #charcoal_recommendedformat","Sample Age Source: RPDv1b"
"631",39,"charcoal | >355um num",46,46.5,47,1,161,NA,NA,"RPDv1b","Charcoal (sum)","(additional options)",355,NA,"False","True","number","Macroscopic charcoal (sieved)","direct",NA,"CHAR",4,NA,NA,"quant_raw",2,"volume","cm^3","RPDv1b",1390,"charcoal","count","macrochar","wet_sieve","particle",">355um num",NA,">355um","num","RPDv1b","measured",1,"RPDv1b",NA,"MOS-L1",51.985694,-75.38544,300,"north",NA,NA,"sedswamp",631,0,2012,"van Bellen, S., Garneau, M., Ali, A.A., Bergeron, Y., 2012. Did fires drive Holocene carbon sequestration in boreal ombrotrophic peatlands of eastern Canada? Quaternary Research 78, 50–59.","Did fires drive Holocene carbon sequestration in boreal ombrotrophic peatlands of eastern Canada? Quaternary Research 78, 50-59.",NA,NA,NA,NA,NA,"10.1016/j.yqres.2012.03.009",NA,NA,NA,NA,NA,NA,NA,NA,NA,NA,NA,NA,NA,"RPDv1b:1390",631,"Bellen, S.",1,"Bellen","S.",NA,NA,NA,NA,NA,NA,NA,NA,NA,"RPDv1b:1390",631,"RPDv1b",1390,9854,77.5,0.775,"m",0.01,"AMS","charcoal",1260,20,NA,NA,"UCIAMS-65385",TRUE,NA,"NA Date is in uncalibrated radiocarbon years.","MOS-L1_SIEVED","counted","355-NaN",NA,NA,"",1260,1240,1280,1260,77.5,0.01,"NA Date is in uncalibrated radiocarbon years.",". Cal curve: NA. Source DB: RPDv1b","Swamp","Carbon-14","Radiocarbon",-15,7351,"Calibrated radiocarbon years BP","sedimentary charcoal","Data Sourcing: RPDv1b #charcoal_recommendedformat","Sample Age Source: RPDv1b"
"631",40,"charcoal | >355um num",47,47.5,48,1,166,NA,NA,"RPDv1b","Charcoal (sum)","(additional options)",355,NA,"False","True","number","Macroscopic charcoal (sieved)","direct",NA,"CHAR",1,NA,NA,"quant_raw",2,"volume","cm^3","RPDv1b",1390,"charcoal","count","macrochar","wet_sieve","particle",">355um num",NA,">355um","num","RPDv1b","measured",1,"RPDv1b",NA,"MOS-L1",51.985694,-75.38544,300,"north",NA,NA,"sedswamp",631,0,2012,"van Bellen, S., Garneau, M., Ali, A.A., Bergeron, Y., 2012. Did fires drive Holocene carbon sequestration in boreal ombrotrophic peatlands of eastern Canada? Quaternary Research 78, 50–59.","Did fires drive Holocene carbon sequestration in boreal ombrotrophic peatlands of eastern Canada? Quaternary Research 78, 50-59.",NA,NA,NA,NA,NA,"10.1016/j.yqres.2012.03.009",NA,NA,NA,NA,NA,NA,NA,NA,NA,NA,NA,NA,NA,"RPDv1b:1390",631,"Garneau, M.",1,"Garneau","M.",NA,NA,NA,NA,NA,NA,NA,NA,NA,"RPDv1b:1390",631,"RPDv1b",1390,9854,77.5,0.775,"m",0.01,"AMS","charcoal",1260,20,NA,NA,"UCIAMS-65385",TRUE,NA,"NA Date is in uncalibrated radiocarbon years.","MOS-L1_SIEVED","counted","355-NaN",NA,NA,"",1260,1240,1280,1260,77.5,0.01,"NA Date is in uncalibrated radiocarbon years.",". Cal curve: NA. Source DB: RPDv1b","Swamp","Carbon-14","Radiocarbon",-15,7351,"Calibrated radiocarbon years BP","sedimentary charcoal","Data Sourcing: RPDv1b #charcoal_recommendedformat","Sample Age Source: RPDv1b"
"631",41,"charcoal | >355um num",48,48.5,49,1,170,NA,NA,"RPDv1b","Charcoal (sum)","(additional options)",355,NA,"False","True","number","Macroscopic charcoal (sieved)","direct",NA,"CHAR",4,NA,NA,"quant_raw",2,"volume","cm^3","RPDv1b",1390,"charcoal","count","macrochar","wet_sieve","particle",">355um num",NA,">355um","num","RPDv1b","measured",1,"RPDv1b",NA,"MOS-L1",51.985694,-75.38544,300,"north",NA,NA,"sedswamp",631,0,2012,"van Bellen, S., Garneau, M., Ali, A.A., Bergeron, Y., 2012. Did fires drive Holocene carbon sequestration in boreal ombrotrophic peatlands of eastern Canada? Quaternary Research 78, 50–59.","Did fires drive Holocene carbon sequestration in boreal ombrotrophic peatlands of eastern Canada? Quaternary Research 78, 50-59.",NA,NA,NA,NA,NA,"10.1016/j.yqres.2012.03.009",NA,NA,NA,NA,NA,NA,NA,NA,NA,NA,NA,NA,NA,"RPDv1b:1390",631,"Garneau, M.",1,"Garneau","M.",NA,NA,NA,NA,NA,NA,NA,NA,NA,"RPDv1b:1390",631,"RPDv1b",1390,9854,77.5,0.775,"m",0.01,"AMS","charcoal",1260,20,NA,NA,"UCIAMS-65385",TRUE,NA,"NA Date is in uncalibrated radiocarbon years.","MOS-L1_SIEVED","counted","355-NaN",NA,NA,"",1260,1240,1280,1260,77.5,0.01,"NA Date is in uncalibrated radiocarbon years.",". Cal curve: NA. Source DB: RPDv1b","Swamp","Carbon-14","Radiocarbon",-15,7351,"Calibrated radiocarbon years BP","sedimentary charcoal","Data Sourcing: RPDv1b #charcoal_recommendedformat","Sample Age Source: RPDv1b"
"631",42,"charcoal | >355um num",49,49.5,50,1,175,NA,NA,"RPDv1b","Charcoal (sum)","(additional options)",355,NA,"False","True","number","Macroscopic charcoal (sieved)","direct",NA,"CHAR",0,NA,NA,"quant_raw",2,"volume","cm^3","RPDv1b",1390,"charcoal","count","macrochar","wet_sieve","particle",">355um num",NA,">355um","num","RPDv1b","measured",1,"RPDv1b",NA,"MOS-L1",51.985694,-75.38544,300,"north",NA,NA,"sedswamp",631,0,2012,"van Bellen, S., Garneau, M., Ali, A.A., Bergeron, Y., 2012. Did fires drive Holocene carbon sequestration in boreal ombrotrophic peatlands of eastern Canada? Quaternary Research 78, 50–59.","Did fires drive Holocene carbon sequestration in boreal ombrotrophic peatlands of eastern Canada? Quaternary Research 78, 50-59.",NA,NA,NA,NA,NA,"10.1016/j.yqres.2012.03.009",NA,NA,NA,NA,NA,NA,NA,NA,NA,NA,NA,NA,NA,"RPDv1b:1390",631,"Garneau, M.",1,"Garneau","M.",NA,NA,NA,NA,NA,NA,NA,NA,NA,"RPDv1b:1390",631,"RPDv1b",1390,9854,77.5,0.775,"m",0.01,"AMS","charcoal",1260,20,NA,NA,"UCIAMS-65385",TRUE,NA,"NA Date is in uncalibrated radiocarbon years.","MOS-L1_SIEVED","counted","355-NaN",NA,NA,"",1260,1240,1280,1260,77.5,0.01,"NA Date is in uncalibrated radiocarbon years.",". Cal curve: NA. Source DB: RPDv1b","Swamp","Carbon-14","Radiocarbon",-15,7351,"Calibrated radiocarbon years BP","sedimentary charcoal","Data Sourcing: RPDv1b #charcoal_recommendedformat","Sample Age Source: RPDv1b"
"631",43,"charcoal | >355um num",50,50.5,51,1,180,NA,NA,"RPDv1b","Charcoal (sum)","(additional options)",355,NA,"False","True","number","Macroscopic charcoal (sieved)","direct",NA,"CHAR",1,NA,NA,"quant_raw",2,"volume","cm^3","RPDv1b",1390,"charcoal","count","macrochar","wet_sieve","particle",">355um num",NA,">355um","num","RPDv1b","measured",1,"RPDv1b",NA,"MOS-L1",51.985694,-75.38544,300,"north",NA,NA,"sedswamp",631,0,2012,"van Bellen, S., Garneau, M., Ali, A.A., Bergeron, Y., 2012. Did fires drive Holocene carbon sequestration in boreal ombrotrophic peatlands of eastern Canada? Quaternary Research 78, 50–59.","Did fires drive Holocene carbon sequestration in boreal ombrotrophic peatlands of eastern Canada? Quaternary Research 78, 50-59.",NA,NA,NA,NA,NA,"10.1016/j.yqres.2012.03.009",NA,NA,NA,NA,NA,NA,NA,NA,NA,NA,NA,NA,NA,"RPDv1b:1390",631,"Garneau, M.",1,"Garneau","M.",NA,NA,NA,NA,NA,NA,NA,NA,NA,"RPDv1b:1390",631,"RPDv1b",1390,9854,77.5,0.775,"m",0.01,"AMS","charcoal",1260,20,NA,NA,"UCIAMS-65385",TRUE,NA,"NA Date is in uncalibrated radiocarbon years.","MOS-L1_SIEVED","counted","355-NaN",NA,NA,"",1260,1240,1280,1260,77.5,0.01,"NA Date is in uncalibrated radiocarbon years.",". Cal curve: NA. Source DB: RPDv1b","Swamp","Carbon-14","Radiocarbon",-15,7351,"Calibrated radiocarbon years BP","sedimentary charcoal","Data Sourcing: RPDv1b #charcoal_recommendedformat","Sample Age Source: RPDv1b"
"631",44,"charcoal | >355um num",51,51.5,52,1,186,NA,NA,"RPDv1b","Charcoal (sum)","(additional options)",355,NA,"False","True","number","Macroscopic charcoal (sieved)","direct",NA,"CHAR",0,NA,NA,"quant_raw",2,"volume","cm^3","RPDv1b",1390,"charcoal","count","macrochar","wet_sieve","particle",">355um num",NA,">355um","num","RPDv1b","measured",1,"RPDv1b",NA,"MOS-L1",51.985694,-75.38544,300,"north",NA,NA,"sedswamp",631,0,2012,"van Bellen, S., Garneau, M., Ali, A.A., Bergeron, Y., 2012. Did fires drive Holocene carbon sequestration in boreal ombrotrophic peatlands of eastern Canada? Quaternary Research 78, 50–59.","Did fires drive Holocene carbon sequestration in boreal ombrotrophic peatlands of eastern Canada? Quaternary Research 78, 50-59.",NA,NA,NA,NA,NA,"10.1016/j.yqres.2012.03.009",NA,NA,NA,NA,NA,NA,NA,NA,NA,NA,NA,NA,NA,"RPDv1b:1390",631,"Garneau, M.",1,"Garneau","M.",NA,NA,NA,NA,NA,NA,NA,NA,NA,"RPDv1b:1390",631,"RPDv1b",1390,9854,77.5,0.775,"m",0.01,"AMS","charcoal",1260,20,NA,NA,"UCIAMS-65385",TRUE,NA,"NA Date is in uncalibrated radiocarbon years.","MOS-L1_SIEVED","counted","355-NaN",NA,NA,"",1260,1240,1280,1260,77.5,0.01,"NA Date is in uncalibrated radiocarbon years.",". Cal curve: NA. Source DB: RPDv1b","Swamp","Carbon-14","Radiocarbon",-15,7351,"Calibrated radiocarbon years BP","sedimentary charcoal","Data Sourcing: RPDv1b #charcoal_recommendedformat","Sample Age Source: RPDv1b"
"631",45,"charcoal | >355um num",52,52.5,53,1,192,NA,NA,"RPDv1b","Charcoal (sum)","(additional options)",355,NA,"False","True","number","Macroscopic charcoal (sieved)","direct",NA,"CHAR",2,NA,NA,"quant_raw",2,"volume","cm^3","RPDv1b",1390,"charcoal","count","macrochar","wet_sieve","particle",">355um num",NA,">355um","num","RPDv1b","measured",1,"RPDv1b",NA,"MOS-L1",51.985694,-75.38544,300,"north",NA,NA,"sedswamp",631,0,2012,"van Bellen, S., Garneau, M., Ali, A.A., Bergeron, Y., 2012. Did fires drive Holocene carbon sequestration in boreal ombrotrophic peatlands of eastern Canada? Quaternary Research 78, 50–59.","Did fires drive Holocene carbon sequestration in boreal ombrotrophic peatlands of eastern Canada? Quaternary Research 78, 50-59.",NA,NA,NA,NA,NA,"10.1016/j.yqres.2012.03.009",NA,NA,NA,NA,NA,NA,NA,NA,NA,NA,NA,NA,NA,"RPDv1b:1390",631,"Garneau, M.",1,"Garneau","M.",NA,NA,NA,NA,NA,NA,NA,NA,NA,"RPDv1b:1390",631,"RPDv1b",1390,9854,77.5,0.775,"m",0.01,"AMS","charcoal",1260,20,NA,NA,"UCIAMS-65385",TRUE,NA,"NA Date is in uncalibrated radiocarbon years.","MOS-L1_SIEVED","counted","355-NaN",NA,NA,"",1260,1240,1280,1260,77.5,0.01,"NA Date is in uncalibrated radiocarbon years.",". Cal curve: NA. Source DB: RPDv1b","Swamp","Carbon-14","Radiocarbon",-15,7351,"Calibrated radiocarbon years BP","sedimentary charcoal","Data Sourcing: RPDv1b #charcoal_recommendedformat","Sample Age Source: RPDv1b"
"631",46,"charcoal | >355um num",53,53.5,54,1,198,NA,NA,"RPDv1b","Charcoal (sum)","(additional options)",355,NA,"False","True","number","Macroscopic charcoal (sieved)","direct",NA,"CHAR",2,NA,NA,"quant_raw",2,"volume","cm^3","RPDv1b",1390,"charcoal","count","macrochar","wet_sieve","particle",">355um num",NA,">355um","num","RPDv1b","measured",1,"RPDv1b",NA,"MOS-L1",51.985694,-75.38544,300,"north",NA,NA,"sedswamp",631,0,2012,"van Bellen, S., Garneau, M., Ali, A.A., Bergeron, Y., 2012. Did fires drive Holocene carbon sequestration in boreal ombrotrophic peatlands of eastern Canada? Quaternary Research 78, 50–59.","Did fires drive Holocene carbon sequestration in boreal ombrotrophic peatlands of eastern Canada? Quaternary Research 78, 50-59.",NA,NA,NA,NA,NA,"10.1016/j.yqres.2012.03.009",NA,NA,NA,NA,NA,NA,NA,NA,NA,NA,NA,NA,NA,"RPDv1b:1390",631,"Garneau, M.",1,"Garneau","M.",NA,NA,NA,NA,NA,NA,NA,NA,NA,"RPDv1b:1390",631,"RPDv1b",1390,9854,77.5,0.775,"m",0.01,"AMS","charcoal",1260,20,NA,NA,"UCIAMS-65385",TRUE,NA,"NA Date is in uncalibrated radiocarbon years.","MOS-L1_SIEVED","counted","355-NaN",NA,NA,"",1260,1240,1280,1260,77.5,0.01,"NA Date is in uncalibrated radiocarbon years.",". Cal curve: NA. Source DB: RPDv1b","Swamp","Carbon-14","Radiocarbon",-15,7351,"Calibrated radiocarbon years BP","sedimentary charcoal","Data Sourcing: RPDv1b #charcoal_recommendedformat","Sample Age Source: RPDv1b"
"631",47,"charcoal | >355um num",54,54.5,55,1,205,NA,NA,"RPDv1b","Charcoal (sum)","(additional options)",355,NA,"False","True","number","Macroscopic charcoal (sieved)","direct",NA,"CHAR",10,NA,NA,"quant_raw",2,"volume","cm^3","RPDv1b",1390,"charcoal","count","macrochar","wet_sieve","particle",">355um num",NA,">355um","num","RPDv1b","measured",1,"RPDv1b",NA,"MOS-L1",51.985694,-75.38544,300,"north",NA,NA,"sedswamp",631,0,2012,"van Bellen, S., Garneau, M., Ali, A.A., Bergeron, Y., 2012. Did fires drive Holocene carbon sequestration in boreal ombrotrophic peatlands of eastern Canada? Quaternary Research 78, 50–59.","Did fires drive Holocene carbon sequestration in boreal ombrotrophic peatlands of eastern Canada? Quaternary Research 78, 50-59.",NA,NA,NA,NA,NA,"10.1016/j.yqres.2012.03.009",NA,NA,NA,NA,NA,NA,NA,NA,NA,NA,NA,NA,NA,"RPDv1b:1390",631,"Garneau, M.",1,"Garneau","M.",NA,NA,NA,NA,NA,NA,NA,NA,NA,"RPDv1b:1390",631,"RPDv1b",1390,9854,77.5,0.775,"m",0.01,"AMS","charcoal",1260,20,NA,NA,"UCIAMS-65385",TRUE,NA,"NA Date is in uncalibrated radiocarbon years.","MOS-L1_SIEVED","counted","355-NaN",NA,NA,"",1260,1240,1280,1260,77.5,0.01,"NA Date is in uncalibrated radiocarbon years.",". Cal curve: NA. Source DB: RPDv1b","Swamp","Carbon-14","Radiocarbon",-15,7351,"Calibrated radiocarbon years BP","sedimentary charcoal","Data Sourcing: RPDv1b #charcoal_recommendedformat","Sample Age Source: RPDv1b"
"631",48,"charcoal | >355um num",55,55.5,56,1,243,NA,NA,"RPDv1b","Charcoal (sum)","(additional options)",355,NA,"False","True","number","Macroscopic charcoal (sieved)","direct",NA,"CHAR",48,NA,NA,"quant_raw",2,"volume","cm^3","RPDv1b",1390,"charcoal","count","macrochar","wet_sieve","particle",">355um num",NA,">355um","num","RPDv1b","measured",1,"RPDv1b",NA,"MOS-L1",51.985694,-75.38544,300,"north",NA,NA,"sedswamp",631,0,2012,"van Bellen, S., Garneau, M., Ali, A.A., Bergeron, Y., 2012. Did fires drive Holocene carbon sequestration in boreal ombrotrophic peatlands of eastern Canada? Quaternary Research 78, 50–59.","Did fires drive Holocene carbon sequestration in boreal ombrotrophic peatlands of eastern Canada? Quaternary Research 78, 50-59.",NA,NA,NA,NA,NA,"10.1016/j.yqres.2012.03.009",NA,NA,NA,NA,NA,NA,NA,NA,NA,NA,NA,NA,NA,"RPDv1b:1390",631,"Garneau, M.",1,"Garneau","M.",NA,NA,NA,NA,NA,NA,NA,NA,NA,"RPDv1b:1390",631,"RPDv1b",1390,9854,77.5,0.775,"m",0.01,"AMS","charcoal",1260,20,NA,NA,"UCIAMS-65385",TRUE,NA,"NA Date is in uncalibrated radiocarbon years.","MOS-L1_SIEVED","counted","355-NaN",NA,NA,"",1260,1240,1280,1260,77.5,0.01,"NA Date is in uncalibrated radiocarbon years.",". Cal curve: NA. Source DB: RPDv1b","Swamp","Carbon-14","Radiocarbon",-15,7351,"Calibrated radiocarbon years BP","sedimentary charcoal","Data Sourcing: RPDv1b #charcoal_recommendedformat","Sample Age Source: RPDv1b"
"631",49,"charcoal | >355um num",56,56.5,57,1,297,NA,NA,"RPDv1b","Charcoal (sum)","(additional options)",355,NA,"False","True","number","Macroscopic charcoal (sieved)","direct",NA,"CHAR",71,NA,NA,"quant_raw",2,"volume","cm^3","RPDv1b",1390,"charcoal","count","macrochar","wet_sieve","particle",">355um num",NA,">355um","num","RPDv1b","measured",1,"RPDv1b",NA,"MOS-L1",51.985694,-75.38544,300,"north",NA,NA,"sedswamp",631,0,2012,"van Bellen, S., Garneau, M., Ali, A.A., Bergeron, Y., 2012. Did fires drive Holocene carbon sequestration in boreal ombrotrophic peatlands of eastern Canada? Quaternary Research 78, 50–59.","Did fires drive Holocene carbon sequestration in boreal ombrotrophic peatlands of eastern Canada? Quaternary Research 78, 50-59.",NA,NA,NA,NA,NA,"10.1016/j.yqres.2012.03.009",NA,NA,NA,NA,NA,NA,NA,NA,NA,NA,NA,NA,NA,"RPDv1b:1390",631,"Garneau, M.",1,"Garneau","M.",NA,NA,NA,NA,NA,NA,NA,NA,NA,"RPDv1b:1390",631,"RPDv1b",1390,9854,77.5,0.775,"m",0.01,"AMS","charcoal",1260,20,NA,NA,"UCIAMS-65385",TRUE,NA,"NA Date is in uncalibrated radiocarbon years.","MOS-L1_SIEVED","counted","355-NaN",NA,NA,"",1260,1240,1280,1260,77.5,0.01,"NA Date is in uncalibrated radiocarbon years.",". Cal curve: NA. Source DB: RPDv1b","Swamp","Carbon-14","Radiocarbon",-15,7351,"Calibrated radiocarbon years BP","sedimentary charcoal","Data Sourcing: RPDv1b #charcoal_recommendedformat","Sample Age Source: RPDv1b"
"631",50,"charcoal | >355um num",57,57.5,58,1,336,NA,NA,"RPDv1b","Charcoal (sum)","(additional options)",355,NA,"False","True","number","Macroscopic charcoal (sieved)","direct",NA,"CHAR",7,NA,NA,"quant_raw",2,"volume","cm^3","RPDv1b",1390,"charcoal","count","macrochar","wet_sieve","particle",">355um num",NA,">355um","num","RPDv1b","measured",1,"RPDv1b",NA,"MOS-L1",51.985694,-75.38544,300,"north",NA,NA,"sedswamp",631,0,2012,"van Bellen, S., Garneau, M., Ali, A.A., Bergeron, Y., 2012. Did fires drive Holocene carbon sequestration in boreal ombrotrophic peatlands of eastern Canada? Quaternary Research 78, 50–59.","Did fires drive Holocene carbon sequestration in boreal ombrotrophic peatlands of eastern Canada? Quaternary Research 78, 50-59.",NA,NA,NA,NA,NA,"10.1016/j.yqres.2012.03.009",NA,NA,NA,NA,NA,NA,NA,NA,NA,NA,NA,NA,NA,"RPDv1b:1390",631,"Garneau, M.",1,"Garneau","M.",NA,NA,NA,NA,NA,NA,NA,NA,NA,"RPDv1b:1390",631,"RPDv1b",1390,9854,77.5,0.775,"m",0.01,"AMS","charcoal",1260,20,NA,NA,"UCIAMS-65385",TRUE,NA,"NA Date is in uncalibrated radiocarbon years.","MOS-L1_SIEVED","counted","355-NaN",NA,NA,"",1260,1240,1280,1260,77.5,0.01,"NA Date is in uncalibrated radiocarbon years.",". Cal curve: NA. Source DB: RPDv1b","Swamp","Carbon-14","Radiocarbon",-15,7351,"Calibrated radiocarbon years BP","sedimentary charcoal","Data Sourcing: RPDv1b #charcoal_recommendedformat","Sample Age Source: RPDv1b"
"631",51,"charcoal | >355um num",58,58.5,59,1,375,NA,NA,"RPDv1b","Charcoal (sum)","(additional options)",355,NA,"False","True","number","Macroscopic charcoal (sieved)","direct",NA,"CHAR",3,NA,NA,"quant_raw",2,"volume","cm^3","RPDv1b",1390,"charcoal","count","macrochar","wet_sieve","particle",">355um num",NA,">355um","num","RPDv1b","measured",1,"RPDv1b",NA,"MOS-L1",51.985694,-75.38544,300,"north",NA,NA,"sedswamp",631,0,2012,"van Bellen, S., Garneau, M., Ali, A.A., Bergeron, Y., 2012. Did fires drive Holocene carbon sequestration in boreal ombrotrophic peatlands of eastern Canada? Quaternary Research 78, 50–59.","Did fires drive Holocene carbon sequestration in boreal ombrotrophic peatlands of eastern Canada? Quaternary Research 78, 50-59.",NA,NA,NA,NA,NA,"10.1016/j.yqres.2012.03.009",NA,NA,NA,NA,NA,NA,NA,NA,NA,NA,NA,NA,NA,"RPDv1b:1390",631,"Garneau, M.",1,"Garneau","M.",NA,NA,NA,NA,NA,NA,NA,NA,NA,"RPDv1b:1390",631,"RPDv1b",1390,9854,77.5,0.775,"m",0.01,"AMS","charcoal",1260,20,NA,NA,"UCIAMS-65385",TRUE,NA,"NA Date is in uncalibrated radiocarbon years.","MOS-L1_SIEVED","counted","355-NaN",NA,NA,"",1260,1240,1280,1260,77.5,0.01,"NA Date is in uncalibrated radiocarbon years.",". Cal curve: NA. Source DB: RPDv1b","Swamp","Carbon-14","Radiocarbon",-15,7351,"Calibrated radiocarbon years BP","sedimentary charcoal","Data Sourcing: RPDv1b #charcoal_recommendedformat","Sample Age Source: RPDv1b"
"631",52,"charcoal | >355um num",59,59.5,60,1,416,NA,NA,"RPDv1b","Charcoal (sum)","(additional options)",355,NA,"False","True","number","Macroscopic charcoal (sieved)","direct",NA,"CHAR",2,NA,NA,"quant_raw",2,"volume","cm^3","RPDv1b",1390,"charcoal","count","macrochar","wet_sieve","particle",">355um num",NA,">355um","num","RPDv1b","measured",1,"RPDv1b",NA,"MOS-L1",51.985694,-75.38544,300,"north",NA,NA,"sedswamp",631,0,2012,"van Bellen, S., Garneau, M., Ali, A.A., Bergeron, Y., 2012. Did fires drive Holocene carbon sequestration in boreal ombrotrophic peatlands of eastern Canada? Quaternary Research 78, 50–59.","Did fires drive Holocene carbon sequestration in boreal ombrotrophic peatlands of eastern Canada? Quaternary Research 78, 50-59.",NA,NA,NA,NA,NA,"10.1016/j.yqres.2012.03.009",NA,NA,NA,NA,NA,NA,NA,NA,NA,NA,NA,NA,NA,"RPDv1b:1390",631,"Garneau, M.",1,"Garneau","M.",NA,NA,NA,NA,NA,NA,NA,NA,NA,"RPDv1b:1390",631,"RPDv1b",1390,9854,77.5,0.775,"m",0.01,"AMS","charcoal",1260,20,NA,NA,"UCIAMS-65385",TRUE,NA,"NA Date is in uncalibrated radiocarbon years.","MOS-L1_SIEVED","counted","355-NaN",NA,NA,"",1260,1240,1280,1260,77.5,0.01,"NA Date is in uncalibrated radiocarbon years.",". Cal curve: NA. Source DB: RPDv1b","Swamp","Carbon-14","Radiocarbon",-15,7351,"Calibrated radiocarbon years BP","sedimentary charcoal","Data Sourcing: RPDv1b #charcoal_recommendedformat","Sample Age Source: RPDv1b"
"631",53,"charcoal | >355um num",60,60.5,61,1,458,NA,NA,"RPDv1b","Charcoal (sum)","(additional options)",355,NA,"False","True","number","Macroscopic charcoal (sieved)","direct",NA,"CHAR",3,NA,NA,"quant_raw",2,"volume","cm^3","RPDv1b",1390,"charcoal","count","macrochar","wet_sieve","particle",">355um num",NA,">355um","num","RPDv1b","measured",1,"RPDv1b",NA,"MOS-L1",51.985694,-75.38544,300,"north",NA,NA,"sedswamp",631,0,2012,"van Bellen, S., Garneau, M., Ali, A.A., Bergeron, Y., 2012. Did fires drive Holocene carbon sequestration in boreal ombrotrophic peatlands of eastern Canada? Quaternary Research 78, 50–59.","Did fires drive Holocene carbon sequestration in boreal ombrotrophic peatlands of eastern Canada? Quaternary Research 78, 50-59.",NA,NA,NA,NA,NA,"10.1016/j.yqres.2012.03.009",NA,NA,NA,NA,NA,NA,NA,NA,NA,NA,NA,NA,NA,"RPDv1b:1390",631,"Garneau, M.",1,"Garneau","M.",NA,NA,NA,NA,NA,NA,NA,NA,NA,"RPDv1b:1390",631,"RPDv1b",1390,9854,77.5,0.775,"m",0.01,"AMS","charcoal",1260,20,NA,NA,"UCIAMS-65385",TRUE,NA,"NA Date is in uncalibrated radiocarbon years.","MOS-L1_SIEVED","counted","355-NaN",NA,NA,"",1260,1240,1280,1260,77.5,0.01,"NA Date is in uncalibrated radiocarbon years.",". Cal curve: NA. Source DB: RPDv1b","Swamp","Carbon-14","Radiocarbon",-15,7351,"Calibrated radiocarbon years BP","sedimentary charcoal","Data Sourcing: RPDv1b #charcoal_recommendedformat","Sample Age Source: RPDv1b"
"631",54,"charcoal | >355um num",61,61.5,62,1,501,NA,NA,"RPDv1b","Charcoal (sum)","(additional options)",355,NA,"False","True","number","Macroscopic charcoal (sieved)","direct",NA,"CHAR",74,NA,NA,"quant_raw",2,"volume","cm^3","RPDv1b",1390,"charcoal","count","macrochar","wet_sieve","particle",">355um num",NA,">355um","num","RPDv1b","measured",1,"RPDv1b",NA,"MOS-L1",51.985694,-75.38544,300,"north",NA,NA,"sedswamp",631,0,2012,"van Bellen, S., Garneau, M., Ali, A.A., Bergeron, Y., 2012. Did fires drive Holocene carbon sequestration in boreal ombrotrophic peatlands of eastern Canada? Quaternary Research 78, 50–59.","Did fires drive Holocene carbon sequestration in boreal ombrotrophic peatlands of eastern Canada? Quaternary Research 78, 50-59.",NA,NA,NA,NA,NA,"10.1016/j.yqres.2012.03.009",NA,NA,NA,NA,NA,NA,NA,NA,NA,NA,NA,NA,NA,"RPDv1b:1390",631,"Garneau, M.",1,"Garneau","M.",NA,NA,NA,NA,NA,NA,NA,NA,NA,"RPDv1b:1390",631,"RPDv1b",1390,9854,77.5,0.775,"m",0.01,"AMS","charcoal",1260,20,NA,NA,"UCIAMS-65385",TRUE,NA,"NA Date is in uncalibrated radiocarbon years.","MOS-L1_SIEVED","counted","355-NaN",NA,NA,"",1260,1240,1280,1260,77.5,0.01,"NA Date is in uncalibrated radiocarbon years.",". Cal curve: NA. Source DB: RPDv1b","Swamp","Carbon-14","Radiocarbon",-15,7351,"Calibrated radiocarbon years BP","sedimentary charcoal","Data Sourcing: RPDv1b #charcoal_recommendedformat","Sample Age Source: RPDv1b"
"631",55,"charcoal | >355um num",62,62.5,63,1,544,NA,NA,"RPDv1b","Charcoal (sum)","(additional options)",355,NA,"False","True","number","Macroscopic charcoal (sieved)","direct",NA,"CHAR",249,NA,NA,"quant_raw",2,"volume","cm^3","RPDv1b",1390,"charcoal","count","macrochar","wet_sieve","particle",">355um num",NA,">355um","num","RPDv1b","measured",1,"RPDv1b",NA,"MOS-L1",51.985694,-75.38544,300,"north",NA,NA,"sedswamp",631,0,2012,"van Bellen, S., Garneau, M., Ali, A.A., Bergeron, Y., 2012. Did fires drive Holocene carbon sequestration in boreal ombrotrophic peatlands of eastern Canada? Quaternary Research 78, 50–59.","Did fires drive Holocene carbon sequestration in boreal ombrotrophic peatlands of eastern Canada? Quaternary Research 78, 50-59.",NA,NA,NA,NA,NA,"10.1016/j.yqres.2012.03.009",NA,NA,NA,NA,NA,NA,NA,NA,NA,NA,NA,NA,NA,"RPDv1b:1390",631,"Garneau, M.",1,"Garneau","M.",NA,NA,NA,NA,NA,NA,NA,NA,NA,"RPDv1b:1390",631,"RPDv1b",1390,9854,77.5,0.775,"m",0.01,"AMS","charcoal",1260,20,NA,NA,"UCIAMS-65385",TRUE,NA,"NA Date is in uncalibrated radiocarbon years.","MOS-L1_SIEVED","counted","355-NaN",NA,NA,"",1260,1240,1280,1260,77.5,0.01,"NA Date is in uncalibrated radiocarbon years.",". Cal curve: NA. Source DB: RPDv1b","Swamp","Carbon-14","Radiocarbon",-15,7351,"Calibrated radiocarbon years BP","sedimentary charcoal","Data Sourcing: RPDv1b #charcoal_recommendedformat","Sample Age Source: RPDv1b"
"631",56,"charcoal | >355um num",63,63.5,64,1,588,NA,NA,"RPDv1b","Charcoal (sum)","(additional options)",355,NA,"False","True","number","Macroscopic charcoal (sieved)","direct",NA,"CHAR",87,NA,NA,"quant_raw",2,"volume","cm^3","RPDv1b",1390,"charcoal","count","macrochar","wet_sieve","particle",">355um num",NA,">355um","num","RPDv1b","measured",1,"RPDv1b",NA,"MOS-L1",51.985694,-75.38544,300,"north",NA,NA,"sedswamp",631,0,2012,"van Bellen, S., Garneau, M., Ali, A.A., Bergeron, Y., 2012. Did fires drive Holocene carbon sequestration in boreal ombrotrophic peatlands of eastern Canada? Quaternary Research 78, 50–59.","Did fires drive Holocene carbon sequestration in boreal ombrotrophic peatlands of eastern Canada? Quaternary Research 78, 50-59.",NA,NA,NA,NA,NA,"10.1016/j.yqres.2012.03.009",NA,NA,NA,NA,NA,NA,NA,NA,NA,NA,NA,NA,NA,"RPDv1b:1390",631,"Garneau, M.",1,"Garneau","M.",NA,NA,NA,NA,NA,NA,NA,NA,NA,"RPDv1b:1390",631,"RPDv1b",1390,9854,77.5,0.775,"m",0.01,"AMS","charcoal",1260,20,NA,NA,"UCIAMS-65385",TRUE,NA,"NA Date is in uncalibrated radiocarbon years.","MOS-L1_SIEVED","counted","355-NaN",NA,NA,"",1260,1240,1280,1260,77.5,0.01,"NA Date is in uncalibrated radiocarbon years.",". Cal curve: NA. Source DB: RPDv1b","Swamp","Carbon-14","Radiocarbon",-15,7351,"Calibrated radiocarbon years BP","sedimentary charcoal","Data Sourcing: RPDv1b #charcoal_recommendedformat","Sample Age Source: RPDv1b"
"631",57,"charcoal | >355um num",64,64.5,65,1,632,NA,NA,"RPDv1b","Charcoal (sum)","(additional options)",355,NA,"False","True","number","Macroscopic charcoal (sieved)","direct",NA,"CHAR",544,NA,NA,"quant_raw",2,"volume","cm^3","RPDv1b",1390,"charcoal","count","macrochar","wet_sieve","particle",">355um num",NA,">355um","num","RPDv1b","measured",1,"RPDv1b",NA,"MOS-L1",51.985694,-75.38544,300,"north",NA,NA,"sedswamp",631,0,2012,"van Bellen, S., Garneau, M., Ali, A.A., Bergeron, Y., 2012. Did fires drive Holocene carbon sequestration in boreal ombrotrophic peatlands of eastern Canada? Quaternary Research 78, 50–59.","Did fires drive Holocene carbon sequestration in boreal ombrotrophic peatlands of eastern Canada? Quaternary Research 78, 50-59.",NA,NA,NA,NA,NA,"10.1016/j.yqres.2012.03.009",NA,NA,NA,NA,NA,NA,NA,NA,NA,NA,NA,NA,NA,"RPDv1b:1390",631,"Garneau, M.",1,"Garneau","M.",NA,NA,NA,NA,NA,NA,NA,NA,NA,"RPDv1b:1390",631,"RPDv1b",1390,9854,77.5,0.775,"m",0.01,"AMS","charcoal",1260,20,NA,NA,"UCIAMS-65385",TRUE,NA,"NA Date is in uncalibrated radiocarbon years.","MOS-L1_SIEVED","counted","355-NaN",NA,NA,"",1260,1240,1280,1260,77.5,0.01,"NA Date is in uncalibrated radiocarbon years.",". Cal curve: NA. Source DB: RPDv1b","Swamp","Carbon-14","Radiocarbon",-15,7351,"Calibrated radiocarbon years BP","sedimentary charcoal","Data Sourcing: RPDv1b #charcoal_recommendedformat","Sample Age Source: RPDv1b"
"631",58,"charcoal | >355um num",65,65.5,66,1,676,NA,NA,"RPDv1b","Charcoal (sum)","(additional options)",355,NA,"False","True","number","Macroscopic charcoal (sieved)","direct",NA,"CHAR",6,NA,NA,"quant_raw",2,"volume","cm^3","RPDv1b",1390,"charcoal","count","macrochar","wet_sieve","particle",">355um num",NA,">355um","num","RPDv1b","measured",1,"RPDv1b",NA,"MOS-L1",51.985694,-75.38544,300,"north",NA,NA,"sedswamp",631,0,2012,"van Bellen, S., Garneau, M., Ali, A.A., Bergeron, Y., 2012. Did fires drive Holocene carbon sequestration in boreal ombrotrophic peatlands of eastern Canada? Quaternary Research 78, 50–59.","Did fires drive Holocene carbon sequestration in boreal ombrotrophic peatlands of eastern Canada? Quaternary Research 78, 50-59.",NA,NA,NA,NA,NA,"10.1016/j.yqres.2012.03.009",NA,NA,NA,NA,NA,NA,NA,NA,NA,NA,NA,NA,NA,"RPDv1b:1390",631,"Garneau, M.",1,"Garneau","M.",NA,NA,NA,NA,NA,NA,NA,NA,NA,"RPDv1b:1390",631,"RPDv1b",1390,9854,77.5,0.775,"m",0.01,"AMS","charcoal",1260,20,NA,NA,"UCIAMS-65385",TRUE,NA,"NA Date is in uncalibrated radiocarbon years.","MOS-L1_SIEVED","counted","355-NaN",NA,NA,"",1260,1240,1280,1260,77.5,0.01,"NA Date is in uncalibrated radiocarbon years.",". Cal curve: NA. Source DB: RPDv1b","Swamp","Carbon-14","Radiocarbon",-15,7351,"Calibrated radiocarbon years BP","sedimentary charcoal","Data Sourcing: RPDv1b #charcoal_recommendedformat","Sample Age Source: RPDv1b"
"631",59,"charcoal | >355um num",66,66.5,67,1,721,NA,NA,"RPDv1b","Charcoal (sum)","(additional options)",355,NA,"False","True","number","Macroscopic charcoal (sieved)","direct",NA,"CHAR",4,NA,NA,"quant_raw",2,"volume","cm^3","RPDv1b",1390,"charcoal","count","macrochar","wet_sieve","particle",">355um num",NA,">355um","num","RPDv1b","measured",1,"RPDv1b",NA,"MOS-L1",51.985694,-75.38544,300,"north",NA,NA,"sedswamp",631,0,2012,"van Bellen, S., Garneau, M., Ali, A.A., Bergeron, Y., 2012. Did fires drive Holocene carbon sequestration in boreal ombrotrophic peatlands of eastern Canada? Quaternary Research 78, 50–59.","Did fires drive Holocene carbon sequestration in boreal ombrotrophic peatlands of eastern Canada? Quaternary Research 78, 50-59.",NA,NA,NA,NA,NA,"10.1016/j.yqres.2012.03.009",NA,NA,NA,NA,NA,NA,NA,NA,NA,NA,NA,NA,NA,"RPDv1b:1390",631,"Garneau, M.",1,"Garneau","M.",NA,NA,NA,NA,NA,NA,NA,NA,NA,"RPDv1b:1390",631,"RPDv1b",1390,9854,77.5,0.775,"m",0.01,"AMS","charcoal",1260,20,NA,NA,"UCIAMS-65385",TRUE,NA,"NA Date is in uncalibrated radiocarbon years.","MOS-L1_SIEVED","counted","355-NaN",NA,NA,"",1260,1240,1280,1260,77.5,0.01,"NA Date is in uncalibrated radiocarbon years.",". Cal curve: NA. Source DB: RPDv1b","Swamp","Carbon-14","Radiocarbon",-15,7351,"Calibrated radiocarbon years BP","sedimentary charcoal","Data Sourcing: RPDv1b #charcoal_recommendedformat","Sample Age Source: RPDv1b"
"631",60,"charcoal | >355um num",67,67.5,68,1,765,NA,NA,"RPDv1b","Charcoal (sum)","(additional options)",355,NA,"False","True","number","Macroscopic charcoal (sieved)","direct",NA,"CHAR",10,NA,NA,"quant_raw",2,"volume","cm^3","RPDv1b",1390,"charcoal","count","macrochar","wet_sieve","particle",">355um num",NA,">355um","num","RPDv1b","measured",1,"RPDv1b",NA,"MOS-L1",51.985694,-75.38544,300,"north",NA,NA,"sedswamp",631,0,2012,"van Bellen, S., Garneau, M., Ali, A.A., Bergeron, Y., 2012. Did fires drive Holocene carbon sequestration in boreal ombrotrophic peatlands of eastern Canada? Quaternary Research 78, 50–59.","Did fires drive Holocene carbon sequestration in boreal ombrotrophic peatlands of eastern Canada? Quaternary Research 78, 50-59.",NA,NA,NA,NA,NA,"10.1016/j.yqres.2012.03.009",NA,NA,NA,NA,NA,NA,NA,NA,NA,NA,NA,NA,NA,"RPDv1b:1390",631,"Garneau, M.",1,"Garneau","M.",NA,NA,NA,NA,NA,NA,NA,NA,NA,"RPDv1b:1390",631,"RPDv1b",1390,9854,77.5,0.775,"m",0.01,"AMS","charcoal",1260,20,NA,NA,"UCIAMS-65385",TRUE,NA,"NA Date is in uncalibrated radiocarbon years.","MOS-L1_SIEVED","counted","355-NaN",NA,NA,"",1260,1240,1280,1260,77.5,0.01,"NA Date is in uncalibrated radiocarbon years.",". Cal curve: NA. Source DB: RPDv1b","Swamp","Carbon-14","Radiocarbon",-15,7351,"Calibrated radiocarbon years BP","sedimentary charcoal","Data Sourcing: RPDv1b #charcoal_recommendedformat","Sample Age Source: RPDv1b"
"631",61,"charcoal | >355um num",68,68.5,69,1,810,NA,NA,"RPDv1b","Charcoal (sum)","(additional options)",355,NA,"False","True","number","Macroscopic charcoal (sieved)","direct",NA,"CHAR",7,NA,NA,"quant_raw",2,"volume","cm^3","RPDv1b",1390,"charcoal","count","macrochar","wet_sieve","particle",">355um num",NA,">355um","num","RPDv1b","measured",1,"RPDv1b",NA,"MOS-L1",51.985694,-75.38544,300,"north",NA,NA,"sedswamp",631,0,2012,"van Bellen, S., Garneau, M., Ali, A.A., Bergeron, Y., 2012. Did fires drive Holocene carbon sequestration in boreal ombrotrophic peatlands of eastern Canada? Quaternary Research 78, 50–59.","Did fires drive Holocene carbon sequestration in boreal ombrotrophic peatlands of eastern Canada? Quaternary Research 78, 50-59.",NA,NA,NA,NA,NA,"10.1016/j.yqres.2012.03.009",NA,NA,NA,NA,NA,NA,NA,NA,NA,NA,NA,NA,NA,"RPDv1b:1390",631,"Garneau, M.",1,"Garneau","M.",NA,NA,NA,NA,NA,NA,NA,NA,NA,"RPDv1b:1390",631,"RPDv1b",1390,9854,77.5,0.775,"m",0.01,"AMS","charcoal",1260,20,NA,NA,"UCIAMS-65385",TRUE,NA,"NA Date is in uncalibrated radiocarbon years.","MOS-L1_SIEVED","counted","355-NaN",NA,NA,"",1260,1240,1280,1260,77.5,0.01,"NA Date is in uncalibrated radiocarbon years.",". Cal curve: NA. Source DB: RPDv1b","Swamp","Carbon-14","Radiocarbon",-15,7351,"Calibrated radiocarbon years BP","sedimentary charcoal","Data Sourcing: RPDv1b #charcoal_recommendedformat","Sample Age Source: RPDv1b"
"631",62,"charcoal | >355um num",69,69.5,70,1,855,NA,NA,"RPDv1b","Charcoal (sum)","(additional options)",355,NA,"False","True","number","Macroscopic charcoal (sieved)","direct",NA,"CHAR",10,NA,NA,"quant_raw",2,"volume","cm^3","RPDv1b",1390,"charcoal","count","macrochar","wet_sieve","particle",">355um num",NA,">355um","num","RPDv1b","measured",1,"RPDv1b",NA,"MOS-L1",51.985694,-75.38544,300,"north",NA,NA,"sedswamp",631,0,2012,"van Bellen, S., Garneau, M., Ali, A.A., Bergeron, Y., 2012. Did fires drive Holocene carbon sequestration in boreal ombrotrophic peatlands of eastern Canada? Quaternary Research 78, 50–59.","Did fires drive Holocene carbon sequestration in boreal ombrotrophic peatlands of eastern Canada? Quaternary Research 78, 50-59.",NA,NA,NA,NA,NA,"10.1016/j.yqres.2012.03.009",NA,NA,NA,NA,NA,NA,NA,NA,NA,NA,NA,NA,NA,"RPDv1b:1390",631,"Garneau, M.",1,"Garneau","M.",NA,NA,NA,NA,NA,NA,NA,NA,NA,"RPDv1b:1390",631,"RPDv1b",1390,9854,77.5,0.775,"m",0.01,"AMS","charcoal",1260,20,NA,NA,"UCIAMS-65385",TRUE,NA,"NA Date is in uncalibrated radiocarbon years.","MOS-L1_SIEVED","counted","355-NaN",NA,NA,"",1260,1240,1280,1260,77.5,0.01,"NA Date is in uncalibrated radiocarbon years.",". Cal curve: NA. Source DB: RPDv1b","Swamp","Carbon-14","Radiocarbon",-15,7351,"Calibrated radiocarbon years BP","sedimentary charcoal","Data Sourcing: RPDv1b #charcoal_recommendedformat","Sample Age Source: RPDv1b"
"631",63,"charcoal | >355um num",70,70.5,71,1,900,NA,NA,"RPDv1b","Charcoal (sum)","(additional options)",355,NA,"False","True","number","Macroscopic charcoal (sieved)","direct",NA,"CHAR",5,NA,NA,"quant_raw",2,"volume","cm^3","RPDv1b",1390,"charcoal","count","macrochar","wet_sieve","particle",">355um num",NA,">355um","num","RPDv1b","measured",1,"RPDv1b",NA,"MOS-L1",51.985694,-75.38544,300,"north",NA,NA,"sedswamp",631,0,2012,"van Bellen, S., Garneau, M., Ali, A.A., Bergeron, Y., 2012. Did fires drive Holocene carbon sequestration in boreal ombrotrophic peatlands of eastern Canada? Quaternary Research 78, 50–59.","Did fires drive Holocene carbon sequestration in boreal ombrotrophic peatlands of eastern Canada? Quaternary Research 78, 50-59.",NA,NA,NA,NA,NA,"10.1016/j.yqres.2012.03.009",NA,NA,NA,NA,NA,NA,NA,NA,NA,NA,NA,NA,NA,"RPDv1b:1390",631,"Garneau, M.",1,"Garneau","M.",NA,NA,NA,NA,NA,NA,NA,NA,NA,"RPDv1b:1390",631,"RPDv1b",1390,9854,77.5,0.775,"m",0.01,"AMS","charcoal",1260,20,NA,NA,"UCIAMS-65385",TRUE,NA,"NA Date is in uncalibrated radiocarbon years.","MOS-L1_SIEVED","counted","355-NaN",NA,NA,"",1260,1240,1280,1260,77.5,0.01,"NA Date is in uncalibrated radiocarbon years.",". Cal curve: NA. Source DB: RPDv1b","Swamp","Carbon-14","Radiocarbon",-15,7351,"Calibrated radiocarbon years BP","sedimentary charcoal","Data Sourcing: RPDv1b #charcoal_recommendedformat","Sample Age Source: RPDv1b"
"631",64,"charcoal | >355um num",71,71.5,72,1,945,NA,NA,"RPDv1b","Charcoal (sum)","(additional options)",355,NA,"False","True","number","Macroscopic charcoal (sieved)","direct",NA,"CHAR",6,NA,NA,"quant_raw",2,"volume","cm^3","RPDv1b",1390,"charcoal","count","macrochar","wet_sieve","particle",">355um num",NA,">355um","num","RPDv1b","measured",1,"RPDv1b",NA,"MOS-L1",51.985694,-75.38544,300,"north",NA,NA,"sedswamp",631,0,2012,"van Bellen, S., Garneau, M., Ali, A.A., Bergeron, Y., 2012. Did fires drive Holocene carbon sequestration in boreal ombrotrophic peatlands of eastern Canada? Quaternary Research 78, 50–59.","Did fires drive Holocene carbon sequestration in boreal ombrotrophic peatlands of eastern Canada? Quaternary Research 78, 50-59.",NA,NA,NA,NA,NA,"10.1016/j.yqres.2012.03.009",NA,NA,NA,NA,NA,NA,NA,NA,NA,NA,NA,NA,NA,"RPDv1b:1390",631,"Garneau, M.",1,"Garneau","M.",NA,NA,NA,NA,NA,NA,NA,NA,NA,"RPDv1b:1390",631,"RPDv1b",1390,9855,89.5,0.895,"m",0.01,"AMS","charcoal",1840,20,NA,NA,"UCIAMS-65389",TRUE,NA,"NA Date is in uncalibrated radiocarbon years.","MOS-L1_SIEVED","counted","355-NaN",NA,NA,"",1840,1820,1860,1840,89.5,0.01,"NA Date is in uncalibrated radiocarbon years.",". Cal curve: NA. Source DB: RPDv1b","Swamp","Carbon-14","Radiocarbon",-15,7351,"Calibrated radiocarbon years BP","sedimentary charcoal","Data Sourcing: RPDv1b #charcoal_recommendedformat","Sample Age Source: RPDv1b"
"631",65,"charcoal | >355um num",72,72.5,73,1,990,NA,NA,"RPDv1b","Charcoal (sum)","(additional options)",355,NA,"False","True","number","Macroscopic charcoal (sieved)","direct",NA,"CHAR",6,NA,NA,"quant_raw",2,"volume","cm^3","RPDv1b",1390,"charcoal","count","macrochar","wet_sieve","particle",">355um num",NA,">355um","num","RPDv1b","measured",1,"RPDv1b",NA,"MOS-L1",51.985694,-75.38544,300,"north",NA,NA,"sedswamp",631,0,2012,"van Bellen, S., Garneau, M., Ali, A.A., Bergeron, Y., 2012. Did fires drive Holocene carbon sequestration in boreal ombrotrophic peatlands of eastern Canada? Quaternary Research 78, 50–59.","Did fires drive Holocene carbon sequestration in boreal ombrotrophic peatlands of eastern Canada? Quaternary Research 78, 50-59.",NA,NA,NA,NA,NA,"10.1016/j.yqres.2012.03.009",NA,NA,NA,NA,NA,NA,NA,NA,NA,NA,NA,NA,NA,"RPDv1b:1390",631,"Garneau, M.",1,"Garneau","M.",NA,NA,NA,NA,NA,NA,NA,NA,NA,"RPDv1b:1390",631,"RPDv1b",1390,9855,89.5,0.895,"m",0.01,"AMS","charcoal",1840,20,NA,NA,"UCIAMS-65389",TRUE,NA,"NA Date is in uncalibrated radiocarbon years.","MOS-L1_SIEVED","counted","355-NaN",NA,NA,"",1840,1820,1860,1840,89.5,0.01,"NA Date is in uncalibrated radiocarbon years.",". Cal curve: NA. Source DB: RPDv1b","Swamp","Carbon-14","Radiocarbon",-15,7351,"Calibrated radiocarbon years BP","sedimentary charcoal","Data Sourcing: RPDv1b #charcoal_recommendedformat","Sample Age Source: RPDv1b"
"631",66,"charcoal | >355um num",73,73.5,74,1,1035,NA,NA,"RPDv1b","Charcoal (sum)","(additional options)",355,NA,"False","True","number","Macroscopic charcoal (sieved)","direct",NA,"CHAR",0,NA,NA,"quant_raw",2,"volume","cm^3","RPDv1b",1390,"charcoal","count","macrochar","wet_sieve","particle",">355um num",NA,">355um","num","RPDv1b","measured",1,"RPDv1b",NA,"MOS-L1",51.985694,-75.38544,300,"north",NA,NA,"sedswamp",631,0,2012,"van Bellen, S., Garneau, M., Ali, A.A., Bergeron, Y., 2012. Did fires drive Holocene carbon sequestration in boreal ombrotrophic peatlands of eastern Canada? Quaternary Research 78, 50–59.","Did fires drive Holocene carbon sequestration in boreal ombrotrophic peatlands of eastern Canada? Quaternary Research 78, 50-59.",NA,NA,NA,NA,NA,"10.1016/j.yqres.2012.03.009",NA,NA,NA,NA,NA,NA,NA,NA,NA,NA,NA,NA,NA,"RPDv1b:1390",631,"Garneau, M.",1,"Garneau","M.",NA,NA,NA,NA,NA,NA,NA,NA,NA,"RPDv1b:1390",631,"RPDv1b",1390,9855,89.5,0.895,"m",0.01,"AMS","charcoal",1840,20,NA,NA,"UCIAMS-65389",TRUE,NA,"NA Date is in uncalibrated radiocarbon years.","MOS-L1_SIEVED","counted","355-NaN",NA,NA,"",1840,1820,1860,1840,89.5,0.01,"NA Date is in uncalibrated radiocarbon years.",". Cal curve: NA. Source DB: RPDv1b","Swamp","Carbon-14","Radiocarbon",-15,7351,"Calibrated radiocarbon years BP","sedimentary charcoal","Data Sourcing: RPDv1b #charcoal_recommendedformat","Sample Age Source: RPDv1b"
"631",67,"charcoal | >355um num",74,74.5,75,1,1080,NA,NA,"RPDv1b","Charcoal (sum)","(additional options)",355,NA,"False","True","number","Macroscopic charcoal (sieved)","direct",NA,"CHAR",16,NA,NA,"quant_raw",2,"volume","cm^3","RPDv1b",1390,"charcoal","count","macrochar","wet_sieve","particle",">355um num",NA,">355um","num","RPDv1b","measured",1,"RPDv1b",NA,"MOS-L1",51.985694,-75.38544,300,"north",NA,NA,"sedswamp",631,0,2012,"van Bellen, S., Garneau, M., Ali, A.A., Bergeron, Y., 2012. Did fires drive Holocene carbon sequestration in boreal ombrotrophic peatlands of eastern Canada? Quaternary Research 78, 50–59.","Did fires drive Holocene carbon sequestration in boreal ombrotrophic peatlands of eastern Canada? Quaternary Research 78, 50-59.",NA,NA,NA,NA,NA,"10.1016/j.yqres.2012.03.009",NA,NA,NA,NA,NA,NA,NA,NA,NA,NA,NA,NA,NA,"RPDv1b:1390",631,"Garneau, M.",1,"Garneau","M.",NA,NA,NA,NA,NA,NA,NA,NA,NA,"RPDv1b:1390",631,"RPDv1b",1390,9855,89.5,0.895,"m",0.01,"AMS","charcoal",1840,20,NA,NA,"UCIAMS-65389",TRUE,NA,"NA Date is in uncalibrated radiocarbon years.","MOS-L1_SIEVED","counted","355-NaN",NA,NA,"",1840,1820,1860,1840,89.5,0.01,"NA Date is in uncalibrated radiocarbon years.",". Cal curve: NA. Source DB: RPDv1b","Swamp","Carbon-14","Radiocarbon",-15,7351,"Calibrated radiocarbon years BP","sedimentary charcoal","Data Sourcing: RPDv1b #charcoal_recommendedformat","Sample Age Source: RPDv1b"
"631",68,"charcoal | >355um num",75,75.5,76,1,1124,NA,NA,"RPDv1b","Charcoal (sum)","(additional options)",355,NA,"False","True","number","Macroscopic charcoal (sieved)","direct",NA,"CHAR",6,NA,NA,"quant_raw",2,"volume","cm^3","RPDv1b",1390,"charcoal","count","macrochar","wet_sieve","particle",">355um num",NA,">355um","num","RPDv1b","measured",1,"RPDv1b",NA,"MOS-L1",51.985694,-75.38544,300,"north",NA,NA,"sedswamp",631,0,2012,"van Bellen, S., Garneau, M., Ali, A.A., Bergeron, Y., 2012. Did fires drive Holocene carbon sequestration in boreal ombrotrophic peatlands of eastern Canada? Quaternary Research 78, 50–59.","Did fires drive Holocene carbon sequestration in boreal ombrotrophic peatlands of eastern Canada? Quaternary Research 78, 50-59.",NA,NA,NA,NA,NA,"10.1016/j.yqres.2012.03.009",NA,NA,NA,NA,NA,NA,NA,NA,NA,NA,NA,NA,NA,"RPDv1b:1390",631,"Garneau, M.",1,"Garneau","M.",NA,NA,NA,NA,NA,NA,NA,NA,NA,"RPDv1b:1390",631,"RPDv1b",1390,9855,89.5,0.895,"m",0.01,"AMS","charcoal",1840,20,NA,NA,"UCIAMS-65389",TRUE,NA,"NA Date is in uncalibrated radiocarbon years.","MOS-L1_SIEVED","counted","355-NaN",NA,NA,"",1840,1820,1860,1840,89.5,0.01,"NA Date is in uncalibrated radiocarbon years.",". Cal curve: NA. Source DB: RPDv1b","Swamp","Carbon-14","Radiocarbon",-15,7351,"Calibrated radiocarbon years BP","sedimentary charcoal","Data Sourcing: RPDv1b #charcoal_recommendedformat","Sample Age Source: RPDv1b"
"631",69,"charcoal | >355um num",76,76.5,77,1,1170,NA,NA,"RPDv1b","Charcoal (sum)","(additional options)",355,NA,"False","True","number","Macroscopic charcoal (sieved)","direct",NA,"CHAR",11,NA,NA,"quant_raw",2,"volume","cm^3","RPDv1b",1390,"charcoal","count","macrochar","wet_sieve","particle",">355um num",NA,">355um","num","RPDv1b","measured",1,"RPDv1b",NA,"MOS-L1",51.985694,-75.38544,300,"north",NA,NA,"sedswamp",631,0,2012,"van Bellen, S., Garneau, M., Ali, A.A., Bergeron, Y., 2012. Did fires drive Holocene carbon sequestration in boreal ombrotrophic peatlands of eastern Canada? Quaternary Research 78, 50–59.","Did fires drive Holocene carbon sequestration in boreal ombrotrophic peatlands of eastern Canada? Quaternary Research 78, 50-59.",NA,NA,NA,NA,NA,"10.1016/j.yqres.2012.03.009",NA,NA,NA,NA,NA,NA,NA,NA,NA,NA,NA,NA,NA,"RPDv1b:1390",631,"Garneau, M.",1,"Garneau","M.",NA,NA,NA,NA,NA,NA,NA,NA,NA,"RPDv1b:1390",631,"RPDv1b",1390,9855,89.5,0.895,"m",0.01,"AMS","charcoal",1840,20,NA,NA,"UCIAMS-65389",TRUE,NA,"NA Date is in uncalibrated radiocarbon years.","MOS-L1_SIEVED","counted","355-NaN",NA,NA,"",1840,1820,1860,1840,89.5,0.01,"NA Date is in uncalibrated radiocarbon years.",". Cal curve: NA. Source DB: RPDv1b","Swamp","Carbon-14","Radiocarbon",-15,7351,"Calibrated radiocarbon years BP","sedimentary charcoal","Data Sourcing: RPDv1b #charcoal_recommendedformat","Sample Age Source: RPDv1b"
"631",70,"charcoal | >355um num",77,77.5,78,1,1218,NA,NA,"RPDv1b","Charcoal (sum)","(additional options)",355,NA,"False","True","number","Macroscopic charcoal (sieved)","direct",NA,"CHAR",488,NA,NA,"quant_raw",2,"volume","cm^3","RPDv1b",1390,"charcoal","count","macrochar","wet_sieve","particle",">355um num",NA,">355um","num","RPDv1b","measured",1,"RPDv1b",NA,"MOS-L1",51.985694,-75.38544,300,"north",NA,NA,"sedswamp",631,0,2012,"van Bellen, S., Garneau, M., Ali, A.A., Bergeron, Y., 2012. Did fires drive Holocene carbon sequestration in boreal ombrotrophic peatlands of eastern Canada? Quaternary Research 78, 50–59.","Did fires drive Holocene carbon sequestration in boreal ombrotrophic peatlands of eastern Canada? Quaternary Research 78, 50-59.",NA,NA,NA,NA,NA,"10.1016/j.yqres.2012.03.009",NA,NA,NA,NA,NA,NA,NA,NA,NA,NA,NA,NA,NA,"RPDv1b:1390",631,"Garneau, M.",1,"Garneau","M.",NA,NA,NA,NA,NA,NA,NA,NA,NA,"RPDv1b:1390",631,"RPDv1b",1390,9855,89.5,0.895,"m",0.01,"AMS","charcoal",1840,20,NA,NA,"UCIAMS-65389",TRUE,NA,"NA Date is in uncalibrated radiocarbon years.","MOS-L1_SIEVED","counted","355-NaN",NA,NA,"",1840,1820,1860,1840,89.5,0.01,"NA Date is in uncalibrated radiocarbon years.",". Cal curve: NA. Source DB: RPDv1b","Swamp","Carbon-14","Radiocarbon",-15,7351,"Calibrated radiocarbon years BP","sedimentary charcoal","Data Sourcing: RPDv1b #charcoal_recommendedformat","Sample Age Source: RPDv1b"
"631",71,"charcoal | >355um num",78,78.5,79,1,1267,NA,NA,"RPDv1b","Charcoal (sum)","(additional options)",355,NA,"False","True","number","Macroscopic charcoal (sieved)","direct",NA,"CHAR",1,NA,NA,"quant_raw",2,"volume","cm^3","RPDv1b",1390,"charcoal","count","macrochar","wet_sieve","particle",">355um num",NA,">355um","num","RPDv1b","measured",1,"RPDv1b",NA,"MOS-L1",51.985694,-75.38544,300,"north",NA,NA,"sedswamp",631,0,2012,"van Bellen, S., Garneau, M., Ali, A.A., Bergeron, Y., 2012. Did fires drive Holocene carbon sequestration in boreal ombrotrophic peatlands of eastern Canada? Quaternary Research 78, 50–59.","Did fires drive Holocene carbon sequestration in boreal ombrotrophic peatlands of eastern Canada? Quaternary Research 78, 50-59.",NA,NA,NA,NA,NA,"10.1016/j.yqres.2012.03.009",NA,NA,NA,NA,NA,NA,NA,NA,NA,NA,NA,NA,NA,"RPDv1b:1390",631,"Garneau, M.",1,"Garneau","M.",NA,NA,NA,NA,NA,NA,NA,NA,NA,"RPDv1b:1390",631,"RPDv1b",1390,9855,89.5,0.895,"m",0.01,"AMS","charcoal",1840,20,NA,NA,"UCIAMS-65389",TRUE,NA,"NA Date is in uncalibrated radiocarbon years.","MOS-L1_SIEVED","counted","355-NaN",NA,NA,"",1840,1820,1860,1840,89.5,0.01,"NA Date is in uncalibrated radiocarbon years.",". Cal curve: NA. Source DB: RPDv1b","Swamp","Carbon-14","Radiocarbon",-15,7351,"Calibrated radiocarbon years BP","sedimentary charcoal","Data Sourcing: RPDv1b #charcoal_recommendedformat","Sample Age Source: RPDv1b"
"631",72,"charcoal | >355um num",79,79.5,80,1,1313,NA,NA,"RPDv1b","Charcoal (sum)","(additional options)",355,NA,"False","True","number","Macroscopic charcoal (sieved)","direct",NA,"CHAR",3,NA,NA,"quant_raw",2,"volume","cm^3","RPDv1b",1390,"charcoal","count","macrochar","wet_sieve","particle",">355um num",NA,">355um","num","RPDv1b","measured",1,"RPDv1b",NA,"MOS-L1",51.985694,-75.38544,300,"north",NA,NA,"sedswamp",631,0,2012,"van Bellen, S., Garneau, M., Ali, A.A., Bergeron, Y., 2012. Did fires drive Holocene carbon sequestration in boreal ombrotrophic peatlands of eastern Canada? Quaternary Research 78, 50–59.","Did fires drive Holocene carbon sequestration in boreal ombrotrophic peatlands of eastern Canada? Quaternary Research 78, 50-59.",NA,NA,NA,NA,NA,"10.1016/j.yqres.2012.03.009",NA,NA,NA,NA,NA,NA,NA,NA,NA,NA,NA,NA,NA,"RPDv1b:1390",631,"Garneau, M.",1,"Garneau","M.",NA,NA,NA,NA,NA,NA,NA,NA,NA,"RPDv1b:1390",631,"RPDv1b",1390,9855,89.5,0.895,"m",0.01,"AMS","charcoal",1840,20,NA,NA,"UCIAMS-65389",TRUE,NA,"NA Date is in uncalibrated radiocarbon years.","MOS-L1_SIEVED","counted","355-NaN",NA,NA,"",1840,1820,1860,1840,89.5,0.01,"NA Date is in uncalibrated radiocarbon years.",". Cal curve: NA. Source DB: RPDv1b","Swamp","Carbon-14","Radiocarbon",-15,7351,"Calibrated radiocarbon years BP","sedimentary charcoal","Data Sourcing: RPDv1b #charcoal_recommendedformat","Sample Age Source: RPDv1b"
"631",73,"charcoal | >355um num",80,80.5,81,1,1359,NA,NA,"RPDv1b","Charcoal (sum)","(additional options)",355,NA,"False","True","number","Macroscopic charcoal (sieved)","direct",NA,"CHAR",8,NA,NA,"quant_raw",2,"volume","cm^3","RPDv1b",1390,"charcoal","count","macrochar","wet_sieve","particle",">355um num",NA,">355um","num","RPDv1b","measured",1,"RPDv1b",NA,"MOS-L1",51.985694,-75.38544,300,"north",NA,NA,"sedswamp",631,0,2012,"van Bellen, S., Garneau, M., Ali, A.A., Bergeron, Y., 2012. Did fires drive Holocene carbon sequestration in boreal ombrotrophic peatlands of eastern Canada? Quaternary Research 78, 50–59.","Did fires drive Holocene carbon sequestration in boreal ombrotrophic peatlands of eastern Canada? Quaternary Research 78, 50-59.",NA,NA,NA,NA,NA,"10.1016/j.yqres.2012.03.009",NA,NA,NA,NA,NA,NA,NA,NA,NA,NA,NA,NA,NA,"RPDv1b:1390",631,"Garneau, M.",1,"Garneau","M.",NA,NA,NA,NA,NA,NA,NA,NA,NA,"RPDv1b:1390",631,"RPDv1b",1390,9855,89.5,0.895,"m",0.01,"AMS","charcoal",1840,20,NA,NA,"UCIAMS-65389",TRUE,NA,"NA Date is in uncalibrated radiocarbon years.","MOS-L1_SIEVED","counted","355-NaN",NA,NA,"",1840,1820,1860,1840,89.5,0.01,"NA Date is in uncalibrated radiocarbon years.",". Cal curve: NA. Source DB: RPDv1b","Swamp","Carbon-14","Radiocarbon",-15,7351,"Calibrated radiocarbon years BP","sedimentary charcoal","Data Sourcing: RPDv1b #charcoal_recommendedformat","Sample Age Source: RPDv1b"
"631",74,"charcoal | >355um num",81,81.5,82,1,1405,NA,NA,"RPDv1b","Charcoal (sum)","(additional options)",355,NA,"False","True","number","Macroscopic charcoal (sieved)","direct",NA,"CHAR",4,NA,NA,"quant_raw",2,"volume","cm^3","RPDv1b",1390,"charcoal","count","macrochar","wet_sieve","particle",">355um num",NA,">355um","num","RPDv1b","measured",1,"RPDv1b",NA,"MOS-L1",51.985694,-75.38544,300,"north",NA,NA,"sedswamp",631,0,2012,"van Bellen, S., Garneau, M., Ali, A.A., Bergeron, Y., 2012. Did fires drive Holocene carbon sequestration in boreal ombrotrophic peatlands of eastern Canada? Quaternary Research 78, 50–59.","Did fires drive Holocene carbon sequestration in boreal ombrotrophic peatlands of eastern Canada? Quaternary Research 78, 50-59.",NA,NA,NA,NA,NA,"10.1016/j.yqres.2012.03.009",NA,NA,NA,NA,NA,NA,NA,NA,NA,NA,NA,NA,NA,"RPDv1b:1390",631,"Garneau, M.",1,"Garneau","M.",NA,NA,NA,NA,NA,NA,NA,NA,NA,"RPDv1b:1390",631,"RPDv1b",1390,9855,89.5,0.895,"m",0.01,"AMS","charcoal",1840,20,NA,NA,"UCIAMS-65389",TRUE,NA,"NA Date is in uncalibrated radiocarbon years.","MOS-L1_SIEVED","counted","355-NaN",NA,NA,"",1840,1820,1860,1840,89.5,0.01,"NA Date is in uncalibrated radiocarbon years.",". Cal curve: NA. Source DB: RPDv1b","Swamp","Carbon-14","Radiocarbon",-15,7351,"Calibrated radiocarbon years BP","sedimentary charcoal","Data Sourcing: RPDv1b #charcoal_recommendedformat","Sample Age Source: RPDv1b"
"631",75,"charcoal | >355um num",82,82.5,83,1,1451,NA,NA,"RPDv1b","Charcoal (sum)","(additional options)",355,NA,"False","True","number","Macroscopic charcoal (sieved)","direct",NA,"CHAR",0,NA,NA,"quant_raw",2,"volume","cm^3","RPDv1b",1390,"charcoal","count","macrochar","wet_sieve","particle",">355um num",NA,">355um","num","RPDv1b","measured",1,"RPDv1b",NA,"MOS-L1",51.985694,-75.38544,300,"north",NA,NA,"sedswamp",631,0,2012,"van Bellen, S., Garneau, M., Ali, A.A., Bergeron, Y., 2012. Did fires drive Holocene carbon sequestration in boreal ombrotrophic peatlands of eastern Canada? Quaternary Research 78, 50–59.","Did fires drive Holocene carbon sequestration in boreal ombrotrophic peatlands of eastern Canada? Quaternary Research 78, 50-59.",NA,NA,NA,NA,NA,"10.1016/j.yqres.2012.03.009",NA,NA,NA,NA,NA,NA,NA,NA,NA,NA,NA,NA,NA,"RPDv1b:1390",631,"Garneau, M.",1,"Garneau","M.",NA,NA,NA,NA,NA,NA,NA,NA,NA,"RPDv1b:1390",631,"RPDv1b",1390,9855,89.5,0.895,"m",0.01,"AMS","charcoal",1840,20,NA,NA,"UCIAMS-65389",TRUE,NA,"NA Date is in uncalibrated radiocarbon years.","MOS-L1_SIEVED","counted","355-NaN",NA,NA,"",1840,1820,1860,1840,89.5,0.01,"NA Date is in uncalibrated radiocarbon years.",". Cal curve: NA. Source DB: RPDv1b","Swamp","Carbon-14","Radiocarbon",-15,7351,"Calibrated radiocarbon years BP","sedimentary charcoal","Data Sourcing: RPDv1b #charcoal_recommendedformat","Sample Age Source: RPDv1b"
"631",76,"charcoal | >355um num",83,83.5,84,1,1497,NA,NA,"RPDv1b","Charcoal (sum)","(additional options)",355,NA,"False","True","number","Macroscopic charcoal (sieved)","direct",NA,"CHAR",0,NA,NA,"quant_raw",2,"volume","cm^3","RPDv1b",1390,"charcoal","count","macrochar","wet_sieve","particle",">355um num",NA,">355um","num","RPDv1b","measured",1,"RPDv1b",NA,"MOS-L1",51.985694,-75.38544,300,"north",NA,NA,"sedswamp",631,0,2012,"van Bellen, S., Garneau, M., Ali, A.A., Bergeron, Y., 2012. Did fires drive Holocene carbon sequestration in boreal ombrotrophic peatlands of eastern Canada? Quaternary Research 78, 50–59.","Did fires drive Holocene carbon sequestration in boreal ombrotrophic peatlands of eastern Canada? Quaternary Research 78, 50-59.",NA,NA,NA,NA,NA,"10.1016/j.yqres.2012.03.009",NA,NA,NA,NA,NA,NA,NA,NA,NA,NA,NA,NA,NA,"RPDv1b:1390",631,"Garneau, M.",1,"Garneau","M.",NA,NA,NA,NA,NA,NA,NA,NA,NA,"RPDv1b:1390",631,"RPDv1b",1390,9855,89.5,0.895,"m",0.01,"AMS","charcoal",1840,20,NA,NA,"UCIAMS-65389",TRUE,NA,"NA Date is in uncalibrated radiocarbon years.","MOS-L1_SIEVED","counted","355-NaN",NA,NA,"",1840,1820,1860,1840,89.5,0.01,"NA Date is in uncalibrated radiocarbon years.",". Cal curve: NA. Source DB: RPDv1b","Swamp","Carbon-14","Radiocarbon",-15,7351,"Calibrated radiocarbon years BP","sedimentary charcoal","Data Sourcing: RPDv1b #charcoal_recommendedformat","Sample Age Source: RPDv1b"
"631",77,"charcoal | >355um num",84,84.5,85,1,1544,NA,NA,"RPDv1b","Charcoal (sum)","(additional options)",355,NA,"False","True","number","Macroscopic charcoal (sieved)","direct",NA,"CHAR",6,NA,NA,"quant_raw",2,"volume","cm^3","RPDv1b",1390,"charcoal","count","macrochar","wet_sieve","particle",">355um num",NA,">355um","num","RPDv1b","measured",1,"RPDv1b",NA,"MOS-L1",51.985694,-75.38544,300,"north",NA,NA,"sedswamp",631,0,2012,"van Bellen, S., Garneau, M., Ali, A.A., Bergeron, Y., 2012. Did fires drive Holocene carbon sequestration in boreal ombrotrophic peatlands of eastern Canada? Quaternary Research 78, 50–59.","Did fires drive Holocene carbon sequestration in boreal ombrotrophic peatlands of eastern Canada? Quaternary Research 78, 50-59.",NA,NA,NA,NA,NA,"10.1016/j.yqres.2012.03.009",NA,NA,NA,NA,NA,NA,NA,NA,NA,NA,NA,NA,NA,"RPDv1b:1390",631,"Garneau, M.",1,"Garneau","M.",NA,NA,NA,NA,NA,NA,NA,NA,NA,"RPDv1b:1390",631,"RPDv1b",1390,9855,89.5,0.895,"m",0.01,"AMS","charcoal",1840,20,NA,NA,"UCIAMS-65389",TRUE,NA,"NA Date is in uncalibrated radiocarbon years.","MOS-L1_SIEVED","counted","355-NaN",NA,NA,"",1840,1820,1860,1840,89.5,0.01,"NA Date is in uncalibrated radiocarbon years.",". Cal curve: NA. Source DB: RPDv1b","Swamp","Carbon-14","Radiocarbon",-15,7351,"Calibrated radiocarbon years BP","sedimentary charcoal","Data Sourcing: RPDv1b #charcoal_recommendedformat","Sample Age Source: RPDv1b"
"631",78,"charcoal | >355um num",85,85.5,86,1,1591,NA,NA,"RPDv1b","Charcoal (sum)","(additional options)",355,NA,"False","True","number","Macroscopic charcoal (sieved)","direct",NA,"CHAR",11,NA,NA,"quant_raw",2,"volume","cm^3","RPDv1b",1390,"charcoal","count","macrochar","wet_sieve","particle",">355um num",NA,">355um","num","RPDv1b","measured",1,"RPDv1b",NA,"MOS-L1",51.985694,-75.38544,300,"north",NA,NA,"sedswamp",631,0,2012,"van Bellen, S., Garneau, M., Ali, A.A., Bergeron, Y., 2012. Did fires drive Holocene carbon sequestration in boreal ombrotrophic peatlands of eastern Canada? Quaternary Research 78, 50–59.","Did fires drive Holocene carbon sequestration in boreal ombrotrophic peatlands of eastern Canada? Quaternary Research 78, 50-59.",NA,NA,NA,NA,NA,"10.1016/j.yqres.2012.03.009",NA,NA,NA,NA,NA,NA,NA,NA,NA,NA,NA,NA,NA,"RPDv1b:1390",631,"Garneau, M.",1,"Garneau","M.",NA,NA,NA,NA,NA,NA,NA,NA,NA,"RPDv1b:1390",631,"RPDv1b",1390,9855,89.5,0.895,"m",0.01,"AMS","charcoal",1840,20,NA,NA,"UCIAMS-65389",TRUE,NA,"NA Date is in uncalibrated radiocarbon years.","MOS-L1_SIEVED","counted","355-NaN",NA,NA,"",1840,1820,1860,1840,89.5,0.01,"NA Date is in uncalibrated radiocarbon years.",". Cal curve: NA. Source DB: RPDv1b","Swamp","Carbon-14","Radiocarbon",-15,7351,"Calibrated radiocarbon years BP","sedimentary charcoal","Data Sourcing: RPDv1b #charcoal_recommendedformat","Sample Age Source: RPDv1b"
"631",79,"charcoal | >355um num",86,86.5,87,1,1637,NA,NA,"RPDv1b","Charcoal (sum)","(additional options)",355,NA,"False","True","number","Macroscopic charcoal (sieved)","direct",NA,"CHAR",8,NA,NA,"quant_raw",2,"volume","cm^3","RPDv1b",1390,"charcoal","count","macrochar","wet_sieve","particle",">355um num",NA,">355um","num","RPDv1b","measured",1,"RPDv1b",NA,"MOS-L1",51.985694,-75.38544,300,"north",NA,NA,"sedswamp",631,0,2012,"van Bellen, S., Garneau, M., Ali, A.A., Bergeron, Y., 2012. Did fires drive Holocene carbon sequestration in boreal ombrotrophic peatlands of eastern Canada? Quaternary Research 78, 50–59.","Did fires drive Holocene carbon sequestration in boreal ombrotrophic peatlands of eastern Canada? Quaternary Research 78, 50-59.",NA,NA,NA,NA,NA,"10.1016/j.yqres.2012.03.009",NA,NA,NA,NA,NA,NA,NA,NA,NA,NA,NA,NA,NA,"RPDv1b:1390",631,"Garneau, M.",1,"Garneau","M.",NA,NA,NA,NA,NA,NA,NA,NA,NA,"RPDv1b:1390",631,"RPDv1b",1390,9855,89.5,0.895,"m",0.01,"AMS","charcoal",1840,20,NA,NA,"UCIAMS-65389",TRUE,NA,"NA Date is in uncalibrated radiocarbon years.","MOS-L1_SIEVED","counted","355-NaN",NA,NA,"",1840,1820,1860,1840,89.5,0.01,"NA Date is in uncalibrated radiocarbon years.",". Cal curve: NA. Source DB: RPDv1b","Swamp","Carbon-14","Radiocarbon",-15,7351,"Calibrated radiocarbon years BP","sedimentary charcoal","Data Sourcing: RPDv1b #charcoal_recommendedformat","Sample Age Source: RPDv1b"
"631",80,"charcoal | >355um num",87,87.5,88,1,1683,NA,NA,"RPDv1b","Charcoal (sum)","(additional options)",355,NA,"False","True","number","Macroscopic charcoal (sieved)","direct",NA,"CHAR",52,NA,NA,"quant_raw",2,"volume","cm^3","RPDv1b",1390,"charcoal","count","macrochar","wet_sieve","particle",">355um num",NA,">355um","num","RPDv1b","measured",1,"RPDv1b",NA,"MOS-L1",51.985694,-75.38544,300,"north",NA,NA,"sedswamp",631,0,2012,"van Bellen, S., Garneau, M., Ali, A.A., Bergeron, Y., 2012. Did fires drive Holocene carbon sequestration in boreal ombrotrophic peatlands of eastern Canada? Quaternary Research 78, 50–59.","Did fires drive Holocene carbon sequestration in boreal ombrotrophic peatlands of eastern Canada? Quaternary Research 78, 50-59.",NA,NA,NA,NA,NA,"10.1016/j.yqres.2012.03.009",NA,NA,NA,NA,NA,NA,NA,NA,NA,NA,NA,NA,NA,"RPDv1b:1390",631,"Ali, A.A.",1,"Ali","A.A.",NA,NA,NA,NA,NA,NA,NA,NA,NA,"RPDv1b:1390",631,"RPDv1b",1390,9855,89.5,0.895,"m",0.01,"AMS","charcoal",1840,20,NA,NA,"UCIAMS-65389",TRUE,NA,"NA Date is in uncalibrated radiocarbon years.","MOS-L1_SIEVED","counted","355-NaN",NA,NA,"",1840,1820,1860,1840,89.5,0.01,"NA Date is in uncalibrated radiocarbon years.",". Cal curve: NA. Source DB: RPDv1b","Swamp","Carbon-14","Radiocarbon",-15,7351,"Calibrated radiocarbon years BP","sedimentary charcoal","Data Sourcing: RPDv1b #charcoal_recommendedformat","Sample Age Source: RPDv1b"
"631",81,"charcoal | >355um num",88,88.5,89,1,1730,NA,NA,"RPDv1b","Charcoal (sum)","(additional options)",355,NA,"False","True","number","Macroscopic charcoal (sieved)","direct",NA,"CHAR",103,NA,NA,"quant_raw",2,"volume","cm^3","RPDv1b",1390,"charcoal","count","macrochar","wet_sieve","particle",">355um num",NA,">355um","num","RPDv1b","measured",1,"RPDv1b",NA,"MOS-L1",51.985694,-75.38544,300,"north",NA,NA,"sedswamp",631,0,2012,"van Bellen, S., Garneau, M., Ali, A.A., Bergeron, Y., 2012. Did fires drive Holocene carbon sequestration in boreal ombrotrophic peatlands of eastern Canada? Quaternary Research 78, 50–59.","Did fires drive Holocene carbon sequestration in boreal ombrotrophic peatlands of eastern Canada? Quaternary Research 78, 50-59.",NA,NA,NA,NA,NA,"10.1016/j.yqres.2012.03.009",NA,NA,NA,NA,NA,NA,NA,NA,NA,NA,NA,NA,NA,"RPDv1b:1390",631,"Ali, A.A.",1,"Ali","A.A.",NA,NA,NA,NA,NA,NA,NA,NA,NA,"RPDv1b:1390",631,"RPDv1b",1390,9855,89.5,0.895,"m",0.01,"AMS","charcoal",1840,20,NA,NA,"UCIAMS-65389",TRUE,NA,"NA Date is in uncalibrated radiocarbon years.","MOS-L1_SIEVED","counted","355-NaN",NA,NA,"",1840,1820,1860,1840,89.5,0.01,"NA Date is in uncalibrated radiocarbon years.",". Cal curve: NA. Source DB: RPDv1b","Swamp","Carbon-14","Radiocarbon",-15,7351,"Calibrated radiocarbon years BP","sedimentary charcoal","Data Sourcing: RPDv1b #charcoal_recommendedformat","Sample Age Source: RPDv1b"
"631",82,"charcoal | >355um num",89,89.5,90,1,1787,NA,NA,"RPDv1b","Charcoal (sum)","(additional options)",355,NA,"False","True","number","Macroscopic charcoal (sieved)","direct",NA,"CHAR",511,NA,NA,"quant_raw",2,"volume","cm^3","RPDv1b",1390,"charcoal","count","macrochar","wet_sieve","particle",">355um num",NA,">355um","num","RPDv1b","measured",1,"RPDv1b",NA,"MOS-L1",51.985694,-75.38544,300,"north",NA,NA,"sedswamp",631,0,2012,"van Bellen, S., Garneau, M., Ali, A.A., Bergeron, Y., 2012. Did fires drive Holocene carbon sequestration in boreal ombrotrophic peatlands of eastern Canada? Quaternary Research 78, 50–59.","Did fires drive Holocene carbon sequestration in boreal ombrotrophic peatlands of eastern Canada? Quaternary Research 78, 50-59.",NA,NA,NA,NA,NA,"10.1016/j.yqres.2012.03.009",NA,NA,NA,NA,NA,NA,NA,NA,NA,NA,NA,NA,NA,"RPDv1b:1390",631,"Ali, A.A.",1,"Ali","A.A.",NA,NA,NA,NA,NA,NA,NA,NA,NA,"RPDv1b:1390",631,"RPDv1b",1390,9855,89.5,0.895,"m",0.01,"AMS","charcoal",1840,20,NA,NA,"UCIAMS-65389",TRUE,NA,"NA Date is in uncalibrated radiocarbon years.","MOS-L1_SIEVED","counted","355-NaN",NA,NA,"",1840,1820,1860,1840,89.5,0.01,"NA Date is in uncalibrated radiocarbon years.",". Cal curve: NA. Source DB: RPDv1b","Swamp","Carbon-14","Radiocarbon",-15,7351,"Calibrated radiocarbon years BP","sedimentary charcoal","Data Sourcing: RPDv1b #charcoal_recommendedformat","Sample Age Source: RPDv1b"
"631",83,"charcoal | >355um num",90,90.5,91,1,1858,NA,NA,"RPDv1b","Charcoal (sum)","(additional options)",355,NA,"False","True","number","Macroscopic charcoal (sieved)","direct",NA,"CHAR",72,NA,NA,"quant_raw",2,"volume","cm^3","RPDv1b",1390,"charcoal","count","macrochar","wet_sieve","particle",">355um num",NA,">355um","num","RPDv1b","measured",1,"RPDv1b",NA,"MOS-L1",51.985694,-75.38544,300,"north",NA,NA,"sedswamp",631,0,2012,"van Bellen, S., Garneau, M., Ali, A.A., Bergeron, Y., 2012. Did fires drive Holocene carbon sequestration in boreal ombrotrophic peatlands of eastern Canada? Quaternary Research 78, 50–59.","Did fires drive Holocene carbon sequestration in boreal ombrotrophic peatlands of eastern Canada? Quaternary Research 78, 50-59.",NA,NA,NA,NA,NA,"10.1016/j.yqres.2012.03.009",NA,NA,NA,NA,NA,NA,NA,NA,NA,NA,NA,NA,NA,"RPDv1b:1390",631,"Ali, A.A.",1,"Ali","A.A.",NA,NA,NA,NA,NA,NA,NA,NA,NA,"RPDv1b:1390",631,"RPDv1b",1390,9855,89.5,0.895,"m",0.01,"AMS","charcoal",1840,20,NA,NA,"UCIAMS-65389",TRUE,NA,"NA Date is in uncalibrated radiocarbon years.","MOS-L1_SIEVED","counted","355-NaN",NA,NA,"",1840,1820,1860,1840,89.5,0.01,"NA Date is in uncalibrated radiocarbon years.",". Cal curve: NA. Source DB: RPDv1b","Swamp","Carbon-14","Radiocarbon",-15,7351,"Calibrated radiocarbon years BP","sedimentary charcoal","Data Sourcing: RPDv1b #charcoal_recommendedformat","Sample Age Source: RPDv1b"
"631",84,"charcoal | >355um num",91,91.5,92,1,1933,NA,NA,"RPDv1b","Charcoal (sum)","(additional options)",355,NA,"False","True","number","Macroscopic charcoal (sieved)","direct",NA,"CHAR",0,NA,NA,"quant_raw",2,"volume","cm^3","RPDv1b",1390,"charcoal","count","macrochar","wet_sieve","particle",">355um num",NA,">355um","num","RPDv1b","measured",1,"RPDv1b",NA,"MOS-L1",51.985694,-75.38544,300,"north",NA,NA,"sedswamp",631,0,2012,"van Bellen, S., Garneau, M., Ali, A.A., Bergeron, Y., 2012. Did fires drive Holocene carbon sequestration in boreal ombrotrophic peatlands of eastern Canada? Quaternary Research 78, 50–59.","Did fires drive Holocene carbon sequestration in boreal ombrotrophic peatlands of eastern Canada? Quaternary Research 78, 50-59.",NA,NA,NA,NA,NA,"10.1016/j.yqres.2012.03.009",NA,NA,NA,NA,NA,NA,NA,NA,NA,NA,NA,NA,NA,"RPDv1b:1390",631,"Ali, A.A.",1,"Ali","A.A.",NA,NA,NA,NA,NA,NA,NA,NA,NA,"RPDv1b:1390",631,"RPDv1b",1390,9855,89.5,0.895,"m",0.01,"AMS","charcoal",1840,20,NA,NA,"UCIAMS-65389",TRUE,NA,"NA Date is in uncalibrated radiocarbon years.","MOS-L1_SIEVED","counted","355-NaN",NA,NA,"",1840,1820,1860,1840,89.5,0.01,"NA Date is in uncalibrated radiocarbon years.",". Cal curve: NA. Source DB: RPDv1b","Swamp","Carbon-14","Radiocarbon",-15,7351,"Calibrated radiocarbon years BP","sedimentary charcoal","Data Sourcing: RPDv1b #charcoal_recommendedformat","Sample Age Source: RPDv1b"
"631",85,"charcoal | >355um num",92,92.5,93,1,2008,NA,NA,"RPDv1b","Charcoal (sum)","(additional options)",355,NA,"False","True","number","Macroscopic charcoal (sieved)","direct",NA,"CHAR",10,NA,NA,"quant_raw",2,"volume","cm^3","RPDv1b",1390,"charcoal","count","macrochar","wet_sieve","particle",">355um num",NA,">355um","num","RPDv1b","measured",1,"RPDv1b",NA,"MOS-L1",51.985694,-75.38544,300,"north",NA,NA,"sedswamp",631,0,2012,"van Bellen, S., Garneau, M., Ali, A.A., Bergeron, Y., 2012. Did fires drive Holocene carbon sequestration in boreal ombrotrophic peatlands of eastern Canada? Quaternary Research 78, 50–59.","Did fires drive Holocene carbon sequestration in boreal ombrotrophic peatlands of eastern Canada? Quaternary Research 78, 50-59.",NA,NA,NA,NA,NA,"10.1016/j.yqres.2012.03.009",NA,NA,NA,NA,NA,NA,NA,NA,NA,NA,NA,NA,NA,"RPDv1b:1390",631,"Ali, A.A.",1,"Ali","A.A.",NA,NA,NA,NA,NA,NA,NA,NA,NA,"RPDv1b:1390",631,"RPDv1b",1390,9855,89.5,0.895,"m",0.01,"AMS","charcoal",1840,20,NA,NA,"UCIAMS-65389",TRUE,NA,"NA Date is in uncalibrated radiocarbon years.","MOS-L1_SIEVED","counted","355-NaN",NA,NA,"",1840,1820,1860,1840,89.5,0.01,"NA Date is in uncalibrated radiocarbon years.",". Cal curve: NA. Source DB: RPDv1b","Swamp","Carbon-14","Radiocarbon",-15,7351,"Calibrated radiocarbon years BP","sedimentary charcoal","Data Sourcing: RPDv1b #charcoal_recommendedformat","Sample Age Source: RPDv1b"
"631",86,"charcoal | >355um num",93,93.5,94,1,2084,NA,NA,"RPDv1b","Charcoal (sum)","(additional options)",355,NA,"False","True","number","Macroscopic charcoal (sieved)","direct",NA,"CHAR",4,NA,NA,"quant_raw",2,"volume","cm^3","RPDv1b",1390,"charcoal","count","macrochar","wet_sieve","particle",">355um num",NA,">355um","num","RPDv1b","measured",1,"RPDv1b",NA,"MOS-L1",51.985694,-75.38544,300,"north",NA,NA,"sedswamp",631,0,2012,"van Bellen, S., Garneau, M., Ali, A.A., Bergeron, Y., 2012. Did fires drive Holocene carbon sequestration in boreal ombrotrophic peatlands of eastern Canada? Quaternary Research 78, 50–59.","Did fires drive Holocene carbon sequestration in boreal ombrotrophic peatlands of eastern Canada? Quaternary Research 78, 50-59.",NA,NA,NA,NA,NA,"10.1016/j.yqres.2012.03.009",NA,NA,NA,NA,NA,NA,NA,NA,NA,NA,NA,NA,NA,"RPDv1b:1390",631,"Ali, A.A.",1,"Ali","A.A.",NA,NA,NA,NA,NA,NA,NA,NA,NA,"RPDv1b:1390",631,"RPDv1b",1390,9855,89.5,0.895,"m",0.01,"AMS","charcoal",1840,20,NA,NA,"UCIAMS-65389",TRUE,NA,"NA Date is in uncalibrated radiocarbon years.","MOS-L1_SIEVED","counted","355-NaN",NA,NA,"",1840,1820,1860,1840,89.5,0.01,"NA Date is in uncalibrated radiocarbon years.",". Cal curve: NA. Source DB: RPDv1b","Swamp","Carbon-14","Radiocarbon",-15,7351,"Calibrated radiocarbon years BP","sedimentary charcoal","Data Sourcing: RPDv1b #charcoal_recommendedformat","Sample Age Source: RPDv1b"
"631",87,"charcoal | >355um num",94,94.5,95,1,2159,NA,NA,"RPDv1b","Charcoal (sum)","(additional options)",355,NA,"False","True","number","Macroscopic charcoal (sieved)","direct",NA,"CHAR",0,NA,NA,"quant_raw",2,"volume","cm^3","RPDv1b",1390,"charcoal","count","macrochar","wet_sieve","particle",">355um num",NA,">355um","num","RPDv1b","measured",1,"RPDv1b",NA,"MOS-L1",51.985694,-75.38544,300,"north",NA,NA,"sedswamp",631,0,2012,"van Bellen, S., Garneau, M., Ali, A.A., Bergeron, Y., 2012. Did fires drive Holocene carbon sequestration in boreal ombrotrophic peatlands of eastern Canada? Quaternary Research 78, 50–59.","Did fires drive Holocene carbon sequestration in boreal ombrotrophic peatlands of eastern Canada? Quaternary Research 78, 50-59.",NA,NA,NA,NA,NA,"10.1016/j.yqres.2012.03.009",NA,NA,NA,NA,NA,NA,NA,NA,NA,NA,NA,NA,NA,"RPDv1b:1390",631,"Ali, A.A.",1,"Ali","A.A.",NA,NA,NA,NA,NA,NA,NA,NA,NA,"RPDv1b:1390",631,"RPDv1b",1390,9855,89.5,0.895,"m",0.01,"AMS","charcoal",1840,20,NA,NA,"UCIAMS-65389",TRUE,NA,"NA Date is in uncalibrated radiocarbon years.","MOS-L1_SIEVED","counted","355-NaN",NA,NA,"",1840,1820,1860,1840,89.5,0.01,"NA Date is in uncalibrated radiocarbon years.",". Cal curve: NA. Source DB: RPDv1b","Swamp","Carbon-14","Radiocarbon",-15,7351,"Calibrated radiocarbon years BP","sedimentary charcoal","Data Sourcing: RPDv1b #charcoal_recommendedformat","Sample Age Source: RPDv1b"
"631",88,"charcoal | >355um num",95,95.5,96,1,2235,NA,NA,"RPDv1b","Charcoal (sum)","(additional options)",355,NA,"False","True","number","Macroscopic charcoal (sieved)","direct",NA,"CHAR",6,NA,NA,"quant_raw",2,"volume","cm^3","RPDv1b",1390,"charcoal","count","macrochar","wet_sieve","particle",">355um num",NA,">355um","num","RPDv1b","measured",1,"RPDv1b",NA,"MOS-L1",51.985694,-75.38544,300,"north",NA,NA,"sedswamp",631,0,2012,"van Bellen, S., Garneau, M., Ali, A.A., Bergeron, Y., 2012. Did fires drive Holocene carbon sequestration in boreal ombrotrophic peatlands of eastern Canada? Quaternary Research 78, 50–59.","Did fires drive Holocene carbon sequestration in boreal ombrotrophic peatlands of eastern Canada? Quaternary Research 78, 50-59.",NA,NA,NA,NA,NA,"10.1016/j.yqres.2012.03.009",NA,NA,NA,NA,NA,NA,NA,NA,NA,NA,NA,NA,NA,"RPDv1b:1390",631,"Ali, A.A.",1,"Ali","A.A.",NA,NA,NA,NA,NA,NA,NA,NA,NA,"RPDv1b:1390",631,"RPDv1b",1390,9855,89.5,0.895,"m",0.01,"AMS","charcoal",1840,20,NA,NA,"UCIAMS-65389",TRUE,NA,"NA Date is in uncalibrated radiocarbon years.","MOS-L1_SIEVED","counted","355-NaN",NA,NA,"",1840,1820,1860,1840,89.5,0.01,"NA Date is in uncalibrated radiocarbon years.",". Cal curve: NA. Source DB: RPDv1b","Swamp","Carbon-14","Radiocarbon",-15,7351,"Calibrated radiocarbon years BP","sedimentary charcoal","Data Sourcing: RPDv1b #charcoal_recommendedformat","Sample Age Source: RPDv1b"
"631",89,"charcoal | >355um num",96,96.5,97,1,2310,NA,NA,"RPDv1b","Charcoal (sum)","(additional options)",355,NA,"False","True","number","Macroscopic charcoal (sieved)","direct",NA,"CHAR",1,NA,NA,"quant_raw",2,"volume","cm^3","RPDv1b",1390,"charcoal","count","macrochar","wet_sieve","particle",">355um num",NA,">355um","num","RPDv1b","measured",1,"RPDv1b",NA,"MOS-L1",51.985694,-75.38544,300,"north",NA,NA,"sedswamp",631,0,2012,"van Bellen, S., Garneau, M., Ali, A.A., Bergeron, Y., 2012. Did fires drive Holocene carbon sequestration in boreal ombrotrophic peatlands of eastern Canada? Quaternary Research 78, 50–59.","Did fires drive Holocene carbon sequestration in boreal ombrotrophic peatlands of eastern Canada? Quaternary Research 78, 50-59.",NA,NA,NA,NA,NA,"10.1016/j.yqres.2012.03.009",NA,NA,NA,NA,NA,NA,NA,NA,NA,NA,NA,NA,NA,"RPDv1b:1390",631,"Ali, A.A.",1,"Ali","A.A.",NA,NA,NA,NA,NA,NA,NA,NA,NA,"RPDv1b:1390",631,"RPDv1b",1390,9855,89.5,0.895,"m",0.01,"AMS","charcoal",1840,20,NA,NA,"UCIAMS-65389",TRUE,NA,"NA Date is in uncalibrated radiocarbon years.","MOS-L1_SIEVED","counted","355-NaN",NA,NA,"",1840,1820,1860,1840,89.5,0.01,"NA Date is in uncalibrated radiocarbon years.",". Cal curve: NA. Source DB: RPDv1b","Swamp","Carbon-14","Radiocarbon",-15,7351,"Calibrated radiocarbon years BP","sedimentary charcoal","Data Sourcing: RPDv1b #charcoal_recommendedformat","Sample Age Source: RPDv1b"
"631",90,"charcoal | >355um num",97,97.5,98,1,2386,NA,NA,"RPDv1b","Charcoal (sum)","(additional options)",355,NA,"False","True","number","Macroscopic charcoal (sieved)","direct",NA,"CHAR",5,NA,NA,"quant_raw",2,"volume","cm^3","RPDv1b",1390,"charcoal","count","macrochar","wet_sieve","particle",">355um num",NA,">355um","num","RPDv1b","measured",1,"RPDv1b",NA,"MOS-L1",51.985694,-75.38544,300,"north",NA,NA,"sedswamp",631,0,2012,"van Bellen, S., Garneau, M., Ali, A.A., Bergeron, Y., 2012. Did fires drive Holocene carbon sequestration in boreal ombrotrophic peatlands of eastern Canada? Quaternary Research 78, 50–59.","Did fires drive Holocene carbon sequestration in boreal ombrotrophic peatlands of eastern Canada? Quaternary Research 78, 50-59.",NA,NA,NA,NA,NA,"10.1016/j.yqres.2012.03.009",NA,NA,NA,NA,NA,NA,NA,NA,NA,NA,NA,NA,NA,"RPDv1b:1390",631,"Ali, A.A.",1,"Ali","A.A.",NA,NA,NA,NA,NA,NA,NA,NA,NA,"RPDv1b:1390",631,"RPDv1b",1390,9855,89.5,0.895,"m",0.01,"AMS","charcoal",1840,20,NA,NA,"UCIAMS-65389",TRUE,NA,"NA Date is in uncalibrated radiocarbon years.","MOS-L1_SIEVED","counted","355-NaN",NA,NA,"",1840,1820,1860,1840,89.5,0.01,"NA Date is in uncalibrated radiocarbon years.",". Cal curve: NA. Source DB: RPDv1b","Swamp","Carbon-14","Radiocarbon",-15,7351,"Calibrated radiocarbon years BP","sedimentary charcoal","Data Sourcing: RPDv1b #charcoal_recommendedformat","Sample Age Source: RPDv1b"
"631",91,"charcoal | >355um num",98,98.5,99,1,2461,NA,NA,"RPDv1b","Charcoal (sum)","(additional options)",355,NA,"False","True","number","Macroscopic charcoal (sieved)","direct",NA,"CHAR",5,NA,NA,"quant_raw",2,"volume","cm^3","RPDv1b",1390,"charcoal","count","macrochar","wet_sieve","particle",">355um num",NA,">355um","num","RPDv1b","measured",1,"RPDv1b",NA,"MOS-L1",51.985694,-75.38544,300,"north",NA,NA,"sedswamp",631,0,2012,"van Bellen, S., Garneau, M., Ali, A.A., Bergeron, Y., 2012. Did fires drive Holocene carbon sequestration in boreal ombrotrophic peatlands of eastern Canada? Quaternary Research 78, 50–59.","Did fires drive Holocene carbon sequestration in boreal ombrotrophic peatlands of eastern Canada? Quaternary Research 78, 50-59.",NA,NA,NA,NA,NA,"10.1016/j.yqres.2012.03.009",NA,NA,NA,NA,NA,NA,NA,NA,NA,NA,NA,NA,NA,"RPDv1b:1390",631,"Ali, A.A.",1,"Ali","A.A.",NA,NA,NA,NA,NA,NA,NA,NA,NA,"RPDv1b:1390",631,"RPDv1b",1390,9855,89.5,0.895,"m",0.01,"AMS","charcoal",1840,20,NA,NA,"UCIAMS-65389",TRUE,NA,"NA Date is in uncalibrated radiocarbon years.","MOS-L1_SIEVED","counted","355-NaN",NA,NA,"",1840,1820,1860,1840,89.5,0.01,"NA Date is in uncalibrated radiocarbon years.",". Cal curve: NA. Source DB: RPDv1b","Swamp","Carbon-14","Radiocarbon",-15,7351,"Calibrated radiocarbon years BP","sedimentary charcoal","Data Sourcing: RPDv1b #charcoal_recommendedformat","Sample Age Source: RPDv1b"
"631",92,"charcoal | >355um num",99,99.5,100,1,2537,NA,NA,"RPDv1b","Charcoal (sum)","(additional options)",355,NA,"False","True","number","Macroscopic charcoal (sieved)","direct",NA,"CHAR",12,NA,NA,"quant_raw",2,"volume","cm^3","RPDv1b",1390,"charcoal","count","macrochar","wet_sieve","particle",">355um num",NA,">355um","num","RPDv1b","measured",1,"RPDv1b",NA,"MOS-L1",51.985694,-75.38544,300,"north",NA,NA,"sedswamp",631,0,2012,"van Bellen, S., Garneau, M., Ali, A.A., Bergeron, Y., 2012. Did fires drive Holocene carbon sequestration in boreal ombrotrophic peatlands of eastern Canada? Quaternary Research 78, 50–59.","Did fires drive Holocene carbon sequestration in boreal ombrotrophic peatlands of eastern Canada? Quaternary Research 78, 50-59.",NA,NA,NA,NA,NA,"10.1016/j.yqres.2012.03.009",NA,NA,NA,NA,NA,NA,NA,NA,NA,NA,NA,NA,NA,"RPDv1b:1390",631,"Ali, A.A.",1,"Ali","A.A.",NA,NA,NA,NA,NA,NA,NA,NA,NA,"RPDv1b:1390",631,"RPDv1b",1390,9855,89.5,0.895,"m",0.01,"AMS","charcoal",1840,20,NA,NA,"UCIAMS-65389",TRUE,NA,"NA Date is in uncalibrated radiocarbon years.","MOS-L1_SIEVED","counted","355-NaN",NA,NA,"",1840,1820,1860,1840,89.5,0.01,"NA Date is in uncalibrated radiocarbon years.",". Cal curve: NA. Source DB: RPDv1b","Swamp","Carbon-14","Radiocarbon",-15,7351,"Calibrated radiocarbon years BP","sedimentary charcoal","Data Sourcing: RPDv1b #charcoal_recommendedformat","Sample Age Source: RPDv1b"
"631",93,"charcoal | >355um num",100,100.5,101,1,2612,NA,NA,"RPDv1b","Charcoal (sum)","(additional options)",355,NA,"False","True","number","Macroscopic charcoal (sieved)","direct",NA,"CHAR",13,NA,NA,"quant_raw",2,"volume","cm^3","RPDv1b",1390,"charcoal","count","macrochar","wet_sieve","particle",">355um num",NA,">355um","num","RPDv1b","measured",1,"RPDv1b",NA,"MOS-L1",51.985694,-75.38544,300,"north",NA,NA,"sedswamp",631,0,2012,"van Bellen, S., Garneau, M., Ali, A.A., Bergeron, Y., 2012. Did fires drive Holocene carbon sequestration in boreal ombrotrophic peatlands of eastern Canada? Quaternary Research 78, 50–59.","Did fires drive Holocene carbon sequestration in boreal ombrotrophic peatlands of eastern Canada? Quaternary Research 78, 50-59.",NA,NA,NA,NA,NA,"10.1016/j.yqres.2012.03.009",NA,NA,NA,NA,NA,NA,NA,NA,NA,NA,NA,NA,NA,"RPDv1b:1390",631,"Ali, A.A.",1,"Ali","A.A.",NA,NA,NA,NA,NA,NA,NA,NA,NA,"RPDv1b:1390",631,"RPDv1b",1390,9855,89.5,0.895,"m",0.01,"AMS","charcoal",1840,20,NA,NA,"UCIAMS-65389",TRUE,NA,"NA Date is in uncalibrated radiocarbon years.","MOS-L1_SIEVED","counted","355-NaN",NA,NA,"",1840,1820,1860,1840,89.5,0.01,"NA Date is in uncalibrated radiocarbon years.",". Cal curve: NA. Source DB: RPDv1b","Swamp","Carbon-14","Radiocarbon",-15,7351,"Calibrated radiocarbon years BP","sedimentary charcoal","Data Sourcing: RPDv1b #charcoal_recommendedformat","Sample Age Source: RPDv1b"
"631",94,"charcoal | >355um num",101,101.5,102,1,2687,NA,NA,"RPDv1b","Charcoal (sum)","(additional options)",355,NA,"False","True","number","Macroscopic charcoal (sieved)","direct",NA,"CHAR",6,NA,NA,"quant_raw",2,"volume","cm^3","RPDv1b",1390,"charcoal","count","macrochar","wet_sieve","particle",">355um num",NA,">355um","num","RPDv1b","measured",1,"RPDv1b",NA,"MOS-L1",51.985694,-75.38544,300,"north",NA,NA,"sedswamp",631,0,2012,"van Bellen, S., Garneau, M., Ali, A.A., Bergeron, Y., 2012. Did fires drive Holocene carbon sequestration in boreal ombrotrophic peatlands of eastern Canada? Quaternary Research 78, 50–59.","Did fires drive Holocene carbon sequestration in boreal ombrotrophic peatlands of eastern Canada? Quaternary Research 78, 50-59.",NA,NA,NA,NA,NA,"10.1016/j.yqres.2012.03.009",NA,NA,NA,NA,NA,NA,NA,NA,NA,NA,NA,NA,NA,"RPDv1b:1390",631,"Ali, A.A.",1,"Ali","A.A.",NA,NA,NA,NA,NA,NA,NA,NA,NA,"RPDv1b:1390",631,"RPDv1b",1390,9855,89.5,0.895,"m",0.01,"AMS","charcoal",1840,20,NA,NA,"UCIAMS-65389",TRUE,NA,"NA Date is in uncalibrated radiocarbon years.","MOS-L1_SIEVED","counted","355-NaN",NA,NA,"",1840,1820,1860,1840,89.5,0.01,"NA Date is in uncalibrated radiocarbon years.",". Cal curve: NA. Source DB: RPDv1b","Swamp","Carbon-14","Radiocarbon",-15,7351,"Calibrated radiocarbon years BP","sedimentary charcoal","Data Sourcing: RPDv1b #charcoal_recommendedformat","Sample Age Source: RPDv1b"
"631",95,"charcoal | >355um num",102,102.5,103,1,2763,NA,NA,"RPDv1b","Charcoal (sum)","(additional options)",355,NA,"False","True","number","Macroscopic charcoal (sieved)","direct",NA,"CHAR",13,NA,NA,"quant_raw",2,"volume","cm^3","RPDv1b",1390,"charcoal","count","macrochar","wet_sieve","particle",">355um num",NA,">355um","num","RPDv1b","measured",1,"RPDv1b",NA,"MOS-L1",51.985694,-75.38544,300,"north",NA,NA,"sedswamp",631,0,2012,"van Bellen, S., Garneau, M., Ali, A.A., Bergeron, Y., 2012. Did fires drive Holocene carbon sequestration in boreal ombrotrophic peatlands of eastern Canada? Quaternary Research 78, 50–59.","Did fires drive Holocene carbon sequestration in boreal ombrotrophic peatlands of eastern Canada? Quaternary Research 78, 50-59.",NA,NA,NA,NA,NA,"10.1016/j.yqres.2012.03.009",NA,NA,NA,NA,NA,NA,NA,NA,NA,NA,NA,NA,NA,"RPDv1b:1390",631,"Ali, A.A.",1,"Ali","A.A.",NA,NA,NA,NA,NA,NA,NA,NA,NA,"RPDv1b:1390",631,"RPDv1b",1390,9855,89.5,0.895,"m",0.01,"AMS","charcoal",1840,20,NA,NA,"UCIAMS-65389",TRUE,NA,"NA Date is in uncalibrated radiocarbon years.","MOS-L1_SIEVED","counted","355-NaN",NA,NA,"",1840,1820,1860,1840,89.5,0.01,"NA Date is in uncalibrated radiocarbon years.",". Cal curve: NA. Source DB: RPDv1b","Swamp","Carbon-14","Radiocarbon",-15,7351,"Calibrated radiocarbon years BP","sedimentary charcoal","Data Sourcing: RPDv1b #charcoal_recommendedformat","Sample Age Source: RPDv1b"
"631",96,"charcoal | >355um num",103,103.5,104,1,2838,NA,NA,"RPDv1b","Charcoal (sum)","(additional options)",355,NA,"False","True","number","Macroscopic charcoal (sieved)","direct",NA,"CHAR",18,NA,NA,"quant_raw",2,"volume","cm^3","RPDv1b",1390,"charcoal","count","macrochar","wet_sieve","particle",">355um num",NA,">355um","num","RPDv1b","measured",1,"RPDv1b",NA,"MOS-L1",51.985694,-75.38544,300,"north",NA,NA,"sedswamp",631,0,2012,"van Bellen, S., Garneau, M., Ali, A.A., Bergeron, Y., 2012. Did fires drive Holocene carbon sequestration in boreal ombrotrophic peatlands of eastern Canada? Quaternary Research 78, 50–59.","Did fires drive Holocene carbon sequestration in boreal ombrotrophic peatlands of eastern Canada? Quaternary Research 78, 50-59.",NA,NA,NA,NA,NA,"10.1016/j.yqres.2012.03.009",NA,NA,NA,NA,NA,NA,NA,NA,NA,NA,NA,NA,NA,"RPDv1b:1390",631,"Ali, A.A.",1,"Ali","A.A.",NA,NA,NA,NA,NA,NA,NA,NA,NA,"RPDv1b:1390",631,"RPDv1b",1390,9856,118,1.18,"m",0.02,"AMS","undifferentiated plant macrofossil",3625,20,NA,NA,"UCIAMS-65386",TRUE,NA,"NA Date is in uncalibrated radiocarbon years.","MOS-L1_SIEVED","counted","355-NaN",NA,NA,"",3625,3605,3645,3625,118,0.02,"NA Date is in uncalibrated radiocarbon years.",". Cal curve: NA. Source DB: RPDv1b","Swamp","Carbon-14","Radiocarbon",-15,7351,"Calibrated radiocarbon years BP","sedimentary charcoal","Data Sourcing: RPDv1b #charcoal_recommendedformat","Sample Age Source: RPDv1b"
"631",97,"charcoal | >355um num",104,104.5,105,1,2914,NA,NA,"RPDv1b","Charcoal (sum)","(additional options)",355,NA,"False","True","number","Macroscopic charcoal (sieved)","direct",NA,"CHAR",19,NA,NA,"quant_raw",2,"volume","cm^3","RPDv1b",1390,"charcoal","count","macrochar","wet_sieve","particle",">355um num",NA,">355um","num","RPDv1b","measured",1,"RPDv1b",NA,"MOS-L1",51.985694,-75.38544,300,"north",NA,NA,"sedswamp",631,0,2012,"van Bellen, S., Garneau, M., Ali, A.A., Bergeron, Y., 2012. Did fires drive Holocene carbon sequestration in boreal ombrotrophic peatlands of eastern Canada? Quaternary Research 78, 50–59.","Did fires drive Holocene carbon sequestration in boreal ombrotrophic peatlands of eastern Canada? Quaternary Research 78, 50-59.",NA,NA,NA,NA,NA,"10.1016/j.yqres.2012.03.009",NA,NA,NA,NA,NA,NA,NA,NA,NA,NA,NA,NA,NA,"RPDv1b:1390",631,"Ali, A.A.",1,"Ali","A.A.",NA,NA,NA,NA,NA,NA,NA,NA,NA,"RPDv1b:1390",631,"RPDv1b",1390,9856,118,1.18,"m",0.02,"AMS","undifferentiated plant macrofossil",3625,20,NA,NA,"UCIAMS-65386",TRUE,NA,"NA Date is in uncalibrated radiocarbon years.","MOS-L1_SIEVED","counted","355-NaN",NA,NA,"",3625,3605,3645,3625,118,0.02,"NA Date is in uncalibrated radiocarbon years.",". Cal curve: NA. Source DB: RPDv1b","Swamp","Carbon-14","Radiocarbon",-15,7351,"Calibrated radiocarbon years BP","sedimentary charcoal","Data Sourcing: RPDv1b #charcoal_recommendedformat","Sample Age Source: RPDv1b"
"631",98,"charcoal | >355um num",105,105.5,106,1,2989,NA,NA,"RPDv1b","Charcoal (sum)","(additional options)",355,NA,"False","True","number","Macroscopic charcoal (sieved)","direct",NA,"CHAR",12,NA,NA,"quant_raw",2,"volume","cm^3","RPDv1b",1390,"charcoal","count","macrochar","wet_sieve","particle",">355um num",NA,">355um","num","RPDv1b","measured",1,"RPDv1b",NA,"MOS-L1",51.985694,-75.38544,300,"north",NA,NA,"sedswamp",631,0,2012,"van Bellen, S., Garneau, M., Ali, A.A., Bergeron, Y., 2012. Did fires drive Holocene carbon sequestration in boreal ombrotrophic peatlands of eastern Canada? Quaternary Research 78, 50–59.","Did fires drive Holocene carbon sequestration in boreal ombrotrophic peatlands of eastern Canada? Quaternary Research 78, 50-59.",NA,NA,NA,NA,NA,"10.1016/j.yqres.2012.03.009",NA,NA,NA,NA,NA,NA,NA,NA,NA,NA,NA,NA,NA,"RPDv1b:1390",631,"Ali, A.A.",1,"Ali","A.A.",NA,NA,NA,NA,NA,NA,NA,NA,NA,"RPDv1b:1390",631,"RPDv1b",1390,9856,118,1.18,"m",0.02,"AMS","undifferentiated plant macrofossil",3625,20,NA,NA,"UCIAMS-65386",TRUE,NA,"NA Date is in uncalibrated radiocarbon years.","MOS-L1_SIEVED","counted","355-NaN",NA,NA,"",3625,3605,3645,3625,118,0.02,"NA Date is in uncalibrated radiocarbon years.",". Cal curve: NA. Source DB: RPDv1b","Swamp","Carbon-14","Radiocarbon",-15,7351,"Calibrated radiocarbon years BP","sedimentary charcoal","Data Sourcing: RPDv1b #charcoal_recommendedformat","Sample Age Source: RPDv1b"
"631",99,"charcoal | >355um num",106,106.5,107,1,3065,NA,NA,"RPDv1b","Charcoal (sum)","(additional options)",355,NA,"False","True","number","Macroscopic charcoal (sieved)","direct",NA,"CHAR",4,NA,NA,"quant_raw",2,"volume","cm^3","RPDv1b",1390,"charcoal","count","macrochar","wet_sieve","particle",">355um num",NA,">355um","num","RPDv1b","measured",1,"RPDv1b",NA,"MOS-L1",51.985694,-75.38544,300,"north",NA,NA,"sedswamp",631,0,2012,"van Bellen, S., Garneau, M., Ali, A.A., Bergeron, Y., 2012. Did fires drive Holocene carbon sequestration in boreal ombrotrophic peatlands of eastern Canada? Quaternary Research 78, 50–59.","Did fires drive Holocene carbon sequestration in boreal ombrotrophic peatlands of eastern Canada? Quaternary Research 78, 50-59.",NA,NA,NA,NA,NA,"10.1016/j.yqres.2012.03.009",NA,NA,NA,NA,NA,NA,NA,NA,NA,NA,NA,NA,NA,"RPDv1b:1390",631,"Ali, A.A.",1,"Ali","A.A.",NA,NA,NA,NA,NA,NA,NA,NA,NA,"RPDv1b:1390",631,"RPDv1b",1390,9856,118,1.18,"m",0.02,"AMS","undifferentiated plant macrofossil",3625,20,NA,NA,"UCIAMS-65386",TRUE,NA,"NA Date is in uncalibrated radiocarbon years.","MOS-L1_SIEVED","counted","355-NaN",NA,NA,"",3625,3605,3645,3625,118,0.02,"NA Date is in uncalibrated radiocarbon years.",". Cal curve: NA. Source DB: RPDv1b","Swamp","Carbon-14","Radiocarbon",-15,7351,"Calibrated radiocarbon years BP","sedimentary charcoal","Data Sourcing: RPDv1b #charcoal_recommendedformat","Sample Age Source: RPDv1b"
"631",100,"charcoal | >355um num",107,107.5,108,1,3140,NA,NA,"RPDv1b","Charcoal (sum)","(additional options)",355,NA,"False","True","number","Macroscopic charcoal (sieved)","direct",NA,"CHAR",25,NA,NA,"quant_raw",2,"volume","cm^3","RPDv1b",1390,"charcoal","count","macrochar","wet_sieve","particle",">355um num",NA,">355um","num","RPDv1b","measured",1,"RPDv1b",NA,"MOS-L1",51.985694,-75.38544,300,"north",NA,NA,"sedswamp",631,0,2012,"van Bellen, S., Garneau, M., Ali, A.A., Bergeron, Y., 2012. Did fires drive Holocene carbon sequestration in boreal ombrotrophic peatlands of eastern Canada? Quaternary Research 78, 50–59.","Did fires drive Holocene carbon sequestration in boreal ombrotrophic peatlands of eastern Canada? Quaternary Research 78, 50-59.",NA,NA,NA,NA,NA,"10.1016/j.yqres.2012.03.009",NA,NA,NA,NA,NA,NA,NA,NA,NA,NA,NA,NA,NA,"RPDv1b:1390",631,"Ali, A.A.",1,"Ali","A.A.",NA,NA,NA,NA,NA,NA,NA,NA,NA,"RPDv1b:1390",631,"RPDv1b",1390,9856,118,1.18,"m",0.02,"AMS","undifferentiated plant macrofossil",3625,20,NA,NA,"UCIAMS-65386",TRUE,NA,"NA Date is in uncalibrated radiocarbon years.","MOS-L1_SIEVED","counted","355-NaN",NA,NA,"",3625,3605,3645,3625,118,0.02,"NA Date is in uncalibrated radiocarbon years.",". Cal curve: NA. Source DB: RPDv1b","Swamp","Carbon-14","Radiocarbon",-15,7351,"Calibrated radiocarbon years BP","sedimentary charcoal","Data Sourcing: RPDv1b #charcoal_recommendedformat","Sample Age Source: RPDv1b"
"631",101,"charcoal | >355um num",108,108.5,109,1,3215,NA,NA,"RPDv1b","Charcoal (sum)","(additional options)",355,NA,"False","True","number","Macroscopic charcoal (sieved)","direct",NA,"CHAR",26,NA,NA,"quant_raw",2,"volume","cm^3","RPDv1b",1390,"charcoal","count","macrochar","wet_sieve","particle",">355um num",NA,">355um","num","RPDv1b","measured",1,"RPDv1b",NA,"MOS-L1",51.985694,-75.38544,300,"north",NA,NA,"sedswamp",631,0,2012,"van Bellen, S., Garneau, M., Ali, A.A., Bergeron, Y., 2012. Did fires drive Holocene carbon sequestration in boreal ombrotrophic peatlands of eastern Canada? Quaternary Research 78, 50–59.","Did fires drive Holocene carbon sequestration in boreal ombrotrophic peatlands of eastern Canada? Quaternary Research 78, 50-59.",NA,NA,NA,NA,NA,"10.1016/j.yqres.2012.03.009",NA,NA,NA,NA,NA,NA,NA,NA,NA,NA,NA,NA,NA,"RPDv1b:1390",631,"Ali, A.A.",1,"Ali","A.A.",NA,NA,NA,NA,NA,NA,NA,NA,NA,"RPDv1b:1390",631,"RPDv1b",1390,9856,118,1.18,"m",0.02,"AMS","undifferentiated plant macrofossil",3625,20,NA,NA,"UCIAMS-65386",TRUE,NA,"NA Date is in uncalibrated radiocarbon years.","MOS-L1_SIEVED","counted","355-NaN",NA,NA,"",3625,3605,3645,3625,118,0.02,"NA Date is in uncalibrated radiocarbon years.",". Cal curve: NA. Source DB: RPDv1b","Swamp","Carbon-14","Radiocarbon",-15,7351,"Calibrated radiocarbon years BP","sedimentary charcoal","Data Sourcing: RPDv1b #charcoal_recommendedformat","Sample Age Source: RPDv1b"
"631",102,"charcoal | >355um num",109,109.5,110,1,3291,NA,NA,"RPDv1b","Charcoal (sum)","(additional options)",355,NA,"False","True","number","Macroscopic charcoal (sieved)","direct",NA,"CHAR",3,NA,NA,"quant_raw",2,"volume","cm^3","RPDv1b",1390,"charcoal","count","macrochar","wet_sieve","particle",">355um num",NA,">355um","num","RPDv1b","measured",1,"RPDv1b",NA,"MOS-L1",51.985694,-75.38544,300,"north",NA,NA,"sedswamp",631,0,2012,"van Bellen, S., Garneau, M., Ali, A.A., Bergeron, Y., 2012. Did fires drive Holocene carbon sequestration in boreal ombrotrophic peatlands of eastern Canada? Quaternary Research 78, 50–59.","Did fires drive Holocene carbon sequestration in boreal ombrotrophic peatlands of eastern Canada? Quaternary Research 78, 50-59.",NA,NA,NA,NA,NA,"10.1016/j.yqres.2012.03.009",NA,NA,NA,NA,NA,NA,NA,NA,NA,NA,NA,NA,NA,"RPDv1b:1390",631,"Ali, A.A.",1,"Ali","A.A.",NA,NA,NA,NA,NA,NA,NA,NA,NA,"RPDv1b:1390",631,"RPDv1b",1390,9856,118,1.18,"m",0.02,"AMS","undifferentiated plant macrofossil",3625,20,NA,NA,"UCIAMS-65386",TRUE,NA,"NA Date is in uncalibrated radiocarbon years.","MOS-L1_SIEVED","counted","355-NaN",NA,NA,"",3625,3605,3645,3625,118,0.02,"NA Date is in uncalibrated radiocarbon years.",". Cal curve: NA. Source DB: RPDv1b","Swamp","Carbon-14","Radiocarbon",-15,7351,"Calibrated radiocarbon years BP","sedimentary charcoal","Data Sourcing: RPDv1b #charcoal_recommendedformat","Sample Age Source: RPDv1b"
"631",103,"charcoal | >355um num",110,110.5,111,1,3366,NA,NA,"RPDv1b","Charcoal (sum)","(additional options)",355,NA,"False","True","number","Macroscopic charcoal (sieved)","direct",NA,"CHAR",43,NA,NA,"quant_raw",2,"volume","cm^3","RPDv1b",1390,"charcoal","count","macrochar","wet_sieve","particle",">355um num",NA,">355um","num","RPDv1b","measured",1,"RPDv1b",NA,"MOS-L1",51.985694,-75.38544,300,"north",NA,NA,"sedswamp",631,0,2012,"van Bellen, S., Garneau, M., Ali, A.A., Bergeron, Y., 2012. Did fires drive Holocene carbon sequestration in boreal ombrotrophic peatlands of eastern Canada? Quaternary Research 78, 50–59.","Did fires drive Holocene carbon sequestration in boreal ombrotrophic peatlands of eastern Canada? Quaternary Research 78, 50-59.",NA,NA,NA,NA,NA,"10.1016/j.yqres.2012.03.009",NA,NA,NA,NA,NA,NA,NA,NA,NA,NA,NA,NA,NA,"RPDv1b:1390",631,"Ali, A.A.",1,"Ali","A.A.",NA,NA,NA,NA,NA,NA,NA,NA,NA,"RPDv1b:1390",631,"RPDv1b",1390,9856,118,1.18,"m",0.02,"AMS","undifferentiated plant macrofossil",3625,20,NA,NA,"UCIAMS-65386",TRUE,NA,"NA Date is in uncalibrated radiocarbon years.","MOS-L1_SIEVED","counted","355-NaN",NA,NA,"",3625,3605,3645,3625,118,0.02,"NA Date is in uncalibrated radiocarbon years.",". Cal curve: NA. Source DB: RPDv1b","Swamp","Carbon-14","Radiocarbon",-15,7351,"Calibrated radiocarbon years BP","sedimentary charcoal","Data Sourcing: RPDv1b #charcoal_recommendedformat","Sample Age Source: RPDv1b"
"631",104,"charcoal | >355um num",111,111.5,112,1,3442,NA,NA,"RPDv1b","Charcoal (sum)","(additional options)",355,NA,"False","True","number","Macroscopic charcoal (sieved)","direct",NA,"CHAR",10,NA,NA,"quant_raw",2,"volume","cm^3","RPDv1b",1390,"charcoal","count","macrochar","wet_sieve","particle",">355um num",NA,">355um","num","RPDv1b","measured",1,"RPDv1b",NA,"MOS-L1",51.985694,-75.38544,300,"north",NA,NA,"sedswamp",631,0,2012,"van Bellen, S., Garneau, M., Ali, A.A., Bergeron, Y., 2012. Did fires drive Holocene carbon sequestration in boreal ombrotrophic peatlands of eastern Canada? Quaternary Research 78, 50–59.","Did fires drive Holocene carbon sequestration in boreal ombrotrophic peatlands of eastern Canada? Quaternary Research 78, 50-59.",NA,NA,NA,NA,NA,"10.1016/j.yqres.2012.03.009",NA,NA,NA,NA,NA,NA,NA,NA,NA,NA,NA,NA,NA,"RPDv1b:1390",631,"Ali, A.A.",1,"Ali","A.A.",NA,NA,NA,NA,NA,NA,NA,NA,NA,"RPDv1b:1390",631,"RPDv1b",1390,9856,118,1.18,"m",0.02,"AMS","undifferentiated plant macrofossil",3625,20,NA,NA,"UCIAMS-65386",TRUE,NA,"NA Date is in uncalibrated radiocarbon years.","MOS-L1_SIEVED","counted","355-NaN",NA,NA,"",3625,3605,3645,3625,118,0.02,"NA Date is in uncalibrated radiocarbon years.",". Cal curve: NA. Source DB: RPDv1b","Swamp","Carbon-14","Radiocarbon",-15,7351,"Calibrated radiocarbon years BP","sedimentary charcoal","Data Sourcing: RPDv1b #charcoal_recommendedformat","Sample Age Source: RPDv1b"
"631",105,"charcoal | >355um num",112,112.5,113,1,3517,NA,NA,"RPDv1b","Charcoal (sum)","(additional options)",355,NA,"False","True","number","Macroscopic charcoal (sieved)","direct",NA,"CHAR",154,NA,NA,"quant_raw",2,"volume","cm^3","RPDv1b",1390,"charcoal","count","macrochar","wet_sieve","particle",">355um num",NA,">355um","num","RPDv1b","measured",1,"RPDv1b",NA,"MOS-L1",51.985694,-75.38544,300,"north",NA,NA,"sedswamp",631,0,2012,"van Bellen, S., Garneau, M., Ali, A.A., Bergeron, Y., 2012. Did fires drive Holocene carbon sequestration in boreal ombrotrophic peatlands of eastern Canada? Quaternary Research 78, 50–59.","Did fires drive Holocene carbon sequestration in boreal ombrotrophic peatlands of eastern Canada? Quaternary Research 78, 50-59.",NA,NA,NA,NA,NA,"10.1016/j.yqres.2012.03.009",NA,NA,NA,NA,NA,NA,NA,NA,NA,NA,NA,NA,NA,"RPDv1b:1390",631,"Ali, A.A.",1,"Ali","A.A.",NA,NA,NA,NA,NA,NA,NA,NA,NA,"RPDv1b:1390",631,"RPDv1b",1390,9856,118,1.18,"m",0.02,"AMS","undifferentiated plant macrofossil",3625,20,NA,NA,"UCIAMS-65386",TRUE,NA,"NA Date is in uncalibrated radiocarbon years.","MOS-L1_SIEVED","counted","355-NaN",NA,NA,"",3625,3605,3645,3625,118,0.02,"NA Date is in uncalibrated radiocarbon years.",". Cal curve: NA. Source DB: RPDv1b","Swamp","Carbon-14","Radiocarbon",-15,7351,"Calibrated radiocarbon years BP","sedimentary charcoal","Data Sourcing: RPDv1b #charcoal_recommendedformat","Sample Age Source: RPDv1b"
"631",106,"charcoal | >355um num",113,113.5,114,1,3593,NA,NA,"RPDv1b","Charcoal (sum)","(additional options)",355,NA,"False","True","number","Macroscopic charcoal (sieved)","direct",NA,"CHAR",17,NA,NA,"quant_raw",2,"volume","cm^3","RPDv1b",1390,"charcoal","count","macrochar","wet_sieve","particle",">355um num",NA,">355um","num","RPDv1b","measured",1,"RPDv1b",NA,"MOS-L1",51.985694,-75.38544,300,"north",NA,NA,"sedswamp",631,0,2012,"van Bellen, S., Garneau, M., Ali, A.A., Bergeron, Y., 2012. Did fires drive Holocene carbon sequestration in boreal ombrotrophic peatlands of eastern Canada? Quaternary Research 78, 50–59.","Did fires drive Holocene carbon sequestration in boreal ombrotrophic peatlands of eastern Canada? Quaternary Research 78, 50-59.",NA,NA,NA,NA,NA,"10.1016/j.yqres.2012.03.009",NA,NA,NA,NA,NA,NA,NA,NA,NA,NA,NA,NA,NA,"RPDv1b:1390",631,"Ali, A.A.",1,"Ali","A.A.",NA,NA,NA,NA,NA,NA,NA,NA,NA,"RPDv1b:1390",631,"RPDv1b",1390,9856,118,1.18,"m",0.02,"AMS","undifferentiated plant macrofossil",3625,20,NA,NA,"UCIAMS-65386",TRUE,NA,"NA Date is in uncalibrated radiocarbon years.","MOS-L1_SIEVED","counted","355-NaN",NA,NA,"",3625,3605,3645,3625,118,0.02,"NA Date is in uncalibrated radiocarbon years.",". Cal curve: NA. Source DB: RPDv1b","Swamp","Carbon-14","Radiocarbon",-15,7351,"Calibrated radiocarbon years BP","sedimentary charcoal","Data Sourcing: RPDv1b #charcoal_recommendedformat","Sample Age Source: RPDv1b"
"631",107,"charcoal | >355um num",114,114.5,115,1,3668,NA,NA,"RPDv1b","Charcoal (sum)","(additional options)",355,NA,"False","True","number","Macroscopic charcoal (sieved)","direct",NA,"CHAR",11,NA,NA,"quant_raw",2,"volume","cm^3","RPDv1b",1390,"charcoal","count","macrochar","wet_sieve","particle",">355um num",NA,">355um","num","RPDv1b","measured",1,"RPDv1b",NA,"MOS-L1",51.985694,-75.38544,300,"north",NA,NA,"sedswamp",631,0,2012,"van Bellen, S., Garneau, M., Ali, A.A., Bergeron, Y., 2012. Did fires drive Holocene carbon sequestration in boreal ombrotrophic peatlands of eastern Canada? Quaternary Research 78, 50–59.","Did fires drive Holocene carbon sequestration in boreal ombrotrophic peatlands of eastern Canada? Quaternary Research 78, 50-59.",NA,NA,NA,NA,NA,"10.1016/j.yqres.2012.03.009",NA,NA,NA,NA,NA,NA,NA,NA,NA,NA,NA,NA,NA,"RPDv1b:1390",631,"Ali, A.A.",1,"Ali","A.A.",NA,NA,NA,NA,NA,NA,NA,NA,NA,"RPDv1b:1390",631,"RPDv1b",1390,9856,118,1.18,"m",0.02,"AMS","undifferentiated plant macrofossil",3625,20,NA,NA,"UCIAMS-65386",TRUE,NA,"NA Date is in uncalibrated radiocarbon years.","MOS-L1_SIEVED","counted","355-NaN",NA,NA,"",3625,3605,3645,3625,118,0.02,"NA Date is in uncalibrated radiocarbon years.",". Cal curve: NA. Source DB: RPDv1b","Swamp","Carbon-14","Radiocarbon",-15,7351,"Calibrated radiocarbon years BP","sedimentary charcoal","Data Sourcing: RPDv1b #charcoal_recommendedformat","Sample Age Source: RPDv1b"
"631",108,"charcoal | >355um num",115,115.5,116,1,3744,NA,NA,"RPDv1b","Charcoal (sum)","(additional options)",355,NA,"False","True","number","Macroscopic charcoal (sieved)","direct",NA,"CHAR",11,NA,NA,"quant_raw",2,"volume","cm^3","RPDv1b",1390,"charcoal","count","macrochar","wet_sieve","particle",">355um num",NA,">355um","num","RPDv1b","measured",1,"RPDv1b",NA,"MOS-L1",51.985694,-75.38544,300,"north",NA,NA,"sedswamp",631,0,2012,"van Bellen, S., Garneau, M., Ali, A.A., Bergeron, Y., 2012. Did fires drive Holocene carbon sequestration in boreal ombrotrophic peatlands of eastern Canada? Quaternary Research 78, 50–59.","Did fires drive Holocene carbon sequestration in boreal ombrotrophic peatlands of eastern Canada? Quaternary Research 78, 50-59.",NA,NA,NA,NA,NA,"10.1016/j.yqres.2012.03.009",NA,NA,NA,NA,NA,NA,NA,NA,NA,NA,NA,NA,NA,"RPDv1b:1390",631,"Ali, A.A.",1,"Ali","A.A.",NA,NA,NA,NA,NA,NA,NA,NA,NA,"RPDv1b:1390",631,"RPDv1b",1390,9856,118,1.18,"m",0.02,"AMS","undifferentiated plant macrofossil",3625,20,NA,NA,"UCIAMS-65386",TRUE,NA,"NA Date is in uncalibrated radiocarbon years.","MOS-L1_SIEVED","counted","355-NaN",NA,NA,"",3625,3605,3645,3625,118,0.02,"NA Date is in uncalibrated radiocarbon years.",". Cal curve: NA. Source DB: RPDv1b","Swamp","Carbon-14","Radiocarbon",-15,7351,"Calibrated radiocarbon years BP","sedimentary charcoal","Data Sourcing: RPDv1b #charcoal_recommendedformat","Sample Age Source: RPDv1b"
"631",109,"charcoal | >355um num",116,116.5,117,1,3820,NA,NA,"RPDv1b","Charcoal (sum)","(additional options)",355,NA,"False","True","number","Macroscopic charcoal (sieved)","direct",NA,"CHAR",23,NA,NA,"quant_raw",2,"volume","cm^3","RPDv1b",1390,"charcoal","count","macrochar","wet_sieve","particle",">355um num",NA,">355um","num","RPDv1b","measured",1,"RPDv1b",NA,"MOS-L1",51.985694,-75.38544,300,"north",NA,NA,"sedswamp",631,0,2012,"van Bellen, S., Garneau, M., Ali, A.A., Bergeron, Y., 2012. Did fires drive Holocene carbon sequestration in boreal ombrotrophic peatlands of eastern Canada? Quaternary Research 78, 50–59.","Did fires drive Holocene carbon sequestration in boreal ombrotrophic peatlands of eastern Canada? Quaternary Research 78, 50-59.",NA,NA,NA,NA,NA,"10.1016/j.yqres.2012.03.009",NA,NA,NA,NA,NA,NA,NA,NA,NA,NA,NA,NA,NA,"RPDv1b:1390",631,"Ali, A.A.",1,"Ali","A.A.",NA,NA,NA,NA,NA,NA,NA,NA,NA,"RPDv1b:1390",631,"RPDv1b",1390,9856,118,1.18,"m",0.02,"AMS","undifferentiated plant macrofossil",3625,20,NA,NA,"UCIAMS-65386",TRUE,NA,"NA Date is in uncalibrated radiocarbon years.","MOS-L1_SIEVED","counted","355-NaN",NA,NA,"",3625,3605,3645,3625,118,0.02,"NA Date is in uncalibrated radiocarbon years.",". Cal curve: NA. Source DB: RPDv1b","Swamp","Carbon-14","Radiocarbon",-15,7351,"Calibrated radiocarbon years BP","sedimentary charcoal","Data Sourcing: RPDv1b #charcoal_recommendedformat","Sample Age Source: RPDv1b"
"631",110,"charcoal | >355um num",117,117.5,118,1,3896,NA,NA,"RPDv1b","Charcoal (sum)","(additional options)",355,NA,"False","True","number","Macroscopic charcoal (sieved)","direct",NA,"CHAR",11,NA,NA,"quant_raw",2,"volume","cm^3","RPDv1b",1390,"charcoal","count","macrochar","wet_sieve","particle",">355um num",NA,">355um","num","RPDv1b","measured",1,"RPDv1b",NA,"MOS-L1",51.985694,-75.38544,300,"north",NA,NA,"sedswamp",631,0,2012,"van Bellen, S., Garneau, M., Ali, A.A., Bergeron, Y., 2012. Did fires drive Holocene carbon sequestration in boreal ombrotrophic peatlands of eastern Canada? Quaternary Research 78, 50–59.","Did fires drive Holocene carbon sequestration in boreal ombrotrophic peatlands of eastern Canada? Quaternary Research 78, 50-59.",NA,NA,NA,NA,NA,"10.1016/j.yqres.2012.03.009",NA,NA,NA,NA,NA,NA,NA,NA,NA,NA,NA,NA,NA,"RPDv1b:1390",631,"Ali, A.A.",1,"Ali","A.A.",NA,NA,NA,NA,NA,NA,NA,NA,NA,"RPDv1b:1390",631,"RPDv1b",1390,9856,118,1.18,"m",0.02,"AMS","undifferentiated plant macrofossil",3625,20,NA,NA,"UCIAMS-65386",TRUE,NA,"NA Date is in uncalibrated radiocarbon years.","MOS-L1_SIEVED","counted","355-NaN",NA,NA,"",3625,3605,3645,3625,118,0.02,"NA Date is in uncalibrated radiocarbon years.",". Cal curve: NA. Source DB: RPDv1b","Swamp","Carbon-14","Radiocarbon",-15,7351,"Calibrated radiocarbon years BP","sedimentary charcoal","Data Sourcing: RPDv1b #charcoal_recommendedformat","Sample Age Source: RPDv1b"
"631",111,"charcoal | >355um num",118,118.5,119,1,3970,NA,NA,"RPDv1b","Charcoal (sum)","(additional options)",355,NA,"False","True","number","Macroscopic charcoal (sieved)","direct",NA,"CHAR",5,NA,NA,"quant_raw",2,"volume","cm^3","RPDv1b",1390,"charcoal","count","macrochar","wet_sieve","particle",">355um num",NA,">355um","num","RPDv1b","measured",1,"RPDv1b",NA,"MOS-L1",51.985694,-75.38544,300,"north",NA,NA,"sedswamp",631,0,2012,"van Bellen, S., Garneau, M., Ali, A.A., Bergeron, Y., 2012. Did fires drive Holocene carbon sequestration in boreal ombrotrophic peatlands of eastern Canada? Quaternary Research 78, 50–59.","Did fires drive Holocene carbon sequestration in boreal ombrotrophic peatlands of eastern Canada? Quaternary Research 78, 50-59.",NA,NA,NA,NA,NA,"10.1016/j.yqres.2012.03.009",NA,NA,NA,NA,NA,NA,NA,NA,NA,NA,NA,NA,NA,"RPDv1b:1390",631,"Ali, A.A.",1,"Ali","A.A.",NA,NA,NA,NA,NA,NA,NA,NA,NA,"RPDv1b:1390",631,"RPDv1b",1390,9856,118,1.18,"m",0.02,"AMS","undifferentiated plant macrofossil",3625,20,NA,NA,"UCIAMS-65386",TRUE,NA,"NA Date is in uncalibrated radiocarbon years.","MOS-L1_SIEVED","counted","355-NaN",NA,NA,"",3625,3605,3645,3625,118,0.02,"NA Date is in uncalibrated radiocarbon years.",". Cal curve: NA. Source DB: RPDv1b","Swamp","Carbon-14","Radiocarbon",-15,7351,"Calibrated radiocarbon years BP","sedimentary charcoal","Data Sourcing: RPDv1b #charcoal_recommendedformat","Sample Age Source: RPDv1b"
"631",112,"charcoal | >355um num",119,119.5,120,1,4041,NA,NA,"RPDv1b","Charcoal (sum)","(additional options)",355,NA,"False","True","number","Macroscopic charcoal (sieved)","direct",NA,"CHAR",11,NA,NA,"quant_raw",2,"volume","cm^3","RPDv1b",1390,"charcoal","count","macrochar","wet_sieve","particle",">355um num",NA,">355um","num","RPDv1b","measured",1,"RPDv1b",NA,"MOS-L1",51.985694,-75.38544,300,"north",NA,NA,"sedswamp",631,0,2012,"van Bellen, S., Garneau, M., Ali, A.A., Bergeron, Y., 2012. Did fires drive Holocene carbon sequestration in boreal ombrotrophic peatlands of eastern Canada? Quaternary Research 78, 50–59.","Did fires drive Holocene carbon sequestration in boreal ombrotrophic peatlands of eastern Canada? Quaternary Research 78, 50-59.",NA,NA,NA,NA,NA,"10.1016/j.yqres.2012.03.009",NA,NA,NA,NA,NA,NA,NA,NA,NA,NA,NA,NA,NA,"RPDv1b:1390",631,"Ali, A.A.",1,"Ali","A.A.",NA,NA,NA,NA,NA,NA,NA,NA,NA,"RPDv1b:1390",631,"RPDv1b",1390,9856,118,1.18,"m",0.02,"AMS","undifferentiated plant macrofossil",3625,20,NA,NA,"UCIAMS-65386",TRUE,NA,"NA Date is in uncalibrated radiocarbon years.","MOS-L1_SIEVED","counted","355-NaN",NA,NA,"",3625,3605,3645,3625,118,0.02,"NA Date is in uncalibrated radiocarbon years.",". Cal curve: NA. Source DB: RPDv1b","Swamp","Carbon-14","Radiocarbon",-15,7351,"Calibrated radiocarbon years BP","sedimentary charcoal","Data Sourcing: RPDv1b #charcoal_recommendedformat","Sample Age Source: RPDv1b"
"631",113,"charcoal | >355um num",120,120.5,121,1,4111,NA,NA,"RPDv1b","Charcoal (sum)","(additional options)",355,NA,"False","True","number","Macroscopic charcoal (sieved)","direct",NA,"CHAR",43,NA,NA,"quant_raw",2,"volume","cm^3","RPDv1b",1390,"charcoal","count","macrochar","wet_sieve","particle",">355um num",NA,">355um","num","RPDv1b","measured",1,"RPDv1b",NA,"MOS-L1",51.985694,-75.38544,300,"north",NA,NA,"sedswamp",631,0,2012,"van Bellen, S., Garneau, M., Ali, A.A., Bergeron, Y., 2012. Did fires drive Holocene carbon sequestration in boreal ombrotrophic peatlands of eastern Canada? Quaternary Research 78, 50–59.","Did fires drive Holocene carbon sequestration in boreal ombrotrophic peatlands of eastern Canada? Quaternary Research 78, 50-59.",NA,NA,NA,NA,NA,"10.1016/j.yqres.2012.03.009",NA,NA,NA,NA,NA,NA,NA,NA,NA,NA,NA,NA,NA,"RPDv1b:1390",631,"Ali, A.A.",1,"Ali","A.A.",NA,NA,NA,NA,NA,NA,NA,NA,NA,"RPDv1b:1390",631,"RPDv1b",1390,9856,118,1.18,"m",0.02,"AMS","undifferentiated plant macrofossil",3625,20,NA,NA,"UCIAMS-65386",TRUE,NA,"NA Date is in uncalibrated radiocarbon years.","MOS-L1_SIEVED","counted","355-NaN",NA,NA,"",3625,3605,3645,3625,118,0.02,"NA Date is in uncalibrated radiocarbon years.",". Cal curve: NA. Source DB: RPDv1b","Swamp","Carbon-14","Radiocarbon",-15,7351,"Calibrated radiocarbon years BP","sedimentary charcoal","Data Sourcing: RPDv1b #charcoal_recommendedformat","Sample Age Source: RPDv1b"
"631",114,"charcoal | >355um num",121,121.5,122,1,4179,NA,NA,"RPDv1b","Charcoal (sum)","(additional options)",355,NA,"False","True","number","Macroscopic charcoal (sieved)","direct",NA,"CHAR",3,NA,NA,"quant_raw",2,"volume","cm^3","RPDv1b",1390,"charcoal","count","macrochar","wet_sieve","particle",">355um num",NA,">355um","num","RPDv1b","measured",1,"RPDv1b",NA,"MOS-L1",51.985694,-75.38544,300,"north",NA,NA,"sedswamp",631,0,2012,"van Bellen, S., Garneau, M., Ali, A.A., Bergeron, Y., 2012. Did fires drive Holocene carbon sequestration in boreal ombrotrophic peatlands of eastern Canada? Quaternary Research 78, 50–59.","Did fires drive Holocene carbon sequestration in boreal ombrotrophic peatlands of eastern Canada? Quaternary Research 78, 50-59.",NA,NA,NA,NA,NA,"10.1016/j.yqres.2012.03.009",NA,NA,NA,NA,NA,NA,NA,NA,NA,NA,NA,NA,NA,"RPDv1b:1390",631,"Ali, A.A.",1,"Ali","A.A.",NA,NA,NA,NA,NA,NA,NA,NA,NA,"RPDv1b:1390",631,"RPDv1b",1390,9856,118,1.18,"m",0.02,"AMS","undifferentiated plant macrofossil",3625,20,NA,NA,"UCIAMS-65386",TRUE,NA,"NA Date is in uncalibrated radiocarbon years.","MOS-L1_SIEVED","counted","355-NaN",NA,NA,"",3625,3605,3645,3625,118,0.02,"NA Date is in uncalibrated radiocarbon years.",". Cal curve: NA. Source DB: RPDv1b","Swamp","Carbon-14","Radiocarbon",-15,7351,"Calibrated radiocarbon years BP","sedimentary charcoal","Data Sourcing: RPDv1b #charcoal_recommendedformat","Sample Age Source: RPDv1b"
"631",115,"charcoal | >355um num",122,122.5,123,1,4247,NA,NA,"RPDv1b","Charcoal (sum)","(additional options)",355,NA,"False","True","number","Macroscopic charcoal (sieved)","direct",NA,"CHAR",11,NA,NA,"quant_raw",2,"volume","cm^3","RPDv1b",1390,"charcoal","count","macrochar","wet_sieve","particle",">355um num",NA,">355um","num","RPDv1b","measured",1,"RPDv1b",NA,"MOS-L1",51.985694,-75.38544,300,"north",NA,NA,"sedswamp",631,0,2012,"van Bellen, S., Garneau, M., Ali, A.A., Bergeron, Y., 2012. Did fires drive Holocene carbon sequestration in boreal ombrotrophic peatlands of eastern Canada? Quaternary Research 78, 50–59.","Did fires drive Holocene carbon sequestration in boreal ombrotrophic peatlands of eastern Canada? Quaternary Research 78, 50-59.",NA,NA,NA,NA,NA,"10.1016/j.yqres.2012.03.009",NA,NA,NA,NA,NA,NA,NA,NA,NA,NA,NA,NA,NA,"RPDv1b:1390",631,"Ali, A.A.",1,"Ali","A.A.",NA,NA,NA,NA,NA,NA,NA,NA,NA,"RPDv1b:1390",631,"RPDv1b",1390,9856,118,1.18,"m",0.02,"AMS","undifferentiated plant macrofossil",3625,20,NA,NA,"UCIAMS-65386",TRUE,NA,"NA Date is in uncalibrated radiocarbon years.","MOS-L1_SIEVED","counted","355-NaN",NA,NA,"",3625,3605,3645,3625,118,0.02,"NA Date is in uncalibrated radiocarbon years.",". Cal curve: NA. Source DB: RPDv1b","Swamp","Carbon-14","Radiocarbon",-15,7351,"Calibrated radiocarbon years BP","sedimentary charcoal","Data Sourcing: RPDv1b #charcoal_recommendedformat","Sample Age Source: RPDv1b"
"631",116,"charcoal | >355um num",123,123.5,124,1,4316,NA,NA,"RPDv1b","Charcoal (sum)","(additional options)",355,NA,"False","True","number","Macroscopic charcoal (sieved)","direct",NA,"CHAR",18,NA,NA,"quant_raw",2,"volume","cm^3","RPDv1b",1390,"charcoal","count","macrochar","wet_sieve","particle",">355um num",NA,">355um","num","RPDv1b","measured",1,"RPDv1b",NA,"MOS-L1",51.985694,-75.38544,300,"north",NA,NA,"sedswamp",631,0,2012,"van Bellen, S., Garneau, M., Ali, A.A., Bergeron, Y., 2012. Did fires drive Holocene carbon sequestration in boreal ombrotrophic peatlands of eastern Canada? Quaternary Research 78, 50–59.","Did fires drive Holocene carbon sequestration in boreal ombrotrophic peatlands of eastern Canada? Quaternary Research 78, 50-59.",NA,NA,NA,NA,NA,"10.1016/j.yqres.2012.03.009",NA,NA,NA,NA,NA,NA,NA,NA,NA,NA,NA,NA,NA,"RPDv1b:1390",631,"Ali, A.A.",1,"Ali","A.A.",NA,NA,NA,NA,NA,NA,NA,NA,NA,"RPDv1b:1390",631,"RPDv1b",1390,9856,118,1.18,"m",0.02,"AMS","undifferentiated plant macrofossil",3625,20,NA,NA,"UCIAMS-65386",TRUE,NA,"NA Date is in uncalibrated radiocarbon years.","MOS-L1_SIEVED","counted","355-NaN",NA,NA,"",3625,3605,3645,3625,118,0.02,"NA Date is in uncalibrated radiocarbon years.",". Cal curve: NA. Source DB: RPDv1b","Swamp","Carbon-14","Radiocarbon",-15,7351,"Calibrated radiocarbon years BP","sedimentary charcoal","Data Sourcing: RPDv1b #charcoal_recommendedformat","Sample Age Source: RPDv1b"
"631",117,"charcoal | >355um num",124,124.5,125,1,4384,NA,NA,"RPDv1b","Charcoal (sum)","(additional options)",355,NA,"False","True","number","Macroscopic charcoal (sieved)","direct",NA,"CHAR",66,NA,NA,"quant_raw",2,"volume","cm^3","RPDv1b",1390,"charcoal","count","macrochar","wet_sieve","particle",">355um num",NA,">355um","num","RPDv1b","measured",1,"RPDv1b",NA,"MOS-L1",51.985694,-75.38544,300,"north",NA,NA,"sedswamp",631,0,2012,"van Bellen, S., Garneau, M., Ali, A.A., Bergeron, Y., 2012. Did fires drive Holocene carbon sequestration in boreal ombrotrophic peatlands of eastern Canada? Quaternary Research 78, 50–59.","Did fires drive Holocene carbon sequestration in boreal ombrotrophic peatlands of eastern Canada? Quaternary Research 78, 50-59.",NA,NA,NA,NA,NA,"10.1016/j.yqres.2012.03.009",NA,NA,NA,NA,NA,NA,NA,NA,NA,NA,NA,NA,NA,"RPDv1b:1390",631,"Ali, A.A.",1,"Ali","A.A.",NA,NA,NA,NA,NA,NA,NA,NA,NA,"RPDv1b:1390",631,"RPDv1b",1390,9856,118,1.18,"m",0.02,"AMS","undifferentiated plant macrofossil",3625,20,NA,NA,"UCIAMS-65386",TRUE,NA,"NA Date is in uncalibrated radiocarbon years.","MOS-L1_SIEVED","counted","355-NaN",NA,NA,"",3625,3605,3645,3625,118,0.02,"NA Date is in uncalibrated radiocarbon years.",". Cal curve: NA. Source DB: RPDv1b","Swamp","Carbon-14","Radiocarbon",-15,7351,"Calibrated radiocarbon years BP","sedimentary charcoal","Data Sourcing: RPDv1b #charcoal_recommendedformat","Sample Age Source: RPDv1b"
"631",118,"charcoal | >355um num",125,125.5,126,1,4452,NA,NA,"RPDv1b","Charcoal (sum)","(additional options)",355,NA,"False","True","number","Macroscopic charcoal (sieved)","direct",NA,"CHAR",84,NA,NA,"quant_raw",2,"volume","cm^3","RPDv1b",1390,"charcoal","count","macrochar","wet_sieve","particle",">355um num",NA,">355um","num","RPDv1b","measured",1,"RPDv1b",NA,"MOS-L1",51.985694,-75.38544,300,"north",NA,NA,"sedswamp",631,0,2012,"van Bellen, S., Garneau, M., Ali, A.A., Bergeron, Y., 2012. Did fires drive Holocene carbon sequestration in boreal ombrotrophic peatlands of eastern Canada? Quaternary Research 78, 50–59.","Did fires drive Holocene carbon sequestration in boreal ombrotrophic peatlands of eastern Canada? Quaternary Research 78, 50-59.",NA,NA,NA,NA,NA,"10.1016/j.yqres.2012.03.009",NA,NA,NA,NA,NA,NA,NA,NA,NA,NA,NA,NA,NA,"RPDv1b:1390",631,"Ali, A.A.",1,"Ali","A.A.",NA,NA,NA,NA,NA,NA,NA,NA,NA,"RPDv1b:1390",631,"RPDv1b",1390,9856,118,1.18,"m",0.02,"AMS","undifferentiated plant macrofossil",3625,20,NA,NA,"UCIAMS-65386",TRUE,NA,"NA Date is in uncalibrated radiocarbon years.","MOS-L1_SIEVED","counted","355-NaN",NA,NA,"",3625,3605,3645,3625,118,0.02,"NA Date is in uncalibrated radiocarbon years.",". Cal curve: NA. Source DB: RPDv1b","Swamp","Carbon-14","Radiocarbon",-15,7351,"Calibrated radiocarbon years BP","sedimentary charcoal","Data Sourcing: RPDv1b #charcoal_recommendedformat","Sample Age Source: RPDv1b"
"631",119,"charcoal | >355um num",126,126.5,127,1,4520,NA,NA,"RPDv1b","Charcoal (sum)","(additional options)",355,NA,"False","True","number","Macroscopic charcoal (sieved)","direct",NA,"CHAR",14,NA,NA,"quant_raw",2,"volume","cm^3","RPDv1b",1390,"charcoal","count","macrochar","wet_sieve","particle",">355um num",NA,">355um","num","RPDv1b","measured",1,"RPDv1b",NA,"MOS-L1",51.985694,-75.38544,300,"north",NA,NA,"sedswamp",631,0,2012,"van Bellen, S., Garneau, M., Ali, A.A., Bergeron, Y., 2012. Did fires drive Holocene carbon sequestration in boreal ombrotrophic peatlands of eastern Canada? Quaternary Research 78, 50–59.","Did fires drive Holocene carbon sequestration in boreal ombrotrophic peatlands of eastern Canada? Quaternary Research 78, 50-59.",NA,NA,NA,NA,NA,"10.1016/j.yqres.2012.03.009",NA,NA,NA,NA,NA,NA,NA,NA,NA,NA,NA,NA,NA,"RPDv1b:1390",631,"Ali, A.A.",1,"Ali","A.A.",NA,NA,NA,NA,NA,NA,NA,NA,NA,"RPDv1b:1390",631,"RPDv1b",1390,9856,118,1.18,"m",0.02,"AMS","undifferentiated plant macrofossil",3625,20,NA,NA,"UCIAMS-65386",TRUE,NA,"NA Date is in uncalibrated radiocarbon years.","MOS-L1_SIEVED","counted","355-NaN",NA,NA,"",3625,3605,3645,3625,118,0.02,"NA Date is in uncalibrated radiocarbon years.",". Cal curve: NA. Source DB: RPDv1b","Swamp","Carbon-14","Radiocarbon",-15,7351,"Calibrated radiocarbon years BP","sedimentary charcoal","Data Sourcing: RPDv1b #charcoal_recommendedformat","Sample Age Source: RPDv1b"
"631",120,"charcoal | >355um num",127,127.5,128,1,4588,NA,NA,"RPDv1b","Charcoal (sum)","(additional options)",355,NA,"False","True","number","Macroscopic charcoal (sieved)","direct",NA,"CHAR",25,NA,NA,"quant_raw",2,"volume","cm^3","RPDv1b",1390,"charcoal","count","macrochar","wet_sieve","particle",">355um num",NA,">355um","num","RPDv1b","measured",1,"RPDv1b",NA,"MOS-L1",51.985694,-75.38544,300,"north",NA,NA,"sedswamp",631,0,2012,"van Bellen, S., Garneau, M., Ali, A.A., Bergeron, Y., 2012. Did fires drive Holocene carbon sequestration in boreal ombrotrophic peatlands of eastern Canada? Quaternary Research 78, 50–59.","Did fires drive Holocene carbon sequestration in boreal ombrotrophic peatlands of eastern Canada? Quaternary Research 78, 50-59.",NA,NA,NA,NA,NA,"10.1016/j.yqres.2012.03.009",NA,NA,NA,NA,NA,NA,NA,NA,NA,NA,NA,NA,NA,"RPDv1b:1390",631,"Bergeron, Y.",1,"Bergeron","Y.",NA,NA,NA,NA,NA,NA,NA,NA,NA,"RPDv1b:1390",631,"RPDv1b",1390,9856,118,1.18,"m",0.02,"AMS","undifferentiated plant macrofossil",3625,20,NA,NA,"UCIAMS-65386",TRUE,NA,"NA Date is in uncalibrated radiocarbon years.","MOS-L1_SIEVED","counted","355-NaN",NA,NA,"",3625,3605,3645,3625,118,0.02,"NA Date is in uncalibrated radiocarbon years.",". Cal curve: NA. Source DB: RPDv1b","Swamp","Carbon-14","Radiocarbon",-15,7351,"Calibrated radiocarbon years BP","sedimentary charcoal","Data Sourcing: RPDv1b #charcoal_recommendedformat","Sample Age Source: RPDv1b"
"631",121,"charcoal | >355um num",128,128.5,129,1,4655,NA,NA,"RPDv1b","Charcoal (sum)","(additional options)",355,NA,"False","True","number","Macroscopic charcoal (sieved)","direct",NA,"CHAR",22,NA,NA,"quant_raw",2,"volume","cm^3","RPDv1b",1390,"charcoal","count","macrochar","wet_sieve","particle",">355um num",NA,">355um","num","RPDv1b","measured",1,"RPDv1b",NA,"MOS-L1",51.985694,-75.38544,300,"north",NA,NA,"sedswamp",631,0,2012,"van Bellen, S., Garneau, M., Ali, A.A., Bergeron, Y., 2012. Did fires drive Holocene carbon sequestration in boreal ombrotrophic peatlands of eastern Canada? Quaternary Research 78, 50–59.","Did fires drive Holocene carbon sequestration in boreal ombrotrophic peatlands of eastern Canada? Quaternary Research 78, 50-59.",NA,NA,NA,NA,NA,"10.1016/j.yqres.2012.03.009",NA,NA,NA,NA,NA,NA,NA,NA,NA,NA,NA,NA,NA,"RPDv1b:1390",631,"Bergeron, Y.",1,"Bergeron","Y.",NA,NA,NA,NA,NA,NA,NA,NA,NA,"RPDv1b:1390",631,"RPDv1b",1390,9856,118,1.18,"m",0.02,"AMS","undifferentiated plant macrofossil",3625,20,NA,NA,"UCIAMS-65386",TRUE,NA,"NA Date is in uncalibrated radiocarbon years.","MOS-L1_SIEVED","counted","355-NaN",NA,NA,"",3625,3605,3645,3625,118,0.02,"NA Date is in uncalibrated radiocarbon years.",". Cal curve: NA. Source DB: RPDv1b","Swamp","Carbon-14","Radiocarbon",-15,7351,"Calibrated radiocarbon years BP","sedimentary charcoal","Data Sourcing: RPDv1b #charcoal_recommendedformat","Sample Age Source: RPDv1b"
"631",122,"charcoal | >355um num",129,129.5,130,1,4722,NA,NA,"RPDv1b","Charcoal (sum)","(additional options)",355,NA,"False","True","number","Macroscopic charcoal (sieved)","direct",NA,"CHAR",87,NA,NA,"quant_raw",2,"volume","cm^3","RPDv1b",1390,"charcoal","count","macrochar","wet_sieve","particle",">355um num",NA,">355um","num","RPDv1b","measured",1,"RPDv1b",NA,"MOS-L1",51.985694,-75.38544,300,"north",NA,NA,"sedswamp",631,0,2012,"van Bellen, S., Garneau, M., Ali, A.A., Bergeron, Y., 2012. Did fires drive Holocene carbon sequestration in boreal ombrotrophic peatlands of eastern Canada? Quaternary Research 78, 50–59.","Did fires drive Holocene carbon sequestration in boreal ombrotrophic peatlands of eastern Canada? Quaternary Research 78, 50-59.",NA,NA,NA,NA,NA,"10.1016/j.yqres.2012.03.009",NA,NA,NA,NA,NA,NA,NA,NA,NA,NA,NA,NA,NA,"RPDv1b:1390",631,"Bergeron, Y.",1,"Bergeron","Y.",NA,NA,NA,NA,NA,NA,NA,NA,NA,"RPDv1b:1390",631,"RPDv1b",1390,9856,118,1.18,"m",0.02,"AMS","undifferentiated plant macrofossil",3625,20,NA,NA,"UCIAMS-65386",TRUE,NA,"NA Date is in uncalibrated radiocarbon years.","MOS-L1_SIEVED","counted","355-NaN",NA,NA,"",3625,3605,3645,3625,118,0.02,"NA Date is in uncalibrated radiocarbon years.",". Cal curve: NA. Source DB: RPDv1b","Swamp","Carbon-14","Radiocarbon",-15,7351,"Calibrated radiocarbon years BP","sedimentary charcoal","Data Sourcing: RPDv1b #charcoal_recommendedformat","Sample Age Source: RPDv1b"
"631",123,"charcoal | >355um num",130,130.5,131,1,4790,NA,NA,"RPDv1b","Charcoal (sum)","(additional options)",355,NA,"False","True","number","Macroscopic charcoal (sieved)","direct",NA,"CHAR",250,NA,NA,"quant_raw",2,"volume","cm^3","RPDv1b",1390,"charcoal","count","macrochar","wet_sieve","particle",">355um num",NA,">355um","num","RPDv1b","measured",1,"RPDv1b",NA,"MOS-L1",51.985694,-75.38544,300,"north",NA,NA,"sedswamp",631,0,2012,"van Bellen, S., Garneau, M., Ali, A.A., Bergeron, Y., 2012. Did fires drive Holocene carbon sequestration in boreal ombrotrophic peatlands of eastern Canada? Quaternary Research 78, 50–59.","Did fires drive Holocene carbon sequestration in boreal ombrotrophic peatlands of eastern Canada? Quaternary Research 78, 50-59.",NA,NA,NA,NA,NA,"10.1016/j.yqres.2012.03.009",NA,NA,NA,NA,NA,NA,NA,NA,NA,NA,NA,NA,NA,"RPDv1b:1390",631,"Bergeron, Y.",1,"Bergeron","Y.",NA,NA,NA,NA,NA,NA,NA,NA,NA,"RPDv1b:1390",631,"RPDv1b",1390,9856,118,1.18,"m",0.02,"AMS","undifferentiated plant macrofossil",3625,20,NA,NA,"UCIAMS-65386",TRUE,NA,"NA Date is in uncalibrated radiocarbon years.","MOS-L1_SIEVED","counted","355-NaN",NA,NA,"",3625,3605,3645,3625,118,0.02,"NA Date is in uncalibrated radiocarbon years.",". Cal curve: NA. Source DB: RPDv1b","Swamp","Carbon-14","Radiocarbon",-15,7351,"Calibrated radiocarbon years BP","sedimentary charcoal","Data Sourcing: RPDv1b #charcoal_recommendedformat","Sample Age Source: RPDv1b"
"631",124,"charcoal | >355um num",131,131.5,132,1,4857,NA,NA,"RPDv1b","Charcoal (sum)","(additional options)",355,NA,"False","True","number","Macroscopic charcoal (sieved)","direct",NA,"CHAR",19,NA,NA,"quant_raw",2,"volume","cm^3","RPDv1b",1390,"charcoal","count","macrochar","wet_sieve","particle",">355um num",NA,">355um","num","RPDv1b","measured",1,"RPDv1b",NA,"MOS-L1",51.985694,-75.38544,300,"north",NA,NA,"sedswamp",631,0,2012,"van Bellen, S., Garneau, M., Ali, A.A., Bergeron, Y., 2012. Did fires drive Holocene carbon sequestration in boreal ombrotrophic peatlands of eastern Canada? Quaternary Research 78, 50–59.","Did fires drive Holocene carbon sequestration in boreal ombrotrophic peatlands of eastern Canada? Quaternary Research 78, 50-59.",NA,NA,NA,NA,NA,"10.1016/j.yqres.2012.03.009",NA,NA,NA,NA,NA,NA,NA,NA,NA,NA,NA,NA,NA,"RPDv1b:1390",631,"Bergeron, Y.",1,"Bergeron","Y.",NA,NA,NA,NA,NA,NA,NA,NA,NA,"RPDv1b:1390",631,"RPDv1b",1390,9856,118,1.18,"m",0.02,"AMS","undifferentiated plant macrofossil",3625,20,NA,NA,"UCIAMS-65386",TRUE,NA,"NA Date is in uncalibrated radiocarbon years.","MOS-L1_SIEVED","counted","355-NaN",NA,NA,"",3625,3605,3645,3625,118,0.02,"NA Date is in uncalibrated radiocarbon years.",". Cal curve: NA. Source DB: RPDv1b","Swamp","Carbon-14","Radiocarbon",-15,7351,"Calibrated radiocarbon years BP","sedimentary charcoal","Data Sourcing: RPDv1b #charcoal_recommendedformat","Sample Age Source: RPDv1b"
"631",125,"charcoal | >355um num",132,132.5,133,1,4924,NA,NA,"RPDv1b","Charcoal (sum)","(additional options)",355,NA,"False","True","number","Macroscopic charcoal (sieved)","direct",NA,"CHAR",11,NA,NA,"quant_raw",2,"volume","cm^3","RPDv1b",1390,"charcoal","count","macrochar","wet_sieve","particle",">355um num",NA,">355um","num","RPDv1b","measured",1,"RPDv1b",NA,"MOS-L1",51.985694,-75.38544,300,"north",NA,NA,"sedswamp",631,0,2012,"van Bellen, S., Garneau, M., Ali, A.A., Bergeron, Y., 2012. Did fires drive Holocene carbon sequestration in boreal ombrotrophic peatlands of eastern Canada? Quaternary Research 78, 50–59.","Did fires drive Holocene carbon sequestration in boreal ombrotrophic peatlands of eastern Canada? Quaternary Research 78, 50-59.",NA,NA,NA,NA,NA,"10.1016/j.yqres.2012.03.009",NA,NA,NA,NA,NA,NA,NA,NA,NA,NA,NA,NA,NA,"RPDv1b:1390",631,"Bergeron, Y.",1,"Bergeron","Y.",NA,NA,NA,NA,NA,NA,NA,NA,NA,"RPDv1b:1390",631,"RPDv1b",1390,9856,118,1.18,"m",0.02,"AMS","undifferentiated plant macrofossil",3625,20,NA,NA,"UCIAMS-65386",TRUE,NA,"NA Date is in uncalibrated radiocarbon years.","MOS-L1_SIEVED","counted","355-NaN",NA,NA,"",3625,3605,3645,3625,118,0.02,"NA Date is in uncalibrated radiocarbon years.",". Cal curve: NA. Source DB: RPDv1b","Swamp","Carbon-14","Radiocarbon",-15,7351,"Calibrated radiocarbon years BP","sedimentary charcoal","Data Sourcing: RPDv1b #charcoal_recommendedformat","Sample Age Source: RPDv1b"
"631",126,"charcoal | >355um num",133,133.5,134,1,4991,NA,NA,"RPDv1b","Charcoal (sum)","(additional options)",355,NA,"False","True","number","Macroscopic charcoal (sieved)","direct",NA,"CHAR",19,NA,NA,"quant_raw",2,"volume","cm^3","RPDv1b",1390,"charcoal","count","macrochar","wet_sieve","particle",">355um num",NA,">355um","num","RPDv1b","measured",1,"RPDv1b",NA,"MOS-L1",51.985694,-75.38544,300,"north",NA,NA,"sedswamp",631,0,2012,"van Bellen, S., Garneau, M., Ali, A.A., Bergeron, Y., 2012. Did fires drive Holocene carbon sequestration in boreal ombrotrophic peatlands of eastern Canada? Quaternary Research 78, 50–59.","Did fires drive Holocene carbon sequestration in boreal ombrotrophic peatlands of eastern Canada? Quaternary Research 78, 50-59.",NA,NA,NA,NA,NA,"10.1016/j.yqres.2012.03.009",NA,NA,NA,NA,NA,NA,NA,NA,NA,NA,NA,NA,NA,"RPDv1b:1390",631,"Bergeron, Y.",1,"Bergeron","Y.",NA,NA,NA,NA,NA,NA,NA,NA,NA,"RPDv1b:1390",631,"RPDv1b",1390,9856,118,1.18,"m",0.02,"AMS","undifferentiated plant macrofossil",3625,20,NA,NA,"UCIAMS-65386",TRUE,NA,"NA Date is in uncalibrated radiocarbon years.","MOS-L1_SIEVED","counted","355-NaN",NA,NA,"",3625,3605,3645,3625,118,0.02,"NA Date is in uncalibrated radiocarbon years.",". Cal curve: NA. Source DB: RPDv1b","Swamp","Carbon-14","Radiocarbon",-15,7351,"Calibrated radiocarbon years BP","sedimentary charcoal","Data Sourcing: RPDv1b #charcoal_recommendedformat","Sample Age Source: RPDv1b"
"631",127,"charcoal | >355um num",134,134.5,135,1,5059,NA,NA,"RPDv1b","Charcoal (sum)","(additional options)",355,NA,"False","True","number","Macroscopic charcoal (sieved)","direct",NA,"CHAR",282,NA,NA,"quant_raw",2,"volume","cm^3","RPDv1b",1390,"charcoal","count","macrochar","wet_sieve","particle",">355um num",NA,">355um","num","RPDv1b","measured",1,"RPDv1b",NA,"MOS-L1",51.985694,-75.38544,300,"north",NA,NA,"sedswamp",631,0,2012,"van Bellen, S., Garneau, M., Ali, A.A., Bergeron, Y., 2012. Did fires drive Holocene carbon sequestration in boreal ombrotrophic peatlands of eastern Canada? Quaternary Research 78, 50–59.","Did fires drive Holocene carbon sequestration in boreal ombrotrophic peatlands of eastern Canada? Quaternary Research 78, 50-59.",NA,NA,NA,NA,NA,"10.1016/j.yqres.2012.03.009",NA,NA,NA,NA,NA,NA,NA,NA,NA,NA,NA,NA,NA,"RPDv1b:1390",631,"Bergeron, Y.",1,"Bergeron","Y.",NA,NA,NA,NA,NA,NA,NA,NA,NA,"RPDv1b:1390",631,"RPDv1b",1390,9856,118,1.18,"m",0.02,"AMS","undifferentiated plant macrofossil",3625,20,NA,NA,"UCIAMS-65386",TRUE,NA,"NA Date is in uncalibrated radiocarbon years.","MOS-L1_SIEVED","counted","355-NaN",NA,NA,"",3625,3605,3645,3625,118,0.02,"NA Date is in uncalibrated radiocarbon years.",". Cal curve: NA. Source DB: RPDv1b","Swamp","Carbon-14","Radiocarbon",-15,7351,"Calibrated radiocarbon years BP","sedimentary charcoal","Data Sourcing: RPDv1b #charcoal_recommendedformat","Sample Age Source: RPDv1b"
"631",128,"charcoal | >355um num",135,135.5,136,1,5127,NA,NA,"RPDv1b","Charcoal (sum)","(additional options)",355,NA,"False","True","number","Macroscopic charcoal (sieved)","direct",NA,"CHAR",6,NA,NA,"quant_raw",2,"volume","cm^3","RPDv1b",1390,"charcoal","count","macrochar","wet_sieve","particle",">355um num",NA,">355um","num","RPDv1b","measured",1,"RPDv1b",NA,"MOS-L1",51.985694,-75.38544,300,"north",NA,NA,"sedswamp",631,0,2012,"van Bellen, S., Garneau, M., Ali, A.A., Bergeron, Y., 2012. Did fires drive Holocene carbon sequestration in boreal ombrotrophic peatlands of eastern Canada? Quaternary Research 78, 50–59.","Did fires drive Holocene carbon sequestration in boreal ombrotrophic peatlands of eastern Canada? Quaternary Research 78, 50-59.",NA,NA,NA,NA,NA,"10.1016/j.yqres.2012.03.009",NA,NA,NA,NA,NA,NA,NA,NA,NA,NA,NA,NA,NA,"RPDv1b:1390",631,"Bergeron, Y.",1,"Bergeron","Y.",NA,NA,NA,NA,NA,NA,NA,NA,NA,"RPDv1b:1390",631,"RPDv1b",1390,9857,168.5,1.685,"m",0.03,"AMS","undifferentiated plant macrofossil",6420,20,NA,NA,"UCIAMS-43474",TRUE,NA,"NA Date is in uncalibrated radiocarbon years.","MOS-L1_SIEVED","counted","355-NaN",NA,NA,"",6420,6400,6440,6420,168.5,0.03,"NA Date is in uncalibrated radiocarbon years.",". Cal curve: NA. Source DB: RPDv1b","Swamp","Carbon-14","Radiocarbon",-15,7351,"Calibrated radiocarbon years BP","sedimentary charcoal","Data Sourcing: RPDv1b #charcoal_recommendedformat","Sample Age Source: RPDv1b"
"631",129,"charcoal | >355um num",136,136.5,137,1,5194,NA,NA,"RPDv1b","Charcoal (sum)","(additional options)",355,NA,"False","True","number","Macroscopic charcoal (sieved)","direct",NA,"CHAR",203,NA,NA,"quant_raw",2,"volume","cm^3","RPDv1b",1390,"charcoal","count","macrochar","wet_sieve","particle",">355um num",NA,">355um","num","RPDv1b","measured",1,"RPDv1b",NA,"MOS-L1",51.985694,-75.38544,300,"north",NA,NA,"sedswamp",631,0,2012,"van Bellen, S., Garneau, M., Ali, A.A., Bergeron, Y., 2012. Did fires drive Holocene carbon sequestration in boreal ombrotrophic peatlands of eastern Canada? Quaternary Research 78, 50–59.","Did fires drive Holocene carbon sequestration in boreal ombrotrophic peatlands of eastern Canada? Quaternary Research 78, 50-59.",NA,NA,NA,NA,NA,"10.1016/j.yqres.2012.03.009",NA,NA,NA,NA,NA,NA,NA,NA,NA,NA,NA,NA,NA,"RPDv1b:1390",631,"Bergeron, Y.",1,"Bergeron","Y.",NA,NA,NA,NA,NA,NA,NA,NA,NA,"RPDv1b:1390",631,"RPDv1b",1390,9857,168.5,1.685,"m",0.03,"AMS","undifferentiated plant macrofossil",6420,20,NA,NA,"UCIAMS-43474",TRUE,NA,"NA Date is in uncalibrated radiocarbon years.","MOS-L1_SIEVED","counted","355-NaN",NA,NA,"",6420,6400,6440,6420,168.5,0.03,"NA Date is in uncalibrated radiocarbon years.",". Cal curve: NA. Source DB: RPDv1b","Swamp","Carbon-14","Radiocarbon",-15,7351,"Calibrated radiocarbon years BP","sedimentary charcoal","Data Sourcing: RPDv1b #charcoal_recommendedformat","Sample Age Source: RPDv1b"
"631",130,"charcoal | >355um num",137,137.5,138,1,5261,NA,NA,"RPDv1b","Charcoal (sum)","(additional options)",355,NA,"False","True","number","Macroscopic charcoal (sieved)","direct",NA,"CHAR",47,NA,NA,"quant_raw",2,"volume","cm^3","RPDv1b",1390,"charcoal","count","macrochar","wet_sieve","particle",">355um num",NA,">355um","num","RPDv1b","measured",1,"RPDv1b",NA,"MOS-L1",51.985694,-75.38544,300,"north",NA,NA,"sedswamp",631,0,2012,"van Bellen, S., Garneau, M., Ali, A.A., Bergeron, Y., 2012. Did fires drive Holocene carbon sequestration in boreal ombrotrophic peatlands of eastern Canada? Quaternary Research 78, 50–59.","Did fires drive Holocene carbon sequestration in boreal ombrotrophic peatlands of eastern Canada? Quaternary Research 78, 50-59.",NA,NA,NA,NA,NA,"10.1016/j.yqres.2012.03.009",NA,NA,NA,NA,NA,NA,NA,NA,NA,NA,NA,NA,NA,"RPDv1b:1390",631,"Bergeron, Y.",1,"Bergeron","Y.",NA,NA,NA,NA,NA,NA,NA,NA,NA,"RPDv1b:1390",631,"RPDv1b",1390,9857,168.5,1.685,"m",0.03,"AMS","undifferentiated plant macrofossil",6420,20,NA,NA,"UCIAMS-43474",TRUE,NA,"NA Date is in uncalibrated radiocarbon years.","MOS-L1_SIEVED","counted","355-NaN",NA,NA,"",6420,6400,6440,6420,168.5,0.03,"NA Date is in uncalibrated radiocarbon years.",". Cal curve: NA. Source DB: RPDv1b","Swamp","Carbon-14","Radiocarbon",-15,7351,"Calibrated radiocarbon years BP","sedimentary charcoal","Data Sourcing: RPDv1b #charcoal_recommendedformat","Sample Age Source: RPDv1b"
"631",131,"charcoal | >355um num",138,138.5,139,1,5329,NA,NA,"RPDv1b","Charcoal (sum)","(additional options)",355,NA,"False","True","number","Macroscopic charcoal (sieved)","direct",NA,"CHAR",3,NA,NA,"quant_raw",2,"volume","cm^3","RPDv1b",1390,"charcoal","count","macrochar","wet_sieve","particle",">355um num",NA,">355um","num","RPDv1b","measured",1,"RPDv1b",NA,"MOS-L1",51.985694,-75.38544,300,"north",NA,NA,"sedswamp",631,0,2012,"van Bellen, S., Garneau, M., Ali, A.A., Bergeron, Y., 2012. Did fires drive Holocene carbon sequestration in boreal ombrotrophic peatlands of eastern Canada? Quaternary Research 78, 50–59.","Did fires drive Holocene carbon sequestration in boreal ombrotrophic peatlands of eastern Canada? Quaternary Research 78, 50-59.",NA,NA,NA,NA,NA,"10.1016/j.yqres.2012.03.009",NA,NA,NA,NA,NA,NA,NA,NA,NA,NA,NA,NA,NA,"RPDv1b:1390",631,"Bergeron, Y.",1,"Bergeron","Y.",NA,NA,NA,NA,NA,NA,NA,NA,NA,"RPDv1b:1390",631,"RPDv1b",1390,9857,168.5,1.685,"m",0.03,"AMS","undifferentiated plant macrofossil",6420,20,NA,NA,"UCIAMS-43474",TRUE,NA,"NA Date is in uncalibrated radiocarbon years.","MOS-L1_SIEVED","counted","355-NaN",NA,NA,"",6420,6400,6440,6420,168.5,0.03,"NA Date is in uncalibrated radiocarbon years.",". Cal curve: NA. Source DB: RPDv1b","Swamp","Carbon-14","Radiocarbon",-15,7351,"Calibrated radiocarbon years BP","sedimentary charcoal","Data Sourcing: RPDv1b #charcoal_recommendedformat","Sample Age Source: RPDv1b"
"631",132,"charcoal | >355um num",139,139.5,140,1,5397,NA,NA,"RPDv1b","Charcoal (sum)","(additional options)",355,NA,"False","True","number","Macroscopic charcoal (sieved)","direct",NA,"CHAR",12,NA,NA,"quant_raw",2,"volume","cm^3","RPDv1b",1390,"charcoal","count","macrochar","wet_sieve","particle",">355um num",NA,">355um","num","RPDv1b","measured",1,"RPDv1b",NA,"MOS-L1",51.985694,-75.38544,300,"north",NA,NA,"sedswamp",631,0,2012,"van Bellen, S., Garneau, M., Ali, A.A., Bergeron, Y., 2012. Did fires drive Holocene carbon sequestration in boreal ombrotrophic peatlands of eastern Canada? Quaternary Research 78, 50–59.","Did fires drive Holocene carbon sequestration in boreal ombrotrophic peatlands of eastern Canada? Quaternary Research 78, 50-59.",NA,NA,NA,NA,NA,"10.1016/j.yqres.2012.03.009",NA,NA,NA,NA,NA,NA,NA,NA,NA,NA,NA,NA,NA,"RPDv1b:1390",631,"Bergeron, Y.",1,"Bergeron","Y.",NA,NA,NA,NA,NA,NA,NA,NA,NA,"RPDv1b:1390",631,"RPDv1b",1390,9857,168.5,1.685,"m",0.03,"AMS","undifferentiated plant macrofossil",6420,20,NA,NA,"UCIAMS-43474",TRUE,NA,"NA Date is in uncalibrated radiocarbon years.","MOS-L1_SIEVED","counted","355-NaN",NA,NA,"",6420,6400,6440,6420,168.5,0.03,"NA Date is in uncalibrated radiocarbon years.",". Cal curve: NA. Source DB: RPDv1b","Swamp","Carbon-14","Radiocarbon",-15,7351,"Calibrated radiocarbon years BP","sedimentary charcoal","Data Sourcing: RPDv1b #charcoal_recommendedformat","Sample Age Source: RPDv1b"
"631",133,"charcoal | >355um num",140,140.5,141,1,5464,NA,NA,"RPDv1b","Charcoal (sum)","(additional options)",355,NA,"False","True","number","Macroscopic charcoal (sieved)","direct",NA,"CHAR",43,NA,NA,"quant_raw",2,"volume","cm^3","RPDv1b",1390,"charcoal","count","macrochar","wet_sieve","particle",">355um num",NA,">355um","num","RPDv1b","measured",1,"RPDv1b",NA,"MOS-L1",51.985694,-75.38544,300,"north",NA,NA,"sedswamp",631,0,2012,"van Bellen, S., Garneau, M., Ali, A.A., Bergeron, Y., 2012. Did fires drive Holocene carbon sequestration in boreal ombrotrophic peatlands of eastern Canada? Quaternary Research 78, 50–59.","Did fires drive Holocene carbon sequestration in boreal ombrotrophic peatlands of eastern Canada? Quaternary Research 78, 50-59.",NA,NA,NA,NA,NA,"10.1016/j.yqres.2012.03.009",NA,NA,NA,NA,NA,NA,NA,NA,NA,NA,NA,NA,NA,"RPDv1b:1390",631,"Bergeron, Y.",1,"Bergeron","Y.",NA,NA,NA,NA,NA,NA,NA,NA,NA,"RPDv1b:1390",631,"RPDv1b",1390,9857,168.5,1.685,"m",0.03,"AMS","undifferentiated plant macrofossil",6420,20,NA,NA,"UCIAMS-43474",TRUE,NA,"NA Date is in uncalibrated radiocarbon years.","MOS-L1_SIEVED","counted","355-NaN",NA,NA,"",6420,6400,6440,6420,168.5,0.03,"NA Date is in uncalibrated radiocarbon years.",". Cal curve: NA. Source DB: RPDv1b","Swamp","Carbon-14","Radiocarbon",-15,7351,"Calibrated radiocarbon years BP","sedimentary charcoal","Data Sourcing: RPDv1b #charcoal_recommendedformat","Sample Age Source: RPDv1b"
"631",134,"charcoal | >355um num",141,141.5,142,1,5532,NA,NA,"RPDv1b","Charcoal (sum)","(additional options)",355,NA,"False","True","number","Macroscopic charcoal (sieved)","direct",NA,"CHAR",16,NA,NA,"quant_raw",2,"volume","cm^3","RPDv1b",1390,"charcoal","count","macrochar","wet_sieve","particle",">355um num",NA,">355um","num","RPDv1b","measured",1,"RPDv1b",NA,"MOS-L1",51.985694,-75.38544,300,"north",NA,NA,"sedswamp",631,0,2012,"van Bellen, S., Garneau, M., Ali, A.A., Bergeron, Y., 2012. Did fires drive Holocene carbon sequestration in boreal ombrotrophic peatlands of eastern Canada? Quaternary Research 78, 50–59.","Did fires drive Holocene carbon sequestration in boreal ombrotrophic peatlands of eastern Canada? Quaternary Research 78, 50-59.",NA,NA,NA,NA,NA,"10.1016/j.yqres.2012.03.009",NA,NA,NA,NA,NA,NA,NA,NA,NA,NA,NA,NA,NA,"RPDv1b:1390",631,"Bergeron, Y.",1,"Bergeron","Y.",NA,NA,NA,NA,NA,NA,NA,NA,NA,"RPDv1b:1390",631,"RPDv1b",1390,9857,168.5,1.685,"m",0.03,"AMS","undifferentiated plant macrofossil",6420,20,NA,NA,"UCIAMS-43474",TRUE,NA,"NA Date is in uncalibrated radiocarbon years.","MOS-L1_SIEVED","counted","355-NaN",NA,NA,"",6420,6400,6440,6420,168.5,0.03,"NA Date is in uncalibrated radiocarbon years.",". Cal curve: NA. Source DB: RPDv1b","Swamp","Carbon-14","Radiocarbon",-15,7351,"Calibrated radiocarbon years BP","sedimentary charcoal","Data Sourcing: RPDv1b #charcoal_recommendedformat","Sample Age Source: RPDv1b"
"631",135,"charcoal | >355um num",142,142.5,143,1,5599,NA,NA,"RPDv1b","Charcoal (sum)","(additional options)",355,NA,"False","True","number","Macroscopic charcoal (sieved)","direct",NA,"CHAR",142,NA,NA,"quant_raw",2,"volume","cm^3","RPDv1b",1390,"charcoal","count","macrochar","wet_sieve","particle",">355um num",NA,">355um","num","RPDv1b","measured",1,"RPDv1b",NA,"MOS-L1",51.985694,-75.38544,300,"north",NA,NA,"sedswamp",631,0,2012,"van Bellen, S., Garneau, M., Ali, A.A., Bergeron, Y., 2012. Did fires drive Holocene carbon sequestration in boreal ombrotrophic peatlands of eastern Canada? Quaternary Research 78, 50–59.","Did fires drive Holocene carbon sequestration in boreal ombrotrophic peatlands of eastern Canada? Quaternary Research 78, 50-59.",NA,NA,NA,NA,NA,"10.1016/j.yqres.2012.03.009",NA,NA,NA,NA,NA,NA,NA,NA,NA,NA,NA,NA,NA,"RPDv1b:1390",631,"Bergeron, Y.",1,"Bergeron","Y.",NA,NA,NA,NA,NA,NA,NA,NA,NA,"RPDv1b:1390",631,"RPDv1b",1390,9857,168.5,1.685,"m",0.03,"AMS","undifferentiated plant macrofossil",6420,20,NA,NA,"UCIAMS-43474",TRUE,NA,"NA Date is in uncalibrated radiocarbon years.","MOS-L1_SIEVED","counted","355-NaN",NA,NA,"",6420,6400,6440,6420,168.5,0.03,"NA Date is in uncalibrated radiocarbon years.",". Cal curve: NA. Source DB: RPDv1b","Swamp","Carbon-14","Radiocarbon",-15,7351,"Calibrated radiocarbon years BP","sedimentary charcoal","Data Sourcing: RPDv1b #charcoal_recommendedformat","Sample Age Source: RPDv1b"
"631",136,"charcoal | >355um num",143,143.5,144,1,5666,NA,NA,"RPDv1b","Charcoal (sum)","(additional options)",355,NA,"False","True","number","Macroscopic charcoal (sieved)","direct",NA,"CHAR",21,NA,NA,"quant_raw",2,"volume","cm^3","RPDv1b",1390,"charcoal","count","macrochar","wet_sieve","particle",">355um num",NA,">355um","num","RPDv1b","measured",1,"RPDv1b",NA,"MOS-L1",51.985694,-75.38544,300,"north",NA,NA,"sedswamp",631,0,2012,"van Bellen, S., Garneau, M., Ali, A.A., Bergeron, Y., 2012. Did fires drive Holocene carbon sequestration in boreal ombrotrophic peatlands of eastern Canada? Quaternary Research 78, 50–59.","Did fires drive Holocene carbon sequestration in boreal ombrotrophic peatlands of eastern Canada? Quaternary Research 78, 50-59.",NA,NA,NA,NA,NA,"10.1016/j.yqres.2012.03.009",NA,NA,NA,NA,NA,NA,NA,NA,NA,NA,NA,NA,NA,"RPDv1b:1390",631,"Bergeron, Y.",1,"Bergeron","Y.",NA,NA,NA,NA,NA,NA,NA,NA,NA,"RPDv1b:1390",631,"RPDv1b",1390,9857,168.5,1.685,"m",0.03,"AMS","undifferentiated plant macrofossil",6420,20,NA,NA,"UCIAMS-43474",TRUE,NA,"NA Date is in uncalibrated radiocarbon years.","MOS-L1_SIEVED","counted","355-NaN",NA,NA,"",6420,6400,6440,6420,168.5,0.03,"NA Date is in uncalibrated radiocarbon years.",". Cal curve: NA. Source DB: RPDv1b","Swamp","Carbon-14","Radiocarbon",-15,7351,"Calibrated radiocarbon years BP","sedimentary charcoal","Data Sourcing: RPDv1b #charcoal_recommendedformat","Sample Age Source: RPDv1b"
"631",137,"charcoal | >355um num",144,144.5,145,1,5733,NA,NA,"RPDv1b","Charcoal (sum)","(additional options)",355,NA,"False","True","number","Macroscopic charcoal (sieved)","direct",NA,"CHAR",11,NA,NA,"quant_raw",2,"volume","cm^3","RPDv1b",1390,"charcoal","count","macrochar","wet_sieve","particle",">355um num",NA,">355um","num","RPDv1b","measured",1,"RPDv1b",NA,"MOS-L1",51.985694,-75.38544,300,"north",NA,NA,"sedswamp",631,0,2012,"van Bellen, S., Garneau, M., Ali, A.A., Bergeron, Y., 2012. Did fires drive Holocene carbon sequestration in boreal ombrotrophic peatlands of eastern Canada? Quaternary Research 78, 50–59.","Did fires drive Holocene carbon sequestration in boreal ombrotrophic peatlands of eastern Canada? Quaternary Research 78, 50-59.",NA,NA,NA,NA,NA,"10.1016/j.yqres.2012.03.009",NA,NA,NA,NA,NA,NA,NA,NA,NA,NA,NA,NA,NA,"RPDv1b:1390",631,"Bergeron, Y.",1,"Bergeron","Y.",NA,NA,NA,NA,NA,NA,NA,NA,NA,"RPDv1b:1390",631,"RPDv1b",1390,9857,168.5,1.685,"m",0.03,"AMS","undifferentiated plant macrofossil",6420,20,NA,NA,"UCIAMS-43474",TRUE,NA,"NA Date is in uncalibrated radiocarbon years.","MOS-L1_SIEVED","counted","355-NaN",NA,NA,"",6420,6400,6440,6420,168.5,0.03,"NA Date is in uncalibrated radiocarbon years.",". Cal curve: NA. Source DB: RPDv1b","Swamp","Carbon-14","Radiocarbon",-15,7351,"Calibrated radiocarbon years BP","sedimentary charcoal","Data Sourcing: RPDv1b #charcoal_recommendedformat","Sample Age Source: RPDv1b"
"631",138,"charcoal | >355um num",145,145.5,146,1,5801,NA,NA,"RPDv1b","Charcoal (sum)","(additional options)",355,NA,"False","True","number","Macroscopic charcoal (sieved)","direct",NA,"CHAR",2,NA,NA,"quant_raw",2,"volume","cm^3","RPDv1b",1390,"charcoal","count","macrochar","wet_sieve","particle",">355um num",NA,">355um","num","RPDv1b","measured",1,"RPDv1b",NA,"MOS-L1",51.985694,-75.38544,300,"north",NA,NA,"sedswamp",631,0,2012,"van Bellen, S., Garneau, M., Ali, A.A., Bergeron, Y., 2012. Did fires drive Holocene carbon sequestration in boreal ombrotrophic peatlands of eastern Canada? Quaternary Research 78, 50–59.","Did fires drive Holocene carbon sequestration in boreal ombrotrophic peatlands of eastern Canada? Quaternary Research 78, 50-59.",NA,NA,NA,NA,NA,"10.1016/j.yqres.2012.03.009",NA,NA,NA,NA,NA,NA,NA,NA,NA,NA,NA,NA,NA,"RPDv1b:1390",631,"Bergeron, Y.",1,"Bergeron","Y.",NA,NA,NA,NA,NA,NA,NA,NA,NA,"RPDv1b:1390",631,"RPDv1b",1390,9857,168.5,1.685,"m",0.03,"AMS","undifferentiated plant macrofossil",6420,20,NA,NA,"UCIAMS-43474",TRUE,NA,"NA Date is in uncalibrated radiocarbon years.","MOS-L1_SIEVED","counted","355-NaN",NA,NA,"",6420,6400,6440,6420,168.5,0.03,"NA Date is in uncalibrated radiocarbon years.",". Cal curve: NA. Source DB: RPDv1b","Swamp","Carbon-14","Radiocarbon",-15,7351,"Calibrated radiocarbon years BP","sedimentary charcoal","Data Sourcing: RPDv1b #charcoal_recommendedformat","Sample Age Source: RPDv1b"
"631",139,"charcoal | >355um num",146,146.5,147,1,5868,NA,NA,"RPDv1b","Charcoal (sum)","(additional options)",355,NA,"False","True","number","Macroscopic charcoal (sieved)","direct",NA,"CHAR",5,NA,NA,"quant_raw",2,"volume","cm^3","RPDv1b",1390,"charcoal","count","macrochar","wet_sieve","particle",">355um num",NA,">355um","num","RPDv1b","measured",1,"RPDv1b",NA,"MOS-L1",51.985694,-75.38544,300,"north",NA,NA,"sedswamp",631,0,2012,"van Bellen, S., Garneau, M., Ali, A.A., Bergeron, Y., 2012. Did fires drive Holocene carbon sequestration in boreal ombrotrophic peatlands of eastern Canada? Quaternary Research 78, 50–59.","Did fires drive Holocene carbon sequestration in boreal ombrotrophic peatlands of eastern Canada? Quaternary Research 78, 50-59.",NA,NA,NA,NA,NA,"10.1016/j.yqres.2012.03.009",NA,NA,NA,NA,NA,NA,NA,NA,NA,NA,NA,NA,NA,"RPDv1b:1390",631,"Bergeron, Y.",1,"Bergeron","Y.",NA,NA,NA,NA,NA,NA,NA,NA,NA,"RPDv1b:1390",631,"RPDv1b",1390,9857,168.5,1.685,"m",0.03,"AMS","undifferentiated plant macrofossil",6420,20,NA,NA,"UCIAMS-43474",TRUE,NA,"NA Date is in uncalibrated radiocarbon years.","MOS-L1_SIEVED","counted","355-NaN",NA,NA,"",6420,6400,6440,6420,168.5,0.03,"NA Date is in uncalibrated radiocarbon years.",". Cal curve: NA. Source DB: RPDv1b","Swamp","Carbon-14","Radiocarbon",-15,7351,"Calibrated radiocarbon years BP","sedimentary charcoal","Data Sourcing: RPDv1b #charcoal_recommendedformat","Sample Age Source: RPDv1b"
"631",140,"charcoal | >355um num",147,147.5,148,1,5934,NA,NA,"RPDv1b","Charcoal (sum)","(additional options)",355,NA,"False","True","number","Macroscopic charcoal (sieved)","direct",NA,"CHAR",8,NA,NA,"quant_raw",2,"volume","cm^3","RPDv1b",1390,"charcoal","count","macrochar","wet_sieve","particle",">355um num",NA,">355um","num","RPDv1b","measured",1,"RPDv1b",NA,"MOS-L1",51.985694,-75.38544,300,"north",NA,NA,"sedswamp",631,0,2012,"van Bellen, S., Garneau, M., Ali, A.A., Bergeron, Y., 2012. Did fires drive Holocene carbon sequestration in boreal ombrotrophic peatlands of eastern Canada? Quaternary Research 78, 50–59.","Did fires drive Holocene carbon sequestration in boreal ombrotrophic peatlands of eastern Canada? Quaternary Research 78, 50-59.",NA,NA,NA,NA,NA,"10.1016/j.yqres.2012.03.009",NA,NA,NA,NA,NA,NA,NA,NA,NA,NA,NA,NA,NA,"RPDv1b:1390",631,"Bergeron, Y.",1,"Bergeron","Y.",NA,NA,NA,NA,NA,NA,NA,NA,NA,"RPDv1b:1390",631,"RPDv1b",1390,9857,168.5,1.685,"m",0.03,"AMS","undifferentiated plant macrofossil",6420,20,NA,NA,"UCIAMS-43474",TRUE,NA,"NA Date is in uncalibrated radiocarbon years.","MOS-L1_SIEVED","counted","355-NaN",NA,NA,"",6420,6400,6440,6420,168.5,0.03,"NA Date is in uncalibrated radiocarbon years.",". Cal curve: NA. Source DB: RPDv1b","Swamp","Carbon-14","Radiocarbon",-15,7351,"Calibrated radiocarbon years BP","sedimentary charcoal","Data Sourcing: RPDv1b #charcoal_recommendedformat","Sample Age Source: RPDv1b"
"631",141,"charcoal | >355um num",148,148.5,149,1,6002,NA,NA,"RPDv1b","Charcoal (sum)","(additional options)",355,NA,"False","True","number","Macroscopic charcoal (sieved)","direct",NA,"CHAR",11,NA,NA,"quant_raw",2,"volume","cm^3","RPDv1b",1390,"charcoal","count","macrochar","wet_sieve","particle",">355um num",NA,">355um","num","RPDv1b","measured",1,"RPDv1b",NA,"MOS-L1",51.985694,-75.38544,300,"north",NA,NA,"sedswamp",631,0,2012,"van Bellen, S., Garneau, M., Ali, A.A., Bergeron, Y., 2012. Did fires drive Holocene carbon sequestration in boreal ombrotrophic peatlands of eastern Canada? Quaternary Research 78, 50–59.","Did fires drive Holocene carbon sequestration in boreal ombrotrophic peatlands of eastern Canada? Quaternary Research 78, 50-59.",NA,NA,NA,NA,NA,"10.1016/j.yqres.2012.03.009",NA,NA,NA,NA,NA,NA,NA,NA,NA,NA,NA,NA,NA,"RPDv1b:1390",631,"Bergeron, Y.",1,"Bergeron","Y.",NA,NA,NA,NA,NA,NA,NA,NA,NA,"RPDv1b:1390",631,"RPDv1b",1390,9857,168.5,1.685,"m",0.03,"AMS","undifferentiated plant macrofossil",6420,20,NA,NA,"UCIAMS-43474",TRUE,NA,"NA Date is in uncalibrated radiocarbon years.","MOS-L1_SIEVED","counted","355-NaN",NA,NA,"",6420,6400,6440,6420,168.5,0.03,"NA Date is in uncalibrated radiocarbon years.",". Cal curve: NA. Source DB: RPDv1b","Swamp","Carbon-14","Radiocarbon",-15,7351,"Calibrated radiocarbon years BP","sedimentary charcoal","Data Sourcing: RPDv1b #charcoal_recommendedformat","Sample Age Source: RPDv1b"
"631",142,"charcoal | >355um num",149,149.5,150,1,6069,NA,NA,"RPDv1b","Charcoal (sum)","(additional options)",355,NA,"False","True","number","Macroscopic charcoal (sieved)","direct",NA,"CHAR",11,NA,NA,"quant_raw",2,"volume","cm^3","RPDv1b",1390,"charcoal","count","macrochar","wet_sieve","particle",">355um num",NA,">355um","num","RPDv1b","measured",1,"RPDv1b",NA,"MOS-L1",51.985694,-75.38544,300,"north",NA,NA,"sedswamp",631,0,2012,"van Bellen, S., Garneau, M., Ali, A.A., Bergeron, Y., 2012. Did fires drive Holocene carbon sequestration in boreal ombrotrophic peatlands of eastern Canada? Quaternary Research 78, 50–59.","Did fires drive Holocene carbon sequestration in boreal ombrotrophic peatlands of eastern Canada? Quaternary Research 78, 50-59.",NA,NA,NA,NA,NA,"10.1016/j.yqres.2012.03.009",NA,NA,NA,NA,NA,NA,NA,NA,NA,NA,NA,NA,NA,"RPDv1b:1390",631,"Bergeron, Y.",1,"Bergeron","Y.",NA,NA,NA,NA,NA,NA,NA,NA,NA,"RPDv1b:1390",631,"RPDv1b",1390,9857,168.5,1.685,"m",0.03,"AMS","undifferentiated plant macrofossil",6420,20,NA,NA,"UCIAMS-43474",TRUE,NA,"NA Date is in uncalibrated radiocarbon years.","MOS-L1_SIEVED","counted","355-NaN",NA,NA,"",6420,6400,6440,6420,168.5,0.03,"NA Date is in uncalibrated radiocarbon years.",". Cal curve: NA. Source DB: RPDv1b","Swamp","Carbon-14","Radiocarbon",-15,7351,"Calibrated radiocarbon years BP","sedimentary charcoal","Data Sourcing: RPDv1b #charcoal_recommendedformat","Sample Age Source: RPDv1b"
"631",143,"charcoal | >355um num",150,150.5,151,1,6136,NA,NA,"RPDv1b","Charcoal (sum)","(additional options)",355,NA,"False","True","number","Macroscopic charcoal (sieved)","direct",NA,"CHAR",46,NA,NA,"quant_raw",2,"volume","cm^3","RPDv1b",1390,"charcoal","count","macrochar","wet_sieve","particle",">355um num",NA,">355um","num","RPDv1b","measured",1,"RPDv1b",NA,"MOS-L1",51.985694,-75.38544,300,"north",NA,NA,"sedswamp",631,0,2012,"van Bellen, S., Garneau, M., Ali, A.A., Bergeron, Y., 2012. Did fires drive Holocene carbon sequestration in boreal ombrotrophic peatlands of eastern Canada? Quaternary Research 78, 50–59.","Did fires drive Holocene carbon sequestration in boreal ombrotrophic peatlands of eastern Canada? Quaternary Research 78, 50-59.",NA,NA,NA,NA,NA,"10.1016/j.yqres.2012.03.009",NA,NA,NA,NA,NA,NA,NA,NA,NA,NA,NA,NA,NA,"RPDv1b:1390",631,"Bergeron, Y.",1,"Bergeron","Y.",NA,NA,NA,NA,NA,NA,NA,NA,NA,"RPDv1b:1390",631,"RPDv1b",1390,9857,168.5,1.685,"m",0.03,"AMS","undifferentiated plant macrofossil",6420,20,NA,NA,"UCIAMS-43474",TRUE,NA,"NA Date is in uncalibrated radiocarbon years.","MOS-L1_SIEVED","counted","355-NaN",NA,NA,"",6420,6400,6440,6420,168.5,0.03,"NA Date is in uncalibrated radiocarbon years.",". Cal curve: NA. Source DB: RPDv1b","Swamp","Carbon-14","Radiocarbon",-15,7351,"Calibrated radiocarbon years BP","sedimentary charcoal","Data Sourcing: RPDv1b #charcoal_recommendedformat","Sample Age Source: RPDv1b"
"631",144,"charcoal | >355um num",151,151.5,152,1,6204,NA,NA,"RPDv1b","Charcoal (sum)","(additional options)",355,NA,"False","True","number","Macroscopic charcoal (sieved)","direct",NA,"CHAR",128,NA,NA,"quant_raw",2,"volume","cm^3","RPDv1b",1390,"charcoal","count","macrochar","wet_sieve","particle",">355um num",NA,">355um","num","RPDv1b","measured",1,"RPDv1b",NA,"MOS-L1",51.985694,-75.38544,300,"north",NA,NA,"sedswamp",631,0,2012,"van Bellen, S., Garneau, M., Ali, A.A., Bergeron, Y., 2012. Did fires drive Holocene carbon sequestration in boreal ombrotrophic peatlands of eastern Canada? Quaternary Research 78, 50–59.","Did fires drive Holocene carbon sequestration in boreal ombrotrophic peatlands of eastern Canada? Quaternary Research 78, 50-59.",NA,NA,NA,NA,NA,"10.1016/j.yqres.2012.03.009",NA,NA,NA,NA,NA,NA,NA,NA,NA,NA,NA,NA,NA,"RPDv1b:1390",631,"Bergeron, Y.",1,"Bergeron","Y.",NA,NA,NA,NA,NA,NA,NA,NA,NA,"RPDv1b:1390",631,"RPDv1b",1390,9857,168.5,1.685,"m",0.03,"AMS","undifferentiated plant macrofossil",6420,20,NA,NA,"UCIAMS-43474",TRUE,NA,"NA Date is in uncalibrated radiocarbon years.","MOS-L1_SIEVED","counted","355-NaN",NA,NA,"",6420,6400,6440,6420,168.5,0.03,"NA Date is in uncalibrated radiocarbon years.",". Cal curve: NA. Source DB: RPDv1b","Swamp","Carbon-14","Radiocarbon",-15,7351,"Calibrated radiocarbon years BP","sedimentary charcoal","Data Sourcing: RPDv1b #charcoal_recommendedformat","Sample Age Source: RPDv1b"
"631",145,"charcoal | >355um num",152,152.5,153,1,6271,NA,NA,"RPDv1b","Charcoal (sum)","(additional options)",355,NA,"False","True","number","Macroscopic charcoal (sieved)","direct",NA,"CHAR",15,NA,NA,"quant_raw",2,"volume","cm^3","RPDv1b",1390,"charcoal","count","macrochar","wet_sieve","particle",">355um num",NA,">355um","num","RPDv1b","measured",1,"RPDv1b",NA,"MOS-L1",51.985694,-75.38544,300,"north",NA,NA,"sedswamp",631,0,2012,"van Bellen, S., Garneau, M., Ali, A.A., Bergeron, Y., 2012. Did fires drive Holocene carbon sequestration in boreal ombrotrophic peatlands of eastern Canada? Quaternary Research 78, 50–59.","Did fires drive Holocene carbon sequestration in boreal ombrotrophic peatlands of eastern Canada? Quaternary Research 78, 50-59.",NA,NA,NA,NA,NA,"10.1016/j.yqres.2012.03.009",NA,NA,NA,NA,NA,NA,NA,NA,NA,NA,NA,NA,NA,"RPDv1b:1390",631,"Bergeron, Y.",1,"Bergeron","Y.",NA,NA,NA,NA,NA,NA,NA,NA,NA,"RPDv1b:1390",631,"RPDv1b",1390,9857,168.5,1.685,"m",0.03,"AMS","undifferentiated plant macrofossil",6420,20,NA,NA,"UCIAMS-43474",TRUE,NA,"NA Date is in uncalibrated radiocarbon years.","MOS-L1_SIEVED","counted","355-NaN",NA,NA,"",6420,6400,6440,6420,168.5,0.03,"NA Date is in uncalibrated radiocarbon years.",". Cal curve: NA. Source DB: RPDv1b","Swamp","Carbon-14","Radiocarbon",-15,7351,"Calibrated radiocarbon years BP","sedimentary charcoal","Data Sourcing: RPDv1b #charcoal_recommendedformat","Sample Age Source: RPDv1b"
"631",146,"charcoal | >355um num",153,153.5,154,1,6339,NA,NA,"RPDv1b","Charcoal (sum)","(additional options)",355,NA,"False","True","number","Macroscopic charcoal (sieved)","direct",NA,"CHAR",41,NA,NA,"quant_raw",2,"volume","cm^3","RPDv1b",1390,"charcoal","count","macrochar","wet_sieve","particle",">355um num",NA,">355um","num","RPDv1b","measured",1,"RPDv1b",NA,"MOS-L1",51.985694,-75.38544,300,"north",NA,NA,"sedswamp",631,0,2012,"van Bellen, S., Garneau, M., Ali, A.A., Bergeron, Y., 2012. Did fires drive Holocene carbon sequestration in boreal ombrotrophic peatlands of eastern Canada? Quaternary Research 78, 50–59.","Did fires drive Holocene carbon sequestration in boreal ombrotrophic peatlands of eastern Canada? Quaternary Research 78, 50-59.",NA,NA,NA,NA,NA,"10.1016/j.yqres.2012.03.009",NA,NA,NA,NA,NA,NA,NA,NA,NA,NA,NA,NA,NA,"RPDv1b:1390",631,"Bergeron, Y.",1,"Bergeron","Y.",NA,NA,NA,NA,NA,NA,NA,NA,NA,"RPDv1b:1390",631,"RPDv1b",1390,9857,168.5,1.685,"m",0.03,"AMS","undifferentiated plant macrofossil",6420,20,NA,NA,"UCIAMS-43474",TRUE,NA,"NA Date is in uncalibrated radiocarbon years.","MOS-L1_SIEVED","counted","355-NaN",NA,NA,"",6420,6400,6440,6420,168.5,0.03,"NA Date is in uncalibrated radiocarbon years.",". Cal curve: NA. Source DB: RPDv1b","Swamp","Carbon-14","Radiocarbon",-15,7351,"Calibrated radiocarbon years BP","sedimentary charcoal","Data Sourcing: RPDv1b #charcoal_recommendedformat","Sample Age Source: RPDv1b"
"631",147,"charcoal | >355um num",154,154.5,155,1,6406,NA,NA,"RPDv1b","Charcoal (sum)","(additional options)",355,NA,"False","True","number","Macroscopic charcoal (sieved)","direct",NA,"CHAR",52,NA,NA,"quant_raw",2,"volume","cm^3","RPDv1b",1390,"charcoal","count","macrochar","wet_sieve","particle",">355um num",NA,">355um","num","RPDv1b","measured",1,"RPDv1b",NA,"MOS-L1",51.985694,-75.38544,300,"north",NA,NA,"sedswamp",631,0,2012,"van Bellen, S., Garneau, M., Ali, A.A., Bergeron, Y., 2012. Did fires drive Holocene carbon sequestration in boreal ombrotrophic peatlands of eastern Canada? Quaternary Research 78, 50–59.","Did fires drive Holocene carbon sequestration in boreal ombrotrophic peatlands of eastern Canada? Quaternary Research 78, 50-59.",NA,NA,NA,NA,NA,"10.1016/j.yqres.2012.03.009",NA,NA,NA,NA,NA,NA,NA,NA,NA,NA,NA,NA,NA,"RPDv1b:1390",631,"Bergeron, Y.",1,"Bergeron","Y.",NA,NA,NA,NA,NA,NA,NA,NA,NA,"RPDv1b:1390",631,"RPDv1b",1390,9857,168.5,1.685,"m",0.03,"AMS","undifferentiated plant macrofossil",6420,20,NA,NA,"UCIAMS-43474",TRUE,NA,"NA Date is in uncalibrated radiocarbon years.","MOS-L1_SIEVED","counted","355-NaN",NA,NA,"",6420,6400,6440,6420,168.5,0.03,"NA Date is in uncalibrated radiocarbon years.",". Cal curve: NA. Source DB: RPDv1b","Swamp","Carbon-14","Radiocarbon",-15,7351,"Calibrated radiocarbon years BP","sedimentary charcoal","Data Sourcing: RPDv1b #charcoal_recommendedformat","Sample Age Source: RPDv1b"
"631",148,"charcoal | >355um num",155,155.5,156,1,6473,NA,NA,"RPDv1b","Charcoal (sum)","(additional options)",355,NA,"False","True","number","Macroscopic charcoal (sieved)","direct",NA,"CHAR",18,NA,NA,"quant_raw",2,"volume","cm^3","RPDv1b",1390,"charcoal","count","macrochar","wet_sieve","particle",">355um num",NA,">355um","num","RPDv1b","measured",1,"RPDv1b",NA,"MOS-L1",51.985694,-75.38544,300,"north",NA,NA,"sedswamp",631,0,2012,"van Bellen, S., Garneau, M., Ali, A.A., Bergeron, Y., 2012. Did fires drive Holocene carbon sequestration in boreal ombrotrophic peatlands of eastern Canada? Quaternary Research 78, 50–59.","Did fires drive Holocene carbon sequestration in boreal ombrotrophic peatlands of eastern Canada? Quaternary Research 78, 50-59.",NA,NA,NA,NA,NA,"10.1016/j.yqres.2012.03.009",NA,NA,NA,NA,NA,NA,NA,NA,NA,NA,NA,NA,NA,"RPDv1b:1390",631,"Bergeron, Y.",1,"Bergeron","Y.",NA,NA,NA,NA,NA,NA,NA,NA,NA,"RPDv1b:1390",631,"RPDv1b",1390,9857,168.5,1.685,"m",0.03,"AMS","undifferentiated plant macrofossil",6420,20,NA,NA,"UCIAMS-43474",TRUE,NA,"NA Date is in uncalibrated radiocarbon years.","MOS-L1_SIEVED","counted","355-NaN",NA,NA,"",6420,6400,6440,6420,168.5,0.03,"NA Date is in uncalibrated radiocarbon years.",". Cal curve: NA. Source DB: RPDv1b","Swamp","Carbon-14","Radiocarbon",-15,7351,"Calibrated radiocarbon years BP","sedimentary charcoal","Data Sourcing: RPDv1b #charcoal_recommendedformat","Sample Age Source: RPDv1b"
"631",149,"charcoal | >355um num",156,156.5,157,1,6540,NA,NA,"RPDv1b","Charcoal (sum)","(additional options)",355,NA,"False","True","number","Macroscopic charcoal (sieved)","direct",NA,"CHAR",30,NA,NA,"quant_raw",2,"volume","cm^3","RPDv1b",1390,"charcoal","count","macrochar","wet_sieve","particle",">355um num",NA,">355um","num","RPDv1b","measured",1,"RPDv1b",NA,"MOS-L1",51.985694,-75.38544,300,"north",NA,NA,"sedswamp",631,0,2012,"van Bellen, S., Garneau, M., Ali, A.A., Bergeron, Y., 2012. Did fires drive Holocene carbon sequestration in boreal ombrotrophic peatlands of eastern Canada? Quaternary Research 78, 50–59.","Did fires drive Holocene carbon sequestration in boreal ombrotrophic peatlands of eastern Canada? Quaternary Research 78, 50-59.",NA,NA,NA,NA,NA,"10.1016/j.yqres.2012.03.009",NA,NA,NA,NA,NA,NA,NA,NA,NA,NA,NA,NA,NA,"RPDv1b:1390",631,"Bergeron, Y.",1,"Bergeron","Y.",NA,NA,NA,NA,NA,NA,NA,NA,NA,"RPDv1b:1390",631,"RPDv1b",1390,9857,168.5,1.685,"m",0.03,"AMS","undifferentiated plant macrofossil",6420,20,NA,NA,"UCIAMS-43474",TRUE,NA,"NA Date is in uncalibrated radiocarbon years.","MOS-L1_SIEVED","counted","355-NaN",NA,NA,"",6420,6400,6440,6420,168.5,0.03,"NA Date is in uncalibrated radiocarbon years.",". Cal curve: NA. Source DB: RPDv1b","Swamp","Carbon-14","Radiocarbon",-15,7351,"Calibrated radiocarbon years BP","sedimentary charcoal","Data Sourcing: RPDv1b #charcoal_recommendedformat","Sample Age Source: RPDv1b"
"631",150,"charcoal | >355um num",157,157.5,158,1,6607,NA,NA,"RPDv1b","Charcoal (sum)","(additional options)",355,NA,"False","True","number","Macroscopic charcoal (sieved)","direct",NA,"CHAR",18,NA,NA,"quant_raw",2,"volume","cm^3","RPDv1b",1390,"charcoal","count","macrochar","wet_sieve","particle",">355um num",NA,">355um","num","RPDv1b","measured",1,"RPDv1b",NA,"MOS-L1",51.985694,-75.38544,300,"north",NA,NA,"sedswamp",631,0,2012,"van Bellen, S., Garneau, M., Ali, A.A., Bergeron, Y., 2012. Did fires drive Holocene carbon sequestration in boreal ombrotrophic peatlands of eastern Canada? Quaternary Research 78, 50–59.","Did fires drive Holocene carbon sequestration in boreal ombrotrophic peatlands of eastern Canada? Quaternary Research 78, 50-59.",NA,NA,NA,NA,NA,"10.1016/j.yqres.2012.03.009",NA,NA,NA,NA,NA,NA,NA,NA,NA,NA,NA,NA,NA,"RPDv1b:1390",631,"Bergeron, Y.",1,"Bergeron","Y.",NA,NA,NA,NA,NA,NA,NA,NA,NA,"RPDv1b:1390",631,"RPDv1b",1390,9857,168.5,1.685,"m",0.03,"AMS","undifferentiated plant macrofossil",6420,20,NA,NA,"UCIAMS-43474",TRUE,NA,"NA Date is in uncalibrated radiocarbon years.","MOS-L1_SIEVED","counted","355-NaN",NA,NA,"",6420,6400,6440,6420,168.5,0.03,"NA Date is in uncalibrated radiocarbon years.",". Cal curve: NA. Source DB: RPDv1b","Swamp","Carbon-14","Radiocarbon",-15,7351,"Calibrated radiocarbon years BP","sedimentary charcoal","Data Sourcing: RPDv1b #charcoal_recommendedformat","Sample Age Source: RPDv1b"
"631",151,"charcoal | >355um num",158,158.5,159,1,6675,NA,NA,"RPDv1b","Charcoal (sum)","(additional options)",355,NA,"False","True","number","Macroscopic charcoal (sieved)","direct",NA,"CHAR",7,NA,NA,"quant_raw",2,"volume","cm^3","RPDv1b",1390,"charcoal","count","macrochar","wet_sieve","particle",">355um num",NA,">355um","num","RPDv1b","measured",1,"RPDv1b",NA,"MOS-L1",51.985694,-75.38544,300,"north",NA,NA,"sedswamp",631,0,2012,"van Bellen, S., Garneau, M., Ali, A.A., Bergeron, Y., 2012. Did fires drive Holocene carbon sequestration in boreal ombrotrophic peatlands of eastern Canada? Quaternary Research 78, 50–59.","Did fires drive Holocene carbon sequestration in boreal ombrotrophic peatlands of eastern Canada? Quaternary Research 78, 50-59.",NA,NA,NA,NA,NA,"10.1016/j.yqres.2012.03.009",NA,NA,NA,NA,NA,NA,NA,NA,NA,NA,NA,NA,NA,"RPDv1b:1390",631,"Bergeron, Y.",1,"Bergeron","Y.",NA,NA,NA,NA,NA,NA,NA,NA,NA,"RPDv1b:1390",631,"RPDv1b",1390,9857,168.5,1.685,"m",0.03,"AMS","undifferentiated plant macrofossil",6420,20,NA,NA,"UCIAMS-43474",TRUE,NA,"NA Date is in uncalibrated radiocarbon years.","MOS-L1_SIEVED","counted","355-NaN",NA,NA,"",6420,6400,6440,6420,168.5,0.03,"NA Date is in uncalibrated radiocarbon years.",". Cal curve: NA. Source DB: RPDv1b","Swamp","Carbon-14","Radiocarbon",-15,7351,"Calibrated radiocarbon years BP","sedimentary charcoal","Data Sourcing: RPDv1b #charcoal_recommendedformat","Sample Age Source: RPDv1b"
"631",152,"charcoal | >355um num",159,159.5,160,1,6743,NA,NA,"RPDv1b","Charcoal (sum)","(additional options)",355,NA,"False","True","number","Macroscopic charcoal (sieved)","direct",NA,"CHAR",32,NA,NA,"quant_raw",2,"volume","cm^3","RPDv1b",1390,"charcoal","count","macrochar","wet_sieve","particle",">355um num",NA,">355um","num","RPDv1b","measured",1,"RPDv1b",NA,"MOS-L1",51.985694,-75.38544,300,"north",NA,NA,"sedswamp",631,0,2012,"van Bellen, S., Garneau, M., Ali, A.A., Bergeron, Y., 2012. Did fires drive Holocene carbon sequestration in boreal ombrotrophic peatlands of eastern Canada? Quaternary Research 78, 50–59.","Did fires drive Holocene carbon sequestration in boreal ombrotrophic peatlands of eastern Canada? Quaternary Research 78, 50-59.",NA,NA,NA,NA,NA,"10.1016/j.yqres.2012.03.009",NA,NA,NA,NA,NA,NA,NA,NA,NA,NA,NA,NA,NA,"RPDv1b:1390",631,"Bergeron, Y.",1,"Bergeron","Y.",NA,NA,NA,NA,NA,NA,NA,NA,NA,"RPDv1b:1390",631,"RPDv1b",1390,9857,168.5,1.685,"m",0.03,"AMS","undifferentiated plant macrofossil",6420,20,NA,NA,"UCIAMS-43474",TRUE,NA,"NA Date is in uncalibrated radiocarbon years.","MOS-L1_SIEVED","counted","355-NaN",NA,NA,"",6420,6400,6440,6420,168.5,0.03,"NA Date is in uncalibrated radiocarbon years.",". Cal curve: NA. Source DB: RPDv1b","Swamp","Carbon-14","Radiocarbon",-15,7351,"Calibrated radiocarbon years BP","sedimentary charcoal","Data Sourcing: RPDv1b #charcoal_recommendedformat","Sample Age Source: RPDv1b"
"631",153,"charcoal | >355um num",160,160.5,161,1,6810,NA,NA,"RPDv1b","Charcoal (sum)","(additional options)",355,NA,"False","True","number","Macroscopic charcoal (sieved)","direct",NA,"CHAR",17,NA,NA,"quant_raw",2,"volume","cm^3","RPDv1b",1390,"charcoal","count","macrochar","wet_sieve","particle",">355um num",NA,">355um","num","RPDv1b","measured",1,"RPDv1b",NA,"MOS-L1",51.985694,-75.38544,300,"north",NA,NA,"sedswamp",631,0,2012,"van Bellen, S., Garneau, M., Ali, A.A., Bergeron, Y., 2012. Did fires drive Holocene carbon sequestration in boreal ombrotrophic peatlands of eastern Canada? Quaternary Research 78, 50–59.","Did fires drive Holocene carbon sequestration in boreal ombrotrophic peatlands of eastern Canada? Quaternary Research 78, 50-59.",NA,NA,NA,NA,NA,"10.1016/j.yqres.2012.03.009",NA,NA,NA,NA,NA,NA,NA,NA,NA,NA,NA,NA,NA,"RPDv1b:1390",631,"Bergeron, Y.",1,"Bergeron","Y.",NA,NA,NA,NA,NA,NA,NA,NA,NA,"RPDv1b:1390",631,"RPDv1b",1390,9857,168.5,1.685,"m",0.03,"AMS","undifferentiated plant macrofossil",6420,20,NA,NA,"UCIAMS-43474",TRUE,NA,"NA Date is in uncalibrated radiocarbon years.","MOS-L1_SIEVED","counted","355-NaN",NA,NA,"",6420,6400,6440,6420,168.5,0.03,"NA Date is in uncalibrated radiocarbon years.",". Cal curve: NA. Source DB: RPDv1b","Swamp","Carbon-14","Radiocarbon",-15,7351,"Calibrated radiocarbon years BP","sedimentary charcoal","Data Sourcing: RPDv1b #charcoal_recommendedformat","Sample Age Source: RPDv1b"
"631",154,"charcoal | >355um num",161,161.5,162,1,6878,NA,NA,"RPDv1b","Charcoal (sum)","(additional options)",355,NA,"False","True","number","Macroscopic charcoal (sieved)","direct",NA,"CHAR",168,NA,NA,"quant_raw",2,"volume","cm^3","RPDv1b",1390,"charcoal","count","macrochar","wet_sieve","particle",">355um num",NA,">355um","num","RPDv1b","measured",1,"RPDv1b",NA,"MOS-L1",51.985694,-75.38544,300,"north",NA,NA,"sedswamp",631,0,2012,"van Bellen, S., Garneau, M., Ali, A.A., Bergeron, Y., 2012. Did fires drive Holocene carbon sequestration in boreal ombrotrophic peatlands of eastern Canada? Quaternary Research 78, 50–59.","Did fires drive Holocene carbon sequestration in boreal ombrotrophic peatlands of eastern Canada? Quaternary Research 78, 50-59.",NA,NA,NA,NA,NA,"10.1016/j.yqres.2012.03.009",NA,NA,NA,NA,NA,NA,NA,NA,NA,NA,NA,NA,NA,"RPDv1b:1390",631,"Bergeron, Y.",1,"Bergeron","Y.",NA,NA,NA,NA,NA,NA,NA,NA,NA,"RPDv1b:1390",631,"RPDv1b",1390,9857,168.5,1.685,"m",0.03,"AMS","undifferentiated plant macrofossil",6420,20,NA,NA,"UCIAMS-43474",TRUE,NA,"NA Date is in uncalibrated radiocarbon years.","MOS-L1_SIEVED","counted","355-NaN",NA,NA,"",6420,6400,6440,6420,168.5,0.03,"NA Date is in uncalibrated radiocarbon years.",". Cal curve: NA. Source DB: RPDv1b","Swamp","Carbon-14","Radiocarbon",-15,7351,"Calibrated radiocarbon years BP","sedimentary charcoal","Data Sourcing: RPDv1b #charcoal_recommendedformat","Sample Age Source: RPDv1b"
"631",155,"charcoal | >355um num",162,162.5,163,1,6946,NA,NA,"RPDv1b","Charcoal (sum)","(additional options)",355,NA,"False","True","number","Macroscopic charcoal (sieved)","direct",NA,"CHAR",61,NA,NA,"quant_raw",2,"volume","cm^3","RPDv1b",1390,"charcoal","count","macrochar","wet_sieve","particle",">355um num",NA,">355um","num","RPDv1b","measured",1,"RPDv1b",NA,"MOS-L1",51.985694,-75.38544,300,"north",NA,NA,"sedswamp",631,0,2012,"van Bellen, S., Garneau, M., Ali, A.A., Bergeron, Y., 2012. Did fires drive Holocene carbon sequestration in boreal ombrotrophic peatlands of eastern Canada? Quaternary Research 78, 50–59.","Did fires drive Holocene carbon sequestration in boreal ombrotrophic peatlands of eastern Canada? Quaternary Research 78, 50-59.",NA,NA,NA,NA,NA,"10.1016/j.yqres.2012.03.009",NA,NA,NA,NA,NA,NA,NA,NA,NA,NA,NA,NA,NA,"RPDv1b:1390",631,"Bergeron, Y.",1,"Bergeron","Y.",NA,NA,NA,NA,NA,NA,NA,NA,NA,"RPDv1b:1390",631,"RPDv1b",1390,9857,168.5,1.685,"m",0.03,"AMS","undifferentiated plant macrofossil",6420,20,NA,NA,"UCIAMS-43474",TRUE,NA,"NA Date is in uncalibrated radiocarbon years.","MOS-L1_SIEVED","counted","355-NaN",NA,NA,"",6420,6400,6440,6420,168.5,0.03,"NA Date is in uncalibrated radiocarbon years.",". Cal curve: NA. Source DB: RPDv1b","Swamp","Carbon-14","Radiocarbon",-15,7351,"Calibrated radiocarbon years BP","sedimentary charcoal","Data Sourcing: RPDv1b #charcoal_recommendedformat","Sample Age Source: RPDv1b"
"631",156,"charcoal | >355um num",163,163.5,164,1,7014,NA,NA,"RPDv1b","Charcoal (sum)","(additional options)",355,NA,"False","True","number","Macroscopic charcoal (sieved)","direct",NA,"CHAR",8,NA,NA,"quant_raw",2,"volume","cm^3","RPDv1b",1390,"charcoal","count","macrochar","wet_sieve","particle",">355um num",NA,">355um","num","RPDv1b","measured",1,"RPDv1b",NA,"MOS-L1",51.985694,-75.38544,300,"north",NA,NA,"sedswamp",631,0,2012,"van Bellen, S., Garneau, M., Ali, A.A., Bergeron, Y., 2012. Did fires drive Holocene carbon sequestration in boreal ombrotrophic peatlands of eastern Canada? Quaternary Research 78, 50–59.","Did fires drive Holocene carbon sequestration in boreal ombrotrophic peatlands of eastern Canada? Quaternary Research 78, 50-59.",NA,NA,NA,NA,NA,"10.1016/j.yqres.2012.03.009",NA,NA,NA,NA,NA,NA,NA,NA,NA,NA,NA,NA,NA,"RPDv1b:1390",631,"Bergeron, Y.",1,"Bergeron","Y.",NA,NA,NA,NA,NA,NA,NA,NA,NA,"RPDv1b:1390",631,"RPDv1b",1390,9857,168.5,1.685,"m",0.03,"AMS","undifferentiated plant macrofossil",6420,20,NA,NA,"UCIAMS-43474",TRUE,NA,"NA Date is in uncalibrated radiocarbon years.","MOS-L1_SIEVED","counted","355-NaN",NA,NA,"",6420,6400,6440,6420,168.5,0.03,"NA Date is in uncalibrated radiocarbon years.",". Cal curve: NA. Source DB: RPDv1b","Swamp","Carbon-14","Radiocarbon",-15,7351,"Calibrated radiocarbon years BP","sedimentary charcoal","Data Sourcing: RPDv1b #charcoal_recommendedformat","Sample Age Source: RPDv1b"
"631",157,"charcoal | >355um num",164,164.5,165,1,7082,NA,NA,"RPDv1b","Charcoal (sum)","(additional options)",355,NA,"False","True","number","Macroscopic charcoal (sieved)","direct",NA,"CHAR",3,NA,NA,"quant_raw",2,"volume","cm^3","RPDv1b",1390,"charcoal","count","macrochar","wet_sieve","particle",">355um num",NA,">355um","num","RPDv1b","measured",1,"RPDv1b",NA,"MOS-L1",51.985694,-75.38544,300,"north",NA,NA,"sedswamp",631,0,2012,"van Bellen, S., Garneau, M., Ali, A.A., Bergeron, Y., 2012. Did fires drive Holocene carbon sequestration in boreal ombrotrophic peatlands of eastern Canada? Quaternary Research 78, 50–59.","Did fires drive Holocene carbon sequestration in boreal ombrotrophic peatlands of eastern Canada? Quaternary Research 78, 50-59.",NA,NA,NA,NA,NA,"10.1016/j.yqres.2012.03.009",NA,NA,NA,NA,NA,NA,NA,NA,NA,NA,NA,NA,NA,"RPDv1b:1390",631,"Bergeron, Y.",1,"Bergeron","Y.",NA,NA,NA,NA,NA,NA,NA,NA,NA,"RPDv1b:1390",631,"RPDv1b",1390,9857,168.5,1.685,"m",0.03,"AMS","undifferentiated plant macrofossil",6420,20,NA,NA,"UCIAMS-43474",TRUE,NA,"NA Date is in uncalibrated radiocarbon years.","MOS-L1_SIEVED","counted","355-NaN",NA,NA,"",6420,6400,6440,6420,168.5,0.03,"NA Date is in uncalibrated radiocarbon years.",". Cal curve: NA. Source DB: RPDv1b","Swamp","Carbon-14","Radiocarbon",-15,7351,"Calibrated radiocarbon years BP","sedimentary charcoal","Data Sourcing: RPDv1b #charcoal_recommendedformat","Sample Age Source: RPDv1b"
"631",158,"charcoal | >355um num",165,165.5,166,1,7151,NA,NA,"RPDv1b","Charcoal (sum)","(additional options)",355,NA,"False","True","number","Macroscopic charcoal (sieved)","direct",NA,"CHAR",11,NA,NA,"quant_raw",2,"volume","cm^3","RPDv1b",1390,"charcoal","count","macrochar","wet_sieve","particle",">355um num",NA,">355um","num","RPDv1b","measured",1,"RPDv1b",NA,"MOS-L1",51.985694,-75.38544,300,"north",NA,NA,"sedswamp",631,0,2012,"van Bellen, S., Garneau, M., Ali, A.A., Bergeron, Y., 2012. Did fires drive Holocene carbon sequestration in boreal ombrotrophic peatlands of eastern Canada? Quaternary Research 78, 50–59.","Did fires drive Holocene carbon sequestration in boreal ombrotrophic peatlands of eastern Canada? Quaternary Research 78, 50-59.",NA,NA,NA,NA,NA,"10.1016/j.yqres.2012.03.009",NA,NA,NA,NA,NA,NA,NA,NA,NA,NA,NA,NA,NA,"RPDv1b:1390",631,"Bergeron, Y.",1,"Bergeron","Y.",NA,NA,NA,NA,NA,NA,NA,NA,NA,"RPDv1b:1390",631,"RPDv1b",1390,9857,168.5,1.685,"m",0.03,"AMS","undifferentiated plant macrofossil",6420,20,NA,NA,"UCIAMS-43474",TRUE,NA,"NA Date is in uncalibrated radiocarbon years.","MOS-L1_SIEVED","counted","355-NaN",NA,NA,"",6420,6400,6440,6420,168.5,0.03,"NA Date is in uncalibrated radiocarbon years.",". Cal curve: NA. Source DB: RPDv1b","Swamp","Carbon-14","Radiocarbon",-15,7351,"Calibrated radiocarbon years BP","sedimentary charcoal","Data Sourcing: RPDv1b #charcoal_recommendedformat","Sample Age Source: RPDv1b"
"631",159,"charcoal | >355um num",166,166.5,167,1,7221,NA,NA,"RPDv1b","Charcoal (sum)","(additional options)",355,NA,"False","True","number","Macroscopic charcoal (sieved)","direct",NA,"CHAR",436,NA,NA,"quant_raw",2,"volume","cm^3","RPDv1b",1390,"charcoal","count","macrochar","wet_sieve","particle",">355um num",NA,">355um","num","RPDv1b","measured",1,"RPDv1b",NA,"MOS-L1",51.985694,-75.38544,300,"north",NA,NA,"sedswamp",631,0,2012,"van Bellen, S., Garneau, M., Ali, A.A., Bergeron, Y., 2012. Did fires drive Holocene carbon sequestration in boreal ombrotrophic peatlands of eastern Canada? Quaternary Research 78, 50–59.","Did fires drive Holocene carbon sequestration in boreal ombrotrophic peatlands of eastern Canada? Quaternary Research 78, 50-59.",NA,NA,NA,NA,NA,"10.1016/j.yqres.2012.03.009",NA,NA,NA,NA,NA,NA,NA,NA,NA,NA,NA,NA,NA,"RPDv1b:1390",631,"Bergeron, Y.",1,"Bergeron","Y.",NA,NA,NA,NA,NA,NA,NA,NA,NA,"RPDv1b:1390",631,"RPDv1b",1390,9857,168.5,1.685,"m",0.03,"AMS","undifferentiated plant macrofossil",6420,20,NA,NA,"UCIAMS-43474",TRUE,NA,"NA Date is in uncalibrated radiocarbon years.","MOS-L1_SIEVED","counted","355-NaN",NA,NA,"",6420,6400,6440,6420,168.5,0.03,"NA Date is in uncalibrated radiocarbon years.",". Cal curve: NA. Source DB: RPDv1b","Swamp","Carbon-14","Radiocarbon",-15,7351,"Calibrated radiocarbon years BP","sedimentary charcoal","Data Sourcing: RPDv1b #charcoal_recommendedformat","Sample Age Source: RPDv1b"
"631",160,"charcoal | >355um num",167,167.5,168,1,7290,NA,NA,"RPDv1b","Charcoal (sum)","(additional options)",355,NA,"False","True","number","Macroscopic charcoal (sieved)","direct",NA,"CHAR",5,NA,NA,"quant_raw",2,"volume","cm^3","RPDv1b",1390,"charcoal","count","macrochar","wet_sieve","particle",">355um num",NA,">355um","num","RPDv1b","measured",1,"RPDv1b",NA,"MOS-L1",51.985694,-75.38544,300,"north",NA,NA,"sedswamp",631,0,2012,"van Bellen, S., Garneau, M., Ali, A.A., Bergeron, Y., 2012. Did fires drive Holocene carbon sequestration in boreal ombrotrophic peatlands of eastern Canada? Quaternary Research 78, 50–59.","Did fires drive Holocene carbon sequestration in boreal ombrotrophic peatlands of eastern Canada? Quaternary Research 78, 50-59.",NA,NA,NA,NA,NA,"10.1016/j.yqres.2012.03.009",NA,NA,NA,NA,NA,NA,NA,NA,NA,NA,NA,NA,NA,"RPDv1b:1390",631,"Bellen, S.",1,"Bellen","S.",NA,NA,NA,NA,NA,NA,NA,NA,NA,"RPDv1b:1390",631,"RPDv1b",1390,9853,55.5,0.555,"m",0.01,"AMS","charcoal",190,15,NA,NA,"UCIAMS-65378",TRUE,NA,"NA Date is in uncalibrated radiocarbon years.","MOS-L1_SIEVED","counted","355-NaN",NA,NA,"",190,175,205,190,55.5,0.01,"NA Date is in uncalibrated radiocarbon years.",". Cal curve: NA. Source DB: RPDv1b","Swamp","Carbon-14","Radiocarbon",-15,7351,"Calibrated radiocarbon years BP","sedimentary charcoal","Data Sourcing: RPDv1b #charcoal_recommendedformat","Sample Age Source: RPDv1b"
"631",161,"charcoal | >355um num",168,168.5,169,1,7351,NA,NA,"RPDv1b","Charcoal (sum)","(additional options)",355,NA,"False","True","number","Macroscopic charcoal (sieved)","direct",NA,"CHAR",5,NA,NA,"quant_raw",2,"volume","cm^3","RPDv1b",1390,"charcoal","count","macrochar","wet_sieve","particle",">355um num",NA,">355um","num","RPDv1b","measured",1,"RPDv1b",NA,"MOS-L1",51.985694,-75.38544,300,"north",NA,NA,"sedswamp",631,0,2012,"van Bellen, S., Garneau, M., Ali, A.A., Bergeron, Y., 2012. Did fires drive Holocene carbon sequestration in boreal ombrotrophic peatlands of eastern Canada? Quaternary Research 78, 50–59.","Did fires drive Holocene carbon sequestration in boreal ombrotrophic peatlands of eastern Canada? Quaternary Research 78, 50-59.",NA,NA,NA,NA,NA,"10.1016/j.yqres.2012.03.009",NA,NA,NA,NA,NA,NA,NA,NA,NA,NA,NA,NA,NA,"RPDv1b:1390",631,"Garneau, M.",1,"Garneau","M.",NA,NA,NA,NA,NA,NA,NA,NA,NA,"RPDv1b:1390",631,"RPDv1b",1390,9854,77.5,0.775,"m",0.01,"AMS","charcoal",1260,20,NA,NA,"UCIAMS-65385",TRUE,NA,"NA Date is in uncalibrated radiocarbon years.","MOS-L1_SIEVED","counted","355-NaN",NA,NA,"",1260,1240,1280,1260,77.5,0.01,"NA Date is in uncalibrated radiocarbon years.",". Cal curve: NA. Source DB: RPDv1b","Swamp","Carbon-14","Radiocarbon",-15,7351,"Calibrated radiocarbon years BP","sedimentary charcoal","Data Sourcing: RPDv1b #charcoal_recommendedformat","Sample Age Source: RPDv1b"
