"cluster_id_entity","usample","channel","depth_top_cm","depth_mid_cm","depth_bot_cm","thick_cm","age_mid_cal_yr_bp","age_top_cal_yr_bp","age_bot_cal_yr_bp","age_source","NAME","ELEMENT","size_min_um","size_max_um","size_min_open","size_max_open","UNITS","CONTEXT","context_source","TAPHONOMY","GROUP","value","value_orig","value_conversion","value_source_column","sample_quantity_value","sample_quantity_ELEMENT","sample_quantity_UNITS","data_source","data_entity","original_fire_proxy","original_meas_type","original_meas_detail","original_meas_method","original_proxy_class","original_quant_units","original_quant_units_raw","parsed_size_token","parsed_unit_token","depth_source","depth_repair_method","n_db_contrib","db_contrib","vocab_flags","entity_name","lat_dd_north","lon_dd_east","elev_m","hemisphere","country_entity","location_desc","depo_context","cluster_id","pubtypeid","year","citation","articletitle","journal","volume","issue","pages","citationnumber","doi","booktitle","numvolumes","edition","volumetitle","seriestitle","seriesvolume","publisher","url_pub","city","state","country","originallanguage","notes_pub","pub_source","cluster_id_contact","contactname","contactstatusid","familyname","leadinginitials","givennames","suffix","title","phone","fax","email","url","address","notes","contact_source","cluster_id_geo","db_geo","source_entity","date_id","depth_cm_geo","depth_orig_geo","depth_unit_geo","thick_cm_geo","date_type","material","age_14C","error","cal_age_geo","cal_curve","lab_number","included","exclude_reason","notes_geo","datasetname","controlled_units","controlled_element","X","X.1","X.2","age_geo","chroncontrol_limityounger","chroncontrol_limitolder","chroncontrol_age","chroncontrol_depth","chroncontrol_thickness","chroncontrol_comments","chronology_notes_full","controlled_dep","neotoma_geochrontype","neotoma_chroncontroltypes","ageboundyounger","ageboundolder","agetype","datasettype","datasetnotes_full","samplenotes_full"
"822",0,"charcoal | num",0,0.5,1,1,-37,NA,NA,"RPDv1b","Charcoal (sum)","(additional options)",NA,NA,"False","False","number","Microscopic charcoal (pollen slide)","direct",NA,"CHAR",578,NA,NA,"quant_raw",NA,NA,NA,"RPDv1b",1675,"charcoal","count","unspec","pollen_slide","particle","num",NA,"no_size","num","RPDv1b","measured",1,"RPDv1b",NA,"Maardu_lake",59.441667,25,31.3,"north",NA,NA,"sedlac",822,1,1998,"Veski, S., 1998. Vegetation History, Human Impact and Palaeogeography of West Estonia: Pollen Analytical Studies of Lake and Bog Sediments (PhD thesis). Societas Upsaliensis pro geologia quaternaria [Kvartärgeologiska fören], Uppsala, Sweden.","Vegetation History, Human Impact and Palaeogeography of West Estonia: Pollen Analytical Studies of Lake and Bog Sediments (PhD thesis)","Societas Upsaliensis pro geologia quaternaria [Kvartärgeologiska fören], Uppsala, Sweden",NA,NA,NA,NA,NA,NA,NA,NA,NA,NA,NA,NA,NA,NA,NA,NA,NA,NA,"RPDv1b:1675",822,"Veski, S.",1,"Veski","S.",NA,NA,NA,NA,NA,NA,NA,NA,NA,"RPDv1b:1675",822,"RPDv1b",1675,13425,0,0,"m",0.01,"Top of core known","other",NA,1,NA,NA,"",TRUE,NA,NA,"Maardu_lake_POLLENSLIDE","counted","NaN-NaN",NA,NA,"",NA,NA,NA,NA,0,0.01,NA,". Cal curve: NA. Source DB: RPDv1b","Lacustrine","","Core top",-37,10805,"Calibrated radiocarbon years BP","sedimentary charcoal","Data Sourcing: RPDv1b","Sample Age Source: RPDv1b"
"822",1,"charcoal | num",4,4.5,5,1,-23,NA,NA,"RPDv1b","Charcoal (sum)","(additional options)",NA,NA,"False","False","number","Microscopic charcoal (pollen slide)","direct",NA,"CHAR",303,NA,NA,"quant_raw",NA,NA,NA,"RPDv1b",1675,"charcoal","count","unspec","pollen_slide","particle","num",NA,"no_size","num","RPDv1b","measured",1,"RPDv1b",NA,"Maardu_lake",59.441667,25,31.3,"north",NA,NA,"sedlac",822,1,1998,"Veski, S., 1998. Vegetation History, Human Impact and Palaeogeography of West Estonia: Pollen Analytical Studies of Lake and Bog Sediments (PhD thesis). Societas Upsaliensis pro geologia quaternaria [Kvartärgeologiska fören], Uppsala, Sweden.","Vegetation History, Human Impact and Palaeogeography of West Estonia: Pollen Analytical Studies of Lake and Bog Sediments (PhD thesis)","Societas Upsaliensis pro geologia quaternaria [Kvartärgeologiska fören], Uppsala, Sweden",NA,NA,NA,NA,NA,NA,NA,NA,NA,NA,NA,NA,NA,NA,NA,NA,NA,NA,"RPDv1b:1675",822,"Veski, S.",1,"Veski","S.",NA,NA,NA,NA,NA,NA,NA,NA,NA,"RPDv1b:1675",822,"RPDv1b",1675,13425,0,0,"m",0.01,"Top of core known","other",NA,1,NA,NA,"",TRUE,NA,NA,"Maardu_lake_POLLENSLIDE","counted","NaN-NaN",NA,NA,"",NA,NA,NA,NA,0,0.01,NA,". Cal curve: NA. Source DB: RPDv1b","Lacustrine","","Core top",-37,10805,"Calibrated radiocarbon years BP","sedimentary charcoal","Data Sourcing: RPDv1b","Sample Age Source: RPDv1b"
"822",2,"charcoal | num",9,9.5,10,1,-6,NA,NA,"RPDv1b","Charcoal (sum)","(additional options)",NA,NA,"False","False","number","Microscopic charcoal (pollen slide)","direct",NA,"CHAR",614,NA,NA,"quant_raw",NA,NA,NA,"RPDv1b",1675,"charcoal","count","unspec","pollen_slide","particle","num",NA,"no_size","num","RPDv1b","measured",1,"RPDv1b",NA,"Maardu_lake",59.441667,25,31.3,"north",NA,NA,"sedlac",822,1,1998,"Veski, S., 1998. Vegetation History, Human Impact and Palaeogeography of West Estonia: Pollen Analytical Studies of Lake and Bog Sediments (PhD thesis). Societas Upsaliensis pro geologia quaternaria [Kvartärgeologiska fören], Uppsala, Sweden.","Vegetation History, Human Impact and Palaeogeography of West Estonia: Pollen Analytical Studies of Lake and Bog Sediments (PhD thesis)","Societas Upsaliensis pro geologia quaternaria [Kvartärgeologiska fören], Uppsala, Sweden",NA,NA,NA,NA,NA,NA,NA,NA,NA,NA,NA,NA,NA,NA,NA,NA,NA,NA,"RPDv1b:1675",822,"Veski, S.",1,"Veski","S.",NA,NA,NA,NA,NA,NA,NA,NA,NA,"RPDv1b:1675",822,"RPDv1b",1675,13425,0,0,"m",0.01,"Top of core known","other",NA,1,NA,NA,"",TRUE,NA,NA,"Maardu_lake_POLLENSLIDE","counted","NaN-NaN",NA,NA,"",NA,NA,NA,NA,0,0.01,NA,". Cal curve: NA. Source DB: RPDv1b","Lacustrine","","Core top",-37,10805,"Calibrated radiocarbon years BP","sedimentary charcoal","Data Sourcing: RPDv1b","Sample Age Source: RPDv1b"
"822",3,"charcoal | num",14,14.5,15,1,11,NA,NA,"RPDv1b","Charcoal (sum)","(additional options)",NA,NA,"False","False","number","Microscopic charcoal (pollen slide)","direct",NA,"CHAR",387,NA,NA,"quant_raw",NA,NA,NA,"RPDv1b",1675,"charcoal","count","unspec","pollen_slide","particle","num",NA,"no_size","num","RPDv1b","measured",1,"RPDv1b",NA,"Maardu_lake",59.441667,25,31.3,"north",NA,NA,"sedlac",822,1,1998,"Veski, S., 1998. Vegetation History, Human Impact and Palaeogeography of West Estonia: Pollen Analytical Studies of Lake and Bog Sediments (PhD thesis). Societas Upsaliensis pro geologia quaternaria [Kvartärgeologiska fören], Uppsala, Sweden.","Vegetation History, Human Impact and Palaeogeography of West Estonia: Pollen Analytical Studies of Lake and Bog Sediments (PhD thesis)","Societas Upsaliensis pro geologia quaternaria [Kvartärgeologiska fören], Uppsala, Sweden",NA,NA,NA,NA,NA,NA,NA,NA,NA,NA,NA,NA,NA,NA,NA,NA,NA,NA,"RPDv1b:1675",822,"Veski, S.",1,"Veski","S.",NA,NA,NA,NA,NA,NA,NA,NA,NA,"RPDv1b:1675",822,"RPDv1b",1675,13425,0,0,"m",0.01,"Top of core known","other",NA,1,NA,NA,"",TRUE,NA,NA,"Maardu_lake_POLLENSLIDE","counted","NaN-NaN",NA,NA,"",NA,NA,NA,NA,0,0.01,NA,". Cal curve: NA. Source DB: RPDv1b","Lacustrine","","Core top",-37,10805,"Calibrated radiocarbon years BP","sedimentary charcoal","Data Sourcing: RPDv1b","Sample Age Source: RPDv1b"
"822",4,"charcoal | num",19,19.5,20,1,22,NA,NA,"RPDv1b","Charcoal (sum)","(additional options)",NA,NA,"False","False","number","Microscopic charcoal (pollen slide)","direct",NA,"CHAR",1393,NA,NA,"quant_raw",NA,NA,NA,"RPDv1b",1675,"charcoal","count","unspec","pollen_slide","particle","num",NA,"no_size","num","RPDv1b","measured",1,"RPDv1b",NA,"Maardu_lake",59.441667,25,31.3,"north",NA,NA,"sedlac",822,1,1998,"Veski, S., 1998. Vegetation History, Human Impact and Palaeogeography of West Estonia: Pollen Analytical Studies of Lake and Bog Sediments (PhD thesis). Societas Upsaliensis pro geologia quaternaria [Kvartärgeologiska fören], Uppsala, Sweden.","Vegetation History, Human Impact and Palaeogeography of West Estonia: Pollen Analytical Studies of Lake and Bog Sediments (PhD thesis)","Societas Upsaliensis pro geologia quaternaria [Kvartärgeologiska fören], Uppsala, Sweden",NA,NA,NA,NA,NA,NA,NA,NA,NA,NA,NA,NA,NA,NA,NA,NA,NA,NA,"RPDv1b:1675",822,"Veski, S.",1,"Veski","S.",NA,NA,NA,NA,NA,NA,NA,NA,NA,"RPDv1b:1675",822,"RPDv1b",1675,13425,0,0,"m",0.01,"Top of core known","other",NA,1,NA,NA,"",TRUE,NA,NA,"Maardu_lake_POLLENSLIDE","counted","NaN-NaN",NA,NA,"",NA,NA,NA,NA,0,0.01,NA,". Cal curve: NA. Source DB: RPDv1b","Lacustrine","","Core top",-37,10805,"Calibrated radiocarbon years BP","sedimentary charcoal","Data Sourcing: RPDv1b","Sample Age Source: RPDv1b"
"822",5,"charcoal | num",21,21.5,22,1,27,NA,NA,"RPDv1b","Charcoal (sum)","(additional options)",NA,NA,"False","False","number","Microscopic charcoal (pollen slide)","direct",NA,"CHAR",391,NA,NA,"quant_raw",NA,NA,NA,"RPDv1b",1675,"charcoal","count","unspec","pollen_slide","particle","num",NA,"no_size","num","RPDv1b","measured",1,"RPDv1b",NA,"Maardu_lake",59.441667,25,31.3,"north",NA,NA,"sedlac",822,1,1998,"Veski, S., 1998. Vegetation History, Human Impact and Palaeogeography of West Estonia: Pollen Analytical Studies of Lake and Bog Sediments (PhD thesis). Societas Upsaliensis pro geologia quaternaria [Kvartärgeologiska fören], Uppsala, Sweden.","Vegetation History, Human Impact and Palaeogeography of West Estonia: Pollen Analytical Studies of Lake and Bog Sediments (PhD thesis)","Societas Upsaliensis pro geologia quaternaria [Kvartärgeologiska fören], Uppsala, Sweden",NA,NA,NA,NA,NA,NA,NA,NA,NA,NA,NA,NA,NA,NA,NA,NA,NA,NA,"RPDv1b:1675",822,"Veski, S.",1,"Veski","S.",NA,NA,NA,NA,NA,NA,NA,NA,NA,"RPDv1b:1675",822,"RPDv1b",1675,13425,0,0,"m",0.01,"Top of core known","other",NA,1,NA,NA,"",TRUE,NA,NA,"Maardu_lake_POLLENSLIDE","counted","NaN-NaN",NA,NA,"",NA,NA,NA,NA,0,0.01,NA,". Cal curve: NA. Source DB: RPDv1b","Lacustrine","","Core top",-37,10805,"Calibrated radiocarbon years BP","sedimentary charcoal","Data Sourcing: RPDv1b","Sample Age Source: RPDv1b"
"822",6,"charcoal | num",23,23.5,24,1,31,NA,NA,"RPDv1b","Charcoal (sum)","(additional options)",NA,NA,"False","False","number","Microscopic charcoal (pollen slide)","direct",NA,"CHAR",396,NA,NA,"quant_raw",NA,NA,NA,"RPDv1b",1675,"charcoal","count","unspec","pollen_slide","particle","num",NA,"no_size","num","RPDv1b","measured",1,"RPDv1b",NA,"Maardu_lake",59.441667,25,31.3,"north",NA,NA,"sedlac",822,1,1998,"Veski, S., 1998. Vegetation History, Human Impact and Palaeogeography of West Estonia: Pollen Analytical Studies of Lake and Bog Sediments (PhD thesis). Societas Upsaliensis pro geologia quaternaria [Kvartärgeologiska fören], Uppsala, Sweden.","Vegetation History, Human Impact and Palaeogeography of West Estonia: Pollen Analytical Studies of Lake and Bog Sediments (PhD thesis)","Societas Upsaliensis pro geologia quaternaria [Kvartärgeologiska fören], Uppsala, Sweden",NA,NA,NA,NA,NA,NA,NA,NA,NA,NA,NA,NA,NA,NA,NA,NA,NA,NA,"RPDv1b:1675",822,"Veski, S.",1,"Veski","S.",NA,NA,NA,NA,NA,NA,NA,NA,NA,"RPDv1b:1675",822,"RPDv1b",1675,13425,0,0,"m",0.01,"Top of core known","other",NA,1,NA,NA,"",TRUE,NA,NA,"Maardu_lake_POLLENSLIDE","counted","NaN-NaN",NA,NA,"",NA,NA,NA,NA,0,0.01,NA,". Cal curve: NA. Source DB: RPDv1b","Lacustrine","","Core top",-37,10805,"Calibrated radiocarbon years BP","sedimentary charcoal","Data Sourcing: RPDv1b","Sample Age Source: RPDv1b"
"822",7,"charcoal | num",26,26.5,27,1,38,NA,NA,"RPDv1b","Charcoal (sum)","(additional options)",NA,NA,"False","False","number","Microscopic charcoal (pollen slide)","direct",NA,"CHAR",293,NA,NA,"quant_raw",NA,NA,NA,"RPDv1b",1675,"charcoal","count","unspec","pollen_slide","particle","num",NA,"no_size","num","RPDv1b","measured",1,"RPDv1b",NA,"Maardu_lake",59.441667,25,31.3,"north",NA,NA,"sedlac",822,1,1998,"Veski, S., 1998. Vegetation History, Human Impact and Palaeogeography of West Estonia: Pollen Analytical Studies of Lake and Bog Sediments (PhD thesis). Societas Upsaliensis pro geologia quaternaria [Kvartärgeologiska fören], Uppsala, Sweden.","Vegetation History, Human Impact and Palaeogeography of West Estonia: Pollen Analytical Studies of Lake and Bog Sediments (PhD thesis)","Societas Upsaliensis pro geologia quaternaria [Kvartärgeologiska fören], Uppsala, Sweden",NA,NA,NA,NA,NA,NA,NA,NA,NA,NA,NA,NA,NA,NA,NA,NA,NA,NA,"RPDv1b:1675",822,"Veski, S.",1,"Veski","S.",NA,NA,NA,NA,NA,NA,NA,NA,NA,"RPDv1b:1675",822,"RPDv1b",1675,13425,0,0,"m",0.01,"Top of core known","other",NA,1,NA,NA,"",TRUE,NA,NA,"Maardu_lake_POLLENSLIDE","counted","NaN-NaN",NA,NA,"",NA,NA,NA,NA,0,0.01,NA,". Cal curve: NA. Source DB: RPDv1b","Lacustrine","","Core top",-37,10805,"Calibrated radiocarbon years BP","sedimentary charcoal","Data Sourcing: RPDv1b","Sample Age Source: RPDv1b"
"822",8,"charcoal | num",29,29.5,30,1,45,NA,NA,"RPDv1b","Charcoal (sum)","(additional options)",NA,NA,"False","False","number","Microscopic charcoal (pollen slide)","direct",NA,"CHAR",1080,NA,NA,"quant_raw",NA,NA,NA,"RPDv1b",1675,"charcoal","count","unspec","pollen_slide","particle","num",NA,"no_size","num","RPDv1b","measured",1,"RPDv1b",NA,"Maardu_lake",59.441667,25,31.3,"north",NA,NA,"sedlac",822,1,1998,"Veski, S., 1998. Vegetation History, Human Impact and Palaeogeography of West Estonia: Pollen Analytical Studies of Lake and Bog Sediments (PhD thesis). Societas Upsaliensis pro geologia quaternaria [Kvartärgeologiska fören], Uppsala, Sweden.","Vegetation History, Human Impact and Palaeogeography of West Estonia: Pollen Analytical Studies of Lake and Bog Sediments (PhD thesis)","Societas Upsaliensis pro geologia quaternaria [Kvartärgeologiska fören], Uppsala, Sweden",NA,NA,NA,NA,NA,NA,NA,NA,NA,NA,NA,NA,NA,NA,NA,NA,NA,NA,"RPDv1b:1675",822,"Veski, S.",1,"Veski","S.",NA,NA,NA,NA,NA,NA,NA,NA,NA,"RPDv1b:1675",822,"RPDv1b",1675,13425,0,0,"m",0.01,"Top of core known","other",NA,1,NA,NA,"",TRUE,NA,NA,"Maardu_lake_POLLENSLIDE","counted","NaN-NaN",NA,NA,"",NA,NA,NA,NA,0,0.01,NA,". Cal curve: NA. Source DB: RPDv1b","Lacustrine","","Core top",-37,10805,"Calibrated radiocarbon years BP","sedimentary charcoal","Data Sourcing: RPDv1b","Sample Age Source: RPDv1b"
"822",9,"charcoal | num",36,36.5,37,1,249,NA,NA,"RPDv1b","Charcoal (sum)","(additional options)",NA,NA,"False","False","number","Microscopic charcoal (pollen slide)","direct",NA,"CHAR",194,NA,NA,"quant_raw",NA,NA,NA,"RPDv1b",1675,"charcoal","count","unspec","pollen_slide","particle","num",NA,"no_size","num","RPDv1b","measured",1,"RPDv1b",NA,"Maardu_lake",59.441667,25,31.3,"north",NA,NA,"sedlac",822,1,1998,"Veski, S., 1998. Vegetation History, Human Impact and Palaeogeography of West Estonia: Pollen Analytical Studies of Lake and Bog Sediments (PhD thesis). Societas Upsaliensis pro geologia quaternaria [Kvartärgeologiska fören], Uppsala, Sweden.","Vegetation History, Human Impact and Palaeogeography of West Estonia: Pollen Analytical Studies of Lake and Bog Sediments (PhD thesis)","Societas Upsaliensis pro geologia quaternaria [Kvartärgeologiska fören], Uppsala, Sweden",NA,NA,NA,NA,NA,NA,NA,NA,NA,NA,NA,NA,NA,NA,NA,NA,NA,NA,"RPDv1b:1675",822,"Veski, S.",1,"Veski","S.",NA,NA,NA,NA,NA,NA,NA,NA,NA,"RPDv1b:1675",822,"RPDv1b",1675,13425,0,0,"m",0.01,"Top of core known","other",NA,1,NA,NA,"",TRUE,NA,NA,"Maardu_lake_POLLENSLIDE","counted","NaN-NaN",NA,NA,"",NA,NA,NA,NA,0,0.01,NA,". Cal curve: NA. Source DB: RPDv1b","Lacustrine","","Core top",-37,10805,"Calibrated radiocarbon years BP","sedimentary charcoal","Data Sourcing: RPDv1b","Sample Age Source: RPDv1b"
"822",10,"charcoal | num",40,40.5,41,1,635,NA,NA,"RPDv1b","Charcoal (sum)","(additional options)",NA,NA,"False","False","number","Microscopic charcoal (pollen slide)","direct",NA,"CHAR",388,NA,NA,"quant_raw",NA,NA,NA,"RPDv1b",1675,"charcoal","count","unspec","pollen_slide","particle","num",NA,"no_size","num","RPDv1b","measured",1,"RPDv1b",NA,"Maardu_lake",59.441667,25,31.3,"north",NA,NA,"sedlac",822,1,1998,"Veski, S., 1998. Vegetation History, Human Impact and Palaeogeography of West Estonia: Pollen Analytical Studies of Lake and Bog Sediments (PhD thesis). Societas Upsaliensis pro geologia quaternaria [Kvartärgeologiska fören], Uppsala, Sweden.","Vegetation History, Human Impact and Palaeogeography of West Estonia: Pollen Analytical Studies of Lake and Bog Sediments (PhD thesis)","Societas Upsaliensis pro geologia quaternaria [Kvartärgeologiska fören], Uppsala, Sweden",NA,NA,NA,NA,NA,NA,NA,NA,NA,NA,NA,NA,NA,NA,NA,NA,NA,NA,"RPDv1b:1675",822,"Veski, S.",1,"Veski","S.",NA,NA,NA,NA,NA,NA,NA,NA,NA,"RPDv1b:1675",822,"RPDv1b",1675,13425,0,0,"m",0.01,"Top of core known","other",NA,1,NA,NA,"",TRUE,NA,NA,"Maardu_lake_POLLENSLIDE","counted","NaN-NaN",NA,NA,"",NA,NA,NA,NA,0,0.01,NA,". Cal curve: NA. Source DB: RPDv1b","Lacustrine","","Core top",-37,10805,"Calibrated radiocarbon years BP","sedimentary charcoal","Data Sourcing: RPDv1b","Sample Age Source: RPDv1b"
"822",11,"charcoal | num",43,43.5,44,1,925,NA,NA,"RPDv1b","Charcoal (sum)","(additional options)",NA,NA,"False","False","number","Microscopic charcoal (pollen slide)","direct",NA,"CHAR",157,NA,NA,"quant_raw",NA,NA,NA,"RPDv1b",1675,"charcoal","count","unspec","pollen_slide","particle","num",NA,"no_size","num","RPDv1b","measured",1,"RPDv1b",NA,"Maardu_lake",59.441667,25,31.3,"north",NA,NA,"sedlac",822,1,1998,"Veski, S., 1998. Vegetation History, Human Impact and Palaeogeography of West Estonia: Pollen Analytical Studies of Lake and Bog Sediments (PhD thesis). Societas Upsaliensis pro geologia quaternaria [Kvartärgeologiska fören], Uppsala, Sweden.","Vegetation History, Human Impact and Palaeogeography of West Estonia: Pollen Analytical Studies of Lake and Bog Sediments (PhD thesis)","Societas Upsaliensis pro geologia quaternaria [Kvartärgeologiska fören], Uppsala, Sweden",NA,NA,NA,NA,NA,NA,NA,NA,NA,NA,NA,NA,NA,NA,NA,NA,NA,NA,"RPDv1b:1675",822,"Veski, S.",1,"Veski","S.",NA,NA,NA,NA,NA,NA,NA,NA,NA,"RPDv1b:1675",822,"RPDv1b",1675,13426,35,0.35,"m",0.01,"Other","other",NA,1,NA,NA,"",TRUE,NA,NA,"Maardu_lake_POLLENSLIDE","counted","NaN-NaN",NA,NA,"",NA,NA,NA,NA,35,0.01,NA,". Cal curve: NA. Source DB: RPDv1b","Lacustrine","","Other dating methods",-37,10805,"Calibrated radiocarbon years BP","sedimentary charcoal","Data Sourcing: RPDv1b","Sample Age Source: RPDv1b"
"822",12,"charcoal | num",46,46.5,47,1,1215,NA,NA,"RPDv1b","Charcoal (sum)","(additional options)",NA,NA,"False","False","number","Microscopic charcoal (pollen slide)","direct",NA,"CHAR",308,NA,NA,"quant_raw",NA,NA,NA,"RPDv1b",1675,"charcoal","count","unspec","pollen_slide","particle","num",NA,"no_size","num","RPDv1b","measured",1,"RPDv1b",NA,"Maardu_lake",59.441667,25,31.3,"north",NA,NA,"sedlac",822,1,1998,"Veski, S., 1998. Vegetation History, Human Impact and Palaeogeography of West Estonia: Pollen Analytical Studies of Lake and Bog Sediments (PhD thesis). Societas Upsaliensis pro geologia quaternaria [Kvartärgeologiska fören], Uppsala, Sweden.","Vegetation History, Human Impact and Palaeogeography of West Estonia: Pollen Analytical Studies of Lake and Bog Sediments (PhD thesis)","Societas Upsaliensis pro geologia quaternaria [Kvartärgeologiska fören], Uppsala, Sweden",NA,NA,NA,NA,NA,NA,NA,NA,NA,NA,NA,NA,NA,NA,NA,NA,NA,NA,"RPDv1b:1675",822,"Veski, S.",1,"Veski","S.",NA,NA,NA,NA,NA,NA,NA,NA,NA,"RPDv1b:1675",822,"RPDv1b",1675,13426,35,0.35,"m",0.01,"Other","other",NA,1,NA,NA,"",TRUE,NA,NA,"Maardu_lake_POLLENSLIDE","counted","NaN-NaN",NA,NA,"",NA,NA,NA,NA,35,0.01,NA,". Cal curve: NA. Source DB: RPDv1b","Lacustrine","","Other dating methods",-37,10805,"Calibrated radiocarbon years BP","sedimentary charcoal","Data Sourcing: RPDv1b","Sample Age Source: RPDv1b"
"822",13,"charcoal | num",50,50.5,51,1,1447,NA,NA,"RPDv1b","Charcoal (sum)","(additional options)",NA,NA,"False","False","number","Microscopic charcoal (pollen slide)","direct",NA,"CHAR",532,NA,NA,"quant_raw",NA,NA,NA,"RPDv1b",1675,"charcoal","count","unspec","pollen_slide","particle","num",NA,"no_size","num","RPDv1b","measured",1,"RPDv1b",NA,"Maardu_lake",59.441667,25,31.3,"north",NA,NA,"sedlac",822,1,1998,"Veski, S., 1998. Vegetation History, Human Impact and Palaeogeography of West Estonia: Pollen Analytical Studies of Lake and Bog Sediments (PhD thesis). Societas Upsaliensis pro geologia quaternaria [Kvartärgeologiska fören], Uppsala, Sweden.","Vegetation History, Human Impact and Palaeogeography of West Estonia: Pollen Analytical Studies of Lake and Bog Sediments (PhD thesis)","Societas Upsaliensis pro geologia quaternaria [Kvartärgeologiska fören], Uppsala, Sweden",NA,NA,NA,NA,NA,NA,NA,NA,NA,NA,NA,NA,NA,NA,NA,NA,NA,NA,"RPDv1b:1675",822,"Veski, S.",1,"Veski","S.",NA,NA,NA,NA,NA,NA,NA,NA,NA,"RPDv1b:1675",822,"RPDv1b",1675,13426,35,0.35,"m",0.01,"Other","other",NA,1,NA,NA,"",TRUE,NA,NA,"Maardu_lake_POLLENSLIDE","counted","NaN-NaN",NA,NA,"",NA,NA,NA,NA,35,0.01,NA,". Cal curve: NA. Source DB: RPDv1b","Lacustrine","","Other dating methods",-37,10805,"Calibrated radiocarbon years BP","sedimentary charcoal","Data Sourcing: RPDv1b","Sample Age Source: RPDv1b"
"822",14,"charcoal | num",53,53.5,54,1,1506,NA,NA,"RPDv1b","Charcoal (sum)","(additional options)",NA,NA,"False","False","number","Microscopic charcoal (pollen slide)","direct",NA,"CHAR",134,NA,NA,"quant_raw",NA,NA,NA,"RPDv1b",1675,"charcoal","count","unspec","pollen_slide","particle","num",NA,"no_size","num","RPDv1b","measured",1,"RPDv1b",NA,"Maardu_lake",59.441667,25,31.3,"north",NA,NA,"sedlac",822,1,1998,"Veski, S., 1998. Vegetation History, Human Impact and Palaeogeography of West Estonia: Pollen Analytical Studies of Lake and Bog Sediments (PhD thesis). Societas Upsaliensis pro geologia quaternaria [Kvartärgeologiska fören], Uppsala, Sweden.","Vegetation History, Human Impact and Palaeogeography of West Estonia: Pollen Analytical Studies of Lake and Bog Sediments (PhD thesis)","Societas Upsaliensis pro geologia quaternaria [Kvartärgeologiska fören], Uppsala, Sweden",NA,NA,NA,NA,NA,NA,NA,NA,NA,NA,NA,NA,NA,NA,NA,NA,NA,NA,"RPDv1b:1675",822,"Veski, S.",1,"Veski","S.",NA,NA,NA,NA,NA,NA,NA,NA,NA,"RPDv1b:1675",822,"RPDv1b",1675,13426,35,0.35,"m",0.01,"Other","other",NA,1,NA,NA,"",TRUE,NA,NA,"Maardu_lake_POLLENSLIDE","counted","NaN-NaN",NA,NA,"",NA,NA,NA,NA,35,0.01,NA,". Cal curve: NA. Source DB: RPDv1b","Lacustrine","","Other dating methods",-37,10805,"Calibrated radiocarbon years BP","sedimentary charcoal","Data Sourcing: RPDv1b","Sample Age Source: RPDv1b"
"822",15,"charcoal | num",56,56.5,57,1,1565,NA,NA,"RPDv1b","Charcoal (sum)","(additional options)",NA,NA,"False","False","number","Microscopic charcoal (pollen slide)","direct",NA,"CHAR",124,NA,NA,"quant_raw",NA,NA,NA,"RPDv1b",1675,"charcoal","count","unspec","pollen_slide","particle","num",NA,"no_size","num","RPDv1b","measured",1,"RPDv1b",NA,"Maardu_lake",59.441667,25,31.3,"north",NA,NA,"sedlac",822,1,1998,"Veski, S., 1998. Vegetation History, Human Impact and Palaeogeography of West Estonia: Pollen Analytical Studies of Lake and Bog Sediments (PhD thesis). Societas Upsaliensis pro geologia quaternaria [Kvartärgeologiska fören], Uppsala, Sweden.","Vegetation History, Human Impact and Palaeogeography of West Estonia: Pollen Analytical Studies of Lake and Bog Sediments (PhD thesis)","Societas Upsaliensis pro geologia quaternaria [Kvartärgeologiska fören], Uppsala, Sweden",NA,NA,NA,NA,NA,NA,NA,NA,NA,NA,NA,NA,NA,NA,NA,NA,NA,NA,"RPDv1b:1675",822,"Veski, S.",1,"Veski","S.",NA,NA,NA,NA,NA,NA,NA,NA,NA,"RPDv1b:1675",822,"RPDv1b",1675,13426,35,0.35,"m",0.01,"Other","other",NA,1,NA,NA,"",TRUE,NA,NA,"Maardu_lake_POLLENSLIDE","counted","NaN-NaN",NA,NA,"",NA,NA,NA,NA,35,0.01,NA,". Cal curve: NA. Source DB: RPDv1b","Lacustrine","","Other dating methods",-37,10805,"Calibrated radiocarbon years BP","sedimentary charcoal","Data Sourcing: RPDv1b","Sample Age Source: RPDv1b"
"822",16,"charcoal | num",60,60.5,61,1,1644,NA,NA,"RPDv1b","Charcoal (sum)","(additional options)",NA,NA,"False","False","number","Microscopic charcoal (pollen slide)","direct",NA,"CHAR",92,NA,NA,"quant_raw",NA,NA,NA,"RPDv1b",1675,"charcoal","count","unspec","pollen_slide","particle","num",NA,"no_size","num","RPDv1b","measured",1,"RPDv1b",NA,"Maardu_lake",59.441667,25,31.3,"north",NA,NA,"sedlac",822,1,1998,"Veski, S., 1998. Vegetation History, Human Impact and Palaeogeography of West Estonia: Pollen Analytical Studies of Lake and Bog Sediments (PhD thesis). Societas Upsaliensis pro geologia quaternaria [Kvartärgeologiska fören], Uppsala, Sweden.","Vegetation History, Human Impact and Palaeogeography of West Estonia: Pollen Analytical Studies of Lake and Bog Sediments (PhD thesis)","Societas Upsaliensis pro geologia quaternaria [Kvartärgeologiska fören], Uppsala, Sweden",NA,NA,NA,NA,NA,NA,NA,NA,NA,NA,NA,NA,NA,NA,NA,NA,NA,NA,"RPDv1b:1675",822,"Veski, S.",1,"Veski","S.",NA,NA,NA,NA,NA,NA,NA,NA,NA,"RPDv1b:1675",822,"RPDv1b",1675,13426,35,0.35,"m",0.01,"Other","other",NA,1,NA,NA,"",TRUE,NA,NA,"Maardu_lake_POLLENSLIDE","counted","NaN-NaN",NA,NA,"",NA,NA,NA,NA,35,0.01,NA,". Cal curve: NA. Source DB: RPDv1b","Lacustrine","","Other dating methods",-37,10805,"Calibrated radiocarbon years BP","sedimentary charcoal","Data Sourcing: RPDv1b","Sample Age Source: RPDv1b"
"822",17,"charcoal | num",63,63.5,64,1,1703,NA,NA,"RPDv1b","Charcoal (sum)","(additional options)",NA,NA,"False","False","number","Microscopic charcoal (pollen slide)","direct",NA,"CHAR",166,NA,NA,"quant_raw",NA,NA,NA,"RPDv1b",1675,"charcoal","count","unspec","pollen_slide","particle","num",NA,"no_size","num","RPDv1b","measured",1,"RPDv1b",NA,"Maardu_lake",59.441667,25,31.3,"north",NA,NA,"sedlac",822,1,1998,"Veski, S., 1998. Vegetation History, Human Impact and Palaeogeography of West Estonia: Pollen Analytical Studies of Lake and Bog Sediments (PhD thesis). Societas Upsaliensis pro geologia quaternaria [Kvartärgeologiska fören], Uppsala, Sweden.","Vegetation History, Human Impact and Palaeogeography of West Estonia: Pollen Analytical Studies of Lake and Bog Sediments (PhD thesis)","Societas Upsaliensis pro geologia quaternaria [Kvartärgeologiska fören], Uppsala, Sweden",NA,NA,NA,NA,NA,NA,NA,NA,NA,NA,NA,NA,NA,NA,NA,NA,NA,NA,"RPDv1b:1675",822,"Veski, S.",1,"Veski","S.",NA,NA,NA,NA,NA,NA,NA,NA,NA,"RPDv1b:1675",822,"RPDv1b",1675,13426,35,0.35,"m",0.01,"Other","other",NA,1,NA,NA,"",TRUE,NA,NA,"Maardu_lake_POLLENSLIDE","counted","NaN-NaN",NA,NA,"",NA,NA,NA,NA,35,0.01,NA,". Cal curve: NA. Source DB: RPDv1b","Lacustrine","","Other dating methods",-37,10805,"Calibrated radiocarbon years BP","sedimentary charcoal","Data Sourcing: RPDv1b","Sample Age Source: RPDv1b"
"822",18,"charcoal | num",67,67.5,68,1,1782,NA,NA,"RPDv1b","Charcoal (sum)","(additional options)",NA,NA,"False","False","number","Microscopic charcoal (pollen slide)","direct",NA,"CHAR",110,NA,NA,"quant_raw",NA,NA,NA,"RPDv1b",1675,"charcoal","count","unspec","pollen_slide","particle","num",NA,"no_size","num","RPDv1b","measured",1,"RPDv1b",NA,"Maardu_lake",59.441667,25,31.3,"north",NA,NA,"sedlac",822,1,1998,"Veski, S., 1998. Vegetation History, Human Impact and Palaeogeography of West Estonia: Pollen Analytical Studies of Lake and Bog Sediments (PhD thesis). Societas Upsaliensis pro geologia quaternaria [Kvartärgeologiska fören], Uppsala, Sweden.","Vegetation History, Human Impact and Palaeogeography of West Estonia: Pollen Analytical Studies of Lake and Bog Sediments (PhD thesis)","Societas Upsaliensis pro geologia quaternaria [Kvartärgeologiska fören], Uppsala, Sweden",NA,NA,NA,NA,NA,NA,NA,NA,NA,NA,NA,NA,NA,NA,NA,NA,NA,NA,"RPDv1b:1675",822,"Veski, S.",1,"Veski","S.",NA,NA,NA,NA,NA,NA,NA,NA,NA,"RPDv1b:1675",822,"RPDv1b",1675,13426,35,0.35,"m",0.01,"Other","other",NA,1,NA,NA,"",TRUE,NA,NA,"Maardu_lake_POLLENSLIDE","counted","NaN-NaN",NA,NA,"",NA,NA,NA,NA,35,0.01,NA,". Cal curve: NA. Source DB: RPDv1b","Lacustrine","","Other dating methods",-37,10805,"Calibrated radiocarbon years BP","sedimentary charcoal","Data Sourcing: RPDv1b","Sample Age Source: RPDv1b"
"822",19,"charcoal | num",70,70.5,71,1,1841,NA,NA,"RPDv1b","Charcoal (sum)","(additional options)",NA,NA,"False","False","number","Microscopic charcoal (pollen slide)","direct",NA,"CHAR",285,NA,NA,"quant_raw",NA,NA,NA,"RPDv1b",1675,"charcoal","count","unspec","pollen_slide","particle","num",NA,"no_size","num","RPDv1b","measured",1,"RPDv1b",NA,"Maardu_lake",59.441667,25,31.3,"north",NA,NA,"sedlac",822,1,1998,"Veski, S., 1998. Vegetation History, Human Impact and Palaeogeography of West Estonia: Pollen Analytical Studies of Lake and Bog Sediments (PhD thesis). Societas Upsaliensis pro geologia quaternaria [Kvartärgeologiska fören], Uppsala, Sweden.","Vegetation History, Human Impact and Palaeogeography of West Estonia: Pollen Analytical Studies of Lake and Bog Sediments (PhD thesis)","Societas Upsaliensis pro geologia quaternaria [Kvartärgeologiska fören], Uppsala, Sweden",NA,NA,NA,NA,NA,NA,NA,NA,NA,NA,NA,NA,NA,NA,NA,NA,NA,NA,"RPDv1b:1675",822,"Veski, S.",1,"Veski","S.",NA,NA,NA,NA,NA,NA,NA,NA,NA,"RPDv1b:1675",822,"RPDv1b",1675,13426,35,0.35,"m",0.01,"Other","other",NA,1,NA,NA,"",TRUE,NA,NA,"Maardu_lake_POLLENSLIDE","counted","NaN-NaN",NA,NA,"",NA,NA,NA,NA,35,0.01,NA,". Cal curve: NA. Source DB: RPDv1b","Lacustrine","","Other dating methods",-37,10805,"Calibrated radiocarbon years BP","sedimentary charcoal","Data Sourcing: RPDv1b","Sample Age Source: RPDv1b"
"822",20,"charcoal | num",74,74.5,75,1,1944,NA,NA,"RPDv1b","Charcoal (sum)","(additional options)",NA,NA,"False","False","number","Microscopic charcoal (pollen slide)","direct",NA,"CHAR",115,NA,NA,"quant_raw",NA,NA,NA,"RPDv1b",1675,"charcoal","count","unspec","pollen_slide","particle","num",NA,"no_size","num","RPDv1b","measured",1,"RPDv1b",NA,"Maardu_lake",59.441667,25,31.3,"north",NA,NA,"sedlac",822,1,1998,"Veski, S., 1998. Vegetation History, Human Impact and Palaeogeography of West Estonia: Pollen Analytical Studies of Lake and Bog Sediments (PhD thesis). Societas Upsaliensis pro geologia quaternaria [Kvartärgeologiska fören], Uppsala, Sweden.","Vegetation History, Human Impact and Palaeogeography of West Estonia: Pollen Analytical Studies of Lake and Bog Sediments (PhD thesis)","Societas Upsaliensis pro geologia quaternaria [Kvartärgeologiska fören], Uppsala, Sweden",NA,NA,NA,NA,NA,NA,NA,NA,NA,NA,NA,NA,NA,NA,NA,NA,NA,NA,"RPDv1b:1675",822,"Veski, S.",1,"Veski","S.",NA,NA,NA,NA,NA,NA,NA,NA,NA,"RPDv1b:1675",822,"RPDv1b",1675,13426,35,0.35,"m",0.01,"Other","other",NA,1,NA,NA,"",TRUE,NA,NA,"Maardu_lake_POLLENSLIDE","counted","NaN-NaN",NA,NA,"",NA,NA,NA,NA,35,0.01,NA,". Cal curve: NA. Source DB: RPDv1b","Lacustrine","","Other dating methods",-37,10805,"Calibrated radiocarbon years BP","sedimentary charcoal","Data Sourcing: RPDv1b","Sample Age Source: RPDv1b"
"822",21,"charcoal | num",76,76.5,77,1,2033,NA,NA,"RPDv1b","Charcoal (sum)","(additional options)",NA,NA,"False","False","number","Microscopic charcoal (pollen slide)","direct",NA,"CHAR",145,NA,NA,"quant_raw",NA,NA,NA,"RPDv1b",1675,"charcoal","count","unspec","pollen_slide","particle","num",NA,"no_size","num","RPDv1b","measured",1,"RPDv1b",NA,"Maardu_lake",59.441667,25,31.3,"north",NA,NA,"sedlac",822,1,1998,"Veski, S., 1998. Vegetation History, Human Impact and Palaeogeography of West Estonia: Pollen Analytical Studies of Lake and Bog Sediments (PhD thesis). Societas Upsaliensis pro geologia quaternaria [Kvartärgeologiska fören], Uppsala, Sweden.","Vegetation History, Human Impact and Palaeogeography of West Estonia: Pollen Analytical Studies of Lake and Bog Sediments (PhD thesis)","Societas Upsaliensis pro geologia quaternaria [Kvartärgeologiska fören], Uppsala, Sweden",NA,NA,NA,NA,NA,NA,NA,NA,NA,NA,NA,NA,NA,NA,NA,NA,NA,NA,"RPDv1b:1675",822,"Veski, S.",1,"Veski","S.",NA,NA,NA,NA,NA,NA,NA,NA,NA,"RPDv1b:1675",822,"RPDv1b",1675,13426,35,0.35,"m",0.01,"Other","other",NA,1,NA,NA,"",TRUE,NA,NA,"Maardu_lake_POLLENSLIDE","counted","NaN-NaN",NA,NA,"",NA,NA,NA,NA,35,0.01,NA,". Cal curve: NA. Source DB: RPDv1b","Lacustrine","","Other dating methods",-37,10805,"Calibrated radiocarbon years BP","sedimentary charcoal","Data Sourcing: RPDv1b","Sample Age Source: RPDv1b"
"822",22,"charcoal | num",80,80.5,81,1,2209,NA,NA,"RPDv1b","Charcoal (sum)","(additional options)",NA,NA,"False","False","number","Microscopic charcoal (pollen slide)","direct",NA,"CHAR",93,NA,NA,"quant_raw",NA,NA,NA,"RPDv1b",1675,"charcoal","count","unspec","pollen_slide","particle","num",NA,"no_size","num","RPDv1b","measured",1,"RPDv1b",NA,"Maardu_lake",59.441667,25,31.3,"north",NA,NA,"sedlac",822,1,1998,"Veski, S., 1998. Vegetation History, Human Impact and Palaeogeography of West Estonia: Pollen Analytical Studies of Lake and Bog Sediments (PhD thesis). Societas Upsaliensis pro geologia quaternaria [Kvartärgeologiska fören], Uppsala, Sweden.","Vegetation History, Human Impact and Palaeogeography of West Estonia: Pollen Analytical Studies of Lake and Bog Sediments (PhD thesis)","Societas Upsaliensis pro geologia quaternaria [Kvartärgeologiska fören], Uppsala, Sweden",NA,NA,NA,NA,NA,NA,NA,NA,NA,NA,NA,NA,NA,NA,NA,NA,NA,NA,"RPDv1b:1675",822,"Veski, S.",1,"Veski","S.",NA,NA,NA,NA,NA,NA,NA,NA,NA,"RPDv1b:1675",822,"RPDv1b",1675,13427,139,1.39,"m",0.01,"Radiocarbon date","pollen",1710,70,NA,NA,"Ua- 13040",TRUE,NA,"NA Date is in uncalibrated radiocarbon years.","Maardu_lake_POLLENSLIDE","counted","NaN-NaN",NA,NA,"",1710,1640,1780,1710,139,0.01,"NA Date is in uncalibrated radiocarbon years.",". Cal curve: NA. Source DB: RPDv1b","Lacustrine","Carbon-14","Radiocarbon",-37,10805,"Calibrated radiocarbon years BP","sedimentary charcoal","Data Sourcing: RPDv1b","Sample Age Source: RPDv1b"
"822",23,"charcoal | num",83,83.5,84,1,2342,NA,NA,"RPDv1b","Charcoal (sum)","(additional options)",NA,NA,"False","False","number","Microscopic charcoal (pollen slide)","direct",NA,"CHAR",154,NA,NA,"quant_raw",NA,NA,NA,"RPDv1b",1675,"charcoal","count","unspec","pollen_slide","particle","num",NA,"no_size","num","RPDv1b","measured",1,"RPDv1b",NA,"Maardu_lake",59.441667,25,31.3,"north",NA,NA,"sedlac",822,1,1998,"Veski, S., 1998. Vegetation History, Human Impact and Palaeogeography of West Estonia: Pollen Analytical Studies of Lake and Bog Sediments (PhD thesis). Societas Upsaliensis pro geologia quaternaria [Kvartärgeologiska fören], Uppsala, Sweden.","Vegetation History, Human Impact and Palaeogeography of West Estonia: Pollen Analytical Studies of Lake and Bog Sediments (PhD thesis)","Societas Upsaliensis pro geologia quaternaria [Kvartärgeologiska fören], Uppsala, Sweden",NA,NA,NA,NA,NA,NA,NA,NA,NA,NA,NA,NA,NA,NA,NA,NA,NA,NA,"RPDv1b:1675",822,"Veski, S.",1,"Veski","S.",NA,NA,NA,NA,NA,NA,NA,NA,NA,"RPDv1b:1675",822,"RPDv1b",1675,13427,139,1.39,"m",0.01,"Radiocarbon date","pollen",1710,70,NA,NA,"Ua- 13040",TRUE,NA,"NA Date is in uncalibrated radiocarbon years.","Maardu_lake_POLLENSLIDE","counted","NaN-NaN",NA,NA,"",1710,1640,1780,1710,139,0.01,"NA Date is in uncalibrated radiocarbon years.",". Cal curve: NA. Source DB: RPDv1b","Lacustrine","Carbon-14","Radiocarbon",-37,10805,"Calibrated radiocarbon years BP","sedimentary charcoal","Data Sourcing: RPDv1b","Sample Age Source: RPDv1b"
"822",24,"charcoal | num",87,87.5,88,1,2519,NA,NA,"RPDv1b","Charcoal (sum)","(additional options)",NA,NA,"False","False","number","Microscopic charcoal (pollen slide)","direct",NA,"CHAR",153,NA,NA,"quant_raw",NA,NA,NA,"RPDv1b",1675,"charcoal","count","unspec","pollen_slide","particle","num",NA,"no_size","num","RPDv1b","measured",1,"RPDv1b",NA,"Maardu_lake",59.441667,25,31.3,"north",NA,NA,"sedlac",822,1,1998,"Veski, S., 1998. Vegetation History, Human Impact and Palaeogeography of West Estonia: Pollen Analytical Studies of Lake and Bog Sediments (PhD thesis). Societas Upsaliensis pro geologia quaternaria [Kvartärgeologiska fören], Uppsala, Sweden.","Vegetation History, Human Impact and Palaeogeography of West Estonia: Pollen Analytical Studies of Lake and Bog Sediments (PhD thesis)","Societas Upsaliensis pro geologia quaternaria [Kvartärgeologiska fören], Uppsala, Sweden",NA,NA,NA,NA,NA,NA,NA,NA,NA,NA,NA,NA,NA,NA,NA,NA,NA,NA,"RPDv1b:1675",822,"Veski, S.",1,"Veski","S.",NA,NA,NA,NA,NA,NA,NA,NA,NA,"RPDv1b:1675",822,"RPDv1b",1675,13427,139,1.39,"m",0.01,"Radiocarbon date","pollen",1710,70,NA,NA,"Ua- 13040",TRUE,NA,"NA Date is in uncalibrated radiocarbon years.","Maardu_lake_POLLENSLIDE","counted","NaN-NaN",NA,NA,"",1710,1640,1780,1710,139,0.01,"NA Date is in uncalibrated radiocarbon years.",". Cal curve: NA. Source DB: RPDv1b","Lacustrine","Carbon-14","Radiocarbon",-37,10805,"Calibrated radiocarbon years BP","sedimentary charcoal","Data Sourcing: RPDv1b","Sample Age Source: RPDv1b"
"822",25,"charcoal | num",90,90.5,91,1,2651,NA,NA,"RPDv1b","Charcoal (sum)","(additional options)",NA,NA,"False","False","number","Microscopic charcoal (pollen slide)","direct",NA,"CHAR",430,NA,NA,"quant_raw",NA,NA,NA,"RPDv1b",1675,"charcoal","count","unspec","pollen_slide","particle","num",NA,"no_size","num","RPDv1b","measured",1,"RPDv1b",NA,"Maardu_lake",59.441667,25,31.3,"north",NA,NA,"sedlac",822,1,1998,"Veski, S., 1998. Vegetation History, Human Impact and Palaeogeography of West Estonia: Pollen Analytical Studies of Lake and Bog Sediments (PhD thesis). Societas Upsaliensis pro geologia quaternaria [Kvartärgeologiska fören], Uppsala, Sweden.","Vegetation History, Human Impact and Palaeogeography of West Estonia: Pollen Analytical Studies of Lake and Bog Sediments (PhD thesis)","Societas Upsaliensis pro geologia quaternaria [Kvartärgeologiska fören], Uppsala, Sweden",NA,NA,NA,NA,NA,NA,NA,NA,NA,NA,NA,NA,NA,NA,NA,NA,NA,NA,"RPDv1b:1675",822,"Veski, S.",1,"Veski","S.",NA,NA,NA,NA,NA,NA,NA,NA,NA,"RPDv1b:1675",822,"RPDv1b",1675,13427,139,1.39,"m",0.01,"Radiocarbon date","pollen",1710,70,NA,NA,"Ua- 13040",TRUE,NA,"NA Date is in uncalibrated radiocarbon years.","Maardu_lake_POLLENSLIDE","counted","NaN-NaN",NA,NA,"",1710,1640,1780,1710,139,0.01,"NA Date is in uncalibrated radiocarbon years.",". Cal curve: NA. Source DB: RPDv1b","Lacustrine","Carbon-14","Radiocarbon",-37,10805,"Calibrated radiocarbon years BP","sedimentary charcoal","Data Sourcing: RPDv1b","Sample Age Source: RPDv1b"
"822",26,"charcoal | num",93,93.5,94,1,2784,NA,NA,"RPDv1b","Charcoal (sum)","(additional options)",NA,NA,"False","False","number","Microscopic charcoal (pollen slide)","direct",NA,"CHAR",122,NA,NA,"quant_raw",NA,NA,NA,"RPDv1b",1675,"charcoal","count","unspec","pollen_slide","particle","num",NA,"no_size","num","RPDv1b","measured",1,"RPDv1b",NA,"Maardu_lake",59.441667,25,31.3,"north",NA,NA,"sedlac",822,1,1998,"Veski, S., 1998. Vegetation History, Human Impact and Palaeogeography of West Estonia: Pollen Analytical Studies of Lake and Bog Sediments (PhD thesis). Societas Upsaliensis pro geologia quaternaria [Kvartärgeologiska fören], Uppsala, Sweden.","Vegetation History, Human Impact and Palaeogeography of West Estonia: Pollen Analytical Studies of Lake and Bog Sediments (PhD thesis)","Societas Upsaliensis pro geologia quaternaria [Kvartärgeologiska fören], Uppsala, Sweden",NA,NA,NA,NA,NA,NA,NA,NA,NA,NA,NA,NA,NA,NA,NA,NA,NA,NA,"RPDv1b:1675",822,"Veski, S.",1,"Veski","S.",NA,NA,NA,NA,NA,NA,NA,NA,NA,"RPDv1b:1675",822,"RPDv1b",1675,13427,139,1.39,"m",0.01,"Radiocarbon date","pollen",1710,70,NA,NA,"Ua- 13040",TRUE,NA,"NA Date is in uncalibrated radiocarbon years.","Maardu_lake_POLLENSLIDE","counted","NaN-NaN",NA,NA,"",1710,1640,1780,1710,139,0.01,"NA Date is in uncalibrated radiocarbon years.",". Cal curve: NA. Source DB: RPDv1b","Lacustrine","Carbon-14","Radiocarbon",-37,10805,"Calibrated radiocarbon years BP","sedimentary charcoal","Data Sourcing: RPDv1b","Sample Age Source: RPDv1b"
"822",27,"charcoal | num",96,96.5,97,1,2916,NA,NA,"RPDv1b","Charcoal (sum)","(additional options)",NA,NA,"False","False","number","Microscopic charcoal (pollen slide)","direct",NA,"CHAR",137,NA,NA,"quant_raw",NA,NA,NA,"RPDv1b",1675,"charcoal","count","unspec","pollen_slide","particle","num",NA,"no_size","num","RPDv1b","measured",1,"RPDv1b",NA,"Maardu_lake",59.441667,25,31.3,"north",NA,NA,"sedlac",822,1,1998,"Veski, S., 1998. Vegetation History, Human Impact and Palaeogeography of West Estonia: Pollen Analytical Studies of Lake and Bog Sediments (PhD thesis). Societas Upsaliensis pro geologia quaternaria [Kvartärgeologiska fören], Uppsala, Sweden.","Vegetation History, Human Impact and Palaeogeography of West Estonia: Pollen Analytical Studies of Lake and Bog Sediments (PhD thesis)","Societas Upsaliensis pro geologia quaternaria [Kvartärgeologiska fören], Uppsala, Sweden",NA,NA,NA,NA,NA,NA,NA,NA,NA,NA,NA,NA,NA,NA,NA,NA,NA,NA,"RPDv1b:1675",822,"Veski, S.",1,"Veski","S.",NA,NA,NA,NA,NA,NA,NA,NA,NA,"RPDv1b:1675",822,"RPDv1b",1675,13427,139,1.39,"m",0.01,"Radiocarbon date","pollen",1710,70,NA,NA,"Ua- 13040",TRUE,NA,"NA Date is in uncalibrated radiocarbon years.","Maardu_lake_POLLENSLIDE","counted","NaN-NaN",NA,NA,"",1710,1640,1780,1710,139,0.01,"NA Date is in uncalibrated radiocarbon years.",". Cal curve: NA. Source DB: RPDv1b","Lacustrine","Carbon-14","Radiocarbon",-37,10805,"Calibrated radiocarbon years BP","sedimentary charcoal","Data Sourcing: RPDv1b","Sample Age Source: RPDv1b"
"822",28,"charcoal | num",100,100.5,101,1,3075,NA,NA,"RPDv1b","Charcoal (sum)","(additional options)",NA,NA,"False","False","number","Microscopic charcoal (pollen slide)","direct",NA,"CHAR",129,NA,NA,"quant_raw",NA,NA,NA,"RPDv1b",1675,"charcoal","count","unspec","pollen_slide","particle","num",NA,"no_size","num","RPDv1b","measured",1,"RPDv1b",NA,"Maardu_lake",59.441667,25,31.3,"north",NA,NA,"sedlac",822,1,1998,"Veski, S., 1998. Vegetation History, Human Impact and Palaeogeography of West Estonia: Pollen Analytical Studies of Lake and Bog Sediments (PhD thesis). Societas Upsaliensis pro geologia quaternaria [Kvartärgeologiska fören], Uppsala, Sweden.","Vegetation History, Human Impact and Palaeogeography of West Estonia: Pollen Analytical Studies of Lake and Bog Sediments (PhD thesis)","Societas Upsaliensis pro geologia quaternaria [Kvartärgeologiska fören], Uppsala, Sweden",NA,NA,NA,NA,NA,NA,NA,NA,NA,NA,NA,NA,NA,NA,NA,NA,NA,NA,"RPDv1b:1675",822,"Veski, S.",1,"Veski","S.",NA,NA,NA,NA,NA,NA,NA,NA,NA,"RPDv1b:1675",822,"RPDv1b",1675,13427,139,1.39,"m",0.01,"Radiocarbon date","pollen",1710,70,NA,NA,"Ua- 13040",TRUE,NA,"NA Date is in uncalibrated radiocarbon years.","Maardu_lake_POLLENSLIDE","counted","NaN-NaN",NA,NA,"",1710,1640,1780,1710,139,0.01,"NA Date is in uncalibrated radiocarbon years.",". Cal curve: NA. Source DB: RPDv1b","Lacustrine","Carbon-14","Radiocarbon",-37,10805,"Calibrated radiocarbon years BP","sedimentary charcoal","Data Sourcing: RPDv1b","Sample Age Source: RPDv1b"
"822",29,"charcoal | num",103,103.5,104,1,3144,NA,NA,"RPDv1b","Charcoal (sum)","(additional options)",NA,NA,"False","False","number","Microscopic charcoal (pollen slide)","direct",NA,"CHAR",51,NA,NA,"quant_raw",NA,NA,NA,"RPDv1b",1675,"charcoal","count","unspec","pollen_slide","particle","num",NA,"no_size","num","RPDv1b","measured",1,"RPDv1b",NA,"Maardu_lake",59.441667,25,31.3,"north",NA,NA,"sedlac",822,1,1998,"Veski, S., 1998. Vegetation History, Human Impact and Palaeogeography of West Estonia: Pollen Analytical Studies of Lake and Bog Sediments (PhD thesis). Societas Upsaliensis pro geologia quaternaria [Kvartärgeologiska fören], Uppsala, Sweden.","Vegetation History, Human Impact and Palaeogeography of West Estonia: Pollen Analytical Studies of Lake and Bog Sediments (PhD thesis)","Societas Upsaliensis pro geologia quaternaria [Kvartärgeologiska fören], Uppsala, Sweden",NA,NA,NA,NA,NA,NA,NA,NA,NA,NA,NA,NA,NA,NA,NA,NA,NA,NA,"RPDv1b:1675",822,"Veski, S.",1,"Veski","S.",NA,NA,NA,NA,NA,NA,NA,NA,NA,"RPDv1b:1675",822,"RPDv1b",1675,13427,139,1.39,"m",0.01,"Radiocarbon date","pollen",1710,70,NA,NA,"Ua- 13040",TRUE,NA,"NA Date is in uncalibrated radiocarbon years.","Maardu_lake_POLLENSLIDE","counted","NaN-NaN",NA,NA,"",1710,1640,1780,1710,139,0.01,"NA Date is in uncalibrated radiocarbon years.",". Cal curve: NA. Source DB: RPDv1b","Lacustrine","Carbon-14","Radiocarbon",-37,10805,"Calibrated radiocarbon years BP","sedimentary charcoal","Data Sourcing: RPDv1b","Sample Age Source: RPDv1b"
"822",30,"charcoal | num",105,105.5,106,1,3190,NA,NA,"RPDv1b","Charcoal (sum)","(additional options)",NA,NA,"False","False","number","Microscopic charcoal (pollen slide)","direct",NA,"CHAR",20,NA,NA,"quant_raw",NA,NA,NA,"RPDv1b",1675,"charcoal","count","unspec","pollen_slide","particle","num",NA,"no_size","num","RPDv1b","measured",1,"RPDv1b",NA,"Maardu_lake",59.441667,25,31.3,"north",NA,NA,"sedlac",822,1,1998,"Veski, S., 1998. Vegetation History, Human Impact and Palaeogeography of West Estonia: Pollen Analytical Studies of Lake and Bog Sediments (PhD thesis). Societas Upsaliensis pro geologia quaternaria [Kvartärgeologiska fören], Uppsala, Sweden.","Vegetation History, Human Impact and Palaeogeography of West Estonia: Pollen Analytical Studies of Lake and Bog Sediments (PhD thesis)","Societas Upsaliensis pro geologia quaternaria [Kvartärgeologiska fören], Uppsala, Sweden",NA,NA,NA,NA,NA,NA,NA,NA,NA,NA,NA,NA,NA,NA,NA,NA,NA,NA,"RPDv1b:1675",822,"Veski, S.",1,"Veski","S.",NA,NA,NA,NA,NA,NA,NA,NA,NA,"RPDv1b:1675",822,"RPDv1b",1675,13427,139,1.39,"m",0.01,"Radiocarbon date","pollen",1710,70,NA,NA,"Ua- 13040",TRUE,NA,"NA Date is in uncalibrated radiocarbon years.","Maardu_lake_POLLENSLIDE","counted","NaN-NaN",NA,NA,"",1710,1640,1780,1710,139,0.01,"NA Date is in uncalibrated radiocarbon years.",". Cal curve: NA. Source DB: RPDv1b","Lacustrine","Carbon-14","Radiocarbon",-37,10805,"Calibrated radiocarbon years BP","sedimentary charcoal","Data Sourcing: RPDv1b","Sample Age Source: RPDv1b"
"822",31,"charcoal | num",108,108.5,109,1,3260,NA,NA,"RPDv1b","Charcoal (sum)","(additional options)",NA,NA,"False","False","number","Microscopic charcoal (pollen slide)","direct",NA,"CHAR",69,NA,NA,"quant_raw",NA,NA,NA,"RPDv1b",1675,"charcoal","count","unspec","pollen_slide","particle","num",NA,"no_size","num","RPDv1b","measured",1,"RPDv1b",NA,"Maardu_lake",59.441667,25,31.3,"north",NA,NA,"sedlac",822,1,1998,"Veski, S., 1998. Vegetation History, Human Impact and Palaeogeography of West Estonia: Pollen Analytical Studies of Lake and Bog Sediments (PhD thesis). Societas Upsaliensis pro geologia quaternaria [Kvartärgeologiska fören], Uppsala, Sweden.","Vegetation History, Human Impact and Palaeogeography of West Estonia: Pollen Analytical Studies of Lake and Bog Sediments (PhD thesis)","Societas Upsaliensis pro geologia quaternaria [Kvartärgeologiska fören], Uppsala, Sweden",NA,NA,NA,NA,NA,NA,NA,NA,NA,NA,NA,NA,NA,NA,NA,NA,NA,NA,"RPDv1b:1675",822,"Veski, S.",1,"Veski","S.",NA,NA,NA,NA,NA,NA,NA,NA,NA,"RPDv1b:1675",822,"RPDv1b",1675,13427,139,1.39,"m",0.01,"Radiocarbon date","pollen",1710,70,NA,NA,"Ua- 13040",TRUE,NA,"NA Date is in uncalibrated radiocarbon years.","Maardu_lake_POLLENSLIDE","counted","NaN-NaN",NA,NA,"",1710,1640,1780,1710,139,0.01,"NA Date is in uncalibrated radiocarbon years.",". Cal curve: NA. Source DB: RPDv1b","Lacustrine","Carbon-14","Radiocarbon",-37,10805,"Calibrated radiocarbon years BP","sedimentary charcoal","Data Sourcing: RPDv1b","Sample Age Source: RPDv1b"
"822",32,"charcoal | num",110,110.5,111,1,3306,NA,NA,"RPDv1b","Charcoal (sum)","(additional options)",NA,NA,"False","False","number","Microscopic charcoal (pollen slide)","direct",NA,"CHAR",33,NA,NA,"quant_raw",NA,NA,NA,"RPDv1b",1675,"charcoal","count","unspec","pollen_slide","particle","num",NA,"no_size","num","RPDv1b","measured",1,"RPDv1b",NA,"Maardu_lake",59.441667,25,31.3,"north",NA,NA,"sedlac",822,1,1998,"Veski, S., 1998. Vegetation History, Human Impact and Palaeogeography of West Estonia: Pollen Analytical Studies of Lake and Bog Sediments (PhD thesis). Societas Upsaliensis pro geologia quaternaria [Kvartärgeologiska fören], Uppsala, Sweden.","Vegetation History, Human Impact and Palaeogeography of West Estonia: Pollen Analytical Studies of Lake and Bog Sediments (PhD thesis)","Societas Upsaliensis pro geologia quaternaria [Kvartärgeologiska fören], Uppsala, Sweden",NA,NA,NA,NA,NA,NA,NA,NA,NA,NA,NA,NA,NA,NA,NA,NA,NA,NA,"RPDv1b:1675",822,"Veski, S.",1,"Veski","S.",NA,NA,NA,NA,NA,NA,NA,NA,NA,"RPDv1b:1675",822,"RPDv1b",1675,13427,139,1.39,"m",0.01,"Radiocarbon date","pollen",1710,70,NA,NA,"Ua- 13040",TRUE,NA,"NA Date is in uncalibrated radiocarbon years.","Maardu_lake_POLLENSLIDE","counted","NaN-NaN",NA,NA,"",1710,1640,1780,1710,139,0.01,"NA Date is in uncalibrated radiocarbon years.",". Cal curve: NA. Source DB: RPDv1b","Lacustrine","Carbon-14","Radiocarbon",-37,10805,"Calibrated radiocarbon years BP","sedimentary charcoal","Data Sourcing: RPDv1b","Sample Age Source: RPDv1b"
"822",33,"charcoal | num",113,113.5,114,1,3375,NA,NA,"RPDv1b","Charcoal (sum)","(additional options)",NA,NA,"False","False","number","Microscopic charcoal (pollen slide)","direct",NA,"CHAR",53,NA,NA,"quant_raw",NA,NA,NA,"RPDv1b",1675,"charcoal","count","unspec","pollen_slide","particle","num",NA,"no_size","num","RPDv1b","measured",1,"RPDv1b",NA,"Maardu_lake",59.441667,25,31.3,"north",NA,NA,"sedlac",822,1,1998,"Veski, S., 1998. Vegetation History, Human Impact and Palaeogeography of West Estonia: Pollen Analytical Studies of Lake and Bog Sediments (PhD thesis). Societas Upsaliensis pro geologia quaternaria [Kvartärgeologiska fören], Uppsala, Sweden.","Vegetation History, Human Impact and Palaeogeography of West Estonia: Pollen Analytical Studies of Lake and Bog Sediments (PhD thesis)","Societas Upsaliensis pro geologia quaternaria [Kvartärgeologiska fören], Uppsala, Sweden",NA,NA,NA,NA,NA,NA,NA,NA,NA,NA,NA,NA,NA,NA,NA,NA,NA,NA,"RPDv1b:1675",822,"Veski, S.",1,"Veski","S.",NA,NA,NA,NA,NA,NA,NA,NA,NA,"RPDv1b:1675",822,"RPDv1b",1675,13428,164,1.64,"m",0.01,"Radiocarbon date","pollen",1800,70,NA,NA,"Ua-13041",TRUE,NA,"NA Date is in uncalibrated radiocarbon years.","Maardu_lake_POLLENSLIDE","counted","NaN-NaN",NA,NA,"",1800,1730,1870,1800,164,0.01,"NA Date is in uncalibrated radiocarbon years.",". Cal curve: NA. Source DB: RPDv1b","Lacustrine","Carbon-14","Radiocarbon",-37,10805,"Calibrated radiocarbon years BP","sedimentary charcoal","Data Sourcing: RPDv1b","Sample Age Source: RPDv1b"
"822",34,"charcoal | num",117,117.5,118,1,3467,NA,NA,"RPDv1b","Charcoal (sum)","(additional options)",NA,NA,"False","False","number","Microscopic charcoal (pollen slide)","direct",NA,"CHAR",68,NA,NA,"quant_raw",NA,NA,NA,"RPDv1b",1675,"charcoal","count","unspec","pollen_slide","particle","num",NA,"no_size","num","RPDv1b","measured",1,"RPDv1b",NA,"Maardu_lake",59.441667,25,31.3,"north",NA,NA,"sedlac",822,1,1998,"Veski, S., 1998. Vegetation History, Human Impact and Palaeogeography of West Estonia: Pollen Analytical Studies of Lake and Bog Sediments (PhD thesis). Societas Upsaliensis pro geologia quaternaria [Kvartärgeologiska fören], Uppsala, Sweden.","Vegetation History, Human Impact and Palaeogeography of West Estonia: Pollen Analytical Studies of Lake and Bog Sediments (PhD thesis)","Societas Upsaliensis pro geologia quaternaria [Kvartärgeologiska fören], Uppsala, Sweden",NA,NA,NA,NA,NA,NA,NA,NA,NA,NA,NA,NA,NA,NA,NA,NA,NA,NA,"RPDv1b:1675",822,"Veski, S.",1,"Veski","S.",NA,NA,NA,NA,NA,NA,NA,NA,NA,"RPDv1b:1675",822,"RPDv1b",1675,13428,164,1.64,"m",0.01,"Radiocarbon date","pollen",1800,70,NA,NA,"Ua-13041",TRUE,NA,"NA Date is in uncalibrated radiocarbon years.","Maardu_lake_POLLENSLIDE","counted","NaN-NaN",NA,NA,"",1800,1730,1870,1800,164,0.01,"NA Date is in uncalibrated radiocarbon years.",". Cal curve: NA. Source DB: RPDv1b","Lacustrine","Carbon-14","Radiocarbon",-37,10805,"Calibrated radiocarbon years BP","sedimentary charcoal","Data Sourcing: RPDv1b","Sample Age Source: RPDv1b"
"822",35,"charcoal | num",120,120.5,121,1,3536,NA,NA,"RPDv1b","Charcoal (sum)","(additional options)",NA,NA,"False","False","number","Microscopic charcoal (pollen slide)","direct",NA,"CHAR",152,NA,NA,"quant_raw",NA,NA,NA,"RPDv1b",1675,"charcoal","count","unspec","pollen_slide","particle","num",NA,"no_size","num","RPDv1b","measured",1,"RPDv1b",NA,"Maardu_lake",59.441667,25,31.3,"north",NA,NA,"sedlac",822,1,1998,"Veski, S., 1998. Vegetation History, Human Impact and Palaeogeography of West Estonia: Pollen Analytical Studies of Lake and Bog Sediments (PhD thesis). Societas Upsaliensis pro geologia quaternaria [Kvartärgeologiska fören], Uppsala, Sweden.","Vegetation History, Human Impact and Palaeogeography of West Estonia: Pollen Analytical Studies of Lake and Bog Sediments (PhD thesis)","Societas Upsaliensis pro geologia quaternaria [Kvartärgeologiska fören], Uppsala, Sweden",NA,NA,NA,NA,NA,NA,NA,NA,NA,NA,NA,NA,NA,NA,NA,NA,NA,NA,"RPDv1b:1675",822,"Veski, S.",1,"Veski","S.",NA,NA,NA,NA,NA,NA,NA,NA,NA,"RPDv1b:1675",822,"RPDv1b",1675,13428,164,1.64,"m",0.01,"Radiocarbon date","pollen",1800,70,NA,NA,"Ua-13041",TRUE,NA,"NA Date is in uncalibrated radiocarbon years.","Maardu_lake_POLLENSLIDE","counted","NaN-NaN",NA,NA,"",1800,1730,1870,1800,164,0.01,"NA Date is in uncalibrated radiocarbon years.",". Cal curve: NA. Source DB: RPDv1b","Lacustrine","Carbon-14","Radiocarbon",-37,10805,"Calibrated radiocarbon years BP","sedimentary charcoal","Data Sourcing: RPDv1b","Sample Age Source: RPDv1b"
"822",36,"charcoal | num",125,125.5,126,1,3652,NA,NA,"RPDv1b","Charcoal (sum)","(additional options)",NA,NA,"False","False","number","Microscopic charcoal (pollen slide)","direct",NA,"CHAR",50,NA,NA,"quant_raw",NA,NA,NA,"RPDv1b",1675,"charcoal","count","unspec","pollen_slide","particle","num",NA,"no_size","num","RPDv1b","measured",1,"RPDv1b",NA,"Maardu_lake",59.441667,25,31.3,"north",NA,NA,"sedlac",822,1,1998,"Veski, S., 1998. Vegetation History, Human Impact and Palaeogeography of West Estonia: Pollen Analytical Studies of Lake and Bog Sediments (PhD thesis). Societas Upsaliensis pro geologia quaternaria [Kvartärgeologiska fören], Uppsala, Sweden.","Vegetation History, Human Impact and Palaeogeography of West Estonia: Pollen Analytical Studies of Lake and Bog Sediments (PhD thesis)","Societas Upsaliensis pro geologia quaternaria [Kvartärgeologiska fören], Uppsala, Sweden",NA,NA,NA,NA,NA,NA,NA,NA,NA,NA,NA,NA,NA,NA,NA,NA,NA,NA,"RPDv1b:1675",822,"Veski, S.",1,"Veski","S.",NA,NA,NA,NA,NA,NA,NA,NA,NA,"RPDv1b:1675",822,"RPDv1b",1675,13428,164,1.64,"m",0.01,"Radiocarbon date","pollen",1800,70,NA,NA,"Ua-13041",TRUE,NA,"NA Date is in uncalibrated radiocarbon years.","Maardu_lake_POLLENSLIDE","counted","NaN-NaN",NA,NA,"",1800,1730,1870,1800,164,0.01,"NA Date is in uncalibrated radiocarbon years.",". Cal curve: NA. Source DB: RPDv1b","Lacustrine","Carbon-14","Radiocarbon",-37,10805,"Calibrated radiocarbon years BP","sedimentary charcoal","Data Sourcing: RPDv1b","Sample Age Source: RPDv1b"
"822",37,"charcoal | num",129,129.5,130,1,3744,NA,NA,"RPDv1b","Charcoal (sum)","(additional options)",NA,NA,"False","False","number","Microscopic charcoal (pollen slide)","direct",NA,"CHAR",70,NA,NA,"quant_raw",NA,NA,NA,"RPDv1b",1675,"charcoal","count","unspec","pollen_slide","particle","num",NA,"no_size","num","RPDv1b","measured",1,"RPDv1b",NA,"Maardu_lake",59.441667,25,31.3,"north",NA,NA,"sedlac",822,1,1998,"Veski, S., 1998. Vegetation History, Human Impact and Palaeogeography of West Estonia: Pollen Analytical Studies of Lake and Bog Sediments (PhD thesis). Societas Upsaliensis pro geologia quaternaria [Kvartärgeologiska fören], Uppsala, Sweden.","Vegetation History, Human Impact and Palaeogeography of West Estonia: Pollen Analytical Studies of Lake and Bog Sediments (PhD thesis)","Societas Upsaliensis pro geologia quaternaria [Kvartärgeologiska fören], Uppsala, Sweden",NA,NA,NA,NA,NA,NA,NA,NA,NA,NA,NA,NA,NA,NA,NA,NA,NA,NA,"RPDv1b:1675",822,"Veski, S.",1,"Veski","S.",NA,NA,NA,NA,NA,NA,NA,NA,NA,"RPDv1b:1675",822,"RPDv1b",1675,13428,164,1.64,"m",0.01,"Radiocarbon date","pollen",1800,70,NA,NA,"Ua-13041",TRUE,NA,"NA Date is in uncalibrated radiocarbon years.","Maardu_lake_POLLENSLIDE","counted","NaN-NaN",NA,NA,"",1800,1730,1870,1800,164,0.01,"NA Date is in uncalibrated radiocarbon years.",". Cal curve: NA. Source DB: RPDv1b","Lacustrine","Carbon-14","Radiocarbon",-37,10805,"Calibrated radiocarbon years BP","sedimentary charcoal","Data Sourcing: RPDv1b","Sample Age Source: RPDv1b"
"822",38,"charcoal | num",136,136.5,137,1,3905,NA,NA,"RPDv1b","Charcoal (sum)","(additional options)",NA,NA,"False","False","number","Microscopic charcoal (pollen slide)","direct",NA,"CHAR",83,NA,NA,"quant_raw",NA,NA,NA,"RPDv1b",1675,"charcoal","count","unspec","pollen_slide","particle","num",NA,"no_size","num","RPDv1b","measured",1,"RPDv1b",NA,"Maardu_lake",59.441667,25,31.3,"north",NA,NA,"sedlac",822,1,1998,"Veski, S., 1998. Vegetation History, Human Impact and Palaeogeography of West Estonia: Pollen Analytical Studies of Lake and Bog Sediments (PhD thesis). Societas Upsaliensis pro geologia quaternaria [Kvartärgeologiska fören], Uppsala, Sweden.","Vegetation History, Human Impact and Palaeogeography of West Estonia: Pollen Analytical Studies of Lake and Bog Sediments (PhD thesis)","Societas Upsaliensis pro geologia quaternaria [Kvartärgeologiska fören], Uppsala, Sweden",NA,NA,NA,NA,NA,NA,NA,NA,NA,NA,NA,NA,NA,NA,NA,NA,NA,NA,"RPDv1b:1675",822,"Veski, S.",1,"Veski","S.",NA,NA,NA,NA,NA,NA,NA,NA,NA,"RPDv1b:1675",822,"RPDv1b",1675,13428,164,1.64,"m",0.01,"Radiocarbon date","pollen",1800,70,NA,NA,"Ua-13041",TRUE,NA,"NA Date is in uncalibrated radiocarbon years.","Maardu_lake_POLLENSLIDE","counted","NaN-NaN",NA,NA,"",1800,1730,1870,1800,164,0.01,"NA Date is in uncalibrated radiocarbon years.",". Cal curve: NA. Source DB: RPDv1b","Lacustrine","Carbon-14","Radiocarbon",-37,10805,"Calibrated radiocarbon years BP","sedimentary charcoal","Data Sourcing: RPDv1b","Sample Age Source: RPDv1b"
"822",39,"charcoal | num",139,139.5,140,1,3975,NA,NA,"RPDv1b","Charcoal (sum)","(additional options)",NA,NA,"False","False","number","Microscopic charcoal (pollen slide)","direct",NA,"CHAR",101,NA,NA,"quant_raw",NA,NA,NA,"RPDv1b",1675,"charcoal","count","unspec","pollen_slide","particle","num",NA,"no_size","num","RPDv1b","measured",1,"RPDv1b",NA,"Maardu_lake",59.441667,25,31.3,"north",NA,NA,"sedlac",822,1,1998,"Veski, S., 1998. Vegetation History, Human Impact and Palaeogeography of West Estonia: Pollen Analytical Studies of Lake and Bog Sediments (PhD thesis). Societas Upsaliensis pro geologia quaternaria [Kvartärgeologiska fören], Uppsala, Sweden.","Vegetation History, Human Impact and Palaeogeography of West Estonia: Pollen Analytical Studies of Lake and Bog Sediments (PhD thesis)","Societas Upsaliensis pro geologia quaternaria [Kvartärgeologiska fören], Uppsala, Sweden",NA,NA,NA,NA,NA,NA,NA,NA,NA,NA,NA,NA,NA,NA,NA,NA,NA,NA,"RPDv1b:1675",822,"Veski, S.",1,"Veski","S.",NA,NA,NA,NA,NA,NA,NA,NA,NA,"RPDv1b:1675",822,"RPDv1b",1675,13428,164,1.64,"m",0.01,"Radiocarbon date","pollen",1800,70,NA,NA,"Ua-13041",TRUE,NA,"NA Date is in uncalibrated radiocarbon years.","Maardu_lake_POLLENSLIDE","counted","NaN-NaN",NA,NA,"",1800,1730,1870,1800,164,0.01,"NA Date is in uncalibrated radiocarbon years.",". Cal curve: NA. Source DB: RPDv1b","Lacustrine","Carbon-14","Radiocarbon",-37,10805,"Calibrated radiocarbon years BP","sedimentary charcoal","Data Sourcing: RPDv1b","Sample Age Source: RPDv1b"
"822",40,"charcoal | num",146,146.5,147,1,4136,NA,NA,"RPDv1b","Charcoal (sum)","(additional options)",NA,NA,"False","False","number","Microscopic charcoal (pollen slide)","direct",NA,"CHAR",51,NA,NA,"quant_raw",NA,NA,NA,"RPDv1b",1675,"charcoal","count","unspec","pollen_slide","particle","num",NA,"no_size","num","RPDv1b","measured",1,"RPDv1b",NA,"Maardu_lake",59.441667,25,31.3,"north",NA,NA,"sedlac",822,1,1998,"Veski, S., 1998. Vegetation History, Human Impact and Palaeogeography of West Estonia: Pollen Analytical Studies of Lake and Bog Sediments (PhD thesis). Societas Upsaliensis pro geologia quaternaria [Kvartärgeologiska fören], Uppsala, Sweden.","Vegetation History, Human Impact and Palaeogeography of West Estonia: Pollen Analytical Studies of Lake and Bog Sediments (PhD thesis)","Societas Upsaliensis pro geologia quaternaria [Kvartärgeologiska fören], Uppsala, Sweden",NA,NA,NA,NA,NA,NA,NA,NA,NA,NA,NA,NA,NA,NA,NA,NA,NA,NA,"RPDv1b:1675",822,"Veski, S.",1,"Veski","S.",NA,NA,NA,NA,NA,NA,NA,NA,NA,"RPDv1b:1675",822,"RPDv1b",1675,13428,164,1.64,"m",0.01,"Radiocarbon date","pollen",1800,70,NA,NA,"Ua-13041",TRUE,NA,"NA Date is in uncalibrated radiocarbon years.","Maardu_lake_POLLENSLIDE","counted","NaN-NaN",NA,NA,"",1800,1730,1870,1800,164,0.01,"NA Date is in uncalibrated radiocarbon years.",". Cal curve: NA. Source DB: RPDv1b","Lacustrine","Carbon-14","Radiocarbon",-37,10805,"Calibrated radiocarbon years BP","sedimentary charcoal","Data Sourcing: RPDv1b","Sample Age Source: RPDv1b"
"822",41,"charcoal | num",149,149.5,150,1,4205,NA,NA,"RPDv1b","Charcoal (sum)","(additional options)",NA,NA,"False","False","number","Microscopic charcoal (pollen slide)","direct",NA,"CHAR",68,NA,NA,"quant_raw",NA,NA,NA,"RPDv1b",1675,"charcoal","count","unspec","pollen_slide","particle","num",NA,"no_size","num","RPDv1b","measured",1,"RPDv1b",NA,"Maardu_lake",59.441667,25,31.3,"north",NA,NA,"sedlac",822,1,1998,"Veski, S., 1998. Vegetation History, Human Impact and Palaeogeography of West Estonia: Pollen Analytical Studies of Lake and Bog Sediments (PhD thesis). Societas Upsaliensis pro geologia quaternaria [Kvartärgeologiska fören], Uppsala, Sweden.","Vegetation History, Human Impact and Palaeogeography of West Estonia: Pollen Analytical Studies of Lake and Bog Sediments (PhD thesis)","Societas Upsaliensis pro geologia quaternaria [Kvartärgeologiska fören], Uppsala, Sweden",NA,NA,NA,NA,NA,NA,NA,NA,NA,NA,NA,NA,NA,NA,NA,NA,NA,NA,"RPDv1b:1675",822,"Veski, S.",1,"Veski","S.",NA,NA,NA,NA,NA,NA,NA,NA,NA,"RPDv1b:1675",822,"RPDv1b",1675,13428,164,1.64,"m",0.01,"Radiocarbon date","pollen",1800,70,NA,NA,"Ua-13041",TRUE,NA,"NA Date is in uncalibrated radiocarbon years.","Maardu_lake_POLLENSLIDE","counted","NaN-NaN",NA,NA,"",1800,1730,1870,1800,164,0.01,"NA Date is in uncalibrated radiocarbon years.",". Cal curve: NA. Source DB: RPDv1b","Lacustrine","Carbon-14","Radiocarbon",-37,10805,"Calibrated radiocarbon years BP","sedimentary charcoal","Data Sourcing: RPDv1b","Sample Age Source: RPDv1b"
"822",42,"charcoal | num",156,156.5,157,1,4367,NA,NA,"RPDv1b","Charcoal (sum)","(additional options)",NA,NA,"False","False","number","Microscopic charcoal (pollen slide)","direct",NA,"CHAR",12,NA,NA,"quant_raw",NA,NA,NA,"RPDv1b",1675,"charcoal","count","unspec","pollen_slide","particle","num",NA,"no_size","num","RPDv1b","measured",1,"RPDv1b",NA,"Maardu_lake",59.441667,25,31.3,"north",NA,NA,"sedlac",822,1,1998,"Veski, S., 1998. Vegetation History, Human Impact and Palaeogeography of West Estonia: Pollen Analytical Studies of Lake and Bog Sediments (PhD thesis). Societas Upsaliensis pro geologia quaternaria [Kvartärgeologiska fören], Uppsala, Sweden.","Vegetation History, Human Impact and Palaeogeography of West Estonia: Pollen Analytical Studies of Lake and Bog Sediments (PhD thesis)","Societas Upsaliensis pro geologia quaternaria [Kvartärgeologiska fören], Uppsala, Sweden",NA,NA,NA,NA,NA,NA,NA,NA,NA,NA,NA,NA,NA,NA,NA,NA,NA,NA,"RPDv1b:1675",822,"Veski, S.",1,"Veski","S.",NA,NA,NA,NA,NA,NA,NA,NA,NA,"RPDv1b:1675",822,"RPDv1b",1675,13428,164,1.64,"m",0.01,"Radiocarbon date","pollen",1800,70,NA,NA,"Ua-13041",TRUE,NA,"NA Date is in uncalibrated radiocarbon years.","Maardu_lake_POLLENSLIDE","counted","NaN-NaN",NA,NA,"",1800,1730,1870,1800,164,0.01,"NA Date is in uncalibrated radiocarbon years.",". Cal curve: NA. Source DB: RPDv1b","Lacustrine","Carbon-14","Radiocarbon",-37,10805,"Calibrated radiocarbon years BP","sedimentary charcoal","Data Sourcing: RPDv1b","Sample Age Source: RPDv1b"
"822",43,"charcoal | num",159,159.5,160,1,4436,NA,NA,"RPDv1b","Charcoal (sum)","(additional options)",NA,NA,"False","False","number","Microscopic charcoal (pollen slide)","direct",NA,"CHAR",6,NA,NA,"quant_raw",NA,NA,NA,"RPDv1b",1675,"charcoal","count","unspec","pollen_slide","particle","num",NA,"no_size","num","RPDv1b","measured",1,"RPDv1b",NA,"Maardu_lake",59.441667,25,31.3,"north",NA,NA,"sedlac",822,1,1998,"Veski, S., 1998. Vegetation History, Human Impact and Palaeogeography of West Estonia: Pollen Analytical Studies of Lake and Bog Sediments (PhD thesis). Societas Upsaliensis pro geologia quaternaria [Kvartärgeologiska fören], Uppsala, Sweden.","Vegetation History, Human Impact and Palaeogeography of West Estonia: Pollen Analytical Studies of Lake and Bog Sediments (PhD thesis)","Societas Upsaliensis pro geologia quaternaria [Kvartärgeologiska fören], Uppsala, Sweden",NA,NA,NA,NA,NA,NA,NA,NA,NA,NA,NA,NA,NA,NA,NA,NA,NA,NA,"RPDv1b:1675",822,"Veski, S.",1,"Veski","S.",NA,NA,NA,NA,NA,NA,NA,NA,NA,"RPDv1b:1675",822,"RPDv1b",1675,13428,164,1.64,"m",0.01,"Radiocarbon date","pollen",1800,70,NA,NA,"Ua-13041",TRUE,NA,"NA Date is in uncalibrated radiocarbon years.","Maardu_lake_POLLENSLIDE","counted","NaN-NaN",NA,NA,"",1800,1730,1870,1800,164,0.01,"NA Date is in uncalibrated radiocarbon years.",". Cal curve: NA. Source DB: RPDv1b","Lacustrine","Carbon-14","Radiocarbon",-37,10805,"Calibrated radiocarbon years BP","sedimentary charcoal","Data Sourcing: RPDv1b","Sample Age Source: RPDv1b"
"822",44,"charcoal | num",166,166.5,167,1,4597,NA,NA,"RPDv1b","Charcoal (sum)","(additional options)",NA,NA,"False","False","number","Microscopic charcoal (pollen slide)","direct",NA,"CHAR",25,NA,NA,"quant_raw",NA,NA,NA,"RPDv1b",1675,"charcoal","count","unspec","pollen_slide","particle","num",NA,"no_size","num","RPDv1b","measured",1,"RPDv1b",NA,"Maardu_lake",59.441667,25,31.3,"north",NA,NA,"sedlac",822,1,1998,"Veski, S., 1998. Vegetation History, Human Impact and Palaeogeography of West Estonia: Pollen Analytical Studies of Lake and Bog Sediments (PhD thesis). Societas Upsaliensis pro geologia quaternaria [Kvartärgeologiska fören], Uppsala, Sweden.","Vegetation History, Human Impact and Palaeogeography of West Estonia: Pollen Analytical Studies of Lake and Bog Sediments (PhD thesis)","Societas Upsaliensis pro geologia quaternaria [Kvartärgeologiska fören], Uppsala, Sweden",NA,NA,NA,NA,NA,NA,NA,NA,NA,NA,NA,NA,NA,NA,NA,NA,NA,NA,"RPDv1b:1675",822,"Veski, S.",1,"Veski","S.",NA,NA,NA,NA,NA,NA,NA,NA,NA,"RPDv1b:1675",822,"RPDv1b",1675,13429,191,1.91,"m",0.01,"Radiocarbon date","bulk sediment, gyttja",2960,85,NA,NA,"Ua-2532",TRUE,NA,"NA Date is in uncalibrated radiocarbon years.","Maardu_lake_POLLENSLIDE","counted","NaN-NaN",NA,NA,"",2960,2875,3045,2960,191,0.01,"NA Date is in uncalibrated radiocarbon years.",". Cal curve: NA. Source DB: RPDv1b","Lacustrine","Carbon-14","Radiocarbon",-37,10805,"Calibrated radiocarbon years BP","sedimentary charcoal","Data Sourcing: RPDv1b","Sample Age Source: RPDv1b"
"822",45,"charcoal | num",169,169.5,170,1,4667,NA,NA,"RPDv1b","Charcoal (sum)","(additional options)",NA,NA,"False","False","number","Microscopic charcoal (pollen slide)","direct",NA,"CHAR",65,NA,NA,"quant_raw",NA,NA,NA,"RPDv1b",1675,"charcoal","count","unspec","pollen_slide","particle","num",NA,"no_size","num","RPDv1b","measured",1,"RPDv1b",NA,"Maardu_lake",59.441667,25,31.3,"north",NA,NA,"sedlac",822,1,1998,"Veski, S., 1998. Vegetation History, Human Impact and Palaeogeography of West Estonia: Pollen Analytical Studies of Lake and Bog Sediments (PhD thesis). Societas Upsaliensis pro geologia quaternaria [Kvartärgeologiska fören], Uppsala, Sweden.","Vegetation History, Human Impact and Palaeogeography of West Estonia: Pollen Analytical Studies of Lake and Bog Sediments (PhD thesis)","Societas Upsaliensis pro geologia quaternaria [Kvartärgeologiska fören], Uppsala, Sweden",NA,NA,NA,NA,NA,NA,NA,NA,NA,NA,NA,NA,NA,NA,NA,NA,NA,NA,"RPDv1b:1675",822,"Veski, S.",1,"Veski","S.",NA,NA,NA,NA,NA,NA,NA,NA,NA,"RPDv1b:1675",822,"RPDv1b",1675,13429,191,1.91,"m",0.01,"Radiocarbon date","bulk sediment, gyttja",2960,85,NA,NA,"Ua-2532",TRUE,NA,"NA Date is in uncalibrated radiocarbon years.","Maardu_lake_POLLENSLIDE","counted","NaN-NaN",NA,NA,"",2960,2875,3045,2960,191,0.01,"NA Date is in uncalibrated radiocarbon years.",". Cal curve: NA. Source DB: RPDv1b","Lacustrine","Carbon-14","Radiocarbon",-37,10805,"Calibrated radiocarbon years BP","sedimentary charcoal","Data Sourcing: RPDv1b","Sample Age Source: RPDv1b"
"822",46,"charcoal | num",176,176.5,177,1,4828,NA,NA,"RPDv1b","Charcoal (sum)","(additional options)",NA,NA,"False","False","number","Microscopic charcoal (pollen slide)","direct",NA,"CHAR",24,NA,NA,"quant_raw",NA,NA,NA,"RPDv1b",1675,"charcoal","count","unspec","pollen_slide","particle","num",NA,"no_size","num","RPDv1b","measured",1,"RPDv1b",NA,"Maardu_lake",59.441667,25,31.3,"north",NA,NA,"sedlac",822,1,1998,"Veski, S., 1998. Vegetation History, Human Impact and Palaeogeography of West Estonia: Pollen Analytical Studies of Lake and Bog Sediments (PhD thesis). Societas Upsaliensis pro geologia quaternaria [Kvartärgeologiska fören], Uppsala, Sweden.","Vegetation History, Human Impact and Palaeogeography of West Estonia: Pollen Analytical Studies of Lake and Bog Sediments (PhD thesis)","Societas Upsaliensis pro geologia quaternaria [Kvartärgeologiska fören], Uppsala, Sweden",NA,NA,NA,NA,NA,NA,NA,NA,NA,NA,NA,NA,NA,NA,NA,NA,NA,NA,"RPDv1b:1675",822,"Veski, S.",1,"Veski","S.",NA,NA,NA,NA,NA,NA,NA,NA,NA,"RPDv1b:1675",822,"RPDv1b",1675,13429,191,1.91,"m",0.01,"Radiocarbon date","bulk sediment, gyttja",2960,85,NA,NA,"Ua-2532",TRUE,NA,"NA Date is in uncalibrated radiocarbon years.","Maardu_lake_POLLENSLIDE","counted","NaN-NaN",NA,NA,"",2960,2875,3045,2960,191,0.01,"NA Date is in uncalibrated radiocarbon years.",". Cal curve: NA. Source DB: RPDv1b","Lacustrine","Carbon-14","Radiocarbon",-37,10805,"Calibrated radiocarbon years BP","sedimentary charcoal","Data Sourcing: RPDv1b","Sample Age Source: RPDv1b"
"822",47,"charcoal | num",179,179.5,180,1,4897,NA,NA,"RPDv1b","Charcoal (sum)","(additional options)",NA,NA,"False","False","number","Microscopic charcoal (pollen slide)","direct",NA,"CHAR",78,NA,NA,"quant_raw",NA,NA,NA,"RPDv1b",1675,"charcoal","count","unspec","pollen_slide","particle","num",NA,"no_size","num","RPDv1b","measured",1,"RPDv1b",NA,"Maardu_lake",59.441667,25,31.3,"north",NA,NA,"sedlac",822,1,1998,"Veski, S., 1998. Vegetation History, Human Impact and Palaeogeography of West Estonia: Pollen Analytical Studies of Lake and Bog Sediments (PhD thesis). Societas Upsaliensis pro geologia quaternaria [Kvartärgeologiska fören], Uppsala, Sweden.","Vegetation History, Human Impact and Palaeogeography of West Estonia: Pollen Analytical Studies of Lake and Bog Sediments (PhD thesis)","Societas Upsaliensis pro geologia quaternaria [Kvartärgeologiska fören], Uppsala, Sweden",NA,NA,NA,NA,NA,NA,NA,NA,NA,NA,NA,NA,NA,NA,NA,NA,NA,NA,"RPDv1b:1675",822,"Veski, S.",1,"Veski","S.",NA,NA,NA,NA,NA,NA,NA,NA,NA,"RPDv1b:1675",822,"RPDv1b",1675,13429,191,1.91,"m",0.01,"Radiocarbon date","bulk sediment, gyttja",2960,85,NA,NA,"Ua-2532",TRUE,NA,"NA Date is in uncalibrated radiocarbon years.","Maardu_lake_POLLENSLIDE","counted","NaN-NaN",NA,NA,"",2960,2875,3045,2960,191,0.01,"NA Date is in uncalibrated radiocarbon years.",". Cal curve: NA. Source DB: RPDv1b","Lacustrine","Carbon-14","Radiocarbon",-37,10805,"Calibrated radiocarbon years BP","sedimentary charcoal","Data Sourcing: RPDv1b","Sample Age Source: RPDv1b"
"822",48,"charcoal | num",186,186.5,187,1,5059,NA,NA,"RPDv1b","Charcoal (sum)","(additional options)",NA,NA,"False","False","number","Microscopic charcoal (pollen slide)","direct",NA,"CHAR",49,NA,NA,"quant_raw",NA,NA,NA,"RPDv1b",1675,"charcoal","count","unspec","pollen_slide","particle","num",NA,"no_size","num","RPDv1b","measured",1,"RPDv1b",NA,"Maardu_lake",59.441667,25,31.3,"north",NA,NA,"sedlac",822,1,1998,"Veski, S., 1998. Vegetation History, Human Impact and Palaeogeography of West Estonia: Pollen Analytical Studies of Lake and Bog Sediments (PhD thesis). Societas Upsaliensis pro geologia quaternaria [Kvartärgeologiska fören], Uppsala, Sweden.","Vegetation History, Human Impact and Palaeogeography of West Estonia: Pollen Analytical Studies of Lake and Bog Sediments (PhD thesis)","Societas Upsaliensis pro geologia quaternaria [Kvartärgeologiska fören], Uppsala, Sweden",NA,NA,NA,NA,NA,NA,NA,NA,NA,NA,NA,NA,NA,NA,NA,NA,NA,NA,"RPDv1b:1675",822,"Veski, S.",1,"Veski","S.",NA,NA,NA,NA,NA,NA,NA,NA,NA,"RPDv1b:1675",822,"RPDv1b",1675,13429,191,1.91,"m",0.01,"Radiocarbon date","bulk sediment, gyttja",2960,85,NA,NA,"Ua-2532",TRUE,NA,"NA Date is in uncalibrated radiocarbon years.","Maardu_lake_POLLENSLIDE","counted","NaN-NaN",NA,NA,"",2960,2875,3045,2960,191,0.01,"NA Date is in uncalibrated radiocarbon years.",". Cal curve: NA. Source DB: RPDv1b","Lacustrine","Carbon-14","Radiocarbon",-37,10805,"Calibrated radiocarbon years BP","sedimentary charcoal","Data Sourcing: RPDv1b","Sample Age Source: RPDv1b"
"822",49,"charcoal | num",189,189.5,190,1,5128,NA,NA,"RPDv1b","Charcoal (sum)","(additional options)",NA,NA,"False","False","number","Microscopic charcoal (pollen slide)","direct",NA,"CHAR",34,NA,NA,"quant_raw",NA,NA,NA,"RPDv1b",1675,"charcoal","count","unspec","pollen_slide","particle","num",NA,"no_size","num","RPDv1b","measured",1,"RPDv1b",NA,"Maardu_lake",59.441667,25,31.3,"north",NA,NA,"sedlac",822,1,1998,"Veski, S., 1998. Vegetation History, Human Impact and Palaeogeography of West Estonia: Pollen Analytical Studies of Lake and Bog Sediments (PhD thesis). Societas Upsaliensis pro geologia quaternaria [Kvartärgeologiska fören], Uppsala, Sweden.","Vegetation History, Human Impact and Palaeogeography of West Estonia: Pollen Analytical Studies of Lake and Bog Sediments (PhD thesis)","Societas Upsaliensis pro geologia quaternaria [Kvartärgeologiska fören], Uppsala, Sweden",NA,NA,NA,NA,NA,NA,NA,NA,NA,NA,NA,NA,NA,NA,NA,NA,NA,NA,"RPDv1b:1675",822,"Veski, S.",1,"Veski","S.",NA,NA,NA,NA,NA,NA,NA,NA,NA,"RPDv1b:1675",822,"RPDv1b",1675,13429,191,1.91,"m",0.01,"Radiocarbon date","bulk sediment, gyttja",2960,85,NA,NA,"Ua-2532",TRUE,NA,"NA Date is in uncalibrated radiocarbon years.","Maardu_lake_POLLENSLIDE","counted","NaN-NaN",NA,NA,"",2960,2875,3045,2960,191,0.01,"NA Date is in uncalibrated radiocarbon years.",". Cal curve: NA. Source DB: RPDv1b","Lacustrine","Carbon-14","Radiocarbon",-37,10805,"Calibrated radiocarbon years BP","sedimentary charcoal","Data Sourcing: RPDv1b","Sample Age Source: RPDv1b"
"822",50,"charcoal | num",196,196.5,197,1,5318,NA,NA,"RPDv1b","Charcoal (sum)","(additional options)",NA,NA,"False","False","number","Microscopic charcoal (pollen slide)","direct",NA,"CHAR",102,NA,NA,"quant_raw",NA,NA,NA,"RPDv1b",1675,"charcoal","count","unspec","pollen_slide","particle","num",NA,"no_size","num","RPDv1b","measured",1,"RPDv1b",NA,"Maardu_lake",59.441667,25,31.3,"north",NA,NA,"sedlac",822,1,1998,"Veski, S., 1998. Vegetation History, Human Impact and Palaeogeography of West Estonia: Pollen Analytical Studies of Lake and Bog Sediments (PhD thesis). Societas Upsaliensis pro geologia quaternaria [Kvartärgeologiska fören], Uppsala, Sweden.","Vegetation History, Human Impact and Palaeogeography of West Estonia: Pollen Analytical Studies of Lake and Bog Sediments (PhD thesis)","Societas Upsaliensis pro geologia quaternaria [Kvartärgeologiska fören], Uppsala, Sweden",NA,NA,NA,NA,NA,NA,NA,NA,NA,NA,NA,NA,NA,NA,NA,NA,NA,NA,"RPDv1b:1675",822,"Veski, S.",1,"Veski","S.",NA,NA,NA,NA,NA,NA,NA,NA,NA,"RPDv1b:1675",822,"RPDv1b",1675,13429,191,1.91,"m",0.01,"Radiocarbon date","bulk sediment, gyttja",2960,85,NA,NA,"Ua-2532",TRUE,NA,"NA Date is in uncalibrated radiocarbon years.","Maardu_lake_POLLENSLIDE","counted","NaN-NaN",NA,NA,"",2960,2875,3045,2960,191,0.01,"NA Date is in uncalibrated radiocarbon years.",". Cal curve: NA. Source DB: RPDv1b","Lacustrine","Carbon-14","Radiocarbon",-37,10805,"Calibrated radiocarbon years BP","sedimentary charcoal","Data Sourcing: RPDv1b","Sample Age Source: RPDv1b"
"822",51,"charcoal | num",199,199.5,200,1,5400,NA,NA,"RPDv1b","Charcoal (sum)","(additional options)",NA,NA,"False","False","number","Microscopic charcoal (pollen slide)","direct",NA,"CHAR",28,NA,NA,"quant_raw",NA,NA,NA,"RPDv1b",1675,"charcoal","count","unspec","pollen_slide","particle","num",NA,"no_size","num","RPDv1b","measured",1,"RPDv1b",NA,"Maardu_lake",59.441667,25,31.3,"north",NA,NA,"sedlac",822,1,1998,"Veski, S., 1998. Vegetation History, Human Impact and Palaeogeography of West Estonia: Pollen Analytical Studies of Lake and Bog Sediments (PhD thesis). Societas Upsaliensis pro geologia quaternaria [Kvartärgeologiska fören], Uppsala, Sweden.","Vegetation History, Human Impact and Palaeogeography of West Estonia: Pollen Analytical Studies of Lake and Bog Sediments (PhD thesis)","Societas Upsaliensis pro geologia quaternaria [Kvartärgeologiska fören], Uppsala, Sweden",NA,NA,NA,NA,NA,NA,NA,NA,NA,NA,NA,NA,NA,NA,NA,NA,NA,NA,"RPDv1b:1675",822,"Veski, S.",1,"Veski","S.",NA,NA,NA,NA,NA,NA,NA,NA,NA,"RPDv1b:1675",822,"RPDv1b",1675,13429,191,1.91,"m",0.01,"Radiocarbon date","bulk sediment, gyttja",2960,85,NA,NA,"Ua-2532",TRUE,NA,"NA Date is in uncalibrated radiocarbon years.","Maardu_lake_POLLENSLIDE","counted","NaN-NaN",NA,NA,"",2960,2875,3045,2960,191,0.01,"NA Date is in uncalibrated radiocarbon years.",". Cal curve: NA. Source DB: RPDv1b","Lacustrine","Carbon-14","Radiocarbon",-37,10805,"Calibrated radiocarbon years BP","sedimentary charcoal","Data Sourcing: RPDv1b","Sample Age Source: RPDv1b"
"822",52,"charcoal | num",205,205.5,206,1,5563,NA,NA,"RPDv1b","Charcoal (sum)","(additional options)",NA,NA,"False","False","number","Microscopic charcoal (pollen slide)","direct",NA,"CHAR",223,NA,NA,"quant_raw",NA,NA,NA,"RPDv1b",1675,"charcoal","count","unspec","pollen_slide","particle","num",NA,"no_size","num","RPDv1b","measured",1,"RPDv1b",NA,"Maardu_lake",59.441667,25,31.3,"north",NA,NA,"sedlac",822,1,1998,"Veski, S., 1998. Vegetation History, Human Impact and Palaeogeography of West Estonia: Pollen Analytical Studies of Lake and Bog Sediments (PhD thesis). Societas Upsaliensis pro geologia quaternaria [Kvartärgeologiska fören], Uppsala, Sweden.","Vegetation History, Human Impact and Palaeogeography of West Estonia: Pollen Analytical Studies of Lake and Bog Sediments (PhD thesis)","Societas Upsaliensis pro geologia quaternaria [Kvartärgeologiska fören], Uppsala, Sweden",NA,NA,NA,NA,NA,NA,NA,NA,NA,NA,NA,NA,NA,NA,NA,NA,NA,NA,"RPDv1b:1675",822,"Veski, S.",1,"Veski","S.",NA,NA,NA,NA,NA,NA,NA,NA,NA,"RPDv1b:1675",822,"RPDv1b",1675,13429,191,1.91,"m",0.01,"Radiocarbon date","bulk sediment, gyttja",2960,85,NA,NA,"Ua-2532",TRUE,NA,"NA Date is in uncalibrated radiocarbon years.","Maardu_lake_POLLENSLIDE","counted","NaN-NaN",NA,NA,"",2960,2875,3045,2960,191,0.01,"NA Date is in uncalibrated radiocarbon years.",". Cal curve: NA. Source DB: RPDv1b","Lacustrine","Carbon-14","Radiocarbon",-37,10805,"Calibrated radiocarbon years BP","sedimentary charcoal","Data Sourcing: RPDv1b","Sample Age Source: RPDv1b"
"822",53,"charcoal | num",209,209.5,210,1,5671,NA,NA,"RPDv1b","Charcoal (sum)","(additional options)",NA,NA,"False","False","number","Microscopic charcoal (pollen slide)","direct",NA,"CHAR",51,NA,NA,"quant_raw",NA,NA,NA,"RPDv1b",1675,"charcoal","count","unspec","pollen_slide","particle","num",NA,"no_size","num","RPDv1b","measured",1,"RPDv1b",NA,"Maardu_lake",59.441667,25,31.3,"north",NA,NA,"sedlac",822,1,1998,"Veski, S., 1998. Vegetation History, Human Impact and Palaeogeography of West Estonia: Pollen Analytical Studies of Lake and Bog Sediments (PhD thesis). Societas Upsaliensis pro geologia quaternaria [Kvartärgeologiska fören], Uppsala, Sweden.","Vegetation History, Human Impact and Palaeogeography of West Estonia: Pollen Analytical Studies of Lake and Bog Sediments (PhD thesis)","Societas Upsaliensis pro geologia quaternaria [Kvartärgeologiska fören], Uppsala, Sweden",NA,NA,NA,NA,NA,NA,NA,NA,NA,NA,NA,NA,NA,NA,NA,NA,NA,NA,"RPDv1b:1675",822,"Veski, S.",1,"Veski","S.",NA,NA,NA,NA,NA,NA,NA,NA,NA,"RPDv1b:1675",822,"RPDv1b",1675,13429,191,1.91,"m",0.01,"Radiocarbon date","bulk sediment, gyttja",2960,85,NA,NA,"Ua-2532",TRUE,NA,"NA Date is in uncalibrated radiocarbon years.","Maardu_lake_POLLENSLIDE","counted","NaN-NaN",NA,NA,"",2960,2875,3045,2960,191,0.01,"NA Date is in uncalibrated radiocarbon years.",". Cal curve: NA. Source DB: RPDv1b","Lacustrine","Carbon-14","Radiocarbon",-37,10805,"Calibrated radiocarbon years BP","sedimentary charcoal","Data Sourcing: RPDv1b","Sample Age Source: RPDv1b"
"822",54,"charcoal | num",215,215.5,216,1,5834,NA,NA,"RPDv1b","Charcoal (sum)","(additional options)",NA,NA,"False","False","number","Microscopic charcoal (pollen slide)","direct",NA,"CHAR",147,NA,NA,"quant_raw",NA,NA,NA,"RPDv1b",1675,"charcoal","count","unspec","pollen_slide","particle","num",NA,"no_size","num","RPDv1b","measured",1,"RPDv1b",NA,"Maardu_lake",59.441667,25,31.3,"north",NA,NA,"sedlac",822,1,1998,"Veski, S., 1998. Vegetation History, Human Impact and Palaeogeography of West Estonia: Pollen Analytical Studies of Lake and Bog Sediments (PhD thesis). Societas Upsaliensis pro geologia quaternaria [Kvartärgeologiska fören], Uppsala, Sweden.","Vegetation History, Human Impact and Palaeogeography of West Estonia: Pollen Analytical Studies of Lake and Bog Sediments (PhD thesis)","Societas Upsaliensis pro geologia quaternaria [Kvartärgeologiska fören], Uppsala, Sweden",NA,NA,NA,NA,NA,NA,NA,NA,NA,NA,NA,NA,NA,NA,NA,NA,NA,NA,"RPDv1b:1675",822,"Veski, S.",1,"Veski","S.",NA,NA,NA,NA,NA,NA,NA,NA,NA,"RPDv1b:1675",822,"RPDv1b",1675,13429,191,1.91,"m",0.01,"Radiocarbon date","bulk sediment, gyttja",2960,85,NA,NA,"Ua-2532",TRUE,NA,"NA Date is in uncalibrated radiocarbon years.","Maardu_lake_POLLENSLIDE","counted","NaN-NaN",NA,NA,"",2960,2875,3045,2960,191,0.01,"NA Date is in uncalibrated radiocarbon years.",". Cal curve: NA. Source DB: RPDv1b","Lacustrine","Carbon-14","Radiocarbon",-37,10805,"Calibrated radiocarbon years BP","sedimentary charcoal","Data Sourcing: RPDv1b","Sample Age Source: RPDv1b"
"822",55,"charcoal | num",219,219.5,220,1,5943,NA,NA,"RPDv1b","Charcoal (sum)","(additional options)",NA,NA,"False","False","number","Microscopic charcoal (pollen slide)","direct",NA,"CHAR",27,NA,NA,"quant_raw",NA,NA,NA,"RPDv1b",1675,"charcoal","count","unspec","pollen_slide","particle","num",NA,"no_size","num","RPDv1b","measured",1,"RPDv1b",NA,"Maardu_lake",59.441667,25,31.3,"north",NA,NA,"sedlac",822,1,1998,"Veski, S., 1998. Vegetation History, Human Impact and Palaeogeography of West Estonia: Pollen Analytical Studies of Lake and Bog Sediments (PhD thesis). Societas Upsaliensis pro geologia quaternaria [Kvartärgeologiska fören], Uppsala, Sweden.","Vegetation History, Human Impact and Palaeogeography of West Estonia: Pollen Analytical Studies of Lake and Bog Sediments (PhD thesis)","Societas Upsaliensis pro geologia quaternaria [Kvartärgeologiska fören], Uppsala, Sweden",NA,NA,NA,NA,NA,NA,NA,NA,NA,NA,NA,NA,NA,NA,NA,NA,NA,NA,"RPDv1b:1675",822,"Veski, S.",1,"Veski","S.",NA,NA,NA,NA,NA,NA,NA,NA,NA,"RPDv1b:1675",822,"RPDv1b",1675,13430,280,2.8,"m",0.01,"Radiocarbon date","bulk sediment, gyttja",4365,75,NA,NA,"Ua-2534",TRUE,NA,"NA Date is in uncalibrated radiocarbon years.","Maardu_lake_POLLENSLIDE","counted","NaN-NaN",NA,NA,"",4365,4290,4440,4365,280,0.01,"NA Date is in uncalibrated radiocarbon years.",". Cal curve: NA. Source DB: RPDv1b","Lacustrine","Carbon-14","Radiocarbon",-37,10805,"Calibrated radiocarbon years BP","sedimentary charcoal","Data Sourcing: RPDv1b","Sample Age Source: RPDv1b"
"822",56,"charcoal | num",225,225.5,226,1,6106,NA,NA,"RPDv1b","Charcoal (sum)","(additional options)",NA,NA,"False","False","number","Microscopic charcoal (pollen slide)","direct",NA,"CHAR",175,NA,NA,"quant_raw",NA,NA,NA,"RPDv1b",1675,"charcoal","count","unspec","pollen_slide","particle","num",NA,"no_size","num","RPDv1b","measured",1,"RPDv1b",NA,"Maardu_lake",59.441667,25,31.3,"north",NA,NA,"sedlac",822,1,1998,"Veski, S., 1998. Vegetation History, Human Impact and Palaeogeography of West Estonia: Pollen Analytical Studies of Lake and Bog Sediments (PhD thesis). Societas Upsaliensis pro geologia quaternaria [Kvartärgeologiska fören], Uppsala, Sweden.","Vegetation History, Human Impact and Palaeogeography of West Estonia: Pollen Analytical Studies of Lake and Bog Sediments (PhD thesis)","Societas Upsaliensis pro geologia quaternaria [Kvartärgeologiska fören], Uppsala, Sweden",NA,NA,NA,NA,NA,NA,NA,NA,NA,NA,NA,NA,NA,NA,NA,NA,NA,NA,"RPDv1b:1675",822,"Veski, S.",1,"Veski","S.",NA,NA,NA,NA,NA,NA,NA,NA,NA,"RPDv1b:1675",822,"RPDv1b",1675,13430,280,2.8,"m",0.01,"Radiocarbon date","bulk sediment, gyttja",4365,75,NA,NA,"Ua-2534",TRUE,NA,"NA Date is in uncalibrated radiocarbon years.","Maardu_lake_POLLENSLIDE","counted","NaN-NaN",NA,NA,"",4365,4290,4440,4365,280,0.01,"NA Date is in uncalibrated radiocarbon years.",". Cal curve: NA. Source DB: RPDv1b","Lacustrine","Carbon-14","Radiocarbon",-37,10805,"Calibrated radiocarbon years BP","sedimentary charcoal","Data Sourcing: RPDv1b","Sample Age Source: RPDv1b"
"822",57,"charcoal | num",229,229.5,230,1,6215,NA,NA,"RPDv1b","Charcoal (sum)","(additional options)",NA,NA,"False","False","number","Microscopic charcoal (pollen slide)","direct",NA,"CHAR",58,NA,NA,"quant_raw",NA,NA,NA,"RPDv1b",1675,"charcoal","count","unspec","pollen_slide","particle","num",NA,"no_size","num","RPDv1b","measured",1,"RPDv1b",NA,"Maardu_lake",59.441667,25,31.3,"north",NA,NA,"sedlac",822,1,1998,"Veski, S., 1998. Vegetation History, Human Impact and Palaeogeography of West Estonia: Pollen Analytical Studies of Lake and Bog Sediments (PhD thesis). Societas Upsaliensis pro geologia quaternaria [Kvartärgeologiska fören], Uppsala, Sweden.","Vegetation History, Human Impact and Palaeogeography of West Estonia: Pollen Analytical Studies of Lake and Bog Sediments (PhD thesis)","Societas Upsaliensis pro geologia quaternaria [Kvartärgeologiska fören], Uppsala, Sweden",NA,NA,NA,NA,NA,NA,NA,NA,NA,NA,NA,NA,NA,NA,NA,NA,NA,NA,"RPDv1b:1675",822,"Veski, S.",1,"Veski","S.",NA,NA,NA,NA,NA,NA,NA,NA,NA,"RPDv1b:1675",822,"RPDv1b",1675,13430,280,2.8,"m",0.01,"Radiocarbon date","bulk sediment, gyttja",4365,75,NA,NA,"Ua-2534",TRUE,NA,"NA Date is in uncalibrated radiocarbon years.","Maardu_lake_POLLENSLIDE","counted","NaN-NaN",NA,NA,"",4365,4290,4440,4365,280,0.01,"NA Date is in uncalibrated radiocarbon years.",". Cal curve: NA. Source DB: RPDv1b","Lacustrine","Carbon-14","Radiocarbon",-37,10805,"Calibrated radiocarbon years BP","sedimentary charcoal","Data Sourcing: RPDv1b","Sample Age Source: RPDv1b"
"822",58,"charcoal | num",234,234.5,235,1,6350,NA,NA,"RPDv1b","Charcoal (sum)","(additional options)",NA,NA,"False","False","number","Microscopic charcoal (pollen slide)","direct",NA,"CHAR",156,NA,NA,"quant_raw",NA,NA,NA,"RPDv1b",1675,"charcoal","count","unspec","pollen_slide","particle","num",NA,"no_size","num","RPDv1b","measured",1,"RPDv1b",NA,"Maardu_lake",59.441667,25,31.3,"north",NA,NA,"sedlac",822,1,1998,"Veski, S., 1998. Vegetation History, Human Impact and Palaeogeography of West Estonia: Pollen Analytical Studies of Lake and Bog Sediments (PhD thesis). Societas Upsaliensis pro geologia quaternaria [Kvartärgeologiska fören], Uppsala, Sweden.","Vegetation History, Human Impact and Palaeogeography of West Estonia: Pollen Analytical Studies of Lake and Bog Sediments (PhD thesis)","Societas Upsaliensis pro geologia quaternaria [Kvartärgeologiska fören], Uppsala, Sweden",NA,NA,NA,NA,NA,NA,NA,NA,NA,NA,NA,NA,NA,NA,NA,NA,NA,NA,"RPDv1b:1675",822,"Veski, S.",1,"Veski","S.",NA,NA,NA,NA,NA,NA,NA,NA,NA,"RPDv1b:1675",822,"RPDv1b",1675,13430,280,2.8,"m",0.01,"Radiocarbon date","bulk sediment, gyttja",4365,75,NA,NA,"Ua-2534",TRUE,NA,"NA Date is in uncalibrated radiocarbon years.","Maardu_lake_POLLENSLIDE","counted","NaN-NaN",NA,NA,"",4365,4290,4440,4365,280,0.01,"NA Date is in uncalibrated radiocarbon years.",". Cal curve: NA. Source DB: RPDv1b","Lacustrine","Carbon-14","Radiocarbon",-37,10805,"Calibrated radiocarbon years BP","sedimentary charcoal","Data Sourcing: RPDv1b","Sample Age Source: RPDv1b"
"822",59,"charcoal | num",239,239.5,240,1,6486,NA,NA,"RPDv1b","Charcoal (sum)","(additional options)",NA,NA,"False","False","number","Microscopic charcoal (pollen slide)","direct",NA,"CHAR",49,NA,NA,"quant_raw",NA,NA,NA,"RPDv1b",1675,"charcoal","count","unspec","pollen_slide","particle","num",NA,"no_size","num","RPDv1b","measured",1,"RPDv1b",NA,"Maardu_lake",59.441667,25,31.3,"north",NA,NA,"sedlac",822,1,1998,"Veski, S., 1998. Vegetation History, Human Impact and Palaeogeography of West Estonia: Pollen Analytical Studies of Lake and Bog Sediments (PhD thesis). Societas Upsaliensis pro geologia quaternaria [Kvartärgeologiska fören], Uppsala, Sweden.","Vegetation History, Human Impact and Palaeogeography of West Estonia: Pollen Analytical Studies of Lake and Bog Sediments (PhD thesis)","Societas Upsaliensis pro geologia quaternaria [Kvartärgeologiska fören], Uppsala, Sweden",NA,NA,NA,NA,NA,NA,NA,NA,NA,NA,NA,NA,NA,NA,NA,NA,NA,NA,"RPDv1b:1675",822,"Veski, S.",1,"Veski","S.",NA,NA,NA,NA,NA,NA,NA,NA,NA,"RPDv1b:1675",822,"RPDv1b",1675,13430,280,2.8,"m",0.01,"Radiocarbon date","bulk sediment, gyttja",4365,75,NA,NA,"Ua-2534",TRUE,NA,"NA Date is in uncalibrated radiocarbon years.","Maardu_lake_POLLENSLIDE","counted","NaN-NaN",NA,NA,"",4365,4290,4440,4365,280,0.01,"NA Date is in uncalibrated radiocarbon years.",". Cal curve: NA. Source DB: RPDv1b","Lacustrine","Carbon-14","Radiocarbon",-37,10805,"Calibrated radiocarbon years BP","sedimentary charcoal","Data Sourcing: RPDv1b","Sample Age Source: RPDv1b"
"822",60,"charcoal | num",244,244.5,245,1,6622,NA,NA,"RPDv1b","Charcoal (sum)","(additional options)",NA,NA,"False","False","number","Microscopic charcoal (pollen slide)","direct",NA,"CHAR",42,NA,NA,"quant_raw",NA,NA,NA,"RPDv1b",1675,"charcoal","count","unspec","pollen_slide","particle","num",NA,"no_size","num","RPDv1b","measured",1,"RPDv1b",NA,"Maardu_lake",59.441667,25,31.3,"north",NA,NA,"sedlac",822,1,1998,"Veski, S., 1998. Vegetation History, Human Impact and Palaeogeography of West Estonia: Pollen Analytical Studies of Lake and Bog Sediments (PhD thesis). Societas Upsaliensis pro geologia quaternaria [Kvartärgeologiska fören], Uppsala, Sweden.","Vegetation History, Human Impact and Palaeogeography of West Estonia: Pollen Analytical Studies of Lake and Bog Sediments (PhD thesis)","Societas Upsaliensis pro geologia quaternaria [Kvartärgeologiska fören], Uppsala, Sweden",NA,NA,NA,NA,NA,NA,NA,NA,NA,NA,NA,NA,NA,NA,NA,NA,NA,NA,"RPDv1b:1675",822,"Veski, S.",1,"Veski","S.",NA,NA,NA,NA,NA,NA,NA,NA,NA,"RPDv1b:1675",822,"RPDv1b",1675,13430,280,2.8,"m",0.01,"Radiocarbon date","bulk sediment, gyttja",4365,75,NA,NA,"Ua-2534",TRUE,NA,"NA Date is in uncalibrated radiocarbon years.","Maardu_lake_POLLENSLIDE","counted","NaN-NaN",NA,NA,"",4365,4290,4440,4365,280,0.01,"NA Date is in uncalibrated radiocarbon years.",". Cal curve: NA. Source DB: RPDv1b","Lacustrine","Carbon-14","Radiocarbon",-37,10805,"Calibrated radiocarbon years BP","sedimentary charcoal","Data Sourcing: RPDv1b","Sample Age Source: RPDv1b"
"822",61,"charcoal | num",249,249.5,250,1,6758,NA,NA,"RPDv1b","Charcoal (sum)","(additional options)",NA,NA,"False","False","number","Microscopic charcoal (pollen slide)","direct",NA,"CHAR",24,NA,NA,"quant_raw",NA,NA,NA,"RPDv1b",1675,"charcoal","count","unspec","pollen_slide","particle","num",NA,"no_size","num","RPDv1b","measured",1,"RPDv1b",NA,"Maardu_lake",59.441667,25,31.3,"north",NA,NA,"sedlac",822,1,1998,"Veski, S., 1998. Vegetation History, Human Impact and Palaeogeography of West Estonia: Pollen Analytical Studies of Lake and Bog Sediments (PhD thesis). Societas Upsaliensis pro geologia quaternaria [Kvartärgeologiska fören], Uppsala, Sweden.","Vegetation History, Human Impact and Palaeogeography of West Estonia: Pollen Analytical Studies of Lake and Bog Sediments (PhD thesis)","Societas Upsaliensis pro geologia quaternaria [Kvartärgeologiska fören], Uppsala, Sweden",NA,NA,NA,NA,NA,NA,NA,NA,NA,NA,NA,NA,NA,NA,NA,NA,NA,NA,"RPDv1b:1675",822,"Veski, S.",1,"Veski","S.",NA,NA,NA,NA,NA,NA,NA,NA,NA,"RPDv1b:1675",822,"RPDv1b",1675,13430,280,2.8,"m",0.01,"Radiocarbon date","bulk sediment, gyttja",4365,75,NA,NA,"Ua-2534",TRUE,NA,"NA Date is in uncalibrated radiocarbon years.","Maardu_lake_POLLENSLIDE","counted","NaN-NaN",NA,NA,"",4365,4290,4440,4365,280,0.01,"NA Date is in uncalibrated radiocarbon years.",". Cal curve: NA. Source DB: RPDv1b","Lacustrine","Carbon-14","Radiocarbon",-37,10805,"Calibrated radiocarbon years BP","sedimentary charcoal","Data Sourcing: RPDv1b","Sample Age Source: RPDv1b"
"822",62,"charcoal | num",259,259.5,260,1,7029,NA,NA,"RPDv1b","Charcoal (sum)","(additional options)",NA,NA,"False","False","number","Microscopic charcoal (pollen slide)","direct",NA,"CHAR",18,NA,NA,"quant_raw",NA,NA,NA,"RPDv1b",1675,"charcoal","count","unspec","pollen_slide","particle","num",NA,"no_size","num","RPDv1b","measured",1,"RPDv1b",NA,"Maardu_lake",59.441667,25,31.3,"north",NA,NA,"sedlac",822,1,1998,"Veski, S., 1998. Vegetation History, Human Impact and Palaeogeography of West Estonia: Pollen Analytical Studies of Lake and Bog Sediments (PhD thesis). Societas Upsaliensis pro geologia quaternaria [Kvartärgeologiska fören], Uppsala, Sweden.","Vegetation History, Human Impact and Palaeogeography of West Estonia: Pollen Analytical Studies of Lake and Bog Sediments (PhD thesis)","Societas Upsaliensis pro geologia quaternaria [Kvartärgeologiska fören], Uppsala, Sweden",NA,NA,NA,NA,NA,NA,NA,NA,NA,NA,NA,NA,NA,NA,NA,NA,NA,NA,"RPDv1b:1675",822,"Veski, S.",1,"Veski","S.",NA,NA,NA,NA,NA,NA,NA,NA,NA,"RPDv1b:1675",822,"RPDv1b",1675,13430,280,2.8,"m",0.01,"Radiocarbon date","bulk sediment, gyttja",4365,75,NA,NA,"Ua-2534",TRUE,NA,"NA Date is in uncalibrated radiocarbon years.","Maardu_lake_POLLENSLIDE","counted","NaN-NaN",NA,NA,"",4365,4290,4440,4365,280,0.01,"NA Date is in uncalibrated radiocarbon years.",". Cal curve: NA. Source DB: RPDv1b","Lacustrine","Carbon-14","Radiocarbon",-37,10805,"Calibrated radiocarbon years BP","sedimentary charcoal","Data Sourcing: RPDv1b","Sample Age Source: RPDv1b"
"822",63,"charcoal | num",269,269.5,270,1,7301,NA,NA,"RPDv1b","Charcoal (sum)","(additional options)",NA,NA,"False","False","number","Microscopic charcoal (pollen slide)","direct",NA,"CHAR",52,NA,NA,"quant_raw",NA,NA,NA,"RPDv1b",1675,"charcoal","count","unspec","pollen_slide","particle","num",NA,"no_size","num","RPDv1b","measured",1,"RPDv1b",NA,"Maardu_lake",59.441667,25,31.3,"north",NA,NA,"sedlac",822,1,1998,"Veski, S., 1998. Vegetation History, Human Impact and Palaeogeography of West Estonia: Pollen Analytical Studies of Lake and Bog Sediments (PhD thesis). Societas Upsaliensis pro geologia quaternaria [Kvartärgeologiska fören], Uppsala, Sweden.","Vegetation History, Human Impact and Palaeogeography of West Estonia: Pollen Analytical Studies of Lake and Bog Sediments (PhD thesis)","Societas Upsaliensis pro geologia quaternaria [Kvartärgeologiska fören], Uppsala, Sweden",NA,NA,NA,NA,NA,NA,NA,NA,NA,NA,NA,NA,NA,NA,NA,NA,NA,NA,"RPDv1b:1675",822,"Veski, S.",1,"Veski","S.",NA,NA,NA,NA,NA,NA,NA,NA,NA,"RPDv1b:1675",822,"RPDv1b",1675,13430,280,2.8,"m",0.01,"Radiocarbon date","bulk sediment, gyttja",4365,75,NA,NA,"Ua-2534",TRUE,NA,"NA Date is in uncalibrated radiocarbon years.","Maardu_lake_POLLENSLIDE","counted","NaN-NaN",NA,NA,"",4365,4290,4440,4365,280,0.01,"NA Date is in uncalibrated radiocarbon years.",". Cal curve: NA. Source DB: RPDv1b","Lacustrine","Carbon-14","Radiocarbon",-37,10805,"Calibrated radiocarbon years BP","sedimentary charcoal","Data Sourcing: RPDv1b","Sample Age Source: RPDv1b"
"822",64,"charcoal | num",279,279.5,280,1,7573,NA,NA,"RPDv1b","Charcoal (sum)","(additional options)",NA,NA,"False","False","number","Microscopic charcoal (pollen slide)","direct",NA,"CHAR",41,NA,NA,"quant_raw",NA,NA,NA,"RPDv1b",1675,"charcoal","count","unspec","pollen_slide","particle","num",NA,"no_size","num","RPDv1b","measured",1,"RPDv1b",NA,"Maardu_lake",59.441667,25,31.3,"north",NA,NA,"sedlac",822,1,1998,"Veski, S., 1998. Vegetation History, Human Impact and Palaeogeography of West Estonia: Pollen Analytical Studies of Lake and Bog Sediments (PhD thesis). Societas Upsaliensis pro geologia quaternaria [Kvartärgeologiska fören], Uppsala, Sweden.","Vegetation History, Human Impact and Palaeogeography of West Estonia: Pollen Analytical Studies of Lake and Bog Sediments (PhD thesis)","Societas Upsaliensis pro geologia quaternaria [Kvartärgeologiska fören], Uppsala, Sweden",NA,NA,NA,NA,NA,NA,NA,NA,NA,NA,NA,NA,NA,NA,NA,NA,NA,NA,"RPDv1b:1675",822,"Veski, S.",1,"Veski","S.",NA,NA,NA,NA,NA,NA,NA,NA,NA,"RPDv1b:1675",822,"RPDv1b",1675,13430,280,2.8,"m",0.01,"Radiocarbon date","bulk sediment, gyttja",4365,75,NA,NA,"Ua-2534",TRUE,NA,"NA Date is in uncalibrated radiocarbon years.","Maardu_lake_POLLENSLIDE","counted","NaN-NaN",NA,NA,"",4365,4290,4440,4365,280,0.01,"NA Date is in uncalibrated radiocarbon years.",". Cal curve: NA. Source DB: RPDv1b","Lacustrine","Carbon-14","Radiocarbon",-37,10805,"Calibrated radiocarbon years BP","sedimentary charcoal","Data Sourcing: RPDv1b","Sample Age Source: RPDv1b"
"822",65,"charcoal | num",289,289.5,290,1,7844,NA,NA,"RPDv1b","Charcoal (sum)","(additional options)",NA,NA,"False","False","number","Microscopic charcoal (pollen slide)","direct",NA,"CHAR",22,NA,NA,"quant_raw",NA,NA,NA,"RPDv1b",1675,"charcoal","count","unspec","pollen_slide","particle","num",NA,"no_size","num","RPDv1b","measured",1,"RPDv1b",NA,"Maardu_lake",59.441667,25,31.3,"north",NA,NA,"sedlac",822,1,1998,"Veski, S., 1998. Vegetation History, Human Impact and Palaeogeography of West Estonia: Pollen Analytical Studies of Lake and Bog Sediments (PhD thesis). Societas Upsaliensis pro geologia quaternaria [Kvartärgeologiska fören], Uppsala, Sweden.","Vegetation History, Human Impact and Palaeogeography of West Estonia: Pollen Analytical Studies of Lake and Bog Sediments (PhD thesis)","Societas Upsaliensis pro geologia quaternaria [Kvartärgeologiska fören], Uppsala, Sweden",NA,NA,NA,NA,NA,NA,NA,NA,NA,NA,NA,NA,NA,NA,NA,NA,NA,NA,"RPDv1b:1675",822,"Veski, S.",1,"Veski","S.",NA,NA,NA,NA,NA,NA,NA,NA,NA,"RPDv1b:1675",822,"RPDv1b",1675,13430,280,2.8,"m",0.01,"Radiocarbon date","bulk sediment, gyttja",4365,75,NA,NA,"Ua-2534",TRUE,NA,"NA Date is in uncalibrated radiocarbon years.","Maardu_lake_POLLENSLIDE","counted","NaN-NaN",NA,NA,"",4365,4290,4440,4365,280,0.01,"NA Date is in uncalibrated radiocarbon years.",". Cal curve: NA. Source DB: RPDv1b","Lacustrine","Carbon-14","Radiocarbon",-37,10805,"Calibrated radiocarbon years BP","sedimentary charcoal","Data Sourcing: RPDv1b","Sample Age Source: RPDv1b"
"822",66,"charcoal | num",299,299.5,300,1,8116,NA,NA,"RPDv1b","Charcoal (sum)","(additional options)",NA,NA,"False","False","number","Microscopic charcoal (pollen slide)","direct",NA,"CHAR",13,NA,NA,"quant_raw",NA,NA,NA,"RPDv1b",1675,"charcoal","count","unspec","pollen_slide","particle","num",NA,"no_size","num","RPDv1b","measured",1,"RPDv1b",NA,"Maardu_lake",59.441667,25,31.3,"north",NA,NA,"sedlac",822,1,1998,"Veski, S., 1998. Vegetation History, Human Impact and Palaeogeography of West Estonia: Pollen Analytical Studies of Lake and Bog Sediments (PhD thesis). Societas Upsaliensis pro geologia quaternaria [Kvartärgeologiska fören], Uppsala, Sweden.","Vegetation History, Human Impact and Palaeogeography of West Estonia: Pollen Analytical Studies of Lake and Bog Sediments (PhD thesis)","Societas Upsaliensis pro geologia quaternaria [Kvartärgeologiska fören], Uppsala, Sweden",NA,NA,NA,NA,NA,NA,NA,NA,NA,NA,NA,NA,NA,NA,NA,NA,NA,NA,"RPDv1b:1675",822,"Veski, S.",1,"Veski","S.",NA,NA,NA,NA,NA,NA,NA,NA,NA,"RPDv1b:1675",822,"RPDv1b",1675,13431,435,4.35,"m",0.01,"Radiocarbon date","pollen",7650,80,NA,NA,"Ua-13042",TRUE,NA,"NA Date is in uncalibrated radiocarbon years.","Maardu_lake_POLLENSLIDE","counted","NaN-NaN",NA,NA,"",7650,7570,7730,7650,435,0.01,"NA Date is in uncalibrated radiocarbon years.",". Cal curve: NA. Source DB: RPDv1b","Lacustrine","Carbon-14","Radiocarbon",-37,10805,"Calibrated radiocarbon years BP","sedimentary charcoal","Data Sourcing: RPDv1b","Sample Age Source: RPDv1b"
"822",67,"charcoal | num",309,309.5,310,1,8188,NA,NA,"RPDv1b","Charcoal (sum)","(additional options)",NA,NA,"False","False","number","Microscopic charcoal (pollen slide)","direct",NA,"CHAR",45,NA,NA,"quant_raw",NA,NA,NA,"RPDv1b",1675,"charcoal","count","unspec","pollen_slide","particle","num",NA,"no_size","num","RPDv1b","measured",1,"RPDv1b",NA,"Maardu_lake",59.441667,25,31.3,"north",NA,NA,"sedlac",822,1,1998,"Veski, S., 1998. Vegetation History, Human Impact and Palaeogeography of West Estonia: Pollen Analytical Studies of Lake and Bog Sediments (PhD thesis). Societas Upsaliensis pro geologia quaternaria [Kvartärgeologiska fören], Uppsala, Sweden.","Vegetation History, Human Impact and Palaeogeography of West Estonia: Pollen Analytical Studies of Lake and Bog Sediments (PhD thesis)","Societas Upsaliensis pro geologia quaternaria [Kvartärgeologiska fören], Uppsala, Sweden",NA,NA,NA,NA,NA,NA,NA,NA,NA,NA,NA,NA,NA,NA,NA,NA,NA,NA,"RPDv1b:1675",822,"Veski, S.",1,"Veski","S.",NA,NA,NA,NA,NA,NA,NA,NA,NA,"RPDv1b:1675",822,"RPDv1b",1675,13431,435,4.35,"m",0.01,"Radiocarbon date","pollen",7650,80,NA,NA,"Ua-13042",TRUE,NA,"NA Date is in uncalibrated radiocarbon years.","Maardu_lake_POLLENSLIDE","counted","NaN-NaN",NA,NA,"",7650,7570,7730,7650,435,0.01,"NA Date is in uncalibrated radiocarbon years.",". Cal curve: NA. Source DB: RPDv1b","Lacustrine","Carbon-14","Radiocarbon",-37,10805,"Calibrated radiocarbon years BP","sedimentary charcoal","Data Sourcing: RPDv1b","Sample Age Source: RPDv1b"
"822",68,"charcoal | num",319,319.5,320,1,8261,NA,NA,"RPDv1b","Charcoal (sum)","(additional options)",NA,NA,"False","False","number","Microscopic charcoal (pollen slide)","direct",NA,"CHAR",18,NA,NA,"quant_raw",NA,NA,NA,"RPDv1b",1675,"charcoal","count","unspec","pollen_slide","particle","num",NA,"no_size","num","RPDv1b","measured",1,"RPDv1b",NA,"Maardu_lake",59.441667,25,31.3,"north",NA,NA,"sedlac",822,1,1998,"Veski, S., 1998. Vegetation History, Human Impact and Palaeogeography of West Estonia: Pollen Analytical Studies of Lake and Bog Sediments (PhD thesis). Societas Upsaliensis pro geologia quaternaria [Kvartärgeologiska fören], Uppsala, Sweden.","Vegetation History, Human Impact and Palaeogeography of West Estonia: Pollen Analytical Studies of Lake and Bog Sediments (PhD thesis)","Societas Upsaliensis pro geologia quaternaria [Kvartärgeologiska fören], Uppsala, Sweden",NA,NA,NA,NA,NA,NA,NA,NA,NA,NA,NA,NA,NA,NA,NA,NA,NA,NA,"RPDv1b:1675",822,"Veski, S.",1,"Veski","S.",NA,NA,NA,NA,NA,NA,NA,NA,NA,"RPDv1b:1675",822,"RPDv1b",1675,13431,435,4.35,"m",0.01,"Radiocarbon date","pollen",7650,80,NA,NA,"Ua-13042",TRUE,NA,"NA Date is in uncalibrated radiocarbon years.","Maardu_lake_POLLENSLIDE","counted","NaN-NaN",NA,NA,"",7650,7570,7730,7650,435,0.01,"NA Date is in uncalibrated radiocarbon years.",". Cal curve: NA. Source DB: RPDv1b","Lacustrine","Carbon-14","Radiocarbon",-37,10805,"Calibrated radiocarbon years BP","sedimentary charcoal","Data Sourcing: RPDv1b","Sample Age Source: RPDv1b"
"822",69,"charcoal | num",329,329.5,330,1,8333,NA,NA,"RPDv1b","Charcoal (sum)","(additional options)",NA,NA,"False","False","number","Microscopic charcoal (pollen slide)","direct",NA,"CHAR",44,NA,NA,"quant_raw",NA,NA,NA,"RPDv1b",1675,"charcoal","count","unspec","pollen_slide","particle","num",NA,"no_size","num","RPDv1b","measured",1,"RPDv1b",NA,"Maardu_lake",59.441667,25,31.3,"north",NA,NA,"sedlac",822,1,1998,"Veski, S., 1998. Vegetation History, Human Impact and Palaeogeography of West Estonia: Pollen Analytical Studies of Lake and Bog Sediments (PhD thesis). Societas Upsaliensis pro geologia quaternaria [Kvartärgeologiska fören], Uppsala, Sweden.","Vegetation History, Human Impact and Palaeogeography of West Estonia: Pollen Analytical Studies of Lake and Bog Sediments (PhD thesis)","Societas Upsaliensis pro geologia quaternaria [Kvartärgeologiska fören], Uppsala, Sweden",NA,NA,NA,NA,NA,NA,NA,NA,NA,NA,NA,NA,NA,NA,NA,NA,NA,NA,"RPDv1b:1675",822,"Veski, S.",1,"Veski","S.",NA,NA,NA,NA,NA,NA,NA,NA,NA,"RPDv1b:1675",822,"RPDv1b",1675,13431,435,4.35,"m",0.01,"Radiocarbon date","pollen",7650,80,NA,NA,"Ua-13042",TRUE,NA,"NA Date is in uncalibrated radiocarbon years.","Maardu_lake_POLLENSLIDE","counted","NaN-NaN",NA,NA,"",7650,7570,7730,7650,435,0.01,"NA Date is in uncalibrated radiocarbon years.",". Cal curve: NA. Source DB: RPDv1b","Lacustrine","Carbon-14","Radiocarbon",-37,10805,"Calibrated radiocarbon years BP","sedimentary charcoal","Data Sourcing: RPDv1b","Sample Age Source: RPDv1b"
"822",70,"charcoal | num",340,340.5,341,1,8413,NA,NA,"RPDv1b","Charcoal (sum)","(additional options)",NA,NA,"False","False","number","Microscopic charcoal (pollen slide)","direct",NA,"CHAR",64,NA,NA,"quant_raw",NA,NA,NA,"RPDv1b",1675,"charcoal","count","unspec","pollen_slide","particle","num",NA,"no_size","num","RPDv1b","measured",1,"RPDv1b",NA,"Maardu_lake",59.441667,25,31.3,"north",NA,NA,"sedlac",822,1,1998,"Veski, S., 1998. Vegetation History, Human Impact and Palaeogeography of West Estonia: Pollen Analytical Studies of Lake and Bog Sediments (PhD thesis). Societas Upsaliensis pro geologia quaternaria [Kvartärgeologiska fören], Uppsala, Sweden.","Vegetation History, Human Impact and Palaeogeography of West Estonia: Pollen Analytical Studies of Lake and Bog Sediments (PhD thesis)","Societas Upsaliensis pro geologia quaternaria [Kvartärgeologiska fören], Uppsala, Sweden",NA,NA,NA,NA,NA,NA,NA,NA,NA,NA,NA,NA,NA,NA,NA,NA,NA,NA,"RPDv1b:1675",822,"Veski, S.",1,"Veski","S.",NA,NA,NA,NA,NA,NA,NA,NA,NA,"RPDv1b:1675",822,"RPDv1b",1675,13431,435,4.35,"m",0.01,"Radiocarbon date","pollen",7650,80,NA,NA,"Ua-13042",TRUE,NA,"NA Date is in uncalibrated radiocarbon years.","Maardu_lake_POLLENSLIDE","counted","NaN-NaN",NA,NA,"",7650,7570,7730,7650,435,0.01,"NA Date is in uncalibrated radiocarbon years.",". Cal curve: NA. Source DB: RPDv1b","Lacustrine","Carbon-14","Radiocarbon",-37,10805,"Calibrated radiocarbon years BP","sedimentary charcoal","Data Sourcing: RPDv1b","Sample Age Source: RPDv1b"
"822",71,"charcoal | num",349,349.5,350,1,8477,NA,NA,"RPDv1b","Charcoal (sum)","(additional options)",NA,NA,"False","False","number","Microscopic charcoal (pollen slide)","direct",NA,"CHAR",28,NA,NA,"quant_raw",NA,NA,NA,"RPDv1b",1675,"charcoal","count","unspec","pollen_slide","particle","num",NA,"no_size","num","RPDv1b","measured",1,"RPDv1b",NA,"Maardu_lake",59.441667,25,31.3,"north",NA,NA,"sedlac",822,1,1998,"Veski, S., 1998. Vegetation History, Human Impact and Palaeogeography of West Estonia: Pollen Analytical Studies of Lake and Bog Sediments (PhD thesis). Societas Upsaliensis pro geologia quaternaria [Kvartärgeologiska fören], Uppsala, Sweden.","Vegetation History, Human Impact and Palaeogeography of West Estonia: Pollen Analytical Studies of Lake and Bog Sediments (PhD thesis)","Societas Upsaliensis pro geologia quaternaria [Kvartärgeologiska fören], Uppsala, Sweden",NA,NA,NA,NA,NA,NA,NA,NA,NA,NA,NA,NA,NA,NA,NA,NA,NA,NA,"RPDv1b:1675",822,"Veski, S.",1,"Veski","S.",NA,NA,NA,NA,NA,NA,NA,NA,NA,"RPDv1b:1675",822,"RPDv1b",1675,13431,435,4.35,"m",0.01,"Radiocarbon date","pollen",7650,80,NA,NA,"Ua-13042",TRUE,NA,"NA Date is in uncalibrated radiocarbon years.","Maardu_lake_POLLENSLIDE","counted","NaN-NaN",NA,NA,"",7650,7570,7730,7650,435,0.01,"NA Date is in uncalibrated radiocarbon years.",". Cal curve: NA. Source DB: RPDv1b","Lacustrine","Carbon-14","Radiocarbon",-37,10805,"Calibrated radiocarbon years BP","sedimentary charcoal","Data Sourcing: RPDv1b","Sample Age Source: RPDv1b"
"822",72,"charcoal | num",358,358.5,359,1,8540,NA,NA,"RPDv1b","Charcoal (sum)","(additional options)",NA,NA,"False","False","number","Microscopic charcoal (pollen slide)","direct",NA,"CHAR",99,NA,NA,"quant_raw",NA,NA,NA,"RPDv1b",1675,"charcoal","count","unspec","pollen_slide","particle","num",NA,"no_size","num","RPDv1b","measured",1,"RPDv1b",NA,"Maardu_lake",59.441667,25,31.3,"north",NA,NA,"sedlac",822,1,1998,"Veski, S., 1998. Vegetation History, Human Impact and Palaeogeography of West Estonia: Pollen Analytical Studies of Lake and Bog Sediments (PhD thesis). Societas Upsaliensis pro geologia quaternaria [Kvartärgeologiska fören], Uppsala, Sweden.","Vegetation History, Human Impact and Palaeogeography of West Estonia: Pollen Analytical Studies of Lake and Bog Sediments (PhD thesis)","Societas Upsaliensis pro geologia quaternaria [Kvartärgeologiska fören], Uppsala, Sweden",NA,NA,NA,NA,NA,NA,NA,NA,NA,NA,NA,NA,NA,NA,NA,NA,NA,NA,"RPDv1b:1675",822,"Veski, S.",1,"Veski","S.",NA,NA,NA,NA,NA,NA,NA,NA,NA,"RPDv1b:1675",822,"RPDv1b",1675,13431,435,4.35,"m",0.01,"Radiocarbon date","pollen",7650,80,NA,NA,"Ua-13042",TRUE,NA,"NA Date is in uncalibrated radiocarbon years.","Maardu_lake_POLLENSLIDE","counted","NaN-NaN",NA,NA,"",7650,7570,7730,7650,435,0.01,"NA Date is in uncalibrated radiocarbon years.",". Cal curve: NA. Source DB: RPDv1b","Lacustrine","Carbon-14","Radiocarbon",-37,10805,"Calibrated radiocarbon years BP","sedimentary charcoal","Data Sourcing: RPDv1b","Sample Age Source: RPDv1b"
"822",73,"charcoal | num",370,370.5,371,1,8624,NA,NA,"RPDv1b","Charcoal (sum)","(additional options)",NA,NA,"False","False","number","Microscopic charcoal (pollen slide)","direct",NA,"CHAR",130,NA,NA,"quant_raw",NA,NA,NA,"RPDv1b",1675,"charcoal","count","unspec","pollen_slide","particle","num",NA,"no_size","num","RPDv1b","measured",1,"RPDv1b",NA,"Maardu_lake",59.441667,25,31.3,"north",NA,NA,"sedlac",822,1,1998,"Veski, S., 1998. Vegetation History, Human Impact and Palaeogeography of West Estonia: Pollen Analytical Studies of Lake and Bog Sediments (PhD thesis). Societas Upsaliensis pro geologia quaternaria [Kvartärgeologiska fören], Uppsala, Sweden.","Vegetation History, Human Impact and Palaeogeography of West Estonia: Pollen Analytical Studies of Lake and Bog Sediments (PhD thesis)","Societas Upsaliensis pro geologia quaternaria [Kvartärgeologiska fören], Uppsala, Sweden",NA,NA,NA,NA,NA,NA,NA,NA,NA,NA,NA,NA,NA,NA,NA,NA,NA,NA,"RPDv1b:1675",822,"Veski, S.",1,"Veski","S.",NA,NA,NA,NA,NA,NA,NA,NA,NA,"RPDv1b:1675",822,"RPDv1b",1675,13431,435,4.35,"m",0.01,"Radiocarbon date","pollen",7650,80,NA,NA,"Ua-13042",TRUE,NA,"NA Date is in uncalibrated radiocarbon years.","Maardu_lake_POLLENSLIDE","counted","NaN-NaN",NA,NA,"",7650,7570,7730,7650,435,0.01,"NA Date is in uncalibrated radiocarbon years.",". Cal curve: NA. Source DB: RPDv1b","Lacustrine","Carbon-14","Radiocarbon",-37,10805,"Calibrated radiocarbon years BP","sedimentary charcoal","Data Sourcing: RPDv1b","Sample Age Source: RPDv1b"
"822",74,"charcoal | num",379,379.5,380,1,8686,NA,NA,"RPDv1b","Charcoal (sum)","(additional options)",NA,NA,"False","False","number","Microscopic charcoal (pollen slide)","direct",NA,"CHAR",18,NA,NA,"quant_raw",NA,NA,NA,"RPDv1b",1675,"charcoal","count","unspec","pollen_slide","particle","num",NA,"no_size","num","RPDv1b","measured",1,"RPDv1b",NA,"Maardu_lake",59.441667,25,31.3,"north",NA,NA,"sedlac",822,1,1998,"Veski, S., 1998. Vegetation History, Human Impact and Palaeogeography of West Estonia: Pollen Analytical Studies of Lake and Bog Sediments (PhD thesis). Societas Upsaliensis pro geologia quaternaria [Kvartärgeologiska fören], Uppsala, Sweden.","Vegetation History, Human Impact and Palaeogeography of West Estonia: Pollen Analytical Studies of Lake and Bog Sediments (PhD thesis)","Societas Upsaliensis pro geologia quaternaria [Kvartärgeologiska fören], Uppsala, Sweden",NA,NA,NA,NA,NA,NA,NA,NA,NA,NA,NA,NA,NA,NA,NA,NA,NA,NA,"RPDv1b:1675",822,"Veski, S.",1,"Veski","S.",NA,NA,NA,NA,NA,NA,NA,NA,NA,"RPDv1b:1675",822,"RPDv1b",1675,13431,435,4.35,"m",0.01,"Radiocarbon date","pollen",7650,80,NA,NA,"Ua-13042",TRUE,NA,"NA Date is in uncalibrated radiocarbon years.","Maardu_lake_POLLENSLIDE","counted","NaN-NaN",NA,NA,"",7650,7570,7730,7650,435,0.01,"NA Date is in uncalibrated radiocarbon years.",". Cal curve: NA. Source DB: RPDv1b","Lacustrine","Carbon-14","Radiocarbon",-37,10805,"Calibrated radiocarbon years BP","sedimentary charcoal","Data Sourcing: RPDv1b","Sample Age Source: RPDv1b"
"822",75,"charcoal | num",388,388.5,389,1,8749,NA,NA,"RPDv1b","Charcoal (sum)","(additional options)",NA,NA,"False","False","number","Microscopic charcoal (pollen slide)","direct",NA,"CHAR",69,NA,NA,"quant_raw",NA,NA,NA,"RPDv1b",1675,"charcoal","count","unspec","pollen_slide","particle","num",NA,"no_size","num","RPDv1b","measured",1,"RPDv1b",NA,"Maardu_lake",59.441667,25,31.3,"north",NA,NA,"sedlac",822,1,1998,"Veski, S., 1998. Vegetation History, Human Impact and Palaeogeography of West Estonia: Pollen Analytical Studies of Lake and Bog Sediments (PhD thesis). Societas Upsaliensis pro geologia quaternaria [Kvartärgeologiska fören], Uppsala, Sweden.","Vegetation History, Human Impact and Palaeogeography of West Estonia: Pollen Analytical Studies of Lake and Bog Sediments (PhD thesis)","Societas Upsaliensis pro geologia quaternaria [Kvartärgeologiska fören], Uppsala, Sweden",NA,NA,NA,NA,NA,NA,NA,NA,NA,NA,NA,NA,NA,NA,NA,NA,NA,NA,"RPDv1b:1675",822,"Veski, S.",1,"Veski","S.",NA,NA,NA,NA,NA,NA,NA,NA,NA,"RPDv1b:1675",822,"RPDv1b",1675,13431,435,4.35,"m",0.01,"Radiocarbon date","pollen",7650,80,NA,NA,"Ua-13042",TRUE,NA,"NA Date is in uncalibrated radiocarbon years.","Maardu_lake_POLLENSLIDE","counted","NaN-NaN",NA,NA,"",7650,7570,7730,7650,435,0.01,"NA Date is in uncalibrated radiocarbon years.",". Cal curve: NA. Source DB: RPDv1b","Lacustrine","Carbon-14","Radiocarbon",-37,10805,"Calibrated radiocarbon years BP","sedimentary charcoal","Data Sourcing: RPDv1b","Sample Age Source: RPDv1b"
"822",76,"charcoal | num",400,400.5,401,1,8833,NA,NA,"RPDv1b","Charcoal (sum)","(additional options)",NA,NA,"False","False","number","Microscopic charcoal (pollen slide)","direct",NA,"CHAR",79,NA,NA,"quant_raw",NA,NA,NA,"RPDv1b",1675,"charcoal","count","unspec","pollen_slide","particle","num",NA,"no_size","num","RPDv1b","measured",1,"RPDv1b",NA,"Maardu_lake",59.441667,25,31.3,"north",NA,NA,"sedlac",822,1,1998,"Veski, S., 1998. Vegetation History, Human Impact and Palaeogeography of West Estonia: Pollen Analytical Studies of Lake and Bog Sediments (PhD thesis). Societas Upsaliensis pro geologia quaternaria [Kvartärgeologiska fören], Uppsala, Sweden.","Vegetation History, Human Impact and Palaeogeography of West Estonia: Pollen Analytical Studies of Lake and Bog Sediments (PhD thesis)","Societas Upsaliensis pro geologia quaternaria [Kvartärgeologiska fören], Uppsala, Sweden",NA,NA,NA,NA,NA,NA,NA,NA,NA,NA,NA,NA,NA,NA,NA,NA,NA,NA,"RPDv1b:1675",822,"Veski, S.",1,"Veski","S.",NA,NA,NA,NA,NA,NA,NA,NA,NA,"RPDv1b:1675",822,"RPDv1b",1675,13431,435,4.35,"m",0.01,"Radiocarbon date","pollen",7650,80,NA,NA,"Ua-13042",TRUE,NA,"NA Date is in uncalibrated radiocarbon years.","Maardu_lake_POLLENSLIDE","counted","NaN-NaN",NA,NA,"",7650,7570,7730,7650,435,0.01,"NA Date is in uncalibrated radiocarbon years.",". Cal curve: NA. Source DB: RPDv1b","Lacustrine","Carbon-14","Radiocarbon",-37,10805,"Calibrated radiocarbon years BP","sedimentary charcoal","Data Sourcing: RPDv1b","Sample Age Source: RPDv1b"
"822",77,"charcoal | num",409,409.5,410,1,8896,NA,NA,"RPDv1b","Charcoal (sum)","(additional options)",NA,NA,"False","False","number","Microscopic charcoal (pollen slide)","direct",NA,"CHAR",86,NA,NA,"quant_raw",NA,NA,NA,"RPDv1b",1675,"charcoal","count","unspec","pollen_slide","particle","num",NA,"no_size","num","RPDv1b","measured",1,"RPDv1b",NA,"Maardu_lake",59.441667,25,31.3,"north",NA,NA,"sedlac",822,1,1998,"Veski, S., 1998. Vegetation History, Human Impact and Palaeogeography of West Estonia: Pollen Analytical Studies of Lake and Bog Sediments (PhD thesis). Societas Upsaliensis pro geologia quaternaria [Kvartärgeologiska fören], Uppsala, Sweden.","Vegetation History, Human Impact and Palaeogeography of West Estonia: Pollen Analytical Studies of Lake and Bog Sediments (PhD thesis)","Societas Upsaliensis pro geologia quaternaria [Kvartärgeologiska fören], Uppsala, Sweden",NA,NA,NA,NA,NA,NA,NA,NA,NA,NA,NA,NA,NA,NA,NA,NA,NA,NA,"RPDv1b:1675",822,"Veski, S.",1,"Veski","S.",NA,NA,NA,NA,NA,NA,NA,NA,NA,"RPDv1b:1675",822,"RPDv1b",1675,13432,625,6.25,"m",0.01,"Radiocarbon date","wood",9490,110,NA,NA,"Ua-2390",TRUE,NA,"NA Date is in uncalibrated radiocarbon years.","Maardu_lake_POLLENSLIDE","counted","NaN-NaN",NA,NA,"",9490,9380,9600,9490,625,0.01,"NA Date is in uncalibrated radiocarbon years.",". Cal curve: NA. Source DB: RPDv1b","Lacustrine","Carbon-14","Radiocarbon",-37,10805,"Calibrated radiocarbon years BP","sedimentary charcoal","Data Sourcing: RPDv1b","Sample Age Source: RPDv1b"
"822",78,"charcoal | num",418,418.5,419,1,8959,NA,NA,"RPDv1b","Charcoal (sum)","(additional options)",NA,NA,"False","False","number","Microscopic charcoal (pollen slide)","direct",NA,"CHAR",49,NA,NA,"quant_raw",NA,NA,NA,"RPDv1b",1675,"charcoal","count","unspec","pollen_slide","particle","num",NA,"no_size","num","RPDv1b","measured",1,"RPDv1b",NA,"Maardu_lake",59.441667,25,31.3,"north",NA,NA,"sedlac",822,1,1998,"Veski, S., 1998. Vegetation History, Human Impact and Palaeogeography of West Estonia: Pollen Analytical Studies of Lake and Bog Sediments (PhD thesis). Societas Upsaliensis pro geologia quaternaria [Kvartärgeologiska fören], Uppsala, Sweden.","Vegetation History, Human Impact and Palaeogeography of West Estonia: Pollen Analytical Studies of Lake and Bog Sediments (PhD thesis)","Societas Upsaliensis pro geologia quaternaria [Kvartärgeologiska fören], Uppsala, Sweden",NA,NA,NA,NA,NA,NA,NA,NA,NA,NA,NA,NA,NA,NA,NA,NA,NA,NA,"RPDv1b:1675",822,"Veski, S.",1,"Veski","S.",NA,NA,NA,NA,NA,NA,NA,NA,NA,"RPDv1b:1675",822,"RPDv1b",1675,13432,625,6.25,"m",0.01,"Radiocarbon date","wood",9490,110,NA,NA,"Ua-2390",TRUE,NA,"NA Date is in uncalibrated radiocarbon years.","Maardu_lake_POLLENSLIDE","counted","NaN-NaN",NA,NA,"",9490,9380,9600,9490,625,0.01,"NA Date is in uncalibrated radiocarbon years.",". Cal curve: NA. Source DB: RPDv1b","Lacustrine","Carbon-14","Radiocarbon",-37,10805,"Calibrated radiocarbon years BP","sedimentary charcoal","Data Sourcing: RPDv1b","Sample Age Source: RPDv1b"
"822",79,"charcoal | num",430,430.5,431,1,9043,NA,NA,"RPDv1b","Charcoal (sum)","(additional options)",NA,NA,"False","False","number","Microscopic charcoal (pollen slide)","direct",NA,"CHAR",49,NA,NA,"quant_raw",NA,NA,NA,"RPDv1b",1675,"charcoal","count","unspec","pollen_slide","particle","num",NA,"no_size","num","RPDv1b","measured",1,"RPDv1b",NA,"Maardu_lake",59.441667,25,31.3,"north",NA,NA,"sedlac",822,1,1998,"Veski, S., 1998. Vegetation History, Human Impact and Palaeogeography of West Estonia: Pollen Analytical Studies of Lake and Bog Sediments (PhD thesis). Societas Upsaliensis pro geologia quaternaria [Kvartärgeologiska fören], Uppsala, Sweden.","Vegetation History, Human Impact and Palaeogeography of West Estonia: Pollen Analytical Studies of Lake and Bog Sediments (PhD thesis)","Societas Upsaliensis pro geologia quaternaria [Kvartärgeologiska fören], Uppsala, Sweden",NA,NA,NA,NA,NA,NA,NA,NA,NA,NA,NA,NA,NA,NA,NA,NA,NA,NA,"RPDv1b:1675",822,"Veski, S.",1,"Veski","S.",NA,NA,NA,NA,NA,NA,NA,NA,NA,"RPDv1b:1675",822,"RPDv1b",1675,13432,625,6.25,"m",0.01,"Radiocarbon date","wood",9490,110,NA,NA,"Ua-2390",TRUE,NA,"NA Date is in uncalibrated radiocarbon years.","Maardu_lake_POLLENSLIDE","counted","NaN-NaN",NA,NA,"",9490,9380,9600,9490,625,0.01,"NA Date is in uncalibrated radiocarbon years.",". Cal curve: NA. Source DB: RPDv1b","Lacustrine","Carbon-14","Radiocarbon",-37,10805,"Calibrated radiocarbon years BP","sedimentary charcoal","Data Sourcing: RPDv1b","Sample Age Source: RPDv1b"
"822",80,"charcoal | num",439,439.5,440,1,9105,NA,NA,"RPDv1b","Charcoal (sum)","(additional options)",NA,NA,"False","False","number","Microscopic charcoal (pollen slide)","direct",NA,"CHAR",137,NA,NA,"quant_raw",NA,NA,NA,"RPDv1b",1675,"charcoal","count","unspec","pollen_slide","particle","num",NA,"no_size","num","RPDv1b","measured",1,"RPDv1b",NA,"Maardu_lake",59.441667,25,31.3,"north",NA,NA,"sedlac",822,1,1998,"Veski, S., 1998. Vegetation History, Human Impact and Palaeogeography of West Estonia: Pollen Analytical Studies of Lake and Bog Sediments (PhD thesis). Societas Upsaliensis pro geologia quaternaria [Kvartärgeologiska fören], Uppsala, Sweden.","Vegetation History, Human Impact and Palaeogeography of West Estonia: Pollen Analytical Studies of Lake and Bog Sediments (PhD thesis)","Societas Upsaliensis pro geologia quaternaria [Kvartärgeologiska fören], Uppsala, Sweden",NA,NA,NA,NA,NA,NA,NA,NA,NA,NA,NA,NA,NA,NA,NA,NA,NA,NA,"RPDv1b:1675",822,"Veski, S.",1,"Veski","S.",NA,NA,NA,NA,NA,NA,NA,NA,NA,"RPDv1b:1675",822,"RPDv1b",1675,13432,625,6.25,"m",0.01,"Radiocarbon date","wood",9490,110,NA,NA,"Ua-2390",TRUE,NA,"NA Date is in uncalibrated radiocarbon years.","Maardu_lake_POLLENSLIDE","counted","NaN-NaN",NA,NA,"",9490,9380,9600,9490,625,0.01,"NA Date is in uncalibrated radiocarbon years.",". Cal curve: NA. Source DB: RPDv1b","Lacustrine","Carbon-14","Radiocarbon",-37,10805,"Calibrated radiocarbon years BP","sedimentary charcoal","Data Sourcing: RPDv1b","Sample Age Source: RPDv1b"
"822",81,"charcoal | num",448,448.5,449,1,9168,NA,NA,"RPDv1b","Charcoal (sum)","(additional options)",NA,NA,"False","False","number","Microscopic charcoal (pollen slide)","direct",NA,"CHAR",74,NA,NA,"quant_raw",NA,NA,NA,"RPDv1b",1675,"charcoal","count","unspec","pollen_slide","particle","num",NA,"no_size","num","RPDv1b","measured",1,"RPDv1b",NA,"Maardu_lake",59.441667,25,31.3,"north",NA,NA,"sedlac",822,1,1998,"Veski, S., 1998. Vegetation History, Human Impact and Palaeogeography of West Estonia: Pollen Analytical Studies of Lake and Bog Sediments (PhD thesis). Societas Upsaliensis pro geologia quaternaria [Kvartärgeologiska fören], Uppsala, Sweden.","Vegetation History, Human Impact and Palaeogeography of West Estonia: Pollen Analytical Studies of Lake and Bog Sediments (PhD thesis)","Societas Upsaliensis pro geologia quaternaria [Kvartärgeologiska fören], Uppsala, Sweden",NA,NA,NA,NA,NA,NA,NA,NA,NA,NA,NA,NA,NA,NA,NA,NA,NA,NA,"RPDv1b:1675",822,"Veski, S.",1,"Veski","S.",NA,NA,NA,NA,NA,NA,NA,NA,NA,"RPDv1b:1675",822,"RPDv1b",1675,13432,625,6.25,"m",0.01,"Radiocarbon date","wood",9490,110,NA,NA,"Ua-2390",TRUE,NA,"NA Date is in uncalibrated radiocarbon years.","Maardu_lake_POLLENSLIDE","counted","NaN-NaN",NA,NA,"",9490,9380,9600,9490,625,0.01,"NA Date is in uncalibrated radiocarbon years.",". Cal curve: NA. Source DB: RPDv1b","Lacustrine","Carbon-14","Radiocarbon",-37,10805,"Calibrated radiocarbon years BP","sedimentary charcoal","Data Sourcing: RPDv1b","Sample Age Source: RPDv1b"
"822",82,"charcoal | num",460,460.5,461,1,9252,NA,NA,"RPDv1b","Charcoal (sum)","(additional options)",NA,NA,"False","False","number","Microscopic charcoal (pollen slide)","direct",NA,"CHAR",48,NA,NA,"quant_raw",NA,NA,NA,"RPDv1b",1675,"charcoal","count","unspec","pollen_slide","particle","num",NA,"no_size","num","RPDv1b","measured",1,"RPDv1b",NA,"Maardu_lake",59.441667,25,31.3,"north",NA,NA,"sedlac",822,1,1998,"Veski, S., 1998. Vegetation History, Human Impact and Palaeogeography of West Estonia: Pollen Analytical Studies of Lake and Bog Sediments (PhD thesis). Societas Upsaliensis pro geologia quaternaria [Kvartärgeologiska fören], Uppsala, Sweden.","Vegetation History, Human Impact and Palaeogeography of West Estonia: Pollen Analytical Studies of Lake and Bog Sediments (PhD thesis)","Societas Upsaliensis pro geologia quaternaria [Kvartärgeologiska fören], Uppsala, Sweden",NA,NA,NA,NA,NA,NA,NA,NA,NA,NA,NA,NA,NA,NA,NA,NA,NA,NA,"RPDv1b:1675",822,"Veski, S.",1,"Veski","S.",NA,NA,NA,NA,NA,NA,NA,NA,NA,"RPDv1b:1675",822,"RPDv1b",1675,13432,625,6.25,"m",0.01,"Radiocarbon date","wood",9490,110,NA,NA,"Ua-2390",TRUE,NA,"NA Date is in uncalibrated radiocarbon years.","Maardu_lake_POLLENSLIDE","counted","NaN-NaN",NA,NA,"",9490,9380,9600,9490,625,0.01,"NA Date is in uncalibrated radiocarbon years.",". Cal curve: NA. Source DB: RPDv1b","Lacustrine","Carbon-14","Radiocarbon",-37,10805,"Calibrated radiocarbon years BP","sedimentary charcoal","Data Sourcing: RPDv1b","Sample Age Source: RPDv1b"
"822",83,"charcoal | num",469,469.5,470,1,9315,NA,NA,"RPDv1b","Charcoal (sum)","(additional options)",NA,NA,"False","False","number","Microscopic charcoal (pollen slide)","direct",NA,"CHAR",45,NA,NA,"quant_raw",NA,NA,NA,"RPDv1b",1675,"charcoal","count","unspec","pollen_slide","particle","num",NA,"no_size","num","RPDv1b","measured",1,"RPDv1b",NA,"Maardu_lake",59.441667,25,31.3,"north",NA,NA,"sedlac",822,1,1998,"Veski, S., 1998. Vegetation History, Human Impact and Palaeogeography of West Estonia: Pollen Analytical Studies of Lake and Bog Sediments (PhD thesis). Societas Upsaliensis pro geologia quaternaria [Kvartärgeologiska fören], Uppsala, Sweden.","Vegetation History, Human Impact and Palaeogeography of West Estonia: Pollen Analytical Studies of Lake and Bog Sediments (PhD thesis)","Societas Upsaliensis pro geologia quaternaria [Kvartärgeologiska fören], Uppsala, Sweden",NA,NA,NA,NA,NA,NA,NA,NA,NA,NA,NA,NA,NA,NA,NA,NA,NA,NA,"RPDv1b:1675",822,"Veski, S.",1,"Veski","S.",NA,NA,NA,NA,NA,NA,NA,NA,NA,"RPDv1b:1675",822,"RPDv1b",1675,13432,625,6.25,"m",0.01,"Radiocarbon date","wood",9490,110,NA,NA,"Ua-2390",TRUE,NA,"NA Date is in uncalibrated radiocarbon years.","Maardu_lake_POLLENSLIDE","counted","NaN-NaN",NA,NA,"",9490,9380,9600,9490,625,0.01,"NA Date is in uncalibrated radiocarbon years.",". Cal curve: NA. Source DB: RPDv1b","Lacustrine","Carbon-14","Radiocarbon",-37,10805,"Calibrated radiocarbon years BP","sedimentary charcoal","Data Sourcing: RPDv1b","Sample Age Source: RPDv1b"
"822",84,"charcoal | num",478,478.5,479,1,9378,NA,NA,"RPDv1b","Charcoal (sum)","(additional options)",NA,NA,"False","False","number","Microscopic charcoal (pollen slide)","direct",NA,"CHAR",133,NA,NA,"quant_raw",NA,NA,NA,"RPDv1b",1675,"charcoal","count","unspec","pollen_slide","particle","num",NA,"no_size","num","RPDv1b","measured",1,"RPDv1b",NA,"Maardu_lake",59.441667,25,31.3,"north",NA,NA,"sedlac",822,1,1998,"Veski, S., 1998. Vegetation History, Human Impact and Palaeogeography of West Estonia: Pollen Analytical Studies of Lake and Bog Sediments (PhD thesis). Societas Upsaliensis pro geologia quaternaria [Kvartärgeologiska fören], Uppsala, Sweden.","Vegetation History, Human Impact and Palaeogeography of West Estonia: Pollen Analytical Studies of Lake and Bog Sediments (PhD thesis)","Societas Upsaliensis pro geologia quaternaria [Kvartärgeologiska fören], Uppsala, Sweden",NA,NA,NA,NA,NA,NA,NA,NA,NA,NA,NA,NA,NA,NA,NA,NA,NA,NA,"RPDv1b:1675",822,"Veski, S.",1,"Veski","S.",NA,NA,NA,NA,NA,NA,NA,NA,NA,"RPDv1b:1675",822,"RPDv1b",1675,13432,625,6.25,"m",0.01,"Radiocarbon date","wood",9490,110,NA,NA,"Ua-2390",TRUE,NA,"NA Date is in uncalibrated radiocarbon years.","Maardu_lake_POLLENSLIDE","counted","NaN-NaN",NA,NA,"",9490,9380,9600,9490,625,0.01,"NA Date is in uncalibrated radiocarbon years.",". Cal curve: NA. Source DB: RPDv1b","Lacustrine","Carbon-14","Radiocarbon",-37,10805,"Calibrated radiocarbon years BP","sedimentary charcoal","Data Sourcing: RPDv1b","Sample Age Source: RPDv1b"
"822",85,"charcoal | num",490,490.5,491,1,9461,NA,NA,"RPDv1b","Charcoal (sum)","(additional options)",NA,NA,"False","False","number","Microscopic charcoal (pollen slide)","direct",NA,"CHAR",19,NA,NA,"quant_raw",NA,NA,NA,"RPDv1b",1675,"charcoal","count","unspec","pollen_slide","particle","num",NA,"no_size","num","RPDv1b","measured",1,"RPDv1b",NA,"Maardu_lake",59.441667,25,31.3,"north",NA,NA,"sedlac",822,1,1998,"Veski, S., 1998. Vegetation History, Human Impact and Palaeogeography of West Estonia: Pollen Analytical Studies of Lake and Bog Sediments (PhD thesis). Societas Upsaliensis pro geologia quaternaria [Kvartärgeologiska fören], Uppsala, Sweden.","Vegetation History, Human Impact and Palaeogeography of West Estonia: Pollen Analytical Studies of Lake and Bog Sediments (PhD thesis)","Societas Upsaliensis pro geologia quaternaria [Kvartärgeologiska fören], Uppsala, Sweden",NA,NA,NA,NA,NA,NA,NA,NA,NA,NA,NA,NA,NA,NA,NA,NA,NA,NA,"RPDv1b:1675",822,"Veski, S.",1,"Veski","S.",NA,NA,NA,NA,NA,NA,NA,NA,NA,"RPDv1b:1675",822,"RPDv1b",1675,13432,625,6.25,"m",0.01,"Radiocarbon date","wood",9490,110,NA,NA,"Ua-2390",TRUE,NA,"NA Date is in uncalibrated radiocarbon years.","Maardu_lake_POLLENSLIDE","counted","NaN-NaN",NA,NA,"",9490,9380,9600,9490,625,0.01,"NA Date is in uncalibrated radiocarbon years.",". Cal curve: NA. Source DB: RPDv1b","Lacustrine","Carbon-14","Radiocarbon",-37,10805,"Calibrated radiocarbon years BP","sedimentary charcoal","Data Sourcing: RPDv1b","Sample Age Source: RPDv1b"
"822",86,"charcoal | num",499,499.5,500,1,9524,NA,NA,"RPDv1b","Charcoal (sum)","(additional options)",NA,NA,"False","False","number","Microscopic charcoal (pollen slide)","direct",NA,"CHAR",25,NA,NA,"quant_raw",NA,NA,NA,"RPDv1b",1675,"charcoal","count","unspec","pollen_slide","particle","num",NA,"no_size","num","RPDv1b","measured",1,"RPDv1b",NA,"Maardu_lake",59.441667,25,31.3,"north",NA,NA,"sedlac",822,1,1998,"Veski, S., 1998. Vegetation History, Human Impact and Palaeogeography of West Estonia: Pollen Analytical Studies of Lake and Bog Sediments (PhD thesis). Societas Upsaliensis pro geologia quaternaria [Kvartärgeologiska fören], Uppsala, Sweden.","Vegetation History, Human Impact and Palaeogeography of West Estonia: Pollen Analytical Studies of Lake and Bog Sediments (PhD thesis)","Societas Upsaliensis pro geologia quaternaria [Kvartärgeologiska fören], Uppsala, Sweden",NA,NA,NA,NA,NA,NA,NA,NA,NA,NA,NA,NA,NA,NA,NA,NA,NA,NA,"RPDv1b:1675",822,"Veski, S.",1,"Veski","S.",NA,NA,NA,NA,NA,NA,NA,NA,NA,"RPDv1b:1675",822,"RPDv1b",1675,13432,625,6.25,"m",0.01,"Radiocarbon date","wood",9490,110,NA,NA,"Ua-2390",TRUE,NA,"NA Date is in uncalibrated radiocarbon years.","Maardu_lake_POLLENSLIDE","counted","NaN-NaN",NA,NA,"",9490,9380,9600,9490,625,0.01,"NA Date is in uncalibrated radiocarbon years.",". Cal curve: NA. Source DB: RPDv1b","Lacustrine","Carbon-14","Radiocarbon",-37,10805,"Calibrated radiocarbon years BP","sedimentary charcoal","Data Sourcing: RPDv1b","Sample Age Source: RPDv1b"
"822",87,"charcoal | num",508,508.5,509,1,9587,NA,NA,"RPDv1b","Charcoal (sum)","(additional options)",NA,NA,"False","False","number","Microscopic charcoal (pollen slide)","direct",NA,"CHAR",155,NA,NA,"quant_raw",NA,NA,NA,"RPDv1b",1675,"charcoal","count","unspec","pollen_slide","particle","num",NA,"no_size","num","RPDv1b","measured",1,"RPDv1b",NA,"Maardu_lake",59.441667,25,31.3,"north",NA,NA,"sedlac",822,1,1998,"Veski, S., 1998. Vegetation History, Human Impact and Palaeogeography of West Estonia: Pollen Analytical Studies of Lake and Bog Sediments (PhD thesis). Societas Upsaliensis pro geologia quaternaria [Kvartärgeologiska fören], Uppsala, Sweden.","Vegetation History, Human Impact and Palaeogeography of West Estonia: Pollen Analytical Studies of Lake and Bog Sediments (PhD thesis)","Societas Upsaliensis pro geologia quaternaria [Kvartärgeologiska fören], Uppsala, Sweden",NA,NA,NA,NA,NA,NA,NA,NA,NA,NA,NA,NA,NA,NA,NA,NA,NA,NA,"RPDv1b:1675",822,"Veski, S.",1,"Veski","S.",NA,NA,NA,NA,NA,NA,NA,NA,NA,"RPDv1b:1675",822,"RPDv1b",1675,13432,625,6.25,"m",0.01,"Radiocarbon date","wood",9490,110,NA,NA,"Ua-2390",TRUE,NA,"NA Date is in uncalibrated radiocarbon years.","Maardu_lake_POLLENSLIDE","counted","NaN-NaN",NA,NA,"",9490,9380,9600,9490,625,0.01,"NA Date is in uncalibrated radiocarbon years.",". Cal curve: NA. Source DB: RPDv1b","Lacustrine","Carbon-14","Radiocarbon",-37,10805,"Calibrated radiocarbon years BP","sedimentary charcoal","Data Sourcing: RPDv1b","Sample Age Source: RPDv1b"
"822",88,"charcoal | num",514,514.5,515,1,9629,NA,NA,"RPDv1b","Charcoal (sum)","(additional options)",NA,NA,"False","False","number","Microscopic charcoal (pollen slide)","direct",NA,"CHAR",20,NA,NA,"quant_raw",NA,NA,NA,"RPDv1b",1675,"charcoal","count","unspec","pollen_slide","particle","num",NA,"no_size","num","RPDv1b","measured",1,"RPDv1b",NA,"Maardu_lake",59.441667,25,31.3,"north",NA,NA,"sedlac",822,1,1998,"Veski, S., 1998. Vegetation History, Human Impact and Palaeogeography of West Estonia: Pollen Analytical Studies of Lake and Bog Sediments (PhD thesis). Societas Upsaliensis pro geologia quaternaria [Kvartärgeologiska fören], Uppsala, Sweden.","Vegetation History, Human Impact and Palaeogeography of West Estonia: Pollen Analytical Studies of Lake and Bog Sediments (PhD thesis)","Societas Upsaliensis pro geologia quaternaria [Kvartärgeologiska fören], Uppsala, Sweden",NA,NA,NA,NA,NA,NA,NA,NA,NA,NA,NA,NA,NA,NA,NA,NA,NA,NA,"RPDv1b:1675",822,"Veski, S.",1,"Veski","S.",NA,NA,NA,NA,NA,NA,NA,NA,NA,"RPDv1b:1675",822,"RPDv1b",1675,13425,0,0,"m",0.01,"Top of core known","other",NA,1,NA,NA,"",TRUE,NA,NA,"Maardu_lake_POLLENSLIDE","counted","NaN-NaN",NA,NA,"",NA,NA,NA,NA,0,0.01,NA,". Cal curve: NA. Source DB: RPDv1b","Lacustrine","","Core top",-37,10805,"Calibrated radiocarbon years BP","sedimentary charcoal","Data Sourcing: RPDv1b","Sample Age Source: RPDv1b"
"822",89,"charcoal | num",520,520.5,521,1,9671,NA,NA,"RPDv1b","Charcoal (sum)","(additional options)",NA,NA,"False","False","number","Microscopic charcoal (pollen slide)","direct",NA,"CHAR",65,NA,NA,"quant_raw",NA,NA,NA,"RPDv1b",1675,"charcoal","count","unspec","pollen_slide","particle","num",NA,"no_size","num","RPDv1b","measured",1,"RPDv1b",NA,"Maardu_lake",59.441667,25,31.3,"north",NA,NA,"sedlac",822,1,1998,"Veski, S., 1998. Vegetation History, Human Impact and Palaeogeography of West Estonia: Pollen Analytical Studies of Lake and Bog Sediments (PhD thesis). Societas Upsaliensis pro geologia quaternaria [Kvartärgeologiska fören], Uppsala, Sweden.","Vegetation History, Human Impact and Palaeogeography of West Estonia: Pollen Analytical Studies of Lake and Bog Sediments (PhD thesis)","Societas Upsaliensis pro geologia quaternaria [Kvartärgeologiska fören], Uppsala, Sweden",NA,NA,NA,NA,NA,NA,NA,NA,NA,NA,NA,NA,NA,NA,NA,NA,NA,NA,"RPDv1b:1675",822,"Veski, S.",1,"Veski","S.",NA,NA,NA,NA,NA,NA,NA,NA,NA,"RPDv1b:1675",822,"RPDv1b",1675,13426,35,0.35,"m",0.01,"Other","other",NA,1,NA,NA,"",TRUE,NA,NA,"Maardu_lake_POLLENSLIDE","counted","NaN-NaN",NA,NA,"",NA,NA,NA,NA,35,0.01,NA,". Cal curve: NA. Source DB: RPDv1b","Lacustrine","","Other dating methods",-37,10805,"Calibrated radiocarbon years BP","sedimentary charcoal","Data Sourcing: RPDv1b","Sample Age Source: RPDv1b"
"822",90,"charcoal | num",523,523.5,524,1,9692,NA,NA,"RPDv1b","Charcoal (sum)","(additional options)",NA,NA,"False","False","number","Microscopic charcoal (pollen slide)","direct",NA,"CHAR",117,NA,NA,"quant_raw",NA,NA,NA,"RPDv1b",1675,"charcoal","count","unspec","pollen_slide","particle","num",NA,"no_size","num","RPDv1b","measured",1,"RPDv1b",NA,"Maardu_lake",59.441667,25,31.3,"north",NA,NA,"sedlac",822,1,1998,"Veski, S., 1998. Vegetation History, Human Impact and Palaeogeography of West Estonia: Pollen Analytical Studies of Lake and Bog Sediments (PhD thesis). Societas Upsaliensis pro geologia quaternaria [Kvartärgeologiska fören], Uppsala, Sweden.","Vegetation History, Human Impact and Palaeogeography of West Estonia: Pollen Analytical Studies of Lake and Bog Sediments (PhD thesis)","Societas Upsaliensis pro geologia quaternaria [Kvartärgeologiska fören], Uppsala, Sweden",NA,NA,NA,NA,NA,NA,NA,NA,NA,NA,NA,NA,NA,NA,NA,NA,NA,NA,"RPDv1b:1675",822,"Veski, S.",1,"Veski","S.",NA,NA,NA,NA,NA,NA,NA,NA,NA,"RPDv1b:1675",822,"RPDv1b",1675,13427,139,1.39,"m",0.01,"Radiocarbon date","pollen",1710,70,NA,NA,"Ua- 13040",TRUE,NA,"NA Date is in uncalibrated radiocarbon years.","Maardu_lake_POLLENSLIDE","counted","NaN-NaN",NA,NA,"",1710,1640,1780,1710,139,0.01,"NA Date is in uncalibrated radiocarbon years.",". Cal curve: NA. Source DB: RPDv1b","Lacustrine","Carbon-14","Radiocarbon",-37,10805,"Calibrated radiocarbon years BP","sedimentary charcoal","Data Sourcing: RPDv1b","Sample Age Source: RPDv1b"
"822",91,"charcoal | num",529,529.5,530,1,9735,NA,NA,"RPDv1b","Charcoal (sum)","(additional options)",NA,NA,"False","False","number","Microscopic charcoal (pollen slide)","direct",NA,"CHAR",1071,NA,NA,"quant_raw",NA,NA,NA,"RPDv1b",1675,"charcoal","count","unspec","pollen_slide","particle","num",NA,"no_size","num","RPDv1b","measured",1,"RPDv1b",NA,"Maardu_lake",59.441667,25,31.3,"north",NA,NA,"sedlac",822,1,1998,"Veski, S., 1998. Vegetation History, Human Impact and Palaeogeography of West Estonia: Pollen Analytical Studies of Lake and Bog Sediments (PhD thesis). Societas Upsaliensis pro geologia quaternaria [Kvartärgeologiska fören], Uppsala, Sweden.","Vegetation History, Human Impact and Palaeogeography of West Estonia: Pollen Analytical Studies of Lake and Bog Sediments (PhD thesis)","Societas Upsaliensis pro geologia quaternaria [Kvartärgeologiska fören], Uppsala, Sweden",NA,NA,NA,NA,NA,NA,NA,NA,NA,NA,NA,NA,NA,NA,NA,NA,NA,NA,"RPDv1b:1675",822,"Veski, S.",1,"Veski","S.",NA,NA,NA,NA,NA,NA,NA,NA,NA,"RPDv1b:1675",822,"RPDv1b",1675,13428,164,1.64,"m",0.01,"Radiocarbon date","pollen",1800,70,NA,NA,"Ua-13041",TRUE,NA,"NA Date is in uncalibrated radiocarbon years.","Maardu_lake_POLLENSLIDE","counted","NaN-NaN",NA,NA,"",1800,1730,1870,1800,164,0.01,"NA Date is in uncalibrated radiocarbon years.",". Cal curve: NA. Source DB: RPDv1b","Lacustrine","Carbon-14","Radiocarbon",-37,10805,"Calibrated radiocarbon years BP","sedimentary charcoal","Data Sourcing: RPDv1b","Sample Age Source: RPDv1b"
"822",92,"charcoal | num",531,531.5,532,1,9749,NA,NA,"RPDv1b","Charcoal (sum)","(additional options)",NA,NA,"False","False","number","Microscopic charcoal (pollen slide)","direct",NA,"CHAR",307,NA,NA,"quant_raw",NA,NA,NA,"RPDv1b",1675,"charcoal","count","unspec","pollen_slide","particle","num",NA,"no_size","num","RPDv1b","measured",1,"RPDv1b",NA,"Maardu_lake",59.441667,25,31.3,"north",NA,NA,"sedlac",822,1,1998,"Veski, S., 1998. Vegetation History, Human Impact and Palaeogeography of West Estonia: Pollen Analytical Studies of Lake and Bog Sediments (PhD thesis). Societas Upsaliensis pro geologia quaternaria [Kvartärgeologiska fören], Uppsala, Sweden.","Vegetation History, Human Impact and Palaeogeography of West Estonia: Pollen Analytical Studies of Lake and Bog Sediments (PhD thesis)","Societas Upsaliensis pro geologia quaternaria [Kvartärgeologiska fören], Uppsala, Sweden",NA,NA,NA,NA,NA,NA,NA,NA,NA,NA,NA,NA,NA,NA,NA,NA,NA,NA,"RPDv1b:1675",822,"Veski, S.",1,"Veski","S.",NA,NA,NA,NA,NA,NA,NA,NA,NA,"RPDv1b:1675",822,"RPDv1b",1675,13429,191,1.91,"m",0.01,"Radiocarbon date","bulk sediment, gyttja",2960,85,NA,NA,"Ua-2532",TRUE,NA,"NA Date is in uncalibrated radiocarbon years.","Maardu_lake_POLLENSLIDE","counted","NaN-NaN",NA,NA,"",2960,2875,3045,2960,191,0.01,"NA Date is in uncalibrated radiocarbon years.",". Cal curve: NA. Source DB: RPDv1b","Lacustrine","Carbon-14","Radiocarbon",-37,10805,"Calibrated radiocarbon years BP","sedimentary charcoal","Data Sourcing: RPDv1b","Sample Age Source: RPDv1b"
"822",93,"charcoal | num",534,534.5,535,1,10805,NA,NA,"RPDv1b","Charcoal (sum)","(additional options)",NA,NA,"False","False","number","Microscopic charcoal (pollen slide)","direct",NA,"CHAR",591,NA,NA,"quant_raw",NA,NA,NA,"RPDv1b",1675,"charcoal","count","unspec","pollen_slide","particle","num",NA,"no_size","num","RPDv1b","measured",1,"RPDv1b",NA,"Maardu_lake",59.441667,25,31.3,"north",NA,NA,"sedlac",822,1,1998,"Veski, S., 1998. Vegetation History, Human Impact and Palaeogeography of West Estonia: Pollen Analytical Studies of Lake and Bog Sediments (PhD thesis). Societas Upsaliensis pro geologia quaternaria [Kvartärgeologiska fören], Uppsala, Sweden.","Vegetation History, Human Impact and Palaeogeography of West Estonia: Pollen Analytical Studies of Lake and Bog Sediments (PhD thesis)","Societas Upsaliensis pro geologia quaternaria [Kvartärgeologiska fören], Uppsala, Sweden",NA,NA,NA,NA,NA,NA,NA,NA,NA,NA,NA,NA,NA,NA,NA,NA,NA,NA,"RPDv1b:1675",822,"Veski, S.",1,"Veski","S.",NA,NA,NA,NA,NA,NA,NA,NA,NA,"RPDv1b:1675",822,"RPDv1b",1675,13430,280,2.8,"m",0.01,"Radiocarbon date","bulk sediment, gyttja",4365,75,NA,NA,"Ua-2534",TRUE,NA,"NA Date is in uncalibrated radiocarbon years.","Maardu_lake_POLLENSLIDE","counted","NaN-NaN",NA,NA,"",4365,4290,4440,4365,280,0.01,"NA Date is in uncalibrated radiocarbon years.",". Cal curve: NA. Source DB: RPDv1b","Lacustrine","Carbon-14","Radiocarbon",-37,10805,"Calibrated radiocarbon years BP","sedimentary charcoal","Data Sourcing: RPDv1b","Sample Age Source: RPDv1b"
