"cluster_id_entity","usample","channel","depth_top_cm","depth_mid_cm","depth_bot_cm","thick_cm","age_mid_cal_yr_bp","age_top_cal_yr_bp","age_bot_cal_yr_bp","age_source","NAME","ELEMENT","size_min_um","size_max_um","size_min_open","size_max_open","UNITS","CONTEXT","context_source","TAPHONOMY","GROUP","value","value_orig","value_conversion","value_source_column","sample_quantity_value","sample_quantity_ELEMENT","sample_quantity_UNITS","data_source","data_entity","original_fire_proxy","original_meas_type","original_meas_detail","original_meas_method","original_proxy_class","original_quant_units","original_quant_units_raw","parsed_size_token","parsed_unit_token","depth_source","depth_repair_method","n_db_contrib","db_contrib","vocab_flags","entity_name","lat_dd_north","lon_dd_east","elev_m","hemisphere","country_entity","location_desc","depo_context","cluster_id","pubtypeid","year","citation","articletitle","journal","volume","issue","pages","citationnumber","doi","booktitle","numvolumes","edition","volumetitle","seriestitle","seriesvolume","publisher","url_pub","city","state","country","originallanguage","notes_pub","pub_source","cluster_id_contact","contactname","contactstatusid","familyname","leadinginitials","givennames","suffix","title","phone","fax","email","url","address","notes","contact_source","cluster_id_geo","db_geo","source_entity","date_id","depth_cm_geo","depth_orig_geo","depth_unit_geo","thick_cm_geo","date_type","material","age_14C","error","cal_age_geo","cal_curve","lab_number","included","exclude_reason","notes_geo","datasetname","controlled_units","controlled_element","X","X.1","X.2","age_geo","chroncontrol_limityounger","chroncontrol_limitolder","chroncontrol_age","chroncontrol_depth","chroncontrol_thickness","chroncontrol_comments","chronology_notes_full","controlled_dep","neotoma_geochrontype","neotoma_chroncontroltypes","ageboundyounger","ageboundolder","agetype","datasettype","datasetnotes_full","samplenotes_full"
"841",0,"charcoal | <100um num",NA,1.5,NA,NA,-23.93478,NA,NA,"GCDv4","Charcoal (sum)","<100 µm",NA,100,"True","False","number","Microscopic charcoal (pollen slide)","direct",NA,"CHAR",2015,NA,NA,"quant_raw",0.3,"volume","cm^3","RPDv1b","1701","charcoal","count","microchar","pollen_slide","particle","<100um num",NA,"<100um","num","RPDv1b","measured",1,"RPDv1b","ELEMENT=<100 µm","Ribeira do Farelo and Ribeira da Torre",37.151969,-8.594376,0.6,"north","Portugal",NA,"sedfluv",841,1,2010,"Schneider, H., Höfer, D., Trog, C., Busch, S., Schneider, M., Baade, J., Daut, G., Mäusbacher, R., 2010. Holocene estuary development in the Algarve Region (Southern Portugal) – A reconstruction of sedimentological and ecological evolution. Quaternary International 221, 141–158.","Holocene estuary development in the Algarve Region (Southern Portugal) - A reconstruction of sedimentological and ecological evolution","Quaternary International",221,NA,"141-158",NA,"10.1016/j.quaint.2009.10.004",NA,NA,NA,NA,NA,NA,NA,NA,NA,NA,NA,NA,NA,"RPDv1b:1701|RPDv1b:1702",841,"Schneider, H.",1,"Schneider","H.",NA,NA,NA,NA,NA,NA,NA,NA,NA,"RPDv1b:1701",841,"RPDv1b",1701,13707,73,0.73,"m",0.06,"AMS","charcoal",2340,40,NA,NA,"Beta-248342",TRUE,NA,"-888888 Date is in uncalibrated radiocarbon years.","Ribeira do Farelo and Ribeira da Torre_POLLENSLIDE","counted","NaN-100",NA,NA,"",2340,2300,2380,2340,73,0.06,"-888888 Date is in uncalibrated radiocarbon years.",". Cal curve: NA. Source DB: RPDv1b","Fluvial","Carbon-14","Radiocarbon",-23.93478,7405.521,"Calibrated radiocarbon years BP","sedimentary charcoal","Data Sourcing: RPDv1b","Sample Age Source: GCDv4"
"841",0,"charcoal | >100um num",NA,1.5,NA,NA,-23.93478,NA,NA,"GCDv4","Charcoal (sum)",">100 µm",100,NA,"False","True","number","Microscopic charcoal (pollen slide)","direct",NA,"CHAR",28,NA,NA,"quant_raw",0.3,"volume","cm^3","RPDv1b","1702","charcoal","count","unspec","pollen_slide","particle",">100um num",NA,">100um","num","RPDv1b","measured",1,"RPDv1b","ELEMENT=>100 µm","Ribeira do Farelo and Ribeira da Torre",37.151969,-8.594376,0.6,"north","Portugal",NA,"sedfluv",841,1,2010,"Schneider, H., Höfer, D., Trog, C., Busch, S., Schneider, M., Baade, J., Daut, G., Mäusbacher, R., 2010. Holocene estuary development in the Algarve Region (Southern Portugal) – A reconstruction of sedimentological and ecological evolution. Quaternary International 221, 141–158.","Holocene estuary development in the Algarve Region (Southern Portugal) - A reconstruction of sedimentological and ecological evolution","Quaternary International",221,NA,"141-158",NA,"10.1016/j.quaint.2009.10.004",NA,NA,NA,NA,NA,NA,NA,NA,NA,NA,NA,NA,NA,"RPDv1b:1701|RPDv1b:1702",841,"Schneider, H.",1,"Schneider","H.",NA,NA,NA,NA,NA,NA,NA,NA,NA,"RPDv1b:1701",841,"RPDv1b",1701,13707,73,0.73,"m",0.06,"AMS","charcoal",2340,40,NA,NA,"Beta-248342",TRUE,NA,"-888888 Date is in uncalibrated radiocarbon years.","Ribeira do Farelo and Ribeira da Torre_POLLENSLIDE","counted","100-NaN",NA,NA,"",2340,2300,2380,2340,73,0.06,"-888888 Date is in uncalibrated radiocarbon years.",". Cal curve: NA. Source DB: RPDv1b","Fluvial","Carbon-14","Radiocarbon",-23.93478,7405.521,"Calibrated radiocarbon years BP","sedimentary charcoal","Data Sourcing: RPDv1b","Sample Age Source: GCDv4"
"841",0,"charcoal | num cm-2 yr-1",NA,1.5,NA,NA,-23.93478,NA,NA,"GCDv4","Charcoal (sum)","(additional options)",NA,NA,"False","False","number cm-2 yr-1","Microscopic charcoal (pollen slide)","direct",NA,"CHAR",4226677.59227264,NA,NA,"quant_influx",NA,"","","GCDv4","GCDv4_1153","charcoal","count","unspec","pollen_slide","particle","num cm-2 yr-1",NA,"no_size","num cm-2 yr-1","RPDv1b","measured",1,"GCDv4","","Ribeira do Farelo and Ribeira da Torre",37.151969,-8.594376,0.6,"north","Portugal",NA,"sedfluv",841,1,2010,"Schneider, H., Höfer, D., Trog, C., Busch, S., Schneider, M., Baade, J., Daut, G., Mäusbacher, R., 2010. Holocene estuary development in the Algarve Region (Southern Portugal) – A reconstruction of sedimentological and ecological evolution. Quaternary International 221, 141–158.","Holocene estuary development in the Algarve Region (Southern Portugal) - A reconstruction of sedimentological and ecological evolution","Quaternary International",221,NA,"141-158",NA,"10.1016/j.quaint.2009.10.004",NA,NA,NA,NA,NA,NA,NA,NA,NA,NA,NA,NA,NA,"RPDv1b:1701|RPDv1b:1702",841,"Schneider, H.",1,"Schneider","H.",NA,NA,NA,NA,NA,NA,NA,NA,NA,"RPDv1b:1701",841,"RPDv1b",1701,13707,73,0.73,"m",0.06,"AMS","charcoal",2340,40,NA,NA,"Beta-248342",TRUE,NA,"-888888 Date is in uncalibrated radiocarbon years.","Ribeira do Farelo and Ribeira da Torre_POLLENSLIDE",NA,NA,NA,NA,NA,2340,2300,2380,2340,73,0.06,"-888888 Date is in uncalibrated radiocarbon years.",". Cal curve: NA. Source DB: RPDv1b","Fluvial","Carbon-14","Radiocarbon",-23.93478,7405.521,"Calibrated radiocarbon years BP","sedimentary charcoal","Data Sourcing: GCDv4","Sample Age Source: GCDv4"
"841",1,"charcoal | <100um num",NA,6.5,NA,NA,86.28261,NA,NA,"GCDv4","Charcoal (sum)","<100 µm",NA,100,"True","False","number","Microscopic charcoal (pollen slide)","direct",NA,"CHAR",6805,NA,NA,"quant_raw",0.3,"volume","cm^3","RPDv1b","1701","charcoal","count","microchar","pollen_slide","particle","<100um num",NA,"<100um","num","RPDv1b","measured",1,"RPDv1b","ELEMENT=<100 µm","Ribeira do Farelo and Ribeira da Torre",37.151969,-8.594376,0.6,"north","Portugal",NA,"sedfluv",841,1,2010,"Schneider, H., Höfer, D., Trog, C., Busch, S., Schneider, M., Baade, J., Daut, G., Mäusbacher, R., 2010. Holocene estuary development in the Algarve Region (Southern Portugal) – A reconstruction of sedimentological and ecological evolution. Quaternary International 221, 141–158.","Holocene estuary development in the Algarve Region (Southern Portugal) - A reconstruction of sedimentological and ecological evolution","Quaternary International",221,NA,"141-158",NA,"10.1016/j.quaint.2009.10.004",NA,NA,NA,NA,NA,NA,NA,NA,NA,NA,NA,NA,NA,"RPDv1b:1701|RPDv1b:1702",841,"Schneider, H.",1,"Schneider","H.",NA,NA,NA,NA,NA,NA,NA,NA,NA,"RPDv1b:1701",841,"RPDv1b",1701,13707,73,0.73,"m",0.06,"AMS","charcoal",2340,40,NA,NA,"Beta-248342",TRUE,NA,"-888888 Date is in uncalibrated radiocarbon years.","Ribeira do Farelo and Ribeira da Torre_POLLENSLIDE","counted","NaN-100",NA,NA,"",2340,2300,2380,2340,73,0.06,"-888888 Date is in uncalibrated radiocarbon years.",". Cal curve: NA. Source DB: RPDv1b","Fluvial","Carbon-14","Radiocarbon",-23.93478,7405.521,"Calibrated radiocarbon years BP","sedimentary charcoal","Data Sourcing: RPDv1b","Sample Age Source: GCDv4"
"841",1,"charcoal | >100um num",NA,6.5,NA,NA,86.28261,NA,NA,"GCDv4","Charcoal (sum)",">100 µm",100,NA,"False","True","number","Microscopic charcoal (pollen slide)","direct",NA,"CHAR",31,NA,NA,"quant_raw",0.3,"volume","cm^3","RPDv1b","1702","charcoal","count","unspec","pollen_slide","particle",">100um num",NA,">100um","num","RPDv1b","measured",1,"RPDv1b","ELEMENT=>100 µm","Ribeira do Farelo and Ribeira da Torre",37.151969,-8.594376,0.6,"north","Portugal",NA,"sedfluv",841,1,2010,"Schneider, H., Höfer, D., Trog, C., Busch, S., Schneider, M., Baade, J., Daut, G., Mäusbacher, R., 2010. Holocene estuary development in the Algarve Region (Southern Portugal) – A reconstruction of sedimentological and ecological evolution. Quaternary International 221, 141–158.","Holocene estuary development in the Algarve Region (Southern Portugal) - A reconstruction of sedimentological and ecological evolution","Quaternary International",221,NA,"141-158",NA,"10.1016/j.quaint.2009.10.004",NA,NA,NA,NA,NA,NA,NA,NA,NA,NA,NA,NA,NA,"RPDv1b:1701|RPDv1b:1702",841,"Schneider, H.",1,"Schneider","H.",NA,NA,NA,NA,NA,NA,NA,NA,NA,"RPDv1b:1701",841,"RPDv1b",1701,13707,73,0.73,"m",0.06,"AMS","charcoal",2340,40,NA,NA,"Beta-248342",TRUE,NA,"-888888 Date is in uncalibrated radiocarbon years.","Ribeira do Farelo and Ribeira da Torre_POLLENSLIDE","counted","100-NaN",NA,NA,"",2340,2300,2380,2340,73,0.06,"-888888 Date is in uncalibrated radiocarbon years.",". Cal curve: NA. Source DB: RPDv1b","Fluvial","Carbon-14","Radiocarbon",-23.93478,7405.521,"Calibrated radiocarbon years BP","sedimentary charcoal","Data Sourcing: RPDv1b","Sample Age Source: GCDv4"
"841",1,"charcoal | num cm-2 yr-1",NA,6.5,NA,NA,86.28261,NA,NA,"GCDv4","Charcoal (sum)","(additional options)",NA,NA,"False","False","number cm-2 yr-1","Microscopic charcoal (pollen slide)","direct",NA,"CHAR",7292336.83411876,NA,NA,"quant_influx",NA,"","","GCDv4","GCDv4_1153","charcoal","count","unspec","pollen_slide","particle","num cm-2 yr-1",NA,"no_size","num cm-2 yr-1","RPDv1b","measured",1,"GCDv4","","Ribeira do Farelo and Ribeira da Torre",37.151969,-8.594376,0.6,"north","Portugal",NA,"sedfluv",841,1,2010,"Schneider, H., Höfer, D., Trog, C., Busch, S., Schneider, M., Baade, J., Daut, G., Mäusbacher, R., 2010. Holocene estuary development in the Algarve Region (Southern Portugal) – A reconstruction of sedimentological and ecological evolution. Quaternary International 221, 141–158.","Holocene estuary development in the Algarve Region (Southern Portugal) - A reconstruction of sedimentological and ecological evolution","Quaternary International",221,NA,"141-158",NA,"10.1016/j.quaint.2009.10.004",NA,NA,NA,NA,NA,NA,NA,NA,NA,NA,NA,NA,NA,"RPDv1b:1701|RPDv1b:1702",841,"Schneider, H.",1,"Schneider","H.",NA,NA,NA,NA,NA,NA,NA,NA,NA,"RPDv1b:1701",841,"RPDv1b",1701,13707,73,0.73,"m",0.06,"AMS","charcoal",2340,40,NA,NA,"Beta-248342",TRUE,NA,"-888888 Date is in uncalibrated radiocarbon years.","Ribeira do Farelo and Ribeira da Torre_POLLENSLIDE",NA,NA,NA,NA,NA,2340,2300,2380,2340,73,0.06,"-888888 Date is in uncalibrated radiocarbon years.",". Cal curve: NA. Source DB: RPDv1b","Fluvial","Carbon-14","Radiocarbon",-23.93478,7405.521,"Calibrated radiocarbon years BP","sedimentary charcoal","Data Sourcing: GCDv4","Sample Age Source: GCDv4"
"841",2,"charcoal | <100um num",NA,10.5,NA,NA,174.4565,NA,NA,"GCDv4","Charcoal (sum)","<100 µm",NA,100,"True","False","number","Microscopic charcoal (pollen slide)","direct",NA,"CHAR",4339,NA,NA,"quant_raw",0.3,"volume","cm^3","RPDv1b","1701","charcoal","count","microchar","pollen_slide","particle","<100um num",NA,"<100um","num","RPDv1b","measured",1,"RPDv1b","ELEMENT=<100 µm","Ribeira do Farelo and Ribeira da Torre",37.151969,-8.594376,0.6,"north","Portugal",NA,"sedfluv",841,1,2010,"Schneider, H., Höfer, D., Trog, C., Busch, S., Schneider, M., Baade, J., Daut, G., Mäusbacher, R., 2010. Holocene estuary development in the Algarve Region (Southern Portugal) – A reconstruction of sedimentological and ecological evolution. Quaternary International 221, 141–158.","Holocene estuary development in the Algarve Region (Southern Portugal) - A reconstruction of sedimentological and ecological evolution","Quaternary International",221,NA,"141-158",NA,"10.1016/j.quaint.2009.10.004",NA,NA,NA,NA,NA,NA,NA,NA,NA,NA,NA,NA,NA,"RPDv1b:1701|RPDv1b:1702",841,"Schneider, H.",1,"Schneider","H.",NA,NA,NA,NA,NA,NA,NA,NA,NA,"RPDv1b:1701",841,"RPDv1b",1701,13707,73,0.73,"m",0.06,"AMS","charcoal",2340,40,NA,NA,"Beta-248342",TRUE,NA,"-888888 Date is in uncalibrated radiocarbon years.","Ribeira do Farelo and Ribeira da Torre_POLLENSLIDE","counted","NaN-100",NA,NA,"",2340,2300,2380,2340,73,0.06,"-888888 Date is in uncalibrated radiocarbon years.",". Cal curve: NA. Source DB: RPDv1b","Fluvial","Carbon-14","Radiocarbon",-23.93478,7405.521,"Calibrated radiocarbon years BP","sedimentary charcoal","Data Sourcing: RPDv1b","Sample Age Source: GCDv4"
"841",2,"charcoal | >100um num",NA,10.5,NA,NA,174.4565,NA,NA,"GCDv4","Charcoal (sum)",">100 µm",100,NA,"False","True","number","Microscopic charcoal (pollen slide)","direct",NA,"CHAR",19,NA,NA,"quant_raw",0.3,"volume","cm^3","RPDv1b","1702","charcoal","count","unspec","pollen_slide","particle",">100um num",NA,">100um","num","RPDv1b","measured",1,"RPDv1b","ELEMENT=>100 µm","Ribeira do Farelo and Ribeira da Torre",37.151969,-8.594376,0.6,"north","Portugal",NA,"sedfluv",841,1,2010,"Schneider, H., Höfer, D., Trog, C., Busch, S., Schneider, M., Baade, J., Daut, G., Mäusbacher, R., 2010. Holocene estuary development in the Algarve Region (Southern Portugal) – A reconstruction of sedimentological and ecological evolution. Quaternary International 221, 141–158.","Holocene estuary development in the Algarve Region (Southern Portugal) - A reconstruction of sedimentological and ecological evolution","Quaternary International",221,NA,"141-158",NA,"10.1016/j.quaint.2009.10.004",NA,NA,NA,NA,NA,NA,NA,NA,NA,NA,NA,NA,NA,"RPDv1b:1701|RPDv1b:1702",841,"Schneider, H.",1,"Schneider","H.",NA,NA,NA,NA,NA,NA,NA,NA,NA,"RPDv1b:1701",841,"RPDv1b",1701,13707,73,0.73,"m",0.06,"AMS","charcoal",2340,40,NA,NA,"Beta-248342",TRUE,NA,"-888888 Date is in uncalibrated radiocarbon years.","Ribeira do Farelo and Ribeira da Torre_POLLENSLIDE","counted","100-NaN",NA,NA,"",2340,2300,2380,2340,73,0.06,"-888888 Date is in uncalibrated radiocarbon years.",". Cal curve: NA. Source DB: RPDv1b","Fluvial","Carbon-14","Radiocarbon",-23.93478,7405.521,"Calibrated radiocarbon years BP","sedimentary charcoal","Data Sourcing: RPDv1b","Sample Age Source: GCDv4"
"841",2,"charcoal | num cm-2 yr-1",NA,10.5,NA,NA,174.4565,NA,NA,"GCDv4","Charcoal (sum)","(additional options)",NA,NA,"False","False","number cm-2 yr-1","Microscopic charcoal (pollen slide)","direct",NA,"CHAR",5017383.30411427,NA,NA,"quant_influx",NA,"","","GCDv4","GCDv4_1153","charcoal","count","unspec","pollen_slide","particle","num cm-2 yr-1",NA,"no_size","num cm-2 yr-1","RPDv1b","measured",1,"GCDv4","","Ribeira do Farelo and Ribeira da Torre",37.151969,-8.594376,0.6,"north","Portugal",NA,"sedfluv",841,1,2010,"Schneider, H., Höfer, D., Trog, C., Busch, S., Schneider, M., Baade, J., Daut, G., Mäusbacher, R., 2010. Holocene estuary development in the Algarve Region (Southern Portugal) – A reconstruction of sedimentological and ecological evolution. Quaternary International 221, 141–158.","Holocene estuary development in the Algarve Region (Southern Portugal) - A reconstruction of sedimentological and ecological evolution","Quaternary International",221,NA,"141-158",NA,"10.1016/j.quaint.2009.10.004",NA,NA,NA,NA,NA,NA,NA,NA,NA,NA,NA,NA,NA,"RPDv1b:1701|RPDv1b:1702",841,"Schneider, H.",1,"Schneider","H.",NA,NA,NA,NA,NA,NA,NA,NA,NA,"RPDv1b:1701",841,"RPDv1b",1701,13707,73,0.73,"m",0.06,"AMS","charcoal",2340,40,NA,NA,"Beta-248342",TRUE,NA,"-888888 Date is in uncalibrated radiocarbon years.","Ribeira do Farelo and Ribeira da Torre_POLLENSLIDE",NA,NA,NA,NA,NA,2340,2300,2380,2340,73,0.06,"-888888 Date is in uncalibrated radiocarbon years.",". Cal curve: NA. Source DB: RPDv1b","Fluvial","Carbon-14","Radiocarbon",-23.93478,7405.521,"Calibrated radiocarbon years BP","sedimentary charcoal","Data Sourcing: GCDv4","Sample Age Source: GCDv4"
"841",3,"charcoal | <100um num",NA,15,NA,NA,273.6522,NA,NA,"GCDv4","Charcoal (sum)","<100 µm",NA,100,"True","False","number","Microscopic charcoal (pollen slide)","direct",NA,"CHAR",6831,NA,NA,"quant_raw",0.3,"volume","cm^3","RPDv1b","1701","charcoal","count","microchar","pollen_slide","particle","<100um num",NA,"<100um","num","RPDv1b","measured",1,"RPDv1b","ELEMENT=<100 µm","Ribeira do Farelo and Ribeira da Torre",37.151969,-8.594376,0.6,"north","Portugal",NA,"sedfluv",841,1,2010,"Schneider, H., Höfer, D., Trog, C., Busch, S., Schneider, M., Baade, J., Daut, G., Mäusbacher, R., 2010. Holocene estuary development in the Algarve Region (Southern Portugal) – A reconstruction of sedimentological and ecological evolution. Quaternary International 221, 141–158.","Holocene estuary development in the Algarve Region (Southern Portugal) - A reconstruction of sedimentological and ecological evolution","Quaternary International",221,NA,"141-158",NA,"10.1016/j.quaint.2009.10.004",NA,NA,NA,NA,NA,NA,NA,NA,NA,NA,NA,NA,NA,"RPDv1b:1701|RPDv1b:1702",841,"Schneider, H.",1,"Schneider","H.",NA,NA,NA,NA,NA,NA,NA,NA,NA,"RPDv1b:1701",841,"RPDv1b",1701,13707,73,0.73,"m",0.06,"AMS","charcoal",2340,40,NA,NA,"Beta-248342",TRUE,NA,"-888888 Date is in uncalibrated radiocarbon years.","Ribeira do Farelo and Ribeira da Torre_POLLENSLIDE","counted","NaN-100",NA,NA,"",2340,2300,2380,2340,73,0.06,"-888888 Date is in uncalibrated radiocarbon years.",". Cal curve: NA. Source DB: RPDv1b","Fluvial","Carbon-14","Radiocarbon",-23.93478,7405.521,"Calibrated radiocarbon years BP","sedimentary charcoal","Data Sourcing: RPDv1b","Sample Age Source: GCDv4"
"841",3,"charcoal | >100um num",NA,15,NA,NA,273.6522,NA,NA,"GCDv4","Charcoal (sum)",">100 µm",100,NA,"False","True","number","Microscopic charcoal (pollen slide)","direct",NA,"CHAR",22,NA,NA,"quant_raw",0.3,"volume","cm^3","RPDv1b","1702","charcoal","count","unspec","pollen_slide","particle",">100um num",NA,">100um","num","RPDv1b","measured",1,"RPDv1b","ELEMENT=>100 µm","Ribeira do Farelo and Ribeira da Torre",37.151969,-8.594376,0.6,"north","Portugal",NA,"sedfluv",841,1,2010,"Schneider, H., Höfer, D., Trog, C., Busch, S., Schneider, M., Baade, J., Daut, G., Mäusbacher, R., 2010. Holocene estuary development in the Algarve Region (Southern Portugal) – A reconstruction of sedimentological and ecological evolution. Quaternary International 221, 141–158.","Holocene estuary development in the Algarve Region (Southern Portugal) - A reconstruction of sedimentological and ecological evolution","Quaternary International",221,NA,"141-158",NA,"10.1016/j.quaint.2009.10.004",NA,NA,NA,NA,NA,NA,NA,NA,NA,NA,NA,NA,NA,"RPDv1b:1701|RPDv1b:1702",841,"Schneider, H.",1,"Schneider","H.",NA,NA,NA,NA,NA,NA,NA,NA,NA,"RPDv1b:1701",841,"RPDv1b",1701,13707,73,0.73,"m",0.06,"AMS","charcoal",2340,40,NA,NA,"Beta-248342",TRUE,NA,"-888888 Date is in uncalibrated radiocarbon years.","Ribeira do Farelo and Ribeira da Torre_POLLENSLIDE","counted","100-NaN",NA,NA,"",2340,2300,2380,2340,73,0.06,"-888888 Date is in uncalibrated radiocarbon years.",". Cal curve: NA. Source DB: RPDv1b","Fluvial","Carbon-14","Radiocarbon",-23.93478,7405.521,"Calibrated radiocarbon years BP","sedimentary charcoal","Data Sourcing: RPDv1b","Sample Age Source: GCDv4"
"841",3,"charcoal | num cm-2 yr-1",NA,15,NA,NA,273.6522,NA,NA,"GCDv4","Charcoal (sum)","(additional options)",NA,NA,"False","False","number cm-2 yr-1","Microscopic charcoal (pollen slide)","direct",NA,"CHAR",7876600.39639656,NA,NA,"quant_influx",NA,"","","GCDv4","GCDv4_1153","charcoal","count","unspec","pollen_slide","particle","num cm-2 yr-1",NA,"no_size","num cm-2 yr-1","RPDv1b","measured",1,"GCDv4","","Ribeira do Farelo and Ribeira da Torre",37.151969,-8.594376,0.6,"north","Portugal",NA,"sedfluv",841,1,2010,"Schneider, H., Höfer, D., Trog, C., Busch, S., Schneider, M., Baade, J., Daut, G., Mäusbacher, R., 2010. Holocene estuary development in the Algarve Region (Southern Portugal) – A reconstruction of sedimentological and ecological evolution. Quaternary International 221, 141–158.","Holocene estuary development in the Algarve Region (Southern Portugal) - A reconstruction of sedimentological and ecological evolution","Quaternary International",221,NA,"141-158",NA,"10.1016/j.quaint.2009.10.004",NA,NA,NA,NA,NA,NA,NA,NA,NA,NA,NA,NA,NA,"RPDv1b:1701|RPDv1b:1702",841,"Schneider, H.",1,"Schneider","H.",NA,NA,NA,NA,NA,NA,NA,NA,NA,"RPDv1b:1701",841,"RPDv1b",1701,13707,73,0.73,"m",0.06,"AMS","charcoal",2340,40,NA,NA,"Beta-248342",TRUE,NA,"-888888 Date is in uncalibrated radiocarbon years.","Ribeira do Farelo and Ribeira da Torre_POLLENSLIDE",NA,NA,NA,NA,NA,2340,2300,2380,2340,73,0.06,"-888888 Date is in uncalibrated radiocarbon years.",". Cal curve: NA. Source DB: RPDv1b","Fluvial","Carbon-14","Radiocarbon",-23.93478,7405.521,"Calibrated radiocarbon years BP","sedimentary charcoal","Data Sourcing: GCDv4","Sample Age Source: GCDv4"
"841",4,"charcoal | <100um num",NA,17,NA,NA,317.7391,NA,NA,"GCDv4","Charcoal (sum)","<100 µm",NA,100,"True","False","number","Microscopic charcoal (pollen slide)","direct",NA,"CHAR",6711,NA,NA,"quant_raw",0.3,"volume","cm^3","RPDv1b","1701","charcoal","count","microchar","pollen_slide","particle","<100um num",NA,"<100um","num","RPDv1b","measured",1,"RPDv1b","ELEMENT=<100 µm","Ribeira do Farelo and Ribeira da Torre",37.151969,-8.594376,0.6,"north","Portugal",NA,"sedfluv",841,1,2010,"Schneider, H., Höfer, D., Trog, C., Busch, S., Schneider, M., Baade, J., Daut, G., Mäusbacher, R., 2010. Holocene estuary development in the Algarve Region (Southern Portugal) – A reconstruction of sedimentological and ecological evolution. Quaternary International 221, 141–158.","Holocene estuary development in the Algarve Region (Southern Portugal) - A reconstruction of sedimentological and ecological evolution","Quaternary International",221,NA,"141-158",NA,"10.1016/j.quaint.2009.10.004",NA,NA,NA,NA,NA,NA,NA,NA,NA,NA,NA,NA,NA,"RPDv1b:1701|RPDv1b:1702",841,"Schneider, H.",1,"Schneider","H.",NA,NA,NA,NA,NA,NA,NA,NA,NA,"RPDv1b:1701",841,"RPDv1b",1701,13708,117.5,1.175,"m",0.05,"AMS","charcoal",3130,40,NA,NA,"Beta-248343",TRUE,NA,"-888888 Date is in uncalibrated radiocarbon years.","Ribeira do Farelo and Ribeira da Torre_POLLENSLIDE","counted","NaN-100",NA,NA,"",3130,3090,3170,3130,117.5,0.05,"-888888 Date is in uncalibrated radiocarbon years.",". Cal curve: NA. Source DB: RPDv1b","Fluvial","Carbon-14","Radiocarbon",-23.93478,7405.521,"Calibrated radiocarbon years BP","sedimentary charcoal","Data Sourcing: RPDv1b","Sample Age Source: GCDv4"
"841",4,"charcoal | >100um num",NA,17,NA,NA,317.7391,NA,NA,"GCDv4","Charcoal (sum)",">100 µm",100,NA,"False","True","number","Microscopic charcoal (pollen slide)","direct",NA,"CHAR",25,NA,NA,"quant_raw",0.3,"volume","cm^3","RPDv1b","1702","charcoal","count","unspec","pollen_slide","particle",">100um num",NA,">100um","num","RPDv1b","measured",1,"RPDv1b","ELEMENT=>100 µm","Ribeira do Farelo and Ribeira da Torre",37.151969,-8.594376,0.6,"north","Portugal",NA,"sedfluv",841,1,2010,"Schneider, H., Höfer, D., Trog, C., Busch, S., Schneider, M., Baade, J., Daut, G., Mäusbacher, R., 2010. Holocene estuary development in the Algarve Region (Southern Portugal) – A reconstruction of sedimentological and ecological evolution. Quaternary International 221, 141–158.","Holocene estuary development in the Algarve Region (Southern Portugal) - A reconstruction of sedimentological and ecological evolution","Quaternary International",221,NA,"141-158",NA,"10.1016/j.quaint.2009.10.004",NA,NA,NA,NA,NA,NA,NA,NA,NA,NA,NA,NA,NA,"RPDv1b:1701|RPDv1b:1702",841,"Schneider, H.",1,"Schneider","H.",NA,NA,NA,NA,NA,NA,NA,NA,NA,"RPDv1b:1701",841,"RPDv1b",1701,13708,117.5,1.175,"m",0.05,"AMS","charcoal",3130,40,NA,NA,"Beta-248343",TRUE,NA,"-888888 Date is in uncalibrated radiocarbon years.","Ribeira do Farelo and Ribeira da Torre_POLLENSLIDE","counted","100-NaN",NA,NA,"",3130,3090,3170,3130,117.5,0.05,"-888888 Date is in uncalibrated radiocarbon years.",". Cal curve: NA. Source DB: RPDv1b","Fluvial","Carbon-14","Radiocarbon",-23.93478,7405.521,"Calibrated radiocarbon years BP","sedimentary charcoal","Data Sourcing: RPDv1b","Sample Age Source: GCDv4"
"841",4,"charcoal | num cm-2 yr-1",NA,17,NA,NA,317.7391,NA,NA,"GCDv4","Charcoal (sum)","(additional options)",NA,NA,"False","False","number cm-2 yr-1","Microscopic charcoal (pollen slide)","direct",NA,"CHAR",7053406.62371841,NA,NA,"quant_influx",NA,"","","GCDv4","GCDv4_1153","charcoal","count","unspec","pollen_slide","particle","num cm-2 yr-1",NA,"no_size","num cm-2 yr-1","RPDv1b","measured",1,"GCDv4","","Ribeira do Farelo and Ribeira da Torre",37.151969,-8.594376,0.6,"north","Portugal",NA,"sedfluv",841,1,2010,"Schneider, H., Höfer, D., Trog, C., Busch, S., Schneider, M., Baade, J., Daut, G., Mäusbacher, R., 2010. Holocene estuary development in the Algarve Region (Southern Portugal) – A reconstruction of sedimentological and ecological evolution. Quaternary International 221, 141–158.","Holocene estuary development in the Algarve Region (Southern Portugal) - A reconstruction of sedimentological and ecological evolution","Quaternary International",221,NA,"141-158",NA,"10.1016/j.quaint.2009.10.004",NA,NA,NA,NA,NA,NA,NA,NA,NA,NA,NA,NA,NA,"RPDv1b:1701|RPDv1b:1702",841,"Schneider, H.",1,"Schneider","H.",NA,NA,NA,NA,NA,NA,NA,NA,NA,"RPDv1b:1701",841,"RPDv1b",1701,13708,117.5,1.175,"m",0.05,"AMS","charcoal",3130,40,NA,NA,"Beta-248343",TRUE,NA,"-888888 Date is in uncalibrated radiocarbon years.","Ribeira do Farelo and Ribeira da Torre_POLLENSLIDE",NA,NA,NA,NA,NA,3130,3090,3170,3130,117.5,0.05,"-888888 Date is in uncalibrated radiocarbon years.",". Cal curve: NA. Source DB: RPDv1b","Fluvial","Carbon-14","Radiocarbon",-23.93478,7405.521,"Calibrated radiocarbon years BP","sedimentary charcoal","Data Sourcing: GCDv4","Sample Age Source: GCDv4"
"841",5,"charcoal | <100um num",NA,19.5,NA,NA,372.8478,NA,NA,"GCDv4","Charcoal (sum)","<100 µm",NA,100,"True","False","number","Microscopic charcoal (pollen slide)","direct",NA,"CHAR",4307,NA,NA,"quant_raw",0.3,"volume","cm^3","RPDv1b","1701","charcoal","count","microchar","pollen_slide","particle","<100um num",NA,"<100um","num","RPDv1b","measured",1,"RPDv1b","ELEMENT=<100 µm","Ribeira do Farelo and Ribeira da Torre",37.151969,-8.594376,0.6,"north","Portugal",NA,"sedfluv",841,1,2010,"Schneider, H., Höfer, D., Trog, C., Busch, S., Schneider, M., Baade, J., Daut, G., Mäusbacher, R., 2010. Holocene estuary development in the Algarve Region (Southern Portugal) – A reconstruction of sedimentological and ecological evolution. Quaternary International 221, 141–158.","Holocene estuary development in the Algarve Region (Southern Portugal) - A reconstruction of sedimentological and ecological evolution","Quaternary International",221,NA,"141-158",NA,"10.1016/j.quaint.2009.10.004",NA,NA,NA,NA,NA,NA,NA,NA,NA,NA,NA,NA,NA,"RPDv1b:1701|RPDv1b:1702",841,"Schneider, H.",1,"Schneider","H.",NA,NA,NA,NA,NA,NA,NA,NA,NA,"RPDv1b:1701",841,"RPDv1b",1701,13708,117.5,1.175,"m",0.05,"AMS","charcoal",3130,40,NA,NA,"Beta-248343",TRUE,NA,"-888888 Date is in uncalibrated radiocarbon years.","Ribeira do Farelo and Ribeira da Torre_POLLENSLIDE","counted","NaN-100",NA,NA,"",3130,3090,3170,3130,117.5,0.05,"-888888 Date is in uncalibrated radiocarbon years.",". Cal curve: NA. Source DB: RPDv1b","Fluvial","Carbon-14","Radiocarbon",-23.93478,7405.521,"Calibrated radiocarbon years BP","sedimentary charcoal","Data Sourcing: RPDv1b","Sample Age Source: GCDv4"
"841",5,"charcoal | >100um num",NA,19.5,NA,NA,372.8478,NA,NA,"GCDv4","Charcoal (sum)",">100 µm",100,NA,"False","True","number","Microscopic charcoal (pollen slide)","direct",NA,"CHAR",24,NA,NA,"quant_raw",0.3,"volume","cm^3","RPDv1b","1702","charcoal","count","unspec","pollen_slide","particle",">100um num",NA,">100um","num","RPDv1b","measured",1,"RPDv1b","ELEMENT=>100 µm","Ribeira do Farelo and Ribeira da Torre",37.151969,-8.594376,0.6,"north","Portugal",NA,"sedfluv",841,1,2010,"Schneider, H., Höfer, D., Trog, C., Busch, S., Schneider, M., Baade, J., Daut, G., Mäusbacher, R., 2010. Holocene estuary development in the Algarve Region (Southern Portugal) – A reconstruction of sedimentological and ecological evolution. Quaternary International 221, 141–158.","Holocene estuary development in the Algarve Region (Southern Portugal) - A reconstruction of sedimentological and ecological evolution","Quaternary International",221,NA,"141-158",NA,"10.1016/j.quaint.2009.10.004",NA,NA,NA,NA,NA,NA,NA,NA,NA,NA,NA,NA,NA,"RPDv1b:1701|RPDv1b:1702",841,"Schneider, H.",1,"Schneider","H.",NA,NA,NA,NA,NA,NA,NA,NA,NA,"RPDv1b:1701",841,"RPDv1b",1701,13708,117.5,1.175,"m",0.05,"AMS","charcoal",3130,40,NA,NA,"Beta-248343",TRUE,NA,"-888888 Date is in uncalibrated radiocarbon years.","Ribeira do Farelo and Ribeira da Torre_POLLENSLIDE","counted","100-NaN",NA,NA,"",3130,3090,3170,3130,117.5,0.05,"-888888 Date is in uncalibrated radiocarbon years.",". Cal curve: NA. Source DB: RPDv1b","Fluvial","Carbon-14","Radiocarbon",-23.93478,7405.521,"Calibrated radiocarbon years BP","sedimentary charcoal","Data Sourcing: RPDv1b","Sample Age Source: GCDv4"
"841",5,"charcoal | num cm-2 yr-1",NA,19.5,NA,NA,372.8478,NA,NA,"GCDv4","Charcoal (sum)","(additional options)",NA,NA,"False","False","number cm-2 yr-1","Microscopic charcoal (pollen slide)","direct",NA,"CHAR",6720169.71843197,NA,NA,"quant_influx",NA,"","","GCDv4","GCDv4_1153","charcoal","count","unspec","pollen_slide","particle","num cm-2 yr-1",NA,"no_size","num cm-2 yr-1","RPDv1b","measured",1,"GCDv4","","Ribeira do Farelo and Ribeira da Torre",37.151969,-8.594376,0.6,"north","Portugal",NA,"sedfluv",841,1,2010,"Schneider, H., Höfer, D., Trog, C., Busch, S., Schneider, M., Baade, J., Daut, G., Mäusbacher, R., 2010. Holocene estuary development in the Algarve Region (Southern Portugal) – A reconstruction of sedimentological and ecological evolution. Quaternary International 221, 141–158.","Holocene estuary development in the Algarve Region (Southern Portugal) - A reconstruction of sedimentological and ecological evolution","Quaternary International",221,NA,"141-158",NA,"10.1016/j.quaint.2009.10.004",NA,NA,NA,NA,NA,NA,NA,NA,NA,NA,NA,NA,NA,"RPDv1b:1701|RPDv1b:1702",841,"Schneider, H.",1,"Schneider","H.",NA,NA,NA,NA,NA,NA,NA,NA,NA,"RPDv1b:1701",841,"RPDv1b",1701,13708,117.5,1.175,"m",0.05,"AMS","charcoal",3130,40,NA,NA,"Beta-248343",TRUE,NA,"-888888 Date is in uncalibrated radiocarbon years.","Ribeira do Farelo and Ribeira da Torre_POLLENSLIDE",NA,NA,NA,NA,NA,3130,3090,3170,3130,117.5,0.05,"-888888 Date is in uncalibrated radiocarbon years.",". Cal curve: NA. Source DB: RPDv1b","Fluvial","Carbon-14","Radiocarbon",-23.93478,7405.521,"Calibrated radiocarbon years BP","sedimentary charcoal","Data Sourcing: GCDv4","Sample Age Source: GCDv4"
"841",6,"charcoal | <100um num",NA,22,NA,NA,427.9565,NA,NA,"GCDv4","Charcoal (sum)","<100 µm",NA,100,"True","False","number","Microscopic charcoal (pollen slide)","direct",NA,"CHAR",4383,NA,NA,"quant_raw",0.3,"volume","cm^3","RPDv1b","1701","charcoal","count","microchar","pollen_slide","particle","<100um num",NA,"<100um","num","RPDv1b","measured",1,"RPDv1b","ELEMENT=<100 µm","Ribeira do Farelo and Ribeira da Torre",37.151969,-8.594376,0.6,"north","Portugal",NA,"sedfluv",841,1,2010,"Schneider, H., Höfer, D., Trog, C., Busch, S., Schneider, M., Baade, J., Daut, G., Mäusbacher, R., 2010. Holocene estuary development in the Algarve Region (Southern Portugal) – A reconstruction of sedimentological and ecological evolution. Quaternary International 221, 141–158.","Holocene estuary development in the Algarve Region (Southern Portugal) - A reconstruction of sedimentological and ecological evolution","Quaternary International",221,NA,"141-158",NA,"10.1016/j.quaint.2009.10.004",NA,NA,NA,NA,NA,NA,NA,NA,NA,NA,NA,NA,NA,"RPDv1b:1701|RPDv1b:1702",841,"Schneider, H.",1,"Schneider","H.",NA,NA,NA,NA,NA,NA,NA,NA,NA,"RPDv1b:1701",841,"RPDv1b",1701,13708,117.5,1.175,"m",0.05,"AMS","charcoal",3130,40,NA,NA,"Beta-248343",TRUE,NA,"-888888 Date is in uncalibrated radiocarbon years.","Ribeira do Farelo and Ribeira da Torre_POLLENSLIDE","counted","NaN-100",NA,NA,"",3130,3090,3170,3130,117.5,0.05,"-888888 Date is in uncalibrated radiocarbon years.",". Cal curve: NA. Source DB: RPDv1b","Fluvial","Carbon-14","Radiocarbon",-23.93478,7405.521,"Calibrated radiocarbon years BP","sedimentary charcoal","Data Sourcing: RPDv1b","Sample Age Source: GCDv4"
"841",6,"charcoal | >100um num",NA,22,NA,NA,427.9565,NA,NA,"GCDv4","Charcoal (sum)",">100 µm",100,NA,"False","True","number","Microscopic charcoal (pollen slide)","direct",NA,"CHAR",7,NA,NA,"quant_raw",0.3,"volume","cm^3","RPDv1b","1702","charcoal","count","unspec","pollen_slide","particle",">100um num",NA,">100um","num","RPDv1b","measured",1,"RPDv1b","ELEMENT=>100 µm","Ribeira do Farelo and Ribeira da Torre",37.151969,-8.594376,0.6,"north","Portugal",NA,"sedfluv",841,1,2010,"Schneider, H., Höfer, D., Trog, C., Busch, S., Schneider, M., Baade, J., Daut, G., Mäusbacher, R., 2010. Holocene estuary development in the Algarve Region (Southern Portugal) – A reconstruction of sedimentological and ecological evolution. Quaternary International 221, 141–158.","Holocene estuary development in the Algarve Region (Southern Portugal) - A reconstruction of sedimentological and ecological evolution","Quaternary International",221,NA,"141-158",NA,"10.1016/j.quaint.2009.10.004",NA,NA,NA,NA,NA,NA,NA,NA,NA,NA,NA,NA,NA,"RPDv1b:1701|RPDv1b:1702",841,"Schneider, H.",1,"Schneider","H.",NA,NA,NA,NA,NA,NA,NA,NA,NA,"RPDv1b:1701",841,"RPDv1b",1701,13708,117.5,1.175,"m",0.05,"AMS","charcoal",3130,40,NA,NA,"Beta-248343",TRUE,NA,"-888888 Date is in uncalibrated radiocarbon years.","Ribeira do Farelo and Ribeira da Torre_POLLENSLIDE","counted","100-NaN",NA,NA,"",3130,3090,3170,3130,117.5,0.05,"-888888 Date is in uncalibrated radiocarbon years.",". Cal curve: NA. Source DB: RPDv1b","Fluvial","Carbon-14","Radiocarbon",-23.93478,7405.521,"Calibrated radiocarbon years BP","sedimentary charcoal","Data Sourcing: RPDv1b","Sample Age Source: GCDv4"
"841",6,"charcoal | num cm-2 yr-1",NA,22,NA,NA,427.9565,NA,NA,"GCDv4","Charcoal (sum)","(additional options)",NA,NA,"False","False","number cm-2 yr-1","Microscopic charcoal (pollen slide)","direct",NA,"CHAR",8657214.44518137,NA,NA,"quant_influx",NA,"","","GCDv4","GCDv4_1153","charcoal","count","unspec","pollen_slide","particle","num cm-2 yr-1",NA,"no_size","num cm-2 yr-1","RPDv1b","measured",1,"GCDv4","","Ribeira do Farelo and Ribeira da Torre",37.151969,-8.594376,0.6,"north","Portugal",NA,"sedfluv",841,1,2010,"Schneider, H., Höfer, D., Trog, C., Busch, S., Schneider, M., Baade, J., Daut, G., Mäusbacher, R., 2010. Holocene estuary development in the Algarve Region (Southern Portugal) – A reconstruction of sedimentological and ecological evolution. Quaternary International 221, 141–158.","Holocene estuary development in the Algarve Region (Southern Portugal) - A reconstruction of sedimentological and ecological evolution","Quaternary International",221,NA,"141-158",NA,"10.1016/j.quaint.2009.10.004",NA,NA,NA,NA,NA,NA,NA,NA,NA,NA,NA,NA,NA,"RPDv1b:1701|RPDv1b:1702",841,"Schneider, H.",1,"Schneider","H.",NA,NA,NA,NA,NA,NA,NA,NA,NA,"RPDv1b:1701",841,"RPDv1b",1701,13708,117.5,1.175,"m",0.05,"AMS","charcoal",3130,40,NA,NA,"Beta-248343",TRUE,NA,"-888888 Date is in uncalibrated radiocarbon years.","Ribeira do Farelo and Ribeira da Torre_POLLENSLIDE",NA,NA,NA,NA,NA,3130,3090,3170,3130,117.5,0.05,"-888888 Date is in uncalibrated radiocarbon years.",". Cal curve: NA. Source DB: RPDv1b","Fluvial","Carbon-14","Radiocarbon",-23.93478,7405.521,"Calibrated radiocarbon years BP","sedimentary charcoal","Data Sourcing: GCDv4","Sample Age Source: GCDv4"
"841",7,"charcoal | <100um num",NA,23.5,NA,NA,474,NA,NA,"RPDv1b","Charcoal (sum)","<100 µm",NA,100,"True","False","number","Microscopic charcoal (pollen slide)","direct",NA,"CHAR",0,NA,NA,"quant_raw",0.3,"volume","cm^3","RPDv1b","1701","charcoal","count","microchar","pollen_slide","particle","<100um num",NA,"<100um","num","RPDv1b","measured",1,"RPDv1b","ELEMENT=<100 µm","Ribeira do Farelo and Ribeira da Torre",37.151969,-8.594376,0.6,"north","Portugal",NA,"sedfluv",841,1,2010,"Schneider, H., Höfer, D., Trog, C., Busch, S., Schneider, M., Baade, J., Daut, G., Mäusbacher, R., 2010. Holocene estuary development in the Algarve Region (Southern Portugal) – A reconstruction of sedimentological and ecological evolution. Quaternary International 221, 141–158.","Holocene estuary development in the Algarve Region (Southern Portugal) - A reconstruction of sedimentological and ecological evolution","Quaternary International",221,NA,"141-158",NA,"10.1016/j.quaint.2009.10.004",NA,NA,NA,NA,NA,NA,NA,NA,NA,NA,NA,NA,NA,"RPDv1b:1701|RPDv1b:1702",841,"Schneider, H.",1,"Schneider","H.",NA,NA,NA,NA,NA,NA,NA,NA,NA,"RPDv1b:1701",841,"RPDv1b",1701,13708,117.5,1.175,"m",0.05,"AMS","charcoal",3130,40,NA,NA,"Beta-248343",TRUE,NA,"-888888 Date is in uncalibrated radiocarbon years.","Ribeira do Farelo and Ribeira da Torre_POLLENSLIDE","counted","NaN-100",NA,NA,"",3130,3090,3170,3130,117.5,0.05,"-888888 Date is in uncalibrated radiocarbon years.",". Cal curve: NA. Source DB: RPDv1b","Fluvial","Carbon-14","Radiocarbon",-23.93478,7405.521,"Calibrated radiocarbon years BP","sedimentary charcoal","Data Sourcing: RPDv1b","Sample Age Source: RPDv1b"
"841",7,"charcoal | >100um num",NA,23.5,NA,NA,474,NA,NA,"RPDv1b","Charcoal (sum)",">100 µm",100,NA,"False","True","number","Microscopic charcoal (pollen slide)","direct",NA,"CHAR",0,NA,NA,"quant_raw",0.3,"volume","cm^3","RPDv1b","1702","charcoal","count","unspec","pollen_slide","particle",">100um num",NA,">100um","num","RPDv1b","measured",1,"RPDv1b","ELEMENT=>100 µm","Ribeira do Farelo and Ribeira da Torre",37.151969,-8.594376,0.6,"north","Portugal",NA,"sedfluv",841,1,2010,"Schneider, H., Höfer, D., Trog, C., Busch, S., Schneider, M., Baade, J., Daut, G., Mäusbacher, R., 2010. Holocene estuary development in the Algarve Region (Southern Portugal) – A reconstruction of sedimentological and ecological evolution. Quaternary International 221, 141–158.","Holocene estuary development in the Algarve Region (Southern Portugal) - A reconstruction of sedimentological and ecological evolution","Quaternary International",221,NA,"141-158",NA,"10.1016/j.quaint.2009.10.004",NA,NA,NA,NA,NA,NA,NA,NA,NA,NA,NA,NA,NA,"RPDv1b:1701|RPDv1b:1702",841,"Schneider, H.",1,"Schneider","H.",NA,NA,NA,NA,NA,NA,NA,NA,NA,"RPDv1b:1701",841,"RPDv1b",1701,13708,117.5,1.175,"m",0.05,"AMS","charcoal",3130,40,NA,NA,"Beta-248343",TRUE,NA,"-888888 Date is in uncalibrated radiocarbon years.","Ribeira do Farelo and Ribeira da Torre_POLLENSLIDE","counted","100-NaN",NA,NA,"",3130,3090,3170,3130,117.5,0.05,"-888888 Date is in uncalibrated radiocarbon years.",". Cal curve: NA. Source DB: RPDv1b","Fluvial","Carbon-14","Radiocarbon",-23.93478,7405.521,"Calibrated radiocarbon years BP","sedimentary charcoal","Data Sourcing: RPDv1b","Sample Age Source: RPDv1b"
"841",7,"charcoal | num cm-2 yr-1",NA,23.5,NA,NA,474,NA,NA,"RPDv1b","Charcoal (sum)","(additional options)",NA,NA,"False","False","number cm-2 yr-1","Microscopic charcoal (pollen slide)","direct",NA,"CHAR",0,NA,NA,"quant_influx",NA,"","","GCDv4","GCDv4_1153","charcoal","count","unspec","pollen_slide","particle","num cm-2 yr-1",NA,"no_size","num cm-2 yr-1","RPDv1b","measured",1,"GCDv4","","Ribeira do Farelo and Ribeira da Torre",37.151969,-8.594376,0.6,"north","Portugal",NA,"sedfluv",841,1,2010,"Schneider, H., Höfer, D., Trog, C., Busch, S., Schneider, M., Baade, J., Daut, G., Mäusbacher, R., 2010. Holocene estuary development in the Algarve Region (Southern Portugal) – A reconstruction of sedimentological and ecological evolution. Quaternary International 221, 141–158.","Holocene estuary development in the Algarve Region (Southern Portugal) - A reconstruction of sedimentological and ecological evolution","Quaternary International",221,NA,"141-158",NA,"10.1016/j.quaint.2009.10.004",NA,NA,NA,NA,NA,NA,NA,NA,NA,NA,NA,NA,NA,"RPDv1b:1701|RPDv1b:1702",841,"Schneider, H.",1,"Schneider","H.",NA,NA,NA,NA,NA,NA,NA,NA,NA,"RPDv1b:1701",841,"RPDv1b",1701,13708,117.5,1.175,"m",0.05,"AMS","charcoal",3130,40,NA,NA,"Beta-248343",TRUE,NA,"-888888 Date is in uncalibrated radiocarbon years.","Ribeira do Farelo and Ribeira da Torre_POLLENSLIDE",NA,NA,NA,NA,NA,3130,3090,3170,3130,117.5,0.05,"-888888 Date is in uncalibrated radiocarbon years.",". Cal curve: NA. Source DB: RPDv1b","Fluvial","Carbon-14","Radiocarbon",-23.93478,7405.521,"Calibrated radiocarbon years BP","sedimentary charcoal","Data Sourcing: GCDv4","Sample Age Source: RPDv1b"
"841",8,"charcoal | <100um num",NA,25.5,NA,NA,570,NA,NA,"RPDv1b","Charcoal (sum)","<100 µm",NA,100,"True","False","number","Microscopic charcoal (pollen slide)","direct",NA,"CHAR",14725,NA,NA,"quant_raw",0.3,"volume","cm^3","RPDv1b","1701","charcoal","count","microchar","pollen_slide","particle","<100um num",NA,"<100um","num","RPDv1b","measured",1,"RPDv1b","ELEMENT=<100 µm","Ribeira do Farelo and Ribeira da Torre",37.151969,-8.594376,0.6,"north","Portugal",NA,"sedfluv",841,1,2010,"Schneider, H., Höfer, D., Trog, C., Busch, S., Schneider, M., Baade, J., Daut, G., Mäusbacher, R., 2010. Holocene estuary development in the Algarve Region (Southern Portugal) – A reconstruction of sedimentological and ecological evolution. Quaternary International 221, 141–158.","Holocene estuary development in the Algarve Region (Southern Portugal) - A reconstruction of sedimentological and ecological evolution","Quaternary International",221,NA,"141-158",NA,"10.1016/j.quaint.2009.10.004",NA,NA,NA,NA,NA,NA,NA,NA,NA,NA,NA,NA,NA,"RPDv1b:1701|RPDv1b:1702",841,"Schneider, H.",1,"Schneider","H.",NA,NA,NA,NA,NA,NA,NA,NA,NA,"RPDv1b:1701",841,"RPDv1b",1701,13709,136.5,1.365,"m",0.01,"AMS","charcoal",3040,40,NA,NA,"Beta-248344",TRUE,NA,"-888888 Date is in uncalibrated radiocarbon years.","Ribeira do Farelo and Ribeira da Torre_POLLENSLIDE","counted","NaN-100",NA,NA,"",3040,3000,3080,3040,136.5,0.01,"-888888 Date is in uncalibrated radiocarbon years.",". Cal curve: NA. Source DB: RPDv1b","Fluvial","Carbon-14","Radiocarbon",-23.93478,7405.521,"Calibrated radiocarbon years BP","sedimentary charcoal","Data Sourcing: RPDv1b","Sample Age Source: RPDv1b"
"841",8,"charcoal | >100um num",NA,25.5,NA,NA,570,NA,NA,"RPDv1b","Charcoal (sum)",">100 µm",100,NA,"False","True","number","Microscopic charcoal (pollen slide)","direct",NA,"CHAR",22,NA,NA,"quant_raw",0.3,"volume","cm^3","RPDv1b","1702","charcoal","count","unspec","pollen_slide","particle",">100um num",NA,">100um","num","RPDv1b","measured",1,"RPDv1b","ELEMENT=>100 µm","Ribeira do Farelo and Ribeira da Torre",37.151969,-8.594376,0.6,"north","Portugal",NA,"sedfluv",841,1,2010,"Schneider, H., Höfer, D., Trog, C., Busch, S., Schneider, M., Baade, J., Daut, G., Mäusbacher, R., 2010. Holocene estuary development in the Algarve Region (Southern Portugal) – A reconstruction of sedimentological and ecological evolution. Quaternary International 221, 141–158.","Holocene estuary development in the Algarve Region (Southern Portugal) - A reconstruction of sedimentological and ecological evolution","Quaternary International",221,NA,"141-158",NA,"10.1016/j.quaint.2009.10.004",NA,NA,NA,NA,NA,NA,NA,NA,NA,NA,NA,NA,NA,"RPDv1b:1701|RPDv1b:1702",841,"Schneider, H.",1,"Schneider","H.",NA,NA,NA,NA,NA,NA,NA,NA,NA,"RPDv1b:1701",841,"RPDv1b",1701,13709,136.5,1.365,"m",0.01,"AMS","charcoal",3040,40,NA,NA,"Beta-248344",TRUE,NA,"-888888 Date is in uncalibrated radiocarbon years.","Ribeira do Farelo and Ribeira da Torre_POLLENSLIDE","counted","100-NaN",NA,NA,"",3040,3000,3080,3040,136.5,0.01,"-888888 Date is in uncalibrated radiocarbon years.",". Cal curve: NA. Source DB: RPDv1b","Fluvial","Carbon-14","Radiocarbon",-23.93478,7405.521,"Calibrated radiocarbon years BP","sedimentary charcoal","Data Sourcing: RPDv1b","Sample Age Source: RPDv1b"
"841",8,"charcoal | num cm-2 yr-1",NA,25.5,NA,NA,570,NA,NA,"RPDv1b","Charcoal (sum)","(additional options)",NA,NA,"False","False","number cm-2 yr-1","Microscopic charcoal (pollen slide)","direct",NA,"CHAR",35360451.7419355,NA,NA,"quant_influx",NA,"","","GCDv4","GCDv4_1153","charcoal","count","unspec","pollen_slide","particle","num cm-2 yr-1",NA,"no_size","num cm-2 yr-1","RPDv1b","measured",1,"GCDv4","","Ribeira do Farelo and Ribeira da Torre",37.151969,-8.594376,0.6,"north","Portugal",NA,"sedfluv",841,1,2010,"Schneider, H., Höfer, D., Trog, C., Busch, S., Schneider, M., Baade, J., Daut, G., Mäusbacher, R., 2010. Holocene estuary development in the Algarve Region (Southern Portugal) – A reconstruction of sedimentological and ecological evolution. Quaternary International 221, 141–158.","Holocene estuary development in the Algarve Region (Southern Portugal) - A reconstruction of sedimentological and ecological evolution","Quaternary International",221,NA,"141-158",NA,"10.1016/j.quaint.2009.10.004",NA,NA,NA,NA,NA,NA,NA,NA,NA,NA,NA,NA,NA,"RPDv1b:1701|RPDv1b:1702",841,"Schneider, H.",1,"Schneider","H.",NA,NA,NA,NA,NA,NA,NA,NA,NA,"RPDv1b:1701",841,"RPDv1b",1701,13709,136.5,1.365,"m",0.01,"AMS","charcoal",3040,40,NA,NA,"Beta-248344",TRUE,NA,"-888888 Date is in uncalibrated radiocarbon years.","Ribeira do Farelo and Ribeira da Torre_POLLENSLIDE",NA,NA,NA,NA,NA,3040,3000,3080,3040,136.5,0.01,"-888888 Date is in uncalibrated radiocarbon years.",". Cal curve: NA. Source DB: RPDv1b","Fluvial","Carbon-14","Radiocarbon",-23.93478,7405.521,"Calibrated radiocarbon years BP","sedimentary charcoal","Data Sourcing: GCDv4","Sample Age Source: RPDv1b"
"841",9,"charcoal | <100um num",NA,28.5,NA,NA,714,NA,NA,"RPDv1b","Charcoal (sum)","<100 µm",NA,100,"True","False","number","Microscopic charcoal (pollen slide)","direct",NA,"CHAR",5423,NA,NA,"quant_raw",0.3,"volume","cm^3","RPDv1b","1701","charcoal","count","microchar","pollen_slide","particle","<100um num",NA,"<100um","num","RPDv1b","measured",1,"RPDv1b","ELEMENT=<100 µm","Ribeira do Farelo and Ribeira da Torre",37.151969,-8.594376,0.6,"north","Portugal",NA,"sedfluv",841,1,2010,"Schneider, H., Höfer, D., Trog, C., Busch, S., Schneider, M., Baade, J., Daut, G., Mäusbacher, R., 2010. Holocene estuary development in the Algarve Region (Southern Portugal) – A reconstruction of sedimentological and ecological evolution. Quaternary International 221, 141–158.","Holocene estuary development in the Algarve Region (Southern Portugal) - A reconstruction of sedimentological and ecological evolution","Quaternary International",221,NA,"141-158",NA,"10.1016/j.quaint.2009.10.004",NA,NA,NA,NA,NA,NA,NA,NA,NA,NA,NA,NA,NA,"RPDv1b:1701|RPDv1b:1702",841,"Schneider, H.",1,"Schneider","H.",NA,NA,NA,NA,NA,NA,NA,NA,NA,"RPDv1b:1701",841,"RPDv1b",1701,13709,136.5,1.365,"m",0.01,"AMS","charcoal",3040,40,NA,NA,"Beta-248344",TRUE,NA,"-888888 Date is in uncalibrated radiocarbon years.","Ribeira do Farelo and Ribeira da Torre_POLLENSLIDE","counted","NaN-100",NA,NA,"",3040,3000,3080,3040,136.5,0.01,"-888888 Date is in uncalibrated radiocarbon years.",". Cal curve: NA. Source DB: RPDv1b","Fluvial","Carbon-14","Radiocarbon",-23.93478,7405.521,"Calibrated radiocarbon years BP","sedimentary charcoal","Data Sourcing: RPDv1b","Sample Age Source: RPDv1b"
"841",9,"charcoal | >100um num",NA,28.5,NA,NA,714,NA,NA,"RPDv1b","Charcoal (sum)",">100 µm",100,NA,"False","True","number","Microscopic charcoal (pollen slide)","direct",NA,"CHAR",55,NA,NA,"quant_raw",0.3,"volume","cm^3","RPDv1b","1702","charcoal","count","unspec","pollen_slide","particle",">100um num",NA,">100um","num","RPDv1b","measured",1,"RPDv1b","ELEMENT=>100 µm","Ribeira do Farelo and Ribeira da Torre",37.151969,-8.594376,0.6,"north","Portugal",NA,"sedfluv",841,1,2010,"Schneider, H., Höfer, D., Trog, C., Busch, S., Schneider, M., Baade, J., Daut, G., Mäusbacher, R., 2010. Holocene estuary development in the Algarve Region (Southern Portugal) – A reconstruction of sedimentological and ecological evolution. Quaternary International 221, 141–158.","Holocene estuary development in the Algarve Region (Southern Portugal) - A reconstruction of sedimentological and ecological evolution","Quaternary International",221,NA,"141-158",NA,"10.1016/j.quaint.2009.10.004",NA,NA,NA,NA,NA,NA,NA,NA,NA,NA,NA,NA,NA,"RPDv1b:1701|RPDv1b:1702",841,"Höfer, D.",1,"Höfer","D.",NA,NA,NA,NA,NA,NA,NA,NA,NA,"RPDv1b:1701",841,"RPDv1b",1701,13709,136.5,1.365,"m",0.01,"AMS","charcoal",3040,40,NA,NA,"Beta-248344",TRUE,NA,"-888888 Date is in uncalibrated radiocarbon years.","Ribeira do Farelo and Ribeira da Torre_POLLENSLIDE","counted","100-NaN",NA,NA,"",3040,3000,3080,3040,136.5,0.01,"-888888 Date is in uncalibrated radiocarbon years.",". Cal curve: NA. Source DB: RPDv1b","Fluvial","Carbon-14","Radiocarbon",-23.93478,7405.521,"Calibrated radiocarbon years BP","sedimentary charcoal","Data Sourcing: RPDv1b","Sample Age Source: RPDv1b"
"841",9,"charcoal | num cm-2 yr-1",NA,28.5,NA,NA,714,NA,NA,"RPDv1b","Charcoal (sum)","(additional options)",NA,NA,"False","False","number cm-2 yr-1","Microscopic charcoal (pollen slide)","direct",NA,"CHAR",12264780,NA,NA,"quant_influx",NA,"","","GCDv4","GCDv4_1153","charcoal","count","unspec","pollen_slide","particle","num cm-2 yr-1",NA,"no_size","num cm-2 yr-1","RPDv1b","measured",1,"GCDv4","","Ribeira do Farelo and Ribeira da Torre",37.151969,-8.594376,0.6,"north","Portugal",NA,"sedfluv",841,1,2010,"Schneider, H., Höfer, D., Trog, C., Busch, S., Schneider, M., Baade, J., Daut, G., Mäusbacher, R., 2010. Holocene estuary development in the Algarve Region (Southern Portugal) – A reconstruction of sedimentological and ecological evolution. Quaternary International 221, 141–158.","Holocene estuary development in the Algarve Region (Southern Portugal) - A reconstruction of sedimentological and ecological evolution","Quaternary International",221,NA,"141-158",NA,"10.1016/j.quaint.2009.10.004",NA,NA,NA,NA,NA,NA,NA,NA,NA,NA,NA,NA,NA,"RPDv1b:1701|RPDv1b:1702",841,"Höfer, D.",1,"Höfer","D.",NA,NA,NA,NA,NA,NA,NA,NA,NA,"RPDv1b:1701",841,"RPDv1b",1701,13709,136.5,1.365,"m",0.01,"AMS","charcoal",3040,40,NA,NA,"Beta-248344",TRUE,NA,"-888888 Date is in uncalibrated radiocarbon years.","Ribeira do Farelo and Ribeira da Torre_POLLENSLIDE",NA,NA,NA,NA,NA,3040,3000,3080,3040,136.5,0.01,"-888888 Date is in uncalibrated radiocarbon years.",". Cal curve: NA. Source DB: RPDv1b","Fluvial","Carbon-14","Radiocarbon",-23.93478,7405.521,"Calibrated radiocarbon years BP","sedimentary charcoal","Data Sourcing: GCDv4","Sample Age Source: RPDv1b"
"841",10,"charcoal | <100um num",NA,30.5,NA,NA,810,NA,NA,"RPDv1b","Charcoal (sum)","<100 µm",NA,100,"True","False","number","Microscopic charcoal (pollen slide)","direct",NA,"CHAR",7204,NA,NA,"quant_raw",0.3,"volume","cm^3","RPDv1b","1701","charcoal","count","microchar","pollen_slide","particle","<100um num",NA,"<100um","num","RPDv1b","measured",1,"RPDv1b","ELEMENT=<100 µm","Ribeira do Farelo and Ribeira da Torre",37.151969,-8.594376,0.6,"north","Portugal",NA,"sedfluv",841,1,2010,"Schneider, H., Höfer, D., Trog, C., Busch, S., Schneider, M., Baade, J., Daut, G., Mäusbacher, R., 2010. Holocene estuary development in the Algarve Region (Southern Portugal) – A reconstruction of sedimentological and ecological evolution. Quaternary International 221, 141–158.","Holocene estuary development in the Algarve Region (Southern Portugal) - A reconstruction of sedimentological and ecological evolution","Quaternary International",221,NA,"141-158",NA,"10.1016/j.quaint.2009.10.004",NA,NA,NA,NA,NA,NA,NA,NA,NA,NA,NA,NA,NA,"RPDv1b:1701|RPDv1b:1702",841,"Höfer, D.",1,"Höfer","D.",NA,NA,NA,NA,NA,NA,NA,NA,NA,"RPDv1b:1701",841,"RPDv1b",1701,13709,136.5,1.365,"m",0.01,"AMS","charcoal",3040,40,NA,NA,"Beta-248344",TRUE,NA,"-888888 Date is in uncalibrated radiocarbon years.","Ribeira do Farelo and Ribeira da Torre_POLLENSLIDE","counted","NaN-100",NA,NA,"",3040,3000,3080,3040,136.5,0.01,"-888888 Date is in uncalibrated radiocarbon years.",". Cal curve: NA. Source DB: RPDv1b","Fluvial","Carbon-14","Radiocarbon",-23.93478,7405.521,"Calibrated radiocarbon years BP","sedimentary charcoal","Data Sourcing: RPDv1b","Sample Age Source: RPDv1b"
"841",10,"charcoal | >100um num",NA,30.5,NA,NA,810,NA,NA,"RPDv1b","Charcoal (sum)",">100 µm",100,NA,"False","True","number","Microscopic charcoal (pollen slide)","direct",NA,"CHAR",22,NA,NA,"quant_raw",0.3,"volume","cm^3","RPDv1b","1702","charcoal","count","unspec","pollen_slide","particle",">100um num",NA,">100um","num","RPDv1b","measured",1,"RPDv1b","ELEMENT=>100 µm","Ribeira do Farelo and Ribeira da Torre",37.151969,-8.594376,0.6,"north","Portugal",NA,"sedfluv",841,1,2010,"Schneider, H., Höfer, D., Trog, C., Busch, S., Schneider, M., Baade, J., Daut, G., Mäusbacher, R., 2010. Holocene estuary development in the Algarve Region (Southern Portugal) – A reconstruction of sedimentological and ecological evolution. Quaternary International 221, 141–158.","Holocene estuary development in the Algarve Region (Southern Portugal) - A reconstruction of sedimentological and ecological evolution","Quaternary International",221,NA,"141-158",NA,"10.1016/j.quaint.2009.10.004",NA,NA,NA,NA,NA,NA,NA,NA,NA,NA,NA,NA,NA,"RPDv1b:1701|RPDv1b:1702",841,"Höfer, D.",1,"Höfer","D.",NA,NA,NA,NA,NA,NA,NA,NA,NA,"RPDv1b:1701",841,"RPDv1b",1701,13709,136.5,1.365,"m",0.01,"AMS","charcoal",3040,40,NA,NA,"Beta-248344",TRUE,NA,"-888888 Date is in uncalibrated radiocarbon years.","Ribeira do Farelo and Ribeira da Torre_POLLENSLIDE","counted","100-NaN",NA,NA,"",3040,3000,3080,3040,136.5,0.01,"-888888 Date is in uncalibrated radiocarbon years.",". Cal curve: NA. Source DB: RPDv1b","Fluvial","Carbon-14","Radiocarbon",-23.93478,7405.521,"Calibrated radiocarbon years BP","sedimentary charcoal","Data Sourcing: RPDv1b","Sample Age Source: RPDv1b"
"841",10,"charcoal | num cm-2 yr-1",NA,30.5,NA,NA,810,NA,NA,"RPDv1b","Charcoal (sum)","(additional options)",NA,NA,"False","False","number cm-2 yr-1","Microscopic charcoal (pollen slide)","direct",NA,"CHAR",25947972.5603865,NA,NA,"quant_influx",NA,"","","GCDv4","GCDv4_1153","charcoal","count","unspec","pollen_slide","particle","num cm-2 yr-1",NA,"no_size","num cm-2 yr-1","RPDv1b","measured",1,"GCDv4","","Ribeira do Farelo and Ribeira da Torre",37.151969,-8.594376,0.6,"north","Portugal",NA,"sedfluv",841,1,2010,"Schneider, H., Höfer, D., Trog, C., Busch, S., Schneider, M., Baade, J., Daut, G., Mäusbacher, R., 2010. Holocene estuary development in the Algarve Region (Southern Portugal) – A reconstruction of sedimentological and ecological evolution. Quaternary International 221, 141–158.","Holocene estuary development in the Algarve Region (Southern Portugal) - A reconstruction of sedimentological and ecological evolution","Quaternary International",221,NA,"141-158",NA,"10.1016/j.quaint.2009.10.004",NA,NA,NA,NA,NA,NA,NA,NA,NA,NA,NA,NA,NA,"RPDv1b:1701|RPDv1b:1702",841,"Höfer, D.",1,"Höfer","D.",NA,NA,NA,NA,NA,NA,NA,NA,NA,"RPDv1b:1701",841,"RPDv1b",1701,13709,136.5,1.365,"m",0.01,"AMS","charcoal",3040,40,NA,NA,"Beta-248344",TRUE,NA,"-888888 Date is in uncalibrated radiocarbon years.","Ribeira do Farelo and Ribeira da Torre_POLLENSLIDE",NA,NA,NA,NA,NA,3040,3000,3080,3040,136.5,0.01,"-888888 Date is in uncalibrated radiocarbon years.",". Cal curve: NA. Source DB: RPDv1b","Fluvial","Carbon-14","Radiocarbon",-23.93478,7405.521,"Calibrated radiocarbon years BP","sedimentary charcoal","Data Sourcing: GCDv4","Sample Age Source: RPDv1b"
"841",11,"charcoal | <100um num",NA,32.5,NA,NA,906,NA,NA,"RPDv1b","Charcoal (sum)","<100 µm",NA,100,"True","False","number","Microscopic charcoal (pollen slide)","direct",NA,"CHAR",7558,NA,NA,"quant_raw",0.3,"volume","cm^3","RPDv1b","1701","charcoal","count","microchar","pollen_slide","particle","<100um num",NA,"<100um","num","RPDv1b","measured",1,"RPDv1b","ELEMENT=<100 µm","Ribeira do Farelo and Ribeira da Torre",37.151969,-8.594376,0.6,"north","Portugal",NA,"sedfluv",841,1,2010,"Schneider, H., Höfer, D., Trog, C., Busch, S., Schneider, M., Baade, J., Daut, G., Mäusbacher, R., 2010. Holocene estuary development in the Algarve Region (Southern Portugal) – A reconstruction of sedimentological and ecological evolution. Quaternary International 221, 141–158.","Holocene estuary development in the Algarve Region (Southern Portugal) - A reconstruction of sedimentological and ecological evolution","Quaternary International",221,NA,"141-158",NA,"10.1016/j.quaint.2009.10.004",NA,NA,NA,NA,NA,NA,NA,NA,NA,NA,NA,NA,NA,"RPDv1b:1701|RPDv1b:1702",841,"Höfer, D.",1,"Höfer","D.",NA,NA,NA,NA,NA,NA,NA,NA,NA,"RPDv1b:1701",841,"RPDv1b",1701,13709,136.5,1.365,"m",0.01,"AMS","charcoal",3040,40,NA,NA,"Beta-248344",TRUE,NA,"-888888 Date is in uncalibrated radiocarbon years.","Ribeira do Farelo and Ribeira da Torre_POLLENSLIDE","counted","NaN-100",NA,NA,"",3040,3000,3080,3040,136.5,0.01,"-888888 Date is in uncalibrated radiocarbon years.",". Cal curve: NA. Source DB: RPDv1b","Fluvial","Carbon-14","Radiocarbon",-23.93478,7405.521,"Calibrated radiocarbon years BP","sedimentary charcoal","Data Sourcing: RPDv1b","Sample Age Source: RPDv1b"
"841",11,"charcoal | >100um num",NA,32.5,NA,NA,906,NA,NA,"RPDv1b","Charcoal (sum)",">100 µm",100,NA,"False","True","number","Microscopic charcoal (pollen slide)","direct",NA,"CHAR",19,NA,NA,"quant_raw",0.3,"volume","cm^3","RPDv1b","1702","charcoal","count","unspec","pollen_slide","particle",">100um num",NA,">100um","num","RPDv1b","measured",1,"RPDv1b","ELEMENT=>100 µm","Ribeira do Farelo and Ribeira da Torre",37.151969,-8.594376,0.6,"north","Portugal",NA,"sedfluv",841,1,2010,"Schneider, H., Höfer, D., Trog, C., Busch, S., Schneider, M., Baade, J., Daut, G., Mäusbacher, R., 2010. Holocene estuary development in the Algarve Region (Southern Portugal) – A reconstruction of sedimentological and ecological evolution. Quaternary International 221, 141–158.","Holocene estuary development in the Algarve Region (Southern Portugal) - A reconstruction of sedimentological and ecological evolution","Quaternary International",221,NA,"141-158",NA,"10.1016/j.quaint.2009.10.004",NA,NA,NA,NA,NA,NA,NA,NA,NA,NA,NA,NA,NA,"RPDv1b:1701|RPDv1b:1702",841,"Höfer, D.",1,"Höfer","D.",NA,NA,NA,NA,NA,NA,NA,NA,NA,"RPDv1b:1701",841,"RPDv1b",1701,13709,136.5,1.365,"m",0.01,"AMS","charcoal",3040,40,NA,NA,"Beta-248344",TRUE,NA,"-888888 Date is in uncalibrated radiocarbon years.","Ribeira do Farelo and Ribeira da Torre_POLLENSLIDE","counted","100-NaN",NA,NA,"",3040,3000,3080,3040,136.5,0.01,"-888888 Date is in uncalibrated radiocarbon years.",". Cal curve: NA. Source DB: RPDv1b","Fluvial","Carbon-14","Radiocarbon",-23.93478,7405.521,"Calibrated radiocarbon years BP","sedimentary charcoal","Data Sourcing: RPDv1b","Sample Age Source: RPDv1b"
"841",11,"charcoal | num cm-2 yr-1",NA,32.5,NA,NA,906,NA,NA,"RPDv1b","Charcoal (sum)","(additional options)",NA,NA,"False","False","number cm-2 yr-1","Microscopic charcoal (pollen slide)","direct",NA,"CHAR",18843405.2017996,NA,NA,"quant_influx",NA,"","","GCDv4","GCDv4_1153","charcoal","count","unspec","pollen_slide","particle","num cm-2 yr-1",NA,"no_size","num cm-2 yr-1","RPDv1b","measured",1,"GCDv4","","Ribeira do Farelo and Ribeira da Torre",37.151969,-8.594376,0.6,"north","Portugal",NA,"sedfluv",841,1,2010,"Schneider, H., Höfer, D., Trog, C., Busch, S., Schneider, M., Baade, J., Daut, G., Mäusbacher, R., 2010. Holocene estuary development in the Algarve Region (Southern Portugal) – A reconstruction of sedimentological and ecological evolution. Quaternary International 221, 141–158.","Holocene estuary development in the Algarve Region (Southern Portugal) - A reconstruction of sedimentological and ecological evolution","Quaternary International",221,NA,"141-158",NA,"10.1016/j.quaint.2009.10.004",NA,NA,NA,NA,NA,NA,NA,NA,NA,NA,NA,NA,NA,"RPDv1b:1701|RPDv1b:1702",841,"Höfer, D.",1,"Höfer","D.",NA,NA,NA,NA,NA,NA,NA,NA,NA,"RPDv1b:1701",841,"RPDv1b",1701,13709,136.5,1.365,"m",0.01,"AMS","charcoal",3040,40,NA,NA,"Beta-248344",TRUE,NA,"-888888 Date is in uncalibrated radiocarbon years.","Ribeira do Farelo and Ribeira da Torre_POLLENSLIDE",NA,NA,NA,NA,NA,3040,3000,3080,3040,136.5,0.01,"-888888 Date is in uncalibrated radiocarbon years.",". Cal curve: NA. Source DB: RPDv1b","Fluvial","Carbon-14","Radiocarbon",-23.93478,7405.521,"Calibrated radiocarbon years BP","sedimentary charcoal","Data Sourcing: GCDv4","Sample Age Source: RPDv1b"
"841",12,"charcoal | <100um num",NA,34.5,NA,NA,991.7297,NA,NA,"GCDv4","Charcoal (sum)","<100 µm",NA,100,"True","False","number","Microscopic charcoal (pollen slide)","direct",NA,"CHAR",24664,NA,NA,"quant_raw",0.3,"volume","cm^3","RPDv1b","1701","charcoal","count","microchar","pollen_slide","particle","<100um num",NA,"<100um","num","RPDv1b","measured",1,"RPDv1b","ELEMENT=<100 µm","Ribeira do Farelo and Ribeira da Torre",37.151969,-8.594376,0.6,"north","Portugal",NA,"sedfluv",841,1,2010,"Schneider, H., Höfer, D., Trog, C., Busch, S., Schneider, M., Baade, J., Daut, G., Mäusbacher, R., 2010. Holocene estuary development in the Algarve Region (Southern Portugal) – A reconstruction of sedimentological and ecological evolution. Quaternary International 221, 141–158.","Holocene estuary development in the Algarve Region (Southern Portugal) - A reconstruction of sedimentological and ecological evolution","Quaternary International",221,NA,"141-158",NA,"10.1016/j.quaint.2009.10.004",NA,NA,NA,NA,NA,NA,NA,NA,NA,NA,NA,NA,NA,"RPDv1b:1701|RPDv1b:1702",841,"Höfer, D.",1,"Höfer","D.",NA,NA,NA,NA,NA,NA,NA,NA,NA,"RPDv1b:1701",841,"RPDv1b",1701,13710,164.5,1.645,"m",0.01,"AMS","charcoal",3720,40,NA,NA,"Beta-248345",TRUE,NA,"-888888 Date is in uncalibrated radiocarbon years.","Ribeira do Farelo and Ribeira da Torre_POLLENSLIDE","counted","NaN-100",NA,NA,"",3720,3680,3760,3720,164.5,0.01,"-888888 Date is in uncalibrated radiocarbon years.",". Cal curve: NA. Source DB: RPDv1b","Fluvial","Carbon-14","Radiocarbon",-23.93478,7405.521,"Calibrated radiocarbon years BP","sedimentary charcoal","Data Sourcing: RPDv1b","Sample Age Source: GCDv4"
"841",12,"charcoal | >100um num",NA,34.5,NA,NA,991.7297,NA,NA,"GCDv4","Charcoal (sum)",">100 µm",100,NA,"False","True","number","Microscopic charcoal (pollen slide)","direct",NA,"CHAR",5,NA,NA,"quant_raw",0.3,"volume","cm^3","RPDv1b","1702","charcoal","count","unspec","pollen_slide","particle",">100um num",NA,">100um","num","RPDv1b","measured",1,"RPDv1b","ELEMENT=>100 µm","Ribeira do Farelo and Ribeira da Torre",37.151969,-8.594376,0.6,"north","Portugal",NA,"sedfluv",841,1,2010,"Schneider, H., Höfer, D., Trog, C., Busch, S., Schneider, M., Baade, J., Daut, G., Mäusbacher, R., 2010. Holocene estuary development in the Algarve Region (Southern Portugal) – A reconstruction of sedimentological and ecological evolution. Quaternary International 221, 141–158.","Holocene estuary development in the Algarve Region (Southern Portugal) - A reconstruction of sedimentological and ecological evolution","Quaternary International",221,NA,"141-158",NA,"10.1016/j.quaint.2009.10.004",NA,NA,NA,NA,NA,NA,NA,NA,NA,NA,NA,NA,NA,"RPDv1b:1701|RPDv1b:1702",841,"Höfer, D.",1,"Höfer","D.",NA,NA,NA,NA,NA,NA,NA,NA,NA,"RPDv1b:1701",841,"RPDv1b",1701,13710,164.5,1.645,"m",0.01,"AMS","charcoal",3720,40,NA,NA,"Beta-248345",TRUE,NA,"-888888 Date is in uncalibrated radiocarbon years.","Ribeira do Farelo and Ribeira da Torre_POLLENSLIDE","counted","100-NaN",NA,NA,"",3720,3680,3760,3720,164.5,0.01,"-888888 Date is in uncalibrated radiocarbon years.",". Cal curve: NA. Source DB: RPDv1b","Fluvial","Carbon-14","Radiocarbon",-23.93478,7405.521,"Calibrated radiocarbon years BP","sedimentary charcoal","Data Sourcing: RPDv1b","Sample Age Source: GCDv4"
"841",12,"charcoal | num cm-2 yr-1",NA,34.5,NA,NA,991.7297,NA,NA,"GCDv4","Charcoal (sum)","(additional options)",NA,NA,"False","False","number cm-2 yr-1","Microscopic charcoal (pollen slide)","direct",NA,"CHAR",50600242.8279607,NA,NA,"quant_influx",NA,"","","GCDv4","GCDv4_1153","charcoal","count","unspec","pollen_slide","particle","num cm-2 yr-1",NA,"no_size","num cm-2 yr-1","RPDv1b","measured",1,"GCDv4","","Ribeira do Farelo and Ribeira da Torre",37.151969,-8.594376,0.6,"north","Portugal",NA,"sedfluv",841,1,2010,"Schneider, H., Höfer, D., Trog, C., Busch, S., Schneider, M., Baade, J., Daut, G., Mäusbacher, R., 2010. Holocene estuary development in the Algarve Region (Southern Portugal) – A reconstruction of sedimentological and ecological evolution. Quaternary International 221, 141–158.","Holocene estuary development in the Algarve Region (Southern Portugal) - A reconstruction of sedimentological and ecological evolution","Quaternary International",221,NA,"141-158",NA,"10.1016/j.quaint.2009.10.004",NA,NA,NA,NA,NA,NA,NA,NA,NA,NA,NA,NA,NA,"RPDv1b:1701|RPDv1b:1702",841,"Höfer, D.",1,"Höfer","D.",NA,NA,NA,NA,NA,NA,NA,NA,NA,"RPDv1b:1701",841,"RPDv1b",1701,13710,164.5,1.645,"m",0.01,"AMS","charcoal",3720,40,NA,NA,"Beta-248345",TRUE,NA,"-888888 Date is in uncalibrated radiocarbon years.","Ribeira do Farelo and Ribeira da Torre_POLLENSLIDE",NA,NA,NA,NA,NA,3720,3680,3760,3720,164.5,0.01,"-888888 Date is in uncalibrated radiocarbon years.",". Cal curve: NA. Source DB: RPDv1b","Fluvial","Carbon-14","Radiocarbon",-23.93478,7405.521,"Calibrated radiocarbon years BP","sedimentary charcoal","Data Sourcing: GCDv4","Sample Age Source: GCDv4"
"841",13,"charcoal | <100um num",NA,37,NA,NA,1086.054,NA,NA,"GCDv4","Charcoal (sum)","<100 µm",NA,100,"True","False","number","Microscopic charcoal (pollen slide)","direct",NA,"CHAR",16870,NA,NA,"quant_raw",0.3,"volume","cm^3","RPDv1b","1701","charcoal","count","microchar","pollen_slide","particle","<100um num",NA,"<100um","num","RPDv1b","measured",1,"RPDv1b","ELEMENT=<100 µm","Ribeira do Farelo and Ribeira da Torre",37.151969,-8.594376,0.6,"north","Portugal",NA,"sedfluv",841,1,2010,"Schneider, H., Höfer, D., Trog, C., Busch, S., Schneider, M., Baade, J., Daut, G., Mäusbacher, R., 2010. Holocene estuary development in the Algarve Region (Southern Portugal) – A reconstruction of sedimentological and ecological evolution. Quaternary International 221, 141–158.","Holocene estuary development in the Algarve Region (Southern Portugal) - A reconstruction of sedimentological and ecological evolution","Quaternary International",221,NA,"141-158",NA,"10.1016/j.quaint.2009.10.004",NA,NA,NA,NA,NA,NA,NA,NA,NA,NA,NA,NA,NA,"RPDv1b:1701|RPDv1b:1702",841,"Höfer, D.",1,"Höfer","D.",NA,NA,NA,NA,NA,NA,NA,NA,NA,"RPDv1b:1701",841,"RPDv1b",1701,13710,164.5,1.645,"m",0.01,"AMS","charcoal",3720,40,NA,NA,"Beta-248345",TRUE,NA,"-888888 Date is in uncalibrated radiocarbon years.","Ribeira do Farelo and Ribeira da Torre_POLLENSLIDE","counted","NaN-100",NA,NA,"",3720,3680,3760,3720,164.5,0.01,"-888888 Date is in uncalibrated radiocarbon years.",". Cal curve: NA. Source DB: RPDv1b","Fluvial","Carbon-14","Radiocarbon",-23.93478,7405.521,"Calibrated radiocarbon years BP","sedimentary charcoal","Data Sourcing: RPDv1b","Sample Age Source: GCDv4"
"841",13,"charcoal | >100um num",NA,37,NA,NA,1086.054,NA,NA,"GCDv4","Charcoal (sum)",">100 µm",100,NA,"False","True","number","Microscopic charcoal (pollen slide)","direct",NA,"CHAR",32,NA,NA,"quant_raw",0.3,"volume","cm^3","RPDv1b","1702","charcoal","count","unspec","pollen_slide","particle",">100um num",NA,">100um","num","RPDv1b","measured",1,"RPDv1b","ELEMENT=>100 µm","Ribeira do Farelo and Ribeira da Torre",37.151969,-8.594376,0.6,"north","Portugal",NA,"sedfluv",841,1,2010,"Schneider, H., Höfer, D., Trog, C., Busch, S., Schneider, M., Baade, J., Daut, G., Mäusbacher, R., 2010. Holocene estuary development in the Algarve Region (Southern Portugal) – A reconstruction of sedimentological and ecological evolution. Quaternary International 221, 141–158.","Holocene estuary development in the Algarve Region (Southern Portugal) - A reconstruction of sedimentological and ecological evolution","Quaternary International",221,NA,"141-158",NA,"10.1016/j.quaint.2009.10.004",NA,NA,NA,NA,NA,NA,NA,NA,NA,NA,NA,NA,NA,"RPDv1b:1701|RPDv1b:1702",841,"Höfer, D.",1,"Höfer","D.",NA,NA,NA,NA,NA,NA,NA,NA,NA,"RPDv1b:1701",841,"RPDv1b",1701,13710,164.5,1.645,"m",0.01,"AMS","charcoal",3720,40,NA,NA,"Beta-248345",TRUE,NA,"-888888 Date is in uncalibrated radiocarbon years.","Ribeira do Farelo and Ribeira da Torre_POLLENSLIDE","counted","100-NaN",NA,NA,"",3720,3680,3760,3720,164.5,0.01,"-888888 Date is in uncalibrated radiocarbon years.",". Cal curve: NA. Source DB: RPDv1b","Fluvial","Carbon-14","Radiocarbon",-23.93478,7405.521,"Calibrated radiocarbon years BP","sedimentary charcoal","Data Sourcing: RPDv1b","Sample Age Source: GCDv4"
"841",13,"charcoal | num cm-2 yr-1",NA,37,NA,NA,1086.054,NA,NA,"GCDv4","Charcoal (sum)","(additional options)",NA,NA,"False","False","number cm-2 yr-1","Microscopic charcoal (pollen slide)","direct",NA,"CHAR",23569146.1245736,NA,NA,"quant_influx",NA,"","","GCDv4","GCDv4_1153","charcoal","count","unspec","pollen_slide","particle","num cm-2 yr-1",NA,"no_size","num cm-2 yr-1","RPDv1b","measured",1,"GCDv4","","Ribeira do Farelo and Ribeira da Torre",37.151969,-8.594376,0.6,"north","Portugal",NA,"sedfluv",841,1,2010,"Schneider, H., Höfer, D., Trog, C., Busch, S., Schneider, M., Baade, J., Daut, G., Mäusbacher, R., 2010. Holocene estuary development in the Algarve Region (Southern Portugal) – A reconstruction of sedimentological and ecological evolution. Quaternary International 221, 141–158.","Holocene estuary development in the Algarve Region (Southern Portugal) - A reconstruction of sedimentological and ecological evolution","Quaternary International",221,NA,"141-158",NA,"10.1016/j.quaint.2009.10.004",NA,NA,NA,NA,NA,NA,NA,NA,NA,NA,NA,NA,NA,"RPDv1b:1701|RPDv1b:1702",841,"Höfer, D.",1,"Höfer","D.",NA,NA,NA,NA,NA,NA,NA,NA,NA,"RPDv1b:1701",841,"RPDv1b",1701,13710,164.5,1.645,"m",0.01,"AMS","charcoal",3720,40,NA,NA,"Beta-248345",TRUE,NA,"-888888 Date is in uncalibrated radiocarbon years.","Ribeira do Farelo and Ribeira da Torre_POLLENSLIDE",NA,NA,NA,NA,NA,3720,3680,3760,3720,164.5,0.01,"-888888 Date is in uncalibrated radiocarbon years.",". Cal curve: NA. Source DB: RPDv1b","Fluvial","Carbon-14","Radiocarbon",-23.93478,7405.521,"Calibrated radiocarbon years BP","sedimentary charcoal","Data Sourcing: GCDv4","Sample Age Source: GCDv4"
"841",14,"charcoal | <100um num",NA,39,NA,NA,1161.514,NA,NA,"GCDv4","Charcoal (sum)","<100 µm",NA,100,"True","False","number","Microscopic charcoal (pollen slide)","direct",NA,"CHAR",24226,NA,NA,"quant_raw",0.3,"volume","cm^3","RPDv1b","1701","charcoal","count","microchar","pollen_slide","particle","<100um num",NA,"<100um","num","RPDv1b","measured",1,"RPDv1b","ELEMENT=<100 µm","Ribeira do Farelo and Ribeira da Torre",37.151969,-8.594376,0.6,"north","Portugal",NA,"sedfluv",841,1,2010,"Schneider, H., Höfer, D., Trog, C., Busch, S., Schneider, M., Baade, J., Daut, G., Mäusbacher, R., 2010. Holocene estuary development in the Algarve Region (Southern Portugal) – A reconstruction of sedimentological and ecological evolution. Quaternary International 221, 141–158.","Holocene estuary development in the Algarve Region (Southern Portugal) - A reconstruction of sedimentological and ecological evolution","Quaternary International",221,NA,"141-158",NA,"10.1016/j.quaint.2009.10.004",NA,NA,NA,NA,NA,NA,NA,NA,NA,NA,NA,NA,NA,"RPDv1b:1701|RPDv1b:1702",841,"Höfer, D.",1,"Höfer","D.",NA,NA,NA,NA,NA,NA,NA,NA,NA,"RPDv1b:1701",841,"RPDv1b",1701,13710,164.5,1.645,"m",0.01,"AMS","charcoal",3720,40,NA,NA,"Beta-248345",TRUE,NA,"-888888 Date is in uncalibrated radiocarbon years.","Ribeira do Farelo and Ribeira da Torre_POLLENSLIDE","counted","NaN-100",NA,NA,"",3720,3680,3760,3720,164.5,0.01,"-888888 Date is in uncalibrated radiocarbon years.",". Cal curve: NA. Source DB: RPDv1b","Fluvial","Carbon-14","Radiocarbon",-23.93478,7405.521,"Calibrated radiocarbon years BP","sedimentary charcoal","Data Sourcing: RPDv1b","Sample Age Source: GCDv4"
"841",14,"charcoal | >100um num",NA,39,NA,NA,1161.514,NA,NA,"GCDv4","Charcoal (sum)",">100 µm",100,NA,"False","True","number","Microscopic charcoal (pollen slide)","direct",NA,"CHAR",26,NA,NA,"quant_raw",0.3,"volume","cm^3","RPDv1b","1702","charcoal","count","unspec","pollen_slide","particle",">100um num",NA,">100um","num","RPDv1b","measured",1,"RPDv1b","ELEMENT=>100 µm","Ribeira do Farelo and Ribeira da Torre",37.151969,-8.594376,0.6,"north","Portugal",NA,"sedfluv",841,1,2010,"Schneider, H., Höfer, D., Trog, C., Busch, S., Schneider, M., Baade, J., Daut, G., Mäusbacher, R., 2010. Holocene estuary development in the Algarve Region (Southern Portugal) – A reconstruction of sedimentological and ecological evolution. Quaternary International 221, 141–158.","Holocene estuary development in the Algarve Region (Southern Portugal) - A reconstruction of sedimentological and ecological evolution","Quaternary International",221,NA,"141-158",NA,"10.1016/j.quaint.2009.10.004",NA,NA,NA,NA,NA,NA,NA,NA,NA,NA,NA,NA,NA,"RPDv1b:1701|RPDv1b:1702",841,"Höfer, D.",1,"Höfer","D.",NA,NA,NA,NA,NA,NA,NA,NA,NA,"RPDv1b:1701",841,"RPDv1b",1701,13710,164.5,1.645,"m",0.01,"AMS","charcoal",3720,40,NA,NA,"Beta-248345",TRUE,NA,"-888888 Date is in uncalibrated radiocarbon years.","Ribeira do Farelo and Ribeira da Torre_POLLENSLIDE","counted","100-NaN",NA,NA,"",3720,3680,3760,3720,164.5,0.01,"-888888 Date is in uncalibrated radiocarbon years.",". Cal curve: NA. Source DB: RPDv1b","Fluvial","Carbon-14","Radiocarbon",-23.93478,7405.521,"Calibrated radiocarbon years BP","sedimentary charcoal","Data Sourcing: RPDv1b","Sample Age Source: GCDv4"
"841",14,"charcoal | num cm-2 yr-1",NA,39,NA,NA,1161.514,NA,NA,"GCDv4","Charcoal (sum)","(additional options)",NA,NA,"False","False","number cm-2 yr-1","Microscopic charcoal (pollen slide)","direct",NA,"CHAR",45857266.5728668,NA,NA,"quant_influx",NA,"","","GCDv4","GCDv4_1153","charcoal","count","unspec","pollen_slide","particle","num cm-2 yr-1",NA,"no_size","num cm-2 yr-1","RPDv1b","measured",1,"GCDv4","","Ribeira do Farelo and Ribeira da Torre",37.151969,-8.594376,0.6,"north","Portugal",NA,"sedfluv",841,1,2010,"Schneider, H., Höfer, D., Trog, C., Busch, S., Schneider, M., Baade, J., Daut, G., Mäusbacher, R., 2010. Holocene estuary development in the Algarve Region (Southern Portugal) – A reconstruction of sedimentological and ecological evolution. Quaternary International 221, 141–158.","Holocene estuary development in the Algarve Region (Southern Portugal) - A reconstruction of sedimentological and ecological evolution","Quaternary International",221,NA,"141-158",NA,"10.1016/j.quaint.2009.10.004",NA,NA,NA,NA,NA,NA,NA,NA,NA,NA,NA,NA,NA,"RPDv1b:1701|RPDv1b:1702",841,"Höfer, D.",1,"Höfer","D.",NA,NA,NA,NA,NA,NA,NA,NA,NA,"RPDv1b:1701",841,"RPDv1b",1701,13710,164.5,1.645,"m",0.01,"AMS","charcoal",3720,40,NA,NA,"Beta-248345",TRUE,NA,"-888888 Date is in uncalibrated radiocarbon years.","Ribeira do Farelo and Ribeira da Torre_POLLENSLIDE",NA,NA,NA,NA,NA,3720,3680,3760,3720,164.5,0.01,"-888888 Date is in uncalibrated radiocarbon years.",". Cal curve: NA. Source DB: RPDv1b","Fluvial","Carbon-14","Radiocarbon",-23.93478,7405.521,"Calibrated radiocarbon years BP","sedimentary charcoal","Data Sourcing: GCDv4","Sample Age Source: GCDv4"
"841",15,"charcoal | <100um num",NA,41.5,NA,NA,1255.838,NA,NA,"GCDv4","Charcoal (sum)","<100 µm",NA,100,"True","False","number","Microscopic charcoal (pollen slide)","direct",NA,"CHAR",21224,NA,NA,"quant_raw",0.3,"volume","cm^3","RPDv1b","1701","charcoal","count","microchar","pollen_slide","particle","<100um num",NA,"<100um","num","RPDv1b","measured",1,"RPDv1b","ELEMENT=<100 µm","Ribeira do Farelo and Ribeira da Torre",37.151969,-8.594376,0.6,"north","Portugal",NA,"sedfluv",841,1,2010,"Schneider, H., Höfer, D., Trog, C., Busch, S., Schneider, M., Baade, J., Daut, G., Mäusbacher, R., 2010. Holocene estuary development in the Algarve Region (Southern Portugal) – A reconstruction of sedimentological and ecological evolution. Quaternary International 221, 141–158.","Holocene estuary development in the Algarve Region (Southern Portugal) - A reconstruction of sedimentological and ecological evolution","Quaternary International",221,NA,"141-158",NA,"10.1016/j.quaint.2009.10.004",NA,NA,NA,NA,NA,NA,NA,NA,NA,NA,NA,NA,NA,"RPDv1b:1701|RPDv1b:1702",841,"Höfer, D.",1,"Höfer","D.",NA,NA,NA,NA,NA,NA,NA,NA,NA,"RPDv1b:1701",841,"RPDv1b",1701,13710,164.5,1.645,"m",0.01,"AMS","charcoal",3720,40,NA,NA,"Beta-248345",TRUE,NA,"-888888 Date is in uncalibrated radiocarbon years.","Ribeira do Farelo and Ribeira da Torre_POLLENSLIDE","counted","NaN-100",NA,NA,"",3720,3680,3760,3720,164.5,0.01,"-888888 Date is in uncalibrated radiocarbon years.",". Cal curve: NA. Source DB: RPDv1b","Fluvial","Carbon-14","Radiocarbon",-23.93478,7405.521,"Calibrated radiocarbon years BP","sedimentary charcoal","Data Sourcing: RPDv1b","Sample Age Source: GCDv4"
"841",15,"charcoal | >100um num",NA,41.5,NA,NA,1255.838,NA,NA,"GCDv4","Charcoal (sum)",">100 µm",100,NA,"False","True","number","Microscopic charcoal (pollen slide)","direct",NA,"CHAR",21,NA,NA,"quant_raw",0.3,"volume","cm^3","RPDv1b","1702","charcoal","count","unspec","pollen_slide","particle",">100um num",NA,">100um","num","RPDv1b","measured",1,"RPDv1b","ELEMENT=>100 µm","Ribeira do Farelo and Ribeira da Torre",37.151969,-8.594376,0.6,"north","Portugal",NA,"sedfluv",841,1,2010,"Schneider, H., Höfer, D., Trog, C., Busch, S., Schneider, M., Baade, J., Daut, G., Mäusbacher, R., 2010. Holocene estuary development in the Algarve Region (Southern Portugal) – A reconstruction of sedimentological and ecological evolution. Quaternary International 221, 141–158.","Holocene estuary development in the Algarve Region (Southern Portugal) - A reconstruction of sedimentological and ecological evolution","Quaternary International",221,NA,"141-158",NA,"10.1016/j.quaint.2009.10.004",NA,NA,NA,NA,NA,NA,NA,NA,NA,NA,NA,NA,NA,"RPDv1b:1701|RPDv1b:1702",841,"Höfer, D.",1,"Höfer","D.",NA,NA,NA,NA,NA,NA,NA,NA,NA,"RPDv1b:1701",841,"RPDv1b",1701,13710,164.5,1.645,"m",0.01,"AMS","charcoal",3720,40,NA,NA,"Beta-248345",TRUE,NA,"-888888 Date is in uncalibrated radiocarbon years.","Ribeira do Farelo and Ribeira da Torre_POLLENSLIDE","counted","100-NaN",NA,NA,"",3720,3680,3760,3720,164.5,0.01,"-888888 Date is in uncalibrated radiocarbon years.",". Cal curve: NA. Source DB: RPDv1b","Fluvial","Carbon-14","Radiocarbon",-23.93478,7405.521,"Calibrated radiocarbon years BP","sedimentary charcoal","Data Sourcing: RPDv1b","Sample Age Source: GCDv4"
"841",15,"charcoal | num cm-2 yr-1",NA,41.5,NA,NA,1255.838,NA,NA,"GCDv4","Charcoal (sum)","(additional options)",NA,NA,"False","False","number cm-2 yr-1","Microscopic charcoal (pollen slide)","direct",NA,"CHAR",42655982.8075547,NA,NA,"quant_influx",NA,"","","GCDv4","GCDv4_1153","charcoal","count","unspec","pollen_slide","particle","num cm-2 yr-1",NA,"no_size","num cm-2 yr-1","RPDv1b","measured",1,"GCDv4","","Ribeira do Farelo and Ribeira da Torre",37.151969,-8.594376,0.6,"north","Portugal",NA,"sedfluv",841,1,2010,"Schneider, H., Höfer, D., Trog, C., Busch, S., Schneider, M., Baade, J., Daut, G., Mäusbacher, R., 2010. Holocene estuary development in the Algarve Region (Southern Portugal) – A reconstruction of sedimentological and ecological evolution. Quaternary International 221, 141–158.","Holocene estuary development in the Algarve Region (Southern Portugal) - A reconstruction of sedimentological and ecological evolution","Quaternary International",221,NA,"141-158",NA,"10.1016/j.quaint.2009.10.004",NA,NA,NA,NA,NA,NA,NA,NA,NA,NA,NA,NA,NA,"RPDv1b:1701|RPDv1b:1702",841,"Höfer, D.",1,"Höfer","D.",NA,NA,NA,NA,NA,NA,NA,NA,NA,"RPDv1b:1701",841,"RPDv1b",1701,13710,164.5,1.645,"m",0.01,"AMS","charcoal",3720,40,NA,NA,"Beta-248345",TRUE,NA,"-888888 Date is in uncalibrated radiocarbon years.","Ribeira do Farelo and Ribeira da Torre_POLLENSLIDE",NA,NA,NA,NA,NA,3720,3680,3760,3720,164.5,0.01,"-888888 Date is in uncalibrated radiocarbon years.",". Cal curve: NA. Source DB: RPDv1b","Fluvial","Carbon-14","Radiocarbon",-23.93478,7405.521,"Calibrated radiocarbon years BP","sedimentary charcoal","Data Sourcing: GCDv4","Sample Age Source: GCDv4"
"841",16,"charcoal | <100um num",NA,43.5,NA,NA,1331.297,NA,NA,"GCDv4","Charcoal (sum)","<100 µm",NA,100,"True","False","number","Microscopic charcoal (pollen slide)","direct",NA,"CHAR",15617,NA,NA,"quant_raw",0.3,"volume","cm^3","RPDv1b","1701","charcoal","count","microchar","pollen_slide","particle","<100um num",NA,"<100um","num","RPDv1b","measured",1,"RPDv1b","ELEMENT=<100 µm","Ribeira do Farelo and Ribeira da Torre",37.151969,-8.594376,0.6,"north","Portugal",NA,"sedfluv",841,1,2010,"Schneider, H., Höfer, D., Trog, C., Busch, S., Schneider, M., Baade, J., Daut, G., Mäusbacher, R., 2010. Holocene estuary development in the Algarve Region (Southern Portugal) – A reconstruction of sedimentological and ecological evolution. Quaternary International 221, 141–158.","Holocene estuary development in the Algarve Region (Southern Portugal) - A reconstruction of sedimentological and ecological evolution","Quaternary International",221,NA,"141-158",NA,"10.1016/j.quaint.2009.10.004",NA,NA,NA,NA,NA,NA,NA,NA,NA,NA,NA,NA,NA,"RPDv1b:1701|RPDv1b:1702",841,"Höfer, D.",1,"Höfer","D.",NA,NA,NA,NA,NA,NA,NA,NA,NA,"RPDv1b:1701",841,"RPDv1b",1701,13711,236.5,2.365,"m",0.01,"AMS","charcoal",4660,43,NA,NA,"Erl-11846",TRUE,NA,"-888888 Date is in uncalibrated radiocarbon years.","Ribeira do Farelo and Ribeira da Torre_POLLENSLIDE","counted","NaN-100",NA,NA,"",4660,4617,4703,4660,236.5,0.01,"-888888 Date is in uncalibrated radiocarbon years.",". Cal curve: NA. Source DB: RPDv1b","Fluvial","Carbon-14","Radiocarbon",-23.93478,7405.521,"Calibrated radiocarbon years BP","sedimentary charcoal","Data Sourcing: RPDv1b","Sample Age Source: GCDv4"
"841",16,"charcoal | >100um num",NA,43.5,NA,NA,1331.297,NA,NA,"GCDv4","Charcoal (sum)",">100 µm",100,NA,"False","True","number","Microscopic charcoal (pollen slide)","direct",NA,"CHAR",20,NA,NA,"quant_raw",0.3,"volume","cm^3","RPDv1b","1702","charcoal","count","unspec","pollen_slide","particle",">100um num",NA,">100um","num","RPDv1b","measured",1,"RPDv1b","ELEMENT=>100 µm","Ribeira do Farelo and Ribeira da Torre",37.151969,-8.594376,0.6,"north","Portugal",NA,"sedfluv",841,1,2010,"Schneider, H., Höfer, D., Trog, C., Busch, S., Schneider, M., Baade, J., Daut, G., Mäusbacher, R., 2010. Holocene estuary development in the Algarve Region (Southern Portugal) – A reconstruction of sedimentological and ecological evolution. Quaternary International 221, 141–158.","Holocene estuary development in the Algarve Region (Southern Portugal) - A reconstruction of sedimentological and ecological evolution","Quaternary International",221,NA,"141-158",NA,"10.1016/j.quaint.2009.10.004",NA,NA,NA,NA,NA,NA,NA,NA,NA,NA,NA,NA,NA,"RPDv1b:1701|RPDv1b:1702",841,"Höfer, D.",1,"Höfer","D.",NA,NA,NA,NA,NA,NA,NA,NA,NA,"RPDv1b:1701",841,"RPDv1b",1701,13711,236.5,2.365,"m",0.01,"AMS","charcoal",4660,43,NA,NA,"Erl-11846",TRUE,NA,"-888888 Date is in uncalibrated radiocarbon years.","Ribeira do Farelo and Ribeira da Torre_POLLENSLIDE","counted","100-NaN",NA,NA,"",4660,4617,4703,4660,236.5,0.01,"-888888 Date is in uncalibrated radiocarbon years.",". Cal curve: NA. Source DB: RPDv1b","Fluvial","Carbon-14","Radiocarbon",-23.93478,7405.521,"Calibrated radiocarbon years BP","sedimentary charcoal","Data Sourcing: RPDv1b","Sample Age Source: GCDv4"
"841",16,"charcoal | num cm-2 yr-1",NA,43.5,NA,NA,1331.297,NA,NA,"GCDv4","Charcoal (sum)","(additional options)",NA,NA,"False","False","number cm-2 yr-1","Microscopic charcoal (pollen slide)","direct",NA,"CHAR",72223980.3145975,NA,NA,"quant_influx",NA,"","","GCDv4","GCDv4_1153","charcoal","count","unspec","pollen_slide","particle","num cm-2 yr-1",NA,"no_size","num cm-2 yr-1","RPDv1b","measured",1,"GCDv4","","Ribeira do Farelo and Ribeira da Torre",37.151969,-8.594376,0.6,"north","Portugal",NA,"sedfluv",841,1,2010,"Schneider, H., Höfer, D., Trog, C., Busch, S., Schneider, M., Baade, J., Daut, G., Mäusbacher, R., 2010. Holocene estuary development in the Algarve Region (Southern Portugal) – A reconstruction of sedimentological and ecological evolution. Quaternary International 221, 141–158.","Holocene estuary development in the Algarve Region (Southern Portugal) - A reconstruction of sedimentological and ecological evolution","Quaternary International",221,NA,"141-158",NA,"10.1016/j.quaint.2009.10.004",NA,NA,NA,NA,NA,NA,NA,NA,NA,NA,NA,NA,NA,"RPDv1b:1701|RPDv1b:1702",841,"Höfer, D.",1,"Höfer","D.",NA,NA,NA,NA,NA,NA,NA,NA,NA,"RPDv1b:1701",841,"RPDv1b",1701,13711,236.5,2.365,"m",0.01,"AMS","charcoal",4660,43,NA,NA,"Erl-11846",TRUE,NA,"-888888 Date is in uncalibrated radiocarbon years.","Ribeira do Farelo and Ribeira da Torre_POLLENSLIDE",NA,NA,NA,NA,NA,4660,4617,4703,4660,236.5,0.01,"-888888 Date is in uncalibrated radiocarbon years.",". Cal curve: NA. Source DB: RPDv1b","Fluvial","Carbon-14","Radiocarbon",-23.93478,7405.521,"Calibrated radiocarbon years BP","sedimentary charcoal","Data Sourcing: GCDv4","Sample Age Source: GCDv4"
"841",17,"charcoal | <100um num",NA,45.5,NA,NA,1406.757,NA,NA,"GCDv4","Charcoal (sum)","<100 µm",NA,100,"True","False","number","Microscopic charcoal (pollen slide)","direct",NA,"CHAR",12964,NA,NA,"quant_raw",0.3,"volume","cm^3","RPDv1b","1701","charcoal","count","microchar","pollen_slide","particle","<100um num",NA,"<100um","num","RPDv1b","measured",1,"RPDv1b","ELEMENT=<100 µm","Ribeira do Farelo and Ribeira da Torre",37.151969,-8.594376,0.6,"north","Portugal",NA,"sedfluv",841,1,2010,"Schneider, H., Höfer, D., Trog, C., Busch, S., Schneider, M., Baade, J., Daut, G., Mäusbacher, R., 2010. Holocene estuary development in the Algarve Region (Southern Portugal) – A reconstruction of sedimentological and ecological evolution. Quaternary International 221, 141–158.","Holocene estuary development in the Algarve Region (Southern Portugal) - A reconstruction of sedimentological and ecological evolution","Quaternary International",221,NA,"141-158",NA,"10.1016/j.quaint.2009.10.004",NA,NA,NA,NA,NA,NA,NA,NA,NA,NA,NA,NA,NA,"RPDv1b:1701|RPDv1b:1702",841,"Höfer, D.",1,"Höfer","D.",NA,NA,NA,NA,NA,NA,NA,NA,NA,"RPDv1b:1701",841,"RPDv1b",1701,13711,236.5,2.365,"m",0.01,"AMS","charcoal",4660,43,NA,NA,"Erl-11846",TRUE,NA,"-888888 Date is in uncalibrated radiocarbon years.","Ribeira do Farelo and Ribeira da Torre_POLLENSLIDE","counted","NaN-100",NA,NA,"",4660,4617,4703,4660,236.5,0.01,"-888888 Date is in uncalibrated radiocarbon years.",". Cal curve: NA. Source DB: RPDv1b","Fluvial","Carbon-14","Radiocarbon",-23.93478,7405.521,"Calibrated radiocarbon years BP","sedimentary charcoal","Data Sourcing: RPDv1b","Sample Age Source: GCDv4"
"841",17,"charcoal | >100um num",NA,45.5,NA,NA,1406.757,NA,NA,"GCDv4","Charcoal (sum)",">100 µm",100,NA,"False","True","number","Microscopic charcoal (pollen slide)","direct",NA,"CHAR",24,NA,NA,"quant_raw",0.3,"volume","cm^3","RPDv1b","1702","charcoal","count","unspec","pollen_slide","particle",">100um num",NA,">100um","num","RPDv1b","measured",1,"RPDv1b","ELEMENT=>100 µm","Ribeira do Farelo and Ribeira da Torre",37.151969,-8.594376,0.6,"north","Portugal",NA,"sedfluv",841,1,2010,"Schneider, H., Höfer, D., Trog, C., Busch, S., Schneider, M., Baade, J., Daut, G., Mäusbacher, R., 2010. Holocene estuary development in the Algarve Region (Southern Portugal) – A reconstruction of sedimentological and ecological evolution. Quaternary International 221, 141–158.","Holocene estuary development in the Algarve Region (Southern Portugal) - A reconstruction of sedimentological and ecological evolution","Quaternary International",221,NA,"141-158",NA,"10.1016/j.quaint.2009.10.004",NA,NA,NA,NA,NA,NA,NA,NA,NA,NA,NA,NA,NA,"RPDv1b:1701|RPDv1b:1702",841,"Höfer, D.",1,"Höfer","D.",NA,NA,NA,NA,NA,NA,NA,NA,NA,"RPDv1b:1701",841,"RPDv1b",1701,13711,236.5,2.365,"m",0.01,"AMS","charcoal",4660,43,NA,NA,"Erl-11846",TRUE,NA,"-888888 Date is in uncalibrated radiocarbon years.","Ribeira do Farelo and Ribeira da Torre_POLLENSLIDE","counted","100-NaN",NA,NA,"",4660,4617,4703,4660,236.5,0.01,"-888888 Date is in uncalibrated radiocarbon years.",". Cal curve: NA. Source DB: RPDv1b","Fluvial","Carbon-14","Radiocarbon",-23.93478,7405.521,"Calibrated radiocarbon years BP","sedimentary charcoal","Data Sourcing: RPDv1b","Sample Age Source: GCDv4"
"841",17,"charcoal | num cm-2 yr-1",NA,45.5,NA,NA,1406.757,NA,NA,"GCDv4","Charcoal (sum)","(additional options)",NA,NA,"False","False","number cm-2 yr-1","Microscopic charcoal (pollen slide)","direct",NA,"CHAR",25379915.7175678,NA,NA,"quant_influx",NA,"","","GCDv4","GCDv4_1153","charcoal","count","unspec","pollen_slide","particle","num cm-2 yr-1",NA,"no_size","num cm-2 yr-1","RPDv1b","measured",1,"GCDv4","","Ribeira do Farelo and Ribeira da Torre",37.151969,-8.594376,0.6,"north","Portugal",NA,"sedfluv",841,1,2010,"Schneider, H., Höfer, D., Trog, C., Busch, S., Schneider, M., Baade, J., Daut, G., Mäusbacher, R., 2010. Holocene estuary development in the Algarve Region (Southern Portugal) – A reconstruction of sedimentological and ecological evolution. Quaternary International 221, 141–158.","Holocene estuary development in the Algarve Region (Southern Portugal) - A reconstruction of sedimentological and ecological evolution","Quaternary International",221,NA,"141-158",NA,"10.1016/j.quaint.2009.10.004",NA,NA,NA,NA,NA,NA,NA,NA,NA,NA,NA,NA,NA,"RPDv1b:1701|RPDv1b:1702",841,"Höfer, D.",1,"Höfer","D.",NA,NA,NA,NA,NA,NA,NA,NA,NA,"RPDv1b:1701",841,"RPDv1b",1701,13711,236.5,2.365,"m",0.01,"AMS","charcoal",4660,43,NA,NA,"Erl-11846",TRUE,NA,"-888888 Date is in uncalibrated radiocarbon years.","Ribeira do Farelo and Ribeira da Torre_POLLENSLIDE",NA,NA,NA,NA,NA,4660,4617,4703,4660,236.5,0.01,"-888888 Date is in uncalibrated radiocarbon years.",". Cal curve: NA. Source DB: RPDv1b","Fluvial","Carbon-14","Radiocarbon",-23.93478,7405.521,"Calibrated radiocarbon years BP","sedimentary charcoal","Data Sourcing: GCDv4","Sample Age Source: GCDv4"
"841",18,"charcoal | <100um num",NA,48,NA,NA,1501.081,NA,NA,"GCDv4","Charcoal (sum)","<100 µm",NA,100,"True","False","number","Microscopic charcoal (pollen slide)","direct",NA,"CHAR",18567,NA,NA,"quant_raw",0.3,"volume","cm^3","RPDv1b","1701","charcoal","count","microchar","pollen_slide","particle","<100um num",NA,"<100um","num","RPDv1b","measured",1,"RPDv1b","ELEMENT=<100 µm","Ribeira do Farelo and Ribeira da Torre",37.151969,-8.594376,0.6,"north","Portugal",NA,"sedfluv",841,1,2010,"Schneider, H., Höfer, D., Trog, C., Busch, S., Schneider, M., Baade, J., Daut, G., Mäusbacher, R., 2010. Holocene estuary development in the Algarve Region (Southern Portugal) – A reconstruction of sedimentological and ecological evolution. Quaternary International 221, 141–158.","Holocene estuary development in the Algarve Region (Southern Portugal) - A reconstruction of sedimentological and ecological evolution","Quaternary International",221,NA,"141-158",NA,"10.1016/j.quaint.2009.10.004",NA,NA,NA,NA,NA,NA,NA,NA,NA,NA,NA,NA,NA,"RPDv1b:1701|RPDv1b:1702",841,"Höfer, D.",1,"Höfer","D.",NA,NA,NA,NA,NA,NA,NA,NA,NA,"RPDv1b:1701",841,"RPDv1b",1701,13711,236.5,2.365,"m",0.01,"AMS","charcoal",4660,43,NA,NA,"Erl-11846",TRUE,NA,"-888888 Date is in uncalibrated radiocarbon years.","Ribeira do Farelo and Ribeira da Torre_POLLENSLIDE","counted","NaN-100",NA,NA,"",4660,4617,4703,4660,236.5,0.01,"-888888 Date is in uncalibrated radiocarbon years.",". Cal curve: NA. Source DB: RPDv1b","Fluvial","Carbon-14","Radiocarbon",-23.93478,7405.521,"Calibrated radiocarbon years BP","sedimentary charcoal","Data Sourcing: RPDv1b","Sample Age Source: GCDv4"
"841",18,"charcoal | >100um num",NA,48,NA,NA,1501.081,NA,NA,"GCDv4","Charcoal (sum)",">100 µm",100,NA,"False","True","number","Microscopic charcoal (pollen slide)","direct",NA,"CHAR",27,NA,NA,"quant_raw",0.3,"volume","cm^3","RPDv1b","1702","charcoal","count","unspec","pollen_slide","particle",">100um num",NA,">100um","num","RPDv1b","measured",1,"RPDv1b","ELEMENT=>100 µm","Ribeira do Farelo and Ribeira da Torre",37.151969,-8.594376,0.6,"north","Portugal",NA,"sedfluv",841,1,2010,"Schneider, H., Höfer, D., Trog, C., Busch, S., Schneider, M., Baade, J., Daut, G., Mäusbacher, R., 2010. Holocene estuary development in the Algarve Region (Southern Portugal) – A reconstruction of sedimentological and ecological evolution. Quaternary International 221, 141–158.","Holocene estuary development in the Algarve Region (Southern Portugal) - A reconstruction of sedimentological and ecological evolution","Quaternary International",221,NA,"141-158",NA,"10.1016/j.quaint.2009.10.004",NA,NA,NA,NA,NA,NA,NA,NA,NA,NA,NA,NA,NA,"RPDv1b:1701|RPDv1b:1702",841,"Höfer, D.",1,"Höfer","D.",NA,NA,NA,NA,NA,NA,NA,NA,NA,"RPDv1b:1701",841,"RPDv1b",1701,13711,236.5,2.365,"m",0.01,"AMS","charcoal",4660,43,NA,NA,"Erl-11846",TRUE,NA,"-888888 Date is in uncalibrated radiocarbon years.","Ribeira do Farelo and Ribeira da Torre_POLLENSLIDE","counted","100-NaN",NA,NA,"",4660,4617,4703,4660,236.5,0.01,"-888888 Date is in uncalibrated radiocarbon years.",". Cal curve: NA. Source DB: RPDv1b","Fluvial","Carbon-14","Radiocarbon",-23.93478,7405.521,"Calibrated radiocarbon years BP","sedimentary charcoal","Data Sourcing: RPDv1b","Sample Age Source: GCDv4"
"841",18,"charcoal | num cm-2 yr-1",NA,48,NA,NA,1501.081,NA,NA,"GCDv4","Charcoal (sum)","(additional options)",NA,NA,"False","False","number cm-2 yr-1","Microscopic charcoal (pollen slide)","direct",NA,"CHAR",59043458.0685652,NA,NA,"quant_influx",NA,"","","GCDv4","GCDv4_1153","charcoal","count","unspec","pollen_slide","particle","num cm-2 yr-1",NA,"no_size","num cm-2 yr-1","RPDv1b","measured",1,"GCDv4","","Ribeira do Farelo and Ribeira da Torre",37.151969,-8.594376,0.6,"north","Portugal",NA,"sedfluv",841,1,2010,"Schneider, H., Höfer, D., Trog, C., Busch, S., Schneider, M., Baade, J., Daut, G., Mäusbacher, R., 2010. Holocene estuary development in the Algarve Region (Southern Portugal) – A reconstruction of sedimentological and ecological evolution. Quaternary International 221, 141–158.","Holocene estuary development in the Algarve Region (Southern Portugal) - A reconstruction of sedimentological and ecological evolution","Quaternary International",221,NA,"141-158",NA,"10.1016/j.quaint.2009.10.004",NA,NA,NA,NA,NA,NA,NA,NA,NA,NA,NA,NA,NA,"RPDv1b:1701|RPDv1b:1702",841,"Trog, C.",1,"Trog","C.",NA,NA,NA,NA,NA,NA,NA,NA,NA,"RPDv1b:1701",841,"RPDv1b",1701,13711,236.5,2.365,"m",0.01,"AMS","charcoal",4660,43,NA,NA,"Erl-11846",TRUE,NA,"-888888 Date is in uncalibrated radiocarbon years.","Ribeira do Farelo and Ribeira da Torre_POLLENSLIDE",NA,NA,NA,NA,NA,4660,4617,4703,4660,236.5,0.01,"-888888 Date is in uncalibrated radiocarbon years.",". Cal curve: NA. Source DB: RPDv1b","Fluvial","Carbon-14","Radiocarbon",-23.93478,7405.521,"Calibrated radiocarbon years BP","sedimentary charcoal","Data Sourcing: GCDv4","Sample Age Source: GCDv4"
"841",19,"charcoal | <100um num",NA,50.5,NA,NA,1595.405,NA,NA,"GCDv4","Charcoal (sum)","<100 µm",NA,100,"True","False","number","Microscopic charcoal (pollen slide)","direct",NA,"CHAR",39470,NA,NA,"quant_raw",0.3,"volume","cm^3","RPDv1b","1701","charcoal","count","microchar","pollen_slide","particle","<100um num",NA,"<100um","num","RPDv1b","measured",1,"RPDv1b","ELEMENT=<100 µm","Ribeira do Farelo and Ribeira da Torre",37.151969,-8.594376,0.6,"north","Portugal",NA,"sedfluv",841,1,2010,"Schneider, H., Höfer, D., Trog, C., Busch, S., Schneider, M., Baade, J., Daut, G., Mäusbacher, R., 2010. Holocene estuary development in the Algarve Region (Southern Portugal) – A reconstruction of sedimentological and ecological evolution. Quaternary International 221, 141–158.","Holocene estuary development in the Algarve Region (Southern Portugal) - A reconstruction of sedimentological and ecological evolution","Quaternary International",221,NA,"141-158",NA,"10.1016/j.quaint.2009.10.004",NA,NA,NA,NA,NA,NA,NA,NA,NA,NA,NA,NA,NA,"RPDv1b:1701|RPDv1b:1702",841,"Trog, C.",1,"Trog","C.",NA,NA,NA,NA,NA,NA,NA,NA,NA,"RPDv1b:1701",841,"RPDv1b",1701,13711,236.5,2.365,"m",0.01,"AMS","charcoal",4660,43,NA,NA,"Erl-11846",TRUE,NA,"-888888 Date is in uncalibrated radiocarbon years.","Ribeira do Farelo and Ribeira da Torre_POLLENSLIDE","counted","NaN-100",NA,NA,"",4660,4617,4703,4660,236.5,0.01,"-888888 Date is in uncalibrated radiocarbon years.",". Cal curve: NA. Source DB: RPDv1b","Fluvial","Carbon-14","Radiocarbon",-23.93478,7405.521,"Calibrated radiocarbon years BP","sedimentary charcoal","Data Sourcing: RPDv1b","Sample Age Source: GCDv4"
"841",19,"charcoal | >100um num",NA,50.5,NA,NA,1595.405,NA,NA,"GCDv4","Charcoal (sum)",">100 µm",100,NA,"False","True","number","Microscopic charcoal (pollen slide)","direct",NA,"CHAR",79,NA,NA,"quant_raw",0.3,"volume","cm^3","RPDv1b","1702","charcoal","count","unspec","pollen_slide","particle",">100um num",NA,">100um","num","RPDv1b","measured",1,"RPDv1b","ELEMENT=>100 µm","Ribeira do Farelo and Ribeira da Torre",37.151969,-8.594376,0.6,"north","Portugal",NA,"sedfluv",841,1,2010,"Schneider, H., Höfer, D., Trog, C., Busch, S., Schneider, M., Baade, J., Daut, G., Mäusbacher, R., 2010. Holocene estuary development in the Algarve Region (Southern Portugal) – A reconstruction of sedimentological and ecological evolution. Quaternary International 221, 141–158.","Holocene estuary development in the Algarve Region (Southern Portugal) - A reconstruction of sedimentological and ecological evolution","Quaternary International",221,NA,"141-158",NA,"10.1016/j.quaint.2009.10.004",NA,NA,NA,NA,NA,NA,NA,NA,NA,NA,NA,NA,NA,"RPDv1b:1701|RPDv1b:1702",841,"Trog, C.",1,"Trog","C.",NA,NA,NA,NA,NA,NA,NA,NA,NA,"RPDv1b:1701",841,"RPDv1b",1701,13711,236.5,2.365,"m",0.01,"AMS","charcoal",4660,43,NA,NA,"Erl-11846",TRUE,NA,"-888888 Date is in uncalibrated radiocarbon years.","Ribeira do Farelo and Ribeira da Torre_POLLENSLIDE","counted","100-NaN",NA,NA,"",4660,4617,4703,4660,236.5,0.01,"-888888 Date is in uncalibrated radiocarbon years.",". Cal curve: NA. Source DB: RPDv1b","Fluvial","Carbon-14","Radiocarbon",-23.93478,7405.521,"Calibrated radiocarbon years BP","sedimentary charcoal","Data Sourcing: RPDv1b","Sample Age Source: GCDv4"
"841",19,"charcoal | num cm-2 yr-1",NA,50.5,NA,NA,1595.405,NA,NA,"GCDv4","Charcoal (sum)","(additional options)",NA,NA,"False","False","number cm-2 yr-1","Microscopic charcoal (pollen slide)","direct",NA,"CHAR",104796311.448668,NA,NA,"quant_influx",NA,"","","GCDv4","GCDv4_1153","charcoal","count","unspec","pollen_slide","particle","num cm-2 yr-1",NA,"no_size","num cm-2 yr-1","RPDv1b","measured",1,"GCDv4","","Ribeira do Farelo and Ribeira da Torre",37.151969,-8.594376,0.6,"north","Portugal",NA,"sedfluv",841,1,2010,"Schneider, H., Höfer, D., Trog, C., Busch, S., Schneider, M., Baade, J., Daut, G., Mäusbacher, R., 2010. Holocene estuary development in the Algarve Region (Southern Portugal) – A reconstruction of sedimentological and ecological evolution. Quaternary International 221, 141–158.","Holocene estuary development in the Algarve Region (Southern Portugal) - A reconstruction of sedimentological and ecological evolution","Quaternary International",221,NA,"141-158",NA,"10.1016/j.quaint.2009.10.004",NA,NA,NA,NA,NA,NA,NA,NA,NA,NA,NA,NA,NA,"RPDv1b:1701|RPDv1b:1702",841,"Trog, C.",1,"Trog","C.",NA,NA,NA,NA,NA,NA,NA,NA,NA,"RPDv1b:1701",841,"RPDv1b",1701,13711,236.5,2.365,"m",0.01,"AMS","charcoal",4660,43,NA,NA,"Erl-11846",TRUE,NA,"-888888 Date is in uncalibrated radiocarbon years.","Ribeira do Farelo and Ribeira da Torre_POLLENSLIDE",NA,NA,NA,NA,NA,4660,4617,4703,4660,236.5,0.01,"-888888 Date is in uncalibrated radiocarbon years.",". Cal curve: NA. Source DB: RPDv1b","Fluvial","Carbon-14","Radiocarbon",-23.93478,7405.521,"Calibrated radiocarbon years BP","sedimentary charcoal","Data Sourcing: GCDv4","Sample Age Source: GCDv4"
"841",20,"charcoal | <100um num",NA,52.5,NA,NA,1670.865,NA,NA,"GCDv4","Charcoal (sum)","<100 µm",NA,100,"True","False","number","Microscopic charcoal (pollen slide)","direct",NA,"CHAR",7773,NA,NA,"quant_raw",0.3,"volume","cm^3","RPDv1b","1701","charcoal","count","microchar","pollen_slide","particle","<100um num",NA,"<100um","num","RPDv1b","measured",1,"RPDv1b","ELEMENT=<100 µm","Ribeira do Farelo and Ribeira da Torre",37.151969,-8.594376,0.6,"north","Portugal",NA,"sedfluv",841,1,2010,"Schneider, H., Höfer, D., Trog, C., Busch, S., Schneider, M., Baade, J., Daut, G., Mäusbacher, R., 2010. Holocene estuary development in the Algarve Region (Southern Portugal) – A reconstruction of sedimentological and ecological evolution. Quaternary International 221, 141–158.","Holocene estuary development in the Algarve Region (Southern Portugal) - A reconstruction of sedimentological and ecological evolution","Quaternary International",221,NA,"141-158",NA,"10.1016/j.quaint.2009.10.004",NA,NA,NA,NA,NA,NA,NA,NA,NA,NA,NA,NA,NA,"RPDv1b:1701|RPDv1b:1702",841,"Trog, C.",1,"Trog","C.",NA,NA,NA,NA,NA,NA,NA,NA,NA,"RPDv1b:1701",841,"RPDv1b",1701,13712,244.5,2.445,"m",0.01,"AMS","charcoal",4840,40,NA,NA,"Beta-248346",TRUE,NA,"-888888 Date is in uncalibrated radiocarbon years.","Ribeira do Farelo and Ribeira da Torre_POLLENSLIDE","counted","NaN-100",NA,NA,"",4840,4800,4880,4840,244.5,0.01,"-888888 Date is in uncalibrated radiocarbon years.",". Cal curve: NA. Source DB: RPDv1b","Fluvial","Carbon-14","Radiocarbon",-23.93478,7405.521,"Calibrated radiocarbon years BP","sedimentary charcoal","Data Sourcing: RPDv1b","Sample Age Source: GCDv4"
"841",20,"charcoal | >100um num",NA,52.5,NA,NA,1670.865,NA,NA,"GCDv4","Charcoal (sum)",">100 µm",100,NA,"False","True","number","Microscopic charcoal (pollen slide)","direct",NA,"CHAR",96,NA,NA,"quant_raw",0.3,"volume","cm^3","RPDv1b","1702","charcoal","count","unspec","pollen_slide","particle",">100um num",NA,">100um","num","RPDv1b","measured",1,"RPDv1b","ELEMENT=>100 µm","Ribeira do Farelo and Ribeira da Torre",37.151969,-8.594376,0.6,"north","Portugal",NA,"sedfluv",841,1,2010,"Schneider, H., Höfer, D., Trog, C., Busch, S., Schneider, M., Baade, J., Daut, G., Mäusbacher, R., 2010. Holocene estuary development in the Algarve Region (Southern Portugal) – A reconstruction of sedimentological and ecological evolution. Quaternary International 221, 141–158.","Holocene estuary development in the Algarve Region (Southern Portugal) - A reconstruction of sedimentological and ecological evolution","Quaternary International",221,NA,"141-158",NA,"10.1016/j.quaint.2009.10.004",NA,NA,NA,NA,NA,NA,NA,NA,NA,NA,NA,NA,NA,"RPDv1b:1701|RPDv1b:1702",841,"Trog, C.",1,"Trog","C.",NA,NA,NA,NA,NA,NA,NA,NA,NA,"RPDv1b:1701",841,"RPDv1b",1701,13712,244.5,2.445,"m",0.01,"AMS","charcoal",4840,40,NA,NA,"Beta-248346",TRUE,NA,"-888888 Date is in uncalibrated radiocarbon years.","Ribeira do Farelo and Ribeira da Torre_POLLENSLIDE","counted","100-NaN",NA,NA,"",4840,4800,4880,4840,244.5,0.01,"-888888 Date is in uncalibrated radiocarbon years.",". Cal curve: NA. Source DB: RPDv1b","Fluvial","Carbon-14","Radiocarbon",-23.93478,7405.521,"Calibrated radiocarbon years BP","sedimentary charcoal","Data Sourcing: RPDv1b","Sample Age Source: GCDv4"
"841",20,"charcoal | num cm-2 yr-1",NA,52.5,NA,NA,1670.865,NA,NA,"GCDv4","Charcoal (sum)","(additional options)",NA,NA,"False","False","number cm-2 yr-1","Microscopic charcoal (pollen slide)","direct",NA,"CHAR",25975552.1142233,NA,NA,"quant_influx",NA,"","","GCDv4","GCDv4_1153","charcoal","count","unspec","pollen_slide","particle","num cm-2 yr-1",NA,"no_size","num cm-2 yr-1","RPDv1b","measured",1,"GCDv4","","Ribeira do Farelo and Ribeira da Torre",37.151969,-8.594376,0.6,"north","Portugal",NA,"sedfluv",841,1,2010,"Schneider, H., Höfer, D., Trog, C., Busch, S., Schneider, M., Baade, J., Daut, G., Mäusbacher, R., 2010. Holocene estuary development in the Algarve Region (Southern Portugal) – A reconstruction of sedimentological and ecological evolution. Quaternary International 221, 141–158.","Holocene estuary development in the Algarve Region (Southern Portugal) - A reconstruction of sedimentological and ecological evolution","Quaternary International",221,NA,"141-158",NA,"10.1016/j.quaint.2009.10.004",NA,NA,NA,NA,NA,NA,NA,NA,NA,NA,NA,NA,NA,"RPDv1b:1701|RPDv1b:1702",841,"Trog, C.",1,"Trog","C.",NA,NA,NA,NA,NA,NA,NA,NA,NA,"RPDv1b:1701",841,"RPDv1b",1701,13712,244.5,2.445,"m",0.01,"AMS","charcoal",4840,40,NA,NA,"Beta-248346",TRUE,NA,"-888888 Date is in uncalibrated radiocarbon years.","Ribeira do Farelo and Ribeira da Torre_POLLENSLIDE",NA,NA,NA,NA,NA,4840,4800,4880,4840,244.5,0.01,"-888888 Date is in uncalibrated radiocarbon years.",". Cal curve: NA. Source DB: RPDv1b","Fluvial","Carbon-14","Radiocarbon",-23.93478,7405.521,"Calibrated radiocarbon years BP","sedimentary charcoal","Data Sourcing: GCDv4","Sample Age Source: GCDv4"
"841",21,"charcoal | <100um num",NA,54.5,NA,NA,1746.324,NA,NA,"GCDv4","Charcoal (sum)","<100 µm",NA,100,"True","False","number","Microscopic charcoal (pollen slide)","direct",NA,"CHAR",16280,NA,NA,"quant_raw",0.3,"volume","cm^3","RPDv1b","1701","charcoal","count","microchar","pollen_slide","particle","<100um num",NA,"<100um","num","RPDv1b","measured",1,"RPDv1b","ELEMENT=<100 µm","Ribeira do Farelo and Ribeira da Torre",37.151969,-8.594376,0.6,"north","Portugal",NA,"sedfluv",841,1,2010,"Schneider, H., Höfer, D., Trog, C., Busch, S., Schneider, M., Baade, J., Daut, G., Mäusbacher, R., 2010. Holocene estuary development in the Algarve Region (Southern Portugal) – A reconstruction of sedimentological and ecological evolution. Quaternary International 221, 141–158.","Holocene estuary development in the Algarve Region (Southern Portugal) - A reconstruction of sedimentological and ecological evolution","Quaternary International",221,NA,"141-158",NA,"10.1016/j.quaint.2009.10.004",NA,NA,NA,NA,NA,NA,NA,NA,NA,NA,NA,NA,NA,"RPDv1b:1701|RPDv1b:1702",841,"Trog, C.",1,"Trog","C.",NA,NA,NA,NA,NA,NA,NA,NA,NA,"RPDv1b:1701",841,"RPDv1b",1701,13712,244.5,2.445,"m",0.01,"AMS","charcoal",4840,40,NA,NA,"Beta-248346",TRUE,NA,"-888888 Date is in uncalibrated radiocarbon years.","Ribeira do Farelo and Ribeira da Torre_POLLENSLIDE","counted","NaN-100",NA,NA,"",4840,4800,4880,4840,244.5,0.01,"-888888 Date is in uncalibrated radiocarbon years.",". Cal curve: NA. Source DB: RPDv1b","Fluvial","Carbon-14","Radiocarbon",-23.93478,7405.521,"Calibrated radiocarbon years BP","sedimentary charcoal","Data Sourcing: RPDv1b","Sample Age Source: GCDv4"
"841",21,"charcoal | >100um num",NA,54.5,NA,NA,1746.324,NA,NA,"GCDv4","Charcoal (sum)",">100 µm",100,NA,"False","True","number","Microscopic charcoal (pollen slide)","direct",NA,"CHAR",96,NA,NA,"quant_raw",0.3,"volume","cm^3","RPDv1b","1702","charcoal","count","unspec","pollen_slide","particle",">100um num",NA,">100um","num","RPDv1b","measured",1,"RPDv1b","ELEMENT=>100 µm","Ribeira do Farelo and Ribeira da Torre",37.151969,-8.594376,0.6,"north","Portugal",NA,"sedfluv",841,1,2010,"Schneider, H., Höfer, D., Trog, C., Busch, S., Schneider, M., Baade, J., Daut, G., Mäusbacher, R., 2010. Holocene estuary development in the Algarve Region (Southern Portugal) – A reconstruction of sedimentological and ecological evolution. Quaternary International 221, 141–158.","Holocene estuary development in the Algarve Region (Southern Portugal) - A reconstruction of sedimentological and ecological evolution","Quaternary International",221,NA,"141-158",NA,"10.1016/j.quaint.2009.10.004",NA,NA,NA,NA,NA,NA,NA,NA,NA,NA,NA,NA,NA,"RPDv1b:1701|RPDv1b:1702",841,"Trog, C.",1,"Trog","C.",NA,NA,NA,NA,NA,NA,NA,NA,NA,"RPDv1b:1701",841,"RPDv1b",1701,13712,244.5,2.445,"m",0.01,"AMS","charcoal",4840,40,NA,NA,"Beta-248346",TRUE,NA,"-888888 Date is in uncalibrated radiocarbon years.","Ribeira do Farelo and Ribeira da Torre_POLLENSLIDE","counted","100-NaN",NA,NA,"",4840,4800,4880,4840,244.5,0.01,"-888888 Date is in uncalibrated radiocarbon years.",". Cal curve: NA. Source DB: RPDv1b","Fluvial","Carbon-14","Radiocarbon",-23.93478,7405.521,"Calibrated radiocarbon years BP","sedimentary charcoal","Data Sourcing: RPDv1b","Sample Age Source: GCDv4"
"841",21,"charcoal | num cm-2 yr-1",NA,54.5,NA,NA,1746.324,NA,NA,"GCDv4","Charcoal (sum)","(additional options)",NA,NA,"False","False","number cm-2 yr-1","Microscopic charcoal (pollen slide)","direct",NA,"CHAR",32161727.5028961,NA,NA,"quant_influx",NA,"","","GCDv4","GCDv4_1153","charcoal","count","unspec","pollen_slide","particle","num cm-2 yr-1",NA,"no_size","num cm-2 yr-1","RPDv1b","measured",1,"GCDv4","","Ribeira do Farelo and Ribeira da Torre",37.151969,-8.594376,0.6,"north","Portugal",NA,"sedfluv",841,1,2010,"Schneider, H., Höfer, D., Trog, C., Busch, S., Schneider, M., Baade, J., Daut, G., Mäusbacher, R., 2010. Holocene estuary development in the Algarve Region (Southern Portugal) – A reconstruction of sedimentological and ecological evolution. Quaternary International 221, 141–158.","Holocene estuary development in the Algarve Region (Southern Portugal) - A reconstruction of sedimentological and ecological evolution","Quaternary International",221,NA,"141-158",NA,"10.1016/j.quaint.2009.10.004",NA,NA,NA,NA,NA,NA,NA,NA,NA,NA,NA,NA,NA,"RPDv1b:1701|RPDv1b:1702",841,"Trog, C.",1,"Trog","C.",NA,NA,NA,NA,NA,NA,NA,NA,NA,"RPDv1b:1701",841,"RPDv1b",1701,13712,244.5,2.445,"m",0.01,"AMS","charcoal",4840,40,NA,NA,"Beta-248346",TRUE,NA,"-888888 Date is in uncalibrated radiocarbon years.","Ribeira do Farelo and Ribeira da Torre_POLLENSLIDE",NA,NA,NA,NA,NA,4840,4800,4880,4840,244.5,0.01,"-888888 Date is in uncalibrated radiocarbon years.",". Cal curve: NA. Source DB: RPDv1b","Fluvial","Carbon-14","Radiocarbon",-23.93478,7405.521,"Calibrated radiocarbon years BP","sedimentary charcoal","Data Sourcing: GCDv4","Sample Age Source: GCDv4"
"841",22,"charcoal | <100um num",NA,56.5,NA,NA,1821.784,NA,NA,"GCDv4","Charcoal (sum)","<100 µm",NA,100,"True","False","number","Microscopic charcoal (pollen slide)","direct",NA,"CHAR",10987,NA,NA,"quant_raw",0.3,"volume","cm^3","RPDv1b","1701","charcoal","count","microchar","pollen_slide","particle","<100um num",NA,"<100um","num","RPDv1b","measured",1,"RPDv1b","ELEMENT=<100 µm","Ribeira do Farelo and Ribeira da Torre",37.151969,-8.594376,0.6,"north","Portugal",NA,"sedfluv",841,1,2010,"Schneider, H., Höfer, D., Trog, C., Busch, S., Schneider, M., Baade, J., Daut, G., Mäusbacher, R., 2010. Holocene estuary development in the Algarve Region (Southern Portugal) – A reconstruction of sedimentological and ecological evolution. Quaternary International 221, 141–158.","Holocene estuary development in the Algarve Region (Southern Portugal) - A reconstruction of sedimentological and ecological evolution","Quaternary International",221,NA,"141-158",NA,"10.1016/j.quaint.2009.10.004",NA,NA,NA,NA,NA,NA,NA,NA,NA,NA,NA,NA,NA,"RPDv1b:1701|RPDv1b:1702",841,"Trog, C.",1,"Trog","C.",NA,NA,NA,NA,NA,NA,NA,NA,NA,"RPDv1b:1701",841,"RPDv1b",1701,13712,244.5,2.445,"m",0.01,"AMS","charcoal",4840,40,NA,NA,"Beta-248346",TRUE,NA,"-888888 Date is in uncalibrated radiocarbon years.","Ribeira do Farelo and Ribeira da Torre_POLLENSLIDE","counted","NaN-100",NA,NA,"",4840,4800,4880,4840,244.5,0.01,"-888888 Date is in uncalibrated radiocarbon years.",". Cal curve: NA. Source DB: RPDv1b","Fluvial","Carbon-14","Radiocarbon",-23.93478,7405.521,"Calibrated radiocarbon years BP","sedimentary charcoal","Data Sourcing: RPDv1b","Sample Age Source: GCDv4"
"841",22,"charcoal | >100um num",NA,56.5,NA,NA,1821.784,NA,NA,"GCDv4","Charcoal (sum)",">100 µm",100,NA,"False","True","number","Microscopic charcoal (pollen slide)","direct",NA,"CHAR",85,NA,NA,"quant_raw",0.3,"volume","cm^3","RPDv1b","1702","charcoal","count","unspec","pollen_slide","particle",">100um num",NA,">100um","num","RPDv1b","measured",1,"RPDv1b","ELEMENT=>100 µm","Ribeira do Farelo and Ribeira da Torre",37.151969,-8.594376,0.6,"north","Portugal",NA,"sedfluv",841,1,2010,"Schneider, H., Höfer, D., Trog, C., Busch, S., Schneider, M., Baade, J., Daut, G., Mäusbacher, R., 2010. Holocene estuary development in the Algarve Region (Southern Portugal) – A reconstruction of sedimentological and ecological evolution. Quaternary International 221, 141–158.","Holocene estuary development in the Algarve Region (Southern Portugal) - A reconstruction of sedimentological and ecological evolution","Quaternary International",221,NA,"141-158",NA,"10.1016/j.quaint.2009.10.004",NA,NA,NA,NA,NA,NA,NA,NA,NA,NA,NA,NA,NA,"RPDv1b:1701|RPDv1b:1702",841,"Trog, C.",1,"Trog","C.",NA,NA,NA,NA,NA,NA,NA,NA,NA,"RPDv1b:1701",841,"RPDv1b",1701,13712,244.5,2.445,"m",0.01,"AMS","charcoal",4840,40,NA,NA,"Beta-248346",TRUE,NA,"-888888 Date is in uncalibrated radiocarbon years.","Ribeira do Farelo and Ribeira da Torre_POLLENSLIDE","counted","100-NaN",NA,NA,"",4840,4800,4880,4840,244.5,0.01,"-888888 Date is in uncalibrated radiocarbon years.",". Cal curve: NA. Source DB: RPDv1b","Fluvial","Carbon-14","Radiocarbon",-23.93478,7405.521,"Calibrated radiocarbon years BP","sedimentary charcoal","Data Sourcing: RPDv1b","Sample Age Source: GCDv4"
"841",22,"charcoal | num cm-2 yr-1",NA,56.5,NA,NA,1821.784,NA,NA,"GCDv4","Charcoal (sum)","(additional options)",NA,NA,"False","False","number cm-2 yr-1","Microscopic charcoal (pollen slide)","direct",NA,"CHAR",37178797.3486358,NA,NA,"quant_influx",NA,"","","GCDv4","GCDv4_1153","charcoal","count","unspec","pollen_slide","particle","num cm-2 yr-1",NA,"no_size","num cm-2 yr-1","RPDv1b","measured",1,"GCDv4","","Ribeira do Farelo and Ribeira da Torre",37.151969,-8.594376,0.6,"north","Portugal",NA,"sedfluv",841,1,2010,"Schneider, H., Höfer, D., Trog, C., Busch, S., Schneider, M., Baade, J., Daut, G., Mäusbacher, R., 2010. Holocene estuary development in the Algarve Region (Southern Portugal) – A reconstruction of sedimentological and ecological evolution. Quaternary International 221, 141–158.","Holocene estuary development in the Algarve Region (Southern Portugal) - A reconstruction of sedimentological and ecological evolution","Quaternary International",221,NA,"141-158",NA,"10.1016/j.quaint.2009.10.004",NA,NA,NA,NA,NA,NA,NA,NA,NA,NA,NA,NA,NA,"RPDv1b:1701|RPDv1b:1702",841,"Trog, C.",1,"Trog","C.",NA,NA,NA,NA,NA,NA,NA,NA,NA,"RPDv1b:1701",841,"RPDv1b",1701,13712,244.5,2.445,"m",0.01,"AMS","charcoal",4840,40,NA,NA,"Beta-248346",TRUE,NA,"-888888 Date is in uncalibrated radiocarbon years.","Ribeira do Farelo and Ribeira da Torre_POLLENSLIDE",NA,NA,NA,NA,NA,4840,4800,4880,4840,244.5,0.01,"-888888 Date is in uncalibrated radiocarbon years.",". Cal curve: NA. Source DB: RPDv1b","Fluvial","Carbon-14","Radiocarbon",-23.93478,7405.521,"Calibrated radiocarbon years BP","sedimentary charcoal","Data Sourcing: GCDv4","Sample Age Source: GCDv4"
"841",23,"charcoal | <100um num",NA,58.5,NA,NA,1897.243,NA,NA,"GCDv4","Charcoal (sum)","<100 µm",NA,100,"True","False","number","Microscopic charcoal (pollen slide)","direct",NA,"CHAR",7191,NA,NA,"quant_raw",0.3,"volume","cm^3","RPDv1b","1701","charcoal","count","microchar","pollen_slide","particle","<100um num",NA,"<100um","num","RPDv1b","measured",1,"RPDv1b","ELEMENT=<100 µm","Ribeira do Farelo and Ribeira da Torre",37.151969,-8.594376,0.6,"north","Portugal",NA,"sedfluv",841,1,2010,"Schneider, H., Höfer, D., Trog, C., Busch, S., Schneider, M., Baade, J., Daut, G., Mäusbacher, R., 2010. Holocene estuary development in the Algarve Region (Southern Portugal) – A reconstruction of sedimentological and ecological evolution. Quaternary International 221, 141–158.","Holocene estuary development in the Algarve Region (Southern Portugal) - A reconstruction of sedimentological and ecological evolution","Quaternary International",221,NA,"141-158",NA,"10.1016/j.quaint.2009.10.004",NA,NA,NA,NA,NA,NA,NA,NA,NA,NA,NA,NA,NA,"RPDv1b:1701|RPDv1b:1702",841,"Trog, C.",1,"Trog","C.",NA,NA,NA,NA,NA,NA,NA,NA,NA,"RPDv1b:1701",841,"RPDv1b",1701,13712,244.5,2.445,"m",0.01,"AMS","charcoal",4840,40,NA,NA,"Beta-248346",TRUE,NA,"-888888 Date is in uncalibrated radiocarbon years.","Ribeira do Farelo and Ribeira da Torre_POLLENSLIDE","counted","NaN-100",NA,NA,"",4840,4800,4880,4840,244.5,0.01,"-888888 Date is in uncalibrated radiocarbon years.",". Cal curve: NA. Source DB: RPDv1b","Fluvial","Carbon-14","Radiocarbon",-23.93478,7405.521,"Calibrated radiocarbon years BP","sedimentary charcoal","Data Sourcing: RPDv1b","Sample Age Source: GCDv4"
"841",23,"charcoal | >100um num",NA,58.5,NA,NA,1897.243,NA,NA,"GCDv4","Charcoal (sum)",">100 µm",100,NA,"False","True","number","Microscopic charcoal (pollen slide)","direct",NA,"CHAR",16,NA,NA,"quant_raw",0.3,"volume","cm^3","RPDv1b","1702","charcoal","count","unspec","pollen_slide","particle",">100um num",NA,">100um","num","RPDv1b","measured",1,"RPDv1b","ELEMENT=>100 µm","Ribeira do Farelo and Ribeira da Torre",37.151969,-8.594376,0.6,"north","Portugal",NA,"sedfluv",841,1,2010,"Schneider, H., Höfer, D., Trog, C., Busch, S., Schneider, M., Baade, J., Daut, G., Mäusbacher, R., 2010. Holocene estuary development in the Algarve Region (Southern Portugal) – A reconstruction of sedimentological and ecological evolution. Quaternary International 221, 141–158.","Holocene estuary development in the Algarve Region (Southern Portugal) - A reconstruction of sedimentological and ecological evolution","Quaternary International",221,NA,"141-158",NA,"10.1016/j.quaint.2009.10.004",NA,NA,NA,NA,NA,NA,NA,NA,NA,NA,NA,NA,NA,"RPDv1b:1701|RPDv1b:1702",841,"Trog, C.",1,"Trog","C.",NA,NA,NA,NA,NA,NA,NA,NA,NA,"RPDv1b:1701",841,"RPDv1b",1701,13712,244.5,2.445,"m",0.01,"AMS","charcoal",4840,40,NA,NA,"Beta-248346",TRUE,NA,"-888888 Date is in uncalibrated radiocarbon years.","Ribeira do Farelo and Ribeira da Torre_POLLENSLIDE","counted","100-NaN",NA,NA,"",4840,4800,4880,4840,244.5,0.01,"-888888 Date is in uncalibrated radiocarbon years.",". Cal curve: NA. Source DB: RPDv1b","Fluvial","Carbon-14","Radiocarbon",-23.93478,7405.521,"Calibrated radiocarbon years BP","sedimentary charcoal","Data Sourcing: RPDv1b","Sample Age Source: GCDv4"
"841",23,"charcoal | num cm-2 yr-1",NA,58.5,NA,NA,1897.243,NA,NA,"GCDv4","Charcoal (sum)","(additional options)",NA,NA,"False","False","number cm-2 yr-1","Microscopic charcoal (pollen slide)","direct",NA,"CHAR",33156450.4021511,NA,NA,"quant_influx",NA,"","","GCDv4","GCDv4_1153","charcoal","count","unspec","pollen_slide","particle","num cm-2 yr-1",NA,"no_size","num cm-2 yr-1","RPDv1b","measured",1,"GCDv4","","Ribeira do Farelo and Ribeira da Torre",37.151969,-8.594376,0.6,"north","Portugal",NA,"sedfluv",841,1,2010,"Schneider, H., Höfer, D., Trog, C., Busch, S., Schneider, M., Baade, J., Daut, G., Mäusbacher, R., 2010. Holocene estuary development in the Algarve Region (Southern Portugal) – A reconstruction of sedimentological and ecological evolution. Quaternary International 221, 141–158.","Holocene estuary development in the Algarve Region (Southern Portugal) - A reconstruction of sedimentological and ecological evolution","Quaternary International",221,NA,"141-158",NA,"10.1016/j.quaint.2009.10.004",NA,NA,NA,NA,NA,NA,NA,NA,NA,NA,NA,NA,NA,"RPDv1b:1701|RPDv1b:1702",841,"Trog, C.",1,"Trog","C.",NA,NA,NA,NA,NA,NA,NA,NA,NA,"RPDv1b:1701",841,"RPDv1b",1701,13712,244.5,2.445,"m",0.01,"AMS","charcoal",4840,40,NA,NA,"Beta-248346",TRUE,NA,"-888888 Date is in uncalibrated radiocarbon years.","Ribeira do Farelo and Ribeira da Torre_POLLENSLIDE",NA,NA,NA,NA,NA,4840,4800,4880,4840,244.5,0.01,"-888888 Date is in uncalibrated radiocarbon years.",". Cal curve: NA. Source DB: RPDv1b","Fluvial","Carbon-14","Radiocarbon",-23.93478,7405.521,"Calibrated radiocarbon years BP","sedimentary charcoal","Data Sourcing: GCDv4","Sample Age Source: GCDv4"
"841",24,"charcoal | <100um num",NA,60.75,NA,NA,1982.135,NA,NA,"GCDv4","Charcoal (sum)","<100 µm",NA,100,"True","False","number","Microscopic charcoal (pollen slide)","direct",NA,"CHAR",9092,NA,NA,"quant_raw",0.3,"volume","cm^3","RPDv1b","1701","charcoal","count","microchar","pollen_slide","particle","<100um num",NA,"<100um","num","RPDv1b","measured",1,"RPDv1b","ELEMENT=<100 µm","Ribeira do Farelo and Ribeira da Torre",37.151969,-8.594376,0.6,"north","Portugal",NA,"sedfluv",841,1,2010,"Schneider, H., Höfer, D., Trog, C., Busch, S., Schneider, M., Baade, J., Daut, G., Mäusbacher, R., 2010. Holocene estuary development in the Algarve Region (Southern Portugal) – A reconstruction of sedimentological and ecological evolution. Quaternary International 221, 141–158.","Holocene estuary development in the Algarve Region (Southern Portugal) - A reconstruction of sedimentological and ecological evolution","Quaternary International",221,NA,"141-158",NA,"10.1016/j.quaint.2009.10.004",NA,NA,NA,NA,NA,NA,NA,NA,NA,NA,NA,NA,NA,"RPDv1b:1701|RPDv1b:1702",841,"Trog, C.",1,"Trog","C.",NA,NA,NA,NA,NA,NA,NA,NA,NA,"RPDv1b:1701",841,"RPDv1b",1701,13713,278.5,2.785,"m",0.01,"AMS","charcoal",5230,50,NA,NA,"Beta-248347",TRUE,NA,"-888888 Date is in uncalibrated radiocarbon years.","Ribeira do Farelo and Ribeira da Torre_POLLENSLIDE","counted","NaN-100",NA,NA,"",5230,5180,5280,5230,278.5,0.01,"-888888 Date is in uncalibrated radiocarbon years.",". Cal curve: NA. Source DB: RPDv1b","Fluvial","Carbon-14","Radiocarbon",-23.93478,7405.521,"Calibrated radiocarbon years BP","sedimentary charcoal","Data Sourcing: RPDv1b","Sample Age Source: GCDv4"
"841",24,"charcoal | >100um num",NA,60.75,NA,NA,1982.135,NA,NA,"GCDv4","Charcoal (sum)",">100 µm",100,NA,"False","True","number","Microscopic charcoal (pollen slide)","direct",NA,"CHAR",26,NA,NA,"quant_raw",0.3,"volume","cm^3","RPDv1b","1702","charcoal","count","unspec","pollen_slide","particle",">100um num",NA,">100um","num","RPDv1b","measured",1,"RPDv1b","ELEMENT=>100 µm","Ribeira do Farelo and Ribeira da Torre",37.151969,-8.594376,0.6,"north","Portugal",NA,"sedfluv",841,1,2010,"Schneider, H., Höfer, D., Trog, C., Busch, S., Schneider, M., Baade, J., Daut, G., Mäusbacher, R., 2010. Holocene estuary development in the Algarve Region (Southern Portugal) – A reconstruction of sedimentological and ecological evolution. Quaternary International 221, 141–158.","Holocene estuary development in the Algarve Region (Southern Portugal) - A reconstruction of sedimentological and ecological evolution","Quaternary International",221,NA,"141-158",NA,"10.1016/j.quaint.2009.10.004",NA,NA,NA,NA,NA,NA,NA,NA,NA,NA,NA,NA,NA,"RPDv1b:1701|RPDv1b:1702",841,"Trog, C.",1,"Trog","C.",NA,NA,NA,NA,NA,NA,NA,NA,NA,"RPDv1b:1701",841,"RPDv1b",1701,13713,278.5,2.785,"m",0.01,"AMS","charcoal",5230,50,NA,NA,"Beta-248347",TRUE,NA,"-888888 Date is in uncalibrated radiocarbon years.","Ribeira do Farelo and Ribeira da Torre_POLLENSLIDE","counted","100-NaN",NA,NA,"",5230,5180,5280,5230,278.5,0.01,"-888888 Date is in uncalibrated radiocarbon years.",". Cal curve: NA. Source DB: RPDv1b","Fluvial","Carbon-14","Radiocarbon",-23.93478,7405.521,"Calibrated radiocarbon years BP","sedimentary charcoal","Data Sourcing: RPDv1b","Sample Age Source: GCDv4"
"841",24,"charcoal | num cm-2 yr-1",NA,60.75,NA,NA,1982.135,NA,NA,"GCDv4","Charcoal (sum)","(additional options)",NA,NA,"False","False","number cm-2 yr-1","Microscopic charcoal (pollen slide)","direct",NA,"CHAR",26051056.2239476,NA,NA,"quant_influx",NA,"","","GCDv4","GCDv4_1153","charcoal","count","unspec","pollen_slide","particle","num cm-2 yr-1",NA,"no_size","num cm-2 yr-1","RPDv1b","measured",1,"GCDv4","","Ribeira do Farelo and Ribeira da Torre",37.151969,-8.594376,0.6,"north","Portugal",NA,"sedfluv",841,1,2010,"Schneider, H., Höfer, D., Trog, C., Busch, S., Schneider, M., Baade, J., Daut, G., Mäusbacher, R., 2010. Holocene estuary development in the Algarve Region (Southern Portugal) – A reconstruction of sedimentological and ecological evolution. Quaternary International 221, 141–158.","Holocene estuary development in the Algarve Region (Southern Portugal) - A reconstruction of sedimentological and ecological evolution","Quaternary International",221,NA,"141-158",NA,"10.1016/j.quaint.2009.10.004",NA,NA,NA,NA,NA,NA,NA,NA,NA,NA,NA,NA,NA,"RPDv1b:1701|RPDv1b:1702",841,"Trog, C.",1,"Trog","C.",NA,NA,NA,NA,NA,NA,NA,NA,NA,"RPDv1b:1701",841,"RPDv1b",1701,13713,278.5,2.785,"m",0.01,"AMS","charcoal",5230,50,NA,NA,"Beta-248347",TRUE,NA,"-888888 Date is in uncalibrated radiocarbon years.","Ribeira do Farelo and Ribeira da Torre_POLLENSLIDE",NA,NA,NA,NA,NA,5230,5180,5280,5230,278.5,0.01,"-888888 Date is in uncalibrated radiocarbon years.",". Cal curve: NA. Source DB: RPDv1b","Fluvial","Carbon-14","Radiocarbon",-23.93478,7405.521,"Calibrated radiocarbon years BP","sedimentary charcoal","Data Sourcing: GCDv4","Sample Age Source: GCDv4"
"841",25,"charcoal | <100um num",NA,63.5,NA,NA,2085.892,NA,NA,"GCDv4","Charcoal (sum)","<100 µm",NA,100,"True","False","number","Microscopic charcoal (pollen slide)","direct",NA,"CHAR",13958,NA,NA,"quant_raw",0.3,"volume","cm^3","RPDv1b","1701","charcoal","count","microchar","pollen_slide","particle","<100um num",NA,"<100um","num","RPDv1b","measured",1,"RPDv1b","ELEMENT=<100 µm","Ribeira do Farelo and Ribeira da Torre",37.151969,-8.594376,0.6,"north","Portugal",NA,"sedfluv",841,1,2010,"Schneider, H., Höfer, D., Trog, C., Busch, S., Schneider, M., Baade, J., Daut, G., Mäusbacher, R., 2010. Holocene estuary development in the Algarve Region (Southern Portugal) – A reconstruction of sedimentological and ecological evolution. Quaternary International 221, 141–158.","Holocene estuary development in the Algarve Region (Southern Portugal) - A reconstruction of sedimentological and ecological evolution","Quaternary International",221,NA,"141-158",NA,"10.1016/j.quaint.2009.10.004",NA,NA,NA,NA,NA,NA,NA,NA,NA,NA,NA,NA,NA,"RPDv1b:1701|RPDv1b:1702",841,"Trog, C.",1,"Trog","C.",NA,NA,NA,NA,NA,NA,NA,NA,NA,"RPDv1b:1701",841,"RPDv1b",1701,13713,278.5,2.785,"m",0.01,"AMS","charcoal",5230,50,NA,NA,"Beta-248347",TRUE,NA,"-888888 Date is in uncalibrated radiocarbon years.","Ribeira do Farelo and Ribeira da Torre_POLLENSLIDE","counted","NaN-100",NA,NA,"",5230,5180,5280,5230,278.5,0.01,"-888888 Date is in uncalibrated radiocarbon years.",". Cal curve: NA. Source DB: RPDv1b","Fluvial","Carbon-14","Radiocarbon",-23.93478,7405.521,"Calibrated radiocarbon years BP","sedimentary charcoal","Data Sourcing: RPDv1b","Sample Age Source: GCDv4"
"841",25,"charcoal | >100um num",NA,63.5,NA,NA,2085.892,NA,NA,"GCDv4","Charcoal (sum)",">100 µm",100,NA,"False","True","number","Microscopic charcoal (pollen slide)","direct",NA,"CHAR",52,NA,NA,"quant_raw",0.3,"volume","cm^3","RPDv1b","1702","charcoal","count","unspec","pollen_slide","particle",">100um num",NA,">100um","num","RPDv1b","measured",1,"RPDv1b","ELEMENT=>100 µm","Ribeira do Farelo and Ribeira da Torre",37.151969,-8.594376,0.6,"north","Portugal",NA,"sedfluv",841,1,2010,"Schneider, H., Höfer, D., Trog, C., Busch, S., Schneider, M., Baade, J., Daut, G., Mäusbacher, R., 2010. Holocene estuary development in the Algarve Region (Southern Portugal) – A reconstruction of sedimentological and ecological evolution. Quaternary International 221, 141–158.","Holocene estuary development in the Algarve Region (Southern Portugal) - A reconstruction of sedimentological and ecological evolution","Quaternary International",221,NA,"141-158",NA,"10.1016/j.quaint.2009.10.004",NA,NA,NA,NA,NA,NA,NA,NA,NA,NA,NA,NA,NA,"RPDv1b:1701|RPDv1b:1702",841,"Trog, C.",1,"Trog","C.",NA,NA,NA,NA,NA,NA,NA,NA,NA,"RPDv1b:1701",841,"RPDv1b",1701,13713,278.5,2.785,"m",0.01,"AMS","charcoal",5230,50,NA,NA,"Beta-248347",TRUE,NA,"-888888 Date is in uncalibrated radiocarbon years.","Ribeira do Farelo and Ribeira da Torre_POLLENSLIDE","counted","100-NaN",NA,NA,"",5230,5180,5280,5230,278.5,0.01,"-888888 Date is in uncalibrated radiocarbon years.",". Cal curve: NA. Source DB: RPDv1b","Fluvial","Carbon-14","Radiocarbon",-23.93478,7405.521,"Calibrated radiocarbon years BP","sedimentary charcoal","Data Sourcing: RPDv1b","Sample Age Source: GCDv4"
"841",25,"charcoal | num cm-2 yr-1",NA,63.5,NA,NA,2085.892,NA,NA,"GCDv4","Charcoal (sum)","(additional options)",NA,NA,"False","False","number cm-2 yr-1","Microscopic charcoal (pollen slide)","direct",NA,"CHAR",34466087.2659064,NA,NA,"quant_influx",NA,"","","GCDv4","GCDv4_1153","charcoal","count","unspec","pollen_slide","particle","num cm-2 yr-1",NA,"no_size","num cm-2 yr-1","RPDv1b","measured",1,"GCDv4","","Ribeira do Farelo and Ribeira da Torre",37.151969,-8.594376,0.6,"north","Portugal",NA,"sedfluv",841,1,2010,"Schneider, H., Höfer, D., Trog, C., Busch, S., Schneider, M., Baade, J., Daut, G., Mäusbacher, R., 2010. Holocene estuary development in the Algarve Region (Southern Portugal) – A reconstruction of sedimentological and ecological evolution. Quaternary International 221, 141–158.","Holocene estuary development in the Algarve Region (Southern Portugal) - A reconstruction of sedimentological and ecological evolution","Quaternary International",221,NA,"141-158",NA,"10.1016/j.quaint.2009.10.004",NA,NA,NA,NA,NA,NA,NA,NA,NA,NA,NA,NA,NA,"RPDv1b:1701|RPDv1b:1702",841,"Trog, C.",1,"Trog","C.",NA,NA,NA,NA,NA,NA,NA,NA,NA,"RPDv1b:1701",841,"RPDv1b",1701,13713,278.5,2.785,"m",0.01,"AMS","charcoal",5230,50,NA,NA,"Beta-248347",TRUE,NA,"-888888 Date is in uncalibrated radiocarbon years.","Ribeira do Farelo and Ribeira da Torre_POLLENSLIDE",NA,NA,NA,NA,NA,5230,5180,5280,5230,278.5,0.01,"-888888 Date is in uncalibrated radiocarbon years.",". Cal curve: NA. Source DB: RPDv1b","Fluvial","Carbon-14","Radiocarbon",-23.93478,7405.521,"Calibrated radiocarbon years BP","sedimentary charcoal","Data Sourcing: GCDv4","Sample Age Source: GCDv4"
"841",26,"charcoal | <100um num",NA,65.5,NA,NA,2161.351,NA,NA,"GCDv4","Charcoal (sum)","<100 µm",NA,100,"True","False","number","Microscopic charcoal (pollen slide)","direct",NA,"CHAR",16324,NA,NA,"quant_raw",0.3,"volume","cm^3","RPDv1b","1701","charcoal","count","microchar","pollen_slide","particle","<100um num",NA,"<100um","num","RPDv1b","measured",1,"RPDv1b","ELEMENT=<100 µm","Ribeira do Farelo and Ribeira da Torre",37.151969,-8.594376,0.6,"north","Portugal",NA,"sedfluv",841,1,2010,"Schneider, H., Höfer, D., Trog, C., Busch, S., Schneider, M., Baade, J., Daut, G., Mäusbacher, R., 2010. Holocene estuary development in the Algarve Region (Southern Portugal) – A reconstruction of sedimentological and ecological evolution. Quaternary International 221, 141–158.","Holocene estuary development in the Algarve Region (Southern Portugal) - A reconstruction of sedimentological and ecological evolution","Quaternary International",221,NA,"141-158",NA,"10.1016/j.quaint.2009.10.004",NA,NA,NA,NA,NA,NA,NA,NA,NA,NA,NA,NA,NA,"RPDv1b:1701|RPDv1b:1702",841,"Trog, C.",1,"Trog","C.",NA,NA,NA,NA,NA,NA,NA,NA,NA,"RPDv1b:1701",841,"RPDv1b",1701,13713,278.5,2.785,"m",0.01,"AMS","charcoal",5230,50,NA,NA,"Beta-248347",TRUE,NA,"-888888 Date is in uncalibrated radiocarbon years.","Ribeira do Farelo and Ribeira da Torre_POLLENSLIDE","counted","NaN-100",NA,NA,"",5230,5180,5280,5230,278.5,0.01,"-888888 Date is in uncalibrated radiocarbon years.",". Cal curve: NA. Source DB: RPDv1b","Fluvial","Carbon-14","Radiocarbon",-23.93478,7405.521,"Calibrated radiocarbon years BP","sedimentary charcoal","Data Sourcing: RPDv1b","Sample Age Source: GCDv4"
"841",26,"charcoal | >100um num",NA,65.5,NA,NA,2161.351,NA,NA,"GCDv4","Charcoal (sum)",">100 µm",100,NA,"False","True","number","Microscopic charcoal (pollen slide)","direct",NA,"CHAR",66,NA,NA,"quant_raw",0.3,"volume","cm^3","RPDv1b","1702","charcoal","count","unspec","pollen_slide","particle",">100um num",NA,">100um","num","RPDv1b","measured",1,"RPDv1b","ELEMENT=>100 µm","Ribeira do Farelo and Ribeira da Torre",37.151969,-8.594376,0.6,"north","Portugal",NA,"sedfluv",841,1,2010,"Schneider, H., Höfer, D., Trog, C., Busch, S., Schneider, M., Baade, J., Daut, G., Mäusbacher, R., 2010. Holocene estuary development in the Algarve Region (Southern Portugal) – A reconstruction of sedimentological and ecological evolution. Quaternary International 221, 141–158.","Holocene estuary development in the Algarve Region (Southern Portugal) - A reconstruction of sedimentological and ecological evolution","Quaternary International",221,NA,"141-158",NA,"10.1016/j.quaint.2009.10.004",NA,NA,NA,NA,NA,NA,NA,NA,NA,NA,NA,NA,NA,"RPDv1b:1701|RPDv1b:1702",841,"Trog, C.",1,"Trog","C.",NA,NA,NA,NA,NA,NA,NA,NA,NA,"RPDv1b:1701",841,"RPDv1b",1701,13713,278.5,2.785,"m",0.01,"AMS","charcoal",5230,50,NA,NA,"Beta-248347",TRUE,NA,"-888888 Date is in uncalibrated radiocarbon years.","Ribeira do Farelo and Ribeira da Torre_POLLENSLIDE","counted","100-NaN",NA,NA,"",5230,5180,5280,5230,278.5,0.01,"-888888 Date is in uncalibrated radiocarbon years.",". Cal curve: NA. Source DB: RPDv1b","Fluvial","Carbon-14","Radiocarbon",-23.93478,7405.521,"Calibrated radiocarbon years BP","sedimentary charcoal","Data Sourcing: RPDv1b","Sample Age Source: GCDv4"
"841",26,"charcoal | num cm-2 yr-1",NA,65.5,NA,NA,2161.351,NA,NA,"GCDv4","Charcoal (sum)","(additional options)",NA,NA,"False","False","number cm-2 yr-1","Microscopic charcoal (pollen slide)","direct",NA,"CHAR",55676126.7720591,NA,NA,"quant_influx",NA,"","","GCDv4","GCDv4_1153","charcoal","count","unspec","pollen_slide","particle","num cm-2 yr-1",NA,"no_size","num cm-2 yr-1","RPDv1b","measured",1,"GCDv4","","Ribeira do Farelo and Ribeira da Torre",37.151969,-8.594376,0.6,"north","Portugal",NA,"sedfluv",841,1,2010,"Schneider, H., Höfer, D., Trog, C., Busch, S., Schneider, M., Baade, J., Daut, G., Mäusbacher, R., 2010. Holocene estuary development in the Algarve Region (Southern Portugal) – A reconstruction of sedimentological and ecological evolution. Quaternary International 221, 141–158.","Holocene estuary development in the Algarve Region (Southern Portugal) - A reconstruction of sedimentological and ecological evolution","Quaternary International",221,NA,"141-158",NA,"10.1016/j.quaint.2009.10.004",NA,NA,NA,NA,NA,NA,NA,NA,NA,NA,NA,NA,NA,"RPDv1b:1701|RPDv1b:1702",841,"Trog, C.",1,"Trog","C.",NA,NA,NA,NA,NA,NA,NA,NA,NA,"RPDv1b:1701",841,"RPDv1b",1701,13713,278.5,2.785,"m",0.01,"AMS","charcoal",5230,50,NA,NA,"Beta-248347",TRUE,NA,"-888888 Date is in uncalibrated radiocarbon years.","Ribeira do Farelo and Ribeira da Torre_POLLENSLIDE",NA,NA,NA,NA,NA,5230,5180,5280,5230,278.5,0.01,"-888888 Date is in uncalibrated radiocarbon years.",". Cal curve: NA. Source DB: RPDv1b","Fluvial","Carbon-14","Radiocarbon",-23.93478,7405.521,"Calibrated radiocarbon years BP","sedimentary charcoal","Data Sourcing: GCDv4","Sample Age Source: GCDv4"
"841",27,"charcoal | <100um num",NA,67.5,NA,NA,2236.811,NA,NA,"GCDv4","Charcoal (sum)","<100 µm",NA,100,"True","False","number","Microscopic charcoal (pollen slide)","direct",NA,"CHAR",7519,NA,NA,"quant_raw",0.3,"volume","cm^3","RPDv1b","1701","charcoal","count","microchar","pollen_slide","particle","<100um num",NA,"<100um","num","RPDv1b","measured",1,"RPDv1b","ELEMENT=<100 µm","Ribeira do Farelo and Ribeira da Torre",37.151969,-8.594376,0.6,"north","Portugal",NA,"sedfluv",841,1,2010,"Schneider, H., Höfer, D., Trog, C., Busch, S., Schneider, M., Baade, J., Daut, G., Mäusbacher, R., 2010. Holocene estuary development in the Algarve Region (Southern Portugal) – A reconstruction of sedimentological and ecological evolution. Quaternary International 221, 141–158.","Holocene estuary development in the Algarve Region (Southern Portugal) - A reconstruction of sedimentological and ecological evolution","Quaternary International",221,NA,"141-158",NA,"10.1016/j.quaint.2009.10.004",NA,NA,NA,NA,NA,NA,NA,NA,NA,NA,NA,NA,NA,"RPDv1b:1701|RPDv1b:1702",841,"Trog, C.",1,"Trog","C.",NA,NA,NA,NA,NA,NA,NA,NA,NA,"RPDv1b:1701",841,"RPDv1b",1701,13713,278.5,2.785,"m",0.01,"AMS","charcoal",5230,50,NA,NA,"Beta-248347",TRUE,NA,"-888888 Date is in uncalibrated radiocarbon years.","Ribeira do Farelo and Ribeira da Torre_POLLENSLIDE","counted","NaN-100",NA,NA,"",5230,5180,5280,5230,278.5,0.01,"-888888 Date is in uncalibrated radiocarbon years.",". Cal curve: NA. Source DB: RPDv1b","Fluvial","Carbon-14","Radiocarbon",-23.93478,7405.521,"Calibrated radiocarbon years BP","sedimentary charcoal","Data Sourcing: RPDv1b","Sample Age Source: GCDv4"
"841",27,"charcoal | >100um num",NA,67.5,NA,NA,2236.811,NA,NA,"GCDv4","Charcoal (sum)",">100 µm",100,NA,"False","True","number","Microscopic charcoal (pollen slide)","direct",NA,"CHAR",42,NA,NA,"quant_raw",0.3,"volume","cm^3","RPDv1b","1702","charcoal","count","unspec","pollen_slide","particle",">100um num",NA,">100um","num","RPDv1b","measured",1,"RPDv1b","ELEMENT=>100 µm","Ribeira do Farelo and Ribeira da Torre",37.151969,-8.594376,0.6,"north","Portugal",NA,"sedfluv",841,1,2010,"Schneider, H., Höfer, D., Trog, C., Busch, S., Schneider, M., Baade, J., Daut, G., Mäusbacher, R., 2010. Holocene estuary development in the Algarve Region (Southern Portugal) – A reconstruction of sedimentological and ecological evolution. Quaternary International 221, 141–158.","Holocene estuary development in the Algarve Region (Southern Portugal) - A reconstruction of sedimentological and ecological evolution","Quaternary International",221,NA,"141-158",NA,"10.1016/j.quaint.2009.10.004",NA,NA,NA,NA,NA,NA,NA,NA,NA,NA,NA,NA,NA,"RPDv1b:1701|RPDv1b:1702",841,"Trog, C.",1,"Trog","C.",NA,NA,NA,NA,NA,NA,NA,NA,NA,"RPDv1b:1701",841,"RPDv1b",1701,13713,278.5,2.785,"m",0.01,"AMS","charcoal",5230,50,NA,NA,"Beta-248347",TRUE,NA,"-888888 Date is in uncalibrated radiocarbon years.","Ribeira do Farelo and Ribeira da Torre_POLLENSLIDE","counted","100-NaN",NA,NA,"",5230,5180,5280,5230,278.5,0.01,"-888888 Date is in uncalibrated radiocarbon years.",". Cal curve: NA. Source DB: RPDv1b","Fluvial","Carbon-14","Radiocarbon",-23.93478,7405.521,"Calibrated radiocarbon years BP","sedimentary charcoal","Data Sourcing: RPDv1b","Sample Age Source: GCDv4"
"841",27,"charcoal | num cm-2 yr-1",NA,67.5,NA,NA,2236.811,NA,NA,"GCDv4","Charcoal (sum)","(additional options)",NA,NA,"False","False","number cm-2 yr-1","Microscopic charcoal (pollen slide)","direct",NA,"CHAR",26937289.7878125,NA,NA,"quant_influx",NA,"","","GCDv4","GCDv4_1153","charcoal","count","unspec","pollen_slide","particle","num cm-2 yr-1",NA,"no_size","num cm-2 yr-1","RPDv1b","measured",1,"GCDv4","","Ribeira do Farelo and Ribeira da Torre",37.151969,-8.594376,0.6,"north","Portugal",NA,"sedfluv",841,1,2010,"Schneider, H., Höfer, D., Trog, C., Busch, S., Schneider, M., Baade, J., Daut, G., Mäusbacher, R., 2010. Holocene estuary development in the Algarve Region (Southern Portugal) – A reconstruction of sedimentological and ecological evolution. Quaternary International 221, 141–158.","Holocene estuary development in the Algarve Region (Southern Portugal) - A reconstruction of sedimentological and ecological evolution","Quaternary International",221,NA,"141-158",NA,"10.1016/j.quaint.2009.10.004",NA,NA,NA,NA,NA,NA,NA,NA,NA,NA,NA,NA,NA,"RPDv1b:1701|RPDv1b:1702",841,"Trog, C.",1,"Trog","C.",NA,NA,NA,NA,NA,NA,NA,NA,NA,"RPDv1b:1701",841,"RPDv1b",1701,13713,278.5,2.785,"m",0.01,"AMS","charcoal",5230,50,NA,NA,"Beta-248347",TRUE,NA,"-888888 Date is in uncalibrated radiocarbon years.","Ribeira do Farelo and Ribeira da Torre_POLLENSLIDE",NA,NA,NA,NA,NA,5230,5180,5280,5230,278.5,0.01,"-888888 Date is in uncalibrated radiocarbon years.",". Cal curve: NA. Source DB: RPDv1b","Fluvial","Carbon-14","Radiocarbon",-23.93478,7405.521,"Calibrated radiocarbon years BP","sedimentary charcoal","Data Sourcing: GCDv4","Sample Age Source: GCDv4"
"841",28,"charcoal | <100um num",NA,69.5,NA,NA,2312.27,NA,NA,"GCDv4","Charcoal (sum)","<100 µm",NA,100,"True","False","number","Microscopic charcoal (pollen slide)","direct",NA,"CHAR",8444,NA,NA,"quant_raw",0.3,"volume","cm^3","RPDv1b","1701","charcoal","count","microchar","pollen_slide","particle","<100um num",NA,"<100um","num","RPDv1b","measured",1,"RPDv1b","ELEMENT=<100 µm","Ribeira do Farelo and Ribeira da Torre",37.151969,-8.594376,0.6,"north","Portugal",NA,"sedfluv",841,1,2010,"Schneider, H., Höfer, D., Trog, C., Busch, S., Schneider, M., Baade, J., Daut, G., Mäusbacher, R., 2010. Holocene estuary development in the Algarve Region (Southern Portugal) – A reconstruction of sedimentological and ecological evolution. Quaternary International 221, 141–158.","Holocene estuary development in the Algarve Region (Southern Portugal) - A reconstruction of sedimentological and ecological evolution","Quaternary International",221,NA,"141-158",NA,"10.1016/j.quaint.2009.10.004",NA,NA,NA,NA,NA,NA,NA,NA,NA,NA,NA,NA,NA,"RPDv1b:1701|RPDv1b:1702",841,"Busch, S.",1,"Busch","S.",NA,NA,NA,NA,NA,NA,NA,NA,NA,"RPDv1b:1701",841,"RPDv1b",1701,13714,324,3.24,"m",0.01,"AMS","charcoal",5060,40,NA,NA,"Beta-248348",TRUE,NA,"-888888 Date is in uncalibrated radiocarbon years.","Ribeira do Farelo and Ribeira da Torre_POLLENSLIDE","counted","NaN-100",NA,NA,"",5060,5020,5100,5060,324,0.01,"-888888 Date is in uncalibrated radiocarbon years.",". Cal curve: NA. Source DB: RPDv1b","Fluvial","Carbon-14","Radiocarbon",-23.93478,7405.521,"Calibrated radiocarbon years BP","sedimentary charcoal","Data Sourcing: RPDv1b","Sample Age Source: GCDv4"
"841",28,"charcoal | >100um num",NA,69.5,NA,NA,2312.27,NA,NA,"GCDv4","Charcoal (sum)",">100 µm",100,NA,"False","True","number","Microscopic charcoal (pollen slide)","direct",NA,"CHAR",66,NA,NA,"quant_raw",0.3,"volume","cm^3","RPDv1b","1702","charcoal","count","unspec","pollen_slide","particle",">100um num",NA,">100um","num","RPDv1b","measured",1,"RPDv1b","ELEMENT=>100 µm","Ribeira do Farelo and Ribeira da Torre",37.151969,-8.594376,0.6,"north","Portugal",NA,"sedfluv",841,1,2010,"Schneider, H., Höfer, D., Trog, C., Busch, S., Schneider, M., Baade, J., Daut, G., Mäusbacher, R., 2010. Holocene estuary development in the Algarve Region (Southern Portugal) – A reconstruction of sedimentological and ecological evolution. Quaternary International 221, 141–158.","Holocene estuary development in the Algarve Region (Southern Portugal) - A reconstruction of sedimentological and ecological evolution","Quaternary International",221,NA,"141-158",NA,"10.1016/j.quaint.2009.10.004",NA,NA,NA,NA,NA,NA,NA,NA,NA,NA,NA,NA,NA,"RPDv1b:1701|RPDv1b:1702",841,"Busch, S.",1,"Busch","S.",NA,NA,NA,NA,NA,NA,NA,NA,NA,"RPDv1b:1701",841,"RPDv1b",1701,13714,324,3.24,"m",0.01,"AMS","charcoal",5060,40,NA,NA,"Beta-248348",TRUE,NA,"-888888 Date is in uncalibrated radiocarbon years.","Ribeira do Farelo and Ribeira da Torre_POLLENSLIDE","counted","100-NaN",NA,NA,"",5060,5020,5100,5060,324,0.01,"-888888 Date is in uncalibrated radiocarbon years.",". Cal curve: NA. Source DB: RPDv1b","Fluvial","Carbon-14","Radiocarbon",-23.93478,7405.521,"Calibrated radiocarbon years BP","sedimentary charcoal","Data Sourcing: RPDv1b","Sample Age Source: GCDv4"
"841",28,"charcoal | num cm-2 yr-1",NA,69.5,NA,NA,2312.27,NA,NA,"GCDv4","Charcoal (sum)","(additional options)",NA,NA,"False","False","number cm-2 yr-1","Microscopic charcoal (pollen slide)","direct",NA,"CHAR",17558879.4285145,NA,NA,"quant_influx",NA,"","","GCDv4","GCDv4_1153","charcoal","count","unspec","pollen_slide","particle","num cm-2 yr-1",NA,"no_size","num cm-2 yr-1","RPDv1b","measured",1,"GCDv4","","Ribeira do Farelo and Ribeira da Torre",37.151969,-8.594376,0.6,"north","Portugal",NA,"sedfluv",841,1,2010,"Schneider, H., Höfer, D., Trog, C., Busch, S., Schneider, M., Baade, J., Daut, G., Mäusbacher, R., 2010. Holocene estuary development in the Algarve Region (Southern Portugal) – A reconstruction of sedimentological and ecological evolution. Quaternary International 221, 141–158.","Holocene estuary development in the Algarve Region (Southern Portugal) - A reconstruction of sedimentological and ecological evolution","Quaternary International",221,NA,"141-158",NA,"10.1016/j.quaint.2009.10.004",NA,NA,NA,NA,NA,NA,NA,NA,NA,NA,NA,NA,NA,"RPDv1b:1701|RPDv1b:1702",841,"Busch, S.",1,"Busch","S.",NA,NA,NA,NA,NA,NA,NA,NA,NA,"RPDv1b:1701",841,"RPDv1b",1701,13714,324,3.24,"m",0.01,"AMS","charcoal",5060,40,NA,NA,"Beta-248348",TRUE,NA,"-888888 Date is in uncalibrated radiocarbon years.","Ribeira do Farelo and Ribeira da Torre_POLLENSLIDE",NA,NA,NA,NA,NA,5060,5020,5100,5060,324,0.01,"-888888 Date is in uncalibrated radiocarbon years.",". Cal curve: NA. Source DB: RPDv1b","Fluvial","Carbon-14","Radiocarbon",-23.93478,7405.521,"Calibrated radiocarbon years BP","sedimentary charcoal","Data Sourcing: GCDv4","Sample Age Source: GCDv4"
"841",29,"charcoal | <100um num",NA,72,NA,NA,2382.394,NA,NA,"GCDv4","Charcoal (sum)","<100 µm",NA,100,"True","False","number","Microscopic charcoal (pollen slide)","direct",NA,"CHAR",13353,NA,NA,"quant_raw",0.3,"volume","cm^3","RPDv1b","1701","charcoal","count","microchar","pollen_slide","particle","<100um num",NA,"<100um","num","RPDv1b","measured",1,"RPDv1b","ELEMENT=<100 µm","Ribeira do Farelo and Ribeira da Torre",37.151969,-8.594376,0.6,"north","Portugal",NA,"sedfluv",841,1,2010,"Schneider, H., Höfer, D., Trog, C., Busch, S., Schneider, M., Baade, J., Daut, G., Mäusbacher, R., 2010. Holocene estuary development in the Algarve Region (Southern Portugal) – A reconstruction of sedimentological and ecological evolution. Quaternary International 221, 141–158.","Holocene estuary development in the Algarve Region (Southern Portugal) - A reconstruction of sedimentological and ecological evolution","Quaternary International",221,NA,"141-158",NA,"10.1016/j.quaint.2009.10.004",NA,NA,NA,NA,NA,NA,NA,NA,NA,NA,NA,NA,NA,"RPDv1b:1701|RPDv1b:1702",841,"Busch, S.",1,"Busch","S.",NA,NA,NA,NA,NA,NA,NA,NA,NA,"RPDv1b:1701",841,"RPDv1b",1701,13714,324,3.24,"m",0.01,"AMS","charcoal",5060,40,NA,NA,"Beta-248348",TRUE,NA,"-888888 Date is in uncalibrated radiocarbon years.","Ribeira do Farelo and Ribeira da Torre_POLLENSLIDE","counted","NaN-100",NA,NA,"",5060,5020,5100,5060,324,0.01,"-888888 Date is in uncalibrated radiocarbon years.",". Cal curve: NA. Source DB: RPDv1b","Fluvial","Carbon-14","Radiocarbon",-23.93478,7405.521,"Calibrated radiocarbon years BP","sedimentary charcoal","Data Sourcing: RPDv1b","Sample Age Source: GCDv4"
"841",29,"charcoal | >100um num",NA,72,NA,NA,2382.394,NA,NA,"GCDv4","Charcoal (sum)",">100 µm",100,NA,"False","True","number","Microscopic charcoal (pollen slide)","direct",NA,"CHAR",139,NA,NA,"quant_raw",0.3,"volume","cm^3","RPDv1b","1702","charcoal","count","unspec","pollen_slide","particle",">100um num",NA,">100um","num","RPDv1b","measured",1,"RPDv1b","ELEMENT=>100 µm","Ribeira do Farelo and Ribeira da Torre",37.151969,-8.594376,0.6,"north","Portugal",NA,"sedfluv",841,1,2010,"Schneider, H., Höfer, D., Trog, C., Busch, S., Schneider, M., Baade, J., Daut, G., Mäusbacher, R., 2010. Holocene estuary development in the Algarve Region (Southern Portugal) – A reconstruction of sedimentological and ecological evolution. Quaternary International 221, 141–158.","Holocene estuary development in the Algarve Region (Southern Portugal) - A reconstruction of sedimentological and ecological evolution","Quaternary International",221,NA,"141-158",NA,"10.1016/j.quaint.2009.10.004",NA,NA,NA,NA,NA,NA,NA,NA,NA,NA,NA,NA,NA,"RPDv1b:1701|RPDv1b:1702",841,"Busch, S.",1,"Busch","S.",NA,NA,NA,NA,NA,NA,NA,NA,NA,"RPDv1b:1701",841,"RPDv1b",1701,13714,324,3.24,"m",0.01,"AMS","charcoal",5060,40,NA,NA,"Beta-248348",TRUE,NA,"-888888 Date is in uncalibrated radiocarbon years.","Ribeira do Farelo and Ribeira da Torre_POLLENSLIDE","counted","100-NaN",NA,NA,"",5060,5020,5100,5060,324,0.01,"-888888 Date is in uncalibrated radiocarbon years.",". Cal curve: NA. Source DB: RPDv1b","Fluvial","Carbon-14","Radiocarbon",-23.93478,7405.521,"Calibrated radiocarbon years BP","sedimentary charcoal","Data Sourcing: RPDv1b","Sample Age Source: GCDv4"
"841",29,"charcoal | num cm-2 yr-1",NA,72,NA,NA,2382.394,NA,NA,"GCDv4","Charcoal (sum)","(additional options)",NA,NA,"False","False","number cm-2 yr-1","Microscopic charcoal (pollen slide)","direct",NA,"CHAR",24690792.5488588,NA,NA,"quant_influx",NA,"","","GCDv4","GCDv4_1153","charcoal","count","unspec","pollen_slide","particle","num cm-2 yr-1",NA,"no_size","num cm-2 yr-1","RPDv1b","measured",1,"GCDv4","","Ribeira do Farelo and Ribeira da Torre",37.151969,-8.594376,0.6,"north","Portugal",NA,"sedfluv",841,1,2010,"Schneider, H., Höfer, D., Trog, C., Busch, S., Schneider, M., Baade, J., Daut, G., Mäusbacher, R., 2010. Holocene estuary development in the Algarve Region (Southern Portugal) – A reconstruction of sedimentological and ecological evolution. Quaternary International 221, 141–158.","Holocene estuary development in the Algarve Region (Southern Portugal) - A reconstruction of sedimentological and ecological evolution","Quaternary International",221,NA,"141-158",NA,"10.1016/j.quaint.2009.10.004",NA,NA,NA,NA,NA,NA,NA,NA,NA,NA,NA,NA,NA,"RPDv1b:1701|RPDv1b:1702",841,"Busch, S.",1,"Busch","S.",NA,NA,NA,NA,NA,NA,NA,NA,NA,"RPDv1b:1701",841,"RPDv1b",1701,13714,324,3.24,"m",0.01,"AMS","charcoal",5060,40,NA,NA,"Beta-248348",TRUE,NA,"-888888 Date is in uncalibrated radiocarbon years.","Ribeira do Farelo and Ribeira da Torre_POLLENSLIDE",NA,NA,NA,NA,NA,5060,5020,5100,5060,324,0.01,"-888888 Date is in uncalibrated radiocarbon years.",". Cal curve: NA. Source DB: RPDv1b","Fluvial","Carbon-14","Radiocarbon",-23.93478,7405.521,"Calibrated radiocarbon years BP","sedimentary charcoal","Data Sourcing: GCDv4","Sample Age Source: GCDv4"
"841",30,"charcoal | <100um num",NA,76.5,NA,NA,2479.574,NA,NA,"GCDv4","Charcoal (sum)","<100 µm",NA,100,"True","False","number","Microscopic charcoal (pollen slide)","direct",NA,"CHAR",7772,NA,NA,"quant_raw",0.3,"volume","cm^3","RPDv1b","1701","charcoal","count","microchar","pollen_slide","particle","<100um num",NA,"<100um","num","RPDv1b","measured",1,"RPDv1b","ELEMENT=<100 µm","Ribeira do Farelo and Ribeira da Torre",37.151969,-8.594376,0.6,"north","Portugal",NA,"sedfluv",841,1,2010,"Schneider, H., Höfer, D., Trog, C., Busch, S., Schneider, M., Baade, J., Daut, G., Mäusbacher, R., 2010. Holocene estuary development in the Algarve Region (Southern Portugal) – A reconstruction of sedimentological and ecological evolution. Quaternary International 221, 141–158.","Holocene estuary development in the Algarve Region (Southern Portugal) - A reconstruction of sedimentological and ecological evolution","Quaternary International",221,NA,"141-158",NA,"10.1016/j.quaint.2009.10.004",NA,NA,NA,NA,NA,NA,NA,NA,NA,NA,NA,NA,NA,"RPDv1b:1701|RPDv1b:1702",841,"Busch, S.",1,"Busch","S.",NA,NA,NA,NA,NA,NA,NA,NA,NA,"RPDv1b:1701",841,"RPDv1b",1701,13714,324,3.24,"m",0.01,"AMS","charcoal",5060,40,NA,NA,"Beta-248348",TRUE,NA,"-888888 Date is in uncalibrated radiocarbon years.","Ribeira do Farelo and Ribeira da Torre_POLLENSLIDE","counted","NaN-100",NA,NA,"",5060,5020,5100,5060,324,0.01,"-888888 Date is in uncalibrated radiocarbon years.",". Cal curve: NA. Source DB: RPDv1b","Fluvial","Carbon-14","Radiocarbon",-23.93478,7405.521,"Calibrated radiocarbon years BP","sedimentary charcoal","Data Sourcing: RPDv1b","Sample Age Source: GCDv4"
"841",30,"charcoal | >100um num",NA,76.5,NA,NA,2479.574,NA,NA,"GCDv4","Charcoal (sum)",">100 µm",100,NA,"False","True","number","Microscopic charcoal (pollen slide)","direct",NA,"CHAR",27,NA,NA,"quant_raw",0.3,"volume","cm^3","RPDv1b","1702","charcoal","count","unspec","pollen_slide","particle",">100um num",NA,">100um","num","RPDv1b","measured",1,"RPDv1b","ELEMENT=>100 µm","Ribeira do Farelo and Ribeira da Torre",37.151969,-8.594376,0.6,"north","Portugal",NA,"sedfluv",841,1,2010,"Schneider, H., Höfer, D., Trog, C., Busch, S., Schneider, M., Baade, J., Daut, G., Mäusbacher, R., 2010. Holocene estuary development in the Algarve Region (Southern Portugal) – A reconstruction of sedimentological and ecological evolution. Quaternary International 221, 141–158.","Holocene estuary development in the Algarve Region (Southern Portugal) - A reconstruction of sedimentological and ecological evolution","Quaternary International",221,NA,"141-158",NA,"10.1016/j.quaint.2009.10.004",NA,NA,NA,NA,NA,NA,NA,NA,NA,NA,NA,NA,NA,"RPDv1b:1701|RPDv1b:1702",841,"Busch, S.",1,"Busch","S.",NA,NA,NA,NA,NA,NA,NA,NA,NA,"RPDv1b:1701",841,"RPDv1b",1701,13714,324,3.24,"m",0.01,"AMS","charcoal",5060,40,NA,NA,"Beta-248348",TRUE,NA,"-888888 Date is in uncalibrated radiocarbon years.","Ribeira do Farelo and Ribeira da Torre_POLLENSLIDE","counted","100-NaN",NA,NA,"",5060,5020,5100,5060,324,0.01,"-888888 Date is in uncalibrated radiocarbon years.",". Cal curve: NA. Source DB: RPDv1b","Fluvial","Carbon-14","Radiocarbon",-23.93478,7405.521,"Calibrated radiocarbon years BP","sedimentary charcoal","Data Sourcing: RPDv1b","Sample Age Source: GCDv4"
"841",30,"charcoal | num cm-2 yr-1",NA,76.5,NA,NA,2479.574,NA,NA,"GCDv4","Charcoal (sum)","(additional options)",NA,NA,"False","False","number cm-2 yr-1","Microscopic charcoal (pollen slide)","direct",NA,"CHAR",14213598.6477906,NA,NA,"quant_influx",NA,"","","GCDv4","GCDv4_1153","charcoal","count","unspec","pollen_slide","particle","num cm-2 yr-1",NA,"no_size","num cm-2 yr-1","RPDv1b","measured",1,"GCDv4","","Ribeira do Farelo and Ribeira da Torre",37.151969,-8.594376,0.6,"north","Portugal",NA,"sedfluv",841,1,2010,"Schneider, H., Höfer, D., Trog, C., Busch, S., Schneider, M., Baade, J., Daut, G., Mäusbacher, R., 2010. Holocene estuary development in the Algarve Region (Southern Portugal) – A reconstruction of sedimentological and ecological evolution. Quaternary International 221, 141–158.","Holocene estuary development in the Algarve Region (Southern Portugal) - A reconstruction of sedimentological and ecological evolution","Quaternary International",221,NA,"141-158",NA,"10.1016/j.quaint.2009.10.004",NA,NA,NA,NA,NA,NA,NA,NA,NA,NA,NA,NA,NA,"RPDv1b:1701|RPDv1b:1702",841,"Busch, S.",1,"Busch","S.",NA,NA,NA,NA,NA,NA,NA,NA,NA,"RPDv1b:1701",841,"RPDv1b",1701,13714,324,3.24,"m",0.01,"AMS","charcoal",5060,40,NA,NA,"Beta-248348",TRUE,NA,"-888888 Date is in uncalibrated radiocarbon years.","Ribeira do Farelo and Ribeira da Torre_POLLENSLIDE",NA,NA,NA,NA,NA,5060,5020,5100,5060,324,0.01,"-888888 Date is in uncalibrated radiocarbon years.",". Cal curve: NA. Source DB: RPDv1b","Fluvial","Carbon-14","Radiocarbon",-23.93478,7405.521,"Calibrated radiocarbon years BP","sedimentary charcoal","Data Sourcing: GCDv4","Sample Age Source: GCDv4"
"841",31,"charcoal | <100um num",NA,81,NA,NA,2576.755,NA,NA,"GCDv4","Charcoal (sum)","<100 µm",NA,100,"True","False","number","Microscopic charcoal (pollen slide)","direct",NA,"CHAR",13718,NA,NA,"quant_raw",0.3,"volume","cm^3","RPDv1b","1701","charcoal","count","microchar","pollen_slide","particle","<100um num",NA,"<100um","num","RPDv1b","measured",1,"RPDv1b","ELEMENT=<100 µm","Ribeira do Farelo and Ribeira da Torre",37.151969,-8.594376,0.6,"north","Portugal",NA,"sedfluv",841,1,2010,"Schneider, H., Höfer, D., Trog, C., Busch, S., Schneider, M., Baade, J., Daut, G., Mäusbacher, R., 2010. Holocene estuary development in the Algarve Region (Southern Portugal) – A reconstruction of sedimentological and ecological evolution. Quaternary International 221, 141–158.","Holocene estuary development in the Algarve Region (Southern Portugal) - A reconstruction of sedimentological and ecological evolution","Quaternary International",221,NA,"141-158",NA,"10.1016/j.quaint.2009.10.004",NA,NA,NA,NA,NA,NA,NA,NA,NA,NA,NA,NA,NA,"RPDv1b:1701|RPDv1b:1702",841,"Busch, S.",1,"Busch","S.",NA,NA,NA,NA,NA,NA,NA,NA,NA,"RPDv1b:1701",841,"RPDv1b",1701,13714,324,3.24,"m",0.01,"AMS","charcoal",5060,40,NA,NA,"Beta-248348",TRUE,NA,"-888888 Date is in uncalibrated radiocarbon years.","Ribeira do Farelo and Ribeira da Torre_POLLENSLIDE","counted","NaN-100",NA,NA,"",5060,5020,5100,5060,324,0.01,"-888888 Date is in uncalibrated radiocarbon years.",". Cal curve: NA. Source DB: RPDv1b","Fluvial","Carbon-14","Radiocarbon",-23.93478,7405.521,"Calibrated radiocarbon years BP","sedimentary charcoal","Data Sourcing: RPDv1b","Sample Age Source: GCDv4"
"841",31,"charcoal | >100um num",NA,81,NA,NA,2576.755,NA,NA,"GCDv4","Charcoal (sum)",">100 µm",100,NA,"False","True","number","Microscopic charcoal (pollen slide)","direct",NA,"CHAR",39,NA,NA,"quant_raw",0.3,"volume","cm^3","RPDv1b","1702","charcoal","count","unspec","pollen_slide","particle",">100um num",NA,">100um","num","RPDv1b","measured",1,"RPDv1b","ELEMENT=>100 µm","Ribeira do Farelo and Ribeira da Torre",37.151969,-8.594376,0.6,"north","Portugal",NA,"sedfluv",841,1,2010,"Schneider, H., Höfer, D., Trog, C., Busch, S., Schneider, M., Baade, J., Daut, G., Mäusbacher, R., 2010. Holocene estuary development in the Algarve Region (Southern Portugal) – A reconstruction of sedimentological and ecological evolution. Quaternary International 221, 141–158.","Holocene estuary development in the Algarve Region (Southern Portugal) - A reconstruction of sedimentological and ecological evolution","Quaternary International",221,NA,"141-158",NA,"10.1016/j.quaint.2009.10.004",NA,NA,NA,NA,NA,NA,NA,NA,NA,NA,NA,NA,NA,"RPDv1b:1701|RPDv1b:1702",841,"Busch, S.",1,"Busch","S.",NA,NA,NA,NA,NA,NA,NA,NA,NA,"RPDv1b:1701",841,"RPDv1b",1701,13714,324,3.24,"m",0.01,"AMS","charcoal",5060,40,NA,NA,"Beta-248348",TRUE,NA,"-888888 Date is in uncalibrated radiocarbon years.","Ribeira do Farelo and Ribeira da Torre_POLLENSLIDE","counted","100-NaN",NA,NA,"",5060,5020,5100,5060,324,0.01,"-888888 Date is in uncalibrated radiocarbon years.",". Cal curve: NA. Source DB: RPDv1b","Fluvial","Carbon-14","Radiocarbon",-23.93478,7405.521,"Calibrated radiocarbon years BP","sedimentary charcoal","Data Sourcing: RPDv1b","Sample Age Source: GCDv4"
"841",31,"charcoal | num cm-2 yr-1",NA,81,NA,NA,2576.755,NA,NA,"GCDv4","Charcoal (sum)","(additional options)",NA,NA,"False","False","number cm-2 yr-1","Microscopic charcoal (pollen slide)","direct",NA,"CHAR",19619355.0765733,NA,NA,"quant_influx",NA,"","","GCDv4","GCDv4_1153","charcoal","count","unspec","pollen_slide","particle","num cm-2 yr-1",NA,"no_size","num cm-2 yr-1","RPDv1b","measured",1,"GCDv4","","Ribeira do Farelo and Ribeira da Torre",37.151969,-8.594376,0.6,"north","Portugal",NA,"sedfluv",841,1,2010,"Schneider, H., Höfer, D., Trog, C., Busch, S., Schneider, M., Baade, J., Daut, G., Mäusbacher, R., 2010. Holocene estuary development in the Algarve Region (Southern Portugal) – A reconstruction of sedimentological and ecological evolution. Quaternary International 221, 141–158.","Holocene estuary development in the Algarve Region (Southern Portugal) - A reconstruction of sedimentological and ecological evolution","Quaternary International",221,NA,"141-158",NA,"10.1016/j.quaint.2009.10.004",NA,NA,NA,NA,NA,NA,NA,NA,NA,NA,NA,NA,NA,"RPDv1b:1701|RPDv1b:1702",841,"Busch, S.",1,"Busch","S.",NA,NA,NA,NA,NA,NA,NA,NA,NA,"RPDv1b:1701",841,"RPDv1b",1701,13714,324,3.24,"m",0.01,"AMS","charcoal",5060,40,NA,NA,"Beta-248348",TRUE,NA,"-888888 Date is in uncalibrated radiocarbon years.","Ribeira do Farelo and Ribeira da Torre_POLLENSLIDE",NA,NA,NA,NA,NA,5060,5020,5100,5060,324,0.01,"-888888 Date is in uncalibrated radiocarbon years.",". Cal curve: NA. Source DB: RPDv1b","Fluvial","Carbon-14","Radiocarbon",-23.93478,7405.521,"Calibrated radiocarbon years BP","sedimentary charcoal","Data Sourcing: GCDv4","Sample Age Source: GCDv4"
"841",32,"charcoal | <100um num",NA,86.5,NA,NA,2695.532,NA,NA,"GCDv4","Charcoal (sum)","<100 µm",NA,100,"True","False","number","Microscopic charcoal (pollen slide)","direct",NA,"CHAR",10420,NA,NA,"quant_raw",0.3,"volume","cm^3","RPDv1b","1701","charcoal","count","microchar","pollen_slide","particle","<100um num",NA,"<100um","num","RPDv1b","measured",1,"RPDv1b","ELEMENT=<100 µm","Ribeira do Farelo and Ribeira da Torre",37.151969,-8.594376,0.6,"north","Portugal",NA,"sedfluv",841,1,2010,"Schneider, H., Höfer, D., Trog, C., Busch, S., Schneider, M., Baade, J., Daut, G., Mäusbacher, R., 2010. Holocene estuary development in the Algarve Region (Southern Portugal) – A reconstruction of sedimentological and ecological evolution. Quaternary International 221, 141–158.","Holocene estuary development in the Algarve Region (Southern Portugal) - A reconstruction of sedimentological and ecological evolution","Quaternary International",221,NA,"141-158",NA,"10.1016/j.quaint.2009.10.004",NA,NA,NA,NA,NA,NA,NA,NA,NA,NA,NA,NA,NA,"RPDv1b:1701|RPDv1b:1702",841,"Busch, S.",1,"Busch","S.",NA,NA,NA,NA,NA,NA,NA,NA,NA,"RPDv1b:1701",841,"RPDv1b",1701,13715,523,5.23,"m",0.01,"AMS","bulk sediment",6530,50,NA,NA,"Beta-248349",TRUE,NA,"-888888 Date is in uncalibrated radiocarbon years.","Ribeira do Farelo and Ribeira da Torre_POLLENSLIDE","counted","NaN-100",NA,NA,"",6530,6480,6580,6530,523,0.01,"-888888 Date is in uncalibrated radiocarbon years.",". Cal curve: NA. Source DB: RPDv1b","Fluvial","Carbon-14","Radiocarbon",-23.93478,7405.521,"Calibrated radiocarbon years BP","sedimentary charcoal","Data Sourcing: RPDv1b","Sample Age Source: GCDv4"
"841",32,"charcoal | >100um num",NA,86.5,NA,NA,2695.532,NA,NA,"GCDv4","Charcoal (sum)",">100 µm",100,NA,"False","True","number","Microscopic charcoal (pollen slide)","direct",NA,"CHAR",60,NA,NA,"quant_raw",0.3,"volume","cm^3","RPDv1b","1702","charcoal","count","unspec","pollen_slide","particle",">100um num",NA,">100um","num","RPDv1b","measured",1,"RPDv1b","ELEMENT=>100 µm","Ribeira do Farelo and Ribeira da Torre",37.151969,-8.594376,0.6,"north","Portugal",NA,"sedfluv",841,1,2010,"Schneider, H., Höfer, D., Trog, C., Busch, S., Schneider, M., Baade, J., Daut, G., Mäusbacher, R., 2010. Holocene estuary development in the Algarve Region (Southern Portugal) – A reconstruction of sedimentological and ecological evolution. Quaternary International 221, 141–158.","Holocene estuary development in the Algarve Region (Southern Portugal) - A reconstruction of sedimentological and ecological evolution","Quaternary International",221,NA,"141-158",NA,"10.1016/j.quaint.2009.10.004",NA,NA,NA,NA,NA,NA,NA,NA,NA,NA,NA,NA,NA,"RPDv1b:1701|RPDv1b:1702",841,"Busch, S.",1,"Busch","S.",NA,NA,NA,NA,NA,NA,NA,NA,NA,"RPDv1b:1701",841,"RPDv1b",1701,13715,523,5.23,"m",0.01,"AMS","bulk sediment",6530,50,NA,NA,"Beta-248349",TRUE,NA,"-888888 Date is in uncalibrated radiocarbon years.","Ribeira do Farelo and Ribeira da Torre_POLLENSLIDE","counted","100-NaN",NA,NA,"",6530,6480,6580,6530,523,0.01,"-888888 Date is in uncalibrated radiocarbon years.",". Cal curve: NA. Source DB: RPDv1b","Fluvial","Carbon-14","Radiocarbon",-23.93478,7405.521,"Calibrated radiocarbon years BP","sedimentary charcoal","Data Sourcing: RPDv1b","Sample Age Source: GCDv4"
"841",32,"charcoal | num cm-2 yr-1",NA,86.5,NA,NA,2695.532,NA,NA,"GCDv4","Charcoal (sum)","(additional options)",NA,NA,"False","False","number cm-2 yr-1","Microscopic charcoal (pollen slide)","direct",NA,"CHAR",16972459.6302204,NA,NA,"quant_influx",NA,"","","GCDv4","GCDv4_1153","charcoal","count","unspec","pollen_slide","particle","num cm-2 yr-1",NA,"no_size","num cm-2 yr-1","RPDv1b","measured",1,"GCDv4","","Ribeira do Farelo and Ribeira da Torre",37.151969,-8.594376,0.6,"north","Portugal",NA,"sedfluv",841,1,2010,"Schneider, H., Höfer, D., Trog, C., Busch, S., Schneider, M., Baade, J., Daut, G., Mäusbacher, R., 2010. Holocene estuary development in the Algarve Region (Southern Portugal) – A reconstruction of sedimentological and ecological evolution. Quaternary International 221, 141–158.","Holocene estuary development in the Algarve Region (Southern Portugal) - A reconstruction of sedimentological and ecological evolution","Quaternary International",221,NA,"141-158",NA,"10.1016/j.quaint.2009.10.004",NA,NA,NA,NA,NA,NA,NA,NA,NA,NA,NA,NA,NA,"RPDv1b:1701|RPDv1b:1702",841,"Busch, S.",1,"Busch","S.",NA,NA,NA,NA,NA,NA,NA,NA,NA,"RPDv1b:1701",841,"RPDv1b",1701,13715,523,5.23,"m",0.01,"AMS","bulk sediment",6530,50,NA,NA,"Beta-248349",TRUE,NA,"-888888 Date is in uncalibrated radiocarbon years.","Ribeira do Farelo and Ribeira da Torre_POLLENSLIDE",NA,NA,NA,NA,NA,6530,6480,6580,6530,523,0.01,"-888888 Date is in uncalibrated radiocarbon years.",". Cal curve: NA. Source DB: RPDv1b","Fluvial","Carbon-14","Radiocarbon",-23.93478,7405.521,"Calibrated radiocarbon years BP","sedimentary charcoal","Data Sourcing: GCDv4","Sample Age Source: GCDv4"
"841",33,"charcoal | <100um num",NA,90.5,NA,NA,2781.915,NA,NA,"GCDv4","Charcoal (sum)","<100 µm",NA,100,"True","False","number","Microscopic charcoal (pollen slide)","direct",NA,"CHAR",25043,NA,NA,"quant_raw",0.3,"volume","cm^3","RPDv1b","1701","charcoal","count","microchar","pollen_slide","particle","<100um num",NA,"<100um","num","RPDv1b","measured",1,"RPDv1b","ELEMENT=<100 µm","Ribeira do Farelo and Ribeira da Torre",37.151969,-8.594376,0.6,"north","Portugal",NA,"sedfluv",841,1,2010,"Schneider, H., Höfer, D., Trog, C., Busch, S., Schneider, M., Baade, J., Daut, G., Mäusbacher, R., 2010. Holocene estuary development in the Algarve Region (Southern Portugal) – A reconstruction of sedimentological and ecological evolution. Quaternary International 221, 141–158.","Holocene estuary development in the Algarve Region (Southern Portugal) - A reconstruction of sedimentological and ecological evolution","Quaternary International",221,NA,"141-158",NA,"10.1016/j.quaint.2009.10.004",NA,NA,NA,NA,NA,NA,NA,NA,NA,NA,NA,NA,NA,"RPDv1b:1701|RPDv1b:1702",841,"Busch, S.",1,"Busch","S.",NA,NA,NA,NA,NA,NA,NA,NA,NA,"RPDv1b:1701",841,"RPDv1b",1701,13715,523,5.23,"m",0.01,"AMS","bulk sediment",6530,50,NA,NA,"Beta-248349",TRUE,NA,"-888888 Date is in uncalibrated radiocarbon years.","Ribeira do Farelo and Ribeira da Torre_POLLENSLIDE","counted","NaN-100",NA,NA,"",6530,6480,6580,6530,523,0.01,"-888888 Date is in uncalibrated radiocarbon years.",". Cal curve: NA. Source DB: RPDv1b","Fluvial","Carbon-14","Radiocarbon",-23.93478,7405.521,"Calibrated radiocarbon years BP","sedimentary charcoal","Data Sourcing: RPDv1b","Sample Age Source: GCDv4"
"841",33,"charcoal | >100um num",NA,90.5,NA,NA,2781.915,NA,NA,"GCDv4","Charcoal (sum)",">100 µm",100,NA,"False","True","number","Microscopic charcoal (pollen slide)","direct",NA,"CHAR",93,NA,NA,"quant_raw",0.3,"volume","cm^3","RPDv1b","1702","charcoal","count","unspec","pollen_slide","particle",">100um num",NA,">100um","num","RPDv1b","measured",1,"RPDv1b","ELEMENT=>100 µm","Ribeira do Farelo and Ribeira da Torre",37.151969,-8.594376,0.6,"north","Portugal",NA,"sedfluv",841,1,2010,"Schneider, H., Höfer, D., Trog, C., Busch, S., Schneider, M., Baade, J., Daut, G., Mäusbacher, R., 2010. Holocene estuary development in the Algarve Region (Southern Portugal) – A reconstruction of sedimentological and ecological evolution. Quaternary International 221, 141–158.","Holocene estuary development in the Algarve Region (Southern Portugal) - A reconstruction of sedimentological and ecological evolution","Quaternary International",221,NA,"141-158",NA,"10.1016/j.quaint.2009.10.004",NA,NA,NA,NA,NA,NA,NA,NA,NA,NA,NA,NA,NA,"RPDv1b:1701|RPDv1b:1702",841,"Busch, S.",1,"Busch","S.",NA,NA,NA,NA,NA,NA,NA,NA,NA,"RPDv1b:1701",841,"RPDv1b",1701,13715,523,5.23,"m",0.01,"AMS","bulk sediment",6530,50,NA,NA,"Beta-248349",TRUE,NA,"-888888 Date is in uncalibrated radiocarbon years.","Ribeira do Farelo and Ribeira da Torre_POLLENSLIDE","counted","100-NaN",NA,NA,"",6530,6480,6580,6530,523,0.01,"-888888 Date is in uncalibrated radiocarbon years.",". Cal curve: NA. Source DB: RPDv1b","Fluvial","Carbon-14","Radiocarbon",-23.93478,7405.521,"Calibrated radiocarbon years BP","sedimentary charcoal","Data Sourcing: RPDv1b","Sample Age Source: GCDv4"
"841",33,"charcoal | num cm-2 yr-1",NA,90.5,NA,NA,2781.915,NA,NA,"GCDv4","Charcoal (sum)","(additional options)",NA,NA,"False","False","number cm-2 yr-1","Microscopic charcoal (pollen slide)","direct",NA,"CHAR",21281485.7301181,NA,NA,"quant_influx",NA,"","","GCDv4","GCDv4_1153","charcoal","count","unspec","pollen_slide","particle","num cm-2 yr-1",NA,"no_size","num cm-2 yr-1","RPDv1b","measured",1,"GCDv4","","Ribeira do Farelo and Ribeira da Torre",37.151969,-8.594376,0.6,"north","Portugal",NA,"sedfluv",841,1,2010,"Schneider, H., Höfer, D., Trog, C., Busch, S., Schneider, M., Baade, J., Daut, G., Mäusbacher, R., 2010. Holocene estuary development in the Algarve Region (Southern Portugal) – A reconstruction of sedimentological and ecological evolution. Quaternary International 221, 141–158.","Holocene estuary development in the Algarve Region (Southern Portugal) - A reconstruction of sedimentological and ecological evolution","Quaternary International",221,NA,"141-158",NA,"10.1016/j.quaint.2009.10.004",NA,NA,NA,NA,NA,NA,NA,NA,NA,NA,NA,NA,NA,"RPDv1b:1701|RPDv1b:1702",841,"Busch, S.",1,"Busch","S.",NA,NA,NA,NA,NA,NA,NA,NA,NA,"RPDv1b:1701",841,"RPDv1b",1701,13715,523,5.23,"m",0.01,"AMS","bulk sediment",6530,50,NA,NA,"Beta-248349",TRUE,NA,"-888888 Date is in uncalibrated radiocarbon years.","Ribeira do Farelo and Ribeira da Torre_POLLENSLIDE",NA,NA,NA,NA,NA,6530,6480,6580,6530,523,0.01,"-888888 Date is in uncalibrated radiocarbon years.",". Cal curve: NA. Source DB: RPDv1b","Fluvial","Carbon-14","Radiocarbon",-23.93478,7405.521,"Calibrated radiocarbon years BP","sedimentary charcoal","Data Sourcing: GCDv4","Sample Age Source: GCDv4"
"841",34,"charcoal | <100um num",NA,94.5,NA,NA,2868.298,NA,NA,"GCDv4","Charcoal (sum)","<100 µm",NA,100,"True","False","number","Microscopic charcoal (pollen slide)","direct",NA,"CHAR",19633,NA,NA,"quant_raw",0.3,"volume","cm^3","RPDv1b","1701","charcoal","count","microchar","pollen_slide","particle","<100um num",NA,"<100um","num","RPDv1b","measured",1,"RPDv1b","ELEMENT=<100 µm","Ribeira do Farelo and Ribeira da Torre",37.151969,-8.594376,0.6,"north","Portugal",NA,"sedfluv",841,1,2010,"Schneider, H., Höfer, D., Trog, C., Busch, S., Schneider, M., Baade, J., Daut, G., Mäusbacher, R., 2010. Holocene estuary development in the Algarve Region (Southern Portugal) – A reconstruction of sedimentological and ecological evolution. Quaternary International 221, 141–158.","Holocene estuary development in the Algarve Region (Southern Portugal) - A reconstruction of sedimentological and ecological evolution","Quaternary International",221,NA,"141-158",NA,"10.1016/j.quaint.2009.10.004",NA,NA,NA,NA,NA,NA,NA,NA,NA,NA,NA,NA,NA,"RPDv1b:1701|RPDv1b:1702",841,"Busch, S.",1,"Busch","S.",NA,NA,NA,NA,NA,NA,NA,NA,NA,"RPDv1b:1701",841,"RPDv1b",1701,13715,523,5.23,"m",0.01,"AMS","bulk sediment",6530,50,NA,NA,"Beta-248349",TRUE,NA,"-888888 Date is in uncalibrated radiocarbon years.","Ribeira do Farelo and Ribeira da Torre_POLLENSLIDE","counted","NaN-100",NA,NA,"",6530,6480,6580,6530,523,0.01,"-888888 Date is in uncalibrated radiocarbon years.",". Cal curve: NA. Source DB: RPDv1b","Fluvial","Carbon-14","Radiocarbon",-23.93478,7405.521,"Calibrated radiocarbon years BP","sedimentary charcoal","Data Sourcing: RPDv1b","Sample Age Source: GCDv4"
"841",34,"charcoal | >100um num",NA,94.5,NA,NA,2868.298,NA,NA,"GCDv4","Charcoal (sum)",">100 µm",100,NA,"False","True","number","Microscopic charcoal (pollen slide)","direct",NA,"CHAR",57,NA,NA,"quant_raw",0.3,"volume","cm^3","RPDv1b","1702","charcoal","count","unspec","pollen_slide","particle",">100um num",NA,">100um","num","RPDv1b","measured",1,"RPDv1b","ELEMENT=>100 µm","Ribeira do Farelo and Ribeira da Torre",37.151969,-8.594376,0.6,"north","Portugal",NA,"sedfluv",841,1,2010,"Schneider, H., Höfer, D., Trog, C., Busch, S., Schneider, M., Baade, J., Daut, G., Mäusbacher, R., 2010. Holocene estuary development in the Algarve Region (Southern Portugal) – A reconstruction of sedimentological and ecological evolution. Quaternary International 221, 141–158.","Holocene estuary development in the Algarve Region (Southern Portugal) - A reconstruction of sedimentological and ecological evolution","Quaternary International",221,NA,"141-158",NA,"10.1016/j.quaint.2009.10.004",NA,NA,NA,NA,NA,NA,NA,NA,NA,NA,NA,NA,NA,"RPDv1b:1701|RPDv1b:1702",841,"Busch, S.",1,"Busch","S.",NA,NA,NA,NA,NA,NA,NA,NA,NA,"RPDv1b:1701",841,"RPDv1b",1701,13715,523,5.23,"m",0.01,"AMS","bulk sediment",6530,50,NA,NA,"Beta-248349",TRUE,NA,"-888888 Date is in uncalibrated radiocarbon years.","Ribeira do Farelo and Ribeira da Torre_POLLENSLIDE","counted","100-NaN",NA,NA,"",6530,6480,6580,6530,523,0.01,"-888888 Date is in uncalibrated radiocarbon years.",". Cal curve: NA. Source DB: RPDv1b","Fluvial","Carbon-14","Radiocarbon",-23.93478,7405.521,"Calibrated radiocarbon years BP","sedimentary charcoal","Data Sourcing: RPDv1b","Sample Age Source: GCDv4"
"841",34,"charcoal | num cm-2 yr-1",NA,94.5,NA,NA,2868.298,NA,NA,"GCDv4","Charcoal (sum)","(additional options)",NA,NA,"False","False","number cm-2 yr-1","Microscopic charcoal (pollen slide)","direct",NA,"CHAR",8647263.25246499,NA,NA,"quant_influx",NA,"","","GCDv4","GCDv4_1153","charcoal","count","unspec","pollen_slide","particle","num cm-2 yr-1",NA,"no_size","num cm-2 yr-1","RPDv1b","measured",1,"GCDv4","","Ribeira do Farelo and Ribeira da Torre",37.151969,-8.594376,0.6,"north","Portugal",NA,"sedfluv",841,1,2010,"Schneider, H., Höfer, D., Trog, C., Busch, S., Schneider, M., Baade, J., Daut, G., Mäusbacher, R., 2010. Holocene estuary development in the Algarve Region (Southern Portugal) – A reconstruction of sedimentological and ecological evolution. Quaternary International 221, 141–158.","Holocene estuary development in the Algarve Region (Southern Portugal) - A reconstruction of sedimentological and ecological evolution","Quaternary International",221,NA,"141-158",NA,"10.1016/j.quaint.2009.10.004",NA,NA,NA,NA,NA,NA,NA,NA,NA,NA,NA,NA,NA,"RPDv1b:1701|RPDv1b:1702",841,"Busch, S.",1,"Busch","S.",NA,NA,NA,NA,NA,NA,NA,NA,NA,"RPDv1b:1701",841,"RPDv1b",1701,13715,523,5.23,"m",0.01,"AMS","bulk sediment",6530,50,NA,NA,"Beta-248349",TRUE,NA,"-888888 Date is in uncalibrated radiocarbon years.","Ribeira do Farelo and Ribeira da Torre_POLLENSLIDE",NA,NA,NA,NA,NA,6530,6480,6580,6530,523,0.01,"-888888 Date is in uncalibrated radiocarbon years.",". Cal curve: NA. Source DB: RPDv1b","Fluvial","Carbon-14","Radiocarbon",-23.93478,7405.521,"Calibrated radiocarbon years BP","sedimentary charcoal","Data Sourcing: GCDv4","Sample Age Source: GCDv4"
"841",35,"charcoal | <100um num",NA,98.5,NA,NA,2954.681,NA,NA,"GCDv4","Charcoal (sum)","<100 µm",NA,100,"True","False","number","Microscopic charcoal (pollen slide)","direct",NA,"CHAR",11676,NA,NA,"quant_raw",0.3,"volume","cm^3","RPDv1b","1701","charcoal","count","microchar","pollen_slide","particle","<100um num",NA,"<100um","num","RPDv1b","measured",1,"RPDv1b","ELEMENT=<100 µm","Ribeira do Farelo and Ribeira da Torre",37.151969,-8.594376,0.6,"north","Portugal",NA,"sedfluv",841,1,2010,"Schneider, H., Höfer, D., Trog, C., Busch, S., Schneider, M., Baade, J., Daut, G., Mäusbacher, R., 2010. Holocene estuary development in the Algarve Region (Southern Portugal) – A reconstruction of sedimentological and ecological evolution. Quaternary International 221, 141–158.","Holocene estuary development in the Algarve Region (Southern Portugal) - A reconstruction of sedimentological and ecological evolution","Quaternary International",221,NA,"141-158",NA,"10.1016/j.quaint.2009.10.004",NA,NA,NA,NA,NA,NA,NA,NA,NA,NA,NA,NA,NA,"RPDv1b:1701|RPDv1b:1702",841,"Busch, S.",1,"Busch","S.",NA,NA,NA,NA,NA,NA,NA,NA,NA,"RPDv1b:1701",841,"RPDv1b",1701,13715,523,5.23,"m",0.01,"AMS","bulk sediment",6530,50,NA,NA,"Beta-248349",TRUE,NA,"-888888 Date is in uncalibrated radiocarbon years.","Ribeira do Farelo and Ribeira da Torre_POLLENSLIDE","counted","NaN-100",NA,NA,"",6530,6480,6580,6530,523,0.01,"-888888 Date is in uncalibrated radiocarbon years.",". Cal curve: NA. Source DB: RPDv1b","Fluvial","Carbon-14","Radiocarbon",-23.93478,7405.521,"Calibrated radiocarbon years BP","sedimentary charcoal","Data Sourcing: RPDv1b","Sample Age Source: GCDv4"
"841",35,"charcoal | >100um num",NA,98.5,NA,NA,2954.681,NA,NA,"GCDv4","Charcoal (sum)",">100 µm",100,NA,"False","True","number","Microscopic charcoal (pollen slide)","direct",NA,"CHAR",40,NA,NA,"quant_raw",0.3,"volume","cm^3","RPDv1b","1702","charcoal","count","unspec","pollen_slide","particle",">100um num",NA,">100um","num","RPDv1b","measured",1,"RPDv1b","ELEMENT=>100 µm","Ribeira do Farelo and Ribeira da Torre",37.151969,-8.594376,0.6,"north","Portugal",NA,"sedfluv",841,1,2010,"Schneider, H., Höfer, D., Trog, C., Busch, S., Schneider, M., Baade, J., Daut, G., Mäusbacher, R., 2010. Holocene estuary development in the Algarve Region (Southern Portugal) – A reconstruction of sedimentological and ecological evolution. Quaternary International 221, 141–158.","Holocene estuary development in the Algarve Region (Southern Portugal) - A reconstruction of sedimentological and ecological evolution","Quaternary International",221,NA,"141-158",NA,"10.1016/j.quaint.2009.10.004",NA,NA,NA,NA,NA,NA,NA,NA,NA,NA,NA,NA,NA,"RPDv1b:1701|RPDv1b:1702",841,"Busch, S.",1,"Busch","S.",NA,NA,NA,NA,NA,NA,NA,NA,NA,"RPDv1b:1701",841,"RPDv1b",1701,13715,523,5.23,"m",0.01,"AMS","bulk sediment",6530,50,NA,NA,"Beta-248349",TRUE,NA,"-888888 Date is in uncalibrated radiocarbon years.","Ribeira do Farelo and Ribeira da Torre_POLLENSLIDE","counted","100-NaN",NA,NA,"",6530,6480,6580,6530,523,0.01,"-888888 Date is in uncalibrated radiocarbon years.",". Cal curve: NA. Source DB: RPDv1b","Fluvial","Carbon-14","Radiocarbon",-23.93478,7405.521,"Calibrated radiocarbon years BP","sedimentary charcoal","Data Sourcing: RPDv1b","Sample Age Source: GCDv4"
"841",35,"charcoal | num cm-2 yr-1",NA,98.5,NA,NA,2954.681,NA,NA,"GCDv4","Charcoal (sum)","(additional options)",NA,NA,"False","False","number cm-2 yr-1","Microscopic charcoal (pollen slide)","direct",NA,"CHAR",5234683.52424961,NA,NA,"quant_influx",NA,"","","GCDv4","GCDv4_1153","charcoal","count","unspec","pollen_slide","particle","num cm-2 yr-1",NA,"no_size","num cm-2 yr-1","RPDv1b","measured",1,"GCDv4","","Ribeira do Farelo and Ribeira da Torre",37.151969,-8.594376,0.6,"north","Portugal",NA,"sedfluv",841,1,2010,"Schneider, H., Höfer, D., Trog, C., Busch, S., Schneider, M., Baade, J., Daut, G., Mäusbacher, R., 2010. Holocene estuary development in the Algarve Region (Southern Portugal) – A reconstruction of sedimentological and ecological evolution. Quaternary International 221, 141–158.","Holocene estuary development in the Algarve Region (Southern Portugal) - A reconstruction of sedimentological and ecological evolution","Quaternary International",221,NA,"141-158",NA,"10.1016/j.quaint.2009.10.004",NA,NA,NA,NA,NA,NA,NA,NA,NA,NA,NA,NA,NA,"RPDv1b:1701|RPDv1b:1702",841,"Busch, S.",1,"Busch","S.",NA,NA,NA,NA,NA,NA,NA,NA,NA,"RPDv1b:1701",841,"RPDv1b",1701,13715,523,5.23,"m",0.01,"AMS","bulk sediment",6530,50,NA,NA,"Beta-248349",TRUE,NA,"-888888 Date is in uncalibrated radiocarbon years.","Ribeira do Farelo and Ribeira da Torre_POLLENSLIDE",NA,NA,NA,NA,NA,6530,6480,6580,6530,523,0.01,"-888888 Date is in uncalibrated radiocarbon years.",". Cal curve: NA. Source DB: RPDv1b","Fluvial","Carbon-14","Radiocarbon",-23.93478,7405.521,"Calibrated radiocarbon years BP","sedimentary charcoal","Data Sourcing: GCDv4","Sample Age Source: GCDv4"
"841",36,"charcoal | <100um num",NA,102.5,NA,NA,3041.064,NA,NA,"GCDv4","Charcoal (sum)","<100 µm",NA,100,"True","False","number","Microscopic charcoal (pollen slide)","direct",NA,"CHAR",23328,NA,NA,"quant_raw",0.3,"volume","cm^3","RPDv1b","1701","charcoal","count","microchar","pollen_slide","particle","<100um num",NA,"<100um","num","RPDv1b","measured",1,"RPDv1b","ELEMENT=<100 µm","Ribeira do Farelo and Ribeira da Torre",37.151969,-8.594376,0.6,"north","Portugal",NA,"sedfluv",841,1,2010,"Schneider, H., Höfer, D., Trog, C., Busch, S., Schneider, M., Baade, J., Daut, G., Mäusbacher, R., 2010. Holocene estuary development in the Algarve Region (Southern Portugal) – A reconstruction of sedimentological and ecological evolution. Quaternary International 221, 141–158.","Holocene estuary development in the Algarve Region (Southern Portugal) - A reconstruction of sedimentological and ecological evolution","Quaternary International",221,NA,"141-158",NA,"10.1016/j.quaint.2009.10.004",NA,NA,NA,NA,NA,NA,NA,NA,NA,NA,NA,NA,NA,"RPDv1b:1701|RPDv1b:1702",841,"Busch, S.",1,"Busch","S.",NA,NA,NA,NA,NA,NA,NA,NA,NA,"RPDv1b:1701",841,"RPDv1b",1702,13716,73,0.73,"m",0.06,"AMS","charcoal",2340,40,NA,NA,"Beta-248342",TRUE,NA,"-888888 Date is in uncalibrated radiocarbon years.","Ribeira do Farelo and Ribeira da Torre_POLLENSLIDE","counted","NaN-100",NA,NA,"",2340,2300,2380,2340,73,0.06,"-888888 Date is in uncalibrated radiocarbon years.",". Cal curve: NA. Source DB: RPDv1b","Fluvial","Carbon-14","Radiocarbon",-23.93478,7405.521,"Calibrated radiocarbon years BP","sedimentary charcoal","Data Sourcing: RPDv1b","Sample Age Source: GCDv4"
"841",36,"charcoal | >100um num",NA,102.5,NA,NA,3041.064,NA,NA,"GCDv4","Charcoal (sum)",">100 µm",100,NA,"False","True","number","Microscopic charcoal (pollen slide)","direct",NA,"CHAR",202,NA,NA,"quant_raw",0.3,"volume","cm^3","RPDv1b","1702","charcoal","count","unspec","pollen_slide","particle",">100um num",NA,">100um","num","RPDv1b","measured",1,"RPDv1b","ELEMENT=>100 µm","Ribeira do Farelo and Ribeira da Torre",37.151969,-8.594376,0.6,"north","Portugal",NA,"sedfluv",841,1,2010,"Schneider, H., Höfer, D., Trog, C., Busch, S., Schneider, M., Baade, J., Daut, G., Mäusbacher, R., 2010. Holocene estuary development in the Algarve Region (Southern Portugal) – A reconstruction of sedimentological and ecological evolution. Quaternary International 221, 141–158.","Holocene estuary development in the Algarve Region (Southern Portugal) - A reconstruction of sedimentological and ecological evolution","Quaternary International",221,NA,"141-158",NA,"10.1016/j.quaint.2009.10.004",NA,NA,NA,NA,NA,NA,NA,NA,NA,NA,NA,NA,NA,"RPDv1b:1701|RPDv1b:1702",841,"Busch, S.",1,"Busch","S.",NA,NA,NA,NA,NA,NA,NA,NA,NA,"RPDv1b:1701",841,"RPDv1b",1702,13716,73,0.73,"m",0.06,"AMS","charcoal",2340,40,NA,NA,"Beta-248342",TRUE,NA,"-888888 Date is in uncalibrated radiocarbon years.","Ribeira do Farelo and Ribeira da Torre_POLLENSLIDE","counted","100-NaN",NA,NA,"",2340,2300,2380,2340,73,0.06,"-888888 Date is in uncalibrated radiocarbon years.",". Cal curve: NA. Source DB: RPDv1b","Fluvial","Carbon-14","Radiocarbon",-23.93478,7405.521,"Calibrated radiocarbon years BP","sedimentary charcoal","Data Sourcing: RPDv1b","Sample Age Source: GCDv4"
"841",36,"charcoal | num cm-2 yr-1",NA,102.5,NA,NA,3041.064,NA,NA,"GCDv4","Charcoal (sum)","(additional options)",NA,NA,"False","False","number cm-2 yr-1","Microscopic charcoal (pollen slide)","direct",NA,"CHAR",6798354.38267999,NA,NA,"quant_influx",NA,"","","GCDv4","GCDv4_1153","charcoal","count","unspec","pollen_slide","particle","num cm-2 yr-1",NA,"no_size","num cm-2 yr-1","RPDv1b","measured",1,"GCDv4","","Ribeira do Farelo and Ribeira da Torre",37.151969,-8.594376,0.6,"north","Portugal",NA,"sedfluv",841,1,2010,"Schneider, H., Höfer, D., Trog, C., Busch, S., Schneider, M., Baade, J., Daut, G., Mäusbacher, R., 2010. Holocene estuary development in the Algarve Region (Southern Portugal) – A reconstruction of sedimentological and ecological evolution. Quaternary International 221, 141–158.","Holocene estuary development in the Algarve Region (Southern Portugal) - A reconstruction of sedimentological and ecological evolution","Quaternary International",221,NA,"141-158",NA,"10.1016/j.quaint.2009.10.004",NA,NA,NA,NA,NA,NA,NA,NA,NA,NA,NA,NA,NA,"RPDv1b:1701|RPDv1b:1702",841,"Busch, S.",1,"Busch","S.",NA,NA,NA,NA,NA,NA,NA,NA,NA,"RPDv1b:1701",841,"RPDv1b",1702,13716,73,0.73,"m",0.06,"AMS","charcoal",2340,40,NA,NA,"Beta-248342",TRUE,NA,"-888888 Date is in uncalibrated radiocarbon years.","Ribeira do Farelo and Ribeira da Torre_POLLENSLIDE",NA,NA,NA,NA,NA,2340,2300,2380,2340,73,0.06,"-888888 Date is in uncalibrated radiocarbon years.",". Cal curve: NA. Source DB: RPDv1b","Fluvial","Carbon-14","Radiocarbon",-23.93478,7405.521,"Calibrated radiocarbon years BP","sedimentary charcoal","Data Sourcing: GCDv4","Sample Age Source: GCDv4"
"841",37,"charcoal | <100um num",NA,106.5,NA,NA,3127.447,NA,NA,"GCDv4","Charcoal (sum)","<100 µm",NA,100,"True","False","number","Microscopic charcoal (pollen slide)","direct",NA,"CHAR",20994,NA,NA,"quant_raw",0.3,"volume","cm^3","RPDv1b","1701","charcoal","count","microchar","pollen_slide","particle","<100um num",NA,"<100um","num","RPDv1b","measured",1,"RPDv1b","ELEMENT=<100 µm","Ribeira do Farelo and Ribeira da Torre",37.151969,-8.594376,0.6,"north","Portugal",NA,"sedfluv",841,1,2010,"Schneider, H., Höfer, D., Trog, C., Busch, S., Schneider, M., Baade, J., Daut, G., Mäusbacher, R., 2010. Holocene estuary development in the Algarve Region (Southern Portugal) – A reconstruction of sedimentological and ecological evolution. Quaternary International 221, 141–158.","Holocene estuary development in the Algarve Region (Southern Portugal) - A reconstruction of sedimentological and ecological evolution","Quaternary International",221,NA,"141-158",NA,"10.1016/j.quaint.2009.10.004",NA,NA,NA,NA,NA,NA,NA,NA,NA,NA,NA,NA,NA,"RPDv1b:1701|RPDv1b:1702",841,"Busch, S.",1,"Busch","S.",NA,NA,NA,NA,NA,NA,NA,NA,NA,"RPDv1b:1701",841,"RPDv1b",1702,13716,73,0.73,"m",0.06,"AMS","charcoal",2340,40,NA,NA,"Beta-248342",TRUE,NA,"-888888 Date is in uncalibrated radiocarbon years.","Ribeira do Farelo and Ribeira da Torre_POLLENSLIDE","counted","NaN-100",NA,NA,"",2340,2300,2380,2340,73,0.06,"-888888 Date is in uncalibrated radiocarbon years.",". Cal curve: NA. Source DB: RPDv1b","Fluvial","Carbon-14","Radiocarbon",-23.93478,7405.521,"Calibrated radiocarbon years BP","sedimentary charcoal","Data Sourcing: RPDv1b","Sample Age Source: GCDv4"
"841",37,"charcoal | >100um num",NA,106.5,NA,NA,3127.447,NA,NA,"GCDv4","Charcoal (sum)",">100 µm",100,NA,"False","True","number","Microscopic charcoal (pollen slide)","direct",NA,"CHAR",165,NA,NA,"quant_raw",0.3,"volume","cm^3","RPDv1b","1702","charcoal","count","unspec","pollen_slide","particle",">100um num",NA,">100um","num","RPDv1b","measured",1,"RPDv1b","ELEMENT=>100 µm","Ribeira do Farelo and Ribeira da Torre",37.151969,-8.594376,0.6,"north","Portugal",NA,"sedfluv",841,1,2010,"Schneider, H., Höfer, D., Trog, C., Busch, S., Schneider, M., Baade, J., Daut, G., Mäusbacher, R., 2010. Holocene estuary development in the Algarve Region (Southern Portugal) – A reconstruction of sedimentological and ecological evolution. Quaternary International 221, 141–158.","Holocene estuary development in the Algarve Region (Southern Portugal) - A reconstruction of sedimentological and ecological evolution","Quaternary International",221,NA,"141-158",NA,"10.1016/j.quaint.2009.10.004",NA,NA,NA,NA,NA,NA,NA,NA,NA,NA,NA,NA,NA,"RPDv1b:1701|RPDv1b:1702",841,"Schneider, M.",1,"Schneider","M.",NA,NA,NA,NA,NA,NA,NA,NA,NA,"RPDv1b:1701",841,"RPDv1b",1702,13716,73,0.73,"m",0.06,"AMS","charcoal",2340,40,NA,NA,"Beta-248342",TRUE,NA,"-888888 Date is in uncalibrated radiocarbon years.","Ribeira do Farelo and Ribeira da Torre_POLLENSLIDE","counted","100-NaN",NA,NA,"",2340,2300,2380,2340,73,0.06,"-888888 Date is in uncalibrated radiocarbon years.",". Cal curve: NA. Source DB: RPDv1b","Fluvial","Carbon-14","Radiocarbon",-23.93478,7405.521,"Calibrated radiocarbon years BP","sedimentary charcoal","Data Sourcing: RPDv1b","Sample Age Source: GCDv4"
"841",37,"charcoal | num cm-2 yr-1",NA,106.5,NA,NA,3127.447,NA,NA,"GCDv4","Charcoal (sum)","(additional options)",NA,NA,"False","False","number cm-2 yr-1","Microscopic charcoal (pollen slide)","direct",NA,"CHAR",8682412.23413881,NA,NA,"quant_influx",NA,"","","GCDv4","GCDv4_1153","charcoal","count","unspec","pollen_slide","particle","num cm-2 yr-1",NA,"no_size","num cm-2 yr-1","RPDv1b","measured",1,"GCDv4","","Ribeira do Farelo and Ribeira da Torre",37.151969,-8.594376,0.6,"north","Portugal",NA,"sedfluv",841,1,2010,"Schneider, H., Höfer, D., Trog, C., Busch, S., Schneider, M., Baade, J., Daut, G., Mäusbacher, R., 2010. Holocene estuary development in the Algarve Region (Southern Portugal) – A reconstruction of sedimentological and ecological evolution. Quaternary International 221, 141–158.","Holocene estuary development in the Algarve Region (Southern Portugal) - A reconstruction of sedimentological and ecological evolution","Quaternary International",221,NA,"141-158",NA,"10.1016/j.quaint.2009.10.004",NA,NA,NA,NA,NA,NA,NA,NA,NA,NA,NA,NA,NA,"RPDv1b:1701|RPDv1b:1702",841,"Schneider, M.",1,"Schneider","M.",NA,NA,NA,NA,NA,NA,NA,NA,NA,"RPDv1b:1701",841,"RPDv1b",1702,13716,73,0.73,"m",0.06,"AMS","charcoal",2340,40,NA,NA,"Beta-248342",TRUE,NA,"-888888 Date is in uncalibrated radiocarbon years.","Ribeira do Farelo and Ribeira da Torre_POLLENSLIDE",NA,NA,NA,NA,NA,2340,2300,2380,2340,73,0.06,"-888888 Date is in uncalibrated radiocarbon years.",". Cal curve: NA. Source DB: RPDv1b","Fluvial","Carbon-14","Radiocarbon",-23.93478,7405.521,"Calibrated radiocarbon years BP","sedimentary charcoal","Data Sourcing: GCDv4","Sample Age Source: GCDv4"
"841",38,"charcoal | <100um num",NA,110.5,NA,NA,3213.83,NA,NA,"GCDv4","Charcoal (sum)","<100 µm",NA,100,"True","False","number","Microscopic charcoal (pollen slide)","direct",NA,"CHAR",14946,NA,NA,"quant_raw",0.3,"volume","cm^3","RPDv1b","1701","charcoal","count","microchar","pollen_slide","particle","<100um num",NA,"<100um","num","RPDv1b","measured",1,"RPDv1b","ELEMENT=<100 µm","Ribeira do Farelo and Ribeira da Torre",37.151969,-8.594376,0.6,"north","Portugal",NA,"sedfluv",841,1,2016,"Schneider, H., Höfer, D., Trog, C., Mäusbacher, R., 2016. Holocene landscape development along the Portuguese Algarve coast – A high resolution palynological approach. Quaternary International 407, 47–63.","Holocene landscape development along the Portuguese Algarve coast - A high resolution palynological approach","Quaternary International",407,NA,"47-63",NA,"10.1016/j.quaint.2016.02.039",NA,NA,NA,NA,NA,NA,NA,NA,NA,NA,NA,NA,NA,"RPDv1b:1701|RPDv1b:1702",841,"Schneider, M.",1,"Schneider","M.",NA,NA,NA,NA,NA,NA,NA,NA,NA,"RPDv1b:1701",841,"RPDv1b",1702,13716,73,0.73,"m",0.06,"AMS","charcoal",2340,40,NA,NA,"Beta-248342",TRUE,NA,"-888888 Date is in uncalibrated radiocarbon years.","Ribeira do Farelo and Ribeira da Torre_POLLENSLIDE","counted","NaN-100",NA,NA,"",2340,2300,2380,2340,73,0.06,"-888888 Date is in uncalibrated radiocarbon years.",". Cal curve: NA. Source DB: RPDv1b","Fluvial","Carbon-14","Radiocarbon",-23.93478,7405.521,"Calibrated radiocarbon years BP","sedimentary charcoal","Data Sourcing: RPDv1b","Sample Age Source: GCDv4"
"841",38,"charcoal | >100um num",NA,110.5,NA,NA,3213.83,NA,NA,"GCDv4","Charcoal (sum)",">100 µm",100,NA,"False","True","number","Microscopic charcoal (pollen slide)","direct",NA,"CHAR",221,NA,NA,"quant_raw",0.3,"volume","cm^3","RPDv1b","1702","charcoal","count","unspec","pollen_slide","particle",">100um num",NA,">100um","num","RPDv1b","measured",1,"RPDv1b","ELEMENT=>100 µm","Ribeira do Farelo and Ribeira da Torre",37.151969,-8.594376,0.6,"north","Portugal",NA,"sedfluv",841,1,2016,"Schneider, H., Höfer, D., Trog, C., Mäusbacher, R., 2016. Holocene landscape development along the Portuguese Algarve coast – A high resolution palynological approach. Quaternary International 407, 47–63.","Holocene landscape development along the Portuguese Algarve coast - A high resolution palynological approach","Quaternary International",407,NA,"47-63",NA,"10.1016/j.quaint.2016.02.039",NA,NA,NA,NA,NA,NA,NA,NA,NA,NA,NA,NA,NA,"RPDv1b:1701|RPDv1b:1702",841,"Schneider, M.",1,"Schneider","M.",NA,NA,NA,NA,NA,NA,NA,NA,NA,"RPDv1b:1701",841,"RPDv1b",1702,13716,73,0.73,"m",0.06,"AMS","charcoal",2340,40,NA,NA,"Beta-248342",TRUE,NA,"-888888 Date is in uncalibrated radiocarbon years.","Ribeira do Farelo and Ribeira da Torre_POLLENSLIDE","counted","100-NaN",NA,NA,"",2340,2300,2380,2340,73,0.06,"-888888 Date is in uncalibrated radiocarbon years.",". Cal curve: NA. Source DB: RPDv1b","Fluvial","Carbon-14","Radiocarbon",-23.93478,7405.521,"Calibrated radiocarbon years BP","sedimentary charcoal","Data Sourcing: RPDv1b","Sample Age Source: GCDv4"
"841",38,"charcoal | num cm-2 yr-1",NA,110.5,NA,NA,3213.83,NA,NA,"GCDv4","Charcoal (sum)","(additional options)",NA,NA,"False","False","number cm-2 yr-1","Microscopic charcoal (pollen slide)","direct",NA,"CHAR",5990293.49220751,NA,NA,"quant_influx",NA,"","","GCDv4","GCDv4_1153","charcoal","count","unspec","pollen_slide","particle","num cm-2 yr-1",NA,"no_size","num cm-2 yr-1","RPDv1b","measured",1,"GCDv4","","Ribeira do Farelo and Ribeira da Torre",37.151969,-8.594376,0.6,"north","Portugal",NA,"sedfluv",841,1,2016,"Schneider, H., Höfer, D., Trog, C., Mäusbacher, R., 2016. Holocene landscape development along the Portuguese Algarve coast – A high resolution palynological approach. Quaternary International 407, 47–63.","Holocene landscape development along the Portuguese Algarve coast - A high resolution palynological approach","Quaternary International",407,NA,"47-63",NA,"10.1016/j.quaint.2016.02.039",NA,NA,NA,NA,NA,NA,NA,NA,NA,NA,NA,NA,NA,"RPDv1b:1701|RPDv1b:1702",841,"Schneider, M.",1,"Schneider","M.",NA,NA,NA,NA,NA,NA,NA,NA,NA,"RPDv1b:1701",841,"RPDv1b",1702,13716,73,0.73,"m",0.06,"AMS","charcoal",2340,40,NA,NA,"Beta-248342",TRUE,NA,"-888888 Date is in uncalibrated radiocarbon years.","Ribeira do Farelo and Ribeira da Torre_POLLENSLIDE",NA,NA,NA,NA,NA,2340,2300,2380,2340,73,0.06,"-888888 Date is in uncalibrated radiocarbon years.",". Cal curve: NA. Source DB: RPDv1b","Fluvial","Carbon-14","Radiocarbon",-23.93478,7405.521,"Calibrated radiocarbon years BP","sedimentary charcoal","Data Sourcing: GCDv4","Sample Age Source: GCDv4"
"841",39,"charcoal | <100um num",NA,118.5,NA,NA,3379.894,NA,NA,"GCDv4","Charcoal (sum)","<100 µm",NA,100,"True","False","number","Microscopic charcoal (pollen slide)","direct",NA,"CHAR",18953,NA,NA,"quant_raw",0.3,"volume","cm^3","RPDv1b","1701","charcoal","count","microchar","pollen_slide","particle","<100um num",NA,"<100um","num","RPDv1b","measured",1,"RPDv1b","ELEMENT=<100 µm","Ribeira do Farelo and Ribeira da Torre",37.151969,-8.594376,0.6,"north","Portugal",NA,"sedfluv",841,1,2016,"Schneider, H., Höfer, D., Trog, C., Mäusbacher, R., 2016. Holocene landscape development along the Portuguese Algarve coast – A high resolution palynological approach. Quaternary International 407, 47–63.","Holocene landscape development along the Portuguese Algarve coast - A high resolution palynological approach","Quaternary International",407,NA,"47-63",NA,"10.1016/j.quaint.2016.02.039",NA,NA,NA,NA,NA,NA,NA,NA,NA,NA,NA,NA,NA,"RPDv1b:1701|RPDv1b:1702",841,"Schneider, M.",1,"Schneider","M.",NA,NA,NA,NA,NA,NA,NA,NA,NA,"RPDv1b:1701",841,"RPDv1b",1702,13716,73,0.73,"m",0.06,"AMS","charcoal",2340,40,NA,NA,"Beta-248342",TRUE,NA,"-888888 Date is in uncalibrated radiocarbon years.","Ribeira do Farelo and Ribeira da Torre_POLLENSLIDE","counted","NaN-100",NA,NA,"",2340,2300,2380,2340,73,0.06,"-888888 Date is in uncalibrated radiocarbon years.",". Cal curve: NA. Source DB: RPDv1b","Fluvial","Carbon-14","Radiocarbon",-23.93478,7405.521,"Calibrated radiocarbon years BP","sedimentary charcoal","Data Sourcing: RPDv1b","Sample Age Source: GCDv4"
"841",39,"charcoal | >100um num",NA,118.5,NA,NA,3379.894,NA,NA,"GCDv4","Charcoal (sum)",">100 µm",100,NA,"False","True","number","Microscopic charcoal (pollen slide)","direct",NA,"CHAR",101,NA,NA,"quant_raw",0.3,"volume","cm^3","RPDv1b","1702","charcoal","count","unspec","pollen_slide","particle",">100um num",NA,">100um","num","RPDv1b","measured",1,"RPDv1b","ELEMENT=>100 µm","Ribeira do Farelo and Ribeira da Torre",37.151969,-8.594376,0.6,"north","Portugal",NA,"sedfluv",841,1,2016,"Schneider, H., Höfer, D., Trog, C., Mäusbacher, R., 2016. Holocene landscape development along the Portuguese Algarve coast – A high resolution palynological approach. Quaternary International 407, 47–63.","Holocene landscape development along the Portuguese Algarve coast - A high resolution palynological approach","Quaternary International",407,NA,"47-63",NA,"10.1016/j.quaint.2016.02.039",NA,NA,NA,NA,NA,NA,NA,NA,NA,NA,NA,NA,NA,"RPDv1b:1701|RPDv1b:1702",841,"Schneider, M.",1,"Schneider","M.",NA,NA,NA,NA,NA,NA,NA,NA,NA,"RPDv1b:1701",841,"RPDv1b",1702,13716,73,0.73,"m",0.06,"AMS","charcoal",2340,40,NA,NA,"Beta-248342",TRUE,NA,"-888888 Date is in uncalibrated radiocarbon years.","Ribeira do Farelo and Ribeira da Torre_POLLENSLIDE","counted","100-NaN",NA,NA,"",2340,2300,2380,2340,73,0.06,"-888888 Date is in uncalibrated radiocarbon years.",". Cal curve: NA. Source DB: RPDv1b","Fluvial","Carbon-14","Radiocarbon",-23.93478,7405.521,"Calibrated radiocarbon years BP","sedimentary charcoal","Data Sourcing: RPDv1b","Sample Age Source: GCDv4"
"841",39,"charcoal | num cm-2 yr-1",NA,118.5,NA,NA,3379.894,NA,NA,"GCDv4","Charcoal (sum)","(additional options)",NA,NA,"False","False","number cm-2 yr-1","Microscopic charcoal (pollen slide)","direct",NA,"CHAR",5150950.023994,NA,NA,"quant_influx",NA,"","","GCDv4","GCDv4_1153","charcoal","count","unspec","pollen_slide","particle","num cm-2 yr-1",NA,"no_size","num cm-2 yr-1","RPDv1b","measured",1,"GCDv4","","Ribeira do Farelo and Ribeira da Torre",37.151969,-8.594376,0.6,"north","Portugal",NA,"sedfluv",841,1,2016,"Schneider, H., Höfer, D., Trog, C., Mäusbacher, R., 2016. Holocene landscape development along the Portuguese Algarve coast – A high resolution palynological approach. Quaternary International 407, 47–63.","Holocene landscape development along the Portuguese Algarve coast - A high resolution palynological approach","Quaternary International",407,NA,"47-63",NA,"10.1016/j.quaint.2016.02.039",NA,NA,NA,NA,NA,NA,NA,NA,NA,NA,NA,NA,NA,"RPDv1b:1701|RPDv1b:1702",841,"Schneider, M.",1,"Schneider","M.",NA,NA,NA,NA,NA,NA,NA,NA,NA,"RPDv1b:1701",841,"RPDv1b",1702,13716,73,0.73,"m",0.06,"AMS","charcoal",2340,40,NA,NA,"Beta-248342",TRUE,NA,"-888888 Date is in uncalibrated radiocarbon years.","Ribeira do Farelo and Ribeira da Torre_POLLENSLIDE",NA,NA,NA,NA,NA,2340,2300,2380,2340,73,0.06,"-888888 Date is in uncalibrated radiocarbon years.",". Cal curve: NA. Source DB: RPDv1b","Fluvial","Carbon-14","Radiocarbon",-23.93478,7405.521,"Calibrated radiocarbon years BP","sedimentary charcoal","Data Sourcing: GCDv4","Sample Age Source: GCDv4"
"841",40,"charcoal | <100um num",NA,126.5,NA,NA,3499.042,NA,NA,"GCDv4","Charcoal (sum)","<100 µm",NA,100,"True","False","number","Microscopic charcoal (pollen slide)","direct",NA,"CHAR",28205,NA,NA,"quant_raw",0.3,"volume","cm^3","RPDv1b","1701","charcoal","count","microchar","pollen_slide","particle","<100um num",NA,"<100um","num","RPDv1b","measured",1,"RPDv1b","ELEMENT=<100 µm","Ribeira do Farelo and Ribeira da Torre",37.151969,-8.594376,0.6,"north","Portugal",NA,"sedfluv",841,1,2016,"Schneider, H., Höfer, D., Trog, C., Mäusbacher, R., 2016. Holocene landscape development along the Portuguese Algarve coast – A high resolution palynological approach. Quaternary International 407, 47–63.","Holocene landscape development along the Portuguese Algarve coast - A high resolution palynological approach","Quaternary International",407,NA,"47-63",NA,"10.1016/j.quaint.2016.02.039",NA,NA,NA,NA,NA,NA,NA,NA,NA,NA,NA,NA,NA,"RPDv1b:1701|RPDv1b:1702",841,"Schneider, M.",1,"Schneider","M.",NA,NA,NA,NA,NA,NA,NA,NA,NA,"RPDv1b:1701",841,"RPDv1b",1702,13717,117.5,1.175,"m",0.05,"AMS","charcoal",3130,40,NA,NA,"Beta-248343",TRUE,NA,"-888888 Date is in uncalibrated radiocarbon years.","Ribeira do Farelo and Ribeira da Torre_POLLENSLIDE","counted","NaN-100",NA,NA,"",3130,3090,3170,3130,117.5,0.05,"-888888 Date is in uncalibrated radiocarbon years.",". Cal curve: NA. Source DB: RPDv1b","Fluvial","Carbon-14","Radiocarbon",-23.93478,7405.521,"Calibrated radiocarbon years BP","sedimentary charcoal","Data Sourcing: RPDv1b","Sample Age Source: GCDv4"
"841",40,"charcoal | >100um num",NA,126.5,NA,NA,3499.042,NA,NA,"GCDv4","Charcoal (sum)",">100 µm",100,NA,"False","True","number","Microscopic charcoal (pollen slide)","direct",NA,"CHAR",485,NA,NA,"quant_raw",0.3,"volume","cm^3","RPDv1b","1702","charcoal","count","unspec","pollen_slide","particle",">100um num",NA,">100um","num","RPDv1b","measured",1,"RPDv1b","ELEMENT=>100 µm","Ribeira do Farelo and Ribeira da Torre",37.151969,-8.594376,0.6,"north","Portugal",NA,"sedfluv",841,1,2016,"Schneider, H., Höfer, D., Trog, C., Mäusbacher, R., 2016. Holocene landscape development along the Portuguese Algarve coast – A high resolution palynological approach. Quaternary International 407, 47–63.","Holocene landscape development along the Portuguese Algarve coast - A high resolution palynological approach","Quaternary International",407,NA,"47-63",NA,"10.1016/j.quaint.2016.02.039",NA,NA,NA,NA,NA,NA,NA,NA,NA,NA,NA,NA,NA,"RPDv1b:1701|RPDv1b:1702",841,"Schneider, M.",1,"Schneider","M.",NA,NA,NA,NA,NA,NA,NA,NA,NA,"RPDv1b:1701",841,"RPDv1b",1702,13717,117.5,1.175,"m",0.05,"AMS","charcoal",3130,40,NA,NA,"Beta-248343",TRUE,NA,"-888888 Date is in uncalibrated radiocarbon years.","Ribeira do Farelo and Ribeira da Torre_POLLENSLIDE","counted","100-NaN",NA,NA,"",3130,3090,3170,3130,117.5,0.05,"-888888 Date is in uncalibrated radiocarbon years.",". Cal curve: NA. Source DB: RPDv1b","Fluvial","Carbon-14","Radiocarbon",-23.93478,7405.521,"Calibrated radiocarbon years BP","sedimentary charcoal","Data Sourcing: RPDv1b","Sample Age Source: GCDv4"
"841",40,"charcoal | num cm-2 yr-1",NA,126.5,NA,NA,3499.042,NA,NA,"GCDv4","Charcoal (sum)","(additional options)",NA,NA,"False","False","number cm-2 yr-1","Microscopic charcoal (pollen slide)","direct",NA,"CHAR",8020653.83206772,NA,NA,"quant_influx",NA,"","","GCDv4","GCDv4_1153","charcoal","count","unspec","pollen_slide","particle","num cm-2 yr-1",NA,"no_size","num cm-2 yr-1","RPDv1b","measured",1,"GCDv4","","Ribeira do Farelo and Ribeira da Torre",37.151969,-8.594376,0.6,"north","Portugal",NA,"sedfluv",841,1,2016,"Schneider, H., Höfer, D., Trog, C., Mäusbacher, R., 2016. Holocene landscape development along the Portuguese Algarve coast – A high resolution palynological approach. Quaternary International 407, 47–63.","Holocene landscape development along the Portuguese Algarve coast - A high resolution palynological approach","Quaternary International",407,NA,"47-63",NA,"10.1016/j.quaint.2016.02.039",NA,NA,NA,NA,NA,NA,NA,NA,NA,NA,NA,NA,NA,"RPDv1b:1701|RPDv1b:1702",841,"Schneider, M.",1,"Schneider","M.",NA,NA,NA,NA,NA,NA,NA,NA,NA,"RPDv1b:1701",841,"RPDv1b",1702,13717,117.5,1.175,"m",0.05,"AMS","charcoal",3130,40,NA,NA,"Beta-248343",TRUE,NA,"-888888 Date is in uncalibrated radiocarbon years.","Ribeira do Farelo and Ribeira da Torre_POLLENSLIDE",NA,NA,NA,NA,NA,3130,3090,3170,3130,117.5,0.05,"-888888 Date is in uncalibrated radiocarbon years.",". Cal curve: NA. Source DB: RPDv1b","Fluvial","Carbon-14","Radiocarbon",-23.93478,7405.521,"Calibrated radiocarbon years BP","sedimentary charcoal","Data Sourcing: GCDv4","Sample Age Source: GCDv4"
"841",41,"charcoal | <100um num",NA,134.5,NA,NA,3618.191,NA,NA,"GCDv4","Charcoal (sum)","<100 µm",NA,100,"True","False","number","Microscopic charcoal (pollen slide)","direct",NA,"CHAR",4912,NA,NA,"quant_raw",0.3,"volume","cm^3","RPDv1b","1701","charcoal","count","microchar","pollen_slide","particle","<100um num",NA,"<100um","num","RPDv1b","measured",1,"RPDv1b","ELEMENT=<100 µm","Ribeira do Farelo and Ribeira da Torre",37.151969,-8.594376,0.6,"north","Portugal",NA,"sedfluv",841,1,2016,"Schneider, H., Höfer, D., Trog, C., Mäusbacher, R., 2016. Holocene landscape development along the Portuguese Algarve coast – A high resolution palynological approach. Quaternary International 407, 47–63.","Holocene landscape development along the Portuguese Algarve coast - A high resolution palynological approach","Quaternary International",407,NA,"47-63",NA,"10.1016/j.quaint.2016.02.039",NA,NA,NA,NA,NA,NA,NA,NA,NA,NA,NA,NA,NA,"RPDv1b:1701|RPDv1b:1702",841,"Schneider, M.",1,"Schneider","M.",NA,NA,NA,NA,NA,NA,NA,NA,NA,"RPDv1b:1701",841,"RPDv1b",1702,13717,117.5,1.175,"m",0.05,"AMS","charcoal",3130,40,NA,NA,"Beta-248343",TRUE,NA,"-888888 Date is in uncalibrated radiocarbon years.","Ribeira do Farelo and Ribeira da Torre_POLLENSLIDE","counted","NaN-100",NA,NA,"",3130,3090,3170,3130,117.5,0.05,"-888888 Date is in uncalibrated radiocarbon years.",". Cal curve: NA. Source DB: RPDv1b","Fluvial","Carbon-14","Radiocarbon",-23.93478,7405.521,"Calibrated radiocarbon years BP","sedimentary charcoal","Data Sourcing: RPDv1b","Sample Age Source: GCDv4"
"841",41,"charcoal | >100um num",NA,134.5,NA,NA,3618.191,NA,NA,"GCDv4","Charcoal (sum)",">100 µm",100,NA,"False","True","number","Microscopic charcoal (pollen slide)","direct",NA,"CHAR",114,NA,NA,"quant_raw",0.3,"volume","cm^3","RPDv1b","1702","charcoal","count","unspec","pollen_slide","particle",">100um num",NA,">100um","num","RPDv1b","measured",1,"RPDv1b","ELEMENT=>100 µm","Ribeira do Farelo and Ribeira da Torre",37.151969,-8.594376,0.6,"north","Portugal",NA,"sedfluv",841,1,2016,"Schneider, H., Höfer, D., Trog, C., Mäusbacher, R., 2016. Holocene landscape development along the Portuguese Algarve coast – A high resolution palynological approach. Quaternary International 407, 47–63.","Holocene landscape development along the Portuguese Algarve coast - A high resolution palynological approach","Quaternary International",407,NA,"47-63",NA,"10.1016/j.quaint.2016.02.039",NA,NA,NA,NA,NA,NA,NA,NA,NA,NA,NA,NA,NA,"RPDv1b:1701|RPDv1b:1702",841,"Schneider, M.",1,"Schneider","M.",NA,NA,NA,NA,NA,NA,NA,NA,NA,"RPDv1b:1701",841,"RPDv1b",1702,13717,117.5,1.175,"m",0.05,"AMS","charcoal",3130,40,NA,NA,"Beta-248343",TRUE,NA,"-888888 Date is in uncalibrated radiocarbon years.","Ribeira do Farelo and Ribeira da Torre_POLLENSLIDE","counted","100-NaN",NA,NA,"",3130,3090,3170,3130,117.5,0.05,"-888888 Date is in uncalibrated radiocarbon years.",". Cal curve: NA. Source DB: RPDv1b","Fluvial","Carbon-14","Radiocarbon",-23.93478,7405.521,"Calibrated radiocarbon years BP","sedimentary charcoal","Data Sourcing: RPDv1b","Sample Age Source: GCDv4"
"841",41,"charcoal | num cm-2 yr-1",NA,134.5,NA,NA,3618.191,NA,NA,"GCDv4","Charcoal (sum)","(additional options)",NA,NA,"False","False","number cm-2 yr-1","Microscopic charcoal (pollen slide)","direct",NA,"CHAR",12600026.9773834,NA,NA,"quant_influx",NA,"","","GCDv4","GCDv4_1153","charcoal","count","unspec","pollen_slide","particle","num cm-2 yr-1",NA,"no_size","num cm-2 yr-1","RPDv1b","measured",1,"GCDv4","","Ribeira do Farelo and Ribeira da Torre",37.151969,-8.594376,0.6,"north","Portugal",NA,"sedfluv",841,1,2016,"Schneider, H., Höfer, D., Trog, C., Mäusbacher, R., 2016. Holocene landscape development along the Portuguese Algarve coast – A high resolution palynological approach. Quaternary International 407, 47–63.","Holocene landscape development along the Portuguese Algarve coast - A high resolution palynological approach","Quaternary International",407,NA,"47-63",NA,"10.1016/j.quaint.2016.02.039",NA,NA,NA,NA,NA,NA,NA,NA,NA,NA,NA,NA,NA,"RPDv1b:1701|RPDv1b:1702",841,"Schneider, M.",1,"Schneider","M.",NA,NA,NA,NA,NA,NA,NA,NA,NA,"RPDv1b:1701",841,"RPDv1b",1702,13717,117.5,1.175,"m",0.05,"AMS","charcoal",3130,40,NA,NA,"Beta-248343",TRUE,NA,"-888888 Date is in uncalibrated radiocarbon years.","Ribeira do Farelo and Ribeira da Torre_POLLENSLIDE",NA,NA,NA,NA,NA,3130,3090,3170,3130,117.5,0.05,"-888888 Date is in uncalibrated radiocarbon years.",". Cal curve: NA. Source DB: RPDv1b","Fluvial","Carbon-14","Radiocarbon",-23.93478,7405.521,"Calibrated radiocarbon years BP","sedimentary charcoal","Data Sourcing: GCDv4","Sample Age Source: GCDv4"
"841",42,"charcoal | <100um num",NA,138.5,NA,NA,3677.766,NA,NA,"GCDv4","Charcoal (sum)","<100 µm",NA,100,"True","False","number","Microscopic charcoal (pollen slide)","direct",NA,"CHAR",12240,NA,NA,"quant_raw",0.3,"volume","cm^3","RPDv1b","1701","charcoal","count","microchar","pollen_slide","particle","<100um num",NA,"<100um","num","RPDv1b","measured",1,"RPDv1b","ELEMENT=<100 µm","Ribeira do Farelo and Ribeira da Torre",37.151969,-8.594376,0.6,"north","Portugal",NA,"sedfluv",841,1,2016,"Schneider, H., Höfer, D., Trog, C., Mäusbacher, R., 2016. Holocene landscape development along the Portuguese Algarve coast – A high resolution palynological approach. Quaternary International 407, 47–63.","Holocene landscape development along the Portuguese Algarve coast - A high resolution palynological approach","Quaternary International",407,NA,"47-63",NA,"10.1016/j.quaint.2016.02.039",NA,NA,NA,NA,NA,NA,NA,NA,NA,NA,NA,NA,NA,"RPDv1b:1701|RPDv1b:1702",841,"Schneider, M.",1,"Schneider","M.",NA,NA,NA,NA,NA,NA,NA,NA,NA,"RPDv1b:1701",841,"RPDv1b",1702,13717,117.5,1.175,"m",0.05,"AMS","charcoal",3130,40,NA,NA,"Beta-248343",TRUE,NA,"-888888 Date is in uncalibrated radiocarbon years.","Ribeira do Farelo and Ribeira da Torre_POLLENSLIDE","counted","NaN-100",NA,NA,"",3130,3090,3170,3130,117.5,0.05,"-888888 Date is in uncalibrated radiocarbon years.",". Cal curve: NA. Source DB: RPDv1b","Fluvial","Carbon-14","Radiocarbon",-23.93478,7405.521,"Calibrated radiocarbon years BP","sedimentary charcoal","Data Sourcing: RPDv1b","Sample Age Source: GCDv4"
"841",42,"charcoal | >100um num",NA,138.5,NA,NA,3677.766,NA,NA,"GCDv4","Charcoal (sum)",">100 µm",100,NA,"False","True","number","Microscopic charcoal (pollen slide)","direct",NA,"CHAR",119,NA,NA,"quant_raw",0.3,"volume","cm^3","RPDv1b","1702","charcoal","count","unspec","pollen_slide","particle",">100um num",NA,">100um","num","RPDv1b","measured",1,"RPDv1b","ELEMENT=>100 µm","Ribeira do Farelo and Ribeira da Torre",37.151969,-8.594376,0.6,"north","Portugal",NA,"sedfluv",841,1,2016,"Schneider, H., Höfer, D., Trog, C., Mäusbacher, R., 2016. Holocene landscape development along the Portuguese Algarve coast – A high resolution palynological approach. Quaternary International 407, 47–63.","Holocene landscape development along the Portuguese Algarve coast - A high resolution palynological approach","Quaternary International",407,NA,"47-63",NA,"10.1016/j.quaint.2016.02.039",NA,NA,NA,NA,NA,NA,NA,NA,NA,NA,NA,NA,NA,"RPDv1b:1701|RPDv1b:1702",841,"Schneider, M.",1,"Schneider","M.",NA,NA,NA,NA,NA,NA,NA,NA,NA,"RPDv1b:1701",841,"RPDv1b",1702,13717,117.5,1.175,"m",0.05,"AMS","charcoal",3130,40,NA,NA,"Beta-248343",TRUE,NA,"-888888 Date is in uncalibrated radiocarbon years.","Ribeira do Farelo and Ribeira da Torre_POLLENSLIDE","counted","100-NaN",NA,NA,"",3130,3090,3170,3130,117.5,0.05,"-888888 Date is in uncalibrated radiocarbon years.",". Cal curve: NA. Source DB: RPDv1b","Fluvial","Carbon-14","Radiocarbon",-23.93478,7405.521,"Calibrated radiocarbon years BP","sedimentary charcoal","Data Sourcing: RPDv1b","Sample Age Source: GCDv4"
"841",42,"charcoal | num cm-2 yr-1",NA,138.5,NA,NA,3677.766,NA,NA,"GCDv4","Charcoal (sum)","(additional options)",NA,NA,"False","False","number cm-2 yr-1","Microscopic charcoal (pollen slide)","direct",NA,"CHAR",12668809.6149655,NA,NA,"quant_influx",NA,"","","GCDv4","GCDv4_1153","charcoal","count","unspec","pollen_slide","particle","num cm-2 yr-1",NA,"no_size","num cm-2 yr-1","RPDv1b","measured",1,"GCDv4","","Ribeira do Farelo and Ribeira da Torre",37.151969,-8.594376,0.6,"north","Portugal",NA,"sedfluv",841,1,2016,"Schneider, H., Höfer, D., Trog, C., Mäusbacher, R., 2016. Holocene landscape development along the Portuguese Algarve coast – A high resolution palynological approach. Quaternary International 407, 47–63.","Holocene landscape development along the Portuguese Algarve coast - A high resolution palynological approach","Quaternary International",407,NA,"47-63",NA,"10.1016/j.quaint.2016.02.039",NA,NA,NA,NA,NA,NA,NA,NA,NA,NA,NA,NA,NA,"RPDv1b:1701|RPDv1b:1702",841,"Schneider, M.",1,"Schneider","M.",NA,NA,NA,NA,NA,NA,NA,NA,NA,"RPDv1b:1701",841,"RPDv1b",1702,13717,117.5,1.175,"m",0.05,"AMS","charcoal",3130,40,NA,NA,"Beta-248343",TRUE,NA,"-888888 Date is in uncalibrated radiocarbon years.","Ribeira do Farelo and Ribeira da Torre_POLLENSLIDE",NA,NA,NA,NA,NA,3130,3090,3170,3130,117.5,0.05,"-888888 Date is in uncalibrated radiocarbon years.",". Cal curve: NA. Source DB: RPDv1b","Fluvial","Carbon-14","Radiocarbon",-23.93478,7405.521,"Calibrated radiocarbon years BP","sedimentary charcoal","Data Sourcing: GCDv4","Sample Age Source: GCDv4"
"841",43,"charcoal | <100um num",NA,142.5,NA,NA,3737.34,NA,NA,"GCDv4","Charcoal (sum)","<100 µm",NA,100,"True","False","number","Microscopic charcoal (pollen slide)","direct",NA,"CHAR",20081,NA,NA,"quant_raw",0.3,"volume","cm^3","RPDv1b","1701","charcoal","count","microchar","pollen_slide","particle","<100um num",NA,"<100um","num","RPDv1b","measured",1,"RPDv1b","ELEMENT=<100 µm","Ribeira do Farelo and Ribeira da Torre",37.151969,-8.594376,0.6,"north","Portugal",NA,"sedfluv",841,1,2016,"Schneider, H., Höfer, D., Trog, C., Mäusbacher, R., 2016. Holocene landscape development along the Portuguese Algarve coast – A high resolution palynological approach. Quaternary International 407, 47–63.","Holocene landscape development along the Portuguese Algarve coast - A high resolution palynological approach","Quaternary International",407,NA,"47-63",NA,"10.1016/j.quaint.2016.02.039",NA,NA,NA,NA,NA,NA,NA,NA,NA,NA,NA,NA,NA,"RPDv1b:1701|RPDv1b:1702",841,"Schneider, M.",1,"Schneider","M.",NA,NA,NA,NA,NA,NA,NA,NA,NA,"RPDv1b:1701",841,"RPDv1b",1702,13717,117.5,1.175,"m",0.05,"AMS","charcoal",3130,40,NA,NA,"Beta-248343",TRUE,NA,"-888888 Date is in uncalibrated radiocarbon years.","Ribeira do Farelo and Ribeira da Torre_POLLENSLIDE","counted","NaN-100",NA,NA,"",3130,3090,3170,3130,117.5,0.05,"-888888 Date is in uncalibrated radiocarbon years.",". Cal curve: NA. Source DB: RPDv1b","Fluvial","Carbon-14","Radiocarbon",-23.93478,7405.521,"Calibrated radiocarbon years BP","sedimentary charcoal","Data Sourcing: RPDv1b","Sample Age Source: GCDv4"
"841",43,"charcoal | >100um num",NA,142.5,NA,NA,3737.34,NA,NA,"GCDv4","Charcoal (sum)",">100 µm",100,NA,"False","True","number","Microscopic charcoal (pollen slide)","direct",NA,"CHAR",146,NA,NA,"quant_raw",0.3,"volume","cm^3","RPDv1b","1702","charcoal","count","unspec","pollen_slide","particle",">100um num",NA,">100um","num","RPDv1b","measured",1,"RPDv1b","ELEMENT=>100 µm","Ribeira do Farelo and Ribeira da Torre",37.151969,-8.594376,0.6,"north","Portugal",NA,"sedfluv",841,1,2016,"Schneider, H., Höfer, D., Trog, C., Mäusbacher, R., 2016. Holocene landscape development along the Portuguese Algarve coast – A high resolution palynological approach. Quaternary International 407, 47–63.","Holocene landscape development along the Portuguese Algarve coast - A high resolution palynological approach","Quaternary International",407,NA,"47-63",NA,"10.1016/j.quaint.2016.02.039",NA,NA,NA,NA,NA,NA,NA,NA,NA,NA,NA,NA,NA,"RPDv1b:1701|RPDv1b:1702",841,"Schneider, M.",1,"Schneider","M.",NA,NA,NA,NA,NA,NA,NA,NA,NA,"RPDv1b:1701",841,"RPDv1b",1702,13717,117.5,1.175,"m",0.05,"AMS","charcoal",3130,40,NA,NA,"Beta-248343",TRUE,NA,"-888888 Date is in uncalibrated radiocarbon years.","Ribeira do Farelo and Ribeira da Torre_POLLENSLIDE","counted","100-NaN",NA,NA,"",3130,3090,3170,3130,117.5,0.05,"-888888 Date is in uncalibrated radiocarbon years.",". Cal curve: NA. Source DB: RPDv1b","Fluvial","Carbon-14","Radiocarbon",-23.93478,7405.521,"Calibrated radiocarbon years BP","sedimentary charcoal","Data Sourcing: RPDv1b","Sample Age Source: GCDv4"
"841",43,"charcoal | num cm-2 yr-1",NA,142.5,NA,NA,3737.34,NA,NA,"GCDv4","Charcoal (sum)","(additional options)",NA,NA,"False","False","number cm-2 yr-1","Microscopic charcoal (pollen slide)","direct",NA,"CHAR",6533809.0149174,NA,NA,"quant_influx",NA,"","","GCDv4","GCDv4_1153","charcoal","count","unspec","pollen_slide","particle","num cm-2 yr-1",NA,"no_size","num cm-2 yr-1","RPDv1b","measured",1,"GCDv4","","Ribeira do Farelo and Ribeira da Torre",37.151969,-8.594376,0.6,"north","Portugal",NA,"sedfluv",841,1,2016,"Schneider, H., Höfer, D., Trog, C., Mäusbacher, R., 2016. Holocene landscape development along the Portuguese Algarve coast – A high resolution palynological approach. Quaternary International 407, 47–63.","Holocene landscape development along the Portuguese Algarve coast - A high resolution palynological approach","Quaternary International",407,NA,"47-63",NA,"10.1016/j.quaint.2016.02.039",NA,NA,NA,NA,NA,NA,NA,NA,NA,NA,NA,NA,NA,"RPDv1b:1701|RPDv1b:1702",841,"Schneider, M.",1,"Schneider","M.",NA,NA,NA,NA,NA,NA,NA,NA,NA,"RPDv1b:1701",841,"RPDv1b",1702,13717,117.5,1.175,"m",0.05,"AMS","charcoal",3130,40,NA,NA,"Beta-248343",TRUE,NA,"-888888 Date is in uncalibrated radiocarbon years.","Ribeira do Farelo and Ribeira da Torre_POLLENSLIDE",NA,NA,NA,NA,NA,3130,3090,3170,3130,117.5,0.05,"-888888 Date is in uncalibrated radiocarbon years.",". Cal curve: NA. Source DB: RPDv1b","Fluvial","Carbon-14","Radiocarbon",-23.93478,7405.521,"Calibrated radiocarbon years BP","sedimentary charcoal","Data Sourcing: GCDv4","Sample Age Source: GCDv4"
"841",44,"charcoal | <100um num",NA,150.5,NA,NA,3856.489,NA,NA,"GCDv4","Charcoal (sum)","<100 µm",NA,100,"True","False","number","Microscopic charcoal (pollen slide)","direct",NA,"CHAR",21384,NA,NA,"quant_raw",0.3,"volume","cm^3","RPDv1b","1701","charcoal","count","microchar","pollen_slide","particle","<100um num",NA,"<100um","num","RPDv1b","measured",1,"RPDv1b","ELEMENT=<100 µm","Ribeira do Farelo and Ribeira da Torre",37.151969,-8.594376,0.6,"north","Portugal",NA,"sedfluv",841,1,2016,"Schneider, H., Höfer, D., Trog, C., Mäusbacher, R., 2016. Holocene landscape development along the Portuguese Algarve coast – A high resolution palynological approach. Quaternary International 407, 47–63.","Holocene landscape development along the Portuguese Algarve coast - A high resolution palynological approach","Quaternary International",407,NA,"47-63",NA,"10.1016/j.quaint.2016.02.039",NA,NA,NA,NA,NA,NA,NA,NA,NA,NA,NA,NA,NA,"RPDv1b:1701|RPDv1b:1702",841,"Schneider, M.",1,"Schneider","M.",NA,NA,NA,NA,NA,NA,NA,NA,NA,"RPDv1b:1701",841,"RPDv1b",1702,13718,136.5,1.365,"m",0.01,"AMS","charcoal",3040,40,NA,NA,"Beta-248344",TRUE,NA,"-888888 Date is in uncalibrated radiocarbon years.","Ribeira do Farelo and Ribeira da Torre_POLLENSLIDE","counted","NaN-100",NA,NA,"",3040,3000,3080,3040,136.5,0.01,"-888888 Date is in uncalibrated radiocarbon years.",". Cal curve: NA. Source DB: RPDv1b","Fluvial","Carbon-14","Radiocarbon",-23.93478,7405.521,"Calibrated radiocarbon years BP","sedimentary charcoal","Data Sourcing: RPDv1b","Sample Age Source: GCDv4"
"841",44,"charcoal | >100um num",NA,150.5,NA,NA,3856.489,NA,NA,"GCDv4","Charcoal (sum)",">100 µm",100,NA,"False","True","number","Microscopic charcoal (pollen slide)","direct",NA,"CHAR",158,NA,NA,"quant_raw",0.3,"volume","cm^3","RPDv1b","1702","charcoal","count","unspec","pollen_slide","particle",">100um num",NA,">100um","num","RPDv1b","measured",1,"RPDv1b","ELEMENT=>100 µm","Ribeira do Farelo and Ribeira da Torre",37.151969,-8.594376,0.6,"north","Portugal",NA,"sedfluv",841,1,2016,"Schneider, H., Höfer, D., Trog, C., Mäusbacher, R., 2016. Holocene landscape development along the Portuguese Algarve coast – A high resolution palynological approach. Quaternary International 407, 47–63.","Holocene landscape development along the Portuguese Algarve coast - A high resolution palynological approach","Quaternary International",407,NA,"47-63",NA,"10.1016/j.quaint.2016.02.039",NA,NA,NA,NA,NA,NA,NA,NA,NA,NA,NA,NA,NA,"RPDv1b:1701|RPDv1b:1702",841,"Schneider, M.",1,"Schneider","M.",NA,NA,NA,NA,NA,NA,NA,NA,NA,"RPDv1b:1701",841,"RPDv1b",1702,13718,136.5,1.365,"m",0.01,"AMS","charcoal",3040,40,NA,NA,"Beta-248344",TRUE,NA,"-888888 Date is in uncalibrated radiocarbon years.","Ribeira do Farelo and Ribeira da Torre_POLLENSLIDE","counted","100-NaN",NA,NA,"",3040,3000,3080,3040,136.5,0.01,"-888888 Date is in uncalibrated radiocarbon years.",". Cal curve: NA. Source DB: RPDv1b","Fluvial","Carbon-14","Radiocarbon",-23.93478,7405.521,"Calibrated radiocarbon years BP","sedimentary charcoal","Data Sourcing: RPDv1b","Sample Age Source: GCDv4"
"841",44,"charcoal | num cm-2 yr-1",NA,150.5,NA,NA,3856.489,NA,NA,"GCDv4","Charcoal (sum)","(additional options)",NA,NA,"False","False","number cm-2 yr-1","Microscopic charcoal (pollen slide)","direct",NA,"CHAR",16728841.6232194,NA,NA,"quant_influx",NA,"","","GCDv4","GCDv4_1153","charcoal","count","unspec","pollen_slide","particle","num cm-2 yr-1",NA,"no_size","num cm-2 yr-1","RPDv1b","measured",1,"GCDv4","","Ribeira do Farelo and Ribeira da Torre",37.151969,-8.594376,0.6,"north","Portugal",NA,"sedfluv",841,1,2016,"Schneider, H., Höfer, D., Trog, C., Mäusbacher, R., 2016. Holocene landscape development along the Portuguese Algarve coast – A high resolution palynological approach. Quaternary International 407, 47–63.","Holocene landscape development along the Portuguese Algarve coast - A high resolution palynological approach","Quaternary International",407,NA,"47-63",NA,"10.1016/j.quaint.2016.02.039",NA,NA,NA,NA,NA,NA,NA,NA,NA,NA,NA,NA,NA,"RPDv1b:1701|RPDv1b:1702",841,"Schneider, M.",1,"Schneider","M.",NA,NA,NA,NA,NA,NA,NA,NA,NA,"RPDv1b:1701",841,"RPDv1b",1702,13718,136.5,1.365,"m",0.01,"AMS","charcoal",3040,40,NA,NA,"Beta-248344",TRUE,NA,"-888888 Date is in uncalibrated radiocarbon years.","Ribeira do Farelo and Ribeira da Torre_POLLENSLIDE",NA,NA,NA,NA,NA,3040,3000,3080,3040,136.5,0.01,"-888888 Date is in uncalibrated radiocarbon years.",". Cal curve: NA. Source DB: RPDv1b","Fluvial","Carbon-14","Radiocarbon",-23.93478,7405.521,"Calibrated radiocarbon years BP","sedimentary charcoal","Data Sourcing: GCDv4","Sample Age Source: GCDv4"
"841",45,"charcoal | <100um num",NA,157.5,NA,NA,3960.745,NA,NA,"GCDv4","Charcoal (sum)","<100 µm",NA,100,"True","False","number","Microscopic charcoal (pollen slide)","direct",NA,"CHAR",9102,NA,NA,"quant_raw",0.3,"volume","cm^3","RPDv1b","1701","charcoal","count","microchar","pollen_slide","particle","<100um num",NA,"<100um","num","RPDv1b","measured",1,"RPDv1b","ELEMENT=<100 µm","Ribeira do Farelo and Ribeira da Torre",37.151969,-8.594376,0.6,"north","Portugal",NA,"sedfluv",841,1,2016,"Schneider, H., Höfer, D., Trog, C., Mäusbacher, R., 2016. Holocene landscape development along the Portuguese Algarve coast – A high resolution palynological approach. Quaternary International 407, 47–63.","Holocene landscape development along the Portuguese Algarve coast - A high resolution palynological approach","Quaternary International",407,NA,"47-63",NA,"10.1016/j.quaint.2016.02.039",NA,NA,NA,NA,NA,NA,NA,NA,NA,NA,NA,NA,NA,"RPDv1b:1701|RPDv1b:1702",841,"Schneider, M.",1,"Schneider","M.",NA,NA,NA,NA,NA,NA,NA,NA,NA,"RPDv1b:1701",841,"RPDv1b",1702,13718,136.5,1.365,"m",0.01,"AMS","charcoal",3040,40,NA,NA,"Beta-248344",TRUE,NA,"-888888 Date is in uncalibrated radiocarbon years.","Ribeira do Farelo and Ribeira da Torre_POLLENSLIDE","counted","NaN-100",NA,NA,"",3040,3000,3080,3040,136.5,0.01,"-888888 Date is in uncalibrated radiocarbon years.",". Cal curve: NA. Source DB: RPDv1b","Fluvial","Carbon-14","Radiocarbon",-23.93478,7405.521,"Calibrated radiocarbon years BP","sedimentary charcoal","Data Sourcing: RPDv1b","Sample Age Source: GCDv4"
"841",45,"charcoal | >100um num",NA,157.5,NA,NA,3960.745,NA,NA,"GCDv4","Charcoal (sum)",">100 µm",100,NA,"False","True","number","Microscopic charcoal (pollen slide)","direct",NA,"CHAR",151,NA,NA,"quant_raw",0.3,"volume","cm^3","RPDv1b","1702","charcoal","count","unspec","pollen_slide","particle",">100um num",NA,">100um","num","RPDv1b","measured",1,"RPDv1b","ELEMENT=>100 µm","Ribeira do Farelo and Ribeira da Torre",37.151969,-8.594376,0.6,"north","Portugal",NA,"sedfluv",841,1,2016,"Schneider, H., Höfer, D., Trog, C., Mäusbacher, R., 2016. Holocene landscape development along the Portuguese Algarve coast – A high resolution palynological approach. Quaternary International 407, 47–63.","Holocene landscape development along the Portuguese Algarve coast - A high resolution palynological approach","Quaternary International",407,NA,"47-63",NA,"10.1016/j.quaint.2016.02.039",NA,NA,NA,NA,NA,NA,NA,NA,NA,NA,NA,NA,NA,"RPDv1b:1701|RPDv1b:1702",841,"Schneider, M.",1,"Schneider","M.",NA,NA,NA,NA,NA,NA,NA,NA,NA,"RPDv1b:1701",841,"RPDv1b",1702,13718,136.5,1.365,"m",0.01,"AMS","charcoal",3040,40,NA,NA,"Beta-248344",TRUE,NA,"-888888 Date is in uncalibrated radiocarbon years.","Ribeira do Farelo and Ribeira da Torre_POLLENSLIDE","counted","100-NaN",NA,NA,"",3040,3000,3080,3040,136.5,0.01,"-888888 Date is in uncalibrated radiocarbon years.",". Cal curve: NA. Source DB: RPDv1b","Fluvial","Carbon-14","Radiocarbon",-23.93478,7405.521,"Calibrated radiocarbon years BP","sedimentary charcoal","Data Sourcing: RPDv1b","Sample Age Source: GCDv4"
"841",45,"charcoal | num cm-2 yr-1",NA,157.5,NA,NA,3960.745,NA,NA,"GCDv4","Charcoal (sum)","(additional options)",NA,NA,"False","False","number cm-2 yr-1","Microscopic charcoal (pollen slide)","direct",NA,"CHAR",10677956.6823887,NA,NA,"quant_influx",NA,"","","GCDv4","GCDv4_1153","charcoal","count","unspec","pollen_slide","particle","num cm-2 yr-1",NA,"no_size","num cm-2 yr-1","RPDv1b","measured",1,"GCDv4","","Ribeira do Farelo and Ribeira da Torre",37.151969,-8.594376,0.6,"north","Portugal",NA,"sedfluv",841,1,2016,"Schneider, H., Höfer, D., Trog, C., Mäusbacher, R., 2016. Holocene landscape development along the Portuguese Algarve coast – A high resolution palynological approach. Quaternary International 407, 47–63.","Holocene landscape development along the Portuguese Algarve coast - A high resolution palynological approach","Quaternary International",407,NA,"47-63",NA,"10.1016/j.quaint.2016.02.039",NA,NA,NA,NA,NA,NA,NA,NA,NA,NA,NA,NA,NA,"RPDv1b:1701|RPDv1b:1702",841,"Schneider, M.",1,"Schneider","M.",NA,NA,NA,NA,NA,NA,NA,NA,NA,"RPDv1b:1701",841,"RPDv1b",1702,13718,136.5,1.365,"m",0.01,"AMS","charcoal",3040,40,NA,NA,"Beta-248344",TRUE,NA,"-888888 Date is in uncalibrated radiocarbon years.","Ribeira do Farelo and Ribeira da Torre_POLLENSLIDE",NA,NA,NA,NA,NA,3040,3000,3080,3040,136.5,0.01,"-888888 Date is in uncalibrated radiocarbon years.",". Cal curve: NA. Source DB: RPDv1b","Fluvial","Carbon-14","Radiocarbon",-23.93478,7405.521,"Calibrated radiocarbon years BP","sedimentary charcoal","Data Sourcing: GCDv4","Sample Age Source: GCDv4"
"841",46,"charcoal | <100um num",NA,166.5,NA,NA,4101.861,NA,NA,"GCDv4","Charcoal (sum)","<100 µm",NA,100,"True","False","number","Microscopic charcoal (pollen slide)","direct",NA,"CHAR",3974,NA,NA,"quant_raw",0.3,"volume","cm^3","RPDv1b","1701","charcoal","count","microchar","pollen_slide","particle","<100um num",NA,"<100um","num","RPDv1b","measured",1,"RPDv1b","ELEMENT=<100 µm","Ribeira do Farelo and Ribeira da Torre",37.151969,-8.594376,0.6,"north","Portugal",NA,"sedfluv",841,1,2016,"Schneider, H., Höfer, D., Trog, C., Mäusbacher, R., 2016. Holocene landscape development along the Portuguese Algarve coast – A high resolution palynological approach. Quaternary International 407, 47–63.","Holocene landscape development along the Portuguese Algarve coast - A high resolution palynological approach","Quaternary International",407,NA,"47-63",NA,"10.1016/j.quaint.2016.02.039",NA,NA,NA,NA,NA,NA,NA,NA,NA,NA,NA,NA,NA,"RPDv1b:1701|RPDv1b:1702",841,"Schneider, M.",1,"Schneider","M.",NA,NA,NA,NA,NA,NA,NA,NA,NA,"RPDv1b:1701",841,"RPDv1b",1702,13718,136.5,1.365,"m",0.01,"AMS","charcoal",3040,40,NA,NA,"Beta-248344",TRUE,NA,"-888888 Date is in uncalibrated radiocarbon years.","Ribeira do Farelo and Ribeira da Torre_POLLENSLIDE","counted","NaN-100",NA,NA,"",3040,3000,3080,3040,136.5,0.01,"-888888 Date is in uncalibrated radiocarbon years.",". Cal curve: NA. Source DB: RPDv1b","Fluvial","Carbon-14","Radiocarbon",-23.93478,7405.521,"Calibrated radiocarbon years BP","sedimentary charcoal","Data Sourcing: RPDv1b","Sample Age Source: GCDv4"
"841",46,"charcoal | >100um num",NA,166.5,NA,NA,4101.861,NA,NA,"GCDv4","Charcoal (sum)",">100 µm",100,NA,"False","True","number","Microscopic charcoal (pollen slide)","direct",NA,"CHAR",129,NA,NA,"quant_raw",0.3,"volume","cm^3","RPDv1b","1702","charcoal","count","unspec","pollen_slide","particle",">100um num",NA,">100um","num","RPDv1b","measured",1,"RPDv1b","ELEMENT=>100 µm","Ribeira do Farelo and Ribeira da Torre",37.151969,-8.594376,0.6,"north","Portugal",NA,"sedfluv",841,1,2016,"Schneider, H., Höfer, D., Trog, C., Mäusbacher, R., 2016. Holocene landscape development along the Portuguese Algarve coast – A high resolution palynological approach. Quaternary International 407, 47–63.","Holocene landscape development along the Portuguese Algarve coast - A high resolution palynological approach","Quaternary International",407,NA,"47-63",NA,"10.1016/j.quaint.2016.02.039",NA,NA,NA,NA,NA,NA,NA,NA,NA,NA,NA,NA,NA,"RPDv1b:1701|RPDv1b:1702",841,"Schneider, M.",1,"Schneider","M.",NA,NA,NA,NA,NA,NA,NA,NA,NA,"RPDv1b:1701",841,"RPDv1b",1702,13718,136.5,1.365,"m",0.01,"AMS","charcoal",3040,40,NA,NA,"Beta-248344",TRUE,NA,"-888888 Date is in uncalibrated radiocarbon years.","Ribeira do Farelo and Ribeira da Torre_POLLENSLIDE","counted","100-NaN",NA,NA,"",3040,3000,3080,3040,136.5,0.01,"-888888 Date is in uncalibrated radiocarbon years.",". Cal curve: NA. Source DB: RPDv1b","Fluvial","Carbon-14","Radiocarbon",-23.93478,7405.521,"Calibrated radiocarbon years BP","sedimentary charcoal","Data Sourcing: RPDv1b","Sample Age Source: GCDv4"
"841",46,"charcoal | num cm-2 yr-1",NA,166.5,NA,NA,4101.861,NA,NA,"GCDv4","Charcoal (sum)","(additional options)",NA,NA,"False","False","number cm-2 yr-1","Microscopic charcoal (pollen slide)","direct",NA,"CHAR",5621951.67192069,NA,NA,"quant_influx",NA,"","","GCDv4","GCDv4_1153","charcoal","count","unspec","pollen_slide","particle","num cm-2 yr-1",NA,"no_size","num cm-2 yr-1","RPDv1b","measured",1,"GCDv4","","Ribeira do Farelo and Ribeira da Torre",37.151969,-8.594376,0.6,"north","Portugal",NA,"sedfluv",841,1,2016,"Schneider, H., Höfer, D., Trog, C., Mäusbacher, R., 2016. Holocene landscape development along the Portuguese Algarve coast – A high resolution palynological approach. Quaternary International 407, 47–63.","Holocene landscape development along the Portuguese Algarve coast - A high resolution palynological approach","Quaternary International",407,NA,"47-63",NA,"10.1016/j.quaint.2016.02.039",NA,NA,NA,NA,NA,NA,NA,NA,NA,NA,NA,NA,NA,"RPDv1b:1701|RPDv1b:1702",841,"Baade, J.",1,"Baade","J.",NA,NA,NA,NA,NA,NA,NA,NA,NA,"RPDv1b:1701",841,"RPDv1b",1702,13718,136.5,1.365,"m",0.01,"AMS","charcoal",3040,40,NA,NA,"Beta-248344",TRUE,NA,"-888888 Date is in uncalibrated radiocarbon years.","Ribeira do Farelo and Ribeira da Torre_POLLENSLIDE",NA,NA,NA,NA,NA,3040,3000,3080,3040,136.5,0.01,"-888888 Date is in uncalibrated radiocarbon years.",". Cal curve: NA. Source DB: RPDv1b","Fluvial","Carbon-14","Radiocarbon",-23.93478,7405.521,"Calibrated radiocarbon years BP","sedimentary charcoal","Data Sourcing: GCDv4","Sample Age Source: GCDv4"
"841",47,"charcoal | <100um num",NA,174.5,NA,NA,4249.306,NA,NA,"GCDv4","Charcoal (sum)","<100 µm",NA,100,"True","False","number","Microscopic charcoal (pollen slide)","direct",NA,"CHAR",6713,NA,NA,"quant_raw",0.3,"volume","cm^3","RPDv1b","1701","charcoal","count","microchar","pollen_slide","particle","<100um num",NA,"<100um","num","RPDv1b","measured",1,"RPDv1b","ELEMENT=<100 µm","Ribeira do Farelo and Ribeira da Torre",37.151969,-8.594376,0.6,"north","Portugal",NA,"sedfluv",841,1,2016,"Schneider, H., Höfer, D., Trog, C., Mäusbacher, R., 2016. Holocene landscape development along the Portuguese Algarve coast – A high resolution palynological approach. Quaternary International 407, 47–63.","Holocene landscape development along the Portuguese Algarve coast - A high resolution palynological approach","Quaternary International",407,NA,"47-63",NA,"10.1016/j.quaint.2016.02.039",NA,NA,NA,NA,NA,NA,NA,NA,NA,NA,NA,NA,NA,"RPDv1b:1701|RPDv1b:1702",841,"Baade, J.",1,"Baade","J.",NA,NA,NA,NA,NA,NA,NA,NA,NA,"RPDv1b:1701",841,"RPDv1b",1702,13718,136.5,1.365,"m",0.01,"AMS","charcoal",3040,40,NA,NA,"Beta-248344",TRUE,NA,"-888888 Date is in uncalibrated radiocarbon years.","Ribeira do Farelo and Ribeira da Torre_POLLENSLIDE","counted","NaN-100",NA,NA,"",3040,3000,3080,3040,136.5,0.01,"-888888 Date is in uncalibrated radiocarbon years.",". Cal curve: NA. Source DB: RPDv1b","Fluvial","Carbon-14","Radiocarbon",-23.93478,7405.521,"Calibrated radiocarbon years BP","sedimentary charcoal","Data Sourcing: RPDv1b","Sample Age Source: GCDv4"
"841",47,"charcoal | >100um num",NA,174.5,NA,NA,4249.306,NA,NA,"GCDv4","Charcoal (sum)",">100 µm",100,NA,"False","True","number","Microscopic charcoal (pollen slide)","direct",NA,"CHAR",196,NA,NA,"quant_raw",0.3,"volume","cm^3","RPDv1b","1702","charcoal","count","unspec","pollen_slide","particle",">100um num",NA,">100um","num","RPDv1b","measured",1,"RPDv1b","ELEMENT=>100 µm","Ribeira do Farelo and Ribeira da Torre",37.151969,-8.594376,0.6,"north","Portugal",NA,"sedfluv",841,1,2016,"Schneider, H., Höfer, D., Trog, C., Mäusbacher, R., 2016. Holocene landscape development along the Portuguese Algarve coast – A high resolution palynological approach. Quaternary International 407, 47–63.","Holocene landscape development along the Portuguese Algarve coast - A high resolution palynological approach","Quaternary International",407,NA,"47-63",NA,"10.1016/j.quaint.2016.02.039",NA,NA,NA,NA,NA,NA,NA,NA,NA,NA,NA,NA,NA,"RPDv1b:1701|RPDv1b:1702",841,"Baade, J.",1,"Baade","J.",NA,NA,NA,NA,NA,NA,NA,NA,NA,"RPDv1b:1701",841,"RPDv1b",1702,13718,136.5,1.365,"m",0.01,"AMS","charcoal",3040,40,NA,NA,"Beta-248344",TRUE,NA,"-888888 Date is in uncalibrated radiocarbon years.","Ribeira do Farelo and Ribeira da Torre_POLLENSLIDE","counted","100-NaN",NA,NA,"",3040,3000,3080,3040,136.5,0.01,"-888888 Date is in uncalibrated radiocarbon years.",". Cal curve: NA. Source DB: RPDv1b","Fluvial","Carbon-14","Radiocarbon",-23.93478,7405.521,"Calibrated radiocarbon years BP","sedimentary charcoal","Data Sourcing: RPDv1b","Sample Age Source: GCDv4"
"841",47,"charcoal | num cm-2 yr-1",NA,174.5,NA,NA,4249.306,NA,NA,"GCDv4","Charcoal (sum)","(additional options)",NA,NA,"False","False","number cm-2 yr-1","Microscopic charcoal (pollen slide)","direct",NA,"CHAR",1648070.02544085,NA,NA,"quant_influx",NA,"","","GCDv4","GCDv4_1153","charcoal","count","unspec","pollen_slide","particle","num cm-2 yr-1",NA,"no_size","num cm-2 yr-1","RPDv1b","measured",1,"GCDv4","","Ribeira do Farelo and Ribeira da Torre",37.151969,-8.594376,0.6,"north","Portugal",NA,"sedfluv",841,1,2016,"Schneider, H., Höfer, D., Trog, C., Mäusbacher, R., 2016. Holocene landscape development along the Portuguese Algarve coast – A high resolution palynological approach. Quaternary International 407, 47–63.","Holocene landscape development along the Portuguese Algarve coast - A high resolution palynological approach","Quaternary International",407,NA,"47-63",NA,"10.1016/j.quaint.2016.02.039",NA,NA,NA,NA,NA,NA,NA,NA,NA,NA,NA,NA,NA,"RPDv1b:1701|RPDv1b:1702",841,"Baade, J.",1,"Baade","J.",NA,NA,NA,NA,NA,NA,NA,NA,NA,"RPDv1b:1701",841,"RPDv1b",1702,13718,136.5,1.365,"m",0.01,"AMS","charcoal",3040,40,NA,NA,"Beta-248344",TRUE,NA,"-888888 Date is in uncalibrated radiocarbon years.","Ribeira do Farelo and Ribeira da Torre_POLLENSLIDE",NA,NA,NA,NA,NA,3040,3000,3080,3040,136.5,0.01,"-888888 Date is in uncalibrated radiocarbon years.",". Cal curve: NA. Source DB: RPDv1b","Fluvial","Carbon-14","Radiocarbon",-23.93478,7405.521,"Calibrated radiocarbon years BP","sedimentary charcoal","Data Sourcing: GCDv4","Sample Age Source: GCDv4"
"841",48,"charcoal | <100um num",NA,182.5,NA,NA,4396.75,NA,NA,"GCDv4","Charcoal (sum)","<100 µm",NA,100,"True","False","number","Microscopic charcoal (pollen slide)","direct",NA,"CHAR",10137,NA,NA,"quant_raw",0.3,"volume","cm^3","RPDv1b","1701","charcoal","count","microchar","pollen_slide","particle","<100um num",NA,"<100um","num","RPDv1b","measured",1,"RPDv1b","ELEMENT=<100 µm","Ribeira do Farelo and Ribeira da Torre",37.151969,-8.594376,0.6,"north","Portugal",NA,"sedfluv",841,1,2016,"Schneider, H., Höfer, D., Trog, C., Mäusbacher, R., 2016. Holocene landscape development along the Portuguese Algarve coast – A high resolution palynological approach. Quaternary International 407, 47–63.","Holocene landscape development along the Portuguese Algarve coast - A high resolution palynological approach","Quaternary International",407,NA,"47-63",NA,"10.1016/j.quaint.2016.02.039",NA,NA,NA,NA,NA,NA,NA,NA,NA,NA,NA,NA,NA,"RPDv1b:1701|RPDv1b:1702",841,"Baade, J.",1,"Baade","J.",NA,NA,NA,NA,NA,NA,NA,NA,NA,"RPDv1b:1701",841,"RPDv1b",1702,13719,164.5,1.645,"m",0.01,"AMS","charcoal",3720,40,NA,NA,"Beta-248345",TRUE,NA,"-888888 Date is in uncalibrated radiocarbon years.","Ribeira do Farelo and Ribeira da Torre_POLLENSLIDE","counted","NaN-100",NA,NA,"",3720,3680,3760,3720,164.5,0.01,"-888888 Date is in uncalibrated radiocarbon years.",". Cal curve: NA. Source DB: RPDv1b","Fluvial","Carbon-14","Radiocarbon",-23.93478,7405.521,"Calibrated radiocarbon years BP","sedimentary charcoal","Data Sourcing: RPDv1b","Sample Age Source: GCDv4"
"841",48,"charcoal | >100um num",NA,182.5,NA,NA,4396.75,NA,NA,"GCDv4","Charcoal (sum)",">100 µm",100,NA,"False","True","number","Microscopic charcoal (pollen slide)","direct",NA,"CHAR",75,NA,NA,"quant_raw",0.3,"volume","cm^3","RPDv1b","1702","charcoal","count","unspec","pollen_slide","particle",">100um num",NA,">100um","num","RPDv1b","measured",1,"RPDv1b","ELEMENT=>100 µm","Ribeira do Farelo and Ribeira da Torre",37.151969,-8.594376,0.6,"north","Portugal",NA,"sedfluv",841,1,2016,"Schneider, H., Höfer, D., Trog, C., Mäusbacher, R., 2016. Holocene landscape development along the Portuguese Algarve coast – A high resolution palynological approach. Quaternary International 407, 47–63.","Holocene landscape development along the Portuguese Algarve coast - A high resolution palynological approach","Quaternary International",407,NA,"47-63",NA,"10.1016/j.quaint.2016.02.039",NA,NA,NA,NA,NA,NA,NA,NA,NA,NA,NA,NA,NA,"RPDv1b:1701|RPDv1b:1702",841,"Baade, J.",1,"Baade","J.",NA,NA,NA,NA,NA,NA,NA,NA,NA,"RPDv1b:1701",841,"RPDv1b",1702,13719,164.5,1.645,"m",0.01,"AMS","charcoal",3720,40,NA,NA,"Beta-248345",TRUE,NA,"-888888 Date is in uncalibrated radiocarbon years.","Ribeira do Farelo and Ribeira da Torre_POLLENSLIDE","counted","100-NaN",NA,NA,"",3720,3680,3760,3720,164.5,0.01,"-888888 Date is in uncalibrated radiocarbon years.",". Cal curve: NA. Source DB: RPDv1b","Fluvial","Carbon-14","Radiocarbon",-23.93478,7405.521,"Calibrated radiocarbon years BP","sedimentary charcoal","Data Sourcing: RPDv1b","Sample Age Source: GCDv4"
"841",48,"charcoal | num cm-2 yr-1",NA,182.5,NA,NA,4396.75,NA,NA,"GCDv4","Charcoal (sum)","(additional options)",NA,NA,"False","False","number cm-2 yr-1","Microscopic charcoal (pollen slide)","direct",NA,"CHAR",6723468.93325261,NA,NA,"quant_influx",NA,"","","GCDv4","GCDv4_1153","charcoal","count","unspec","pollen_slide","particle","num cm-2 yr-1",NA,"no_size","num cm-2 yr-1","RPDv1b","measured",1,"GCDv4","","Ribeira do Farelo and Ribeira da Torre",37.151969,-8.594376,0.6,"north","Portugal",NA,"sedfluv",841,1,2016,"Schneider, H., Höfer, D., Trog, C., Mäusbacher, R., 2016. Holocene landscape development along the Portuguese Algarve coast – A high resolution palynological approach. Quaternary International 407, 47–63.","Holocene landscape development along the Portuguese Algarve coast - A high resolution palynological approach","Quaternary International",407,NA,"47-63",NA,"10.1016/j.quaint.2016.02.039",NA,NA,NA,NA,NA,NA,NA,NA,NA,NA,NA,NA,NA,"RPDv1b:1701|RPDv1b:1702",841,"Baade, J.",1,"Baade","J.",NA,NA,NA,NA,NA,NA,NA,NA,NA,"RPDv1b:1701",841,"RPDv1b",1702,13719,164.5,1.645,"m",0.01,"AMS","charcoal",3720,40,NA,NA,"Beta-248345",TRUE,NA,"-888888 Date is in uncalibrated radiocarbon years.","Ribeira do Farelo and Ribeira da Torre_POLLENSLIDE",NA,NA,NA,NA,NA,3720,3680,3760,3720,164.5,0.01,"-888888 Date is in uncalibrated radiocarbon years.",". Cal curve: NA. Source DB: RPDv1b","Fluvial","Carbon-14","Radiocarbon",-23.93478,7405.521,"Calibrated radiocarbon years BP","sedimentary charcoal","Data Sourcing: GCDv4","Sample Age Source: GCDv4"
"841",49,"charcoal | <100um num",NA,190.5,NA,NA,4544.194,NA,NA,"GCDv4","Charcoal (sum)","<100 µm",NA,100,"True","False","number","Microscopic charcoal (pollen slide)","direct",NA,"CHAR",40500,NA,NA,"quant_raw",0.3,"volume","cm^3","RPDv1b","1701","charcoal","count","microchar","pollen_slide","particle","<100um num",NA,"<100um","num","RPDv1b","measured",1,"RPDv1b","ELEMENT=<100 µm","Ribeira do Farelo and Ribeira da Torre",37.151969,-8.594376,0.6,"north","Portugal",NA,"sedfluv",841,1,2016,"Schneider, H., Höfer, D., Trog, C., Mäusbacher, R., 2016. Holocene landscape development along the Portuguese Algarve coast – A high resolution palynological approach. Quaternary International 407, 47–63.","Holocene landscape development along the Portuguese Algarve coast - A high resolution palynological approach","Quaternary International",407,NA,"47-63",NA,"10.1016/j.quaint.2016.02.039",NA,NA,NA,NA,NA,NA,NA,NA,NA,NA,NA,NA,NA,"RPDv1b:1701|RPDv1b:1702",841,"Baade, J.",1,"Baade","J.",NA,NA,NA,NA,NA,NA,NA,NA,NA,"RPDv1b:1701",841,"RPDv1b",1702,13719,164.5,1.645,"m",0.01,"AMS","charcoal",3720,40,NA,NA,"Beta-248345",TRUE,NA,"-888888 Date is in uncalibrated radiocarbon years.","Ribeira do Farelo and Ribeira da Torre_POLLENSLIDE","counted","NaN-100",NA,NA,"",3720,3680,3760,3720,164.5,0.01,"-888888 Date is in uncalibrated radiocarbon years.",". Cal curve: NA. Source DB: RPDv1b","Fluvial","Carbon-14","Radiocarbon",-23.93478,7405.521,"Calibrated radiocarbon years BP","sedimentary charcoal","Data Sourcing: RPDv1b","Sample Age Source: GCDv4"
"841",49,"charcoal | >100um num",NA,190.5,NA,NA,4544.194,NA,NA,"GCDv4","Charcoal (sum)",">100 µm",100,NA,"False","True","number","Microscopic charcoal (pollen slide)","direct",NA,"CHAR",32,NA,NA,"quant_raw",0.3,"volume","cm^3","RPDv1b","1702","charcoal","count","unspec","pollen_slide","particle",">100um num",NA,">100um","num","RPDv1b","measured",1,"RPDv1b","ELEMENT=>100 µm","Ribeira do Farelo and Ribeira da Torre",37.151969,-8.594376,0.6,"north","Portugal",NA,"sedfluv",841,1,2016,"Schneider, H., Höfer, D., Trog, C., Mäusbacher, R., 2016. Holocene landscape development along the Portuguese Algarve coast – A high resolution palynological approach. Quaternary International 407, 47–63.","Holocene landscape development along the Portuguese Algarve coast - A high resolution palynological approach","Quaternary International",407,NA,"47-63",NA,"10.1016/j.quaint.2016.02.039",NA,NA,NA,NA,NA,NA,NA,NA,NA,NA,NA,NA,NA,"RPDv1b:1701|RPDv1b:1702",841,"Baade, J.",1,"Baade","J.",NA,NA,NA,NA,NA,NA,NA,NA,NA,"RPDv1b:1701",841,"RPDv1b",1702,13719,164.5,1.645,"m",0.01,"AMS","charcoal",3720,40,NA,NA,"Beta-248345",TRUE,NA,"-888888 Date is in uncalibrated radiocarbon years.","Ribeira do Farelo and Ribeira da Torre_POLLENSLIDE","counted","100-NaN",NA,NA,"",3720,3680,3760,3720,164.5,0.01,"-888888 Date is in uncalibrated radiocarbon years.",". Cal curve: NA. Source DB: RPDv1b","Fluvial","Carbon-14","Radiocarbon",-23.93478,7405.521,"Calibrated radiocarbon years BP","sedimentary charcoal","Data Sourcing: RPDv1b","Sample Age Source: GCDv4"
"841",49,"charcoal | num cm-2 yr-1",NA,190.5,NA,NA,4544.194,NA,NA,"GCDv4","Charcoal (sum)","(additional options)",NA,NA,"False","False","number cm-2 yr-1","Microscopic charcoal (pollen slide)","direct",NA,"CHAR",35704766.2895656,NA,NA,"quant_influx",NA,"","","GCDv4","GCDv4_1153","charcoal","count","unspec","pollen_slide","particle","num cm-2 yr-1",NA,"no_size","num cm-2 yr-1","RPDv1b","measured",1,"GCDv4","","Ribeira do Farelo and Ribeira da Torre",37.151969,-8.594376,0.6,"north","Portugal",NA,"sedfluv",841,1,2016,"Schneider, H., Höfer, D., Trog, C., Mäusbacher, R., 2016. Holocene landscape development along the Portuguese Algarve coast – A high resolution palynological approach. Quaternary International 407, 47–63.","Holocene landscape development along the Portuguese Algarve coast - A high resolution palynological approach","Quaternary International",407,NA,"47-63",NA,"10.1016/j.quaint.2016.02.039",NA,NA,NA,NA,NA,NA,NA,NA,NA,NA,NA,NA,NA,"RPDv1b:1701|RPDv1b:1702",841,"Baade, J.",1,"Baade","J.",NA,NA,NA,NA,NA,NA,NA,NA,NA,"RPDv1b:1701",841,"RPDv1b",1702,13719,164.5,1.645,"m",0.01,"AMS","charcoal",3720,40,NA,NA,"Beta-248345",TRUE,NA,"-888888 Date is in uncalibrated radiocarbon years.","Ribeira do Farelo and Ribeira da Torre_POLLENSLIDE",NA,NA,NA,NA,NA,3720,3680,3760,3720,164.5,0.01,"-888888 Date is in uncalibrated radiocarbon years.",". Cal curve: NA. Source DB: RPDv1b","Fluvial","Carbon-14","Radiocarbon",-23.93478,7405.521,"Calibrated radiocarbon years BP","sedimentary charcoal","Data Sourcing: GCDv4","Sample Age Source: GCDv4"
"841",50,"charcoal | <100um num",NA,198.5,NA,NA,4691.639,NA,NA,"GCDv4","Charcoal (sum)","<100 µm",NA,100,"True","False","number","Microscopic charcoal (pollen slide)","direct",NA,"CHAR",44688,NA,NA,"quant_raw",0.3,"volume","cm^3","RPDv1b","1701","charcoal","count","microchar","pollen_slide","particle","<100um num",NA,"<100um","num","RPDv1b","measured",1,"RPDv1b","ELEMENT=<100 µm","Ribeira do Farelo and Ribeira da Torre",37.151969,-8.594376,0.6,"north","Portugal",NA,"sedfluv",841,1,2016,"Schneider, H., Höfer, D., Trog, C., Mäusbacher, R., 2016. Holocene landscape development along the Portuguese Algarve coast – A high resolution palynological approach. Quaternary International 407, 47–63.","Holocene landscape development along the Portuguese Algarve coast - A high resolution palynological approach","Quaternary International",407,NA,"47-63",NA,"10.1016/j.quaint.2016.02.039",NA,NA,NA,NA,NA,NA,NA,NA,NA,NA,NA,NA,NA,"RPDv1b:1701|RPDv1b:1702",841,"Baade, J.",1,"Baade","J.",NA,NA,NA,NA,NA,NA,NA,NA,NA,"RPDv1b:1701",841,"RPDv1b",1702,13719,164.5,1.645,"m",0.01,"AMS","charcoal",3720,40,NA,NA,"Beta-248345",TRUE,NA,"-888888 Date is in uncalibrated radiocarbon years.","Ribeira do Farelo and Ribeira da Torre_POLLENSLIDE","counted","NaN-100",NA,NA,"",3720,3680,3760,3720,164.5,0.01,"-888888 Date is in uncalibrated radiocarbon years.",". Cal curve: NA. Source DB: RPDv1b","Fluvial","Carbon-14","Radiocarbon",-23.93478,7405.521,"Calibrated radiocarbon years BP","sedimentary charcoal","Data Sourcing: RPDv1b","Sample Age Source: GCDv4"
"841",50,"charcoal | >100um num",NA,198.5,NA,NA,4691.639,NA,NA,"GCDv4","Charcoal (sum)",">100 µm",100,NA,"False","True","number","Microscopic charcoal (pollen slide)","direct",NA,"CHAR",79,NA,NA,"quant_raw",0.3,"volume","cm^3","RPDv1b","1702","charcoal","count","unspec","pollen_slide","particle",">100um num",NA,">100um","num","RPDv1b","measured",1,"RPDv1b","ELEMENT=>100 µm","Ribeira do Farelo and Ribeira da Torre",37.151969,-8.594376,0.6,"north","Portugal",NA,"sedfluv",841,1,2016,"Schneider, H., Höfer, D., Trog, C., Mäusbacher, R., 2016. Holocene landscape development along the Portuguese Algarve coast – A high resolution palynological approach. Quaternary International 407, 47–63.","Holocene landscape development along the Portuguese Algarve coast - A high resolution palynological approach","Quaternary International",407,NA,"47-63",NA,"10.1016/j.quaint.2016.02.039",NA,NA,NA,NA,NA,NA,NA,NA,NA,NA,NA,NA,NA,"RPDv1b:1701|RPDv1b:1702",841,"Baade, J.",1,"Baade","J.",NA,NA,NA,NA,NA,NA,NA,NA,NA,"RPDv1b:1701",841,"RPDv1b",1702,13719,164.5,1.645,"m",0.01,"AMS","charcoal",3720,40,NA,NA,"Beta-248345",TRUE,NA,"-888888 Date is in uncalibrated radiocarbon years.","Ribeira do Farelo and Ribeira da Torre_POLLENSLIDE","counted","100-NaN",NA,NA,"",3720,3680,3760,3720,164.5,0.01,"-888888 Date is in uncalibrated radiocarbon years.",". Cal curve: NA. Source DB: RPDv1b","Fluvial","Carbon-14","Radiocarbon",-23.93478,7405.521,"Calibrated radiocarbon years BP","sedimentary charcoal","Data Sourcing: RPDv1b","Sample Age Source: GCDv4"
"841",50,"charcoal | num cm-2 yr-1",NA,198.5,NA,NA,4691.639,NA,NA,"GCDv4","Charcoal (sum)","(additional options)",NA,NA,"False","False","number cm-2 yr-1","Microscopic charcoal (pollen slide)","direct",NA,"CHAR",38083656.3927141,NA,NA,"quant_influx",NA,"","","GCDv4","GCDv4_1153","charcoal","count","unspec","pollen_slide","particle","num cm-2 yr-1",NA,"no_size","num cm-2 yr-1","RPDv1b","measured",1,"GCDv4","","Ribeira do Farelo and Ribeira da Torre",37.151969,-8.594376,0.6,"north","Portugal",NA,"sedfluv",841,1,2016,"Schneider, H., Höfer, D., Trog, C., Mäusbacher, R., 2016. Holocene landscape development along the Portuguese Algarve coast – A high resolution palynological approach. Quaternary International 407, 47–63.","Holocene landscape development along the Portuguese Algarve coast - A high resolution palynological approach","Quaternary International",407,NA,"47-63",NA,"10.1016/j.quaint.2016.02.039",NA,NA,NA,NA,NA,NA,NA,NA,NA,NA,NA,NA,NA,"RPDv1b:1701|RPDv1b:1702",841,"Baade, J.",1,"Baade","J.",NA,NA,NA,NA,NA,NA,NA,NA,NA,"RPDv1b:1701",841,"RPDv1b",1702,13719,164.5,1.645,"m",0.01,"AMS","charcoal",3720,40,NA,NA,"Beta-248345",TRUE,NA,"-888888 Date is in uncalibrated radiocarbon years.","Ribeira do Farelo and Ribeira da Torre_POLLENSLIDE",NA,NA,NA,NA,NA,3720,3680,3760,3720,164.5,0.01,"-888888 Date is in uncalibrated radiocarbon years.",". Cal curve: NA. Source DB: RPDv1b","Fluvial","Carbon-14","Radiocarbon",-23.93478,7405.521,"Calibrated radiocarbon years BP","sedimentary charcoal","Data Sourcing: GCDv4","Sample Age Source: GCDv4"
"841",51,"charcoal | <100um num",NA,206.5,NA,NA,4839.083,NA,NA,"GCDv4","Charcoal (sum)","<100 µm",NA,100,"True","False","number","Microscopic charcoal (pollen slide)","direct",NA,"CHAR",31521,NA,NA,"quant_raw",0.3,"volume","cm^3","RPDv1b","1701","charcoal","count","microchar","pollen_slide","particle","<100um num",NA,"<100um","num","RPDv1b","measured",1,"RPDv1b","ELEMENT=<100 µm","Ribeira do Farelo and Ribeira da Torre",37.151969,-8.594376,0.6,"north","Portugal",NA,"sedfluv",841,1,2016,"Schneider, H., Höfer, D., Trog, C., Mäusbacher, R., 2016. Holocene landscape development along the Portuguese Algarve coast – A high resolution palynological approach. Quaternary International 407, 47–63.","Holocene landscape development along the Portuguese Algarve coast - A high resolution palynological approach","Quaternary International",407,NA,"47-63",NA,"10.1016/j.quaint.2016.02.039",NA,NA,NA,NA,NA,NA,NA,NA,NA,NA,NA,NA,NA,"RPDv1b:1701|RPDv1b:1702",841,"Baade, J.",1,"Baade","J.",NA,NA,NA,NA,NA,NA,NA,NA,NA,"RPDv1b:1701",841,"RPDv1b",1702,13719,164.5,1.645,"m",0.01,"AMS","charcoal",3720,40,NA,NA,"Beta-248345",TRUE,NA,"-888888 Date is in uncalibrated radiocarbon years.","Ribeira do Farelo and Ribeira da Torre_POLLENSLIDE","counted","NaN-100",NA,NA,"",3720,3680,3760,3720,164.5,0.01,"-888888 Date is in uncalibrated radiocarbon years.",". Cal curve: NA. Source DB: RPDv1b","Fluvial","Carbon-14","Radiocarbon",-23.93478,7405.521,"Calibrated radiocarbon years BP","sedimentary charcoal","Data Sourcing: RPDv1b","Sample Age Source: GCDv4"
"841",51,"charcoal | >100um num",NA,206.5,NA,NA,4839.083,NA,NA,"GCDv4","Charcoal (sum)",">100 µm",100,NA,"False","True","number","Microscopic charcoal (pollen slide)","direct",NA,"CHAR",156,NA,NA,"quant_raw",0.3,"volume","cm^3","RPDv1b","1702","charcoal","count","unspec","pollen_slide","particle",">100um num",NA,">100um","num","RPDv1b","measured",1,"RPDv1b","ELEMENT=>100 µm","Ribeira do Farelo and Ribeira da Torre",37.151969,-8.594376,0.6,"north","Portugal",NA,"sedfluv",841,1,2016,"Schneider, H., Höfer, D., Trog, C., Mäusbacher, R., 2016. Holocene landscape development along the Portuguese Algarve coast – A high resolution palynological approach. Quaternary International 407, 47–63.","Holocene landscape development along the Portuguese Algarve coast - A high resolution palynological approach","Quaternary International",407,NA,"47-63",NA,"10.1016/j.quaint.2016.02.039",NA,NA,NA,NA,NA,NA,NA,NA,NA,NA,NA,NA,NA,"RPDv1b:1701|RPDv1b:1702",841,"Baade, J.",1,"Baade","J.",NA,NA,NA,NA,NA,NA,NA,NA,NA,"RPDv1b:1701",841,"RPDv1b",1702,13719,164.5,1.645,"m",0.01,"AMS","charcoal",3720,40,NA,NA,"Beta-248345",TRUE,NA,"-888888 Date is in uncalibrated radiocarbon years.","Ribeira do Farelo and Ribeira da Torre_POLLENSLIDE","counted","100-NaN",NA,NA,"",3720,3680,3760,3720,164.5,0.01,"-888888 Date is in uncalibrated radiocarbon years.",". Cal curve: NA. Source DB: RPDv1b","Fluvial","Carbon-14","Radiocarbon",-23.93478,7405.521,"Calibrated radiocarbon years BP","sedimentary charcoal","Data Sourcing: RPDv1b","Sample Age Source: GCDv4"
"841",51,"charcoal | num cm-2 yr-1",NA,206.5,NA,NA,4839.083,NA,NA,"GCDv4","Charcoal (sum)","(additional options)",NA,NA,"False","False","number cm-2 yr-1","Microscopic charcoal (pollen slide)","direct",NA,"CHAR",22802056.8362893,NA,NA,"quant_influx",NA,"","","GCDv4","GCDv4_1153","charcoal","count","unspec","pollen_slide","particle","num cm-2 yr-1",NA,"no_size","num cm-2 yr-1","RPDv1b","measured",1,"GCDv4","","Ribeira do Farelo and Ribeira da Torre",37.151969,-8.594376,0.6,"north","Portugal",NA,"sedfluv",841,1,2016,"Schneider, H., Höfer, D., Trog, C., Mäusbacher, R., 2016. Holocene landscape development along the Portuguese Algarve coast – A high resolution palynological approach. Quaternary International 407, 47–63.","Holocene landscape development along the Portuguese Algarve coast - A high resolution palynological approach","Quaternary International",407,NA,"47-63",NA,"10.1016/j.quaint.2016.02.039",NA,NA,NA,NA,NA,NA,NA,NA,NA,NA,NA,NA,NA,"RPDv1b:1701|RPDv1b:1702",841,"Baade, J.",1,"Baade","J.",NA,NA,NA,NA,NA,NA,NA,NA,NA,"RPDv1b:1701",841,"RPDv1b",1702,13719,164.5,1.645,"m",0.01,"AMS","charcoal",3720,40,NA,NA,"Beta-248345",TRUE,NA,"-888888 Date is in uncalibrated radiocarbon years.","Ribeira do Farelo and Ribeira da Torre_POLLENSLIDE",NA,NA,NA,NA,NA,3720,3680,3760,3720,164.5,0.01,"-888888 Date is in uncalibrated radiocarbon years.",". Cal curve: NA. Source DB: RPDv1b","Fluvial","Carbon-14","Radiocarbon",-23.93478,7405.521,"Calibrated radiocarbon years BP","sedimentary charcoal","Data Sourcing: GCDv4","Sample Age Source: GCDv4"
"841",52,"charcoal | <100um num",NA,214.5,NA,NA,4986.528,NA,NA,"GCDv4","Charcoal (sum)","<100 µm",NA,100,"True","False","number","Microscopic charcoal (pollen slide)","direct",NA,"CHAR",7879,NA,NA,"quant_raw",0.3,"volume","cm^3","RPDv1b","1701","charcoal","count","microchar","pollen_slide","particle","<100um num",NA,"<100um","num","RPDv1b","measured",1,"RPDv1b","ELEMENT=<100 µm","Ribeira do Farelo and Ribeira da Torre",37.151969,-8.594376,0.6,"north","Portugal",NA,"sedfluv",841,1,2016,"Schneider, H., Höfer, D., Trog, C., Mäusbacher, R., 2016. Holocene landscape development along the Portuguese Algarve coast – A high resolution palynological approach. Quaternary International 407, 47–63.","Holocene landscape development along the Portuguese Algarve coast - A high resolution palynological approach","Quaternary International",407,NA,"47-63",NA,"10.1016/j.quaint.2016.02.039",NA,NA,NA,NA,NA,NA,NA,NA,NA,NA,NA,NA,NA,"RPDv1b:1701|RPDv1b:1702",841,"Baade, J.",1,"Baade","J.",NA,NA,NA,NA,NA,NA,NA,NA,NA,"RPDv1b:1701",841,"RPDv1b",1702,13720,236.5,2.365,"m",0.01,"AMS","charcoal",4660,43,NA,NA,"Erl-11846",TRUE,NA,"-888888 Date is in uncalibrated radiocarbon years.","Ribeira do Farelo and Ribeira da Torre_POLLENSLIDE","counted","NaN-100",NA,NA,"",4660,4617,4703,4660,236.5,0.01,"-888888 Date is in uncalibrated radiocarbon years.",". Cal curve: NA. Source DB: RPDv1b","Fluvial","Carbon-14","Radiocarbon",-23.93478,7405.521,"Calibrated radiocarbon years BP","sedimentary charcoal","Data Sourcing: RPDv1b","Sample Age Source: GCDv4"
"841",52,"charcoal | >100um num",NA,214.5,NA,NA,4986.528,NA,NA,"GCDv4","Charcoal (sum)",">100 µm",100,NA,"False","True","number","Microscopic charcoal (pollen slide)","direct",NA,"CHAR",73,NA,NA,"quant_raw",0.3,"volume","cm^3","RPDv1b","1702","charcoal","count","unspec","pollen_slide","particle",">100um num",NA,">100um","num","RPDv1b","measured",1,"RPDv1b","ELEMENT=>100 µm","Ribeira do Farelo and Ribeira da Torre",37.151969,-8.594376,0.6,"north","Portugal",NA,"sedfluv",841,1,2016,"Schneider, H., Höfer, D., Trog, C., Mäusbacher, R., 2016. Holocene landscape development along the Portuguese Algarve coast – A high resolution palynological approach. Quaternary International 407, 47–63.","Holocene landscape development along the Portuguese Algarve coast - A high resolution palynological approach","Quaternary International",407,NA,"47-63",NA,"10.1016/j.quaint.2016.02.039",NA,NA,NA,NA,NA,NA,NA,NA,NA,NA,NA,NA,NA,"RPDv1b:1701|RPDv1b:1702",841,"Baade, J.",1,"Baade","J.",NA,NA,NA,NA,NA,NA,NA,NA,NA,"RPDv1b:1701",841,"RPDv1b",1702,13720,236.5,2.365,"m",0.01,"AMS","charcoal",4660,43,NA,NA,"Erl-11846",TRUE,NA,"-888888 Date is in uncalibrated radiocarbon years.","Ribeira do Farelo and Ribeira da Torre_POLLENSLIDE","counted","100-NaN",NA,NA,"",4660,4617,4703,4660,236.5,0.01,"-888888 Date is in uncalibrated radiocarbon years.",". Cal curve: NA. Source DB: RPDv1b","Fluvial","Carbon-14","Radiocarbon",-23.93478,7405.521,"Calibrated radiocarbon years BP","sedimentary charcoal","Data Sourcing: RPDv1b","Sample Age Source: GCDv4"
"841",52,"charcoal | num cm-2 yr-1",NA,214.5,NA,NA,4986.528,NA,NA,"GCDv4","Charcoal (sum)","(additional options)",NA,NA,"False","False","number cm-2 yr-1","Microscopic charcoal (pollen slide)","direct",NA,"CHAR",17941511.0448464,NA,NA,"quant_influx",NA,"","","GCDv4","GCDv4_1153","charcoal","count","unspec","pollen_slide","particle","num cm-2 yr-1",NA,"no_size","num cm-2 yr-1","RPDv1b","measured",1,"GCDv4","","Ribeira do Farelo and Ribeira da Torre",37.151969,-8.594376,0.6,"north","Portugal",NA,"sedfluv",841,1,2016,"Schneider, H., Höfer, D., Trog, C., Mäusbacher, R., 2016. Holocene landscape development along the Portuguese Algarve coast – A high resolution palynological approach. Quaternary International 407, 47–63.","Holocene landscape development along the Portuguese Algarve coast - A high resolution palynological approach","Quaternary International",407,NA,"47-63",NA,"10.1016/j.quaint.2016.02.039",NA,NA,NA,NA,NA,NA,NA,NA,NA,NA,NA,NA,NA,"RPDv1b:1701|RPDv1b:1702",841,"Baade, J.",1,"Baade","J.",NA,NA,NA,NA,NA,NA,NA,NA,NA,"RPDv1b:1701",841,"RPDv1b",1702,13720,236.5,2.365,"m",0.01,"AMS","charcoal",4660,43,NA,NA,"Erl-11846",TRUE,NA,"-888888 Date is in uncalibrated radiocarbon years.","Ribeira do Farelo and Ribeira da Torre_POLLENSLIDE",NA,NA,NA,NA,NA,4660,4617,4703,4660,236.5,0.01,"-888888 Date is in uncalibrated radiocarbon years.",". Cal curve: NA. Source DB: RPDv1b","Fluvial","Carbon-14","Radiocarbon",-23.93478,7405.521,"Calibrated radiocarbon years BP","sedimentary charcoal","Data Sourcing: GCDv4","Sample Age Source: GCDv4"
"841",53,"charcoal | <100um num",NA,218.5,NA,NA,5060.25,NA,NA,"GCDv4","Charcoal (sum)","<100 µm",NA,100,"True","False","number","Microscopic charcoal (pollen slide)","direct",NA,"CHAR",9942,NA,NA,"quant_raw",0.3,"volume","cm^3","RPDv1b","1701","charcoal","count","microchar","pollen_slide","particle","<100um num",NA,"<100um","num","RPDv1b","measured",1,"RPDv1b","ELEMENT=<100 µm","Ribeira do Farelo and Ribeira da Torre",37.151969,-8.594376,0.6,"north","Portugal",NA,"sedfluv",841,1,2016,"Schneider, H., Höfer, D., Trog, C., Mäusbacher, R., 2016. Holocene landscape development along the Portuguese Algarve coast – A high resolution palynological approach. Quaternary International 407, 47–63.","Holocene landscape development along the Portuguese Algarve coast - A high resolution palynological approach","Quaternary International",407,NA,"47-63",NA,"10.1016/j.quaint.2016.02.039",NA,NA,NA,NA,NA,NA,NA,NA,NA,NA,NA,NA,NA,"RPDv1b:1701|RPDv1b:1702",841,"Baade, J.",1,"Baade","J.",NA,NA,NA,NA,NA,NA,NA,NA,NA,"RPDv1b:1701",841,"RPDv1b",1702,13720,236.5,2.365,"m",0.01,"AMS","charcoal",4660,43,NA,NA,"Erl-11846",TRUE,NA,"-888888 Date is in uncalibrated radiocarbon years.","Ribeira do Farelo and Ribeira da Torre_POLLENSLIDE","counted","NaN-100",NA,NA,"",4660,4617,4703,4660,236.5,0.01,"-888888 Date is in uncalibrated radiocarbon years.",". Cal curve: NA. Source DB: RPDv1b","Fluvial","Carbon-14","Radiocarbon",-23.93478,7405.521,"Calibrated radiocarbon years BP","sedimentary charcoal","Data Sourcing: RPDv1b","Sample Age Source: GCDv4"
"841",53,"charcoal | >100um num",NA,218.5,NA,NA,5060.25,NA,NA,"GCDv4","Charcoal (sum)",">100 µm",100,NA,"False","True","number","Microscopic charcoal (pollen slide)","direct",NA,"CHAR",97,NA,NA,"quant_raw",0.3,"volume","cm^3","RPDv1b","1702","charcoal","count","unspec","pollen_slide","particle",">100um num",NA,">100um","num","RPDv1b","measured",1,"RPDv1b","ELEMENT=>100 µm","Ribeira do Farelo and Ribeira da Torre",37.151969,-8.594376,0.6,"north","Portugal",NA,"sedfluv",841,1,2016,"Schneider, H., Höfer, D., Trog, C., Mäusbacher, R., 2016. Holocene landscape development along the Portuguese Algarve coast – A high resolution palynological approach. Quaternary International 407, 47–63.","Holocene landscape development along the Portuguese Algarve coast - A high resolution palynological approach","Quaternary International",407,NA,"47-63",NA,"10.1016/j.quaint.2016.02.039",NA,NA,NA,NA,NA,NA,NA,NA,NA,NA,NA,NA,NA,"RPDv1b:1701|RPDv1b:1702",841,"Baade, J.",1,"Baade","J.",NA,NA,NA,NA,NA,NA,NA,NA,NA,"RPDv1b:1701",841,"RPDv1b",1702,13720,236.5,2.365,"m",0.01,"AMS","charcoal",4660,43,NA,NA,"Erl-11846",TRUE,NA,"-888888 Date is in uncalibrated radiocarbon years.","Ribeira do Farelo and Ribeira da Torre_POLLENSLIDE","counted","100-NaN",NA,NA,"",4660,4617,4703,4660,236.5,0.01,"-888888 Date is in uncalibrated radiocarbon years.",". Cal curve: NA. Source DB: RPDv1b","Fluvial","Carbon-14","Radiocarbon",-23.93478,7405.521,"Calibrated radiocarbon years BP","sedimentary charcoal","Data Sourcing: RPDv1b","Sample Age Source: GCDv4"
"841",53,"charcoal | num cm-2 yr-1",NA,218.5,NA,NA,5060.25,NA,NA,"GCDv4","Charcoal (sum)","(additional options)",NA,NA,"False","False","number cm-2 yr-1","Microscopic charcoal (pollen slide)","direct",NA,"CHAR",5907726.94205926,NA,NA,"quant_influx",NA,"","","GCDv4","GCDv4_1153","charcoal","count","unspec","pollen_slide","particle","num cm-2 yr-1",NA,"no_size","num cm-2 yr-1","RPDv1b","measured",1,"GCDv4","","Ribeira do Farelo and Ribeira da Torre",37.151969,-8.594376,0.6,"north","Portugal",NA,"sedfluv",841,1,2016,"Schneider, H., Höfer, D., Trog, C., Mäusbacher, R., 2016. Holocene landscape development along the Portuguese Algarve coast – A high resolution palynological approach. Quaternary International 407, 47–63.","Holocene landscape development along the Portuguese Algarve coast - A high resolution palynological approach","Quaternary International",407,NA,"47-63",NA,"10.1016/j.quaint.2016.02.039",NA,NA,NA,NA,NA,NA,NA,NA,NA,NA,NA,NA,NA,"RPDv1b:1701|RPDv1b:1702",841,"Baade, J.",1,"Baade","J.",NA,NA,NA,NA,NA,NA,NA,NA,NA,"RPDv1b:1701",841,"RPDv1b",1702,13720,236.5,2.365,"m",0.01,"AMS","charcoal",4660,43,NA,NA,"Erl-11846",TRUE,NA,"-888888 Date is in uncalibrated radiocarbon years.","Ribeira do Farelo and Ribeira da Torre_POLLENSLIDE",NA,NA,NA,NA,NA,4660,4617,4703,4660,236.5,0.01,"-888888 Date is in uncalibrated radiocarbon years.",". Cal curve: NA. Source DB: RPDv1b","Fluvial","Carbon-14","Radiocarbon",-23.93478,7405.521,"Calibrated radiocarbon years BP","sedimentary charcoal","Data Sourcing: GCDv4","Sample Age Source: GCDv4"
"841",54,"charcoal | <100um num",NA,222.5,NA,NA,5133.972,NA,NA,"GCDv4","Charcoal (sum)","<100 µm",NA,100,"True","False","number","Microscopic charcoal (pollen slide)","direct",NA,"CHAR",18247,NA,NA,"quant_raw",0.3,"volume","cm^3","RPDv1b","1701","charcoal","count","microchar","pollen_slide","particle","<100um num",NA,"<100um","num","RPDv1b","measured",1,"RPDv1b","ELEMENT=<100 µm","Ribeira do Farelo and Ribeira da Torre",37.151969,-8.594376,0.6,"north","Portugal",NA,"sedfluv",841,1,2016,"Schneider, H., Höfer, D., Trog, C., Mäusbacher, R., 2016. Holocene landscape development along the Portuguese Algarve coast – A high resolution palynological approach. Quaternary International 407, 47–63.","Holocene landscape development along the Portuguese Algarve coast - A high resolution palynological approach","Quaternary International",407,NA,"47-63",NA,"10.1016/j.quaint.2016.02.039",NA,NA,NA,NA,NA,NA,NA,NA,NA,NA,NA,NA,NA,"RPDv1b:1701|RPDv1b:1702",841,"Baade, J.",1,"Baade","J.",NA,NA,NA,NA,NA,NA,NA,NA,NA,"RPDv1b:1701",841,"RPDv1b",1702,13720,236.5,2.365,"m",0.01,"AMS","charcoal",4660,43,NA,NA,"Erl-11846",TRUE,NA,"-888888 Date is in uncalibrated radiocarbon years.","Ribeira do Farelo and Ribeira da Torre_POLLENSLIDE","counted","NaN-100",NA,NA,"",4660,4617,4703,4660,236.5,0.01,"-888888 Date is in uncalibrated radiocarbon years.",". Cal curve: NA. Source DB: RPDv1b","Fluvial","Carbon-14","Radiocarbon",-23.93478,7405.521,"Calibrated radiocarbon years BP","sedimentary charcoal","Data Sourcing: RPDv1b","Sample Age Source: GCDv4"
"841",54,"charcoal | >100um num",NA,222.5,NA,NA,5133.972,NA,NA,"GCDv4","Charcoal (sum)",">100 µm",100,NA,"False","True","number","Microscopic charcoal (pollen slide)","direct",NA,"CHAR",72,NA,NA,"quant_raw",0.3,"volume","cm^3","RPDv1b","1702","charcoal","count","unspec","pollen_slide","particle",">100um num",NA,">100um","num","RPDv1b","measured",1,"RPDv1b","ELEMENT=>100 µm","Ribeira do Farelo and Ribeira da Torre",37.151969,-8.594376,0.6,"north","Portugal",NA,"sedfluv",841,1,2016,"Schneider, H., Höfer, D., Trog, C., Mäusbacher, R., 2016. Holocene landscape development along the Portuguese Algarve coast – A high resolution palynological approach. Quaternary International 407, 47–63.","Holocene landscape development along the Portuguese Algarve coast - A high resolution palynological approach","Quaternary International",407,NA,"47-63",NA,"10.1016/j.quaint.2016.02.039",NA,NA,NA,NA,NA,NA,NA,NA,NA,NA,NA,NA,NA,"RPDv1b:1701|RPDv1b:1702",841,"Baade, J.",1,"Baade","J.",NA,NA,NA,NA,NA,NA,NA,NA,NA,"RPDv1b:1701",841,"RPDv1b",1702,13720,236.5,2.365,"m",0.01,"AMS","charcoal",4660,43,NA,NA,"Erl-11846",TRUE,NA,"-888888 Date is in uncalibrated radiocarbon years.","Ribeira do Farelo and Ribeira da Torre_POLLENSLIDE","counted","100-NaN",NA,NA,"",4660,4617,4703,4660,236.5,0.01,"-888888 Date is in uncalibrated radiocarbon years.",". Cal curve: NA. Source DB: RPDv1b","Fluvial","Carbon-14","Radiocarbon",-23.93478,7405.521,"Calibrated radiocarbon years BP","sedimentary charcoal","Data Sourcing: RPDv1b","Sample Age Source: GCDv4"
"841",54,"charcoal | num cm-2 yr-1",NA,222.5,NA,NA,5133.972,NA,NA,"GCDv4","Charcoal (sum)","(additional options)",NA,NA,"False","False","number cm-2 yr-1","Microscopic charcoal (pollen slide)","direct",NA,"CHAR",13633522.9185105,NA,NA,"quant_influx",NA,"","","GCDv4","GCDv4_1153","charcoal","count","unspec","pollen_slide","particle","num cm-2 yr-1",NA,"no_size","num cm-2 yr-1","RPDv1b","measured",1,"GCDv4","","Ribeira do Farelo and Ribeira da Torre",37.151969,-8.594376,0.6,"north","Portugal",NA,"sedfluv",841,1,2016,"Schneider, H., Höfer, D., Trog, C., Mäusbacher, R., 2016. Holocene landscape development along the Portuguese Algarve coast – A high resolution palynological approach. Quaternary International 407, 47–63.","Holocene landscape development along the Portuguese Algarve coast - A high resolution palynological approach","Quaternary International",407,NA,"47-63",NA,"10.1016/j.quaint.2016.02.039",NA,NA,NA,NA,NA,NA,NA,NA,NA,NA,NA,NA,NA,"RPDv1b:1701|RPDv1b:1702",841,"Baade, J.",1,"Baade","J.",NA,NA,NA,NA,NA,NA,NA,NA,NA,"RPDv1b:1701",841,"RPDv1b",1702,13720,236.5,2.365,"m",0.01,"AMS","charcoal",4660,43,NA,NA,"Erl-11846",TRUE,NA,"-888888 Date is in uncalibrated radiocarbon years.","Ribeira do Farelo and Ribeira da Torre_POLLENSLIDE",NA,NA,NA,NA,NA,4660,4617,4703,4660,236.5,0.01,"-888888 Date is in uncalibrated radiocarbon years.",". Cal curve: NA. Source DB: RPDv1b","Fluvial","Carbon-14","Radiocarbon",-23.93478,7405.521,"Calibrated radiocarbon years BP","sedimentary charcoal","Data Sourcing: GCDv4","Sample Age Source: GCDv4"
"841",55,"charcoal | <100um num",NA,226.5,NA,NA,5207.694,NA,NA,"GCDv4","Charcoal (sum)","<100 µm",NA,100,"True","False","number","Microscopic charcoal (pollen slide)","direct",NA,"CHAR",8770,NA,NA,"quant_raw",0.3,"volume","cm^3","RPDv1b","1701","charcoal","count","microchar","pollen_slide","particle","<100um num",NA,"<100um","num","RPDv1b","measured",1,"RPDv1b","ELEMENT=<100 µm","Ribeira do Farelo and Ribeira da Torre",37.151969,-8.594376,0.6,"north","Portugal",NA,"sedfluv",841,1,2016,"Schneider, H., Höfer, D., Trog, C., Mäusbacher, R., 2016. Holocene landscape development along the Portuguese Algarve coast – A high resolution palynological approach. Quaternary International 407, 47–63.","Holocene landscape development along the Portuguese Algarve coast - A high resolution palynological approach","Quaternary International",407,NA,"47-63",NA,"10.1016/j.quaint.2016.02.039",NA,NA,NA,NA,NA,NA,NA,NA,NA,NA,NA,NA,NA,"RPDv1b:1701|RPDv1b:1702",841,"Baade, J.",1,"Baade","J.",NA,NA,NA,NA,NA,NA,NA,NA,NA,"RPDv1b:1701",841,"RPDv1b",1702,13720,236.5,2.365,"m",0.01,"AMS","charcoal",4660,43,NA,NA,"Erl-11846",TRUE,NA,"-888888 Date is in uncalibrated radiocarbon years.","Ribeira do Farelo and Ribeira da Torre_POLLENSLIDE","counted","NaN-100",NA,NA,"",4660,4617,4703,4660,236.5,0.01,"-888888 Date is in uncalibrated radiocarbon years.",". Cal curve: NA. Source DB: RPDv1b","Fluvial","Carbon-14","Radiocarbon",-23.93478,7405.521,"Calibrated radiocarbon years BP","sedimentary charcoal","Data Sourcing: RPDv1b","Sample Age Source: GCDv4"
"841",55,"charcoal | >100um num",NA,226.5,NA,NA,5207.694,NA,NA,"GCDv4","Charcoal (sum)",">100 µm",100,NA,"False","True","number","Microscopic charcoal (pollen slide)","direct",NA,"CHAR",141,NA,NA,"quant_raw",0.3,"volume","cm^3","RPDv1b","1702","charcoal","count","unspec","pollen_slide","particle",">100um num",NA,">100um","num","RPDv1b","measured",1,"RPDv1b","ELEMENT=>100 µm","Ribeira do Farelo and Ribeira da Torre",37.151969,-8.594376,0.6,"north","Portugal",NA,"sedfluv",841,1,2016,"Schneider, H., Höfer, D., Trog, C., Mäusbacher, R., 2016. Holocene landscape development along the Portuguese Algarve coast – A high resolution palynological approach. Quaternary International 407, 47–63.","Holocene landscape development along the Portuguese Algarve coast - A high resolution palynological approach","Quaternary International",407,NA,"47-63",NA,"10.1016/j.quaint.2016.02.039",NA,NA,NA,NA,NA,NA,NA,NA,NA,NA,NA,NA,NA,"RPDv1b:1701|RPDv1b:1702",841,"Baade, J.",1,"Baade","J.",NA,NA,NA,NA,NA,NA,NA,NA,NA,"RPDv1b:1701",841,"RPDv1b",1702,13720,236.5,2.365,"m",0.01,"AMS","charcoal",4660,43,NA,NA,"Erl-11846",TRUE,NA,"-888888 Date is in uncalibrated radiocarbon years.","Ribeira do Farelo and Ribeira da Torre_POLLENSLIDE","counted","100-NaN",NA,NA,"",4660,4617,4703,4660,236.5,0.01,"-888888 Date is in uncalibrated radiocarbon years.",". Cal curve: NA. Source DB: RPDv1b","Fluvial","Carbon-14","Radiocarbon",-23.93478,7405.521,"Calibrated radiocarbon years BP","sedimentary charcoal","Data Sourcing: RPDv1b","Sample Age Source: GCDv4"
"841",55,"charcoal | num cm-2 yr-1",NA,226.5,NA,NA,5207.694,NA,NA,"GCDv4","Charcoal (sum)","(additional options)",NA,NA,"False","False","number cm-2 yr-1","Microscopic charcoal (pollen slide)","direct",NA,"CHAR",11912508.0723858,NA,NA,"quant_influx",NA,"","","GCDv4","GCDv4_1153","charcoal","count","unspec","pollen_slide","particle","num cm-2 yr-1",NA,"no_size","num cm-2 yr-1","RPDv1b","measured",1,"GCDv4","","Ribeira do Farelo and Ribeira da Torre",37.151969,-8.594376,0.6,"north","Portugal",NA,"sedfluv",841,1,2016,"Schneider, H., Höfer, D., Trog, C., Mäusbacher, R., 2016. Holocene landscape development along the Portuguese Algarve coast – A high resolution palynological approach. Quaternary International 407, 47–63.","Holocene landscape development along the Portuguese Algarve coast - A high resolution palynological approach","Quaternary International",407,NA,"47-63",NA,"10.1016/j.quaint.2016.02.039",NA,NA,NA,NA,NA,NA,NA,NA,NA,NA,NA,NA,NA,"RPDv1b:1701|RPDv1b:1702",841,"Baade, J.",1,"Baade","J.",NA,NA,NA,NA,NA,NA,NA,NA,NA,"RPDv1b:1701",841,"RPDv1b",1702,13720,236.5,2.365,"m",0.01,"AMS","charcoal",4660,43,NA,NA,"Erl-11846",TRUE,NA,"-888888 Date is in uncalibrated radiocarbon years.","Ribeira do Farelo and Ribeira da Torre_POLLENSLIDE",NA,NA,NA,NA,NA,4660,4617,4703,4660,236.5,0.01,"-888888 Date is in uncalibrated radiocarbon years.",". Cal curve: NA. Source DB: RPDv1b","Fluvial","Carbon-14","Radiocarbon",-23.93478,7405.521,"Calibrated radiocarbon years BP","sedimentary charcoal","Data Sourcing: GCDv4","Sample Age Source: GCDv4"
"841",56,"charcoal | <100um num",NA,230.5,NA,NA,5281.417,NA,NA,"GCDv4","Charcoal (sum)","<100 µm",NA,100,"True","False","number","Microscopic charcoal (pollen slide)","direct",NA,"CHAR",9790,NA,NA,"quant_raw",0.3,"volume","cm^3","RPDv1b","1701","charcoal","count","microchar","pollen_slide","particle","<100um num",NA,"<100um","num","RPDv1b","measured",1,"RPDv1b","ELEMENT=<100 µm","Ribeira do Farelo and Ribeira da Torre",37.151969,-8.594376,0.6,"north","Portugal",NA,"sedfluv",841,1,2016,"Schneider, H., Höfer, D., Trog, C., Mäusbacher, R., 2016. Holocene landscape development along the Portuguese Algarve coast – A high resolution palynological approach. Quaternary International 407, 47–63.","Holocene landscape development along the Portuguese Algarve coast - A high resolution palynological approach","Quaternary International",407,NA,"47-63",NA,"10.1016/j.quaint.2016.02.039",NA,NA,NA,NA,NA,NA,NA,NA,NA,NA,NA,NA,NA,"RPDv1b:1701|RPDv1b:1702",841,"Daut, G.",1,"Daut","G.",NA,NA,NA,NA,NA,NA,NA,NA,NA,"RPDv1b:1701",841,"RPDv1b",1702,13721,244.5,2.445,"m",0.01,"AMS","charcoal",4840,40,NA,NA,"Beta-248346",TRUE,NA,"-888888 Date is in uncalibrated radiocarbon years.","Ribeira do Farelo and Ribeira da Torre_POLLENSLIDE","counted","NaN-100",NA,NA,"",4840,4800,4880,4840,244.5,0.01,"-888888 Date is in uncalibrated radiocarbon years.",". Cal curve: NA. Source DB: RPDv1b","Fluvial","Carbon-14","Radiocarbon",-23.93478,7405.521,"Calibrated radiocarbon years BP","sedimentary charcoal","Data Sourcing: RPDv1b","Sample Age Source: GCDv4"
"841",56,"charcoal | >100um num",NA,230.5,NA,NA,5281.417,NA,NA,"GCDv4","Charcoal (sum)",">100 µm",100,NA,"False","True","number","Microscopic charcoal (pollen slide)","direct",NA,"CHAR",102,NA,NA,"quant_raw",0.3,"volume","cm^3","RPDv1b","1702","charcoal","count","unspec","pollen_slide","particle",">100um num",NA,">100um","num","RPDv1b","measured",1,"RPDv1b","ELEMENT=>100 µm","Ribeira do Farelo and Ribeira da Torre",37.151969,-8.594376,0.6,"north","Portugal",NA,"sedfluv",841,1,2016,"Schneider, H., Höfer, D., Trog, C., Mäusbacher, R., 2016. Holocene landscape development along the Portuguese Algarve coast – A high resolution palynological approach. Quaternary International 407, 47–63.","Holocene landscape development along the Portuguese Algarve coast - A high resolution palynological approach","Quaternary International",407,NA,"47-63",NA,"10.1016/j.quaint.2016.02.039",NA,NA,NA,NA,NA,NA,NA,NA,NA,NA,NA,NA,NA,"RPDv1b:1701|RPDv1b:1702",841,"Daut, G.",1,"Daut","G.",NA,NA,NA,NA,NA,NA,NA,NA,NA,"RPDv1b:1701",841,"RPDv1b",1702,13721,244.5,2.445,"m",0.01,"AMS","charcoal",4840,40,NA,NA,"Beta-248346",TRUE,NA,"-888888 Date is in uncalibrated radiocarbon years.","Ribeira do Farelo and Ribeira da Torre_POLLENSLIDE","counted","100-NaN",NA,NA,"",4840,4800,4880,4840,244.5,0.01,"-888888 Date is in uncalibrated radiocarbon years.",". Cal curve: NA. Source DB: RPDv1b","Fluvial","Carbon-14","Radiocarbon",-23.93478,7405.521,"Calibrated radiocarbon years BP","sedimentary charcoal","Data Sourcing: RPDv1b","Sample Age Source: GCDv4"
"841",56,"charcoal | num cm-2 yr-1",NA,230.5,NA,NA,5281.417,NA,NA,"GCDv4","Charcoal (sum)","(additional options)",NA,NA,"False","False","number cm-2 yr-1","Microscopic charcoal (pollen slide)","direct",NA,"CHAR",19274405.3095048,NA,NA,"quant_influx",NA,"","","GCDv4","GCDv4_1153","charcoal","count","unspec","pollen_slide","particle","num cm-2 yr-1",NA,"no_size","num cm-2 yr-1","RPDv1b","measured",1,"GCDv4","","Ribeira do Farelo and Ribeira da Torre",37.151969,-8.594376,0.6,"north","Portugal",NA,"sedfluv",841,1,2016,"Schneider, H., Höfer, D., Trog, C., Mäusbacher, R., 2016. Holocene landscape development along the Portuguese Algarve coast – A high resolution palynological approach. Quaternary International 407, 47–63.","Holocene landscape development along the Portuguese Algarve coast - A high resolution palynological approach","Quaternary International",407,NA,"47-63",NA,"10.1016/j.quaint.2016.02.039",NA,NA,NA,NA,NA,NA,NA,NA,NA,NA,NA,NA,NA,"RPDv1b:1701|RPDv1b:1702",841,"Daut, G.",1,"Daut","G.",NA,NA,NA,NA,NA,NA,NA,NA,NA,"RPDv1b:1701",841,"RPDv1b",1702,13721,244.5,2.445,"m",0.01,"AMS","charcoal",4840,40,NA,NA,"Beta-248346",TRUE,NA,"-888888 Date is in uncalibrated radiocarbon years.","Ribeira do Farelo and Ribeira da Torre_POLLENSLIDE",NA,NA,NA,NA,NA,4840,4800,4880,4840,244.5,0.01,"-888888 Date is in uncalibrated radiocarbon years.",". Cal curve: NA. Source DB: RPDv1b","Fluvial","Carbon-14","Radiocarbon",-23.93478,7405.521,"Calibrated radiocarbon years BP","sedimentary charcoal","Data Sourcing: GCDv4","Sample Age Source: GCDv4"
"841",57,"charcoal | <100um num",NA,238.5,NA,NA,5441.5,NA,NA,"GCDv4","Charcoal (sum)","<100 µm",NA,100,"True","False","number","Microscopic charcoal (pollen slide)","direct",NA,"CHAR",7558,NA,NA,"quant_raw",0.3,"volume","cm^3","RPDv1b","1701","charcoal","count","microchar","pollen_slide","particle","<100um num",NA,"<100um","num","RPDv1b","measured",1,"RPDv1b","ELEMENT=<100 µm","Ribeira do Farelo and Ribeira da Torre",37.151969,-8.594376,0.6,"north","Portugal",NA,"sedfluv",841,1,2016,"Schneider, H., Höfer, D., Trog, C., Mäusbacher, R., 2016. Holocene landscape development along the Portuguese Algarve coast – A high resolution palynological approach. Quaternary International 407, 47–63.","Holocene landscape development along the Portuguese Algarve coast - A high resolution palynological approach","Quaternary International",407,NA,"47-63",NA,"10.1016/j.quaint.2016.02.039",NA,NA,NA,NA,NA,NA,NA,NA,NA,NA,NA,NA,NA,"RPDv1b:1701|RPDv1b:1702",841,"Daut, G.",1,"Daut","G.",NA,NA,NA,NA,NA,NA,NA,NA,NA,"RPDv1b:1701",841,"RPDv1b",1702,13721,244.5,2.445,"m",0.01,"AMS","charcoal",4840,40,NA,NA,"Beta-248346",TRUE,NA,"-888888 Date is in uncalibrated radiocarbon years.","Ribeira do Farelo and Ribeira da Torre_POLLENSLIDE","counted","NaN-100",NA,NA,"",4840,4800,4880,4840,244.5,0.01,"-888888 Date is in uncalibrated radiocarbon years.",". Cal curve: NA. Source DB: RPDv1b","Fluvial","Carbon-14","Radiocarbon",-23.93478,7405.521,"Calibrated radiocarbon years BP","sedimentary charcoal","Data Sourcing: RPDv1b","Sample Age Source: GCDv4"
"841",57,"charcoal | >100um num",NA,238.5,NA,NA,5441.5,NA,NA,"GCDv4","Charcoal (sum)",">100 µm",100,NA,"False","True","number","Microscopic charcoal (pollen slide)","direct",NA,"CHAR",68,NA,NA,"quant_raw",0.3,"volume","cm^3","RPDv1b","1702","charcoal","count","unspec","pollen_slide","particle",">100um num",NA,">100um","num","RPDv1b","measured",1,"RPDv1b","ELEMENT=>100 µm","Ribeira do Farelo and Ribeira da Torre",37.151969,-8.594376,0.6,"north","Portugal",NA,"sedfluv",841,1,2016,"Schneider, H., Höfer, D., Trog, C., Mäusbacher, R., 2016. Holocene landscape development along the Portuguese Algarve coast – A high resolution palynological approach. Quaternary International 407, 47–63.","Holocene landscape development along the Portuguese Algarve coast - A high resolution palynological approach","Quaternary International",407,NA,"47-63",NA,"10.1016/j.quaint.2016.02.039",NA,NA,NA,NA,NA,NA,NA,NA,NA,NA,NA,NA,NA,"RPDv1b:1701|RPDv1b:1702",841,"Daut, G.",1,"Daut","G.",NA,NA,NA,NA,NA,NA,NA,NA,NA,"RPDv1b:1701",841,"RPDv1b",1702,13721,244.5,2.445,"m",0.01,"AMS","charcoal",4840,40,NA,NA,"Beta-248346",TRUE,NA,"-888888 Date is in uncalibrated radiocarbon years.","Ribeira do Farelo and Ribeira da Torre_POLLENSLIDE","counted","100-NaN",NA,NA,"",4840,4800,4880,4840,244.5,0.01,"-888888 Date is in uncalibrated radiocarbon years.",". Cal curve: NA. Source DB: RPDv1b","Fluvial","Carbon-14","Radiocarbon",-23.93478,7405.521,"Calibrated radiocarbon years BP","sedimentary charcoal","Data Sourcing: RPDv1b","Sample Age Source: GCDv4"
"841",57,"charcoal | num cm-2 yr-1",NA,238.5,NA,NA,5441.5,NA,NA,"GCDv4","Charcoal (sum)","(additional options)",NA,NA,"False","False","number cm-2 yr-1","Microscopic charcoal (pollen slide)","direct",NA,"CHAR",15817927.6586707,NA,NA,"quant_influx",NA,"","","GCDv4","GCDv4_1153","charcoal","count","unspec","pollen_slide","particle","num cm-2 yr-1",NA,"no_size","num cm-2 yr-1","RPDv1b","measured",1,"GCDv4","","Ribeira do Farelo and Ribeira da Torre",37.151969,-8.594376,0.6,"north","Portugal",NA,"sedfluv",841,1,2016,"Schneider, H., Höfer, D., Trog, C., Mäusbacher, R., 2016. Holocene landscape development along the Portuguese Algarve coast – A high resolution palynological approach. Quaternary International 407, 47–63.","Holocene landscape development along the Portuguese Algarve coast - A high resolution palynological approach","Quaternary International",407,NA,"47-63",NA,"10.1016/j.quaint.2016.02.039",NA,NA,NA,NA,NA,NA,NA,NA,NA,NA,NA,NA,NA,"RPDv1b:1701|RPDv1b:1702",841,"Daut, G.",1,"Daut","G.",NA,NA,NA,NA,NA,NA,NA,NA,NA,"RPDv1b:1701",841,"RPDv1b",1702,13721,244.5,2.445,"m",0.01,"AMS","charcoal",4840,40,NA,NA,"Beta-248346",TRUE,NA,"-888888 Date is in uncalibrated radiocarbon years.","Ribeira do Farelo and Ribeira da Torre_POLLENSLIDE",NA,NA,NA,NA,NA,4840,4800,4880,4840,244.5,0.01,"-888888 Date is in uncalibrated radiocarbon years.",". Cal curve: NA. Source DB: RPDv1b","Fluvial","Carbon-14","Radiocarbon",-23.93478,7405.521,"Calibrated radiocarbon years BP","sedimentary charcoal","Data Sourcing: GCDv4","Sample Age Source: GCDv4"
"841",58,"charcoal | <100um num",NA,246.5,NA,NA,5611.765,NA,NA,"GCDv4","Charcoal (sum)","<100 µm",NA,100,"True","False","number","Microscopic charcoal (pollen slide)","direct",NA,"CHAR",8219,NA,NA,"quant_raw",0.3,"volume","cm^3","RPDv1b","1701","charcoal","count","microchar","pollen_slide","particle","<100um num",NA,"<100um","num","RPDv1b","measured",1,"RPDv1b","ELEMENT=<100 µm","Ribeira do Farelo and Ribeira da Torre",37.151969,-8.594376,0.6,"north","Portugal",NA,"sedfluv",841,1,2016,"Schneider, H., Höfer, D., Trog, C., Mäusbacher, R., 2016. Holocene landscape development along the Portuguese Algarve coast – A high resolution palynological approach. Quaternary International 407, 47–63.","Holocene landscape development along the Portuguese Algarve coast - A high resolution palynological approach","Quaternary International",407,NA,"47-63",NA,"10.1016/j.quaint.2016.02.039",NA,NA,NA,NA,NA,NA,NA,NA,NA,NA,NA,NA,NA,"RPDv1b:1701|RPDv1b:1702",841,"Daut, G.",1,"Daut","G.",NA,NA,NA,NA,NA,NA,NA,NA,NA,"RPDv1b:1701",841,"RPDv1b",1702,13721,244.5,2.445,"m",0.01,"AMS","charcoal",4840,40,NA,NA,"Beta-248346",TRUE,NA,"-888888 Date is in uncalibrated radiocarbon years.","Ribeira do Farelo and Ribeira da Torre_POLLENSLIDE","counted","NaN-100",NA,NA,"",4840,4800,4880,4840,244.5,0.01,"-888888 Date is in uncalibrated radiocarbon years.",". Cal curve: NA. Source DB: RPDv1b","Fluvial","Carbon-14","Radiocarbon",-23.93478,7405.521,"Calibrated radiocarbon years BP","sedimentary charcoal","Data Sourcing: RPDv1b","Sample Age Source: GCDv4"
"841",58,"charcoal | >100um num",NA,246.5,NA,NA,5611.765,NA,NA,"GCDv4","Charcoal (sum)",">100 µm",100,NA,"False","True","number","Microscopic charcoal (pollen slide)","direct",NA,"CHAR",307,NA,NA,"quant_raw",0.3,"volume","cm^3","RPDv1b","1702","charcoal","count","unspec","pollen_slide","particle",">100um num",NA,">100um","num","RPDv1b","measured",1,"RPDv1b","ELEMENT=>100 µm","Ribeira do Farelo and Ribeira da Torre",37.151969,-8.594376,0.6,"north","Portugal",NA,"sedfluv",841,1,2016,"Schneider, H., Höfer, D., Trog, C., Mäusbacher, R., 2016. Holocene landscape development along the Portuguese Algarve coast – A high resolution palynological approach. Quaternary International 407, 47–63.","Holocene landscape development along the Portuguese Algarve coast - A high resolution palynological approach","Quaternary International",407,NA,"47-63",NA,"10.1016/j.quaint.2016.02.039",NA,NA,NA,NA,NA,NA,NA,NA,NA,NA,NA,NA,NA,"RPDv1b:1701|RPDv1b:1702",841,"Daut, G.",1,"Daut","G.",NA,NA,NA,NA,NA,NA,NA,NA,NA,"RPDv1b:1701",841,"RPDv1b",1702,13721,244.5,2.445,"m",0.01,"AMS","charcoal",4840,40,NA,NA,"Beta-248346",TRUE,NA,"-888888 Date is in uncalibrated radiocarbon years.","Ribeira do Farelo and Ribeira da Torre_POLLENSLIDE","counted","100-NaN",NA,NA,"",4840,4800,4880,4840,244.5,0.01,"-888888 Date is in uncalibrated radiocarbon years.",". Cal curve: NA. Source DB: RPDv1b","Fluvial","Carbon-14","Radiocarbon",-23.93478,7405.521,"Calibrated radiocarbon years BP","sedimentary charcoal","Data Sourcing: RPDv1b","Sample Age Source: GCDv4"
"841",58,"charcoal | num cm-2 yr-1",NA,246.5,NA,NA,5611.765,NA,NA,"GCDv4","Charcoal (sum)","(additional options)",NA,NA,"False","False","number cm-2 yr-1","Microscopic charcoal (pollen slide)","direct",NA,"CHAR",3969552.20041801,NA,NA,"quant_influx",NA,"","","GCDv4","GCDv4_1153","charcoal","count","unspec","pollen_slide","particle","num cm-2 yr-1",NA,"no_size","num cm-2 yr-1","RPDv1b","measured",1,"GCDv4","","Ribeira do Farelo and Ribeira da Torre",37.151969,-8.594376,0.6,"north","Portugal",NA,"sedfluv",841,1,2016,"Schneider, H., Höfer, D., Trog, C., Mäusbacher, R., 2016. Holocene landscape development along the Portuguese Algarve coast – A high resolution palynological approach. Quaternary International 407, 47–63.","Holocene landscape development along the Portuguese Algarve coast - A high resolution palynological approach","Quaternary International",407,NA,"47-63",NA,"10.1016/j.quaint.2016.02.039",NA,NA,NA,NA,NA,NA,NA,NA,NA,NA,NA,NA,NA,"RPDv1b:1701|RPDv1b:1702",841,"Daut, G.",1,"Daut","G.",NA,NA,NA,NA,NA,NA,NA,NA,NA,"RPDv1b:1701",841,"RPDv1b",1702,13721,244.5,2.445,"m",0.01,"AMS","charcoal",4840,40,NA,NA,"Beta-248346",TRUE,NA,"-888888 Date is in uncalibrated radiocarbon years.","Ribeira do Farelo and Ribeira da Torre_POLLENSLIDE",NA,NA,NA,NA,NA,4840,4800,4880,4840,244.5,0.01,"-888888 Date is in uncalibrated radiocarbon years.",". Cal curve: NA. Source DB: RPDv1b","Fluvial","Carbon-14","Radiocarbon",-23.93478,7405.521,"Calibrated radiocarbon years BP","sedimentary charcoal","Data Sourcing: GCDv4","Sample Age Source: GCDv4"
"841",59,"charcoal | <100um num",NA,262.5,NA,NA,5785.882,NA,NA,"GCDv4","Charcoal (sum)","<100 µm",NA,100,"True","False","number","Microscopic charcoal (pollen slide)","direct",NA,"CHAR",3506,NA,NA,"quant_raw",0.3,"volume","cm^3","RPDv1b","1701","charcoal","count","microchar","pollen_slide","particle","<100um num",NA,"<100um","num","RPDv1b","measured",1,"RPDv1b","ELEMENT=<100 µm","Ribeira do Farelo and Ribeira da Torre",37.151969,-8.594376,0.6,"north","Portugal",NA,"sedfluv",841,1,2016,"Schneider, H., Höfer, D., Trog, C., Mäusbacher, R., 2016. Holocene landscape development along the Portuguese Algarve coast – A high resolution palynological approach. Quaternary International 407, 47–63.","Holocene landscape development along the Portuguese Algarve coast - A high resolution palynological approach","Quaternary International",407,NA,"47-63",NA,"10.1016/j.quaint.2016.02.039",NA,NA,NA,NA,NA,NA,NA,NA,NA,NA,NA,NA,NA,"RPDv1b:1701|RPDv1b:1702",841,"Daut, G.",1,"Daut","G.",NA,NA,NA,NA,NA,NA,NA,NA,NA,"RPDv1b:1701",841,"RPDv1b",1702,13721,244.5,2.445,"m",0.01,"AMS","charcoal",4840,40,NA,NA,"Beta-248346",TRUE,NA,"-888888 Date is in uncalibrated radiocarbon years.","Ribeira do Farelo and Ribeira da Torre_POLLENSLIDE","counted","NaN-100",NA,NA,"",4840,4800,4880,4840,244.5,0.01,"-888888 Date is in uncalibrated radiocarbon years.",". Cal curve: NA. Source DB: RPDv1b","Fluvial","Carbon-14","Radiocarbon",-23.93478,7405.521,"Calibrated radiocarbon years BP","sedimentary charcoal","Data Sourcing: RPDv1b","Sample Age Source: GCDv4"
"841",59,"charcoal | >100um num",NA,262.5,NA,NA,5785.882,NA,NA,"GCDv4","Charcoal (sum)",">100 µm",100,NA,"False","True","number","Microscopic charcoal (pollen slide)","direct",NA,"CHAR",98,NA,NA,"quant_raw",0.3,"volume","cm^3","RPDv1b","1702","charcoal","count","unspec","pollen_slide","particle",">100um num",NA,">100um","num","RPDv1b","measured",1,"RPDv1b","ELEMENT=>100 µm","Ribeira do Farelo and Ribeira da Torre",37.151969,-8.594376,0.6,"north","Portugal",NA,"sedfluv",841,1,2016,"Schneider, H., Höfer, D., Trog, C., Mäusbacher, R., 2016. Holocene landscape development along the Portuguese Algarve coast – A high resolution palynological approach. Quaternary International 407, 47–63.","Holocene landscape development along the Portuguese Algarve coast - A high resolution palynological approach","Quaternary International",407,NA,"47-63",NA,"10.1016/j.quaint.2016.02.039",NA,NA,NA,NA,NA,NA,NA,NA,NA,NA,NA,NA,NA,"RPDv1b:1701|RPDv1b:1702",841,"Daut, G.",1,"Daut","G.",NA,NA,NA,NA,NA,NA,NA,NA,NA,"RPDv1b:1701",841,"RPDv1b",1702,13721,244.5,2.445,"m",0.01,"AMS","charcoal",4840,40,NA,NA,"Beta-248346",TRUE,NA,"-888888 Date is in uncalibrated radiocarbon years.","Ribeira do Farelo and Ribeira da Torre_POLLENSLIDE","counted","100-NaN",NA,NA,"",4840,4800,4880,4840,244.5,0.01,"-888888 Date is in uncalibrated radiocarbon years.",". Cal curve: NA. Source DB: RPDv1b","Fluvial","Carbon-14","Radiocarbon",-23.93478,7405.521,"Calibrated radiocarbon years BP","sedimentary charcoal","Data Sourcing: RPDv1b","Sample Age Source: GCDv4"
"841",59,"charcoal | num cm-2 yr-1",NA,262.5,NA,NA,5785.882,NA,NA,"GCDv4","Charcoal (sum)","(additional options)",NA,NA,"False","False","number cm-2 yr-1","Microscopic charcoal (pollen slide)","direct",NA,"CHAR",3196596.69500291,NA,NA,"quant_influx",NA,"","","GCDv4","GCDv4_1153","charcoal","count","unspec","pollen_slide","particle","num cm-2 yr-1",NA,"no_size","num cm-2 yr-1","RPDv1b","measured",1,"GCDv4","","Ribeira do Farelo and Ribeira da Torre",37.151969,-8.594376,0.6,"north","Portugal",NA,"sedfluv",841,1,2016,"Schneider, H., Höfer, D., Trog, C., Mäusbacher, R., 2016. Holocene landscape development along the Portuguese Algarve coast – A high resolution palynological approach. Quaternary International 407, 47–63.","Holocene landscape development along the Portuguese Algarve coast - A high resolution palynological approach","Quaternary International",407,NA,"47-63",NA,"10.1016/j.quaint.2016.02.039",NA,NA,NA,NA,NA,NA,NA,NA,NA,NA,NA,NA,NA,"RPDv1b:1701|RPDv1b:1702",841,"Daut, G.",1,"Daut","G.",NA,NA,NA,NA,NA,NA,NA,NA,NA,"RPDv1b:1701",841,"RPDv1b",1702,13721,244.5,2.445,"m",0.01,"AMS","charcoal",4840,40,NA,NA,"Beta-248346",TRUE,NA,"-888888 Date is in uncalibrated radiocarbon years.","Ribeira do Farelo and Ribeira da Torre_POLLENSLIDE",NA,NA,NA,NA,NA,4840,4800,4880,4840,244.5,0.01,"-888888 Date is in uncalibrated radiocarbon years.",". Cal curve: NA. Source DB: RPDv1b","Fluvial","Carbon-14","Radiocarbon",-23.93478,7405.521,"Calibrated radiocarbon years BP","sedimentary charcoal","Data Sourcing: GCDv4","Sample Age Source: GCDv4"
"841",60,"charcoal | <100um num",NA,276.5,NA,NA,5938.235,NA,NA,"GCDv4","Charcoal (sum)","<100 µm",NA,100,"True","False","number","Microscopic charcoal (pollen slide)","direct",NA,"CHAR",10354,NA,NA,"quant_raw",0.3,"volume","cm^3","RPDv1b","1701","charcoal","count","microchar","pollen_slide","particle","<100um num",NA,"<100um","num","RPDv1b","measured",1,"RPDv1b","ELEMENT=<100 µm","Ribeira do Farelo and Ribeira da Torre",37.151969,-8.594376,0.6,"north","Portugal",NA,"sedfluv",841,1,2016,"Schneider, H., Höfer, D., Trog, C., Mäusbacher, R., 2016. Holocene landscape development along the Portuguese Algarve coast – A high resolution palynological approach. Quaternary International 407, 47–63.","Holocene landscape development along the Portuguese Algarve coast - A high resolution palynological approach","Quaternary International",407,NA,"47-63",NA,"10.1016/j.quaint.2016.02.039",NA,NA,NA,NA,NA,NA,NA,NA,NA,NA,NA,NA,NA,"RPDv1b:1701|RPDv1b:1702",841,"Daut, G.",1,"Daut","G.",NA,NA,NA,NA,NA,NA,NA,NA,NA,"RPDv1b:1701",841,"RPDv1b",1702,13722,278.5,2.785,"m",0.01,"AMS","charcoal",5230,50,NA,NA,"Beta-248347",TRUE,NA,"-888888 Date is in uncalibrated radiocarbon years.","Ribeira do Farelo and Ribeira da Torre_POLLENSLIDE","counted","NaN-100",NA,NA,"",5230,5180,5280,5230,278.5,0.01,"-888888 Date is in uncalibrated radiocarbon years.",". Cal curve: NA. Source DB: RPDv1b","Fluvial","Carbon-14","Radiocarbon",-23.93478,7405.521,"Calibrated radiocarbon years BP","sedimentary charcoal","Data Sourcing: RPDv1b","Sample Age Source: GCDv4"
"841",60,"charcoal | >100um num",NA,276.5,NA,NA,5938.235,NA,NA,"GCDv4","Charcoal (sum)",">100 µm",100,NA,"False","True","number","Microscopic charcoal (pollen slide)","direct",NA,"CHAR",77,NA,NA,"quant_raw",0.3,"volume","cm^3","RPDv1b","1702","charcoal","count","unspec","pollen_slide","particle",">100um num",NA,">100um","num","RPDv1b","measured",1,"RPDv1b","ELEMENT=>100 µm","Ribeira do Farelo and Ribeira da Torre",37.151969,-8.594376,0.6,"north","Portugal",NA,"sedfluv",841,1,2016,"Schneider, H., Höfer, D., Trog, C., Mäusbacher, R., 2016. Holocene landscape development along the Portuguese Algarve coast – A high resolution palynological approach. Quaternary International 407, 47–63.","Holocene landscape development along the Portuguese Algarve coast - A high resolution palynological approach","Quaternary International",407,NA,"47-63",NA,"10.1016/j.quaint.2016.02.039",NA,NA,NA,NA,NA,NA,NA,NA,NA,NA,NA,NA,NA,"RPDv1b:1701|RPDv1b:1702",841,"Daut, G.",1,"Daut","G.",NA,NA,NA,NA,NA,NA,NA,NA,NA,"RPDv1b:1701",841,"RPDv1b",1702,13722,278.5,2.785,"m",0.01,"AMS","charcoal",5230,50,NA,NA,"Beta-248347",TRUE,NA,"-888888 Date is in uncalibrated radiocarbon years.","Ribeira do Farelo and Ribeira da Torre_POLLENSLIDE","counted","100-NaN",NA,NA,"",5230,5180,5280,5230,278.5,0.01,"-888888 Date is in uncalibrated radiocarbon years.",". Cal curve: NA. Source DB: RPDv1b","Fluvial","Carbon-14","Radiocarbon",-23.93478,7405.521,"Calibrated radiocarbon years BP","sedimentary charcoal","Data Sourcing: RPDv1b","Sample Age Source: GCDv4"
"841",60,"charcoal | num cm-2 yr-1",NA,276.5,NA,NA,5938.235,NA,NA,"GCDv4","Charcoal (sum)","(additional options)",NA,NA,"False","False","number cm-2 yr-1","Microscopic charcoal (pollen slide)","direct",NA,"CHAR",1213419.69505693,NA,NA,"quant_influx",NA,"","","GCDv4","GCDv4_1153","charcoal","count","unspec","pollen_slide","particle","num cm-2 yr-1",NA,"no_size","num cm-2 yr-1","RPDv1b","measured",1,"GCDv4","","Ribeira do Farelo and Ribeira da Torre",37.151969,-8.594376,0.6,"north","Portugal",NA,"sedfluv",841,1,2016,"Schneider, H., Höfer, D., Trog, C., Mäusbacher, R., 2016. Holocene landscape development along the Portuguese Algarve coast – A high resolution palynological approach. Quaternary International 407, 47–63.","Holocene landscape development along the Portuguese Algarve coast - A high resolution palynological approach","Quaternary International",407,NA,"47-63",NA,"10.1016/j.quaint.2016.02.039",NA,NA,NA,NA,NA,NA,NA,NA,NA,NA,NA,NA,NA,"RPDv1b:1701|RPDv1b:1702",841,"Daut, G.",1,"Daut","G.",NA,NA,NA,NA,NA,NA,NA,NA,NA,"RPDv1b:1701",841,"RPDv1b",1702,13722,278.5,2.785,"m",0.01,"AMS","charcoal",5230,50,NA,NA,"Beta-248347",TRUE,NA,"-888888 Date is in uncalibrated radiocarbon years.","Ribeira do Farelo and Ribeira da Torre_POLLENSLIDE",NA,NA,NA,NA,NA,5230,5180,5280,5230,278.5,0.01,"-888888 Date is in uncalibrated radiocarbon years.",". Cal curve: NA. Source DB: RPDv1b","Fluvial","Carbon-14","Radiocarbon",-23.93478,7405.521,"Calibrated radiocarbon years BP","sedimentary charcoal","Data Sourcing: GCDv4","Sample Age Source: GCDv4"
"841",61,"charcoal | <100um num",NA,292.5,NA,NA,6045.031,NA,NA,"GCDv4","Charcoal (sum)","<100 µm",NA,100,"True","False","number","Microscopic charcoal (pollen slide)","direct",NA,"CHAR",3329,NA,NA,"quant_raw",0.3,"volume","cm^3","RPDv1b","1701","charcoal","count","microchar","pollen_slide","particle","<100um num",NA,"<100um","num","RPDv1b","measured",1,"RPDv1b","ELEMENT=<100 µm","Ribeira do Farelo and Ribeira da Torre",37.151969,-8.594376,0.6,"north","Portugal",NA,"sedfluv",841,1,2016,"Schneider, H., Höfer, D., Trog, C., Mäusbacher, R., 2016. Holocene landscape development along the Portuguese Algarve coast – A high resolution palynological approach. Quaternary International 407, 47–63.","Holocene landscape development along the Portuguese Algarve coast - A high resolution palynological approach","Quaternary International",407,NA,"47-63",NA,"10.1016/j.quaint.2016.02.039",NA,NA,NA,NA,NA,NA,NA,NA,NA,NA,NA,NA,NA,"RPDv1b:1701|RPDv1b:1702",841,"Daut, G.",1,"Daut","G.",NA,NA,NA,NA,NA,NA,NA,NA,NA,"RPDv1b:1701",841,"RPDv1b",1702,13722,278.5,2.785,"m",0.01,"AMS","charcoal",5230,50,NA,NA,"Beta-248347",TRUE,NA,"-888888 Date is in uncalibrated radiocarbon years.","Ribeira do Farelo and Ribeira da Torre_POLLENSLIDE","counted","NaN-100",NA,NA,"",5230,5180,5280,5230,278.5,0.01,"-888888 Date is in uncalibrated radiocarbon years.",". Cal curve: NA. Source DB: RPDv1b","Fluvial","Carbon-14","Radiocarbon",-23.93478,7405.521,"Calibrated radiocarbon years BP","sedimentary charcoal","Data Sourcing: RPDv1b","Sample Age Source: GCDv4"
"841",61,"charcoal | >100um num",NA,292.5,NA,NA,6045.031,NA,NA,"GCDv4","Charcoal (sum)",">100 µm",100,NA,"False","True","number","Microscopic charcoal (pollen slide)","direct",NA,"CHAR",132,NA,NA,"quant_raw",0.3,"volume","cm^3","RPDv1b","1702","charcoal","count","unspec","pollen_slide","particle",">100um num",NA,">100um","num","RPDv1b","measured",1,"RPDv1b","ELEMENT=>100 µm","Ribeira do Farelo and Ribeira da Torre",37.151969,-8.594376,0.6,"north","Portugal",NA,"sedfluv",841,1,2016,"Schneider, H., Höfer, D., Trog, C., Mäusbacher, R., 2016. Holocene landscape development along the Portuguese Algarve coast – A high resolution palynological approach. Quaternary International 407, 47–63.","Holocene landscape development along the Portuguese Algarve coast - A high resolution palynological approach","Quaternary International",407,NA,"47-63",NA,"10.1016/j.quaint.2016.02.039",NA,NA,NA,NA,NA,NA,NA,NA,NA,NA,NA,NA,NA,"RPDv1b:1701|RPDv1b:1702",841,"Daut, G.",1,"Daut","G.",NA,NA,NA,NA,NA,NA,NA,NA,NA,"RPDv1b:1701",841,"RPDv1b",1702,13722,278.5,2.785,"m",0.01,"AMS","charcoal",5230,50,NA,NA,"Beta-248347",TRUE,NA,"-888888 Date is in uncalibrated radiocarbon years.","Ribeira do Farelo and Ribeira da Torre_POLLENSLIDE","counted","100-NaN",NA,NA,"",5230,5180,5280,5230,278.5,0.01,"-888888 Date is in uncalibrated radiocarbon years.",". Cal curve: NA. Source DB: RPDv1b","Fluvial","Carbon-14","Radiocarbon",-23.93478,7405.521,"Calibrated radiocarbon years BP","sedimentary charcoal","Data Sourcing: RPDv1b","Sample Age Source: GCDv4"
"841",61,"charcoal | num cm-2 yr-1",NA,292.5,NA,NA,6045.031,NA,NA,"GCDv4","Charcoal (sum)","(additional options)",NA,NA,"False","False","number cm-2 yr-1","Microscopic charcoal (pollen slide)","direct",NA,"CHAR",1987594.83536373,NA,NA,"quant_influx",NA,"","","GCDv4","GCDv4_1153","charcoal","count","unspec","pollen_slide","particle","num cm-2 yr-1",NA,"no_size","num cm-2 yr-1","RPDv1b","measured",1,"GCDv4","","Ribeira do Farelo and Ribeira da Torre",37.151969,-8.594376,0.6,"north","Portugal",NA,"sedfluv",841,1,2016,"Schneider, H., Höfer, D., Trog, C., Mäusbacher, R., 2016. Holocene landscape development along the Portuguese Algarve coast – A high resolution palynological approach. Quaternary International 407, 47–63.","Holocene landscape development along the Portuguese Algarve coast - A high resolution palynological approach","Quaternary International",407,NA,"47-63",NA,"10.1016/j.quaint.2016.02.039",NA,NA,NA,NA,NA,NA,NA,NA,NA,NA,NA,NA,NA,"RPDv1b:1701|RPDv1b:1702",841,"Daut, G.",1,"Daut","G.",NA,NA,NA,NA,NA,NA,NA,NA,NA,"RPDv1b:1701",841,"RPDv1b",1702,13722,278.5,2.785,"m",0.01,"AMS","charcoal",5230,50,NA,NA,"Beta-248347",TRUE,NA,"-888888 Date is in uncalibrated radiocarbon years.","Ribeira do Farelo and Ribeira da Torre_POLLENSLIDE",NA,NA,NA,NA,NA,5230,5180,5280,5230,278.5,0.01,"-888888 Date is in uncalibrated radiocarbon years.",". Cal curve: NA. Source DB: RPDv1b","Fluvial","Carbon-14","Radiocarbon",-23.93478,7405.521,"Calibrated radiocarbon years BP","sedimentary charcoal","Data Sourcing: GCDv4","Sample Age Source: GCDv4"
"841",62,"charcoal | <100um num",NA,308.5,NA,NA,6142.208,NA,NA,"GCDv4","Charcoal (sum)","<100 µm",NA,100,"True","False","number","Microscopic charcoal (pollen slide)","direct",NA,"CHAR",8769,NA,NA,"quant_raw",0.3,"volume","cm^3","RPDv1b","1701","charcoal","count","microchar","pollen_slide","particle","<100um num",NA,"<100um","num","RPDv1b","measured",1,"RPDv1b","ELEMENT=<100 µm","Ribeira do Farelo and Ribeira da Torre",37.151969,-8.594376,0.6,"north","Portugal",NA,"sedfluv",841,1,2016,"Schneider, H., Höfer, D., Trog, C., Mäusbacher, R., 2016. Holocene landscape development along the Portuguese Algarve coast – A high resolution palynological approach. Quaternary International 407, 47–63.","Holocene landscape development along the Portuguese Algarve coast - A high resolution palynological approach","Quaternary International",407,NA,"47-63",NA,"10.1016/j.quaint.2016.02.039",NA,NA,NA,NA,NA,NA,NA,NA,NA,NA,NA,NA,NA,"RPDv1b:1701|RPDv1b:1702",841,"Daut, G.",1,"Daut","G.",NA,NA,NA,NA,NA,NA,NA,NA,NA,"RPDv1b:1701",841,"RPDv1b",1702,13722,278.5,2.785,"m",0.01,"AMS","charcoal",5230,50,NA,NA,"Beta-248347",TRUE,NA,"-888888 Date is in uncalibrated radiocarbon years.","Ribeira do Farelo and Ribeira da Torre_POLLENSLIDE","counted","NaN-100",NA,NA,"",5230,5180,5280,5230,278.5,0.01,"-888888 Date is in uncalibrated radiocarbon years.",". Cal curve: NA. Source DB: RPDv1b","Fluvial","Carbon-14","Radiocarbon",-23.93478,7405.521,"Calibrated radiocarbon years BP","sedimentary charcoal","Data Sourcing: RPDv1b","Sample Age Source: GCDv4"
"841",62,"charcoal | >100um num",NA,308.5,NA,NA,6142.208,NA,NA,"GCDv4","Charcoal (sum)",">100 µm",100,NA,"False","True","number","Microscopic charcoal (pollen slide)","direct",NA,"CHAR",152,NA,NA,"quant_raw",0.3,"volume","cm^3","RPDv1b","1702","charcoal","count","unspec","pollen_slide","particle",">100um num",NA,">100um","num","RPDv1b","measured",1,"RPDv1b","ELEMENT=>100 µm","Ribeira do Farelo and Ribeira da Torre",37.151969,-8.594376,0.6,"north","Portugal",NA,"sedfluv",841,1,2016,"Schneider, H., Höfer, D., Trog, C., Mäusbacher, R., 2016. Holocene landscape development along the Portuguese Algarve coast – A high resolution palynological approach. Quaternary International 407, 47–63.","Holocene landscape development along the Portuguese Algarve coast - A high resolution palynological approach","Quaternary International",407,NA,"47-63",NA,"10.1016/j.quaint.2016.02.039",NA,NA,NA,NA,NA,NA,NA,NA,NA,NA,NA,NA,NA,"RPDv1b:1701|RPDv1b:1702",841,"Daut, G.",1,"Daut","G.",NA,NA,NA,NA,NA,NA,NA,NA,NA,"RPDv1b:1701",841,"RPDv1b",1702,13722,278.5,2.785,"m",0.01,"AMS","charcoal",5230,50,NA,NA,"Beta-248347",TRUE,NA,"-888888 Date is in uncalibrated radiocarbon years.","Ribeira do Farelo and Ribeira da Torre_POLLENSLIDE","counted","100-NaN",NA,NA,"",5230,5180,5280,5230,278.5,0.01,"-888888 Date is in uncalibrated radiocarbon years.",". Cal curve: NA. Source DB: RPDv1b","Fluvial","Carbon-14","Radiocarbon",-23.93478,7405.521,"Calibrated radiocarbon years BP","sedimentary charcoal","Data Sourcing: RPDv1b","Sample Age Source: GCDv4"
"841",62,"charcoal | num cm-2 yr-1",NA,308.5,NA,NA,6142.208,NA,NA,"GCDv4","Charcoal (sum)","(additional options)",NA,NA,"False","False","number cm-2 yr-1","Microscopic charcoal (pollen slide)","direct",NA,"CHAR",3431762.5513693,NA,NA,"quant_influx",NA,"","","GCDv4","GCDv4_1153","charcoal","count","unspec","pollen_slide","particle","num cm-2 yr-1",NA,"no_size","num cm-2 yr-1","RPDv1b","measured",1,"GCDv4","","Ribeira do Farelo and Ribeira da Torre",37.151969,-8.594376,0.6,"north","Portugal",NA,"sedfluv",841,1,2016,"Schneider, H., Höfer, D., Trog, C., Mäusbacher, R., 2016. Holocene landscape development along the Portuguese Algarve coast – A high resolution palynological approach. Quaternary International 407, 47–63.","Holocene landscape development along the Portuguese Algarve coast - A high resolution palynological approach","Quaternary International",407,NA,"47-63",NA,"10.1016/j.quaint.2016.02.039",NA,NA,NA,NA,NA,NA,NA,NA,NA,NA,NA,NA,NA,"RPDv1b:1701|RPDv1b:1702",841,"Daut, G.",1,"Daut","G.",NA,NA,NA,NA,NA,NA,NA,NA,NA,"RPDv1b:1701",841,"RPDv1b",1702,13722,278.5,2.785,"m",0.01,"AMS","charcoal",5230,50,NA,NA,"Beta-248347",TRUE,NA,"-888888 Date is in uncalibrated radiocarbon years.","Ribeira do Farelo and Ribeira da Torre_POLLENSLIDE",NA,NA,NA,NA,NA,5230,5180,5280,5230,278.5,0.01,"-888888 Date is in uncalibrated radiocarbon years.",". Cal curve: NA. Source DB: RPDv1b","Fluvial","Carbon-14","Radiocarbon",-23.93478,7405.521,"Calibrated radiocarbon years BP","sedimentary charcoal","Data Sourcing: GCDv4","Sample Age Source: GCDv4"
"841",63,"charcoal | <100um num",NA,324.5,NA,NA,6239.387,NA,NA,"GCDv4","Charcoal (sum)","<100 µm",NA,100,"True","False","number","Microscopic charcoal (pollen slide)","direct",NA,"CHAR",21621,NA,NA,"quant_raw",0.3,"volume","cm^3","RPDv1b","1701","charcoal","count","microchar","pollen_slide","particle","<100um num",NA,"<100um","num","RPDv1b","measured",1,"RPDv1b","ELEMENT=<100 µm","Ribeira do Farelo and Ribeira da Torre",37.151969,-8.594376,0.6,"north","Portugal",NA,"sedfluv",841,1,2016,"Schneider, H., Höfer, D., Trog, C., Mäusbacher, R., 2016. Holocene landscape development along the Portuguese Algarve coast – A high resolution palynological approach. Quaternary International 407, 47–63.","Holocene landscape development along the Portuguese Algarve coast - A high resolution palynological approach","Quaternary International",407,NA,"47-63",NA,"10.1016/j.quaint.2016.02.039",NA,NA,NA,NA,NA,NA,NA,NA,NA,NA,NA,NA,NA,"RPDv1b:1701|RPDv1b:1702",841,"Daut, G.",1,"Daut","G.",NA,NA,NA,NA,NA,NA,NA,NA,NA,"RPDv1b:1701",841,"RPDv1b",1702,13722,278.5,2.785,"m",0.01,"AMS","charcoal",5230,50,NA,NA,"Beta-248347",TRUE,NA,"-888888 Date is in uncalibrated radiocarbon years.","Ribeira do Farelo and Ribeira da Torre_POLLENSLIDE","counted","NaN-100",NA,NA,"",5230,5180,5280,5230,278.5,0.01,"-888888 Date is in uncalibrated radiocarbon years.",". Cal curve: NA. Source DB: RPDv1b","Fluvial","Carbon-14","Radiocarbon",-23.93478,7405.521,"Calibrated radiocarbon years BP","sedimentary charcoal","Data Sourcing: RPDv1b","Sample Age Source: GCDv4"
"841",63,"charcoal | >100um num",NA,324.5,NA,NA,6239.387,NA,NA,"GCDv4","Charcoal (sum)",">100 µm",100,NA,"False","True","number","Microscopic charcoal (pollen slide)","direct",NA,"CHAR",343,NA,NA,"quant_raw",0.3,"volume","cm^3","RPDv1b","1702","charcoal","count","unspec","pollen_slide","particle",">100um num",NA,">100um","num","RPDv1b","measured",1,"RPDv1b","ELEMENT=>100 µm","Ribeira do Farelo and Ribeira da Torre",37.151969,-8.594376,0.6,"north","Portugal",NA,"sedfluv",841,1,2016,"Schneider, H., Höfer, D., Trog, C., Mäusbacher, R., 2016. Holocene landscape development along the Portuguese Algarve coast – A high resolution palynological approach. Quaternary International 407, 47–63.","Holocene landscape development along the Portuguese Algarve coast - A high resolution palynological approach","Quaternary International",407,NA,"47-63",NA,"10.1016/j.quaint.2016.02.039",NA,NA,NA,NA,NA,NA,NA,NA,NA,NA,NA,NA,NA,"RPDv1b:1701|RPDv1b:1702",841,"Daut, G.",1,"Daut","G.",NA,NA,NA,NA,NA,NA,NA,NA,NA,"RPDv1b:1701",841,"RPDv1b",1702,13722,278.5,2.785,"m",0.01,"AMS","charcoal",5230,50,NA,NA,"Beta-248347",TRUE,NA,"-888888 Date is in uncalibrated radiocarbon years.","Ribeira do Farelo and Ribeira da Torre_POLLENSLIDE","counted","100-NaN",NA,NA,"",5230,5180,5280,5230,278.5,0.01,"-888888 Date is in uncalibrated radiocarbon years.",". Cal curve: NA. Source DB: RPDv1b","Fluvial","Carbon-14","Radiocarbon",-23.93478,7405.521,"Calibrated radiocarbon years BP","sedimentary charcoal","Data Sourcing: RPDv1b","Sample Age Source: GCDv4"
"841",63,"charcoal | num cm-2 yr-1",NA,324.5,NA,NA,6239.387,NA,NA,"GCDv4","Charcoal (sum)","(additional options)",NA,NA,"False","False","number cm-2 yr-1","Microscopic charcoal (pollen slide)","direct",NA,"CHAR",5852201.68023136,NA,NA,"quant_influx",NA,"","","GCDv4","GCDv4_1153","charcoal","count","unspec","pollen_slide","particle","num cm-2 yr-1",NA,"no_size","num cm-2 yr-1","RPDv1b","measured",1,"GCDv4","","Ribeira do Farelo and Ribeira da Torre",37.151969,-8.594376,0.6,"north","Portugal",NA,"sedfluv",841,1,2016,"Schneider, H., Höfer, D., Trog, C., Mäusbacher, R., 2016. Holocene landscape development along the Portuguese Algarve coast – A high resolution palynological approach. Quaternary International 407, 47–63.","Holocene landscape development along the Portuguese Algarve coast - A high resolution palynological approach","Quaternary International",407,NA,"47-63",NA,"10.1016/j.quaint.2016.02.039",NA,NA,NA,NA,NA,NA,NA,NA,NA,NA,NA,NA,NA,"RPDv1b:1701|RPDv1b:1702",841,"Daut, G.",1,"Daut","G.",NA,NA,NA,NA,NA,NA,NA,NA,NA,"RPDv1b:1701",841,"RPDv1b",1702,13722,278.5,2.785,"m",0.01,"AMS","charcoal",5230,50,NA,NA,"Beta-248347",TRUE,NA,"-888888 Date is in uncalibrated radiocarbon years.","Ribeira do Farelo and Ribeira da Torre_POLLENSLIDE",NA,NA,NA,NA,NA,5230,5180,5280,5230,278.5,0.01,"-888888 Date is in uncalibrated radiocarbon years.",". Cal curve: NA. Source DB: RPDv1b","Fluvial","Carbon-14","Radiocarbon",-23.93478,7405.521,"Calibrated radiocarbon years BP","sedimentary charcoal","Data Sourcing: GCDv4","Sample Age Source: GCDv4"
"841",64,"charcoal | <100um num",NA,340.5,NA,NA,6336.564,NA,NA,"GCDv4","Charcoal (sum)","<100 µm",NA,100,"True","False","number","Microscopic charcoal (pollen slide)","direct",NA,"CHAR",35451,NA,NA,"quant_raw",0.3,"volume","cm^3","RPDv1b","1701","charcoal","count","microchar","pollen_slide","particle","<100um num",NA,"<100um","num","RPDv1b","measured",1,"RPDv1b","ELEMENT=<100 µm","Ribeira do Farelo and Ribeira da Torre",37.151969,-8.594376,0.6,"north","Portugal",NA,"sedfluv",841,1,2016,"Schneider, H., Höfer, D., Trog, C., Mäusbacher, R., 2016. Holocene landscape development along the Portuguese Algarve coast – A high resolution palynological approach. Quaternary International 407, 47–63.","Holocene landscape development along the Portuguese Algarve coast - A high resolution palynological approach","Quaternary International",407,NA,"47-63",NA,"10.1016/j.quaint.2016.02.039",NA,NA,NA,NA,NA,NA,NA,NA,NA,NA,NA,NA,NA,"RPDv1b:1701|RPDv1b:1702",841,"Daut, G.",1,"Daut","G.",NA,NA,NA,NA,NA,NA,NA,NA,NA,"RPDv1b:1701",841,"RPDv1b",1702,13723,324,3.24,"m",0.01,"AMS","charcoal",5060,40,NA,NA,"Beta-248348",TRUE,NA,"-888888 Date is in uncalibrated radiocarbon years.","Ribeira do Farelo and Ribeira da Torre_POLLENSLIDE","counted","NaN-100",NA,NA,"",5060,5020,5100,5060,324,0.01,"-888888 Date is in uncalibrated radiocarbon years.",". Cal curve: NA. Source DB: RPDv1b","Fluvial","Carbon-14","Radiocarbon",-23.93478,7405.521,"Calibrated radiocarbon years BP","sedimentary charcoal","Data Sourcing: RPDv1b","Sample Age Source: GCDv4"
"841",64,"charcoal | >100um num",NA,340.5,NA,NA,6336.564,NA,NA,"GCDv4","Charcoal (sum)",">100 µm",100,NA,"False","True","number","Microscopic charcoal (pollen slide)","direct",NA,"CHAR",346,NA,NA,"quant_raw",0.3,"volume","cm^3","RPDv1b","1702","charcoal","count","unspec","pollen_slide","particle",">100um num",NA,">100um","num","RPDv1b","measured",1,"RPDv1b","ELEMENT=>100 µm","Ribeira do Farelo and Ribeira da Torre",37.151969,-8.594376,0.6,"north","Portugal",NA,"sedfluv",841,1,2016,"Schneider, H., Höfer, D., Trog, C., Mäusbacher, R., 2016. Holocene landscape development along the Portuguese Algarve coast – A high resolution palynological approach. Quaternary International 407, 47–63.","Holocene landscape development along the Portuguese Algarve coast - A high resolution palynological approach","Quaternary International",407,NA,"47-63",NA,"10.1016/j.quaint.2016.02.039",NA,NA,NA,NA,NA,NA,NA,NA,NA,NA,NA,NA,NA,"RPDv1b:1701|RPDv1b:1702",841,"Daut, G.",1,"Daut","G.",NA,NA,NA,NA,NA,NA,NA,NA,NA,"RPDv1b:1701",841,"RPDv1b",1702,13723,324,3.24,"m",0.01,"AMS","charcoal",5060,40,NA,NA,"Beta-248348",TRUE,NA,"-888888 Date is in uncalibrated radiocarbon years.","Ribeira do Farelo and Ribeira da Torre_POLLENSLIDE","counted","100-NaN",NA,NA,"",5060,5020,5100,5060,324,0.01,"-888888 Date is in uncalibrated radiocarbon years.",". Cal curve: NA. Source DB: RPDv1b","Fluvial","Carbon-14","Radiocarbon",-23.93478,7405.521,"Calibrated radiocarbon years BP","sedimentary charcoal","Data Sourcing: RPDv1b","Sample Age Source: GCDv4"
"841",64,"charcoal | num cm-2 yr-1",NA,340.5,NA,NA,6336.564,NA,NA,"GCDv4","Charcoal (sum)","(additional options)",NA,NA,"False","False","number cm-2 yr-1","Microscopic charcoal (pollen slide)","direct",NA,"CHAR",2614033.13936907,NA,NA,"quant_influx",NA,"","","GCDv4","GCDv4_1153","charcoal","count","unspec","pollen_slide","particle","num cm-2 yr-1",NA,"no_size","num cm-2 yr-1","RPDv1b","measured",1,"GCDv4","","Ribeira do Farelo and Ribeira da Torre",37.151969,-8.594376,0.6,"north","Portugal",NA,"sedfluv",841,1,2016,"Schneider, H., Höfer, D., Trog, C., Mäusbacher, R., 2016. Holocene landscape development along the Portuguese Algarve coast – A high resolution palynological approach. Quaternary International 407, 47–63.","Holocene landscape development along the Portuguese Algarve coast - A high resolution palynological approach","Quaternary International",407,NA,"47-63",NA,"10.1016/j.quaint.2016.02.039",NA,NA,NA,NA,NA,NA,NA,NA,NA,NA,NA,NA,NA,"RPDv1b:1701|RPDv1b:1702",841,"Daut, G.",1,"Daut","G.",NA,NA,NA,NA,NA,NA,NA,NA,NA,"RPDv1b:1701",841,"RPDv1b",1702,13723,324,3.24,"m",0.01,"AMS","charcoal",5060,40,NA,NA,"Beta-248348",TRUE,NA,"-888888 Date is in uncalibrated radiocarbon years.","Ribeira do Farelo and Ribeira da Torre_POLLENSLIDE",NA,NA,NA,NA,NA,5060,5020,5100,5060,324,0.01,"-888888 Date is in uncalibrated radiocarbon years.",". Cal curve: NA. Source DB: RPDv1b","Fluvial","Carbon-14","Radiocarbon",-23.93478,7405.521,"Calibrated radiocarbon years BP","sedimentary charcoal","Data Sourcing: GCDv4","Sample Age Source: GCDv4"
"841",65,"charcoal | <100um num",NA,356.5,NA,NA,6433.742,NA,NA,"GCDv4","Charcoal (sum)","<100 µm",NA,100,"True","False","number","Microscopic charcoal (pollen slide)","direct",NA,"CHAR",8632,NA,NA,"quant_raw",0.3,"volume","cm^3","RPDv1b","1701","charcoal","count","microchar","pollen_slide","particle","<100um num",NA,"<100um","num","RPDv1b","measured",1,"RPDv1b","ELEMENT=<100 µm","Ribeira do Farelo and Ribeira da Torre",37.151969,-8.594376,0.6,"north","Portugal",NA,"sedfluv",841,1,2016,"Schneider, H., Höfer, D., Trog, C., Mäusbacher, R., 2016. Holocene landscape development along the Portuguese Algarve coast – A high resolution palynological approach. Quaternary International 407, 47–63.","Holocene landscape development along the Portuguese Algarve coast - A high resolution palynological approach","Quaternary International",407,NA,"47-63",NA,"10.1016/j.quaint.2016.02.039",NA,NA,NA,NA,NA,NA,NA,NA,NA,NA,NA,NA,NA,"RPDv1b:1701|RPDv1b:1702",841,"Daut, G.",1,"Daut","G.",NA,NA,NA,NA,NA,NA,NA,NA,NA,"RPDv1b:1701",841,"RPDv1b",1702,13723,324,3.24,"m",0.01,"AMS","charcoal",5060,40,NA,NA,"Beta-248348",TRUE,NA,"-888888 Date is in uncalibrated radiocarbon years.","Ribeira do Farelo and Ribeira da Torre_POLLENSLIDE","counted","NaN-100",NA,NA,"",5060,5020,5100,5060,324,0.01,"-888888 Date is in uncalibrated radiocarbon years.",". Cal curve: NA. Source DB: RPDv1b","Fluvial","Carbon-14","Radiocarbon",-23.93478,7405.521,"Calibrated radiocarbon years BP","sedimentary charcoal","Data Sourcing: RPDv1b","Sample Age Source: GCDv4"
"841",65,"charcoal | >100um num",NA,356.5,NA,NA,6433.742,NA,NA,"GCDv4","Charcoal (sum)",">100 µm",100,NA,"False","True","number","Microscopic charcoal (pollen slide)","direct",NA,"CHAR",165,NA,NA,"quant_raw",0.3,"volume","cm^3","RPDv1b","1702","charcoal","count","unspec","pollen_slide","particle",">100um num",NA,">100um","num","RPDv1b","measured",1,"RPDv1b","ELEMENT=>100 µm","Ribeira do Farelo and Ribeira da Torre",37.151969,-8.594376,0.6,"north","Portugal",NA,"sedfluv",841,1,2016,"Schneider, H., Höfer, D., Trog, C., Mäusbacher, R., 2016. Holocene landscape development along the Portuguese Algarve coast – A high resolution palynological approach. Quaternary International 407, 47–63.","Holocene landscape development along the Portuguese Algarve coast - A high resolution palynological approach","Quaternary International",407,NA,"47-63",NA,"10.1016/j.quaint.2016.02.039",NA,NA,NA,NA,NA,NA,NA,NA,NA,NA,NA,NA,NA,"RPDv1b:1701|RPDv1b:1702",841,"Mäusbacher, R.",1,"Mäusbacher","R.",NA,NA,NA,NA,NA,NA,NA,NA,NA,"RPDv1b:1701",841,"RPDv1b",1702,13723,324,3.24,"m",0.01,"AMS","charcoal",5060,40,NA,NA,"Beta-248348",TRUE,NA,"-888888 Date is in uncalibrated radiocarbon years.","Ribeira do Farelo and Ribeira da Torre_POLLENSLIDE","counted","100-NaN",NA,NA,"",5060,5020,5100,5060,324,0.01,"-888888 Date is in uncalibrated radiocarbon years.",". Cal curve: NA. Source DB: RPDv1b","Fluvial","Carbon-14","Radiocarbon",-23.93478,7405.521,"Calibrated radiocarbon years BP","sedimentary charcoal","Data Sourcing: RPDv1b","Sample Age Source: GCDv4"
"841",65,"charcoal | num cm-2 yr-1",NA,356.5,NA,NA,6433.742,NA,NA,"GCDv4","Charcoal (sum)","(additional options)",NA,NA,"False","False","number cm-2 yr-1","Microscopic charcoal (pollen slide)","direct",NA,"CHAR",2458850.24066338,NA,NA,"quant_influx",NA,"","","GCDv4","GCDv4_1153","charcoal","count","unspec","pollen_slide","particle","num cm-2 yr-1",NA,"no_size","num cm-2 yr-1","RPDv1b","measured",1,"GCDv4","","Ribeira do Farelo and Ribeira da Torre",37.151969,-8.594376,0.6,"north","Portugal",NA,"sedfluv",841,1,2016,"Schneider, H., Höfer, D., Trog, C., Mäusbacher, R., 2016. Holocene landscape development along the Portuguese Algarve coast – A high resolution palynological approach. Quaternary International 407, 47–63.","Holocene landscape development along the Portuguese Algarve coast - A high resolution palynological approach","Quaternary International",407,NA,"47-63",NA,"10.1016/j.quaint.2016.02.039",NA,NA,NA,NA,NA,NA,NA,NA,NA,NA,NA,NA,NA,"RPDv1b:1701|RPDv1b:1702",841,"Mäusbacher, R.",1,"Mäusbacher","R.",NA,NA,NA,NA,NA,NA,NA,NA,NA,"RPDv1b:1701",841,"RPDv1b",1702,13723,324,3.24,"m",0.01,"AMS","charcoal",5060,40,NA,NA,"Beta-248348",TRUE,NA,"-888888 Date is in uncalibrated radiocarbon years.","Ribeira do Farelo and Ribeira da Torre_POLLENSLIDE",NA,NA,NA,NA,NA,5060,5020,5100,5060,324,0.01,"-888888 Date is in uncalibrated radiocarbon years.",". Cal curve: NA. Source DB: RPDv1b","Fluvial","Carbon-14","Radiocarbon",-23.93478,7405.521,"Calibrated radiocarbon years BP","sedimentary charcoal","Data Sourcing: GCDv4","Sample Age Source: GCDv4"
"841",66,"charcoal | <100um num",NA,372.5,NA,NA,6530.92,NA,NA,"GCDv4","Charcoal (sum)","<100 µm",NA,100,"True","False","number","Microscopic charcoal (pollen slide)","direct",NA,"CHAR",11684,NA,NA,"quant_raw",0.3,"volume","cm^3","RPDv1b","1701","charcoal","count","microchar","pollen_slide","particle","<100um num",NA,"<100um","num","RPDv1b","measured",1,"RPDv1b","ELEMENT=<100 µm","Ribeira do Farelo and Ribeira da Torre",37.151969,-8.594376,0.6,"north","Portugal",NA,"sedfluv",841,1,2016,"Schneider, H., Höfer, D., Trog, C., Mäusbacher, R., 2016. Holocene landscape development along the Portuguese Algarve coast – A high resolution palynological approach. Quaternary International 407, 47–63.","Holocene landscape development along the Portuguese Algarve coast - A high resolution palynological approach","Quaternary International",407,NA,"47-63",NA,"10.1016/j.quaint.2016.02.039",NA,NA,NA,NA,NA,NA,NA,NA,NA,NA,NA,NA,NA,"RPDv1b:1701|RPDv1b:1702",841,"Mäusbacher, R.",1,"Mäusbacher","R.",NA,NA,NA,NA,NA,NA,NA,NA,NA,"RPDv1b:1701",841,"RPDv1b",1702,13723,324,3.24,"m",0.01,"AMS","charcoal",5060,40,NA,NA,"Beta-248348",TRUE,NA,"-888888 Date is in uncalibrated radiocarbon years.","Ribeira do Farelo and Ribeira da Torre_POLLENSLIDE","counted","NaN-100",NA,NA,"",5060,5020,5100,5060,324,0.01,"-888888 Date is in uncalibrated radiocarbon years.",". Cal curve: NA. Source DB: RPDv1b","Fluvial","Carbon-14","Radiocarbon",-23.93478,7405.521,"Calibrated radiocarbon years BP","sedimentary charcoal","Data Sourcing: RPDv1b","Sample Age Source: GCDv4"
"841",66,"charcoal | >100um num",NA,372.5,NA,NA,6530.92,NA,NA,"GCDv4","Charcoal (sum)",">100 µm",100,NA,"False","True","number","Microscopic charcoal (pollen slide)","direct",NA,"CHAR",107,NA,NA,"quant_raw",0.3,"volume","cm^3","RPDv1b","1702","charcoal","count","unspec","pollen_slide","particle",">100um num",NA,">100um","num","RPDv1b","measured",1,"RPDv1b","ELEMENT=>100 µm","Ribeira do Farelo and Ribeira da Torre",37.151969,-8.594376,0.6,"north","Portugal",NA,"sedfluv",841,1,2016,"Schneider, H., Höfer, D., Trog, C., Mäusbacher, R., 2016. Holocene landscape development along the Portuguese Algarve coast – A high resolution palynological approach. Quaternary International 407, 47–63.","Holocene landscape development along the Portuguese Algarve coast - A high resolution palynological approach","Quaternary International",407,NA,"47-63",NA,"10.1016/j.quaint.2016.02.039",NA,NA,NA,NA,NA,NA,NA,NA,NA,NA,NA,NA,NA,"RPDv1b:1701|RPDv1b:1702",841,"Mäusbacher, R.",1,"Mäusbacher","R.",NA,NA,NA,NA,NA,NA,NA,NA,NA,"RPDv1b:1701",841,"RPDv1b",1702,13723,324,3.24,"m",0.01,"AMS","charcoal",5060,40,NA,NA,"Beta-248348",TRUE,NA,"-888888 Date is in uncalibrated radiocarbon years.","Ribeira do Farelo and Ribeira da Torre_POLLENSLIDE","counted","100-NaN",NA,NA,"",5060,5020,5100,5060,324,0.01,"-888888 Date is in uncalibrated radiocarbon years.",". Cal curve: NA. Source DB: RPDv1b","Fluvial","Carbon-14","Radiocarbon",-23.93478,7405.521,"Calibrated radiocarbon years BP","sedimentary charcoal","Data Sourcing: RPDv1b","Sample Age Source: GCDv4"
"841",66,"charcoal | num cm-2 yr-1",NA,372.5,NA,NA,6530.92,NA,NA,"GCDv4","Charcoal (sum)","(additional options)",NA,NA,"False","False","number cm-2 yr-1","Microscopic charcoal (pollen slide)","direct",NA,"CHAR",1800331.50739262,NA,NA,"quant_influx",NA,"","","GCDv4","GCDv4_1153","charcoal","count","unspec","pollen_slide","particle","num cm-2 yr-1",NA,"no_size","num cm-2 yr-1","RPDv1b","measured",1,"GCDv4","","Ribeira do Farelo and Ribeira da Torre",37.151969,-8.594376,0.6,"north","Portugal",NA,"sedfluv",841,1,2016,"Schneider, H., Höfer, D., Trog, C., Mäusbacher, R., 2016. Holocene landscape development along the Portuguese Algarve coast – A high resolution palynological approach. Quaternary International 407, 47–63.","Holocene landscape development along the Portuguese Algarve coast - A high resolution palynological approach","Quaternary International",407,NA,"47-63",NA,"10.1016/j.quaint.2016.02.039",NA,NA,NA,NA,NA,NA,NA,NA,NA,NA,NA,NA,NA,"RPDv1b:1701|RPDv1b:1702",841,"Mäusbacher, R.",1,"Mäusbacher","R.",NA,NA,NA,NA,NA,NA,NA,NA,NA,"RPDv1b:1701",841,"RPDv1b",1702,13723,324,3.24,"m",0.01,"AMS","charcoal",5060,40,NA,NA,"Beta-248348",TRUE,NA,"-888888 Date is in uncalibrated radiocarbon years.","Ribeira do Farelo and Ribeira da Torre_POLLENSLIDE",NA,NA,NA,NA,NA,5060,5020,5100,5060,324,0.01,"-888888 Date is in uncalibrated radiocarbon years.",". Cal curve: NA. Source DB: RPDv1b","Fluvial","Carbon-14","Radiocarbon",-23.93478,7405.521,"Calibrated radiocarbon years BP","sedimentary charcoal","Data Sourcing: GCDv4","Sample Age Source: GCDv4"
"841",67,"charcoal | <100um num",NA,388.5,NA,NA,6628.098,NA,NA,"GCDv4","Charcoal (sum)","<100 µm",NA,100,"True","False","number","Microscopic charcoal (pollen slide)","direct",NA,"CHAR",8435,NA,NA,"quant_raw",0.3,"volume","cm^3","RPDv1b","1701","charcoal","count","microchar","pollen_slide","particle","<100um num",NA,"<100um","num","RPDv1b","measured",1,"RPDv1b","ELEMENT=<100 µm","Ribeira do Farelo and Ribeira da Torre",37.151969,-8.594376,0.6,"north","Portugal",NA,"sedfluv",841,1,2016,"Schneider, H., Höfer, D., Trog, C., Mäusbacher, R., 2016. Holocene landscape development along the Portuguese Algarve coast – A high resolution palynological approach. Quaternary International 407, 47–63.","Holocene landscape development along the Portuguese Algarve coast - A high resolution palynological approach","Quaternary International",407,NA,"47-63",NA,"10.1016/j.quaint.2016.02.039",NA,NA,NA,NA,NA,NA,NA,NA,NA,NA,NA,NA,NA,"RPDv1b:1701|RPDv1b:1702",841,"Mäusbacher, R.",1,"Mäusbacher","R.",NA,NA,NA,NA,NA,NA,NA,NA,NA,"RPDv1b:1701",841,"RPDv1b",1702,13723,324,3.24,"m",0.01,"AMS","charcoal",5060,40,NA,NA,"Beta-248348",TRUE,NA,"-888888 Date is in uncalibrated radiocarbon years.","Ribeira do Farelo and Ribeira da Torre_POLLENSLIDE","counted","NaN-100",NA,NA,"",5060,5020,5100,5060,324,0.01,"-888888 Date is in uncalibrated radiocarbon years.",". Cal curve: NA. Source DB: RPDv1b","Fluvial","Carbon-14","Radiocarbon",-23.93478,7405.521,"Calibrated radiocarbon years BP","sedimentary charcoal","Data Sourcing: RPDv1b","Sample Age Source: GCDv4"
"841",67,"charcoal | >100um num",NA,388.5,NA,NA,6628.098,NA,NA,"GCDv4","Charcoal (sum)",">100 µm",100,NA,"False","True","number","Microscopic charcoal (pollen slide)","direct",NA,"CHAR",158,NA,NA,"quant_raw",0.3,"volume","cm^3","RPDv1b","1702","charcoal","count","unspec","pollen_slide","particle",">100um num",NA,">100um","num","RPDv1b","measured",1,"RPDv1b","ELEMENT=>100 µm","Ribeira do Farelo and Ribeira da Torre",37.151969,-8.594376,0.6,"north","Portugal",NA,"sedfluv",841,1,2016,"Schneider, H., Höfer, D., Trog, C., Mäusbacher, R., 2016. Holocene landscape development along the Portuguese Algarve coast – A high resolution palynological approach. Quaternary International 407, 47–63.","Holocene landscape development along the Portuguese Algarve coast - A high resolution palynological approach","Quaternary International",407,NA,"47-63",NA,"10.1016/j.quaint.2016.02.039",NA,NA,NA,NA,NA,NA,NA,NA,NA,NA,NA,NA,NA,"RPDv1b:1701|RPDv1b:1702",841,"Mäusbacher, R.",1,"Mäusbacher","R.",NA,NA,NA,NA,NA,NA,NA,NA,NA,"RPDv1b:1701",841,"RPDv1b",1702,13723,324,3.24,"m",0.01,"AMS","charcoal",5060,40,NA,NA,"Beta-248348",TRUE,NA,"-888888 Date is in uncalibrated radiocarbon years.","Ribeira do Farelo and Ribeira da Torre_POLLENSLIDE","counted","100-NaN",NA,NA,"",5060,5020,5100,5060,324,0.01,"-888888 Date is in uncalibrated radiocarbon years.",". Cal curve: NA. Source DB: RPDv1b","Fluvial","Carbon-14","Radiocarbon",-23.93478,7405.521,"Calibrated radiocarbon years BP","sedimentary charcoal","Data Sourcing: RPDv1b","Sample Age Source: GCDv4"
"841",67,"charcoal | num cm-2 yr-1",NA,388.5,NA,NA,6628.098,NA,NA,"GCDv4","Charcoal (sum)","(additional options)",NA,NA,"False","False","number cm-2 yr-1","Microscopic charcoal (pollen slide)","direct",NA,"CHAR",692855.427783522,NA,NA,"quant_influx",NA,"","","GCDv4","GCDv4_1153","charcoal","count","unspec","pollen_slide","particle","num cm-2 yr-1",NA,"no_size","num cm-2 yr-1","RPDv1b","measured",1,"GCDv4","","Ribeira do Farelo and Ribeira da Torre",37.151969,-8.594376,0.6,"north","Portugal",NA,"sedfluv",841,1,2016,"Schneider, H., Höfer, D., Trog, C., Mäusbacher, R., 2016. Holocene landscape development along the Portuguese Algarve coast – A high resolution palynological approach. Quaternary International 407, 47–63.","Holocene landscape development along the Portuguese Algarve coast - A high resolution palynological approach","Quaternary International",407,NA,"47-63",NA,"10.1016/j.quaint.2016.02.039",NA,NA,NA,NA,NA,NA,NA,NA,NA,NA,NA,NA,NA,"RPDv1b:1701|RPDv1b:1702",841,"Mäusbacher, R.",1,"Mäusbacher","R.",NA,NA,NA,NA,NA,NA,NA,NA,NA,"RPDv1b:1701",841,"RPDv1b",1702,13723,324,3.24,"m",0.01,"AMS","charcoal",5060,40,NA,NA,"Beta-248348",TRUE,NA,"-888888 Date is in uncalibrated radiocarbon years.","Ribeira do Farelo and Ribeira da Torre_POLLENSLIDE",NA,NA,NA,NA,NA,5060,5020,5100,5060,324,0.01,"-888888 Date is in uncalibrated radiocarbon years.",". Cal curve: NA. Source DB: RPDv1b","Fluvial","Carbon-14","Radiocarbon",-23.93478,7405.521,"Calibrated radiocarbon years BP","sedimentary charcoal","Data Sourcing: GCDv4","Sample Age Source: GCDv4"
"841",68,"charcoal | <100um num",NA,404.5,NA,NA,6725.276,NA,NA,"GCDv4","Charcoal (sum)","<100 µm",NA,100,"True","False","number","Microscopic charcoal (pollen slide)","direct",NA,"CHAR",9406,NA,NA,"quant_raw",0.3,"volume","cm^3","RPDv1b","1701","charcoal","count","microchar","pollen_slide","particle","<100um num",NA,"<100um","num","RPDv1b","measured",1,"RPDv1b","ELEMENT=<100 µm","Ribeira do Farelo and Ribeira da Torre",37.151969,-8.594376,0.6,"north","Portugal",NA,"sedfluv",841,1,2016,"Schneider, H., Höfer, D., Trog, C., Mäusbacher, R., 2016. Holocene landscape development along the Portuguese Algarve coast – A high resolution palynological approach. Quaternary International 407, 47–63.","Holocene landscape development along the Portuguese Algarve coast - A high resolution palynological approach","Quaternary International",407,NA,"47-63",NA,"10.1016/j.quaint.2016.02.039",NA,NA,NA,NA,NA,NA,NA,NA,NA,NA,NA,NA,NA,"RPDv1b:1701|RPDv1b:1702",841,"Mäusbacher, R.",1,"Mäusbacher","R.",NA,NA,NA,NA,NA,NA,NA,NA,NA,"RPDv1b:1701",841,"RPDv1b",1702,13724,523,5.23,"m",0.01,"AMS","bulk sediment",6530,50,NA,NA,"Beta-248349",TRUE,NA,"-888888 Date is in uncalibrated radiocarbon years.","Ribeira do Farelo and Ribeira da Torre_POLLENSLIDE","counted","NaN-100",NA,NA,"",6530,6480,6580,6530,523,0.01,"-888888 Date is in uncalibrated radiocarbon years.",". Cal curve: NA. Source DB: RPDv1b","Fluvial","Carbon-14","Radiocarbon",-23.93478,7405.521,"Calibrated radiocarbon years BP","sedimentary charcoal","Data Sourcing: RPDv1b","Sample Age Source: GCDv4"
"841",68,"charcoal | >100um num",NA,404.5,NA,NA,6725.276,NA,NA,"GCDv4","Charcoal (sum)",">100 µm",100,NA,"False","True","number","Microscopic charcoal (pollen slide)","direct",NA,"CHAR",69,NA,NA,"quant_raw",0.3,"volume","cm^3","RPDv1b","1702","charcoal","count","unspec","pollen_slide","particle",">100um num",NA,">100um","num","RPDv1b","measured",1,"RPDv1b","ELEMENT=>100 µm","Ribeira do Farelo and Ribeira da Torre",37.151969,-8.594376,0.6,"north","Portugal",NA,"sedfluv",841,1,2016,"Schneider, H., Höfer, D., Trog, C., Mäusbacher, R., 2016. Holocene landscape development along the Portuguese Algarve coast – A high resolution palynological approach. Quaternary International 407, 47–63.","Holocene landscape development along the Portuguese Algarve coast - A high resolution palynological approach","Quaternary International",407,NA,"47-63",NA,"10.1016/j.quaint.2016.02.039",NA,NA,NA,NA,NA,NA,NA,NA,NA,NA,NA,NA,NA,"RPDv1b:1701|RPDv1b:1702",841,"Mäusbacher, R.",1,"Mäusbacher","R.",NA,NA,NA,NA,NA,NA,NA,NA,NA,"RPDv1b:1701",841,"RPDv1b",1702,13724,523,5.23,"m",0.01,"AMS","bulk sediment",6530,50,NA,NA,"Beta-248349",TRUE,NA,"-888888 Date is in uncalibrated radiocarbon years.","Ribeira do Farelo and Ribeira da Torre_POLLENSLIDE","counted","100-NaN",NA,NA,"",6530,6480,6580,6530,523,0.01,"-888888 Date is in uncalibrated radiocarbon years.",". Cal curve: NA. Source DB: RPDv1b","Fluvial","Carbon-14","Radiocarbon",-23.93478,7405.521,"Calibrated radiocarbon years BP","sedimentary charcoal","Data Sourcing: RPDv1b","Sample Age Source: GCDv4"
"841",68,"charcoal | num cm-2 yr-1",NA,404.5,NA,NA,6725.276,NA,NA,"GCDv4","Charcoal (sum)","(additional options)",NA,NA,"False","False","number cm-2 yr-1","Microscopic charcoal (pollen slide)","direct",NA,"CHAR",1965099.21486241,NA,NA,"quant_influx",NA,"","","GCDv4","GCDv4_1153","charcoal","count","unspec","pollen_slide","particle","num cm-2 yr-1",NA,"no_size","num cm-2 yr-1","RPDv1b","measured",1,"GCDv4","","Ribeira do Farelo and Ribeira da Torre",37.151969,-8.594376,0.6,"north","Portugal",NA,"sedfluv",841,1,2016,"Schneider, H., Höfer, D., Trog, C., Mäusbacher, R., 2016. Holocene landscape development along the Portuguese Algarve coast – A high resolution palynological approach. Quaternary International 407, 47–63.","Holocene landscape development along the Portuguese Algarve coast - A high resolution palynological approach","Quaternary International",407,NA,"47-63",NA,"10.1016/j.quaint.2016.02.039",NA,NA,NA,NA,NA,NA,NA,NA,NA,NA,NA,NA,NA,"RPDv1b:1701|RPDv1b:1702",841,"Mäusbacher, R.",1,"Mäusbacher","R.",NA,NA,NA,NA,NA,NA,NA,NA,NA,"RPDv1b:1701",841,"RPDv1b",1702,13724,523,5.23,"m",0.01,"AMS","bulk sediment",6530,50,NA,NA,"Beta-248349",TRUE,NA,"-888888 Date is in uncalibrated radiocarbon years.","Ribeira do Farelo and Ribeira da Torre_POLLENSLIDE",NA,NA,NA,NA,NA,6530,6480,6580,6530,523,0.01,"-888888 Date is in uncalibrated radiocarbon years.",". Cal curve: NA. Source DB: RPDv1b","Fluvial","Carbon-14","Radiocarbon",-23.93478,7405.521,"Calibrated radiocarbon years BP","sedimentary charcoal","Data Sourcing: GCDv4","Sample Age Source: GCDv4"
"841",69,"charcoal | <100um num",NA,420.5,NA,NA,6822.454,NA,NA,"GCDv4","Charcoal (sum)","<100 µm",NA,100,"True","False","number","Microscopic charcoal (pollen slide)","direct",NA,"CHAR",4629,NA,NA,"quant_raw",0.3,"volume","cm^3","RPDv1b","1701","charcoal","count","microchar","pollen_slide","particle","<100um num",NA,"<100um","num","RPDv1b","measured",1,"RPDv1b","ELEMENT=<100 µm","Ribeira do Farelo and Ribeira da Torre",37.151969,-8.594376,0.6,"north","Portugal",NA,"sedfluv",841,1,2016,"Schneider, H., Höfer, D., Trog, C., Mäusbacher, R., 2016. Holocene landscape development along the Portuguese Algarve coast – A high resolution palynological approach. Quaternary International 407, 47–63.","Holocene landscape development along the Portuguese Algarve coast - A high resolution palynological approach","Quaternary International",407,NA,"47-63",NA,"10.1016/j.quaint.2016.02.039",NA,NA,NA,NA,NA,NA,NA,NA,NA,NA,NA,NA,NA,"RPDv1b:1701|RPDv1b:1702",841,"Mäusbacher, R.",1,"Mäusbacher","R.",NA,NA,NA,NA,NA,NA,NA,NA,NA,"RPDv1b:1701",841,"RPDv1b",1702,13724,523,5.23,"m",0.01,"AMS","bulk sediment",6530,50,NA,NA,"Beta-248349",TRUE,NA,"-888888 Date is in uncalibrated radiocarbon years.","Ribeira do Farelo and Ribeira da Torre_POLLENSLIDE","counted","NaN-100",NA,NA,"",6530,6480,6580,6530,523,0.01,"-888888 Date is in uncalibrated radiocarbon years.",". Cal curve: NA. Source DB: RPDv1b","Fluvial","Carbon-14","Radiocarbon",-23.93478,7405.521,"Calibrated radiocarbon years BP","sedimentary charcoal","Data Sourcing: RPDv1b","Sample Age Source: GCDv4"
"841",69,"charcoal | >100um num",NA,420.5,NA,NA,6822.454,NA,NA,"GCDv4","Charcoal (sum)",">100 µm",100,NA,"False","True","number","Microscopic charcoal (pollen slide)","direct",NA,"CHAR",69,NA,NA,"quant_raw",0.3,"volume","cm^3","RPDv1b","1702","charcoal","count","unspec","pollen_slide","particle",">100um num",NA,">100um","num","RPDv1b","measured",1,"RPDv1b","ELEMENT=>100 µm","Ribeira do Farelo and Ribeira da Torre",37.151969,-8.594376,0.6,"north","Portugal",NA,"sedfluv",841,1,2016,"Schneider, H., Höfer, D., Trog, C., Mäusbacher, R., 2016. Holocene landscape development along the Portuguese Algarve coast – A high resolution palynological approach. Quaternary International 407, 47–63.","Holocene landscape development along the Portuguese Algarve coast - A high resolution palynological approach","Quaternary International",407,NA,"47-63",NA,"10.1016/j.quaint.2016.02.039",NA,NA,NA,NA,NA,NA,NA,NA,NA,NA,NA,NA,NA,"RPDv1b:1701|RPDv1b:1702",841,"Mäusbacher, R.",1,"Mäusbacher","R.",NA,NA,NA,NA,NA,NA,NA,NA,NA,"RPDv1b:1701",841,"RPDv1b",1702,13724,523,5.23,"m",0.01,"AMS","bulk sediment",6530,50,NA,NA,"Beta-248349",TRUE,NA,"-888888 Date is in uncalibrated radiocarbon years.","Ribeira do Farelo and Ribeira da Torre_POLLENSLIDE","counted","100-NaN",NA,NA,"",6530,6480,6580,6530,523,0.01,"-888888 Date is in uncalibrated radiocarbon years.",". Cal curve: NA. Source DB: RPDv1b","Fluvial","Carbon-14","Radiocarbon",-23.93478,7405.521,"Calibrated radiocarbon years BP","sedimentary charcoal","Data Sourcing: RPDv1b","Sample Age Source: GCDv4"
"841",69,"charcoal | num cm-2 yr-1",NA,420.5,NA,NA,6822.454,NA,NA,"GCDv4","Charcoal (sum)","(additional options)",NA,NA,"False","False","number cm-2 yr-1","Microscopic charcoal (pollen slide)","direct",NA,"CHAR",3347508.09669034,NA,NA,"quant_influx",NA,"","","GCDv4","GCDv4_1153","charcoal","count","unspec","pollen_slide","particle","num cm-2 yr-1",NA,"no_size","num cm-2 yr-1","RPDv1b","measured",1,"GCDv4","","Ribeira do Farelo and Ribeira da Torre",37.151969,-8.594376,0.6,"north","Portugal",NA,"sedfluv",841,1,2016,"Schneider, H., Höfer, D., Trog, C., Mäusbacher, R., 2016. Holocene landscape development along the Portuguese Algarve coast – A high resolution palynological approach. Quaternary International 407, 47–63.","Holocene landscape development along the Portuguese Algarve coast - A high resolution palynological approach","Quaternary International",407,NA,"47-63",NA,"10.1016/j.quaint.2016.02.039",NA,NA,NA,NA,NA,NA,NA,NA,NA,NA,NA,NA,NA,"RPDv1b:1701|RPDv1b:1702",841,"Mäusbacher, R.",1,"Mäusbacher","R.",NA,NA,NA,NA,NA,NA,NA,NA,NA,"RPDv1b:1701",841,"RPDv1b",1702,13724,523,5.23,"m",0.01,"AMS","bulk sediment",6530,50,NA,NA,"Beta-248349",TRUE,NA,"-888888 Date is in uncalibrated radiocarbon years.","Ribeira do Farelo and Ribeira da Torre_POLLENSLIDE",NA,NA,NA,NA,NA,6530,6480,6580,6530,523,0.01,"-888888 Date is in uncalibrated radiocarbon years.",". Cal curve: NA. Source DB: RPDv1b","Fluvial","Carbon-14","Radiocarbon",-23.93478,7405.521,"Calibrated radiocarbon years BP","sedimentary charcoal","Data Sourcing: GCDv4","Sample Age Source: GCDv4"
"841",70,"charcoal | <100um num",NA,436.5,NA,NA,6919.632,NA,NA,"GCDv4","Charcoal (sum)","<100 µm",NA,100,"True","False","number","Microscopic charcoal (pollen slide)","direct",NA,"CHAR",6342,NA,NA,"quant_raw",0.3,"volume","cm^3","RPDv1b","1701","charcoal","count","microchar","pollen_slide","particle","<100um num",NA,"<100um","num","RPDv1b","measured",1,"RPDv1b","ELEMENT=<100 µm","Ribeira do Farelo and Ribeira da Torre",37.151969,-8.594376,0.6,"north","Portugal",NA,"sedfluv",841,1,2016,"Schneider, H., Höfer, D., Trog, C., Mäusbacher, R., 2016. Holocene landscape development along the Portuguese Algarve coast – A high resolution palynological approach. Quaternary International 407, 47–63.","Holocene landscape development along the Portuguese Algarve coast - A high resolution palynological approach","Quaternary International",407,NA,"47-63",NA,"10.1016/j.quaint.2016.02.039",NA,NA,NA,NA,NA,NA,NA,NA,NA,NA,NA,NA,NA,"RPDv1b:1701|RPDv1b:1702",841,"Mäusbacher, R.",1,"Mäusbacher","R.",NA,NA,NA,NA,NA,NA,NA,NA,NA,"RPDv1b:1701",841,"RPDv1b",1702,13724,523,5.23,"m",0.01,"AMS","bulk sediment",6530,50,NA,NA,"Beta-248349",TRUE,NA,"-888888 Date is in uncalibrated radiocarbon years.","Ribeira do Farelo and Ribeira da Torre_POLLENSLIDE","counted","NaN-100",NA,NA,"",6530,6480,6580,6530,523,0.01,"-888888 Date is in uncalibrated radiocarbon years.",". Cal curve: NA. Source DB: RPDv1b","Fluvial","Carbon-14","Radiocarbon",-23.93478,7405.521,"Calibrated radiocarbon years BP","sedimentary charcoal","Data Sourcing: RPDv1b","Sample Age Source: GCDv4"
"841",70,"charcoal | >100um num",NA,436.5,NA,NA,6919.632,NA,NA,"GCDv4","Charcoal (sum)",">100 µm",100,NA,"False","True","number","Microscopic charcoal (pollen slide)","direct",NA,"CHAR",92,NA,NA,"quant_raw",0.3,"volume","cm^3","RPDv1b","1702","charcoal","count","unspec","pollen_slide","particle",">100um num",NA,">100um","num","RPDv1b","measured",1,"RPDv1b","ELEMENT=>100 µm","Ribeira do Farelo and Ribeira da Torre",37.151969,-8.594376,0.6,"north","Portugal",NA,"sedfluv",841,1,2016,"Schneider, H., Höfer, D., Trog, C., Mäusbacher, R., 2016. Holocene landscape development along the Portuguese Algarve coast – A high resolution palynological approach. Quaternary International 407, 47–63.","Holocene landscape development along the Portuguese Algarve coast - A high resolution palynological approach","Quaternary International",407,NA,"47-63",NA,"10.1016/j.quaint.2016.02.039",NA,NA,NA,NA,NA,NA,NA,NA,NA,NA,NA,NA,NA,"RPDv1b:1701|RPDv1b:1702",841,"Mäusbacher, R.",1,"Mäusbacher","R.",NA,NA,NA,NA,NA,NA,NA,NA,NA,"RPDv1b:1701",841,"RPDv1b",1702,13724,523,5.23,"m",0.01,"AMS","bulk sediment",6530,50,NA,NA,"Beta-248349",TRUE,NA,"-888888 Date is in uncalibrated radiocarbon years.","Ribeira do Farelo and Ribeira da Torre_POLLENSLIDE","counted","100-NaN",NA,NA,"",6530,6480,6580,6530,523,0.01,"-888888 Date is in uncalibrated radiocarbon years.",". Cal curve: NA. Source DB: RPDv1b","Fluvial","Carbon-14","Radiocarbon",-23.93478,7405.521,"Calibrated radiocarbon years BP","sedimentary charcoal","Data Sourcing: RPDv1b","Sample Age Source: GCDv4"
"841",70,"charcoal | num cm-2 yr-1",NA,436.5,NA,NA,6919.632,NA,NA,"GCDv4","Charcoal (sum)","(additional options)",NA,NA,"False","False","number cm-2 yr-1","Microscopic charcoal (pollen slide)","direct",NA,"CHAR",4802784.12364254,NA,NA,"quant_influx",NA,"","","GCDv4","GCDv4_1153","charcoal","count","unspec","pollen_slide","particle","num cm-2 yr-1",NA,"no_size","num cm-2 yr-1","RPDv1b","measured",1,"GCDv4","","Ribeira do Farelo and Ribeira da Torre",37.151969,-8.594376,0.6,"north","Portugal",NA,"sedfluv",841,1,2016,"Schneider, H., Höfer, D., Trog, C., Mäusbacher, R., 2016. Holocene landscape development along the Portuguese Algarve coast – A high resolution palynological approach. Quaternary International 407, 47–63.","Holocene landscape development along the Portuguese Algarve coast - A high resolution palynological approach","Quaternary International",407,NA,"47-63",NA,"10.1016/j.quaint.2016.02.039",NA,NA,NA,NA,NA,NA,NA,NA,NA,NA,NA,NA,NA,"RPDv1b:1701|RPDv1b:1702",841,"Mäusbacher, R.",1,"Mäusbacher","R.",NA,NA,NA,NA,NA,NA,NA,NA,NA,"RPDv1b:1701",841,"RPDv1b",1702,13724,523,5.23,"m",0.01,"AMS","bulk sediment",6530,50,NA,NA,"Beta-248349",TRUE,NA,"-888888 Date is in uncalibrated radiocarbon years.","Ribeira do Farelo and Ribeira da Torre_POLLENSLIDE",NA,NA,NA,NA,NA,6530,6480,6580,6530,523,0.01,"-888888 Date is in uncalibrated radiocarbon years.",". Cal curve: NA. Source DB: RPDv1b","Fluvial","Carbon-14","Radiocarbon",-23.93478,7405.521,"Calibrated radiocarbon years BP","sedimentary charcoal","Data Sourcing: GCDv4","Sample Age Source: GCDv4"
"841",71,"charcoal | <100um num",NA,452.5,NA,NA,7016.81,NA,NA,"GCDv4","Charcoal (sum)","<100 µm",NA,100,"True","False","number","Microscopic charcoal (pollen slide)","direct",NA,"CHAR",16998,NA,NA,"quant_raw",0.3,"volume","cm^3","RPDv1b","1701","charcoal","count","microchar","pollen_slide","particle","<100um num",NA,"<100um","num","RPDv1b","measured",1,"RPDv1b","ELEMENT=<100 µm","Ribeira do Farelo and Ribeira da Torre",37.151969,-8.594376,0.6,"north","Portugal",NA,"sedfluv",841,1,2016,"Schneider, H., Höfer, D., Trog, C., Mäusbacher, R., 2016. Holocene landscape development along the Portuguese Algarve coast – A high resolution palynological approach. Quaternary International 407, 47–63.","Holocene landscape development along the Portuguese Algarve coast - A high resolution palynological approach","Quaternary International",407,NA,"47-63",NA,"10.1016/j.quaint.2016.02.039",NA,NA,NA,NA,NA,NA,NA,NA,NA,NA,NA,NA,NA,"RPDv1b:1701|RPDv1b:1702",841,"Mäusbacher, R.",1,"Mäusbacher","R.",NA,NA,NA,NA,NA,NA,NA,NA,NA,"RPDv1b:1701",841,"RPDv1b",1702,13724,523,5.23,"m",0.01,"AMS","bulk sediment",6530,50,NA,NA,"Beta-248349",TRUE,NA,"-888888 Date is in uncalibrated radiocarbon years.","Ribeira do Farelo and Ribeira da Torre_POLLENSLIDE","counted","NaN-100",NA,NA,"",6530,6480,6580,6530,523,0.01,"-888888 Date is in uncalibrated radiocarbon years.",". Cal curve: NA. Source DB: RPDv1b","Fluvial","Carbon-14","Radiocarbon",-23.93478,7405.521,"Calibrated radiocarbon years BP","sedimentary charcoal","Data Sourcing: RPDv1b","Sample Age Source: GCDv4"
"841",71,"charcoal | >100um num",NA,452.5,NA,NA,7016.81,NA,NA,"GCDv4","Charcoal (sum)",">100 µm",100,NA,"False","True","number","Microscopic charcoal (pollen slide)","direct",NA,"CHAR",40,NA,NA,"quant_raw",0.3,"volume","cm^3","RPDv1b","1702","charcoal","count","unspec","pollen_slide","particle",">100um num",NA,">100um","num","RPDv1b","measured",1,"RPDv1b","ELEMENT=>100 µm","Ribeira do Farelo and Ribeira da Torre",37.151969,-8.594376,0.6,"north","Portugal",NA,"sedfluv",841,1,2016,"Schneider, H., Höfer, D., Trog, C., Mäusbacher, R., 2016. Holocene landscape development along the Portuguese Algarve coast – A high resolution palynological approach. Quaternary International 407, 47–63.","Holocene landscape development along the Portuguese Algarve coast - A high resolution palynological approach","Quaternary International",407,NA,"47-63",NA,"10.1016/j.quaint.2016.02.039",NA,NA,NA,NA,NA,NA,NA,NA,NA,NA,NA,NA,NA,"RPDv1b:1701|RPDv1b:1702",841,"Mäusbacher, R.",1,"Mäusbacher","R.",NA,NA,NA,NA,NA,NA,NA,NA,NA,"RPDv1b:1701",841,"RPDv1b",1702,13724,523,5.23,"m",0.01,"AMS","bulk sediment",6530,50,NA,NA,"Beta-248349",TRUE,NA,"-888888 Date is in uncalibrated radiocarbon years.","Ribeira do Farelo and Ribeira da Torre_POLLENSLIDE","counted","100-NaN",NA,NA,"",6530,6480,6580,6530,523,0.01,"-888888 Date is in uncalibrated radiocarbon years.",". Cal curve: NA. Source DB: RPDv1b","Fluvial","Carbon-14","Radiocarbon",-23.93478,7405.521,"Calibrated radiocarbon years BP","sedimentary charcoal","Data Sourcing: RPDv1b","Sample Age Source: GCDv4"
"841",71,"charcoal | num cm-2 yr-1",NA,452.5,NA,NA,7016.81,NA,NA,"GCDv4","Charcoal (sum)","(additional options)",NA,NA,"False","False","number cm-2 yr-1","Microscopic charcoal (pollen slide)","direct",NA,"CHAR",12519621.4971566,NA,NA,"quant_influx",NA,"","","GCDv4","GCDv4_1153","charcoal","count","unspec","pollen_slide","particle","num cm-2 yr-1",NA,"no_size","num cm-2 yr-1","RPDv1b","measured",1,"GCDv4","","Ribeira do Farelo and Ribeira da Torre",37.151969,-8.594376,0.6,"north","Portugal",NA,"sedfluv",841,1,2016,"Schneider, H., Höfer, D., Trog, C., Mäusbacher, R., 2016. Holocene landscape development along the Portuguese Algarve coast – A high resolution palynological approach. Quaternary International 407, 47–63.","Holocene landscape development along the Portuguese Algarve coast - A high resolution palynological approach","Quaternary International",407,NA,"47-63",NA,"10.1016/j.quaint.2016.02.039",NA,NA,NA,NA,NA,NA,NA,NA,NA,NA,NA,NA,NA,"RPDv1b:1701|RPDv1b:1702",841,"Mäusbacher, R.",1,"Mäusbacher","R.",NA,NA,NA,NA,NA,NA,NA,NA,NA,"RPDv1b:1701",841,"RPDv1b",1702,13724,523,5.23,"m",0.01,"AMS","bulk sediment",6530,50,NA,NA,"Beta-248349",TRUE,NA,"-888888 Date is in uncalibrated radiocarbon years.","Ribeira do Farelo and Ribeira da Torre_POLLENSLIDE",NA,NA,NA,NA,NA,6530,6480,6580,6530,523,0.01,"-888888 Date is in uncalibrated radiocarbon years.",". Cal curve: NA. Source DB: RPDv1b","Fluvial","Carbon-14","Radiocarbon",-23.93478,7405.521,"Calibrated radiocarbon years BP","sedimentary charcoal","Data Sourcing: GCDv4","Sample Age Source: GCDv4"
"841",72,"charcoal | <100um num",NA,468.5,NA,NA,7113.988,NA,NA,"GCDv4","Charcoal (sum)","<100 µm",NA,100,"True","False","number","Microscopic charcoal (pollen slide)","direct",NA,"CHAR",9492,NA,NA,"quant_raw",0.3,"volume","cm^3","RPDv1b","1701","charcoal","count","microchar","pollen_slide","particle","<100um num",NA,"<100um","num","RPDv1b","measured",1,"RPDv1b","ELEMENT=<100 µm","Ribeira do Farelo and Ribeira da Torre",37.151969,-8.594376,0.6,"north","Portugal",NA,"sedfluv",841,1,2016,"Schneider, H., Höfer, D., Trog, C., Mäusbacher, R., 2016. Holocene landscape development along the Portuguese Algarve coast – A high resolution palynological approach. Quaternary International 407, 47–63.","Holocene landscape development along the Portuguese Algarve coast - A high resolution palynological approach","Quaternary International",407,NA,"47-63",NA,"10.1016/j.quaint.2016.02.039",NA,NA,NA,NA,NA,NA,NA,NA,NA,NA,NA,NA,NA,"RPDv1b:1701|RPDv1b:1702",841,"Mäusbacher, R.",1,"Mäusbacher","R.",NA,NA,NA,NA,NA,NA,NA,NA,NA,"RPDv1b:1701",841,"RPDv1b",1701,13707,73,0.73,"m",0.06,"AMS","charcoal",2340,40,NA,NA,"Beta-248342",TRUE,NA,"-888888 Date is in uncalibrated radiocarbon years.","Ribeira do Farelo and Ribeira da Torre_POLLENSLIDE","counted","NaN-100",NA,NA,"",2340,2300,2380,2340,73,0.06,"-888888 Date is in uncalibrated radiocarbon years.",". Cal curve: NA. Source DB: RPDv1b","Fluvial","Carbon-14","Radiocarbon",-23.93478,7405.521,"Calibrated radiocarbon years BP","sedimentary charcoal","Data Sourcing: RPDv1b","Sample Age Source: GCDv4"
"841",72,"charcoal | >100um num",NA,468.5,NA,NA,7113.988,NA,NA,"GCDv4","Charcoal (sum)",">100 µm",100,NA,"False","True","number","Microscopic charcoal (pollen slide)","direct",NA,"CHAR",39,NA,NA,"quant_raw",0.3,"volume","cm^3","RPDv1b","1702","charcoal","count","unspec","pollen_slide","particle",">100um num",NA,">100um","num","RPDv1b","measured",1,"RPDv1b","ELEMENT=>100 µm","Ribeira do Farelo and Ribeira da Torre",37.151969,-8.594376,0.6,"north","Portugal",NA,"sedfluv",841,1,2016,"Schneider, H., Höfer, D., Trog, C., Mäusbacher, R., 2016. Holocene landscape development along the Portuguese Algarve coast – A high resolution palynological approach. Quaternary International 407, 47–63.","Holocene landscape development along the Portuguese Algarve coast - A high resolution palynological approach","Quaternary International",407,NA,"47-63",NA,"10.1016/j.quaint.2016.02.039",NA,NA,NA,NA,NA,NA,NA,NA,NA,NA,NA,NA,NA,"RPDv1b:1701|RPDv1b:1702",841,"Mäusbacher, R.",1,"Mäusbacher","R.",NA,NA,NA,NA,NA,NA,NA,NA,NA,"RPDv1b:1701",841,"RPDv1b",1701,13708,117.5,1.175,"m",0.05,"AMS","charcoal",3130,40,NA,NA,"Beta-248343",TRUE,NA,"-888888 Date is in uncalibrated radiocarbon years.","Ribeira do Farelo and Ribeira da Torre_POLLENSLIDE","counted","100-NaN",NA,NA,"",3130,3090,3170,3130,117.5,0.05,"-888888 Date is in uncalibrated radiocarbon years.",". Cal curve: NA. Source DB: RPDv1b","Fluvial","Carbon-14","Radiocarbon",-23.93478,7405.521,"Calibrated radiocarbon years BP","sedimentary charcoal","Data Sourcing: RPDv1b","Sample Age Source: GCDv4"
"841",72,"charcoal | num cm-2 yr-1",NA,468.5,NA,NA,7113.988,NA,NA,"GCDv4","Charcoal (sum)","(additional options)",NA,NA,"False","False","number cm-2 yr-1","Microscopic charcoal (pollen slide)","direct",NA,"CHAR",7114599.85738838,NA,NA,"quant_influx",NA,"","","GCDv4","GCDv4_1153","charcoal","count","unspec","pollen_slide","particle","num cm-2 yr-1",NA,"no_size","num cm-2 yr-1","RPDv1b","measured",1,"GCDv4","","Ribeira do Farelo and Ribeira da Torre",37.151969,-8.594376,0.6,"north","Portugal",NA,"sedfluv",841,1,2016,"Schneider, H., Höfer, D., Trog, C., Mäusbacher, R., 2016. Holocene landscape development along the Portuguese Algarve coast – A high resolution palynological approach. Quaternary International 407, 47–63.","Holocene landscape development along the Portuguese Algarve coast - A high resolution palynological approach","Quaternary International",407,NA,"47-63",NA,"10.1016/j.quaint.2016.02.039",NA,NA,NA,NA,NA,NA,NA,NA,NA,NA,NA,NA,NA,"RPDv1b:1701|RPDv1b:1702",841,"Mäusbacher, R.",1,"Mäusbacher","R.",NA,NA,NA,NA,NA,NA,NA,NA,NA,"RPDv1b:1701",841,"RPDv1b",1701,13709,136.5,1.365,"m",0.01,"AMS","charcoal",3040,40,NA,NA,"Beta-248344",TRUE,NA,"-888888 Date is in uncalibrated radiocarbon years.","Ribeira do Farelo and Ribeira da Torre_POLLENSLIDE",NA,NA,NA,NA,NA,3040,3000,3080,3040,136.5,0.01,"-888888 Date is in uncalibrated radiocarbon years.",". Cal curve: NA. Source DB: RPDv1b","Fluvial","Carbon-14","Radiocarbon",-23.93478,7405.521,"Calibrated radiocarbon years BP","sedimentary charcoal","Data Sourcing: GCDv4","Sample Age Source: GCDv4"
"841",73,"charcoal | <100um num",NA,484.5,NA,NA,7211.166,NA,NA,"GCDv4","Charcoal (sum)","<100 µm",NA,100,"True","False","number","Microscopic charcoal (pollen slide)","direct",NA,"CHAR",6966,NA,NA,"quant_raw",0.3,"volume","cm^3","RPDv1b","1701","charcoal","count","microchar","pollen_slide","particle","<100um num",NA,"<100um","num","RPDv1b","measured",1,"RPDv1b","ELEMENT=<100 µm","Ribeira do Farelo and Ribeira da Torre",37.151969,-8.594376,0.6,"north","Portugal",NA,"sedfluv",841,1,2016,"Schneider, H., Höfer, D., Trog, C., Mäusbacher, R., 2016. Holocene landscape development along the Portuguese Algarve coast – A high resolution palynological approach. Quaternary International 407, 47–63.","Holocene landscape development along the Portuguese Algarve coast - A high resolution palynological approach","Quaternary International",407,NA,"47-63",NA,"10.1016/j.quaint.2016.02.039",NA,NA,NA,NA,NA,NA,NA,NA,NA,NA,NA,NA,NA,"RPDv1b:1701|RPDv1b:1702",841,"Mäusbacher, R.",1,"Mäusbacher","R.",NA,NA,NA,NA,NA,NA,NA,NA,NA,"RPDv1b:1701",841,"RPDv1b",1701,13710,164.5,1.645,"m",0.01,"AMS","charcoal",3720,40,NA,NA,"Beta-248345",TRUE,NA,"-888888 Date is in uncalibrated radiocarbon years.","Ribeira do Farelo and Ribeira da Torre_POLLENSLIDE","counted","NaN-100",NA,NA,"",3720,3680,3760,3720,164.5,0.01,"-888888 Date is in uncalibrated radiocarbon years.",". Cal curve: NA. Source DB: RPDv1b","Fluvial","Carbon-14","Radiocarbon",-23.93478,7405.521,"Calibrated radiocarbon years BP","sedimentary charcoal","Data Sourcing: RPDv1b","Sample Age Source: GCDv4"
"841",73,"charcoal | >100um num",NA,484.5,NA,NA,7211.166,NA,NA,"GCDv4","Charcoal (sum)",">100 µm",100,NA,"False","True","number","Microscopic charcoal (pollen slide)","direct",NA,"CHAR",38,NA,NA,"quant_raw",0.3,"volume","cm^3","RPDv1b","1702","charcoal","count","unspec","pollen_slide","particle",">100um num",NA,">100um","num","RPDv1b","measured",1,"RPDv1b","ELEMENT=>100 µm","Ribeira do Farelo and Ribeira da Torre",37.151969,-8.594376,0.6,"north","Portugal",NA,"sedfluv",841,1,2016,"Schneider, H., Höfer, D., Trog, C., Mäusbacher, R., 2016. Holocene landscape development along the Portuguese Algarve coast – A high resolution palynological approach. Quaternary International 407, 47–63.","Holocene landscape development along the Portuguese Algarve coast - A high resolution palynological approach","Quaternary International",407,NA,"47-63",NA,"10.1016/j.quaint.2016.02.039",NA,NA,NA,NA,NA,NA,NA,NA,NA,NA,NA,NA,NA,"RPDv1b:1701|RPDv1b:1702",841,"Mäusbacher, R.",1,"Mäusbacher","R.",NA,NA,NA,NA,NA,NA,NA,NA,NA,"RPDv1b:1701",841,"RPDv1b",1701,13711,236.5,2.365,"m",0.01,"AMS","charcoal",4660,43,NA,NA,"Erl-11846",TRUE,NA,"-888888 Date is in uncalibrated radiocarbon years.","Ribeira do Farelo and Ribeira da Torre_POLLENSLIDE","counted","100-NaN",NA,NA,"",4660,4617,4703,4660,236.5,0.01,"-888888 Date is in uncalibrated radiocarbon years.",". Cal curve: NA. Source DB: RPDv1b","Fluvial","Carbon-14","Radiocarbon",-23.93478,7405.521,"Calibrated radiocarbon years BP","sedimentary charcoal","Data Sourcing: RPDv1b","Sample Age Source: GCDv4"
"841",73,"charcoal | num cm-2 yr-1",NA,484.5,NA,NA,7211.166,NA,NA,"GCDv4","Charcoal (sum)","(additional options)",NA,NA,"False","False","number cm-2 yr-1","Microscopic charcoal (pollen slide)","direct",NA,"CHAR",6099650.29566743,NA,NA,"quant_influx",NA,"","","GCDv4","GCDv4_1153","charcoal","count","unspec","pollen_slide","particle","num cm-2 yr-1",NA,"no_size","num cm-2 yr-1","RPDv1b","measured",1,"GCDv4","","Ribeira do Farelo and Ribeira da Torre",37.151969,-8.594376,0.6,"north","Portugal",NA,"sedfluv",841,1,2016,"Schneider, H., Höfer, D., Trog, C., Mäusbacher, R., 2016. Holocene landscape development along the Portuguese Algarve coast – A high resolution palynological approach. Quaternary International 407, 47–63.","Holocene landscape development along the Portuguese Algarve coast - A high resolution palynological approach","Quaternary International",407,NA,"47-63",NA,"10.1016/j.quaint.2016.02.039",NA,NA,NA,NA,NA,NA,NA,NA,NA,NA,NA,NA,NA,"RPDv1b:1701|RPDv1b:1702",841,"Mäusbacher, R.",1,"Mäusbacher","R.",NA,NA,NA,NA,NA,NA,NA,NA,NA,"RPDv1b:1701",841,"RPDv1b",1701,13712,244.5,2.445,"m",0.01,"AMS","charcoal",4840,40,NA,NA,"Beta-248346",TRUE,NA,"-888888 Date is in uncalibrated radiocarbon years.","Ribeira do Farelo and Ribeira da Torre_POLLENSLIDE",NA,NA,NA,NA,NA,4840,4800,4880,4840,244.5,0.01,"-888888 Date is in uncalibrated radiocarbon years.",". Cal curve: NA. Source DB: RPDv1b","Fluvial","Carbon-14","Radiocarbon",-23.93478,7405.521,"Calibrated radiocarbon years BP","sedimentary charcoal","Data Sourcing: GCDv4","Sample Age Source: GCDv4"
"841",74,"charcoal | <100um num",NA,500.5,NA,NA,7308.344,NA,NA,"GCDv4","Charcoal (sum)","<100 µm",NA,100,"True","False","number","Microscopic charcoal (pollen slide)","direct",NA,"CHAR",2285,NA,NA,"quant_raw",0.3,"volume","cm^3","RPDv1b","1701","charcoal","count","microchar","pollen_slide","particle","<100um num",NA,"<100um","num","RPDv1b","measured",1,"RPDv1b","ELEMENT=<100 µm","Ribeira do Farelo and Ribeira da Torre",37.151969,-8.594376,0.6,"north","Portugal",NA,"sedfluv",841,1,2016,"Schneider, H., Höfer, D., Trog, C., Mäusbacher, R., 2016. Holocene landscape development along the Portuguese Algarve coast – A high resolution palynological approach. Quaternary International 407, 47–63.","Holocene landscape development along the Portuguese Algarve coast - A high resolution palynological approach","Quaternary International",407,NA,"47-63",NA,"10.1016/j.quaint.2016.02.039",NA,NA,NA,NA,NA,NA,NA,NA,NA,NA,NA,NA,NA,"RPDv1b:1701|RPDv1b:1702",841,"Mäusbacher, R.",1,"Mäusbacher","R.",NA,NA,NA,NA,NA,NA,NA,NA,NA,"RPDv1b:1701",841,"RPDv1b",1701,13713,278.5,2.785,"m",0.01,"AMS","charcoal",5230,50,NA,NA,"Beta-248347",TRUE,NA,"-888888 Date is in uncalibrated radiocarbon years.","Ribeira do Farelo and Ribeira da Torre_POLLENSLIDE","counted","NaN-100",NA,NA,"",5230,5180,5280,5230,278.5,0.01,"-888888 Date is in uncalibrated radiocarbon years.",". Cal curve: NA. Source DB: RPDv1b","Fluvial","Carbon-14","Radiocarbon",-23.93478,7405.521,"Calibrated radiocarbon years BP","sedimentary charcoal","Data Sourcing: RPDv1b","Sample Age Source: GCDv4"
"841",74,"charcoal | >100um num",NA,500.5,NA,NA,7308.344,NA,NA,"GCDv4","Charcoal (sum)",">100 µm",100,NA,"False","True","number","Microscopic charcoal (pollen slide)","direct",NA,"CHAR",31,NA,NA,"quant_raw",0.3,"volume","cm^3","RPDv1b","1702","charcoal","count","unspec","pollen_slide","particle",">100um num",NA,">100um","num","RPDv1b","measured",1,"RPDv1b","ELEMENT=>100 µm","Ribeira do Farelo and Ribeira da Torre",37.151969,-8.594376,0.6,"north","Portugal",NA,"sedfluv",841,1,2016,"Schneider, H., Höfer, D., Trog, C., Mäusbacher, R., 2016. Holocene landscape development along the Portuguese Algarve coast – A high resolution palynological approach. Quaternary International 407, 47–63.","Holocene landscape development along the Portuguese Algarve coast - A high resolution palynological approach","Quaternary International",407,NA,"47-63",NA,"10.1016/j.quaint.2016.02.039",NA,NA,NA,NA,NA,NA,NA,NA,NA,NA,NA,NA,NA,"RPDv1b:1701|RPDv1b:1702",841,"Mäusbacher, R.",1,"Mäusbacher","R.",NA,NA,NA,NA,NA,NA,NA,NA,NA,"RPDv1b:1701",841,"RPDv1b",1701,13714,324,3.24,"m",0.01,"AMS","charcoal",5060,40,NA,NA,"Beta-248348",TRUE,NA,"-888888 Date is in uncalibrated radiocarbon years.","Ribeira do Farelo and Ribeira da Torre_POLLENSLIDE","counted","100-NaN",NA,NA,"",5060,5020,5100,5060,324,0.01,"-888888 Date is in uncalibrated radiocarbon years.",". Cal curve: NA. Source DB: RPDv1b","Fluvial","Carbon-14","Radiocarbon",-23.93478,7405.521,"Calibrated radiocarbon years BP","sedimentary charcoal","Data Sourcing: RPDv1b","Sample Age Source: GCDv4"
"841",74,"charcoal | num cm-2 yr-1",NA,500.5,NA,NA,7308.344,NA,NA,"GCDv4","Charcoal (sum)","(additional options)",NA,NA,"False","False","number cm-2 yr-1","Microscopic charcoal (pollen slide)","direct",NA,"CHAR",2135594.05706662,NA,NA,"quant_influx",NA,"","","GCDv4","GCDv4_1153","charcoal","count","unspec","pollen_slide","particle","num cm-2 yr-1",NA,"no_size","num cm-2 yr-1","RPDv1b","measured",1,"GCDv4","","Ribeira do Farelo and Ribeira da Torre",37.151969,-8.594376,0.6,"north","Portugal",NA,"sedfluv",841,1,2016,"Schneider, H., Höfer, D., Trog, C., Mäusbacher, R., 2016. Holocene landscape development along the Portuguese Algarve coast – A high resolution palynological approach. Quaternary International 407, 47–63.","Holocene landscape development along the Portuguese Algarve coast - A high resolution palynological approach","Quaternary International",407,NA,"47-63",NA,"10.1016/j.quaint.2016.02.039",NA,NA,NA,NA,NA,NA,NA,NA,NA,NA,NA,NA,NA,"RPDv1b:1701|RPDv1b:1702",841,"Schneider, H.",1,"Schneider","H.",NA,NA,NA,NA,NA,NA,NA,NA,NA,"RPDv1b:1701",841,"RPDv1b",1701,13715,523,5.23,"m",0.01,"AMS","bulk sediment",6530,50,NA,NA,"Beta-248349",TRUE,NA,"-888888 Date is in uncalibrated radiocarbon years.","Ribeira do Farelo and Ribeira da Torre_POLLENSLIDE",NA,NA,NA,NA,NA,6530,6480,6580,6530,523,0.01,"-888888 Date is in uncalibrated radiocarbon years.",". Cal curve: NA. Source DB: RPDv1b","Fluvial","Carbon-14","Radiocarbon",-23.93478,7405.521,"Calibrated radiocarbon years BP","sedimentary charcoal","Data Sourcing: GCDv4","Sample Age Source: GCDv4"
"841",75,"charcoal | <100um num",NA,516.5,NA,NA,7405.521,NA,NA,"GCDv4","Charcoal (sum)","<100 µm",NA,100,"True","False","number","Microscopic charcoal (pollen slide)","direct",NA,"CHAR",6252,NA,NA,"quant_raw",0.3,"volume","cm^3","RPDv1b","1701","charcoal","count","microchar","pollen_slide","particle","<100um num",NA,"<100um","num","RPDv1b","measured",1,"RPDv1b","ELEMENT=<100 µm","Ribeira do Farelo and Ribeira da Torre",37.151969,-8.594376,0.6,"north","Portugal",NA,"sedfluv",841,1,2016,"Schneider, H., Höfer, D., Trog, C., Mäusbacher, R., 2016. Holocene landscape development along the Portuguese Algarve coast – A high resolution palynological approach. Quaternary International 407, 47–63.","Holocene landscape development along the Portuguese Algarve coast - A high resolution palynological approach","Quaternary International",407,NA,"47-63",NA,"10.1016/j.quaint.2016.02.039",NA,NA,NA,NA,NA,NA,NA,NA,NA,NA,NA,NA,NA,"RPDv1b:1701|RPDv1b:1702",841,"Höfer, D.",1,"Höfer","D.",NA,NA,NA,NA,NA,NA,NA,NA,NA,"RPDv1b:1701",841,"RPDv1b",1702,13716,73,0.73,"m",0.06,"AMS","charcoal",2340,40,NA,NA,"Beta-248342",TRUE,NA,"-888888 Date is in uncalibrated radiocarbon years.","Ribeira do Farelo and Ribeira da Torre_POLLENSLIDE","counted","NaN-100",NA,NA,"",2340,2300,2380,2340,73,0.06,"-888888 Date is in uncalibrated radiocarbon years.",". Cal curve: NA. Source DB: RPDv1b","Fluvial","Carbon-14","Radiocarbon",-23.93478,7405.521,"Calibrated radiocarbon years BP","sedimentary charcoal","Data Sourcing: RPDv1b","Sample Age Source: GCDv4"
"841",75,"charcoal | >100um num",NA,516.5,NA,NA,7405.521,NA,NA,"GCDv4","Charcoal (sum)",">100 µm",100,NA,"False","True","number","Microscopic charcoal (pollen slide)","direct",NA,"CHAR",67,NA,NA,"quant_raw",0.3,"volume","cm^3","RPDv1b","1702","charcoal","count","unspec","pollen_slide","particle",">100um num",NA,">100um","num","RPDv1b","measured",1,"RPDv1b","ELEMENT=>100 µm","Ribeira do Farelo and Ribeira da Torre",37.151969,-8.594376,0.6,"north","Portugal",NA,"sedfluv",841,1,2016,"Schneider, H., Höfer, D., Trog, C., Mäusbacher, R., 2016. Holocene landscape development along the Portuguese Algarve coast – A high resolution palynological approach. Quaternary International 407, 47–63.","Holocene landscape development along the Portuguese Algarve coast - A high resolution palynological approach","Quaternary International",407,NA,"47-63",NA,"10.1016/j.quaint.2016.02.039",NA,NA,NA,NA,NA,NA,NA,NA,NA,NA,NA,NA,NA,"RPDv1b:1701|RPDv1b:1702",841,"Trog, C.",1,"Trog","C.",NA,NA,NA,NA,NA,NA,NA,NA,NA,"RPDv1b:1701",841,"RPDv1b",1702,13717,117.5,1.175,"m",0.05,"AMS","charcoal",3130,40,NA,NA,"Beta-248343",TRUE,NA,"-888888 Date is in uncalibrated radiocarbon years.","Ribeira do Farelo and Ribeira da Torre_POLLENSLIDE","counted","100-NaN",NA,NA,"",3130,3090,3170,3130,117.5,0.05,"-888888 Date is in uncalibrated radiocarbon years.",". Cal curve: NA. Source DB: RPDv1b","Fluvial","Carbon-14","Radiocarbon",-23.93478,7405.521,"Calibrated radiocarbon years BP","sedimentary charcoal","Data Sourcing: RPDv1b","Sample Age Source: GCDv4"
"841",75,"charcoal | num cm-2 yr-1",NA,516.5,NA,NA,7405.521,NA,NA,"GCDv4","Charcoal (sum)","(additional options)",NA,NA,"False","False","number cm-2 yr-1","Microscopic charcoal (pollen slide)","direct",NA,"CHAR",1543709.97929234,NA,NA,"quant_influx",NA,"","","GCDv4","GCDv4_1153","charcoal","count","unspec","pollen_slide","particle","num cm-2 yr-1",NA,"no_size","num cm-2 yr-1","RPDv1b","measured",1,"GCDv4","","Ribeira do Farelo and Ribeira da Torre",37.151969,-8.594376,0.6,"north","Portugal",NA,"sedfluv",841,1,2016,"Schneider, H., Höfer, D., Trog, C., Mäusbacher, R., 2016. Holocene landscape development along the Portuguese Algarve coast – A high resolution palynological approach. Quaternary International 407, 47–63.","Holocene landscape development along the Portuguese Algarve coast - A high resolution palynological approach","Quaternary International",407,NA,"47-63",NA,"10.1016/j.quaint.2016.02.039",NA,NA,NA,NA,NA,NA,NA,NA,NA,NA,NA,NA,NA,"RPDv1b:1701|RPDv1b:1702",841,"Busch, S.",1,"Busch","S.",NA,NA,NA,NA,NA,NA,NA,NA,NA,"RPDv1b:1701",841,"RPDv1b",1702,13718,136.5,1.365,"m",0.01,"AMS","charcoal",3040,40,NA,NA,"Beta-248344",TRUE,NA,"-888888 Date is in uncalibrated radiocarbon years.","Ribeira do Farelo and Ribeira da Torre_POLLENSLIDE",NA,NA,NA,NA,NA,3040,3000,3080,3040,136.5,0.01,"-888888 Date is in uncalibrated radiocarbon years.",". Cal curve: NA. Source DB: RPDv1b","Fluvial","Carbon-14","Radiocarbon",-23.93478,7405.521,"Calibrated radiocarbon years BP","sedimentary charcoal","Data Sourcing: GCDv4","Sample Age Source: GCDv4"
