"cluster_id_entity","usample","channel","depth_top_cm","depth_mid_cm","depth_bot_cm","thick_cm","age_mid_cal_yr_bp","age_top_cal_yr_bp","age_bot_cal_yr_bp","age_source","NAME","ELEMENT","size_min_um","size_max_um","size_min_open","size_max_open","UNITS","CONTEXT","context_source","TAPHONOMY","GROUP","value","value_orig","value_conversion","value_source_column","sample_quantity_value","sample_quantity_ELEMENT","sample_quantity_UNITS","data_source","data_entity","original_fire_proxy","original_meas_type","original_meas_detail","original_meas_method","original_proxy_class","original_quant_units","original_quant_units_raw","parsed_size_token","parsed_unit_token","depth_source","depth_repair_method","n_db_contrib","db_contrib","vocab_flags","entity_name","lat_dd_north","lon_dd_east","elev_m","hemisphere","country_entity","location_desc","depo_context","cluster_id","pubtypeid","year","citation","articletitle","journal","volume","issue","pages","citationnumber","doi","booktitle","numvolumes","edition","volumetitle","seriestitle","seriesvolume","publisher","url_pub","city","state","country","originallanguage","notes_pub","pub_source","cluster_id_contact","contactname","contactstatusid","familyname","leadinginitials","givennames","suffix","title","phone","fax","email","url","address","notes","contact_source","cluster_id_geo","db_geo","source_entity","date_id","depth_cm_geo","depth_orig_geo","depth_unit_geo","thick_cm_geo","date_type","material","age_14C","error","cal_age_geo","cal_curve","lab_number","included","exclude_reason","notes_geo","datasetname","controlled_units","controlled_element","X","X.1","X.2","age_geo","chroncontrol_limityounger","chroncontrol_limitolder","chroncontrol_age","chroncontrol_depth","chroncontrol_thickness","chroncontrol_comments","chronology_notes_full","controlled_dep","neotoma_geochrontype","neotoma_chroncontroltypes","ageboundyounger","ageboundolder","agetype","datasettype","datasetnotes_full","samplenotes_full"
"860",0,"charcoal | >250um num",0,0.431996866,0.863993732,0.863993732,-66,NA,NA,"RPDv1b","Charcoal (sum)",">250 µm",250,NA,"False","True","number","Macroscopic charcoal (sieved)","direct",NA,"CHAR",16,NA,NA,"quant_raw",1.0713,"volume","cm^3","RPDv1b",1734,"charcoal","count","macrochar","wet_sieve","particle",">250um num",NA,">250um","num","RPDv1b","measured",1,"RPDv1b","ELEMENT=>250 µm","Lin core",61.48,-163.43,2,"north",NA,NA,"sedlac",860,1,2019,"Sae-Lim, J., Russell, J.M., Vachula, R.S., Holmes, R.M., Mann, P.J., Schade, J.D., Natali, S.M., 2019. Temperature-controlled tundra fire severity and frequency during the last millennium in the Yukon-Kuskokwim Delta, Alaska. The Holocene 29, 1223–1233.","Temperature-controlled tundra fire severity and frequency during the last millennium in the Yukon-Kuskokwim Delta, Alaska","The Holocene",29,NA,"1223-1233",NA,NA,NA,NA,NA,NA,NA,NA,NA,NA,NA,NA,NA,NA,NA,"RPDv1b:1734",860,"Sae-Lim, J.",1,"Sae-Lim","J.",NA,NA,NA,NA,NA,NA,NA,NA,NA,"RPDv1b:1734",860,"RPDv1b",1734,13968,0.1275,0.1275,"cm",0.01,"Radiocarbon date","wood",335,15,NA,NA,148150,TRUE,"","NA Date is in uncalibrated radiocarbon years.","Lin core_SIEVED","counted","250-NaN",NA,NA,"",335,320,350,335,0.1275,0.01,"NA Date is in uncalibrated radiocarbon years.",". Cal curve: NA. Source DB: RPDv1b","Lacustrine","Carbon-14","Radiocarbon",-66,939,"Calibrated radiocarbon years BP","sedimentary charcoal","Data Sourcing: RPDv1b #charcoal_recommendedformat","Sample Age Source: RPDv1b"
"860",1,"charcoal | >250um num",0.863993732,1.142719811,1.42144589,0.557452158,-56,NA,NA,"RPDv1b","Charcoal (sum)",">250 µm",250,NA,"False","True","number","Macroscopic charcoal (sieved)","direct",NA,"CHAR",8,NA,NA,"quant_raw",1.3722,"volume","cm^3","RPDv1b",1734,"charcoal","count","macrochar","wet_sieve","particle",">250um num",NA,">250um","num","RPDv1b","measured",1,"RPDv1b","ELEMENT=>250 µm","Lin core",61.48,-163.43,2,"north",NA,NA,"sedlac",860,1,2019,"Sae-Lim, J., Russell, J.M., Vachula, R.S., Holmes, R.M., Mann, P.J., Schade, J.D., Natali, S.M., 2019. Temperature-controlled tundra fire severity and frequency during the last millennium in the Yukon-Kuskokwim Delta, Alaska. The Holocene 29, 1223–1233.","Temperature-controlled tundra fire severity and frequency during the last millennium in the Yukon-Kuskokwim Delta, Alaska","The Holocene",29,NA,"1223-1233",NA,NA,NA,NA,NA,NA,NA,NA,NA,NA,NA,NA,NA,NA,NA,"RPDv1b:1734",860,"Sae-Lim, J.",1,"Sae-Lim","J.",NA,NA,NA,NA,NA,NA,NA,NA,NA,"RPDv1b:1734",860,"RPDv1b",1734,13968,0.1275,0.1275,"cm",0.01,"Radiocarbon date","wood",335,15,NA,NA,148150,TRUE,"","NA Date is in uncalibrated radiocarbon years.","Lin core_SIEVED","counted","250-NaN",NA,NA,"",335,320,350,335,0.1275,0.01,"NA Date is in uncalibrated radiocarbon years.",". Cal curve: NA. Source DB: RPDv1b","Lacustrine","Carbon-14","Radiocarbon",-66,939,"Calibrated radiocarbon years BP","sedimentary charcoal","Data Sourcing: RPDv1b #charcoal_recommendedformat","Sample Age Source: RPDv1b"
"860",2,"charcoal | >250um num",1.42144589,1.7433002185,2.065154547,0.643708657,-42,NA,NA,"RPDv1b","Charcoal (sum)",">250 µm",250,NA,"False","True","number","Macroscopic charcoal (sieved)","direct",NA,"CHAR",8,NA,NA,"quant_raw",1.243,"volume","cm^3","RPDv1b",1734,"charcoal","count","macrochar","wet_sieve","particle",">250um num",NA,">250um","num","RPDv1b","measured",1,"RPDv1b","ELEMENT=>250 µm","Lin core",61.48,-163.43,2,"north",NA,NA,"sedlac",860,1,2019,"Sae-Lim, J., Russell, J.M., Vachula, R.S., Holmes, R.M., Mann, P.J., Schade, J.D., Natali, S.M., 2019. Temperature-controlled tundra fire severity and frequency during the last millennium in the Yukon-Kuskokwim Delta, Alaska. The Holocene 29, 1223–1233.","Temperature-controlled tundra fire severity and frequency during the last millennium in the Yukon-Kuskokwim Delta, Alaska","The Holocene",29,NA,"1223-1233",NA,NA,NA,NA,NA,NA,NA,NA,NA,NA,NA,NA,NA,NA,NA,"RPDv1b:1734",860,"Sae-Lim, J.",1,"Sae-Lim","J.",NA,NA,NA,NA,NA,NA,NA,NA,NA,"RPDv1b:1734",860,"RPDv1b",1734,13968,0.1275,0.1275,"cm",0.01,"Radiocarbon date","wood",335,15,NA,NA,148150,TRUE,"","NA Date is in uncalibrated radiocarbon years.","Lin core_SIEVED","counted","250-NaN",NA,NA,"",335,320,350,335,0.1275,0.01,"NA Date is in uncalibrated radiocarbon years.",". Cal curve: NA. Source DB: RPDv1b","Lacustrine","Carbon-14","Radiocarbon",-66,939,"Calibrated radiocarbon years BP","sedimentary charcoal","Data Sourcing: RPDv1b #charcoal_recommendedformat","Sample Age Source: RPDv1b"
"860",3,"charcoal | >250um num",2.065154547,2.398070865,2.730987183,0.665832636,-30,NA,NA,"RPDv1b","Charcoal (sum)",">250 µm",250,NA,"False","True","number","Macroscopic charcoal (sieved)","direct",NA,"CHAR",7,NA,NA,"quant_raw",1.3031,"volume","cm^3","RPDv1b",1734,"charcoal","count","macrochar","wet_sieve","particle",">250um num",NA,">250um","num","RPDv1b","measured",1,"RPDv1b","ELEMENT=>250 µm","Lin core",61.48,-163.43,2,"north",NA,NA,"sedlac",860,1,2019,"Sae-Lim, J., Russell, J.M., Vachula, R.S., Holmes, R.M., Mann, P.J., Schade, J.D., Natali, S.M., 2019. Temperature-controlled tundra fire severity and frequency during the last millennium in the Yukon-Kuskokwim Delta, Alaska. The Holocene 29, 1223–1233.","Temperature-controlled tundra fire severity and frequency during the last millennium in the Yukon-Kuskokwim Delta, Alaska","The Holocene",29,NA,"1223-1233",NA,NA,NA,NA,NA,NA,NA,NA,NA,NA,NA,NA,NA,NA,NA,"RPDv1b:1734",860,"Sae-Lim, J.",1,"Sae-Lim","J.",NA,NA,NA,NA,NA,NA,NA,NA,NA,"RPDv1b:1734",860,"RPDv1b",1734,13968,0.1275,0.1275,"cm",0.01,"Radiocarbon date","wood",335,15,NA,NA,148150,TRUE,"","NA Date is in uncalibrated radiocarbon years.","Lin core_SIEVED","counted","250-NaN",NA,NA,"",335,320,350,335,0.1275,0.01,"NA Date is in uncalibrated radiocarbon years.",". Cal curve: NA. Source DB: RPDv1b","Lacustrine","Carbon-14","Radiocarbon",-66,939,"Calibrated radiocarbon years BP","sedimentary charcoal","Data Sourcing: RPDv1b #charcoal_recommendedformat","Sample Age Source: RPDv1b"
"860",4,"charcoal | >250um num",2.730987183,3.158311421,3.585635659,0.854648476,-17,NA,NA,"RPDv1b","Charcoal (sum)",">250 µm",250,NA,"False","True","number","Macroscopic charcoal (sieved)","direct",NA,"CHAR",7,NA,NA,"quant_raw",1.209,"volume","cm^3","RPDv1b",1734,"charcoal","count","macrochar","wet_sieve","particle",">250um num",NA,">250um","num","RPDv1b","measured",1,"RPDv1b","ELEMENT=>250 µm","Lin core",61.48,-163.43,2,"north",NA,NA,"sedlac",860,1,2019,"Sae-Lim, J., Russell, J.M., Vachula, R.S., Holmes, R.M., Mann, P.J., Schade, J.D., Natali, S.M., 2019. Temperature-controlled tundra fire severity and frequency during the last millennium in the Yukon-Kuskokwim Delta, Alaska. The Holocene 29, 1223–1233.","Temperature-controlled tundra fire severity and frequency during the last millennium in the Yukon-Kuskokwim Delta, Alaska","The Holocene",29,NA,"1223-1233",NA,NA,NA,NA,NA,NA,NA,NA,NA,NA,NA,NA,NA,NA,NA,"RPDv1b:1734",860,"Sae-Lim, J.",1,"Sae-Lim","J.",NA,NA,NA,NA,NA,NA,NA,NA,NA,"RPDv1b:1734",860,"RPDv1b",1734,13968,0.1275,0.1275,"cm",0.01,"Radiocarbon date","wood",335,15,NA,NA,148150,TRUE,"","NA Date is in uncalibrated radiocarbon years.","Lin core_SIEVED","counted","250-NaN",NA,NA,"",335,320,350,335,0.1275,0.01,"NA Date is in uncalibrated radiocarbon years.",". Cal curve: NA. Source DB: RPDv1b","Lacustrine","Carbon-14","Radiocarbon",-66,939,"Calibrated radiocarbon years BP","sedimentary charcoal","Data Sourcing: RPDv1b #charcoal_recommendedformat","Sample Age Source: RPDv1b"
"860",5,"charcoal | >250um num",3.585635659,3.9005301735,4.215424688,0.629789029,-1,NA,NA,"RPDv1b","Charcoal (sum)",">250 µm",250,NA,"False","True","number","Macroscopic charcoal (sieved)","direct",NA,"CHAR",6,NA,NA,"quant_raw",1.4065,"volume","cm^3","RPDv1b",1734,"charcoal","count","macrochar","wet_sieve","particle",">250um num",NA,">250um","num","RPDv1b","measured",1,"RPDv1b","ELEMENT=>250 µm","Lin core",61.48,-163.43,2,"north",NA,NA,"sedlac",860,1,2019,"Sae-Lim, J., Russell, J.M., Vachula, R.S., Holmes, R.M., Mann, P.J., Schade, J.D., Natali, S.M., 2019. Temperature-controlled tundra fire severity and frequency during the last millennium in the Yukon-Kuskokwim Delta, Alaska. The Holocene 29, 1223–1233.","Temperature-controlled tundra fire severity and frequency during the last millennium in the Yukon-Kuskokwim Delta, Alaska","The Holocene",29,NA,"1223-1233",NA,NA,NA,NA,NA,NA,NA,NA,NA,NA,NA,NA,NA,NA,NA,"RPDv1b:1734",860,"Sae-Lim, J.",1,"Sae-Lim","J.",NA,NA,NA,NA,NA,NA,NA,NA,NA,"RPDv1b:1734",860,"RPDv1b",1734,13968,0.1275,0.1275,"cm",0.01,"Radiocarbon date","wood",335,15,NA,NA,148150,TRUE,"","NA Date is in uncalibrated radiocarbon years.","Lin core_SIEVED","counted","250-NaN",NA,NA,"",335,320,350,335,0.1275,0.01,"NA Date is in uncalibrated radiocarbon years.",". Cal curve: NA. Source DB: RPDv1b","Lacustrine","Carbon-14","Radiocarbon",-66,939,"Calibrated radiocarbon years BP","sedimentary charcoal","Data Sourcing: RPDv1b #charcoal_recommendedformat","Sample Age Source: RPDv1b"
"860",6,"charcoal | >250um num",4.215424688,4.561275013,4.907125338,0.69170065,13,NA,NA,"RPDv1b","Charcoal (sum)",">250 µm",250,NA,"False","True","number","Macroscopic charcoal (sieved)","direct",NA,"CHAR",10,NA,NA,"quant_raw",1.4072,"volume","cm^3","RPDv1b",1734,"charcoal","count","macrochar","wet_sieve","particle",">250um num",NA,">250um","num","RPDv1b","measured",1,"RPDv1b","ELEMENT=>250 µm","Lin core",61.48,-163.43,2,"north",NA,NA,"sedlac",860,1,2019,"Sae-Lim, J., Russell, J.M., Vachula, R.S., Holmes, R.M., Mann, P.J., Schade, J.D., Natali, S.M., 2019. Temperature-controlled tundra fire severity and frequency during the last millennium in the Yukon-Kuskokwim Delta, Alaska. The Holocene 29, 1223–1233.","Temperature-controlled tundra fire severity and frequency during the last millennium in the Yukon-Kuskokwim Delta, Alaska","The Holocene",29,NA,"1223-1233",NA,NA,NA,NA,NA,NA,NA,NA,NA,NA,NA,NA,NA,NA,NA,"RPDv1b:1734",860,"Sae-Lim, J.",1,"Sae-Lim","J.",NA,NA,NA,NA,NA,NA,NA,NA,NA,"RPDv1b:1734",860,"RPDv1b",1734,13968,0.1275,0.1275,"cm",0.01,"Radiocarbon date","wood",335,15,NA,NA,148150,TRUE,"","NA Date is in uncalibrated radiocarbon years.","Lin core_SIEVED","counted","250-NaN",NA,NA,"",335,320,350,335,0.1275,0.01,"NA Date is in uncalibrated radiocarbon years.",". Cal curve: NA. Source DB: RPDv1b","Lacustrine","Carbon-14","Radiocarbon",-66,939,"Calibrated radiocarbon years BP","sedimentary charcoal","Data Sourcing: RPDv1b #charcoal_recommendedformat","Sample Age Source: RPDv1b"
"860",7,"charcoal | >250um num",4.907125338,5.216288277,5.525451216,0.618325878000001,26,NA,NA,"RPDv1b","Charcoal (sum)",">250 µm",250,NA,"False","True","number","Macroscopic charcoal (sieved)","direct",NA,"CHAR",4,NA,NA,"quant_raw",1.5361,"volume","cm^3","RPDv1b",1734,"charcoal","count","macrochar","wet_sieve","particle",">250um num",NA,">250um","num","RPDv1b","measured",1,"RPDv1b","ELEMENT=>250 µm","Lin core",61.48,-163.43,2,"north",NA,NA,"sedlac",860,1,2019,"Sae-Lim, J., Russell, J.M., Vachula, R.S., Holmes, R.M., Mann, P.J., Schade, J.D., Natali, S.M., 2019. Temperature-controlled tundra fire severity and frequency during the last millennium in the Yukon-Kuskokwim Delta, Alaska. The Holocene 29, 1223–1233.","Temperature-controlled tundra fire severity and frequency during the last millennium in the Yukon-Kuskokwim Delta, Alaska","The Holocene",29,NA,"1223-1233",NA,NA,NA,NA,NA,NA,NA,NA,NA,NA,NA,NA,NA,NA,NA,"RPDv1b:1734",860,"Sae-Lim, J.",1,"Sae-Lim","J.",NA,NA,NA,NA,NA,NA,NA,NA,NA,"RPDv1b:1734",860,"RPDv1b",1734,13968,0.1275,0.1275,"cm",0.01,"Radiocarbon date","wood",335,15,NA,NA,148150,TRUE,"","NA Date is in uncalibrated radiocarbon years.","Lin core_SIEVED","counted","250-NaN",NA,NA,"",335,320,350,335,0.1275,0.01,"NA Date is in uncalibrated radiocarbon years.",". Cal curve: NA. Source DB: RPDv1b","Lacustrine","Carbon-14","Radiocarbon",-66,939,"Calibrated radiocarbon years BP","sedimentary charcoal","Data Sourcing: RPDv1b #charcoal_recommendedformat","Sample Age Source: RPDv1b"
"860",8,"charcoal | >250um num",5.525451216,5.827494147,6.129537078,0.604085862,39,NA,NA,"RPDv1b","Charcoal (sum)",">250 µm",250,NA,"False","True","number","Macroscopic charcoal (sieved)","direct",NA,"CHAR",4,NA,NA,"quant_raw",1.423,"volume","cm^3","RPDv1b",1734,"charcoal","count","macrochar","wet_sieve","particle",">250um num",NA,">250um","num","RPDv1b","measured",1,"RPDv1b","ELEMENT=>250 µm","Lin core",61.48,-163.43,2,"north",NA,NA,"sedlac",860,1,2019,"Sae-Lim, J., Russell, J.M., Vachula, R.S., Holmes, R.M., Mann, P.J., Schade, J.D., Natali, S.M., 2019. Temperature-controlled tundra fire severity and frequency during the last millennium in the Yukon-Kuskokwim Delta, Alaska. The Holocene 29, 1223–1233.","Temperature-controlled tundra fire severity and frequency during the last millennium in the Yukon-Kuskokwim Delta, Alaska","The Holocene",29,NA,"1223-1233",NA,NA,NA,NA,NA,NA,NA,NA,NA,NA,NA,NA,NA,NA,NA,"RPDv1b:1734",860,"Sae-Lim, J.",1,"Sae-Lim","J.",NA,NA,NA,NA,NA,NA,NA,NA,NA,"RPDv1b:1734",860,"RPDv1b",1734,13968,0.1275,0.1275,"cm",0.01,"Radiocarbon date","wood",335,15,NA,NA,148150,TRUE,"","NA Date is in uncalibrated radiocarbon years.","Lin core_SIEVED","counted","250-NaN",NA,NA,"",335,320,350,335,0.1275,0.01,"NA Date is in uncalibrated radiocarbon years.",". Cal curve: NA. Source DB: RPDv1b","Lacustrine","Carbon-14","Radiocarbon",-66,939,"Calibrated radiocarbon years BP","sedimentary charcoal","Data Sourcing: RPDv1b #charcoal_recommendedformat","Sample Age Source: RPDv1b"
"860",9,"charcoal | >250um num",6.129537078,6.468209952,6.806882826,0.677345747999999,51,NA,NA,"RPDv1b","Charcoal (sum)",">250 µm",250,NA,"False","True","number","Macroscopic charcoal (sieved)","direct",NA,"CHAR",6,NA,NA,"quant_raw",1.4043,"volume","cm^3","RPDv1b",1734,"charcoal","count","macrochar","wet_sieve","particle",">250um num",NA,">250um","num","RPDv1b","measured",1,"RPDv1b","ELEMENT=>250 µm","Lin core",61.48,-163.43,2,"north",NA,NA,"sedlac",860,1,2019,"Sae-Lim, J., Russell, J.M., Vachula, R.S., Holmes, R.M., Mann, P.J., Schade, J.D., Natali, S.M., 2019. Temperature-controlled tundra fire severity and frequency during the last millennium in the Yukon-Kuskokwim Delta, Alaska. The Holocene 29, 1223–1233.","Temperature-controlled tundra fire severity and frequency during the last millennium in the Yukon-Kuskokwim Delta, Alaska","The Holocene",29,NA,"1223-1233",NA,NA,NA,NA,NA,NA,NA,NA,NA,NA,NA,NA,NA,NA,NA,"RPDv1b:1734",860,"Sae-Lim, J.",1,"Sae-Lim","J.",NA,NA,NA,NA,NA,NA,NA,NA,NA,"RPDv1b:1734",860,"RPDv1b",1734,13968,0.1275,0.1275,"cm",0.01,"Radiocarbon date","wood",335,15,NA,NA,148150,TRUE,"","NA Date is in uncalibrated radiocarbon years.","Lin core_SIEVED","counted","250-NaN",NA,NA,"",335,320,350,335,0.1275,0.01,"NA Date is in uncalibrated radiocarbon years.",". Cal curve: NA. Source DB: RPDv1b","Lacustrine","Carbon-14","Radiocarbon",-66,939,"Calibrated radiocarbon years BP","sedimentary charcoal","Data Sourcing: RPDv1b #charcoal_recommendedformat","Sample Age Source: RPDv1b"
"860",10,"charcoal | >250um num",6.806882826,7.1417690195,7.476655213,0.669772387000001,65,NA,NA,"RPDv1b","Charcoal (sum)",">250 µm",250,NA,"False","True","number","Macroscopic charcoal (sieved)","direct",NA,"CHAR",3,NA,NA,"quant_raw",1.3891,"volume","cm^3","RPDv1b",1734,"charcoal","count","macrochar","wet_sieve","particle",">250um num",NA,">250um","num","RPDv1b","measured",1,"RPDv1b","ELEMENT=>250 µm","Lin core",61.48,-163.43,2,"north",NA,NA,"sedlac",860,1,2019,"Sae-Lim, J., Russell, J.M., Vachula, R.S., Holmes, R.M., Mann, P.J., Schade, J.D., Natali, S.M., 2019. Temperature-controlled tundra fire severity and frequency during the last millennium in the Yukon-Kuskokwim Delta, Alaska. The Holocene 29, 1223–1233.","Temperature-controlled tundra fire severity and frequency during the last millennium in the Yukon-Kuskokwim Delta, Alaska","The Holocene",29,NA,"1223-1233",NA,NA,NA,NA,NA,NA,NA,NA,NA,NA,NA,NA,NA,NA,NA,"RPDv1b:1734",860,"Sae-Lim, J.",1,"Sae-Lim","J.",NA,NA,NA,NA,NA,NA,NA,NA,NA,"RPDv1b:1734",860,"RPDv1b",1734,13968,0.1275,0.1275,"cm",0.01,"Radiocarbon date","wood",335,15,NA,NA,148150,TRUE,"","NA Date is in uncalibrated radiocarbon years.","Lin core_SIEVED","counted","250-NaN",NA,NA,"",335,320,350,335,0.1275,0.01,"NA Date is in uncalibrated radiocarbon years.",". Cal curve: NA. Source DB: RPDv1b","Lacustrine","Carbon-14","Radiocarbon",-66,939,"Calibrated radiocarbon years BP","sedimentary charcoal","Data Sourcing: RPDv1b #charcoal_recommendedformat","Sample Age Source: RPDv1b"
"860",11,"charcoal | >250um num",7.476655213,7.83139146,8.186127707,0.709472494000001,78,NA,NA,"RPDv1b","Charcoal (sum)",">250 µm",250,NA,"False","True","number","Macroscopic charcoal (sieved)","direct",NA,"CHAR",5,NA,NA,"quant_raw",1.3629,"volume","cm^3","RPDv1b",1734,"charcoal","count","macrochar","wet_sieve","particle",">250um num",NA,">250um","num","RPDv1b","measured",1,"RPDv1b","ELEMENT=>250 µm","Lin core",61.48,-163.43,2,"north",NA,NA,"sedlac",860,1,2019,"Sae-Lim, J., Russell, J.M., Vachula, R.S., Holmes, R.M., Mann, P.J., Schade, J.D., Natali, S.M., 2019. Temperature-controlled tundra fire severity and frequency during the last millennium in the Yukon-Kuskokwim Delta, Alaska. The Holocene 29, 1223–1233.","Temperature-controlled tundra fire severity and frequency during the last millennium in the Yukon-Kuskokwim Delta, Alaska","The Holocene",29,NA,"1223-1233",NA,NA,NA,NA,NA,NA,NA,NA,NA,NA,NA,NA,NA,NA,NA,"RPDv1b:1734",860,"Russell, J.M.",1,"Russell","J.M.",NA,NA,NA,NA,NA,NA,NA,NA,NA,"RPDv1b:1734",860,"RPDv1b",1734,13968,0.1275,0.1275,"cm",0.01,"Radiocarbon date","wood",335,15,NA,NA,148150,TRUE,"","NA Date is in uncalibrated radiocarbon years.","Lin core_SIEVED","counted","250-NaN",NA,NA,"",335,320,350,335,0.1275,0.01,"NA Date is in uncalibrated radiocarbon years.",". Cal curve: NA. Source DB: RPDv1b","Lacustrine","Carbon-14","Radiocarbon",-66,939,"Calibrated radiocarbon years BP","sedimentary charcoal","Data Sourcing: RPDv1b #charcoal_recommendedformat","Sample Age Source: RPDv1b"
"860",12,"charcoal | >250um num",8.186127707,8.578262021,8.970396335,0.784268628,92,NA,NA,"RPDv1b","Charcoal (sum)",">250 µm",250,NA,"False","True","number","Macroscopic charcoal (sieved)","direct",NA,"CHAR",18,NA,NA,"quant_raw",1.294,"volume","cm^3","RPDv1b",1734,"charcoal","count","macrochar","wet_sieve","particle",">250um num",NA,">250um","num","RPDv1b","measured",1,"RPDv1b","ELEMENT=>250 µm","Lin core",61.48,-163.43,2,"north",NA,NA,"sedlac",860,1,2019,"Sae-Lim, J., Russell, J.M., Vachula, R.S., Holmes, R.M., Mann, P.J., Schade, J.D., Natali, S.M., 2019. Temperature-controlled tundra fire severity and frequency during the last millennium in the Yukon-Kuskokwim Delta, Alaska. The Holocene 29, 1223–1233.","Temperature-controlled tundra fire severity and frequency during the last millennium in the Yukon-Kuskokwim Delta, Alaska","The Holocene",29,NA,"1223-1233",NA,NA,NA,NA,NA,NA,NA,NA,NA,NA,NA,NA,NA,NA,NA,"RPDv1b:1734",860,"Russell, J.M.",1,"Russell","J.M.",NA,NA,NA,NA,NA,NA,NA,NA,NA,"RPDv1b:1734",860,"RPDv1b",1734,13968,0.1275,0.1275,"cm",0.01,"Radiocarbon date","wood",335,15,NA,NA,148150,TRUE,"","NA Date is in uncalibrated radiocarbon years.","Lin core_SIEVED","counted","250-NaN",NA,NA,"",335,320,350,335,0.1275,0.01,"NA Date is in uncalibrated radiocarbon years.",". Cal curve: NA. Source DB: RPDv1b","Lacustrine","Carbon-14","Radiocarbon",-66,939,"Calibrated radiocarbon years BP","sedimentary charcoal","Data Sourcing: RPDv1b #charcoal_recommendedformat","Sample Age Source: RPDv1b"
"860",13,"charcoal | >250um num",8.970396335,9.2886981385,9.606999942,0.636603607,107,NA,NA,"RPDv1b","Charcoal (sum)",">250 µm",250,NA,"False","True","number","Macroscopic charcoal (sieved)","direct",NA,"CHAR",9,NA,NA,"quant_raw",1.3578,"volume","cm^3","RPDv1b",1734,"charcoal","count","macrochar","wet_sieve","particle",">250um num",NA,">250um","num","RPDv1b","measured",1,"RPDv1b","ELEMENT=>250 µm","Lin core",61.48,-163.43,2,"north",NA,NA,"sedlac",860,1,2019,"Sae-Lim, J., Russell, J.M., Vachula, R.S., Holmes, R.M., Mann, P.J., Schade, J.D., Natali, S.M., 2019. Temperature-controlled tundra fire severity and frequency during the last millennium in the Yukon-Kuskokwim Delta, Alaska. The Holocene 29, 1223–1233.","Temperature-controlled tundra fire severity and frequency during the last millennium in the Yukon-Kuskokwim Delta, Alaska","The Holocene",29,NA,"1223-1233",NA,NA,NA,NA,NA,NA,NA,NA,NA,NA,NA,NA,NA,NA,NA,"RPDv1b:1734",860,"Russell, J.M.",1,"Russell","J.M.",NA,NA,NA,NA,NA,NA,NA,NA,NA,"RPDv1b:1734",860,"RPDv1b",1734,13968,0.1275,0.1275,"cm",0.01,"Radiocarbon date","wood",335,15,NA,NA,148150,TRUE,"","NA Date is in uncalibrated radiocarbon years.","Lin core_SIEVED","counted","250-NaN",NA,NA,"",335,320,350,335,0.1275,0.01,"NA Date is in uncalibrated radiocarbon years.",". Cal curve: NA. Source DB: RPDv1b","Lacustrine","Carbon-14","Radiocarbon",-66,939,"Calibrated radiocarbon years BP","sedimentary charcoal","Data Sourcing: RPDv1b #charcoal_recommendedformat","Sample Age Source: RPDv1b"
"860",14,"charcoal | >250um num",9.606999942,9.942188481,10.27737702,0.670377077999999,121,NA,NA,"RPDv1b","Charcoal (sum)",">250 µm",250,NA,"False","True","number","Macroscopic charcoal (sieved)","direct",NA,"CHAR",13,NA,NA,"quant_raw",1.3989,"volume","cm^3","RPDv1b",1734,"charcoal","count","macrochar","wet_sieve","particle",">250um num",NA,">250um","num","RPDv1b","measured",1,"RPDv1b","ELEMENT=>250 µm","Lin core",61.48,-163.43,2,"north",NA,NA,"sedlac",860,1,2019,"Sae-Lim, J., Russell, J.M., Vachula, R.S., Holmes, R.M., Mann, P.J., Schade, J.D., Natali, S.M., 2019. Temperature-controlled tundra fire severity and frequency during the last millennium in the Yukon-Kuskokwim Delta, Alaska. The Holocene 29, 1223–1233.","Temperature-controlled tundra fire severity and frequency during the last millennium in the Yukon-Kuskokwim Delta, Alaska","The Holocene",29,NA,"1223-1233",NA,NA,NA,NA,NA,NA,NA,NA,NA,NA,NA,NA,NA,NA,NA,"RPDv1b:1734",860,"Russell, J.M.",1,"Russell","J.M.",NA,NA,NA,NA,NA,NA,NA,NA,NA,"RPDv1b:1734",860,"RPDv1b",1734,13968,0.1275,0.1275,"cm",0.01,"Radiocarbon date","wood",335,15,NA,NA,148150,TRUE,"","NA Date is in uncalibrated radiocarbon years.","Lin core_SIEVED","counted","250-NaN",NA,NA,"",335,320,350,335,0.1275,0.01,"NA Date is in uncalibrated radiocarbon years.",". Cal curve: NA. Source DB: RPDv1b","Lacustrine","Carbon-14","Radiocarbon",-66,939,"Calibrated radiocarbon years BP","sedimentary charcoal","Data Sourcing: RPDv1b #charcoal_recommendedformat","Sample Age Source: RPDv1b"
"860",15,"charcoal | >250um num",10.27737702,10.60671521,10.9360534,0.658676380000002,134,NA,NA,"RPDv1b","Charcoal (sum)",">250 µm",250,NA,"False","True","number","Macroscopic charcoal (sieved)","direct",NA,"CHAR",12,NA,NA,"quant_raw",1.3091,"volume","cm^3","RPDv1b",1734,"charcoal","count","macrochar","wet_sieve","particle",">250um num",NA,">250um","num","RPDv1b","measured",1,"RPDv1b","ELEMENT=>250 µm","Lin core",61.48,-163.43,2,"north",NA,NA,"sedlac",860,1,2019,"Sae-Lim, J., Russell, J.M., Vachula, R.S., Holmes, R.M., Mann, P.J., Schade, J.D., Natali, S.M., 2019. Temperature-controlled tundra fire severity and frequency during the last millennium in the Yukon-Kuskokwim Delta, Alaska. The Holocene 29, 1223–1233.","Temperature-controlled tundra fire severity and frequency during the last millennium in the Yukon-Kuskokwim Delta, Alaska","The Holocene",29,NA,"1223-1233",NA,NA,NA,NA,NA,NA,NA,NA,NA,NA,NA,NA,NA,NA,NA,"RPDv1b:1734",860,"Russell, J.M.",1,"Russell","J.M.",NA,NA,NA,NA,NA,NA,NA,NA,NA,"RPDv1b:1734",860,"RPDv1b",1734,13968,0.1275,0.1275,"cm",0.01,"Radiocarbon date","wood",335,15,NA,NA,148150,TRUE,"","NA Date is in uncalibrated radiocarbon years.","Lin core_SIEVED","counted","250-NaN",NA,NA,"",335,320,350,335,0.1275,0.01,"NA Date is in uncalibrated radiocarbon years.",". Cal curve: NA. Source DB: RPDv1b","Lacustrine","Carbon-14","Radiocarbon",-66,939,"Calibrated radiocarbon years BP","sedimentary charcoal","Data Sourcing: RPDv1b #charcoal_recommendedformat","Sample Age Source: RPDv1b"
"860",16,"charcoal | >250um num",10.9360534,11.193119885,11.45018637,0.51413297,148,NA,NA,"RPDv1b","Charcoal (sum)",">250 µm",250,NA,"False","True","number","Macroscopic charcoal (sieved)","direct",NA,"CHAR",11,NA,NA,"quant_raw",1.4003,"volume","cm^3","RPDv1b",1734,"charcoal","count","macrochar","wet_sieve","particle",">250um num",NA,">250um","num","RPDv1b","measured",1,"RPDv1b","ELEMENT=>250 µm","Lin core",61.48,-163.43,2,"north",NA,NA,"sedlac",860,1,2019,"Sae-Lim, J., Russell, J.M., Vachula, R.S., Holmes, R.M., Mann, P.J., Schade, J.D., Natali, S.M., 2019. Temperature-controlled tundra fire severity and frequency during the last millennium in the Yukon-Kuskokwim Delta, Alaska. The Holocene 29, 1223–1233.","Temperature-controlled tundra fire severity and frequency during the last millennium in the Yukon-Kuskokwim Delta, Alaska","The Holocene",29,NA,"1223-1233",NA,NA,NA,NA,NA,NA,NA,NA,NA,NA,NA,NA,NA,NA,NA,"RPDv1b:1734",860,"Russell, J.M.",1,"Russell","J.M.",NA,NA,NA,NA,NA,NA,NA,NA,NA,"RPDv1b:1734",860,"RPDv1b",1734,13968,0.1275,0.1275,"cm",0.01,"Radiocarbon date","wood",335,15,NA,NA,148150,TRUE,"","NA Date is in uncalibrated radiocarbon years.","Lin core_SIEVED","counted","250-NaN",NA,NA,"",335,320,350,335,0.1275,0.01,"NA Date is in uncalibrated radiocarbon years.",". Cal curve: NA. Source DB: RPDv1b","Lacustrine","Carbon-14","Radiocarbon",-66,939,"Calibrated radiocarbon years BP","sedimentary charcoal","Data Sourcing: RPDv1b #charcoal_recommendedformat","Sample Age Source: RPDv1b"
"860",17,"charcoal | >250um num",11.45018637,11.79375525,12.13732413,0.687137759999998,159,NA,NA,"RPDv1b","Charcoal (sum)",">250 µm",250,NA,"False","True","number","Macroscopic charcoal (sieved)","direct",NA,"CHAR",10,NA,NA,"quant_raw",1.3333,"volume","cm^3","RPDv1b",1734,"charcoal","count","macrochar","wet_sieve","particle",">250um num",NA,">250um","num","RPDv1b","measured",1,"RPDv1b","ELEMENT=>250 µm","Lin core",61.48,-163.43,2,"north",NA,NA,"sedlac",860,1,2019,"Sae-Lim, J., Russell, J.M., Vachula, R.S., Holmes, R.M., Mann, P.J., Schade, J.D., Natali, S.M., 2019. Temperature-controlled tundra fire severity and frequency during the last millennium in the Yukon-Kuskokwim Delta, Alaska. The Holocene 29, 1223–1233.","Temperature-controlled tundra fire severity and frequency during the last millennium in the Yukon-Kuskokwim Delta, Alaska","The Holocene",29,NA,"1223-1233",NA,NA,NA,NA,NA,NA,NA,NA,NA,NA,NA,NA,NA,NA,NA,"RPDv1b:1734",860,"Russell, J.M.",1,"Russell","J.M.",NA,NA,NA,NA,NA,NA,NA,NA,NA,"RPDv1b:1734",860,"RPDv1b",1734,13968,0.1275,0.1275,"cm",0.01,"Radiocarbon date","wood",335,15,NA,NA,148150,TRUE,"","NA Date is in uncalibrated radiocarbon years.","Lin core_SIEVED","counted","250-NaN",NA,NA,"",335,320,350,335,0.1275,0.01,"NA Date is in uncalibrated radiocarbon years.",". Cal curve: NA. Source DB: RPDv1b","Lacustrine","Carbon-14","Radiocarbon",-66,939,"Calibrated radiocarbon years BP","sedimentary charcoal","Data Sourcing: RPDv1b #charcoal_recommendedformat","Sample Age Source: RPDv1b"
"860",18,"charcoal | >250um num",12.13732413,12.444554155,12.75178418,0.614460050000001,171,NA,NA,"RPDv1b","Charcoal (sum)",">250 µm",250,NA,"False","True","number","Macroscopic charcoal (sieved)","direct",NA,"CHAR",3,NA,NA,"quant_raw",1.4251,"volume","cm^3","RPDv1b",1734,"charcoal","count","macrochar","wet_sieve","particle",">250um num",NA,">250um","num","RPDv1b","measured",1,"RPDv1b","ELEMENT=>250 µm","Lin core",61.48,-163.43,2,"north",NA,NA,"sedlac",860,1,2019,"Sae-Lim, J., Russell, J.M., Vachula, R.S., Holmes, R.M., Mann, P.J., Schade, J.D., Natali, S.M., 2019. Temperature-controlled tundra fire severity and frequency during the last millennium in the Yukon-Kuskokwim Delta, Alaska. The Holocene 29, 1223–1233.","Temperature-controlled tundra fire severity and frequency during the last millennium in the Yukon-Kuskokwim Delta, Alaska","The Holocene",29,NA,"1223-1233",NA,NA,NA,NA,NA,NA,NA,NA,NA,NA,NA,NA,NA,NA,NA,"RPDv1b:1734",860,"Russell, J.M.",1,"Russell","J.M.",NA,NA,NA,NA,NA,NA,NA,NA,NA,"RPDv1b:1734",860,"RPDv1b",1734,13968,0.1275,0.1275,"cm",0.01,"Radiocarbon date","wood",335,15,NA,NA,148150,TRUE,"","NA Date is in uncalibrated radiocarbon years.","Lin core_SIEVED","counted","250-NaN",NA,NA,"",335,320,350,335,0.1275,0.01,"NA Date is in uncalibrated radiocarbon years.",". Cal curve: NA. Source DB: RPDv1b","Lacustrine","Carbon-14","Radiocarbon",-66,939,"Calibrated radiocarbon years BP","sedimentary charcoal","Data Sourcing: RPDv1b #charcoal_recommendedformat","Sample Age Source: RPDv1b"
"860",19,"charcoal | >250um num",12.75178418,13.119941685,13.48809919,0.736315009999999,185,NA,NA,"RPDv1b","Charcoal (sum)",">250 µm",250,NA,"False","True","number","Macroscopic charcoal (sieved)","direct",NA,"CHAR",7,NA,NA,"quant_raw",1.4098,"volume","cm^3","RPDv1b",1734,"charcoal","count","macrochar","wet_sieve","particle",">250um num",NA,">250um","num","RPDv1b","measured",1,"RPDv1b","ELEMENT=>250 µm","Lin core",61.48,-163.43,2,"north",NA,NA,"sedlac",860,1,2019,"Sae-Lim, J., Russell, J.M., Vachula, R.S., Holmes, R.M., Mann, P.J., Schade, J.D., Natali, S.M., 2019. Temperature-controlled tundra fire severity and frequency during the last millennium in the Yukon-Kuskokwim Delta, Alaska. The Holocene 29, 1223–1233.","Temperature-controlled tundra fire severity and frequency during the last millennium in the Yukon-Kuskokwim Delta, Alaska","The Holocene",29,NA,"1223-1233",NA,NA,NA,NA,NA,NA,NA,NA,NA,NA,NA,NA,NA,NA,NA,"RPDv1b:1734",860,"Russell, J.M.",1,"Russell","J.M.",NA,NA,NA,NA,NA,NA,NA,NA,NA,"RPDv1b:1734",860,"RPDv1b",1734,13969,0.2515,0.2515,"cm",0.01,"Radiocarbon date","undifferentiated plant macrofossil",2490,20,NA,NA,148149,FALSE,"age too old","NA Date is in uncalibrated radiocarbon years.. Excluded from chroncontrols because age too old","Lin core_SIEVED","counted","250-NaN",NA,NA,"",2490,NA,NA,NA,NA,NA,NA,". Cal curve: NA. Source DB: RPDv1b","Lacustrine","Carbon-14",NA,-66,939,"Calibrated radiocarbon years BP","sedimentary charcoal","Data Sourcing: RPDv1b #charcoal_recommendedformat","Sample Age Source: RPDv1b"
"860",20,"charcoal | >250um num",13.48809919,13.878863905,14.26962862,0.78152943,199,NA,NA,"RPDv1b","Charcoal (sum)",">250 µm",250,NA,"False","True","number","Macroscopic charcoal (sieved)","direct",NA,"CHAR",5,NA,NA,"quant_raw",1.4276,"volume","cm^3","RPDv1b",1734,"charcoal","count","macrochar","wet_sieve","particle",">250um num",NA,">250um","num","RPDv1b","measured",1,"RPDv1b","ELEMENT=>250 µm","Lin core",61.48,-163.43,2,"north",NA,NA,"sedlac",860,1,2019,"Sae-Lim, J., Russell, J.M., Vachula, R.S., Holmes, R.M., Mann, P.J., Schade, J.D., Natali, S.M., 2019. Temperature-controlled tundra fire severity and frequency during the last millennium in the Yukon-Kuskokwim Delta, Alaska. The Holocene 29, 1223–1233.","Temperature-controlled tundra fire severity and frequency during the last millennium in the Yukon-Kuskokwim Delta, Alaska","The Holocene",29,NA,"1223-1233",NA,NA,NA,NA,NA,NA,NA,NA,NA,NA,NA,NA,NA,NA,NA,"RPDv1b:1734",860,"Russell, J.M.",1,"Russell","J.M.",NA,NA,NA,NA,NA,NA,NA,NA,NA,"RPDv1b:1734",860,"RPDv1b",1734,13969,0.2515,0.2515,"cm",0.01,"Radiocarbon date","undifferentiated plant macrofossil",2490,20,NA,NA,148149,FALSE,"age too old","NA Date is in uncalibrated radiocarbon years.. Excluded from chroncontrols because age too old","Lin core_SIEVED","counted","250-NaN",NA,NA,"",2490,NA,NA,NA,NA,NA,NA,". Cal curve: NA. Source DB: RPDv1b","Lacustrine","Carbon-14",NA,-66,939,"Calibrated radiocarbon years BP","sedimentary charcoal","Data Sourcing: RPDv1b #charcoal_recommendedformat","Sample Age Source: RPDv1b"
"860",21,"charcoal | >250um num",14.26962862,14.60021066,14.9307927,0.661164080000001,214,NA,NA,"RPDv1b","Charcoal (sum)",">250 µm",250,NA,"False","True","number","Macroscopic charcoal (sieved)","direct",NA,"CHAR",4,NA,NA,"quant_raw",1.36,"volume","cm^3","RPDv1b",1734,"charcoal","count","macrochar","wet_sieve","particle",">250um num",NA,">250um","num","RPDv1b","measured",1,"RPDv1b","ELEMENT=>250 µm","Lin core",61.48,-163.43,2,"north",NA,NA,"sedlac",860,1,2019,"Sae-Lim, J., Russell, J.M., Vachula, R.S., Holmes, R.M., Mann, P.J., Schade, J.D., Natali, S.M., 2019. Temperature-controlled tundra fire severity and frequency during the last millennium in the Yukon-Kuskokwim Delta, Alaska. The Holocene 29, 1223–1233.","Temperature-controlled tundra fire severity and frequency during the last millennium in the Yukon-Kuskokwim Delta, Alaska","The Holocene",29,NA,"1223-1233",NA,NA,NA,NA,NA,NA,NA,NA,NA,NA,NA,NA,NA,NA,NA,"RPDv1b:1734",860,"Russell, J.M.",1,"Russell","J.M.",NA,NA,NA,NA,NA,NA,NA,NA,NA,"RPDv1b:1734",860,"RPDv1b",1734,13969,0.2515,0.2515,"cm",0.01,"Radiocarbon date","undifferentiated plant macrofossil",2490,20,NA,NA,148149,FALSE,"age too old","NA Date is in uncalibrated radiocarbon years.. Excluded from chroncontrols because age too old","Lin core_SIEVED","counted","250-NaN",NA,NA,"",2490,NA,NA,NA,NA,NA,NA,". Cal curve: NA. Source DB: RPDv1b","Lacustrine","Carbon-14",NA,-66,939,"Calibrated radiocarbon years BP","sedimentary charcoal","Data Sourcing: RPDv1b #charcoal_recommendedformat","Sample Age Source: RPDv1b"
"860",22,"charcoal | >250um num",14.9307927,15.274811965,15.61883123,0.688038529999999,229,NA,NA,"RPDv1b","Charcoal (sum)",">250 µm",250,NA,"False","True","number","Macroscopic charcoal (sieved)","direct",NA,"CHAR",5,NA,NA,"quant_raw",1.3691,"volume","cm^3","RPDv1b",1734,"charcoal","count","macrochar","wet_sieve","particle",">250um num",NA,">250um","num","RPDv1b","measured",1,"RPDv1b","ELEMENT=>250 µm","Lin core",61.48,-163.43,2,"north",NA,NA,"sedlac",860,1,2019,"Sae-Lim, J., Russell, J.M., Vachula, R.S., Holmes, R.M., Mann, P.J., Schade, J.D., Natali, S.M., 2019. Temperature-controlled tundra fire severity and frequency during the last millennium in the Yukon-Kuskokwim Delta, Alaska. The Holocene 29, 1223–1233.","Temperature-controlled tundra fire severity and frequency during the last millennium in the Yukon-Kuskokwim Delta, Alaska","The Holocene",29,NA,"1223-1233",NA,NA,NA,NA,NA,NA,NA,NA,NA,NA,NA,NA,NA,NA,NA,"RPDv1b:1734",860,"Vachula, R.S.",1,"Vachula","R.S.",NA,NA,NA,NA,NA,NA,NA,NA,NA,"RPDv1b:1734",860,"RPDv1b",1734,13969,0.2515,0.2515,"cm",0.01,"Radiocarbon date","undifferentiated plant macrofossil",2490,20,NA,NA,148149,FALSE,"age too old","NA Date is in uncalibrated radiocarbon years.. Excluded from chroncontrols because age too old","Lin core_SIEVED","counted","250-NaN",NA,NA,"",2490,NA,NA,NA,NA,NA,NA,". Cal curve: NA. Source DB: RPDv1b","Lacustrine","Carbon-14",NA,-66,939,"Calibrated radiocarbon years BP","sedimentary charcoal","Data Sourcing: RPDv1b #charcoal_recommendedformat","Sample Age Source: RPDv1b"
"860",23,"charcoal | >250um num",15.61883123,15.9394635,16.26009577,0.64126454,242,NA,NA,"RPDv1b","Charcoal (sum)",">250 µm",250,NA,"False","True","number","Macroscopic charcoal (sieved)","direct",NA,"CHAR",8,NA,NA,"quant_raw",1.3395,"volume","cm^3","RPDv1b",1734,"charcoal","count","macrochar","wet_sieve","particle",">250um num",NA,">250um","num","RPDv1b","measured",1,"RPDv1b","ELEMENT=>250 µm","Lin core",61.48,-163.43,2,"north",NA,NA,"sedlac",860,1,2019,"Sae-Lim, J., Russell, J.M., Vachula, R.S., Holmes, R.M., Mann, P.J., Schade, J.D., Natali, S.M., 2019. Temperature-controlled tundra fire severity and frequency during the last millennium in the Yukon-Kuskokwim Delta, Alaska. The Holocene 29, 1223–1233.","Temperature-controlled tundra fire severity and frequency during the last millennium in the Yukon-Kuskokwim Delta, Alaska","The Holocene",29,NA,"1223-1233",NA,NA,NA,NA,NA,NA,NA,NA,NA,NA,NA,NA,NA,NA,NA,"RPDv1b:1734",860,"Vachula, R.S.",1,"Vachula","R.S.",NA,NA,NA,NA,NA,NA,NA,NA,NA,"RPDv1b:1734",860,"RPDv1b",1734,13969,0.2515,0.2515,"cm",0.01,"Radiocarbon date","undifferentiated plant macrofossil",2490,20,NA,NA,148149,FALSE,"age too old","NA Date is in uncalibrated radiocarbon years.. Excluded from chroncontrols because age too old","Lin core_SIEVED","counted","250-NaN",NA,NA,"",2490,NA,NA,NA,NA,NA,NA,". Cal curve: NA. Source DB: RPDv1b","Lacustrine","Carbon-14",NA,-66,939,"Calibrated radiocarbon years BP","sedimentary charcoal","Data Sourcing: RPDv1b #charcoal_recommendedformat","Sample Age Source: RPDv1b"
"860",24,"charcoal | >250um num",16.26009577,16.56334489,16.86659401,0.60649824,255,NA,NA,"RPDv1b","Charcoal (sum)",">250 µm",250,NA,"False","True","number","Macroscopic charcoal (sieved)","direct",NA,"CHAR",7,NA,NA,"quant_raw",1.2254,"volume","cm^3","RPDv1b",1734,"charcoal","count","macrochar","wet_sieve","particle",">250um num",NA,">250um","num","RPDv1b","measured",1,"RPDv1b","ELEMENT=>250 µm","Lin core",61.48,-163.43,2,"north",NA,NA,"sedlac",860,1,2019,"Sae-Lim, J., Russell, J.M., Vachula, R.S., Holmes, R.M., Mann, P.J., Schade, J.D., Natali, S.M., 2019. Temperature-controlled tundra fire severity and frequency during the last millennium in the Yukon-Kuskokwim Delta, Alaska. The Holocene 29, 1223–1233.","Temperature-controlled tundra fire severity and frequency during the last millennium in the Yukon-Kuskokwim Delta, Alaska","The Holocene",29,NA,"1223-1233",NA,NA,NA,NA,NA,NA,NA,NA,NA,NA,NA,NA,NA,NA,NA,"RPDv1b:1734",860,"Vachula, R.S.",1,"Vachula","R.S.",NA,NA,NA,NA,NA,NA,NA,NA,NA,"RPDv1b:1734",860,"RPDv1b",1734,13969,0.2515,0.2515,"cm",0.01,"Radiocarbon date","undifferentiated plant macrofossil",2490,20,NA,NA,148149,FALSE,"age too old","NA Date is in uncalibrated radiocarbon years.. Excluded from chroncontrols because age too old","Lin core_SIEVED","counted","250-NaN",NA,NA,"",2490,NA,NA,NA,NA,NA,NA,". Cal curve: NA. Source DB: RPDv1b","Lacustrine","Carbon-14",NA,-66,939,"Calibrated radiocarbon years BP","sedimentary charcoal","Data Sourcing: RPDv1b #charcoal_recommendedformat","Sample Age Source: RPDv1b"
"860",25,"charcoal | >250um num",16.86659401,17.20888441,17.55117481,0.684580800000001,268,NA,NA,"RPDv1b","Charcoal (sum)",">250 µm",250,NA,"False","True","number","Macroscopic charcoal (sieved)","direct",NA,"CHAR",17,NA,NA,"quant_raw",1.168,"volume","cm^3","RPDv1b",1734,"charcoal","count","macrochar","wet_sieve","particle",">250um num",NA,">250um","num","RPDv1b","measured",1,"RPDv1b","ELEMENT=>250 µm","Lin core",61.48,-163.43,2,"north",NA,NA,"sedlac",860,1,2019,"Sae-Lim, J., Russell, J.M., Vachula, R.S., Holmes, R.M., Mann, P.J., Schade, J.D., Natali, S.M., 2019. Temperature-controlled tundra fire severity and frequency during the last millennium in the Yukon-Kuskokwim Delta, Alaska. The Holocene 29, 1223–1233.","Temperature-controlled tundra fire severity and frequency during the last millennium in the Yukon-Kuskokwim Delta, Alaska","The Holocene",29,NA,"1223-1233",NA,NA,NA,NA,NA,NA,NA,NA,NA,NA,NA,NA,NA,NA,NA,"RPDv1b:1734",860,"Vachula, R.S.",1,"Vachula","R.S.",NA,NA,NA,NA,NA,NA,NA,NA,NA,"RPDv1b:1734",860,"RPDv1b",1734,13969,0.2515,0.2515,"cm",0.01,"Radiocarbon date","undifferentiated plant macrofossil",2490,20,NA,NA,148149,FALSE,"age too old","NA Date is in uncalibrated radiocarbon years.. Excluded from chroncontrols because age too old","Lin core_SIEVED","counted","250-NaN",NA,NA,"",2490,NA,NA,NA,NA,NA,NA,". Cal curve: NA. Source DB: RPDv1b","Lacustrine","Carbon-14",NA,-66,939,"Calibrated radiocarbon years BP","sedimentary charcoal","Data Sourcing: RPDv1b #charcoal_recommendedformat","Sample Age Source: RPDv1b"
"860",26,"charcoal | >250um num",17.55117481,17.89654194,18.24190907,0.690734259999998,281,NA,NA,"RPDv1b","Charcoal (sum)",">250 µm",250,NA,"False","True","number","Macroscopic charcoal (sieved)","direct",NA,"CHAR",13,NA,NA,"quant_raw",1.1753,"volume","cm^3","RPDv1b",1734,"charcoal","count","macrochar","wet_sieve","particle",">250um num",NA,">250um","num","RPDv1b","measured",1,"RPDv1b","ELEMENT=>250 µm","Lin core",61.48,-163.43,2,"north",NA,NA,"sedlac",860,1,2019,"Sae-Lim, J., Russell, J.M., Vachula, R.S., Holmes, R.M., Mann, P.J., Schade, J.D., Natali, S.M., 2019. Temperature-controlled tundra fire severity and frequency during the last millennium in the Yukon-Kuskokwim Delta, Alaska. The Holocene 29, 1223–1233.","Temperature-controlled tundra fire severity and frequency during the last millennium in the Yukon-Kuskokwim Delta, Alaska","The Holocene",29,NA,"1223-1233",NA,NA,NA,NA,NA,NA,NA,NA,NA,NA,NA,NA,NA,NA,NA,"RPDv1b:1734",860,"Vachula, R.S.",1,"Vachula","R.S.",NA,NA,NA,NA,NA,NA,NA,NA,NA,"RPDv1b:1734",860,"RPDv1b",1734,13969,0.2515,0.2515,"cm",0.01,"Radiocarbon date","undifferentiated plant macrofossil",2490,20,NA,NA,148149,FALSE,"age too old","NA Date is in uncalibrated radiocarbon years.. Excluded from chroncontrols because age too old","Lin core_SIEVED","counted","250-NaN",NA,NA,"",2490,NA,NA,NA,NA,NA,NA,". Cal curve: NA. Source DB: RPDv1b","Lacustrine","Carbon-14",NA,-66,939,"Calibrated radiocarbon years BP","sedimentary charcoal","Data Sourcing: RPDv1b #charcoal_recommendedformat","Sample Age Source: RPDv1b"
"860",27,"charcoal | >250um num",18.24190907,18.532796255,18.82368344,0.581774370000002,294,NA,NA,"RPDv1b","Charcoal (sum)",">250 µm",250,NA,"False","True","number","Macroscopic charcoal (sieved)","direct",NA,"CHAR",14,NA,NA,"quant_raw",1.1944,"volume","cm^3","RPDv1b",1734,"charcoal","count","macrochar","wet_sieve","particle",">250um num",NA,">250um","num","RPDv1b","measured",1,"RPDv1b","ELEMENT=>250 µm","Lin core",61.48,-163.43,2,"north",NA,NA,"sedlac",860,1,2019,"Sae-Lim, J., Russell, J.M., Vachula, R.S., Holmes, R.M., Mann, P.J., Schade, J.D., Natali, S.M., 2019. Temperature-controlled tundra fire severity and frequency during the last millennium in the Yukon-Kuskokwim Delta, Alaska. The Holocene 29, 1223–1233.","Temperature-controlled tundra fire severity and frequency during the last millennium in the Yukon-Kuskokwim Delta, Alaska","The Holocene",29,NA,"1223-1233",NA,NA,NA,NA,NA,NA,NA,NA,NA,NA,NA,NA,NA,NA,NA,"RPDv1b:1734",860,"Vachula, R.S.",1,"Vachula","R.S.",NA,NA,NA,NA,NA,NA,NA,NA,NA,"RPDv1b:1734",860,"RPDv1b",1734,13969,0.2515,0.2515,"cm",0.01,"Radiocarbon date","undifferentiated plant macrofossil",2490,20,NA,NA,148149,FALSE,"age too old","NA Date is in uncalibrated radiocarbon years.. Excluded from chroncontrols because age too old","Lin core_SIEVED","counted","250-NaN",NA,NA,"",2490,NA,NA,NA,NA,NA,NA,". Cal curve: NA. Source DB: RPDv1b","Lacustrine","Carbon-14",NA,-66,939,"Calibrated radiocarbon years BP","sedimentary charcoal","Data Sourcing: RPDv1b #charcoal_recommendedformat","Sample Age Source: RPDv1b"
"860",28,"charcoal | >250um num",18.82368344,19.14083604,19.45798864,0.634305200000002,308,NA,NA,"RPDv1b","Charcoal (sum)",">250 µm",250,NA,"False","True","number","Macroscopic charcoal (sieved)","direct",NA,"CHAR",8,NA,NA,"quant_raw",1.2365,"volume","cm^3","RPDv1b",1734,"charcoal","count","macrochar","wet_sieve","particle",">250um num",NA,">250um","num","RPDv1b","measured",1,"RPDv1b","ELEMENT=>250 µm","Lin core",61.48,-163.43,2,"north",NA,NA,"sedlac",860,1,2019,"Sae-Lim, J., Russell, J.M., Vachula, R.S., Holmes, R.M., Mann, P.J., Schade, J.D., Natali, S.M., 2019. Temperature-controlled tundra fire severity and frequency during the last millennium in the Yukon-Kuskokwim Delta, Alaska. The Holocene 29, 1223–1233.","Temperature-controlled tundra fire severity and frequency during the last millennium in the Yukon-Kuskokwim Delta, Alaska","The Holocene",29,NA,"1223-1233",NA,NA,NA,NA,NA,NA,NA,NA,NA,NA,NA,NA,NA,NA,NA,"RPDv1b:1734",860,"Vachula, R.S.",1,"Vachula","R.S.",NA,NA,NA,NA,NA,NA,NA,NA,NA,"RPDv1b:1734",860,"RPDv1b",1734,13969,0.2515,0.2515,"cm",0.01,"Radiocarbon date","undifferentiated plant macrofossil",2490,20,NA,NA,148149,FALSE,"age too old","NA Date is in uncalibrated radiocarbon years.. Excluded from chroncontrols because age too old","Lin core_SIEVED","counted","250-NaN",NA,NA,"",2490,NA,NA,NA,NA,NA,NA,". Cal curve: NA. Source DB: RPDv1b","Lacustrine","Carbon-14",NA,-66,939,"Calibrated radiocarbon years BP","sedimentary charcoal","Data Sourcing: RPDv1b #charcoal_recommendedformat","Sample Age Source: RPDv1b"
"860",29,"charcoal | >250um num",19.45798864,19.857319285,20.25664993,0.798661289999997,320,NA,NA,"RPDv1b","Charcoal (sum)",">250 µm",250,NA,"False","True","number","Macroscopic charcoal (sieved)","direct",NA,"CHAR",13,NA,NA,"quant_raw",1.2415,"volume","cm^3","RPDv1b",1734,"charcoal","count","macrochar","wet_sieve","particle",">250um num",NA,">250um","num","RPDv1b","measured",1,"RPDv1b","ELEMENT=>250 µm","Lin core",61.48,-163.43,2,"north",NA,NA,"sedlac",860,1,2019,"Sae-Lim, J., Russell, J.M., Vachula, R.S., Holmes, R.M., Mann, P.J., Schade, J.D., Natali, S.M., 2019. Temperature-controlled tundra fire severity and frequency during the last millennium in the Yukon-Kuskokwim Delta, Alaska. The Holocene 29, 1223–1233.","Temperature-controlled tundra fire severity and frequency during the last millennium in the Yukon-Kuskokwim Delta, Alaska","The Holocene",29,NA,"1223-1233",NA,NA,NA,NA,NA,NA,NA,NA,NA,NA,NA,NA,NA,NA,NA,"RPDv1b:1734",860,"Vachula, R.S.",1,"Vachula","R.S.",NA,NA,NA,NA,NA,NA,NA,NA,NA,"RPDv1b:1734",860,"RPDv1b",1734,13969,0.2515,0.2515,"cm",0.01,"Radiocarbon date","undifferentiated plant macrofossil",2490,20,NA,NA,148149,FALSE,"age too old","NA Date is in uncalibrated radiocarbon years.. Excluded from chroncontrols because age too old","Lin core_SIEVED","counted","250-NaN",NA,NA,"",2490,NA,NA,NA,NA,NA,NA,". Cal curve: NA. Source DB: RPDv1b","Lacustrine","Carbon-14",NA,-66,939,"Calibrated radiocarbon years BP","sedimentary charcoal","Data Sourcing: RPDv1b #charcoal_recommendedformat","Sample Age Source: RPDv1b"
"860",30,"charcoal | >250um num",20.25664993,20.559046065,20.8614422,0.604792270000001,335,NA,NA,"RPDv1b","Charcoal (sum)",">250 µm",250,NA,"False","True","number","Macroscopic charcoal (sieved)","direct",NA,"CHAR",3,NA,NA,"quant_raw",1.3711,"volume","cm^3","RPDv1b",1734,"charcoal","count","macrochar","wet_sieve","particle",">250um num",NA,">250um","num","RPDv1b","measured",1,"RPDv1b","ELEMENT=>250 µm","Lin core",61.48,-163.43,2,"north",NA,NA,"sedlac",860,1,2019,"Sae-Lim, J., Russell, J.M., Vachula, R.S., Holmes, R.M., Mann, P.J., Schade, J.D., Natali, S.M., 2019. Temperature-controlled tundra fire severity and frequency during the last millennium in the Yukon-Kuskokwim Delta, Alaska. The Holocene 29, 1223–1233.","Temperature-controlled tundra fire severity and frequency during the last millennium in the Yukon-Kuskokwim Delta, Alaska","The Holocene",29,NA,"1223-1233",NA,NA,NA,NA,NA,NA,NA,NA,NA,NA,NA,NA,NA,NA,NA,"RPDv1b:1734",860,"Vachula, R.S.",1,"Vachula","R.S.",NA,NA,NA,NA,NA,NA,NA,NA,NA,"RPDv1b:1734",860,"RPDv1b",1734,13969,0.2515,0.2515,"cm",0.01,"Radiocarbon date","undifferentiated plant macrofossil",2490,20,NA,NA,148149,FALSE,"age too old","NA Date is in uncalibrated radiocarbon years.. Excluded from chroncontrols because age too old","Lin core_SIEVED","counted","250-NaN",NA,NA,"",2490,NA,NA,NA,NA,NA,NA,". Cal curve: NA. Source DB: RPDv1b","Lacustrine","Carbon-14",NA,-66,939,"Calibrated radiocarbon years BP","sedimentary charcoal","Data Sourcing: RPDv1b #charcoal_recommendedformat","Sample Age Source: RPDv1b"
"860",31,"charcoal | >250um num",20.8614422,21.16552888,21.46961556,0.608173360000003,349,NA,NA,"RPDv1b","Charcoal (sum)",">250 µm",250,NA,"False","True","number","Macroscopic charcoal (sieved)","direct",NA,"CHAR",8,NA,NA,"quant_raw",1.407,"volume","cm^3","RPDv1b",1734,"charcoal","count","macrochar","wet_sieve","particle",">250um num",NA,">250um","num","RPDv1b","measured",1,"RPDv1b","ELEMENT=>250 µm","Lin core",61.48,-163.43,2,"north",NA,NA,"sedlac",860,1,2019,"Sae-Lim, J., Russell, J.M., Vachula, R.S., Holmes, R.M., Mann, P.J., Schade, J.D., Natali, S.M., 2019. Temperature-controlled tundra fire severity and frequency during the last millennium in the Yukon-Kuskokwim Delta, Alaska. The Holocene 29, 1223–1233.","Temperature-controlled tundra fire severity and frequency during the last millennium in the Yukon-Kuskokwim Delta, Alaska","The Holocene",29,NA,"1223-1233",NA,NA,NA,NA,NA,NA,NA,NA,NA,NA,NA,NA,NA,NA,NA,"RPDv1b:1734",860,"Vachula, R.S.",1,"Vachula","R.S.",NA,NA,NA,NA,NA,NA,NA,NA,NA,"RPDv1b:1734",860,"RPDv1b",1734,13969,0.2515,0.2515,"cm",0.01,"Radiocarbon date","undifferentiated plant macrofossil",2490,20,NA,NA,148149,FALSE,"age too old","NA Date is in uncalibrated radiocarbon years.. Excluded from chroncontrols because age too old","Lin core_SIEVED","counted","250-NaN",NA,NA,"",2490,NA,NA,NA,NA,NA,NA,". Cal curve: NA. Source DB: RPDv1b","Lacustrine","Carbon-14",NA,-66,939,"Calibrated radiocarbon years BP","sedimentary charcoal","Data Sourcing: RPDv1b #charcoal_recommendedformat","Sample Age Source: RPDv1b"
"860",32,"charcoal | >250um num",21.46961556,21.81015614,22.15069672,0.681081159999997,361,NA,NA,"RPDv1b","Charcoal (sum)",">250 µm",250,NA,"False","True","number","Macroscopic charcoal (sieved)","direct",NA,"CHAR",6,NA,NA,"quant_raw",1.3932,"volume","cm^3","RPDv1b",1734,"charcoal","count","macrochar","wet_sieve","particle",">250um num",NA,">250um","num","RPDv1b","measured",1,"RPDv1b","ELEMENT=>250 µm","Lin core",61.48,-163.43,2,"north",NA,NA,"sedlac",860,1,2019,"Sae-Lim, J., Russell, J.M., Vachula, R.S., Holmes, R.M., Mann, P.J., Schade, J.D., Natali, S.M., 2019. Temperature-controlled tundra fire severity and frequency during the last millennium in the Yukon-Kuskokwim Delta, Alaska. The Holocene 29, 1223–1233.","Temperature-controlled tundra fire severity and frequency during the last millennium in the Yukon-Kuskokwim Delta, Alaska","The Holocene",29,NA,"1223-1233",NA,NA,NA,NA,NA,NA,NA,NA,NA,NA,NA,NA,NA,NA,NA,"RPDv1b:1734",860,"Vachula, R.S.",1,"Vachula","R.S.",NA,NA,NA,NA,NA,NA,NA,NA,NA,"RPDv1b:1734",860,"RPDv1b",1734,13969,0.2515,0.2515,"cm",0.01,"Radiocarbon date","undifferentiated plant macrofossil",2490,20,NA,NA,148149,FALSE,"age too old","NA Date is in uncalibrated radiocarbon years.. Excluded from chroncontrols because age too old","Lin core_SIEVED","counted","250-NaN",NA,NA,"",2490,NA,NA,NA,NA,NA,NA,". Cal curve: NA. Source DB: RPDv1b","Lacustrine","Carbon-14",NA,-66,939,"Calibrated radiocarbon years BP","sedimentary charcoal","Data Sourcing: RPDv1b #charcoal_recommendedformat","Sample Age Source: RPDv1b"
"860",33,"charcoal | >250um num",22.15069672,22.471330765,22.79196481,0.64126809,374,NA,NA,"RPDv1b","Charcoal (sum)",">250 µm",250,NA,"False","True","number","Macroscopic charcoal (sieved)","direct",NA,"CHAR",15,NA,NA,"quant_raw",1.3285,"volume","cm^3","RPDv1b",1734,"charcoal","count","macrochar","wet_sieve","particle",">250um num",NA,">250um","num","RPDv1b","measured",1,"RPDv1b","ELEMENT=>250 µm","Lin core",61.48,-163.43,2,"north",NA,NA,"sedlac",860,1,2019,"Sae-Lim, J., Russell, J.M., Vachula, R.S., Holmes, R.M., Mann, P.J., Schade, J.D., Natali, S.M., 2019. Temperature-controlled tundra fire severity and frequency during the last millennium in the Yukon-Kuskokwim Delta, Alaska. The Holocene 29, 1223–1233.","Temperature-controlled tundra fire severity and frequency during the last millennium in the Yukon-Kuskokwim Delta, Alaska","The Holocene",29,NA,"1223-1233",NA,NA,NA,NA,NA,NA,NA,NA,NA,NA,NA,NA,NA,NA,NA,"RPDv1b:1734",860,"Holmes, R.M.",1,"Holmes","R.M.",NA,NA,NA,NA,NA,NA,NA,NA,NA,"RPDv1b:1734",860,"RPDv1b",1734,13969,0.2515,0.2515,"cm",0.01,"Radiocarbon date","undifferentiated plant macrofossil",2490,20,NA,NA,148149,FALSE,"age too old","NA Date is in uncalibrated radiocarbon years.. Excluded from chroncontrols because age too old","Lin core_SIEVED","counted","250-NaN",NA,NA,"",2490,NA,NA,NA,NA,NA,NA,". Cal curve: NA. Source DB: RPDv1b","Lacustrine","Carbon-14",NA,-66,939,"Calibrated radiocarbon years BP","sedimentary charcoal","Data Sourcing: RPDv1b #charcoal_recommendedformat","Sample Age Source: RPDv1b"
"860",34,"charcoal | >250um num",22.79196481,23.138161455,23.4843581,0.692393290000004,387,NA,NA,"RPDv1b","Charcoal (sum)",">250 µm",250,NA,"False","True","number","Macroscopic charcoal (sieved)","direct",NA,"CHAR",6,NA,NA,"quant_raw",1.258,"volume","cm^3","RPDv1b",1734,"charcoal","count","macrochar","wet_sieve","particle",">250um num",NA,">250um","num","RPDv1b","measured",1,"RPDv1b","ELEMENT=>250 µm","Lin core",61.48,-163.43,2,"north",NA,NA,"sedlac",860,1,2019,"Sae-Lim, J., Russell, J.M., Vachula, R.S., Holmes, R.M., Mann, P.J., Schade, J.D., Natali, S.M., 2019. Temperature-controlled tundra fire severity and frequency during the last millennium in the Yukon-Kuskokwim Delta, Alaska. The Holocene 29, 1223–1233.","Temperature-controlled tundra fire severity and frequency during the last millennium in the Yukon-Kuskokwim Delta, Alaska","The Holocene",29,NA,"1223-1233",NA,NA,NA,NA,NA,NA,NA,NA,NA,NA,NA,NA,NA,NA,NA,"RPDv1b:1734",860,"Holmes, R.M.",1,"Holmes","R.M.",NA,NA,NA,NA,NA,NA,NA,NA,NA,"RPDv1b:1734",860,"RPDv1b",1734,13969,0.2515,0.2515,"cm",0.01,"Radiocarbon date","undifferentiated plant macrofossil",2490,20,NA,NA,148149,FALSE,"age too old","NA Date is in uncalibrated radiocarbon years.. Excluded from chroncontrols because age too old","Lin core_SIEVED","counted","250-NaN",NA,NA,"",2490,NA,NA,NA,NA,NA,NA,". Cal curve: NA. Source DB: RPDv1b","Lacustrine","Carbon-14",NA,-66,939,"Calibrated radiocarbon years BP","sedimentary charcoal","Data Sourcing: RPDv1b #charcoal_recommendedformat","Sample Age Source: RPDv1b"
"860",35,"charcoal | >250um num",23.4843581,23.84718633,24.21001456,0.725656459999999,400,NA,NA,"RPDv1b","Charcoal (sum)",">250 µm",250,NA,"False","True","number","Macroscopic charcoal (sieved)","direct",NA,"CHAR",14,NA,NA,"quant_raw",1.2027,"volume","cm^3","RPDv1b",1734,"charcoal","count","macrochar","wet_sieve","particle",">250um num",NA,">250um","num","RPDv1b","measured",1,"RPDv1b","ELEMENT=>250 µm","Lin core",61.48,-163.43,2,"north",NA,NA,"sedlac",860,1,2019,"Sae-Lim, J., Russell, J.M., Vachula, R.S., Holmes, R.M., Mann, P.J., Schade, J.D., Natali, S.M., 2019. Temperature-controlled tundra fire severity and frequency during the last millennium in the Yukon-Kuskokwim Delta, Alaska. The Holocene 29, 1223–1233.","Temperature-controlled tundra fire severity and frequency during the last millennium in the Yukon-Kuskokwim Delta, Alaska","The Holocene",29,NA,"1223-1233",NA,NA,NA,NA,NA,NA,NA,NA,NA,NA,NA,NA,NA,NA,NA,"RPDv1b:1734",860,"Holmes, R.M.",1,"Holmes","R.M.",NA,NA,NA,NA,NA,NA,NA,NA,NA,"RPDv1b:1734",860,"RPDv1b",1734,13969,0.2515,0.2515,"cm",0.01,"Radiocarbon date","undifferentiated plant macrofossil",2490,20,NA,NA,148149,FALSE,"age too old","NA Date is in uncalibrated radiocarbon years.. Excluded from chroncontrols because age too old","Lin core_SIEVED","counted","250-NaN",NA,NA,"",2490,NA,NA,NA,NA,NA,NA,". Cal curve: NA. Source DB: RPDv1b","Lacustrine","Carbon-14",NA,-66,939,"Calibrated radiocarbon years BP","sedimentary charcoal","Data Sourcing: RPDv1b #charcoal_recommendedformat","Sample Age Source: RPDv1b"
"860",36,"charcoal | >250um num",24.21001456,24.535685445,24.86135633,0.65134177,414,NA,NA,"RPDv1b","Charcoal (sum)",">250 µm",250,NA,"False","True","number","Macroscopic charcoal (sieved)","direct",NA,"CHAR",4,NA,NA,"quant_raw",1.1903,"volume","cm^3","RPDv1b",1734,"charcoal","count","macrochar","wet_sieve","particle",">250um num",NA,">250um","num","RPDv1b","measured",1,"RPDv1b","ELEMENT=>250 µm","Lin core",61.48,-163.43,2,"north",NA,NA,"sedlac",860,1,2019,"Sae-Lim, J., Russell, J.M., Vachula, R.S., Holmes, R.M., Mann, P.J., Schade, J.D., Natali, S.M., 2019. Temperature-controlled tundra fire severity and frequency during the last millennium in the Yukon-Kuskokwim Delta, Alaska. The Holocene 29, 1223–1233.","Temperature-controlled tundra fire severity and frequency during the last millennium in the Yukon-Kuskokwim Delta, Alaska","The Holocene",29,NA,"1223-1233",NA,NA,NA,NA,NA,NA,NA,NA,NA,NA,NA,NA,NA,NA,NA,"RPDv1b:1734",860,"Holmes, R.M.",1,"Holmes","R.M.",NA,NA,NA,NA,NA,NA,NA,NA,NA,"RPDv1b:1734",860,"RPDv1b",1734,13969,0.2515,0.2515,"cm",0.01,"Radiocarbon date","undifferentiated plant macrofossil",2490,20,NA,NA,148149,FALSE,"age too old","NA Date is in uncalibrated radiocarbon years.. Excluded from chroncontrols because age too old","Lin core_SIEVED","counted","250-NaN",NA,NA,"",2490,NA,NA,NA,NA,NA,NA,". Cal curve: NA. Source DB: RPDv1b","Lacustrine","Carbon-14",NA,-66,939,"Calibrated radiocarbon years BP","sedimentary charcoal","Data Sourcing: RPDv1b #charcoal_recommendedformat","Sample Age Source: RPDv1b"
"860",37,"charcoal | >250um num",24.86135633,25.15588122,25.45040611,0.589049780000001,429,NA,NA,"RPDv1b","Charcoal (sum)",">250 µm",250,NA,"False","True","number","Macroscopic charcoal (sieved)","direct",NA,"CHAR",7,NA,NA,"quant_raw",1.2271,"volume","cm^3","RPDv1b",1734,"charcoal","count","macrochar","wet_sieve","particle",">250um num",NA,">250um","num","RPDv1b","measured",1,"RPDv1b","ELEMENT=>250 µm","Lin core",61.48,-163.43,2,"north",NA,NA,"sedlac",860,1,2019,"Sae-Lim, J., Russell, J.M., Vachula, R.S., Holmes, R.M., Mann, P.J., Schade, J.D., Natali, S.M., 2019. Temperature-controlled tundra fire severity and frequency during the last millennium in the Yukon-Kuskokwim Delta, Alaska. The Holocene 29, 1223–1233.","Temperature-controlled tundra fire severity and frequency during the last millennium in the Yukon-Kuskokwim Delta, Alaska","The Holocene",29,NA,"1223-1233",NA,NA,NA,NA,NA,NA,NA,NA,NA,NA,NA,NA,NA,NA,NA,"RPDv1b:1734",860,"Holmes, R.M.",1,"Holmes","R.M.",NA,NA,NA,NA,NA,NA,NA,NA,NA,"RPDv1b:1734",860,"RPDv1b",1734,13969,0.2515,0.2515,"cm",0.01,"Radiocarbon date","undifferentiated plant macrofossil",2490,20,NA,NA,148149,FALSE,"age too old","NA Date is in uncalibrated radiocarbon years.. Excluded from chroncontrols because age too old","Lin core_SIEVED","counted","250-NaN",NA,NA,"",2490,NA,NA,NA,NA,NA,NA,". Cal curve: NA. Source DB: RPDv1b","Lacustrine","Carbon-14",NA,-66,939,"Calibrated radiocarbon years BP","sedimentary charcoal","Data Sourcing: RPDv1b #charcoal_recommendedformat","Sample Age Source: RPDv1b"
"860",38,"charcoal | >250um num",25.45040611,25.78782025,26.12523439,0.674828280000001,442,NA,NA,"RPDv1b","Charcoal (sum)",">250 µm",250,NA,"False","True","number","Macroscopic charcoal (sieved)","direct",NA,"CHAR",10,NA,NA,"quant_raw",1.2454,"volume","cm^3","RPDv1b",1734,"charcoal","count","macrochar","wet_sieve","particle",">250um num",NA,">250um","num","RPDv1b","measured",1,"RPDv1b","ELEMENT=>250 µm","Lin core",61.48,-163.43,2,"north",NA,NA,"sedlac",860,1,2019,"Sae-Lim, J., Russell, J.M., Vachula, R.S., Holmes, R.M., Mann, P.J., Schade, J.D., Natali, S.M., 2019. Temperature-controlled tundra fire severity and frequency during the last millennium in the Yukon-Kuskokwim Delta, Alaska. The Holocene 29, 1223–1233.","Temperature-controlled tundra fire severity and frequency during the last millennium in the Yukon-Kuskokwim Delta, Alaska","The Holocene",29,NA,"1223-1233",NA,NA,NA,NA,NA,NA,NA,NA,NA,NA,NA,NA,NA,NA,NA,"RPDv1b:1734",860,"Holmes, R.M.",1,"Holmes","R.M.",NA,NA,NA,NA,NA,NA,NA,NA,NA,"RPDv1b:1734",860,"RPDv1b",1734,13970,0.3892,0.3892,"cm",0.01,"Radiocarbon date","wood",0,NA,NA,NA,148148,FALSE,"contamination suspected","NA Date is in uncalibrated radiocarbon years.. Excluded from chroncontrols because contamination suspected","Lin core_SIEVED","counted","250-NaN",NA,NA,"",0,NA,NA,NA,NA,NA,NA,". Cal curve: NA. Source DB: RPDv1b","Lacustrine","Carbon-14",NA,-66,939,"Calibrated radiocarbon years BP","sedimentary charcoal","Data Sourcing: RPDv1b #charcoal_recommendedformat","Sample Age Source: RPDv1b"
"860",39,"charcoal | >250um num",26.12523439,26.48039845,26.83556251,0.710328119999998,454,NA,NA,"RPDv1b","Charcoal (sum)",">250 µm",250,NA,"False","True","number","Macroscopic charcoal (sieved)","direct",NA,"CHAR",12,NA,NA,"quant_raw",1.3347,"volume","cm^3","RPDv1b",1734,"charcoal","count","macrochar","wet_sieve","particle",">250um num",NA,">250um","num","RPDv1b","measured",1,"RPDv1b","ELEMENT=>250 µm","Lin core",61.48,-163.43,2,"north",NA,NA,"sedlac",860,1,2019,"Sae-Lim, J., Russell, J.M., Vachula, R.S., Holmes, R.M., Mann, P.J., Schade, J.D., Natali, S.M., 2019. Temperature-controlled tundra fire severity and frequency during the last millennium in the Yukon-Kuskokwim Delta, Alaska. The Holocene 29, 1223–1233.","Temperature-controlled tundra fire severity and frequency during the last millennium in the Yukon-Kuskokwim Delta, Alaska","The Holocene",29,NA,"1223-1233",NA,NA,NA,NA,NA,NA,NA,NA,NA,NA,NA,NA,NA,NA,NA,"RPDv1b:1734",860,"Holmes, R.M.",1,"Holmes","R.M.",NA,NA,NA,NA,NA,NA,NA,NA,NA,"RPDv1b:1734",860,"RPDv1b",1734,13970,0.3892,0.3892,"cm",0.01,"Radiocarbon date","wood",0,NA,NA,NA,148148,FALSE,"contamination suspected","NA Date is in uncalibrated radiocarbon years.. Excluded from chroncontrols because contamination suspected","Lin core_SIEVED","counted","250-NaN",NA,NA,"",0,NA,NA,NA,NA,NA,NA,". Cal curve: NA. Source DB: RPDv1b","Lacustrine","Carbon-14",NA,-66,939,"Calibrated radiocarbon years BP","sedimentary charcoal","Data Sourcing: RPDv1b #charcoal_recommendedformat","Sample Age Source: RPDv1b"
"860",40,"charcoal | >250um num",26.83556251,27.14963361,27.46370471,0.628142199999998,468,NA,NA,"RPDv1b","Charcoal (sum)",">250 µm",250,NA,"False","True","number","Macroscopic charcoal (sieved)","direct",NA,"CHAR",8,NA,NA,"quant_raw",1.3304,"volume","cm^3","RPDv1b",1734,"charcoal","count","macrochar","wet_sieve","particle",">250um num",NA,">250um","num","RPDv1b","measured",1,"RPDv1b","ELEMENT=>250 µm","Lin core",61.48,-163.43,2,"north",NA,NA,"sedlac",860,1,2019,"Sae-Lim, J., Russell, J.M., Vachula, R.S., Holmes, R.M., Mann, P.J., Schade, J.D., Natali, S.M., 2019. Temperature-controlled tundra fire severity and frequency during the last millennium in the Yukon-Kuskokwim Delta, Alaska. The Holocene 29, 1223–1233.","Temperature-controlled tundra fire severity and frequency during the last millennium in the Yukon-Kuskokwim Delta, Alaska","The Holocene",29,NA,"1223-1233",NA,NA,NA,NA,NA,NA,NA,NA,NA,NA,NA,NA,NA,NA,NA,"RPDv1b:1734",860,"Holmes, R.M.",1,"Holmes","R.M.",NA,NA,NA,NA,NA,NA,NA,NA,NA,"RPDv1b:1734",860,"RPDv1b",1734,13970,0.3892,0.3892,"cm",0.01,"Radiocarbon date","wood",0,NA,NA,NA,148148,FALSE,"contamination suspected","NA Date is in uncalibrated radiocarbon years.. Excluded from chroncontrols because contamination suspected","Lin core_SIEVED","counted","250-NaN",NA,NA,"",0,NA,NA,NA,NA,NA,NA,". Cal curve: NA. Source DB: RPDv1b","Lacustrine","Carbon-14",NA,-66,939,"Calibrated radiocarbon years BP","sedimentary charcoal","Data Sourcing: RPDv1b #charcoal_recommendedformat","Sample Age Source: RPDv1b"
"860",41,"charcoal | >250um num",27.46370471,27.787165125,28.11062554,0.646920830000003,481,NA,NA,"RPDv1b","Charcoal (sum)",">250 µm",250,NA,"False","True","number","Macroscopic charcoal (sieved)","direct",NA,"CHAR",6,NA,NA,"quant_raw",1.5228,"volume","cm^3","RPDv1b",1734,"charcoal","count","macrochar","wet_sieve","particle",">250um num",NA,">250um","num","RPDv1b","measured",1,"RPDv1b","ELEMENT=>250 µm","Lin core",61.48,-163.43,2,"north",NA,NA,"sedlac",860,1,2019,"Sae-Lim, J., Russell, J.M., Vachula, R.S., Holmes, R.M., Mann, P.J., Schade, J.D., Natali, S.M., 2019. Temperature-controlled tundra fire severity and frequency during the last millennium in the Yukon-Kuskokwim Delta, Alaska. The Holocene 29, 1223–1233.","Temperature-controlled tundra fire severity and frequency during the last millennium in the Yukon-Kuskokwim Delta, Alaska","The Holocene",29,NA,"1223-1233",NA,NA,NA,NA,NA,NA,NA,NA,NA,NA,NA,NA,NA,NA,NA,"RPDv1b:1734",860,"Holmes, R.M.",1,"Holmes","R.M.",NA,NA,NA,NA,NA,NA,NA,NA,NA,"RPDv1b:1734",860,"RPDv1b",1734,13970,0.3892,0.3892,"cm",0.01,"Radiocarbon date","wood",0,NA,NA,NA,148148,FALSE,"contamination suspected","NA Date is in uncalibrated radiocarbon years.. Excluded from chroncontrols because contamination suspected","Lin core_SIEVED","counted","250-NaN",NA,NA,"",0,NA,NA,NA,NA,NA,NA,". Cal curve: NA. Source DB: RPDv1b","Lacustrine","Carbon-14",NA,-66,939,"Calibrated radiocarbon years BP","sedimentary charcoal","Data Sourcing: RPDv1b #charcoal_recommendedformat","Sample Age Source: RPDv1b"
"860",42,"charcoal | >250um num",28.11062554,28.478277705,28.84592987,0.735304329999997,494,NA,NA,"RPDv1b","Charcoal (sum)",">250 µm",250,NA,"False","True","number","Macroscopic charcoal (sieved)","direct",NA,"CHAR",11,NA,NA,"quant_raw",1.4503,"volume","cm^3","RPDv1b",1734,"charcoal","count","macrochar","wet_sieve","particle",">250um num",NA,">250um","num","RPDv1b","measured",1,"RPDv1b","ELEMENT=>250 µm","Lin core",61.48,-163.43,2,"north",NA,NA,"sedlac",860,1,2019,"Sae-Lim, J., Russell, J.M., Vachula, R.S., Holmes, R.M., Mann, P.J., Schade, J.D., Natali, S.M., 2019. Temperature-controlled tundra fire severity and frequency during the last millennium in the Yukon-Kuskokwim Delta, Alaska. The Holocene 29, 1223–1233.","Temperature-controlled tundra fire severity and frequency during the last millennium in the Yukon-Kuskokwim Delta, Alaska","The Holocene",29,NA,"1223-1233",NA,NA,NA,NA,NA,NA,NA,NA,NA,NA,NA,NA,NA,NA,NA,"RPDv1b:1734",860,"Holmes, R.M.",1,"Holmes","R.M.",NA,NA,NA,NA,NA,NA,NA,NA,NA,"RPDv1b:1734",860,"RPDv1b",1734,13970,0.3892,0.3892,"cm",0.01,"Radiocarbon date","wood",0,NA,NA,NA,148148,FALSE,"contamination suspected","NA Date is in uncalibrated radiocarbon years.. Excluded from chroncontrols because contamination suspected","Lin core_SIEVED","counted","250-NaN",NA,NA,"",0,NA,NA,NA,NA,NA,NA,". Cal curve: NA. Source DB: RPDv1b","Lacustrine","Carbon-14",NA,-66,939,"Calibrated radiocarbon years BP","sedimentary charcoal","Data Sourcing: RPDv1b #charcoal_recommendedformat","Sample Age Source: RPDv1b"
"860",43,"charcoal | >250um num",28.84592987,29.102921205,29.35991254,0.513982670000002,508,NA,NA,"RPDv1b","Charcoal (sum)",">250 µm",250,NA,"False","True","number","Macroscopic charcoal (sieved)","direct",NA,"CHAR",5,NA,NA,"quant_raw",0.8427,"volume","cm^3","RPDv1b",1734,"charcoal","count","macrochar","wet_sieve","particle",">250um num",NA,">250um","num","RPDv1b","measured",1,"RPDv1b","ELEMENT=>250 µm","Lin core",61.48,-163.43,2,"north",NA,NA,"sedlac",860,1,2019,"Sae-Lim, J., Russell, J.M., Vachula, R.S., Holmes, R.M., Mann, P.J., Schade, J.D., Natali, S.M., 2019. Temperature-controlled tundra fire severity and frequency during the last millennium in the Yukon-Kuskokwim Delta, Alaska. The Holocene 29, 1223–1233.","Temperature-controlled tundra fire severity and frequency during the last millennium in the Yukon-Kuskokwim Delta, Alaska","The Holocene",29,NA,"1223-1233",NA,NA,NA,NA,NA,NA,NA,NA,NA,NA,NA,NA,NA,NA,NA,"RPDv1b:1734",860,"Holmes, R.M.",1,"Holmes","R.M.",NA,NA,NA,NA,NA,NA,NA,NA,NA,"RPDv1b:1734",860,"RPDv1b",1734,13970,0.3892,0.3892,"cm",0.01,"Radiocarbon date","wood",0,NA,NA,NA,148148,FALSE,"contamination suspected","NA Date is in uncalibrated radiocarbon years.. Excluded from chroncontrols because contamination suspected","Lin core_SIEVED","counted","250-NaN",NA,NA,"",0,NA,NA,NA,NA,NA,NA,". Cal curve: NA. Source DB: RPDv1b","Lacustrine","Carbon-14",NA,-66,939,"Calibrated radiocarbon years BP","sedimentary charcoal","Data Sourcing: RPDv1b #charcoal_recommendedformat","Sample Age Source: RPDv1b"
"860",44,"charcoal | >250um num",29.35991254,29.619709605,29.87950667,0.519594130000001,521,NA,NA,"RPDv1b","Charcoal (sum)",">250 µm",250,NA,"False","True","number","Macroscopic charcoal (sieved)","direct",NA,"CHAR",4,NA,NA,"quant_raw",1.2497,"volume","cm^3","RPDv1b",1734,"charcoal","count","macrochar","wet_sieve","particle",">250um num",NA,">250um","num","RPDv1b","measured",1,"RPDv1b","ELEMENT=>250 µm","Lin core",61.48,-163.43,2,"north",NA,NA,"sedlac",860,1,2019,"Sae-Lim, J., Russell, J.M., Vachula, R.S., Holmes, R.M., Mann, P.J., Schade, J.D., Natali, S.M., 2019. Temperature-controlled tundra fire severity and frequency during the last millennium in the Yukon-Kuskokwim Delta, Alaska. The Holocene 29, 1223–1233.","Temperature-controlled tundra fire severity and frequency during the last millennium in the Yukon-Kuskokwim Delta, Alaska","The Holocene",29,NA,"1223-1233",NA,NA,NA,NA,NA,NA,NA,NA,NA,NA,NA,NA,NA,NA,NA,"RPDv1b:1734",860,"Mann, P.J.",1,"Mann","P.J.",NA,NA,NA,NA,NA,NA,NA,NA,NA,"RPDv1b:1734",860,"RPDv1b",1734,13970,0.3892,0.3892,"cm",0.01,"Radiocarbon date","wood",0,NA,NA,NA,148148,FALSE,"contamination suspected","NA Date is in uncalibrated radiocarbon years.. Excluded from chroncontrols because contamination suspected","Lin core_SIEVED","counted","250-NaN",NA,NA,"",0,NA,NA,NA,NA,NA,NA,". Cal curve: NA. Source DB: RPDv1b","Lacustrine","Carbon-14",NA,-66,939,"Calibrated radiocarbon years BP","sedimentary charcoal","Data Sourcing: RPDv1b #charcoal_recommendedformat","Sample Age Source: RPDv1b"
"860",45,"charcoal | >250um num",29.87950667,30.21129723,30.54308779,0.663581120000001,531,NA,NA,"RPDv1b","Charcoal (sum)",">250 µm",250,NA,"False","True","number","Macroscopic charcoal (sieved)","direct",NA,"CHAR",34,NA,NA,"quant_raw",1.257,"volume","cm^3","RPDv1b",1734,"charcoal","count","macrochar","wet_sieve","particle",">250um num",NA,">250um","num","RPDv1b","measured",1,"RPDv1b","ELEMENT=>250 µm","Lin core",61.48,-163.43,2,"north",NA,NA,"sedlac",860,1,2019,"Sae-Lim, J., Russell, J.M., Vachula, R.S., Holmes, R.M., Mann, P.J., Schade, J.D., Natali, S.M., 2019. Temperature-controlled tundra fire severity and frequency during the last millennium in the Yukon-Kuskokwim Delta, Alaska. The Holocene 29, 1223–1233.","Temperature-controlled tundra fire severity and frequency during the last millennium in the Yukon-Kuskokwim Delta, Alaska","The Holocene",29,NA,"1223-1233",NA,NA,NA,NA,NA,NA,NA,NA,NA,NA,NA,NA,NA,NA,NA,"RPDv1b:1734",860,"Mann, P.J.",1,"Mann","P.J.",NA,NA,NA,NA,NA,NA,NA,NA,NA,"RPDv1b:1734",860,"RPDv1b",1734,13970,0.3892,0.3892,"cm",0.01,"Radiocarbon date","wood",0,NA,NA,NA,148148,FALSE,"contamination suspected","NA Date is in uncalibrated radiocarbon years.. Excluded from chroncontrols because contamination suspected","Lin core_SIEVED","counted","250-NaN",NA,NA,"",0,NA,NA,NA,NA,NA,NA,". Cal curve: NA. Source DB: RPDv1b","Lacustrine","Carbon-14",NA,-66,939,"Calibrated radiocarbon years BP","sedimentary charcoal","Data Sourcing: RPDv1b #charcoal_recommendedformat","Sample Age Source: RPDv1b"
"860",46,"charcoal | >250um num",30.54308779,30.89025286,31.23741793,0.694330139999999,543,NA,NA,"RPDv1b","Charcoal (sum)",">250 µm",250,NA,"False","True","number","Macroscopic charcoal (sieved)","direct",NA,"CHAR",12,NA,NA,"quant_raw",1.4451,"volume","cm^3","RPDv1b",1734,"charcoal","count","macrochar","wet_sieve","particle",">250um num",NA,">250um","num","RPDv1b","measured",1,"RPDv1b","ELEMENT=>250 µm","Lin core",61.48,-163.43,2,"north",NA,NA,"sedlac",860,1,2019,"Sae-Lim, J., Russell, J.M., Vachula, R.S., Holmes, R.M., Mann, P.J., Schade, J.D., Natali, S.M., 2019. Temperature-controlled tundra fire severity and frequency during the last millennium in the Yukon-Kuskokwim Delta, Alaska. The Holocene 29, 1223–1233.","Temperature-controlled tundra fire severity and frequency during the last millennium in the Yukon-Kuskokwim Delta, Alaska","The Holocene",29,NA,"1223-1233",NA,NA,NA,NA,NA,NA,NA,NA,NA,NA,NA,NA,NA,NA,NA,"RPDv1b:1734",860,"Mann, P.J.",1,"Mann","P.J.",NA,NA,NA,NA,NA,NA,NA,NA,NA,"RPDv1b:1734",860,"RPDv1b",1734,13970,0.3892,0.3892,"cm",0.01,"Radiocarbon date","wood",0,NA,NA,NA,148148,FALSE,"contamination suspected","NA Date is in uncalibrated radiocarbon years.. Excluded from chroncontrols because contamination suspected","Lin core_SIEVED","counted","250-NaN",NA,NA,"",0,NA,NA,NA,NA,NA,NA,". Cal curve: NA. Source DB: RPDv1b","Lacustrine","Carbon-14",NA,-66,939,"Calibrated radiocarbon years BP","sedimentary charcoal","Data Sourcing: RPDv1b #charcoal_recommendedformat","Sample Age Source: RPDv1b"
"860",47,"charcoal | >250um num",31.23741793,31.55355569,31.86969345,0.632275519999997,557,NA,NA,"RPDv1b","Charcoal (sum)",">250 µm",250,NA,"False","True","number","Macroscopic charcoal (sieved)","direct",NA,"CHAR",17,NA,NA,"quant_raw",1.4607,"volume","cm^3","RPDv1b",1734,"charcoal","count","macrochar","wet_sieve","particle",">250um num",NA,">250um","num","RPDv1b","measured",1,"RPDv1b","ELEMENT=>250 µm","Lin core",61.48,-163.43,2,"north",NA,NA,"sedlac",860,1,2019,"Sae-Lim, J., Russell, J.M., Vachula, R.S., Holmes, R.M., Mann, P.J., Schade, J.D., Natali, S.M., 2019. Temperature-controlled tundra fire severity and frequency during the last millennium in the Yukon-Kuskokwim Delta, Alaska. The Holocene 29, 1223–1233.","Temperature-controlled tundra fire severity and frequency during the last millennium in the Yukon-Kuskokwim Delta, Alaska","The Holocene",29,NA,"1223-1233",NA,NA,NA,NA,NA,NA,NA,NA,NA,NA,NA,NA,NA,NA,NA,"RPDv1b:1734",860,"Mann, P.J.",1,"Mann","P.J.",NA,NA,NA,NA,NA,NA,NA,NA,NA,"RPDv1b:1734",860,"RPDv1b",1734,13970,0.3892,0.3892,"cm",0.01,"Radiocarbon date","wood",0,NA,NA,NA,148148,FALSE,"contamination suspected","NA Date is in uncalibrated radiocarbon years.. Excluded from chroncontrols because contamination suspected","Lin core_SIEVED","counted","250-NaN",NA,NA,"",0,NA,NA,NA,NA,NA,NA,". Cal curve: NA. Source DB: RPDv1b","Lacustrine","Carbon-14",NA,-66,939,"Calibrated radiocarbon years BP","sedimentary charcoal","Data Sourcing: RPDv1b #charcoal_recommendedformat","Sample Age Source: RPDv1b"
"860",48,"charcoal | >250um num",31.86969345,32.187376525,32.5050596,0.635366150000005,571,NA,NA,"RPDv1b","Charcoal (sum)",">250 µm",250,NA,"False","True","number","Macroscopic charcoal (sieved)","direct",NA,"CHAR",10,NA,NA,"quant_raw",1.4918,"volume","cm^3","RPDv1b",1734,"charcoal","count","macrochar","wet_sieve","particle",">250um num",NA,">250um","num","RPDv1b","measured",1,"RPDv1b","ELEMENT=>250 µm","Lin core",61.48,-163.43,2,"north",NA,NA,"sedlac",860,1,2019,"Sae-Lim, J., Russell, J.M., Vachula, R.S., Holmes, R.M., Mann, P.J., Schade, J.D., Natali, S.M., 2019. Temperature-controlled tundra fire severity and frequency during the last millennium in the Yukon-Kuskokwim Delta, Alaska. The Holocene 29, 1223–1233.","Temperature-controlled tundra fire severity and frequency during the last millennium in the Yukon-Kuskokwim Delta, Alaska","The Holocene",29,NA,"1223-1233",NA,NA,NA,NA,NA,NA,NA,NA,NA,NA,NA,NA,NA,NA,NA,"RPDv1b:1734",860,"Mann, P.J.",1,"Mann","P.J.",NA,NA,NA,NA,NA,NA,NA,NA,NA,"RPDv1b:1734",860,"RPDv1b",1734,13970,0.3892,0.3892,"cm",0.01,"Radiocarbon date","wood",0,NA,NA,NA,148148,FALSE,"contamination suspected","NA Date is in uncalibrated radiocarbon years.. Excluded from chroncontrols because contamination suspected","Lin core_SIEVED","counted","250-NaN",NA,NA,"",0,NA,NA,NA,NA,NA,NA,". Cal curve: NA. Source DB: RPDv1b","Lacustrine","Carbon-14",NA,-66,939,"Calibrated radiocarbon years BP","sedimentary charcoal","Data Sourcing: RPDv1b #charcoal_recommendedformat","Sample Age Source: RPDv1b"
"860",49,"charcoal | >250um num",32.5050596,32.852660185,33.20026077,0.695201169999998,583,NA,NA,"RPDv1b","Charcoal (sum)",">250 µm",250,NA,"False","True","number","Macroscopic charcoal (sieved)","direct",NA,"CHAR",8,NA,NA,"quant_raw",1.5132,"volume","cm^3","RPDv1b",1734,"charcoal","count","macrochar","wet_sieve","particle",">250um num",NA,">250um","num","RPDv1b","measured",1,"RPDv1b","ELEMENT=>250 µm","Lin core",61.48,-163.43,2,"north",NA,NA,"sedlac",860,1,2019,"Sae-Lim, J., Russell, J.M., Vachula, R.S., Holmes, R.M., Mann, P.J., Schade, J.D., Natali, S.M., 2019. Temperature-controlled tundra fire severity and frequency during the last millennium in the Yukon-Kuskokwim Delta, Alaska. The Holocene 29, 1223–1233.","Temperature-controlled tundra fire severity and frequency during the last millennium in the Yukon-Kuskokwim Delta, Alaska","The Holocene",29,NA,"1223-1233",NA,NA,NA,NA,NA,NA,NA,NA,NA,NA,NA,NA,NA,NA,NA,"RPDv1b:1734",860,"Mann, P.J.",1,"Mann","P.J.",NA,NA,NA,NA,NA,NA,NA,NA,NA,"RPDv1b:1734",860,"RPDv1b",1734,13970,0.3892,0.3892,"cm",0.01,"Radiocarbon date","wood",0,NA,NA,NA,148148,FALSE,"contamination suspected","NA Date is in uncalibrated radiocarbon years.. Excluded from chroncontrols because contamination suspected","Lin core_SIEVED","counted","250-NaN",NA,NA,"",0,NA,NA,NA,NA,NA,NA,". Cal curve: NA. Source DB: RPDv1b","Lacustrine","Carbon-14",NA,-66,939,"Calibrated radiocarbon years BP","sedimentary charcoal","Data Sourcing: RPDv1b #charcoal_recommendedformat","Sample Age Source: RPDv1b"
"860",50,"charcoal | >250um num",33.20026077,33.55681207,33.91336337,0.713102599999998,597,NA,NA,"RPDv1b","Charcoal (sum)",">250 µm",250,NA,"False","True","number","Macroscopic charcoal (sieved)","direct",NA,"CHAR",8,NA,NA,"quant_raw",1.5294,"volume","cm^3","RPDv1b",1734,"charcoal","count","macrochar","wet_sieve","particle",">250um num",NA,">250um","num","RPDv1b","measured",1,"RPDv1b","ELEMENT=>250 µm","Lin core",61.48,-163.43,2,"north",NA,NA,"sedlac",860,1,2019,"Sae-Lim, J., Russell, J.M., Vachula, R.S., Holmes, R.M., Mann, P.J., Schade, J.D., Natali, S.M., 2019. Temperature-controlled tundra fire severity and frequency during the last millennium in the Yukon-Kuskokwim Delta, Alaska. The Holocene 29, 1223–1233.","Temperature-controlled tundra fire severity and frequency during the last millennium in the Yukon-Kuskokwim Delta, Alaska","The Holocene",29,NA,"1223-1233",NA,NA,NA,NA,NA,NA,NA,NA,NA,NA,NA,NA,NA,NA,NA,"RPDv1b:1734",860,"Mann, P.J.",1,"Mann","P.J.",NA,NA,NA,NA,NA,NA,NA,NA,NA,"RPDv1b:1734",860,"RPDv1b",1734,13970,0.3892,0.3892,"cm",0.01,"Radiocarbon date","wood",0,NA,NA,NA,148148,FALSE,"contamination suspected","NA Date is in uncalibrated radiocarbon years.. Excluded from chroncontrols because contamination suspected","Lin core_SIEVED","counted","250-NaN",NA,NA,"",0,NA,NA,NA,NA,NA,NA,". Cal curve: NA. Source DB: RPDv1b","Lacustrine","Carbon-14",NA,-66,939,"Calibrated radiocarbon years BP","sedimentary charcoal","Data Sourcing: RPDv1b #charcoal_recommendedformat","Sample Age Source: RPDv1b"
"860",51,"charcoal | >250um num",33.91336337,34.281119165,34.64887496,0.735511589999999,611,NA,NA,"RPDv1b","Charcoal (sum)",">250 µm",250,NA,"False","True","number","Macroscopic charcoal (sieved)","direct",NA,"CHAR",9,NA,NA,"quant_raw",1.4521,"volume","cm^3","RPDv1b",1734,"charcoal","count","macrochar","wet_sieve","particle",">250um num",NA,">250um","num","RPDv1b","measured",1,"RPDv1b","ELEMENT=>250 µm","Lin core",61.48,-163.43,2,"north",NA,NA,"sedlac",860,1,2019,"Sae-Lim, J., Russell, J.M., Vachula, R.S., Holmes, R.M., Mann, P.J., Schade, J.D., Natali, S.M., 2019. Temperature-controlled tundra fire severity and frequency during the last millennium in the Yukon-Kuskokwim Delta, Alaska. The Holocene 29, 1223–1233.","Temperature-controlled tundra fire severity and frequency during the last millennium in the Yukon-Kuskokwim Delta, Alaska","The Holocene",29,NA,"1223-1233",NA,NA,NA,NA,NA,NA,NA,NA,NA,NA,NA,NA,NA,NA,NA,"RPDv1b:1734",860,"Mann, P.J.",1,"Mann","P.J.",NA,NA,NA,NA,NA,NA,NA,NA,NA,"RPDv1b:1734",860,"RPDv1b",1734,13970,0.3892,0.3892,"cm",0.01,"Radiocarbon date","wood",0,NA,NA,NA,148148,FALSE,"contamination suspected","NA Date is in uncalibrated radiocarbon years.. Excluded from chroncontrols because contamination suspected","Lin core_SIEVED","counted","250-NaN",NA,NA,"",0,NA,NA,NA,NA,NA,NA,". Cal curve: NA. Source DB: RPDv1b","Lacustrine","Carbon-14",NA,-66,939,"Calibrated radiocarbon years BP","sedimentary charcoal","Data Sourcing: RPDv1b #charcoal_recommendedformat","Sample Age Source: RPDv1b"
"860",52,"charcoal | >250um num",34.64887496,34.920509535,35.19214411,0.543269150000003,625,NA,NA,"RPDv1b","Charcoal (sum)",">250 µm",250,NA,"False","True","number","Macroscopic charcoal (sieved)","direct",NA,"CHAR",9,NA,NA,"quant_raw",1.4172,"volume","cm^3","RPDv1b",1734,"charcoal","count","macrochar","wet_sieve","particle",">250um num",NA,">250um","num","RPDv1b","measured",1,"RPDv1b","ELEMENT=>250 µm","Lin core",61.48,-163.43,2,"north",NA,NA,"sedlac",860,1,2019,"Sae-Lim, J., Russell, J.M., Vachula, R.S., Holmes, R.M., Mann, P.J., Schade, J.D., Natali, S.M., 2019. Temperature-controlled tundra fire severity and frequency during the last millennium in the Yukon-Kuskokwim Delta, Alaska. The Holocene 29, 1223–1233.","Temperature-controlled tundra fire severity and frequency during the last millennium in the Yukon-Kuskokwim Delta, Alaska","The Holocene",29,NA,"1223-1233",NA,NA,NA,NA,NA,NA,NA,NA,NA,NA,NA,NA,NA,NA,NA,"RPDv1b:1734",860,"Mann, P.J.",1,"Mann","P.J.",NA,NA,NA,NA,NA,NA,NA,NA,NA,"RPDv1b:1734",860,"RPDv1b",1734,13970,0.3892,0.3892,"cm",0.01,"Radiocarbon date","wood",0,NA,NA,NA,148148,FALSE,"contamination suspected","NA Date is in uncalibrated radiocarbon years.. Excluded from chroncontrols because contamination suspected","Lin core_SIEVED","counted","250-NaN",NA,NA,"",0,NA,NA,NA,NA,NA,NA,". Cal curve: NA. Source DB: RPDv1b","Lacustrine","Carbon-14",NA,-66,939,"Calibrated radiocarbon years BP","sedimentary charcoal","Data Sourcing: RPDv1b #charcoal_recommendedformat","Sample Age Source: RPDv1b"
"860",53,"charcoal | >250um num",35.19214411,35.526544295,35.86094448,0.66880037,638,NA,NA,"RPDv1b","Charcoal (sum)",">250 µm",250,NA,"False","True","number","Macroscopic charcoal (sieved)","direct",NA,"CHAR",8,NA,NA,"quant_raw",1.4464,"volume","cm^3","RPDv1b",1734,"charcoal","count","macrochar","wet_sieve","particle",">250um num",NA,">250um","num","RPDv1b","measured",1,"RPDv1b","ELEMENT=>250 µm","Lin core",61.48,-163.43,2,"north",NA,NA,"sedlac",860,1,2019,"Sae-Lim, J., Russell, J.M., Vachula, R.S., Holmes, R.M., Mann, P.J., Schade, J.D., Natali, S.M., 2019. Temperature-controlled tundra fire severity and frequency during the last millennium in the Yukon-Kuskokwim Delta, Alaska. The Holocene 29, 1223–1233.","Temperature-controlled tundra fire severity and frequency during the last millennium in the Yukon-Kuskokwim Delta, Alaska","The Holocene",29,NA,"1223-1233",NA,NA,NA,NA,NA,NA,NA,NA,NA,NA,NA,NA,NA,NA,NA,"RPDv1b:1734",860,"Mann, P.J.",1,"Mann","P.J.",NA,NA,NA,NA,NA,NA,NA,NA,NA,"RPDv1b:1734",860,"RPDv1b",1734,13970,0.3892,0.3892,"cm",0.01,"Radiocarbon date","wood",0,NA,NA,NA,148148,FALSE,"contamination suspected","NA Date is in uncalibrated radiocarbon years.. Excluded from chroncontrols because contamination suspected","Lin core_SIEVED","counted","250-NaN",NA,NA,"",0,NA,NA,NA,NA,NA,NA,". Cal curve: NA. Source DB: RPDv1b","Lacustrine","Carbon-14",NA,-66,939,"Calibrated radiocarbon years BP","sedimentary charcoal","Data Sourcing: RPDv1b #charcoal_recommendedformat","Sample Age Source: RPDv1b"
"860",54,"charcoal | >250um num",35.86094448,36.193746265,36.52654805,0.665603570000001,650,NA,NA,"RPDv1b","Charcoal (sum)",">250 µm",250,NA,"False","True","number","Macroscopic charcoal (sieved)","direct",NA,"CHAR",22,NA,NA,"quant_raw",1.5501,"volume","cm^3","RPDv1b",1734,"charcoal","count","macrochar","wet_sieve","particle",">250um num",NA,">250um","num","RPDv1b","measured",1,"RPDv1b","ELEMENT=>250 µm","Lin core",61.48,-163.43,2,"north",NA,NA,"sedlac",860,1,2019,"Sae-Lim, J., Russell, J.M., Vachula, R.S., Holmes, R.M., Mann, P.J., Schade, J.D., Natali, S.M., 2019. Temperature-controlled tundra fire severity and frequency during the last millennium in the Yukon-Kuskokwim Delta, Alaska. The Holocene 29, 1223–1233.","Temperature-controlled tundra fire severity and frequency during the last millennium in the Yukon-Kuskokwim Delta, Alaska","The Holocene",29,NA,"1223-1233",NA,NA,NA,NA,NA,NA,NA,NA,NA,NA,NA,NA,NA,NA,NA,"RPDv1b:1734",860,"Mann, P.J.",1,"Mann","P.J.",NA,NA,NA,NA,NA,NA,NA,NA,NA,"RPDv1b:1734",860,"RPDv1b",1734,13970,0.3892,0.3892,"cm",0.01,"Radiocarbon date","wood",0,NA,NA,NA,148148,FALSE,"contamination suspected","NA Date is in uncalibrated radiocarbon years.. Excluded from chroncontrols because contamination suspected","Lin core_SIEVED","counted","250-NaN",NA,NA,"",0,NA,NA,NA,NA,NA,NA,". Cal curve: NA. Source DB: RPDv1b","Lacustrine","Carbon-14",NA,-66,939,"Calibrated radiocarbon years BP","sedimentary charcoal","Data Sourcing: RPDv1b #charcoal_recommendedformat","Sample Age Source: RPDv1b"
"860",55,"charcoal | >250um num",36.52654805,36.829721175,37.1328943,0.606346249999995,663,NA,NA,"RPDv1b","Charcoal (sum)",">250 µm",250,NA,"False","True","number","Macroscopic charcoal (sieved)","direct",NA,"CHAR",10,NA,NA,"quant_raw",1.5146,"volume","cm^3","RPDv1b",1734,"charcoal","count","macrochar","wet_sieve","particle",">250um num",NA,">250um","num","RPDv1b","measured",1,"RPDv1b","ELEMENT=>250 µm","Lin core",61.48,-163.43,2,"north",NA,NA,"sedlac",860,1,2019,"Sae-Lim, J., Russell, J.M., Vachula, R.S., Holmes, R.M., Mann, P.J., Schade, J.D., Natali, S.M., 2019. Temperature-controlled tundra fire severity and frequency during the last millennium in the Yukon-Kuskokwim Delta, Alaska. The Holocene 29, 1223–1233.","Temperature-controlled tundra fire severity and frequency during the last millennium in the Yukon-Kuskokwim Delta, Alaska","The Holocene",29,NA,"1223-1233",NA,NA,NA,NA,NA,NA,NA,NA,NA,NA,NA,NA,NA,NA,NA,"RPDv1b:1734",860,"Schade, J.D.",1,"Schade","J.D.",NA,NA,NA,NA,NA,NA,NA,NA,NA,"RPDv1b:1734",860,"RPDv1b",1734,13970,0.3892,0.3892,"cm",0.01,"Radiocarbon date","wood",0,NA,NA,NA,148148,FALSE,"contamination suspected","NA Date is in uncalibrated radiocarbon years.. Excluded from chroncontrols because contamination suspected","Lin core_SIEVED","counted","250-NaN",NA,NA,"",0,NA,NA,NA,NA,NA,NA,". Cal curve: NA. Source DB: RPDv1b","Lacustrine","Carbon-14",NA,-66,939,"Calibrated radiocarbon years BP","sedimentary charcoal","Data Sourcing: RPDv1b #charcoal_recommendedformat","Sample Age Source: RPDv1b"
"860",56,"charcoal | >250um num",37.1328943,37.39796186,37.66302942,0.530135120000003,676,NA,NA,"RPDv1b","Charcoal (sum)",">250 µm",250,NA,"False","True","number","Macroscopic charcoal (sieved)","direct",NA,"CHAR",7,NA,NA,"quant_raw",1.3973,"volume","cm^3","RPDv1b",1734,"charcoal","count","macrochar","wet_sieve","particle",">250um num",NA,">250um","num","RPDv1b","measured",1,"RPDv1b","ELEMENT=>250 µm","Lin core",61.48,-163.43,2,"north",NA,NA,"sedlac",860,1,2019,"Sae-Lim, J., Russell, J.M., Vachula, R.S., Holmes, R.M., Mann, P.J., Schade, J.D., Natali, S.M., 2019. Temperature-controlled tundra fire severity and frequency during the last millennium in the Yukon-Kuskokwim Delta, Alaska. The Holocene 29, 1223–1233.","Temperature-controlled tundra fire severity and frequency during the last millennium in the Yukon-Kuskokwim Delta, Alaska","The Holocene",29,NA,"1223-1233",NA,NA,NA,NA,NA,NA,NA,NA,NA,NA,NA,NA,NA,NA,NA,"RPDv1b:1734",860,"Schade, J.D.",1,"Schade","J.D.",NA,NA,NA,NA,NA,NA,NA,NA,NA,"RPDv1b:1734",860,"RPDv1b",1734,13970,0.3892,0.3892,"cm",0.01,"Radiocarbon date","wood",0,NA,NA,NA,148148,FALSE,"contamination suspected","NA Date is in uncalibrated radiocarbon years.. Excluded from chroncontrols because contamination suspected","Lin core_SIEVED","counted","250-NaN",NA,NA,"",0,NA,NA,NA,NA,NA,NA,". Cal curve: NA. Source DB: RPDv1b","Lacustrine","Carbon-14",NA,-66,939,"Calibrated radiocarbon years BP","sedimentary charcoal","Data Sourcing: RPDv1b #charcoal_recommendedformat","Sample Age Source: RPDv1b"
"860",57,"charcoal | >250um num",37.66302942,37.963837925,38.26464643,0.60161701,688,NA,NA,"RPDv1b","Charcoal (sum)",">250 µm",250,NA,"False","True","number","Macroscopic charcoal (sieved)","direct",NA,"CHAR",6,NA,NA,"quant_raw",1.4541,"volume","cm^3","RPDv1b",1734,"charcoal","count","macrochar","wet_sieve","particle",">250um num",NA,">250um","num","RPDv1b","measured",1,"RPDv1b","ELEMENT=>250 µm","Lin core",61.48,-163.43,2,"north",NA,NA,"sedlac",860,1,2019,"Sae-Lim, J., Russell, J.M., Vachula, R.S., Holmes, R.M., Mann, P.J., Schade, J.D., Natali, S.M., 2019. Temperature-controlled tundra fire severity and frequency during the last millennium in the Yukon-Kuskokwim Delta, Alaska. The Holocene 29, 1223–1233.","Temperature-controlled tundra fire severity and frequency during the last millennium in the Yukon-Kuskokwim Delta, Alaska","The Holocene",29,NA,"1223-1233",NA,NA,NA,NA,NA,NA,NA,NA,NA,NA,NA,NA,NA,NA,NA,"RPDv1b:1734",860,"Schade, J.D.",1,"Schade","J.D.",NA,NA,NA,NA,NA,NA,NA,NA,NA,"RPDv1b:1734",860,"RPDv1b",1734,13971,0.4845,0.4845,"cm",0.01,"Radiocarbon date","undifferentiated plant macrofossil",915,20,NA,NA,148147,TRUE,"","NA Date is in uncalibrated radiocarbon years.","Lin core_SIEVED","counted","250-NaN",NA,NA,"",915,895,935,915,0.4845,0.01,"NA Date is in uncalibrated radiocarbon years.",". Cal curve: NA. Source DB: RPDv1b","Lacustrine","Carbon-14","Radiocarbon",-66,939,"Calibrated radiocarbon years BP","sedimentary charcoal","Data Sourcing: RPDv1b #charcoal_recommendedformat","Sample Age Source: RPDv1b"
"860",58,"charcoal | >250um num",38.26464643,38.59305724,38.92146805,0.656821620000003,700,NA,NA,"RPDv1b","Charcoal (sum)",">250 µm",250,NA,"False","True","number","Macroscopic charcoal (sieved)","direct",NA,"CHAR",6,NA,NA,"quant_raw",1.4407,"volume","cm^3","RPDv1b",1734,"charcoal","count","macrochar","wet_sieve","particle",">250um num",NA,">250um","num","RPDv1b","measured",1,"RPDv1b","ELEMENT=>250 µm","Lin core",61.48,-163.43,2,"north",NA,NA,"sedlac",860,1,2019,"Sae-Lim, J., Russell, J.M., Vachula, R.S., Holmes, R.M., Mann, P.J., Schade, J.D., Natali, S.M., 2019. Temperature-controlled tundra fire severity and frequency during the last millennium in the Yukon-Kuskokwim Delta, Alaska. The Holocene 29, 1223–1233.","Temperature-controlled tundra fire severity and frequency during the last millennium in the Yukon-Kuskokwim Delta, Alaska","The Holocene",29,NA,"1223-1233",NA,NA,NA,NA,NA,NA,NA,NA,NA,NA,NA,NA,NA,NA,NA,"RPDv1b:1734",860,"Schade, J.D.",1,"Schade","J.D.",NA,NA,NA,NA,NA,NA,NA,NA,NA,"RPDv1b:1734",860,"RPDv1b",1734,13971,0.4845,0.4845,"cm",0.01,"Radiocarbon date","undifferentiated plant macrofossil",915,20,NA,NA,148147,TRUE,"","NA Date is in uncalibrated radiocarbon years.","Lin core_SIEVED","counted","250-NaN",NA,NA,"",915,895,935,915,0.4845,0.01,"NA Date is in uncalibrated radiocarbon years.",". Cal curve: NA. Source DB: RPDv1b","Lacustrine","Carbon-14","Radiocarbon",-66,939,"Calibrated radiocarbon years BP","sedimentary charcoal","Data Sourcing: RPDv1b #charcoal_recommendedformat","Sample Age Source: RPDv1b"
"860",59,"charcoal | >250um num",38.92146805,39.258905005,39.59634196,0.674873909999996,712,NA,NA,"RPDv1b","Charcoal (sum)",">250 µm",250,NA,"False","True","number","Macroscopic charcoal (sieved)","direct",NA,"CHAR",7,NA,NA,"quant_raw",1.4268,"volume","cm^3","RPDv1b",1734,"charcoal","count","macrochar","wet_sieve","particle",">250um num",NA,">250um","num","RPDv1b","measured",1,"RPDv1b","ELEMENT=>250 µm","Lin core",61.48,-163.43,2,"north",NA,NA,"sedlac",860,1,2019,"Sae-Lim, J., Russell, J.M., Vachula, R.S., Holmes, R.M., Mann, P.J., Schade, J.D., Natali, S.M., 2019. Temperature-controlled tundra fire severity and frequency during the last millennium in the Yukon-Kuskokwim Delta, Alaska. The Holocene 29, 1223–1233.","Temperature-controlled tundra fire severity and frequency during the last millennium in the Yukon-Kuskokwim Delta, Alaska","The Holocene",29,NA,"1223-1233",NA,NA,NA,NA,NA,NA,NA,NA,NA,NA,NA,NA,NA,NA,NA,"RPDv1b:1734",860,"Schade, J.D.",1,"Schade","J.D.",NA,NA,NA,NA,NA,NA,NA,NA,NA,"RPDv1b:1734",860,"RPDv1b",1734,13971,0.4845,0.4845,"cm",0.01,"Radiocarbon date","undifferentiated plant macrofossil",915,20,NA,NA,148147,TRUE,"","NA Date is in uncalibrated radiocarbon years.","Lin core_SIEVED","counted","250-NaN",NA,NA,"",915,895,935,915,0.4845,0.01,"NA Date is in uncalibrated radiocarbon years.",". Cal curve: NA. Source DB: RPDv1b","Lacustrine","Carbon-14","Radiocarbon",-66,939,"Calibrated radiocarbon years BP","sedimentary charcoal","Data Sourcing: RPDv1b #charcoal_recommendedformat","Sample Age Source: RPDv1b"
"860",60,"charcoal | >250um num",39.59634196,39.88639528,40.1764486,0.580106640000005,726,NA,NA,"RPDv1b","Charcoal (sum)",">250 µm",250,NA,"False","True","number","Macroscopic charcoal (sieved)","direct",NA,"CHAR",11,NA,NA,"quant_raw",1.4498,"volume","cm^3","RPDv1b",1734,"charcoal","count","macrochar","wet_sieve","particle",">250um num",NA,">250um","num","RPDv1b","measured",1,"RPDv1b","ELEMENT=>250 µm","Lin core",61.48,-163.43,2,"north",NA,NA,"sedlac",860,1,2019,"Sae-Lim, J., Russell, J.M., Vachula, R.S., Holmes, R.M., Mann, P.J., Schade, J.D., Natali, S.M., 2019. Temperature-controlled tundra fire severity and frequency during the last millennium in the Yukon-Kuskokwim Delta, Alaska. The Holocene 29, 1223–1233.","Temperature-controlled tundra fire severity and frequency during the last millennium in the Yukon-Kuskokwim Delta, Alaska","The Holocene",29,NA,"1223-1233",NA,NA,NA,NA,NA,NA,NA,NA,NA,NA,NA,NA,NA,NA,NA,"RPDv1b:1734",860,"Schade, J.D.",1,"Schade","J.D.",NA,NA,NA,NA,NA,NA,NA,NA,NA,"RPDv1b:1734",860,"RPDv1b",1734,13971,0.4845,0.4845,"cm",0.01,"Radiocarbon date","undifferentiated plant macrofossil",915,20,NA,NA,148147,TRUE,"","NA Date is in uncalibrated radiocarbon years.","Lin core_SIEVED","counted","250-NaN",NA,NA,"",915,895,935,915,0.4845,0.01,"NA Date is in uncalibrated radiocarbon years.",". Cal curve: NA. Source DB: RPDv1b","Lacustrine","Carbon-14","Radiocarbon",-66,939,"Calibrated radiocarbon years BP","sedimentary charcoal","Data Sourcing: RPDv1b #charcoal_recommendedformat","Sample Age Source: RPDv1b"
"860",61,"charcoal | >250um num",40.1764486,40.494645465,40.81284233,0.636393730000001,738,NA,NA,"RPDv1b","Charcoal (sum)",">250 µm",250,NA,"False","True","number","Macroscopic charcoal (sieved)","direct",NA,"CHAR",16,NA,NA,"quant_raw",1.4646,"volume","cm^3","RPDv1b",1734,"charcoal","count","macrochar","wet_sieve","particle",">250um num",NA,">250um","num","RPDv1b","measured",1,"RPDv1b","ELEMENT=>250 µm","Lin core",61.48,-163.43,2,"north",NA,NA,"sedlac",860,1,2019,"Sae-Lim, J., Russell, J.M., Vachula, R.S., Holmes, R.M., Mann, P.J., Schade, J.D., Natali, S.M., 2019. Temperature-controlled tundra fire severity and frequency during the last millennium in the Yukon-Kuskokwim Delta, Alaska. The Holocene 29, 1223–1233.","Temperature-controlled tundra fire severity and frequency during the last millennium in the Yukon-Kuskokwim Delta, Alaska","The Holocene",29,NA,"1223-1233",NA,NA,NA,NA,NA,NA,NA,NA,NA,NA,NA,NA,NA,NA,NA,"RPDv1b:1734",860,"Schade, J.D.",1,"Schade","J.D.",NA,NA,NA,NA,NA,NA,NA,NA,NA,"RPDv1b:1734",860,"RPDv1b",1734,13971,0.4845,0.4845,"cm",0.01,"Radiocarbon date","undifferentiated plant macrofossil",915,20,NA,NA,148147,TRUE,"","NA Date is in uncalibrated radiocarbon years.","Lin core_SIEVED","counted","250-NaN",NA,NA,"",915,895,935,915,0.4845,0.01,"NA Date is in uncalibrated radiocarbon years.",". Cal curve: NA. Source DB: RPDv1b","Lacustrine","Carbon-14","Radiocarbon",-66,939,"Calibrated radiocarbon years BP","sedimentary charcoal","Data Sourcing: RPDv1b #charcoal_recommendedformat","Sample Age Source: RPDv1b"
"860",62,"charcoal | >250um num",40.81284233,41.161994075,41.51114582,0.698303489999996,750,NA,NA,"RPDv1b","Charcoal (sum)",">250 µm",250,NA,"False","True","number","Macroscopic charcoal (sieved)","direct",NA,"CHAR",13,NA,NA,"quant_raw",1.5406,"volume","cm^3","RPDv1b",1734,"charcoal","count","macrochar","wet_sieve","particle",">250um num",NA,">250um","num","RPDv1b","measured",1,"RPDv1b","ELEMENT=>250 µm","Lin core",61.48,-163.43,2,"north",NA,NA,"sedlac",860,1,2019,"Sae-Lim, J., Russell, J.M., Vachula, R.S., Holmes, R.M., Mann, P.J., Schade, J.D., Natali, S.M., 2019. Temperature-controlled tundra fire severity and frequency during the last millennium in the Yukon-Kuskokwim Delta, Alaska. The Holocene 29, 1223–1233.","Temperature-controlled tundra fire severity and frequency during the last millennium in the Yukon-Kuskokwim Delta, Alaska","The Holocene",29,NA,"1223-1233",NA,NA,NA,NA,NA,NA,NA,NA,NA,NA,NA,NA,NA,NA,NA,"RPDv1b:1734",860,"Schade, J.D.",1,"Schade","J.D.",NA,NA,NA,NA,NA,NA,NA,NA,NA,"RPDv1b:1734",860,"RPDv1b",1734,13971,0.4845,0.4845,"cm",0.01,"Radiocarbon date","undifferentiated plant macrofossil",915,20,NA,NA,148147,TRUE,"","NA Date is in uncalibrated radiocarbon years.","Lin core_SIEVED","counted","250-NaN",NA,NA,"",915,895,935,915,0.4845,0.01,"NA Date is in uncalibrated radiocarbon years.",". Cal curve: NA. Source DB: RPDv1b","Lacustrine","Carbon-14","Radiocarbon",-66,939,"Calibrated radiocarbon years BP","sedimentary charcoal","Data Sourcing: RPDv1b #charcoal_recommendedformat","Sample Age Source: RPDv1b"
"860",63,"charcoal | >250um num",41.51114582,41.83328812,42.15543042,0.6442846,764,NA,NA,"RPDv1b","Charcoal (sum)",">250 µm",250,NA,"False","True","number","Macroscopic charcoal (sieved)","direct",NA,"CHAR",6,NA,NA,"quant_raw",1.5962,"volume","cm^3","RPDv1b",1734,"charcoal","count","macrochar","wet_sieve","particle",">250um num",NA,">250um","num","RPDv1b","measured",1,"RPDv1b","ELEMENT=>250 µm","Lin core",61.48,-163.43,2,"north",NA,NA,"sedlac",860,1,2019,"Sae-Lim, J., Russell, J.M., Vachula, R.S., Holmes, R.M., Mann, P.J., Schade, J.D., Natali, S.M., 2019. Temperature-controlled tundra fire severity and frequency during the last millennium in the Yukon-Kuskokwim Delta, Alaska. The Holocene 29, 1223–1233.","Temperature-controlled tundra fire severity and frequency during the last millennium in the Yukon-Kuskokwim Delta, Alaska","The Holocene",29,NA,"1223-1233",NA,NA,NA,NA,NA,NA,NA,NA,NA,NA,NA,NA,NA,NA,NA,"RPDv1b:1734",860,"Schade, J.D.",1,"Schade","J.D.",NA,NA,NA,NA,NA,NA,NA,NA,NA,"RPDv1b:1734",860,"RPDv1b",1734,13971,0.4845,0.4845,"cm",0.01,"Radiocarbon date","undifferentiated plant macrofossil",915,20,NA,NA,148147,TRUE,"","NA Date is in uncalibrated radiocarbon years.","Lin core_SIEVED","counted","250-NaN",NA,NA,"",915,895,935,915,0.4845,0.01,"NA Date is in uncalibrated radiocarbon years.",". Cal curve: NA. Source DB: RPDv1b","Lacustrine","Carbon-14","Radiocarbon",-66,939,"Calibrated radiocarbon years BP","sedimentary charcoal","Data Sourcing: RPDv1b #charcoal_recommendedformat","Sample Age Source: RPDv1b"
"860",64,"charcoal | >250um num",42.15543042,42.45694663,42.75846284,0.603032419999999,777,NA,NA,"RPDv1b","Charcoal (sum)",">250 µm",250,NA,"False","True","number","Macroscopic charcoal (sieved)","direct",NA,"CHAR",5,NA,NA,"quant_raw",1.433,"volume","cm^3","RPDv1b",1734,"charcoal","count","macrochar","wet_sieve","particle",">250um num",NA,">250um","num","RPDv1b","measured",1,"RPDv1b","ELEMENT=>250 µm","Lin core",61.48,-163.43,2,"north",NA,NA,"sedlac",860,1,2019,"Sae-Lim, J., Russell, J.M., Vachula, R.S., Holmes, R.M., Mann, P.J., Schade, J.D., Natali, S.M., 2019. Temperature-controlled tundra fire severity and frequency during the last millennium in the Yukon-Kuskokwim Delta, Alaska. The Holocene 29, 1223–1233.","Temperature-controlled tundra fire severity and frequency during the last millennium in the Yukon-Kuskokwim Delta, Alaska","The Holocene",29,NA,"1223-1233",NA,NA,NA,NA,NA,NA,NA,NA,NA,NA,NA,NA,NA,NA,NA,"RPDv1b:1734",860,"Schade, J.D.",1,"Schade","J.D.",NA,NA,NA,NA,NA,NA,NA,NA,NA,"RPDv1b:1734",860,"RPDv1b",1734,13971,0.4845,0.4845,"cm",0.01,"Radiocarbon date","undifferentiated plant macrofossil",915,20,NA,NA,148147,TRUE,"","NA Date is in uncalibrated radiocarbon years.","Lin core_SIEVED","counted","250-NaN",NA,NA,"",915,895,935,915,0.4845,0.01,"NA Date is in uncalibrated radiocarbon years.",". Cal curve: NA. Source DB: RPDv1b","Lacustrine","Carbon-14","Radiocarbon",-66,939,"Calibrated radiocarbon years BP","sedimentary charcoal","Data Sourcing: RPDv1b #charcoal_recommendedformat","Sample Age Source: RPDv1b"
"860",65,"charcoal | >250um num",42.75846284,43.132874425,43.50728601,0.748823170000001,790,NA,NA,"RPDv1b","Charcoal (sum)",">250 µm",250,NA,"False","True","number","Macroscopic charcoal (sieved)","direct",NA,"CHAR",6,NA,NA,"quant_raw",1.4002,"volume","cm^3","RPDv1b",1734,"charcoal","count","macrochar","wet_sieve","particle",">250um num",NA,">250um","num","RPDv1b","measured",1,"RPDv1b","ELEMENT=>250 µm","Lin core",61.48,-163.43,2,"north",NA,NA,"sedlac",860,1,2019,"Sae-Lim, J., Russell, J.M., Vachula, R.S., Holmes, R.M., Mann, P.J., Schade, J.D., Natali, S.M., 2019. Temperature-controlled tundra fire severity and frequency during the last millennium in the Yukon-Kuskokwim Delta, Alaska. The Holocene 29, 1223–1233.","Temperature-controlled tundra fire severity and frequency during the last millennium in the Yukon-Kuskokwim Delta, Alaska","The Holocene",29,NA,"1223-1233",NA,NA,NA,NA,NA,NA,NA,NA,NA,NA,NA,NA,NA,NA,NA,"RPDv1b:1734",860,"Schade, J.D.",1,"Schade","J.D.",NA,NA,NA,NA,NA,NA,NA,NA,NA,"RPDv1b:1734",860,"RPDv1b",1734,13971,0.4845,0.4845,"cm",0.01,"Radiocarbon date","undifferentiated plant macrofossil",915,20,NA,NA,148147,TRUE,"","NA Date is in uncalibrated radiocarbon years.","Lin core_SIEVED","counted","250-NaN",NA,NA,"",915,895,935,915,0.4845,0.01,"NA Date is in uncalibrated radiocarbon years.",". Cal curve: NA. Source DB: RPDv1b","Lacustrine","Carbon-14","Radiocarbon",-66,939,"Calibrated radiocarbon years BP","sedimentary charcoal","Data Sourcing: RPDv1b #charcoal_recommendedformat","Sample Age Source: RPDv1b"
"860",66,"charcoal | >250um num",43.50728601,43.82310628,44.13892655,0.63164054,804,NA,NA,"RPDv1b","Charcoal (sum)",">250 µm",250,NA,"False","True","number","Macroscopic charcoal (sieved)","direct",NA,"CHAR",9,NA,NA,"quant_raw",1.4356,"volume","cm^3","RPDv1b",1734,"charcoal","count","macrochar","wet_sieve","particle",">250um num",NA,">250um","num","RPDv1b","measured",1,"RPDv1b","ELEMENT=>250 µm","Lin core",61.48,-163.43,2,"north",NA,NA,"sedlac",860,1,2019,"Sae-Lim, J., Russell, J.M., Vachula, R.S., Holmes, R.M., Mann, P.J., Schade, J.D., Natali, S.M., 2019. Temperature-controlled tundra fire severity and frequency during the last millennium in the Yukon-Kuskokwim Delta, Alaska. The Holocene 29, 1223–1233.","Temperature-controlled tundra fire severity and frequency during the last millennium in the Yukon-Kuskokwim Delta, Alaska","The Holocene",29,NA,"1223-1233",NA,NA,NA,NA,NA,NA,NA,NA,NA,NA,NA,NA,NA,NA,NA,"RPDv1b:1734",860,"Natali, S.M.",1,"Natali","S.M.",NA,NA,NA,NA,NA,NA,NA,NA,NA,"RPDv1b:1734",860,"RPDv1b",1734,13971,0.4845,0.4845,"cm",0.01,"Radiocarbon date","undifferentiated plant macrofossil",915,20,NA,NA,148147,TRUE,"","NA Date is in uncalibrated radiocarbon years.","Lin core_SIEVED","counted","250-NaN",NA,NA,"",915,895,935,915,0.4845,0.01,"NA Date is in uncalibrated radiocarbon years.",". Cal curve: NA. Source DB: RPDv1b","Lacustrine","Carbon-14","Radiocarbon",-66,939,"Calibrated radiocarbon years BP","sedimentary charcoal","Data Sourcing: RPDv1b #charcoal_recommendedformat","Sample Age Source: RPDv1b"
"860",67,"charcoal | >250um num",44.13892655,44.472119915,44.80531328,0.666386729999996,818,NA,NA,"RPDv1b","Charcoal (sum)",">250 µm",250,NA,"False","True","number","Macroscopic charcoal (sieved)","direct",NA,"CHAR",5,NA,NA,"quant_raw",1.4931,"volume","cm^3","RPDv1b",1734,"charcoal","count","macrochar","wet_sieve","particle",">250um num",NA,">250um","num","RPDv1b","measured",1,"RPDv1b","ELEMENT=>250 µm","Lin core",61.48,-163.43,2,"north",NA,NA,"sedlac",860,1,2019,"Sae-Lim, J., Russell, J.M., Vachula, R.S., Holmes, R.M., Mann, P.J., Schade, J.D., Natali, S.M., 2019. Temperature-controlled tundra fire severity and frequency during the last millennium in the Yukon-Kuskokwim Delta, Alaska. The Holocene 29, 1223–1233.","Temperature-controlled tundra fire severity and frequency during the last millennium in the Yukon-Kuskokwim Delta, Alaska","The Holocene",29,NA,"1223-1233",NA,NA,NA,NA,NA,NA,NA,NA,NA,NA,NA,NA,NA,NA,NA,"RPDv1b:1734",860,"Natali, S.M.",1,"Natali","S.M.",NA,NA,NA,NA,NA,NA,NA,NA,NA,"RPDv1b:1734",860,"RPDv1b",1734,13971,0.4845,0.4845,"cm",0.01,"Radiocarbon date","undifferentiated plant macrofossil",915,20,NA,NA,148147,TRUE,"","NA Date is in uncalibrated radiocarbon years.","Lin core_SIEVED","counted","250-NaN",NA,NA,"",915,895,935,915,0.4845,0.01,"NA Date is in uncalibrated radiocarbon years.",". Cal curve: NA. Source DB: RPDv1b","Lacustrine","Carbon-14","Radiocarbon",-66,939,"Calibrated radiocarbon years BP","sedimentary charcoal","Data Sourcing: RPDv1b #charcoal_recommendedformat","Sample Age Source: RPDv1b"
"860",68,"charcoal | >250um num",44.80531328,45.13404478,45.46277628,0.657463000000003,831,NA,NA,"RPDv1b","Charcoal (sum)",">250 µm",250,NA,"False","True","number","Macroscopic charcoal (sieved)","direct",NA,"CHAR",3,NA,NA,"quant_raw",1.4531,"volume","cm^3","RPDv1b",1734,"charcoal","count","macrochar","wet_sieve","particle",">250um num",NA,">250um","num","RPDv1b","measured",1,"RPDv1b","ELEMENT=>250 µm","Lin core",61.48,-163.43,2,"north",NA,NA,"sedlac",860,1,2019,"Sae-Lim, J., Russell, J.M., Vachula, R.S., Holmes, R.M., Mann, P.J., Schade, J.D., Natali, S.M., 2019. Temperature-controlled tundra fire severity and frequency during the last millennium in the Yukon-Kuskokwim Delta, Alaska. The Holocene 29, 1223–1233.","Temperature-controlled tundra fire severity and frequency during the last millennium in the Yukon-Kuskokwim Delta, Alaska","The Holocene",29,NA,"1223-1233",NA,NA,NA,NA,NA,NA,NA,NA,NA,NA,NA,NA,NA,NA,NA,"RPDv1b:1734",860,"Natali, S.M.",1,"Natali","S.M.",NA,NA,NA,NA,NA,NA,NA,NA,NA,"RPDv1b:1734",860,"RPDv1b",1734,13971,0.4845,0.4845,"cm",0.01,"Radiocarbon date","undifferentiated plant macrofossil",915,20,NA,NA,148147,TRUE,"","NA Date is in uncalibrated radiocarbon years.","Lin core_SIEVED","counted","250-NaN",NA,NA,"",915,895,935,915,0.4845,0.01,"NA Date is in uncalibrated radiocarbon years.",". Cal curve: NA. Source DB: RPDv1b","Lacustrine","Carbon-14","Radiocarbon",-66,939,"Calibrated radiocarbon years BP","sedimentary charcoal","Data Sourcing: RPDv1b #charcoal_recommendedformat","Sample Age Source: RPDv1b"
"860",69,"charcoal | >250um num",45.46277628,45.799486125,46.13619597,0.673419690000004,844,NA,NA,"RPDv1b","Charcoal (sum)",">250 µm",250,NA,"False","True","number","Macroscopic charcoal (sieved)","direct",NA,"CHAR",8,NA,NA,"quant_raw",1.4223,"volume","cm^3","RPDv1b",1734,"charcoal","count","macrochar","wet_sieve","particle",">250um num",NA,">250um","num","RPDv1b","measured",1,"RPDv1b","ELEMENT=>250 µm","Lin core",61.48,-163.43,2,"north",NA,NA,"sedlac",860,1,2019,"Sae-Lim, J., Russell, J.M., Vachula, R.S., Holmes, R.M., Mann, P.J., Schade, J.D., Natali, S.M., 2019. Temperature-controlled tundra fire severity and frequency during the last millennium in the Yukon-Kuskokwim Delta, Alaska. The Holocene 29, 1223–1233.","Temperature-controlled tundra fire severity and frequency during the last millennium in the Yukon-Kuskokwim Delta, Alaska","The Holocene",29,NA,"1223-1233",NA,NA,NA,NA,NA,NA,NA,NA,NA,NA,NA,NA,NA,NA,NA,"RPDv1b:1734",860,"Natali, S.M.",1,"Natali","S.M.",NA,NA,NA,NA,NA,NA,NA,NA,NA,"RPDv1b:1734",860,"RPDv1b",1734,13971,0.4845,0.4845,"cm",0.01,"Radiocarbon date","undifferentiated plant macrofossil",915,20,NA,NA,148147,TRUE,"","NA Date is in uncalibrated radiocarbon years.","Lin core_SIEVED","counted","250-NaN",NA,NA,"",915,895,935,915,0.4845,0.01,"NA Date is in uncalibrated radiocarbon years.",". Cal curve: NA. Source DB: RPDv1b","Lacustrine","Carbon-14","Radiocarbon",-66,939,"Calibrated radiocarbon years BP","sedimentary charcoal","Data Sourcing: RPDv1b #charcoal_recommendedformat","Sample Age Source: RPDv1b"
"860",70,"charcoal | >250um num",46.13619597,46.45837808,46.78056019,0.644364219999999,857,NA,NA,"RPDv1b","Charcoal (sum)",">250 µm",250,NA,"False","True","number","Macroscopic charcoal (sieved)","direct",NA,"CHAR",18,NA,NA,"quant_raw",1.5265,"volume","cm^3","RPDv1b",1734,"charcoal","count","macrochar","wet_sieve","particle",">250um num",NA,">250um","num","RPDv1b","measured",1,"RPDv1b","ELEMENT=>250 µm","Lin core",61.48,-163.43,2,"north",NA,NA,"sedlac",860,1,2019,"Sae-Lim, J., Russell, J.M., Vachula, R.S., Holmes, R.M., Mann, P.J., Schade, J.D., Natali, S.M., 2019. Temperature-controlled tundra fire severity and frequency during the last millennium in the Yukon-Kuskokwim Delta, Alaska. The Holocene 29, 1223–1233.","Temperature-controlled tundra fire severity and frequency during the last millennium in the Yukon-Kuskokwim Delta, Alaska","The Holocene",29,NA,"1223-1233",NA,NA,NA,NA,NA,NA,NA,NA,NA,NA,NA,NA,NA,NA,NA,"RPDv1b:1734",860,"Natali, S.M.",1,"Natali","S.M.",NA,NA,NA,NA,NA,NA,NA,NA,NA,"RPDv1b:1734",860,"RPDv1b",1734,13971,0.4845,0.4845,"cm",0.01,"Radiocarbon date","undifferentiated plant macrofossil",915,20,NA,NA,148147,TRUE,"","NA Date is in uncalibrated radiocarbon years.","Lin core_SIEVED","counted","250-NaN",NA,NA,"",915,895,935,915,0.4845,0.01,"NA Date is in uncalibrated radiocarbon years.",". Cal curve: NA. Source DB: RPDv1b","Lacustrine","Carbon-14","Radiocarbon",-66,939,"Calibrated radiocarbon years BP","sedimentary charcoal","Data Sourcing: RPDv1b #charcoal_recommendedformat","Sample Age Source: RPDv1b"
"860",71,"charcoal | >250um num",46.78056019,47.110429765,47.44029934,0.659739149999999,871,NA,NA,"RPDv1b","Charcoal (sum)",">250 µm",250,NA,"False","True","number","Macroscopic charcoal (sieved)","direct",NA,"CHAR",4,NA,NA,"quant_raw",1.4874,"volume","cm^3","RPDv1b",1734,"charcoal","count","macrochar","wet_sieve","particle",">250um num",NA,">250um","num","RPDv1b","measured",1,"RPDv1b","ELEMENT=>250 µm","Lin core",61.48,-163.43,2,"north",NA,NA,"sedlac",860,1,2019,"Sae-Lim, J., Russell, J.M., Vachula, R.S., Holmes, R.M., Mann, P.J., Schade, J.D., Natali, S.M., 2019. Temperature-controlled tundra fire severity and frequency during the last millennium in the Yukon-Kuskokwim Delta, Alaska. The Holocene 29, 1223–1233.","Temperature-controlled tundra fire severity and frequency during the last millennium in the Yukon-Kuskokwim Delta, Alaska","The Holocene",29,NA,"1223-1233",NA,NA,NA,NA,NA,NA,NA,NA,NA,NA,NA,NA,NA,NA,NA,"RPDv1b:1734",860,"Natali, S.M.",1,"Natali","S.M.",NA,NA,NA,NA,NA,NA,NA,NA,NA,"RPDv1b:1734",860,"RPDv1b",1734,13971,0.4845,0.4845,"cm",0.01,"Radiocarbon date","undifferentiated plant macrofossil",915,20,NA,NA,148147,TRUE,"","NA Date is in uncalibrated radiocarbon years.","Lin core_SIEVED","counted","250-NaN",NA,NA,"",915,895,935,915,0.4845,0.01,"NA Date is in uncalibrated radiocarbon years.",". Cal curve: NA. Source DB: RPDv1b","Lacustrine","Carbon-14","Radiocarbon",-66,939,"Calibrated radiocarbon years BP","sedimentary charcoal","Data Sourcing: RPDv1b #charcoal_recommendedformat","Sample Age Source: RPDv1b"
"860",72,"charcoal | >250um num",47.44029934,47.791744075,48.14318881,0.702889469999995,884,NA,NA,"RPDv1b","Charcoal (sum)",">250 µm",250,NA,"False","True","number","Macroscopic charcoal (sieved)","direct",NA,"CHAR",4,NA,NA,"quant_raw",1.4007,"volume","cm^3","RPDv1b",1734,"charcoal","count","macrochar","wet_sieve","particle",">250um num",NA,">250um","num","RPDv1b","measured",1,"RPDv1b","ELEMENT=>250 µm","Lin core",61.48,-163.43,2,"north",NA,NA,"sedlac",860,1,2019,"Sae-Lim, J., Russell, J.M., Vachula, R.S., Holmes, R.M., Mann, P.J., Schade, J.D., Natali, S.M., 2019. Temperature-controlled tundra fire severity and frequency during the last millennium in the Yukon-Kuskokwim Delta, Alaska. The Holocene 29, 1223–1233.","Temperature-controlled tundra fire severity and frequency during the last millennium in the Yukon-Kuskokwim Delta, Alaska","The Holocene",29,NA,"1223-1233",NA,NA,NA,NA,NA,NA,NA,NA,NA,NA,NA,NA,NA,NA,NA,"RPDv1b:1734",860,"Natali, S.M.",1,"Natali","S.M.",NA,NA,NA,NA,NA,NA,NA,NA,NA,"RPDv1b:1734",860,"RPDv1b",1734,13971,0.4845,0.4845,"cm",0.01,"Radiocarbon date","undifferentiated plant macrofossil",915,20,NA,NA,148147,TRUE,"","NA Date is in uncalibrated radiocarbon years.","Lin core_SIEVED","counted","250-NaN",NA,NA,"",915,895,935,915,0.4845,0.01,"NA Date is in uncalibrated radiocarbon years.",". Cal curve: NA. Source DB: RPDv1b","Lacustrine","Carbon-14","Radiocarbon",-66,939,"Calibrated radiocarbon years BP","sedimentary charcoal","Data Sourcing: RPDv1b #charcoal_recommendedformat","Sample Age Source: RPDv1b"
"860",73,"charcoal | >250um num",48.14318881,48.45661416,48.77003951,0.626850699999998,897,NA,NA,"RPDv1b","Charcoal (sum)",">250 µm",250,NA,"False","True","number","Macroscopic charcoal (sieved)","direct",NA,"CHAR",7,NA,NA,"quant_raw",1.3372,"volume","cm^3","RPDv1b",1734,"charcoal","count","macrochar","wet_sieve","particle",">250um num",NA,">250um","num","RPDv1b","measured",1,"RPDv1b","ELEMENT=>250 µm","Lin core",61.48,-163.43,2,"north",NA,NA,"sedlac",860,1,2019,"Sae-Lim, J., Russell, J.M., Vachula, R.S., Holmes, R.M., Mann, P.J., Schade, J.D., Natali, S.M., 2019. Temperature-controlled tundra fire severity and frequency during the last millennium in the Yukon-Kuskokwim Delta, Alaska. The Holocene 29, 1223–1233.","Temperature-controlled tundra fire severity and frequency during the last millennium in the Yukon-Kuskokwim Delta, Alaska","The Holocene",29,NA,"1223-1233",NA,NA,NA,NA,NA,NA,NA,NA,NA,NA,NA,NA,NA,NA,NA,"RPDv1b:1734",860,"Natali, S.M.",1,"Natali","S.M.",NA,NA,NA,NA,NA,NA,NA,NA,NA,"RPDv1b:1734",860,"RPDv1b",1734,13971,0.4845,0.4845,"cm",0.01,"Radiocarbon date","undifferentiated plant macrofossil",915,20,NA,NA,148147,TRUE,"","NA Date is in uncalibrated radiocarbon years.","Lin core_SIEVED","counted","250-NaN",NA,NA,"",915,895,935,915,0.4845,0.01,"NA Date is in uncalibrated radiocarbon years.",". Cal curve: NA. Source DB: RPDv1b","Lacustrine","Carbon-14","Radiocarbon",-66,939,"Calibrated radiocarbon years BP","sedimentary charcoal","Data Sourcing: RPDv1b #charcoal_recommendedformat","Sample Age Source: RPDv1b"
"860",74,"charcoal | >250um num",48.77003951,49.119155805,49.4682721,0.698232590000003,911,NA,NA,"RPDv1b","Charcoal (sum)",">250 µm",250,NA,"False","True","number","Macroscopic charcoal (sieved)","direct",NA,"CHAR",19,NA,NA,"quant_raw",1.3658,"volume","cm^3","RPDv1b",1734,"charcoal","count","macrochar","wet_sieve","particle",">250um num",NA,">250um","num","RPDv1b","measured",1,"RPDv1b","ELEMENT=>250 µm","Lin core",61.48,-163.43,2,"north",NA,NA,"sedlac",860,1,2019,"Sae-Lim, J., Russell, J.M., Vachula, R.S., Holmes, R.M., Mann, P.J., Schade, J.D., Natali, S.M., 2019. Temperature-controlled tundra fire severity and frequency during the last millennium in the Yukon-Kuskokwim Delta, Alaska. The Holocene 29, 1223–1233.","Temperature-controlled tundra fire severity and frequency during the last millennium in the Yukon-Kuskokwim Delta, Alaska","The Holocene",29,NA,"1223-1233",NA,NA,NA,NA,NA,NA,NA,NA,NA,NA,NA,NA,NA,NA,NA,"RPDv1b:1734",860,"Natali, S.M.",1,"Natali","S.M.",NA,NA,NA,NA,NA,NA,NA,NA,NA,"RPDv1b:1734",860,"RPDv1b",1734,13971,0.4845,0.4845,"cm",0.01,"Radiocarbon date","undifferentiated plant macrofossil",915,20,NA,NA,148147,TRUE,"","NA Date is in uncalibrated radiocarbon years.","Lin core_SIEVED","counted","250-NaN",NA,NA,"",915,895,935,915,0.4845,0.01,"NA Date is in uncalibrated radiocarbon years.",". Cal curve: NA. Source DB: RPDv1b","Lacustrine","Carbon-14","Radiocarbon",-66,939,"Calibrated radiocarbon years BP","sedimentary charcoal","Data Sourcing: RPDv1b #charcoal_recommendedformat","Sample Age Source: RPDv1b"
"860",75,"charcoal | >250um num",49.4682721,49.86073993,50.25320776,0.784935660000008,924,NA,NA,"RPDv1b","Charcoal (sum)",">250 µm",250,NA,"False","True","number","Macroscopic charcoal (sieved)","direct",NA,"CHAR",7,NA,NA,"quant_raw",1.4921,"volume","cm^3","RPDv1b",1734,"charcoal","count","macrochar","wet_sieve","particle",">250um num",NA,">250um","num","RPDv1b","measured",1,"RPDv1b","ELEMENT=>250 µm","Lin core",61.48,-163.43,2,"north",NA,NA,"sedlac",860,1,2019,"Sae-Lim, J., Russell, J.M., Vachula, R.S., Holmes, R.M., Mann, P.J., Schade, J.D., Natali, S.M., 2019. Temperature-controlled tundra fire severity and frequency during the last millennium in the Yukon-Kuskokwim Delta, Alaska. The Holocene 29, 1223–1233.","Temperature-controlled tundra fire severity and frequency during the last millennium in the Yukon-Kuskokwim Delta, Alaska","The Holocene",29,NA,"1223-1233",NA,NA,NA,NA,NA,NA,NA,NA,NA,NA,NA,NA,NA,NA,NA,"RPDv1b:1734",860,"Natali, S.M.",1,"Natali","S.M.",NA,NA,NA,NA,NA,NA,NA,NA,NA,"RPDv1b:1734",860,"RPDv1b",1734,13971,0.4845,0.4845,"cm",0.01,"Radiocarbon date","undifferentiated plant macrofossil",915,20,NA,NA,148147,TRUE,"","NA Date is in uncalibrated radiocarbon years.","Lin core_SIEVED","counted","250-NaN",NA,NA,"",915,895,935,915,0.4845,0.01,"NA Date is in uncalibrated radiocarbon years.",". Cal curve: NA. Source DB: RPDv1b","Lacustrine","Carbon-14","Radiocarbon",-66,939,"Calibrated radiocarbon years BP","sedimentary charcoal","Data Sourcing: RPDv1b #charcoal_recommendedformat","Sample Age Source: RPDv1b"
"860",76,"charcoal | >250um num",50.25320776,50.87660388,51.5,1.24679223999999,939,NA,NA,"RPDv1b","Charcoal (sum)",">250 µm",250,NA,"False","True","number","Macroscopic charcoal (sieved)","direct",NA,"CHAR",5,NA,NA,"quant_raw",1.4289,"volume","cm^3","RPDv1b",1734,"charcoal","count","macrochar","wet_sieve","particle",">250um num",NA,">250um","num","RPDv1b","measured",1,"RPDv1b","ELEMENT=>250 µm","Lin core",61.48,-163.43,2,"north",NA,NA,"sedlac",860,1,2019,"Sae-Lim, J., Russell, J.M., Vachula, R.S., Holmes, R.M., Mann, P.J., Schade, J.D., Natali, S.M., 2019. Temperature-controlled tundra fire severity and frequency during the last millennium in the Yukon-Kuskokwim Delta, Alaska. The Holocene 29, 1223–1233.","Temperature-controlled tundra fire severity and frequency during the last millennium in the Yukon-Kuskokwim Delta, Alaska","The Holocene",29,NA,"1223-1233",NA,NA,NA,NA,NA,NA,NA,NA,NA,NA,NA,NA,NA,NA,NA,"RPDv1b:1734",860,"Natali, S.M.",1,"Natali","S.M.",NA,NA,NA,NA,NA,NA,NA,NA,NA,"RPDv1b:1734",860,"RPDv1b",1734,13968,0.1275,0.1275,"cm",0.01,"Radiocarbon date","wood",335,15,NA,NA,148150,TRUE,"","NA Date is in uncalibrated radiocarbon years.","Lin core_SIEVED","counted","250-NaN",NA,NA,"",335,320,350,335,0.1275,0.01,"NA Date is in uncalibrated radiocarbon years.",". Cal curve: NA. Source DB: RPDv1b","Lacustrine","Carbon-14","Radiocarbon",-66,939,"Calibrated radiocarbon years BP","sedimentary charcoal","Data Sourcing: RPDv1b #charcoal_recommendedformat","Sample Age Source: RPDv1b"
