"cluster_id_entity","usample","channel","depth_top_cm","depth_mid_cm","depth_bot_cm","thick_cm","age_mid_cal_yr_bp","age_top_cal_yr_bp","age_bot_cal_yr_bp","age_source","NAME","ELEMENT","size_min_um","size_max_um","size_min_open","size_max_open","UNITS","CONTEXT","context_source","TAPHONOMY","GROUP","value","value_orig","value_conversion","value_source_column","sample_quantity_value","sample_quantity_ELEMENT","sample_quantity_UNITS","data_source","data_entity","original_fire_proxy","original_meas_type","original_meas_detail","original_meas_method","original_proxy_class","original_quant_units","original_quant_units_raw","parsed_size_token","parsed_unit_token","depth_source","depth_repair_method","n_db_contrib","db_contrib","vocab_flags","entity_name","lat_dd_north","lon_dd_east","elev_m","hemisphere","country_entity","location_desc","depo_context","cluster_id","pubtypeid","year","citation","articletitle","journal","volume","issue","pages","citationnumber","doi","booktitle","numvolumes","edition","volumetitle","seriestitle","seriesvolume","publisher","url_pub","city","state","country","originallanguage","notes_pub","pub_source","cluster_id_contact","contactname","contactstatusid","familyname","leadinginitials","givennames","suffix","title","phone","fax","email","url","address","notes","contact_source","cluster_id_geo","db_geo","source_entity","date_id","depth_cm_geo","depth_orig_geo","depth_unit_geo","thick_cm_geo","date_type","material","age_14C","error","cal_age_geo","cal_curve","lab_number","included","exclude_reason","notes_geo","datasetname","controlled_units","controlled_element","X","X.1","X.2","age_geo","chroncontrol_limityounger","chroncontrol_limitolder","chroncontrol_age","chroncontrol_depth","chroncontrol_thickness","chroncontrol_comments","chronology_notes_full","controlled_dep","neotoma_geochrontype","neotoma_chroncontroltypes","ageboundyounger","ageboundolder","agetype","datasettype","datasetnotes_full","samplenotes_full"
"862",0,"charcoal | >125um num",NA,0.5,NA,NA,-53,NA,NA,"RPDv1b","Charcoal (sum)",">125 µm",125,NA,"False","True","number","Macroscopic charcoal (sieved)","direct",NA,"CHAR",7,NA,NA,"quant_raw",5,"volume","cm^3","RPDv1b",1740,"charcoal","count","macrochar","wet_sieve","particle",">125um num",NA,">125um","num","RPDv1b","measured",1,"RPDv1b",NA,"Lake Kirkpatrick core",-45.02706,168.57374,570,"south",NA,NA,"sedlac",862,1,2014,"McWethy, D.B., Wilmshurst, J.M., Whitlock, C., Wood, J.R., McGlone, M.S., 2014. A high-resolution chronology of rapid forest transitions following Polynesian arrival in New Zealand. PLOS ONE 9, e111328.","A high-resolution chronology of rapid forest transitions following Polynesian arrival in New Zealand","PLOS ONE 9, e111328",NA,NA,NA,NA,"10.1371/journal.pone.0111328",NA,NA,NA,NA,NA,NA,NA,NA,NA,NA,NA,NA,NA,"RPDv1b:1740",862,"McWethy, D.B.",1,"McWethy","D.B.",NA,NA,NA,NA,NA,NA,NA,NA,NA,"RPDv1b:1740",862,"RPDv1b",1740,14044,0,0,"cm",NA,"Top of core known","-888888",NA,1,-53,NA,"-888888",TRUE,NA,"NA Date is calibrated.","Lake Kirkpatrick core_SIEVED","counted","125-NaN",NA,NA,"",-53,-54,-52,-53,0,NA,"NA Date is calibrated.",". Cal curve: NA. Source DB: RPDv1b","Lacustrine","","Core top",-53,1485,"Calibrated radiocarbon years BP","sedimentary charcoal","Data Sourcing: RPDv1b","Sample Age Source: RPDv1b"
"862",1,"charcoal | >125um num",NA,1,NA,NA,-47,NA,NA,"RPDv1b","Charcoal (sum)",">125 µm",125,NA,"False","True","number","Macroscopic charcoal (sieved)","direct",NA,"CHAR",4,NA,NA,"quant_raw",5,"volume","cm^3","RPDv1b",1740,"charcoal","count","macrochar","wet_sieve","particle",">125um num",NA,">125um","num","RPDv1b","measured",1,"RPDv1b",NA,"Lake Kirkpatrick core",-45.02706,168.57374,570,"south",NA,NA,"sedlac",862,1,2014,"McWethy, D.B., Wilmshurst, J.M., Whitlock, C., Wood, J.R., McGlone, M.S., 2014. A high-resolution chronology of rapid forest transitions following Polynesian arrival in New Zealand. PLOS ONE 9, e111328.","A high-resolution chronology of rapid forest transitions following Polynesian arrival in New Zealand","PLOS ONE 9, e111328",NA,NA,NA,NA,"10.1371/journal.pone.0111328",NA,NA,NA,NA,NA,NA,NA,NA,NA,NA,NA,NA,NA,"RPDv1b:1740",862,"McWethy, D.B.",1,"McWethy","D.B.",NA,NA,NA,NA,NA,NA,NA,NA,NA,"RPDv1b:1740",862,"RPDv1b",1740,14044,0,0,"cm",NA,"Top of core known","-888888",NA,1,-53,NA,"-888888",TRUE,NA,"NA Date is calibrated.","Lake Kirkpatrick core_SIEVED","counted","125-NaN",NA,NA,"",-53,-54,-52,-53,0,NA,"NA Date is calibrated.",". Cal curve: NA. Source DB: RPDv1b","Lacustrine","","Core top",-53,1485,"Calibrated radiocarbon years BP","sedimentary charcoal","Data Sourcing: RPDv1b","Sample Age Source: RPDv1b"
"862",2,"charcoal | >125um num",NA,1.5,NA,NA,-41,NA,NA,"RPDv1b","Charcoal (sum)",">125 µm",125,NA,"False","True","number","Macroscopic charcoal (sieved)","direct",NA,"CHAR",1,NA,NA,"quant_raw",5,"volume","cm^3","RPDv1b",1740,"charcoal","count","macrochar","wet_sieve","particle",">125um num",NA,">125um","num","RPDv1b","measured",1,"RPDv1b",NA,"Lake Kirkpatrick core",-45.02706,168.57374,570,"south",NA,NA,"sedlac",862,1,2014,"McWethy, D.B., Wilmshurst, J.M., Whitlock, C., Wood, J.R., McGlone, M.S., 2014. A high-resolution chronology of rapid forest transitions following Polynesian arrival in New Zealand. PLOS ONE 9, e111328.","A high-resolution chronology of rapid forest transitions following Polynesian arrival in New Zealand","PLOS ONE 9, e111328",NA,NA,NA,NA,"10.1371/journal.pone.0111328",NA,NA,NA,NA,NA,NA,NA,NA,NA,NA,NA,NA,NA,"RPDv1b:1740",862,"McWethy, D.B.",1,"McWethy","D.B.",NA,NA,NA,NA,NA,NA,NA,NA,NA,"RPDv1b:1740",862,"RPDv1b",1740,14044,0,0,"cm",NA,"Top of core known","-888888",NA,1,-53,NA,"-888888",TRUE,NA,"NA Date is calibrated.","Lake Kirkpatrick core_SIEVED","counted","125-NaN",NA,NA,"",-53,-54,-52,-53,0,NA,"NA Date is calibrated.",". Cal curve: NA. Source DB: RPDv1b","Lacustrine","","Core top",-53,1485,"Calibrated radiocarbon years BP","sedimentary charcoal","Data Sourcing: RPDv1b","Sample Age Source: RPDv1b"
"862",3,"charcoal | >125um num",NA,2,NA,NA,-35,NA,NA,"RPDv1b","Charcoal (sum)",">125 µm",125,NA,"False","True","number","Macroscopic charcoal (sieved)","direct",NA,"CHAR",2,NA,NA,"quant_raw",5,"volume","cm^3","RPDv1b",1740,"charcoal","count","macrochar","wet_sieve","particle",">125um num",NA,">125um","num","RPDv1b","measured",1,"RPDv1b",NA,"Lake Kirkpatrick core",-45.02706,168.57374,570,"south",NA,NA,"sedlac",862,1,2014,"McWethy, D.B., Wilmshurst, J.M., Whitlock, C., Wood, J.R., McGlone, M.S., 2014. A high-resolution chronology of rapid forest transitions following Polynesian arrival in New Zealand. PLOS ONE 9, e111328.","A high-resolution chronology of rapid forest transitions following Polynesian arrival in New Zealand","PLOS ONE 9, e111328",NA,NA,NA,NA,"10.1371/journal.pone.0111328",NA,NA,NA,NA,NA,NA,NA,NA,NA,NA,NA,NA,NA,"RPDv1b:1740",862,"McWethy, D.B.",1,"McWethy","D.B.",NA,NA,NA,NA,NA,NA,NA,NA,NA,"RPDv1b:1740",862,"RPDv1b",1740,14044,0,0,"cm",NA,"Top of core known","-888888",NA,1,-53,NA,"-888888",TRUE,NA,"NA Date is calibrated.","Lake Kirkpatrick core_SIEVED","counted","125-NaN",NA,NA,"",-53,-54,-52,-53,0,NA,"NA Date is calibrated.",". Cal curve: NA. Source DB: RPDv1b","Lacustrine","","Core top",-53,1485,"Calibrated radiocarbon years BP","sedimentary charcoal","Data Sourcing: RPDv1b","Sample Age Source: RPDv1b"
"862",4,"charcoal | >125um num",NA,2.5,NA,NA,-29,NA,NA,"RPDv1b","Charcoal (sum)",">125 µm",125,NA,"False","True","number","Macroscopic charcoal (sieved)","direct",NA,"CHAR",5,NA,NA,"quant_raw",5,"volume","cm^3","RPDv1b",1740,"charcoal","count","macrochar","wet_sieve","particle",">125um num",NA,">125um","num","RPDv1b","measured",1,"RPDv1b",NA,"Lake Kirkpatrick core",-45.02706,168.57374,570,"south",NA,NA,"sedlac",862,1,2014,"McWethy, D.B., Wilmshurst, J.M., Whitlock, C., Wood, J.R., McGlone, M.S., 2014. A high-resolution chronology of rapid forest transitions following Polynesian arrival in New Zealand. PLOS ONE 9, e111328.","A high-resolution chronology of rapid forest transitions following Polynesian arrival in New Zealand","PLOS ONE 9, e111328",NA,NA,NA,NA,"10.1371/journal.pone.0111328",NA,NA,NA,NA,NA,NA,NA,NA,NA,NA,NA,NA,NA,"RPDv1b:1740",862,"McWethy, D.B.",1,"McWethy","D.B.",NA,NA,NA,NA,NA,NA,NA,NA,NA,"RPDv1b:1740",862,"RPDv1b",1740,14044,0,0,"cm",NA,"Top of core known","-888888",NA,1,-53,NA,"-888888",TRUE,NA,"NA Date is calibrated.","Lake Kirkpatrick core_SIEVED","counted","125-NaN",NA,NA,"",-53,-54,-52,-53,0,NA,"NA Date is calibrated.",". Cal curve: NA. Source DB: RPDv1b","Lacustrine","","Core top",-53,1485,"Calibrated radiocarbon years BP","sedimentary charcoal","Data Sourcing: RPDv1b","Sample Age Source: RPDv1b"
"862",5,"charcoal | >125um num",NA,3,NA,NA,-23,NA,NA,"RPDv1b","Charcoal (sum)",">125 µm",125,NA,"False","True","number","Macroscopic charcoal (sieved)","direct",NA,"CHAR",4,NA,NA,"quant_raw",5,"volume","cm^3","RPDv1b",1740,"charcoal","count","macrochar","wet_sieve","particle",">125um num",NA,">125um","num","RPDv1b","measured",1,"RPDv1b",NA,"Lake Kirkpatrick core",-45.02706,168.57374,570,"south",NA,NA,"sedlac",862,1,2014,"McWethy, D.B., Wilmshurst, J.M., Whitlock, C., Wood, J.R., McGlone, M.S., 2014. A high-resolution chronology of rapid forest transitions following Polynesian arrival in New Zealand. PLOS ONE 9, e111328.","A high-resolution chronology of rapid forest transitions following Polynesian arrival in New Zealand","PLOS ONE 9, e111328",NA,NA,NA,NA,"10.1371/journal.pone.0111328",NA,NA,NA,NA,NA,NA,NA,NA,NA,NA,NA,NA,NA,"RPDv1b:1740",862,"McWethy, D.B.",1,"McWethy","D.B.",NA,NA,NA,NA,NA,NA,NA,NA,NA,"RPDv1b:1740",862,"RPDv1b",1740,14044,0,0,"cm",NA,"Top of core known","-888888",NA,1,-53,NA,"-888888",TRUE,NA,"NA Date is calibrated.","Lake Kirkpatrick core_SIEVED","counted","125-NaN",NA,NA,"",-53,-54,-52,-53,0,NA,"NA Date is calibrated.",". Cal curve: NA. Source DB: RPDv1b","Lacustrine","","Core top",-53,1485,"Calibrated radiocarbon years BP","sedimentary charcoal","Data Sourcing: RPDv1b","Sample Age Source: RPDv1b"
"862",6,"charcoal | >125um num",NA,3.5,NA,NA,-17,NA,NA,"RPDv1b","Charcoal (sum)",">125 µm",125,NA,"False","True","number","Macroscopic charcoal (sieved)","direct",NA,"CHAR",16,NA,NA,"quant_raw",5,"volume","cm^3","RPDv1b",1740,"charcoal","count","macrochar","wet_sieve","particle",">125um num",NA,">125um","num","RPDv1b","measured",1,"RPDv1b",NA,"Lake Kirkpatrick core",-45.02706,168.57374,570,"south",NA,NA,"sedlac",862,1,2014,"McWethy, D.B., Wilmshurst, J.M., Whitlock, C., Wood, J.R., McGlone, M.S., 2014. A high-resolution chronology of rapid forest transitions following Polynesian arrival in New Zealand. PLOS ONE 9, e111328.","A high-resolution chronology of rapid forest transitions following Polynesian arrival in New Zealand","PLOS ONE 9, e111328",NA,NA,NA,NA,"10.1371/journal.pone.0111328",NA,NA,NA,NA,NA,NA,NA,NA,NA,NA,NA,NA,NA,"RPDv1b:1740",862,"McWethy, D.B.",1,"McWethy","D.B.",NA,NA,NA,NA,NA,NA,NA,NA,NA,"RPDv1b:1740",862,"RPDv1b",1740,14044,0,0,"cm",NA,"Top of core known","-888888",NA,1,-53,NA,"-888888",TRUE,NA,"NA Date is calibrated.","Lake Kirkpatrick core_SIEVED","counted","125-NaN",NA,NA,"",-53,-54,-52,-53,0,NA,"NA Date is calibrated.",". Cal curve: NA. Source DB: RPDv1b","Lacustrine","","Core top",-53,1485,"Calibrated radiocarbon years BP","sedimentary charcoal","Data Sourcing: RPDv1b","Sample Age Source: RPDv1b"
"862",7,"charcoal | >125um num",NA,4,NA,NA,-11,NA,NA,"RPDv1b","Charcoal (sum)",">125 µm",125,NA,"False","True","number","Macroscopic charcoal (sieved)","direct",NA,"CHAR",30,NA,NA,"quant_raw",5,"volume","cm^3","RPDv1b",1740,"charcoal","count","macrochar","wet_sieve","particle",">125um num",NA,">125um","num","RPDv1b","measured",1,"RPDv1b",NA,"Lake Kirkpatrick core",-45.02706,168.57374,570,"south",NA,NA,"sedlac",862,1,2014,"McWethy, D.B., Wilmshurst, J.M., Whitlock, C., Wood, J.R., McGlone, M.S., 2014. A high-resolution chronology of rapid forest transitions following Polynesian arrival in New Zealand. PLOS ONE 9, e111328.","A high-resolution chronology of rapid forest transitions following Polynesian arrival in New Zealand","PLOS ONE 9, e111328",NA,NA,NA,NA,"10.1371/journal.pone.0111328",NA,NA,NA,NA,NA,NA,NA,NA,NA,NA,NA,NA,NA,"RPDv1b:1740",862,"McWethy, D.B.",1,"McWethy","D.B.",NA,NA,NA,NA,NA,NA,NA,NA,NA,"RPDv1b:1740",862,"RPDv1b",1740,14044,0,0,"cm",NA,"Top of core known","-888888",NA,1,-53,NA,"-888888",TRUE,NA,"NA Date is calibrated.","Lake Kirkpatrick core_SIEVED","counted","125-NaN",NA,NA,"",-53,-54,-52,-53,0,NA,"NA Date is calibrated.",". Cal curve: NA. Source DB: RPDv1b","Lacustrine","","Core top",-53,1485,"Calibrated radiocarbon years BP","sedimentary charcoal","Data Sourcing: RPDv1b","Sample Age Source: RPDv1b"
"862",8,"charcoal | >125um num",NA,4.5,NA,NA,-5,NA,NA,"RPDv1b","Charcoal (sum)",">125 µm",125,NA,"False","True","number","Macroscopic charcoal (sieved)","direct",NA,"CHAR",21,NA,NA,"quant_raw",5,"volume","cm^3","RPDv1b",1740,"charcoal","count","macrochar","wet_sieve","particle",">125um num",NA,">125um","num","RPDv1b","measured",1,"RPDv1b",NA,"Lake Kirkpatrick core",-45.02706,168.57374,570,"south",NA,NA,"sedlac",862,1,2014,"McWethy, D.B., Wilmshurst, J.M., Whitlock, C., Wood, J.R., McGlone, M.S., 2014. A high-resolution chronology of rapid forest transitions following Polynesian arrival in New Zealand. PLOS ONE 9, e111328.","A high-resolution chronology of rapid forest transitions following Polynesian arrival in New Zealand","PLOS ONE 9, e111328",NA,NA,NA,NA,"10.1371/journal.pone.0111328",NA,NA,NA,NA,NA,NA,NA,NA,NA,NA,NA,NA,NA,"RPDv1b:1740",862,"McWethy, D.B.",1,"McWethy","D.B.",NA,NA,NA,NA,NA,NA,NA,NA,NA,"RPDv1b:1740",862,"RPDv1b",1740,14044,0,0,"cm",NA,"Top of core known","-888888",NA,1,-53,NA,"-888888",TRUE,NA,"NA Date is calibrated.","Lake Kirkpatrick core_SIEVED","counted","125-NaN",NA,NA,"",-53,-54,-52,-53,0,NA,"NA Date is calibrated.",". Cal curve: NA. Source DB: RPDv1b","Lacustrine","","Core top",-53,1485,"Calibrated radiocarbon years BP","sedimentary charcoal","Data Sourcing: RPDv1b","Sample Age Source: RPDv1b"
"862",9,"charcoal | >125um num",NA,5,NA,NA,1,NA,NA,"RPDv1b","Charcoal (sum)",">125 µm",125,NA,"False","True","number","Macroscopic charcoal (sieved)","direct",NA,"CHAR",9,NA,NA,"quant_raw",5,"volume","cm^3","RPDv1b",1740,"charcoal","count","macrochar","wet_sieve","particle",">125um num",NA,">125um","num","RPDv1b","measured",1,"RPDv1b",NA,"Lake Kirkpatrick core",-45.02706,168.57374,570,"south",NA,NA,"sedlac",862,1,2014,"McWethy, D.B., Wilmshurst, J.M., Whitlock, C., Wood, J.R., McGlone, M.S., 2014. A high-resolution chronology of rapid forest transitions following Polynesian arrival in New Zealand. PLOS ONE 9, e111328.","A high-resolution chronology of rapid forest transitions following Polynesian arrival in New Zealand","PLOS ONE 9, e111328",NA,NA,NA,NA,"10.1371/journal.pone.0111328",NA,NA,NA,NA,NA,NA,NA,NA,NA,NA,NA,NA,NA,"RPDv1b:1740",862,"McWethy, D.B.",1,"McWethy","D.B.",NA,NA,NA,NA,NA,NA,NA,NA,NA,"RPDv1b:1740",862,"RPDv1b",1740,14044,0,0,"cm",NA,"Top of core known","-888888",NA,1,-53,NA,"-888888",TRUE,NA,"NA Date is calibrated.","Lake Kirkpatrick core_SIEVED","counted","125-NaN",NA,NA,"",-53,-54,-52,-53,0,NA,"NA Date is calibrated.",". Cal curve: NA. Source DB: RPDv1b","Lacustrine","","Core top",-53,1485,"Calibrated radiocarbon years BP","sedimentary charcoal","Data Sourcing: RPDv1b","Sample Age Source: RPDv1b"
"862",10,"charcoal | >125um num",NA,5.5,NA,NA,7,NA,NA,"RPDv1b","Charcoal (sum)",">125 µm",125,NA,"False","True","number","Macroscopic charcoal (sieved)","direct",NA,"CHAR",10,NA,NA,"quant_raw",5,"volume","cm^3","RPDv1b",1740,"charcoal","count","macrochar","wet_sieve","particle",">125um num",NA,">125um","num","RPDv1b","measured",1,"RPDv1b",NA,"Lake Kirkpatrick core",-45.02706,168.57374,570,"south",NA,NA,"sedlac",862,1,2014,"McWethy, D.B., Wilmshurst, J.M., Whitlock, C., Wood, J.R., McGlone, M.S., 2014. A high-resolution chronology of rapid forest transitions following Polynesian arrival in New Zealand. PLOS ONE 9, e111328.","A high-resolution chronology of rapid forest transitions following Polynesian arrival in New Zealand","PLOS ONE 9, e111328",NA,NA,NA,NA,"10.1371/journal.pone.0111328",NA,NA,NA,NA,NA,NA,NA,NA,NA,NA,NA,NA,NA,"RPDv1b:1740",862,"McWethy, D.B.",1,"McWethy","D.B.",NA,NA,NA,NA,NA,NA,NA,NA,NA,"RPDv1b:1740",862,"RPDv1b",1740,14044,0,0,"cm",NA,"Top of core known","-888888",NA,1,-53,NA,"-888888",TRUE,NA,"NA Date is calibrated.","Lake Kirkpatrick core_SIEVED","counted","125-NaN",NA,NA,"",-53,-54,-52,-53,0,NA,"NA Date is calibrated.",". Cal curve: NA. Source DB: RPDv1b","Lacustrine","","Core top",-53,1485,"Calibrated radiocarbon years BP","sedimentary charcoal","Data Sourcing: RPDv1b","Sample Age Source: RPDv1b"
"862",11,"charcoal | >125um num",NA,6,NA,NA,13,NA,NA,"RPDv1b","Charcoal (sum)",">125 µm",125,NA,"False","True","number","Macroscopic charcoal (sieved)","direct",NA,"CHAR",7,NA,NA,"quant_raw",5,"volume","cm^3","RPDv1b",1740,"charcoal","count","macrochar","wet_sieve","particle",">125um num",NA,">125um","num","RPDv1b","measured",1,"RPDv1b",NA,"Lake Kirkpatrick core",-45.02706,168.57374,570,"south",NA,NA,"sedlac",862,1,2014,"McWethy, D.B., Wilmshurst, J.M., Whitlock, C., Wood, J.R., McGlone, M.S., 2014. A high-resolution chronology of rapid forest transitions following Polynesian arrival in New Zealand. PLOS ONE 9, e111328.","A high-resolution chronology of rapid forest transitions following Polynesian arrival in New Zealand","PLOS ONE 9, e111328",NA,NA,NA,NA,"10.1371/journal.pone.0111328",NA,NA,NA,NA,NA,NA,NA,NA,NA,NA,NA,NA,NA,"RPDv1b:1740",862,"McWethy, D.B.",1,"McWethy","D.B.",NA,NA,NA,NA,NA,NA,NA,NA,NA,"RPDv1b:1740",862,"RPDv1b",1740,14044,0,0,"cm",NA,"Top of core known","-888888",NA,1,-53,NA,"-888888",TRUE,NA,"NA Date is calibrated.","Lake Kirkpatrick core_SIEVED","counted","125-NaN",NA,NA,"",-53,-54,-52,-53,0,NA,"NA Date is calibrated.",". Cal curve: NA. Source DB: RPDv1b","Lacustrine","","Core top",-53,1485,"Calibrated radiocarbon years BP","sedimentary charcoal","Data Sourcing: RPDv1b","Sample Age Source: RPDv1b"
"862",12,"charcoal | >125um num",NA,6.5,NA,NA,19,NA,NA,"RPDv1b","Charcoal (sum)",">125 µm",125,NA,"False","True","number","Macroscopic charcoal (sieved)","direct",NA,"CHAR",7,NA,NA,"quant_raw",5,"volume","cm^3","RPDv1b",1740,"charcoal","count","macrochar","wet_sieve","particle",">125um num",NA,">125um","num","RPDv1b","measured",1,"RPDv1b",NA,"Lake Kirkpatrick core",-45.02706,168.57374,570,"south",NA,NA,"sedlac",862,1,2014,"McWethy, D.B., Wilmshurst, J.M., Whitlock, C., Wood, J.R., McGlone, M.S., 2014. A high-resolution chronology of rapid forest transitions following Polynesian arrival in New Zealand. PLOS ONE 9, e111328.","A high-resolution chronology of rapid forest transitions following Polynesian arrival in New Zealand","PLOS ONE 9, e111328",NA,NA,NA,NA,"10.1371/journal.pone.0111328",NA,NA,NA,NA,NA,NA,NA,NA,NA,NA,NA,NA,NA,"RPDv1b:1740",862,"McWethy, D.B.",1,"McWethy","D.B.",NA,NA,NA,NA,NA,NA,NA,NA,NA,"RPDv1b:1740",862,"RPDv1b",1740,14044,0,0,"cm",NA,"Top of core known","-888888",NA,1,-53,NA,"-888888",TRUE,NA,"NA Date is calibrated.","Lake Kirkpatrick core_SIEVED","counted","125-NaN",NA,NA,"",-53,-54,-52,-53,0,NA,"NA Date is calibrated.",". Cal curve: NA. Source DB: RPDv1b","Lacustrine","","Core top",-53,1485,"Calibrated radiocarbon years BP","sedimentary charcoal","Data Sourcing: RPDv1b","Sample Age Source: RPDv1b"
"862",13,"charcoal | >125um num",NA,7,NA,NA,26,NA,NA,"RPDv1b","Charcoal (sum)",">125 µm",125,NA,"False","True","number","Macroscopic charcoal (sieved)","direct",NA,"CHAR",10,NA,NA,"quant_raw",5,"volume","cm^3","RPDv1b",1740,"charcoal","count","macrochar","wet_sieve","particle",">125um num",NA,">125um","num","RPDv1b","measured",1,"RPDv1b",NA,"Lake Kirkpatrick core",-45.02706,168.57374,570,"south",NA,NA,"sedlac",862,1,2014,"McWethy, D.B., Wilmshurst, J.M., Whitlock, C., Wood, J.R., McGlone, M.S., 2014. A high-resolution chronology of rapid forest transitions following Polynesian arrival in New Zealand. PLOS ONE 9, e111328.","A high-resolution chronology of rapid forest transitions following Polynesian arrival in New Zealand","PLOS ONE 9, e111328",NA,NA,NA,NA,"10.1371/journal.pone.0111328",NA,NA,NA,NA,NA,NA,NA,NA,NA,NA,NA,NA,NA,"RPDv1b:1740",862,"McWethy, D.B.",1,"McWethy","D.B.",NA,NA,NA,NA,NA,NA,NA,NA,NA,"RPDv1b:1740",862,"RPDv1b",1740,14045,0.99,0.99,"cm",0.01,"AMS","undifferentiated plant macrofossil",575,15,NA,NA,"KCCAMS-102187",TRUE,NA,"NA Date is in uncalibrated radiocarbon years.","Lake Kirkpatrick core_SIEVED","counted","125-NaN",NA,NA,"",575,560,590,575,0.99,0.01,"NA Date is in uncalibrated radiocarbon years.",". Cal curve: NA. Source DB: RPDv1b","Lacustrine","Carbon-14","Radiocarbon",-53,1485,"Calibrated radiocarbon years BP","sedimentary charcoal","Data Sourcing: RPDv1b","Sample Age Source: RPDv1b"
"862",14,"charcoal | >125um num",NA,7.5,NA,NA,32,NA,NA,"RPDv1b","Charcoal (sum)",">125 µm",125,NA,"False","True","number","Macroscopic charcoal (sieved)","direct",NA,"CHAR",32,NA,NA,"quant_raw",5,"volume","cm^3","RPDv1b",1740,"charcoal","count","macrochar","wet_sieve","particle",">125um num",NA,">125um","num","RPDv1b","measured",1,"RPDv1b",NA,"Lake Kirkpatrick core",-45.02706,168.57374,570,"south",NA,NA,"sedlac",862,1,2014,"McWethy, D.B., Wilmshurst, J.M., Whitlock, C., Wood, J.R., McGlone, M.S., 2014. A high-resolution chronology of rapid forest transitions following Polynesian arrival in New Zealand. PLOS ONE 9, e111328.","A high-resolution chronology of rapid forest transitions following Polynesian arrival in New Zealand","PLOS ONE 9, e111328",NA,NA,NA,NA,"10.1371/journal.pone.0111328",NA,NA,NA,NA,NA,NA,NA,NA,NA,NA,NA,NA,NA,"RPDv1b:1740",862,"McWethy, D.B.",1,"McWethy","D.B.",NA,NA,NA,NA,NA,NA,NA,NA,NA,"RPDv1b:1740",862,"RPDv1b",1740,14045,0.99,0.99,"cm",0.01,"AMS","undifferentiated plant macrofossil",575,15,NA,NA,"KCCAMS-102187",TRUE,NA,"NA Date is in uncalibrated radiocarbon years.","Lake Kirkpatrick core_SIEVED","counted","125-NaN",NA,NA,"",575,560,590,575,0.99,0.01,"NA Date is in uncalibrated radiocarbon years.",". Cal curve: NA. Source DB: RPDv1b","Lacustrine","Carbon-14","Radiocarbon",-53,1485,"Calibrated radiocarbon years BP","sedimentary charcoal","Data Sourcing: RPDv1b","Sample Age Source: RPDv1b"
"862",15,"charcoal | >125um num",NA,8,NA,NA,38,NA,NA,"RPDv1b","Charcoal (sum)",">125 µm",125,NA,"False","True","number","Macroscopic charcoal (sieved)","direct",NA,"CHAR",83,NA,NA,"quant_raw",5,"volume","cm^3","RPDv1b",1740,"charcoal","count","macrochar","wet_sieve","particle",">125um num",NA,">125um","num","RPDv1b","measured",1,"RPDv1b",NA,"Lake Kirkpatrick core",-45.02706,168.57374,570,"south",NA,NA,"sedlac",862,1,2014,"McWethy, D.B., Wilmshurst, J.M., Whitlock, C., Wood, J.R., McGlone, M.S., 2014. A high-resolution chronology of rapid forest transitions following Polynesian arrival in New Zealand. PLOS ONE 9, e111328.","A high-resolution chronology of rapid forest transitions following Polynesian arrival in New Zealand","PLOS ONE 9, e111328",NA,NA,NA,NA,"10.1371/journal.pone.0111328",NA,NA,NA,NA,NA,NA,NA,NA,NA,NA,NA,NA,NA,"RPDv1b:1740",862,"McWethy, D.B.",1,"McWethy","D.B.",NA,NA,NA,NA,NA,NA,NA,NA,NA,"RPDv1b:1740",862,"RPDv1b",1740,14045,0.99,0.99,"cm",0.01,"AMS","undifferentiated plant macrofossil",575,15,NA,NA,"KCCAMS-102187",TRUE,NA,"NA Date is in uncalibrated radiocarbon years.","Lake Kirkpatrick core_SIEVED","counted","125-NaN",NA,NA,"",575,560,590,575,0.99,0.01,"NA Date is in uncalibrated radiocarbon years.",". Cal curve: NA. Source DB: RPDv1b","Lacustrine","Carbon-14","Radiocarbon",-53,1485,"Calibrated radiocarbon years BP","sedimentary charcoal","Data Sourcing: RPDv1b","Sample Age Source: RPDv1b"
"862",16,"charcoal | >125um num",NA,8.5,NA,NA,44,NA,NA,"RPDv1b","Charcoal (sum)",">125 µm",125,NA,"False","True","number","Macroscopic charcoal (sieved)","direct",NA,"CHAR",11,NA,NA,"quant_raw",5,"volume","cm^3","RPDv1b",1740,"charcoal","count","macrochar","wet_sieve","particle",">125um num",NA,">125um","num","RPDv1b","measured",1,"RPDv1b",NA,"Lake Kirkpatrick core",-45.02706,168.57374,570,"south",NA,NA,"sedlac",862,1,2014,"McWethy, D.B., Wilmshurst, J.M., Whitlock, C., Wood, J.R., McGlone, M.S., 2014. A high-resolution chronology of rapid forest transitions following Polynesian arrival in New Zealand. PLOS ONE 9, e111328.","A high-resolution chronology of rapid forest transitions following Polynesian arrival in New Zealand","PLOS ONE 9, e111328",NA,NA,NA,NA,"10.1371/journal.pone.0111328",NA,NA,NA,NA,NA,NA,NA,NA,NA,NA,NA,NA,NA,"RPDv1b:1740",862,"McWethy, D.B.",1,"McWethy","D.B.",NA,NA,NA,NA,NA,NA,NA,NA,NA,"RPDv1b:1740",862,"RPDv1b",1740,14045,0.99,0.99,"cm",0.01,"AMS","undifferentiated plant macrofossil",575,15,NA,NA,"KCCAMS-102187",TRUE,NA,"NA Date is in uncalibrated radiocarbon years.","Lake Kirkpatrick core_SIEVED","counted","125-NaN",NA,NA,"",575,560,590,575,0.99,0.01,"NA Date is in uncalibrated radiocarbon years.",". Cal curve: NA. Source DB: RPDv1b","Lacustrine","Carbon-14","Radiocarbon",-53,1485,"Calibrated radiocarbon years BP","sedimentary charcoal","Data Sourcing: RPDv1b","Sample Age Source: RPDv1b"
"862",17,"charcoal | >125um num",NA,9,NA,NA,50,NA,NA,"RPDv1b","Charcoal (sum)",">125 µm",125,NA,"False","True","number","Macroscopic charcoal (sieved)","direct",NA,"CHAR",12,NA,NA,"quant_raw",5,"volume","cm^3","RPDv1b",1740,"charcoal","count","macrochar","wet_sieve","particle",">125um num",NA,">125um","num","RPDv1b","measured",1,"RPDv1b",NA,"Lake Kirkpatrick core",-45.02706,168.57374,570,"south",NA,NA,"sedlac",862,1,2014,"McWethy, D.B., Wilmshurst, J.M., Whitlock, C., Wood, J.R., McGlone, M.S., 2014. A high-resolution chronology of rapid forest transitions following Polynesian arrival in New Zealand. PLOS ONE 9, e111328.","A high-resolution chronology of rapid forest transitions following Polynesian arrival in New Zealand","PLOS ONE 9, e111328",NA,NA,NA,NA,"10.1371/journal.pone.0111328",NA,NA,NA,NA,NA,NA,NA,NA,NA,NA,NA,NA,NA,"RPDv1b:1740",862,"McWethy, D.B.",1,"McWethy","D.B.",NA,NA,NA,NA,NA,NA,NA,NA,NA,"RPDv1b:1740",862,"RPDv1b",1740,14045,0.99,0.99,"cm",0.01,"AMS","undifferentiated plant macrofossil",575,15,NA,NA,"KCCAMS-102187",TRUE,NA,"NA Date is in uncalibrated radiocarbon years.","Lake Kirkpatrick core_SIEVED","counted","125-NaN",NA,NA,"",575,560,590,575,0.99,0.01,"NA Date is in uncalibrated radiocarbon years.",". Cal curve: NA. Source DB: RPDv1b","Lacustrine","Carbon-14","Radiocarbon",-53,1485,"Calibrated radiocarbon years BP","sedimentary charcoal","Data Sourcing: RPDv1b","Sample Age Source: RPDv1b"
"862",18,"charcoal | >125um num",NA,9.5,NA,NA,56,NA,NA,"RPDv1b","Charcoal (sum)",">125 µm",125,NA,"False","True","number","Macroscopic charcoal (sieved)","direct",NA,"CHAR",39,NA,NA,"quant_raw",5,"volume","cm^3","RPDv1b",1740,"charcoal","count","macrochar","wet_sieve","particle",">125um num",NA,">125um","num","RPDv1b","measured",1,"RPDv1b",NA,"Lake Kirkpatrick core",-45.02706,168.57374,570,"south",NA,NA,"sedlac",862,1,2014,"McWethy, D.B., Wilmshurst, J.M., Whitlock, C., Wood, J.R., McGlone, M.S., 2014. A high-resolution chronology of rapid forest transitions following Polynesian arrival in New Zealand. PLOS ONE 9, e111328.","A high-resolution chronology of rapid forest transitions following Polynesian arrival in New Zealand","PLOS ONE 9, e111328",NA,NA,NA,NA,"10.1371/journal.pone.0111328",NA,NA,NA,NA,NA,NA,NA,NA,NA,NA,NA,NA,NA,"RPDv1b:1740",862,"McWethy, D.B.",1,"McWethy","D.B.",NA,NA,NA,NA,NA,NA,NA,NA,NA,"RPDv1b:1740",862,"RPDv1b",1740,14045,0.99,0.99,"cm",0.01,"AMS","undifferentiated plant macrofossil",575,15,NA,NA,"KCCAMS-102187",TRUE,NA,"NA Date is in uncalibrated radiocarbon years.","Lake Kirkpatrick core_SIEVED","counted","125-NaN",NA,NA,"",575,560,590,575,0.99,0.01,"NA Date is in uncalibrated radiocarbon years.",". Cal curve: NA. Source DB: RPDv1b","Lacustrine","Carbon-14","Radiocarbon",-53,1485,"Calibrated radiocarbon years BP","sedimentary charcoal","Data Sourcing: RPDv1b","Sample Age Source: RPDv1b"
"862",19,"charcoal | >125um num",NA,10,NA,NA,62,NA,NA,"RPDv1b","Charcoal (sum)",">125 µm",125,NA,"False","True","number","Macroscopic charcoal (sieved)","direct",NA,"CHAR",26,NA,NA,"quant_raw",5,"volume","cm^3","RPDv1b",1740,"charcoal","count","macrochar","wet_sieve","particle",">125um num",NA,">125um","num","RPDv1b","measured",1,"RPDv1b",NA,"Lake Kirkpatrick core",-45.02706,168.57374,570,"south",NA,NA,"sedlac",862,1,2014,"McWethy, D.B., Wilmshurst, J.M., Whitlock, C., Wood, J.R., McGlone, M.S., 2014. A high-resolution chronology of rapid forest transitions following Polynesian arrival in New Zealand. PLOS ONE 9, e111328.","A high-resolution chronology of rapid forest transitions following Polynesian arrival in New Zealand","PLOS ONE 9, e111328",NA,NA,NA,NA,"10.1371/journal.pone.0111328",NA,NA,NA,NA,NA,NA,NA,NA,NA,NA,NA,NA,NA,"RPDv1b:1740",862,"McWethy, D.B.",1,"McWethy","D.B.",NA,NA,NA,NA,NA,NA,NA,NA,NA,"RPDv1b:1740",862,"RPDv1b",1740,14045,0.99,0.99,"cm",0.01,"AMS","undifferentiated plant macrofossil",575,15,NA,NA,"KCCAMS-102187",TRUE,NA,"NA Date is in uncalibrated radiocarbon years.","Lake Kirkpatrick core_SIEVED","counted","125-NaN",NA,NA,"",575,560,590,575,0.99,0.01,"NA Date is in uncalibrated radiocarbon years.",". Cal curve: NA. Source DB: RPDv1b","Lacustrine","Carbon-14","Radiocarbon",-53,1485,"Calibrated radiocarbon years BP","sedimentary charcoal","Data Sourcing: RPDv1b","Sample Age Source: RPDv1b"
"862",20,"charcoal | >125um num",NA,10.5,NA,NA,68,NA,NA,"RPDv1b","Charcoal (sum)",">125 µm",125,NA,"False","True","number","Macroscopic charcoal (sieved)","direct",NA,"CHAR",8,NA,NA,"quant_raw",5,"volume","cm^3","RPDv1b",1740,"charcoal","count","macrochar","wet_sieve","particle",">125um num",NA,">125um","num","RPDv1b","measured",1,"RPDv1b",NA,"Lake Kirkpatrick core",-45.02706,168.57374,570,"south",NA,NA,"sedlac",862,1,2014,"McWethy, D.B., Wilmshurst, J.M., Whitlock, C., Wood, J.R., McGlone, M.S., 2014. A high-resolution chronology of rapid forest transitions following Polynesian arrival in New Zealand. PLOS ONE 9, e111328.","A high-resolution chronology of rapid forest transitions following Polynesian arrival in New Zealand","PLOS ONE 9, e111328",NA,NA,NA,NA,"10.1371/journal.pone.0111328",NA,NA,NA,NA,NA,NA,NA,NA,NA,NA,NA,NA,NA,"RPDv1b:1740",862,"McWethy, D.B.",1,"McWethy","D.B.",NA,NA,NA,NA,NA,NA,NA,NA,NA,"RPDv1b:1740",862,"RPDv1b",1740,14045,0.99,0.99,"cm",0.01,"AMS","undifferentiated plant macrofossil",575,15,NA,NA,"KCCAMS-102187",TRUE,NA,"NA Date is in uncalibrated radiocarbon years.","Lake Kirkpatrick core_SIEVED","counted","125-NaN",NA,NA,"",575,560,590,575,0.99,0.01,"NA Date is in uncalibrated radiocarbon years.",". Cal curve: NA. Source DB: RPDv1b","Lacustrine","Carbon-14","Radiocarbon",-53,1485,"Calibrated radiocarbon years BP","sedimentary charcoal","Data Sourcing: RPDv1b","Sample Age Source: RPDv1b"
"862",21,"charcoal | >125um num",NA,11,NA,NA,74,NA,NA,"RPDv1b","Charcoal (sum)",">125 µm",125,NA,"False","True","number","Macroscopic charcoal (sieved)","direct",NA,"CHAR",20,NA,NA,"quant_raw",5,"volume","cm^3","RPDv1b",1740,"charcoal","count","macrochar","wet_sieve","particle",">125um num",NA,">125um","num","RPDv1b","measured",1,"RPDv1b",NA,"Lake Kirkpatrick core",-45.02706,168.57374,570,"south",NA,NA,"sedlac",862,1,2014,"McWethy, D.B., Wilmshurst, J.M., Whitlock, C., Wood, J.R., McGlone, M.S., 2014. A high-resolution chronology of rapid forest transitions following Polynesian arrival in New Zealand. PLOS ONE 9, e111328.","A high-resolution chronology of rapid forest transitions following Polynesian arrival in New Zealand","PLOS ONE 9, e111328",NA,NA,NA,NA,"10.1371/journal.pone.0111328",NA,NA,NA,NA,NA,NA,NA,NA,NA,NA,NA,NA,NA,"RPDv1b:1740",862,"McWethy, D.B.",1,"McWethy","D.B.",NA,NA,NA,NA,NA,NA,NA,NA,NA,"RPDv1b:1740",862,"RPDv1b",1740,14045,0.99,0.99,"cm",0.01,"AMS","undifferentiated plant macrofossil",575,15,NA,NA,"KCCAMS-102187",TRUE,NA,"NA Date is in uncalibrated radiocarbon years.","Lake Kirkpatrick core_SIEVED","counted","125-NaN",NA,NA,"",575,560,590,575,0.99,0.01,"NA Date is in uncalibrated radiocarbon years.",". Cal curve: NA. Source DB: RPDv1b","Lacustrine","Carbon-14","Radiocarbon",-53,1485,"Calibrated radiocarbon years BP","sedimentary charcoal","Data Sourcing: RPDv1b","Sample Age Source: RPDv1b"
"862",22,"charcoal | >125um num",NA,11.5,NA,NA,80,NA,NA,"RPDv1b","Charcoal (sum)",">125 µm",125,NA,"False","True","number","Macroscopic charcoal (sieved)","direct",NA,"CHAR",35,NA,NA,"quant_raw",5,"volume","cm^3","RPDv1b",1740,"charcoal","count","macrochar","wet_sieve","particle",">125um num",NA,">125um","num","RPDv1b","measured",1,"RPDv1b",NA,"Lake Kirkpatrick core",-45.02706,168.57374,570,"south",NA,NA,"sedlac",862,1,2014,"McWethy, D.B., Wilmshurst, J.M., Whitlock, C., Wood, J.R., McGlone, M.S., 2014. A high-resolution chronology of rapid forest transitions following Polynesian arrival in New Zealand. PLOS ONE 9, e111328.","A high-resolution chronology of rapid forest transitions following Polynesian arrival in New Zealand","PLOS ONE 9, e111328",NA,NA,NA,NA,"10.1371/journal.pone.0111328",NA,NA,NA,NA,NA,NA,NA,NA,NA,NA,NA,NA,NA,"RPDv1b:1740",862,"McWethy, D.B.",1,"McWethy","D.B.",NA,NA,NA,NA,NA,NA,NA,NA,NA,"RPDv1b:1740",862,"RPDv1b",1740,14045,0.99,0.99,"cm",0.01,"AMS","undifferentiated plant macrofossil",575,15,NA,NA,"KCCAMS-102187",TRUE,NA,"NA Date is in uncalibrated radiocarbon years.","Lake Kirkpatrick core_SIEVED","counted","125-NaN",NA,NA,"",575,560,590,575,0.99,0.01,"NA Date is in uncalibrated radiocarbon years.",". Cal curve: NA. Source DB: RPDv1b","Lacustrine","Carbon-14","Radiocarbon",-53,1485,"Calibrated radiocarbon years BP","sedimentary charcoal","Data Sourcing: RPDv1b","Sample Age Source: RPDv1b"
"862",23,"charcoal | >125um num",NA,12,NA,NA,86,NA,NA,"RPDv1b","Charcoal (sum)",">125 µm",125,NA,"False","True","number","Macroscopic charcoal (sieved)","direct",NA,"CHAR",15,NA,NA,"quant_raw",5,"volume","cm^3","RPDv1b",1740,"charcoal","count","macrochar","wet_sieve","particle",">125um num",NA,">125um","num","RPDv1b","measured",1,"RPDv1b",NA,"Lake Kirkpatrick core",-45.02706,168.57374,570,"south",NA,NA,"sedlac",862,1,2014,"McWethy, D.B., Wilmshurst, J.M., Whitlock, C., Wood, J.R., McGlone, M.S., 2014. A high-resolution chronology of rapid forest transitions following Polynesian arrival in New Zealand. PLOS ONE 9, e111328.","A high-resolution chronology of rapid forest transitions following Polynesian arrival in New Zealand","PLOS ONE 9, e111328",NA,NA,NA,NA,"10.1371/journal.pone.0111328",NA,NA,NA,NA,NA,NA,NA,NA,NA,NA,NA,NA,NA,"RPDv1b:1740",862,"McWethy, D.B.",1,"McWethy","D.B.",NA,NA,NA,NA,NA,NA,NA,NA,NA,"RPDv1b:1740",862,"RPDv1b",1740,14045,0.99,0.99,"cm",0.01,"AMS","undifferentiated plant macrofossil",575,15,NA,NA,"KCCAMS-102187",TRUE,NA,"NA Date is in uncalibrated radiocarbon years.","Lake Kirkpatrick core_SIEVED","counted","125-NaN",NA,NA,"",575,560,590,575,0.99,0.01,"NA Date is in uncalibrated radiocarbon years.",". Cal curve: NA. Source DB: RPDv1b","Lacustrine","Carbon-14","Radiocarbon",-53,1485,"Calibrated radiocarbon years BP","sedimentary charcoal","Data Sourcing: RPDv1b","Sample Age Source: RPDv1b"
"862",24,"charcoal | >125um num",NA,12.5,NA,NA,92,NA,NA,"RPDv1b","Charcoal (sum)",">125 µm",125,NA,"False","True","number","Macroscopic charcoal (sieved)","direct",NA,"CHAR",12,NA,NA,"quant_raw",5,"volume","cm^3","RPDv1b",1740,"charcoal","count","macrochar","wet_sieve","particle",">125um num",NA,">125um","num","RPDv1b","measured",1,"RPDv1b",NA,"Lake Kirkpatrick core",-45.02706,168.57374,570,"south",NA,NA,"sedlac",862,1,2014,"McWethy, D.B., Wilmshurst, J.M., Whitlock, C., Wood, J.R., McGlone, M.S., 2014. A high-resolution chronology of rapid forest transitions following Polynesian arrival in New Zealand. PLOS ONE 9, e111328.","A high-resolution chronology of rapid forest transitions following Polynesian arrival in New Zealand","PLOS ONE 9, e111328",NA,NA,NA,NA,"10.1371/journal.pone.0111328",NA,NA,NA,NA,NA,NA,NA,NA,NA,NA,NA,NA,NA,"RPDv1b:1740",862,"McWethy, D.B.",1,"McWethy","D.B.",NA,NA,NA,NA,NA,NA,NA,NA,NA,"RPDv1b:1740",862,"RPDv1b",1740,14045,0.99,0.99,"cm",0.01,"AMS","undifferentiated plant macrofossil",575,15,NA,NA,"KCCAMS-102187",TRUE,NA,"NA Date is in uncalibrated radiocarbon years.","Lake Kirkpatrick core_SIEVED","counted","125-NaN",NA,NA,"",575,560,590,575,0.99,0.01,"NA Date is in uncalibrated radiocarbon years.",". Cal curve: NA. Source DB: RPDv1b","Lacustrine","Carbon-14","Radiocarbon",-53,1485,"Calibrated radiocarbon years BP","sedimentary charcoal","Data Sourcing: RPDv1b","Sample Age Source: RPDv1b"
"862",25,"charcoal | >125um num",NA,13,NA,NA,98,NA,NA,"RPDv1b","Charcoal (sum)",">125 µm",125,NA,"False","True","number","Macroscopic charcoal (sieved)","direct",NA,"CHAR",11,NA,NA,"quant_raw",5,"volume","cm^3","RPDv1b",1740,"charcoal","count","macrochar","wet_sieve","particle",">125um num",NA,">125um","num","RPDv1b","measured",1,"RPDv1b",NA,"Lake Kirkpatrick core",-45.02706,168.57374,570,"south",NA,NA,"sedlac",862,1,2014,"McWethy, D.B., Wilmshurst, J.M., Whitlock, C., Wood, J.R., McGlone, M.S., 2014. A high-resolution chronology of rapid forest transitions following Polynesian arrival in New Zealand. PLOS ONE 9, e111328.","A high-resolution chronology of rapid forest transitions following Polynesian arrival in New Zealand","PLOS ONE 9, e111328",NA,NA,NA,NA,"10.1371/journal.pone.0111328",NA,NA,NA,NA,NA,NA,NA,NA,NA,NA,NA,NA,NA,"RPDv1b:1740",862,"McWethy, D.B.",1,"McWethy","D.B.",NA,NA,NA,NA,NA,NA,NA,NA,NA,"RPDv1b:1740",862,"RPDv1b",1740,14045,0.99,0.99,"cm",0.01,"AMS","undifferentiated plant macrofossil",575,15,NA,NA,"KCCAMS-102187",TRUE,NA,"NA Date is in uncalibrated radiocarbon years.","Lake Kirkpatrick core_SIEVED","counted","125-NaN",NA,NA,"",575,560,590,575,0.99,0.01,"NA Date is in uncalibrated radiocarbon years.",". Cal curve: NA. Source DB: RPDv1b","Lacustrine","Carbon-14","Radiocarbon",-53,1485,"Calibrated radiocarbon years BP","sedimentary charcoal","Data Sourcing: RPDv1b","Sample Age Source: RPDv1b"
"862",26,"charcoal | >125um num",NA,13.5,NA,NA,104,NA,NA,"RPDv1b","Charcoal (sum)",">125 µm",125,NA,"False","True","number","Macroscopic charcoal (sieved)","direct",NA,"CHAR",11,NA,NA,"quant_raw",5,"volume","cm^3","RPDv1b",1740,"charcoal","count","macrochar","wet_sieve","particle",">125um num",NA,">125um","num","RPDv1b","measured",1,"RPDv1b",NA,"Lake Kirkpatrick core",-45.02706,168.57374,570,"south",NA,NA,"sedlac",862,1,2014,"McWethy, D.B., Wilmshurst, J.M., Whitlock, C., Wood, J.R., McGlone, M.S., 2014. A high-resolution chronology of rapid forest transitions following Polynesian arrival in New Zealand. PLOS ONE 9, e111328.","A high-resolution chronology of rapid forest transitions following Polynesian arrival in New Zealand","PLOS ONE 9, e111328",NA,NA,NA,NA,"10.1371/journal.pone.0111328",NA,NA,NA,NA,NA,NA,NA,NA,NA,NA,NA,NA,NA,"RPDv1b:1740",862,"McWethy, D.B.",1,"McWethy","D.B.",NA,NA,NA,NA,NA,NA,NA,NA,NA,"RPDv1b:1740",862,"RPDv1b",1740,14046,1.04,1.04,"cm",0.01,"AMS","charcoal",650,30,NA,NA,"KCCAMS-102188",TRUE,NA,"NA Date is in uncalibrated radiocarbon years.","Lake Kirkpatrick core_SIEVED","counted","125-NaN",NA,NA,"",650,620,680,650,1.04,0.01,"NA Date is in uncalibrated radiocarbon years.",". Cal curve: NA. Source DB: RPDv1b","Lacustrine","Carbon-14","Radiocarbon",-53,1485,"Calibrated radiocarbon years BP","sedimentary charcoal","Data Sourcing: RPDv1b","Sample Age Source: RPDv1b"
"862",27,"charcoal | >125um num",NA,14,NA,NA,110,NA,NA,"RPDv1b","Charcoal (sum)",">125 µm",125,NA,"False","True","number","Macroscopic charcoal (sieved)","direct",NA,"CHAR",9,NA,NA,"quant_raw",5,"volume","cm^3","RPDv1b",1740,"charcoal","count","macrochar","wet_sieve","particle",">125um num",NA,">125um","num","RPDv1b","measured",1,"RPDv1b",NA,"Lake Kirkpatrick core",-45.02706,168.57374,570,"south",NA,NA,"sedlac",862,1,2014,"McWethy, D.B., Wilmshurst, J.M., Whitlock, C., Wood, J.R., McGlone, M.S., 2014. A high-resolution chronology of rapid forest transitions following Polynesian arrival in New Zealand. PLOS ONE 9, e111328.","A high-resolution chronology of rapid forest transitions following Polynesian arrival in New Zealand","PLOS ONE 9, e111328",NA,NA,NA,NA,"10.1371/journal.pone.0111328",NA,NA,NA,NA,NA,NA,NA,NA,NA,NA,NA,NA,NA,"RPDv1b:1740",862,"McWethy, D.B.",1,"McWethy","D.B.",NA,NA,NA,NA,NA,NA,NA,NA,NA,"RPDv1b:1740",862,"RPDv1b",1740,14046,1.04,1.04,"cm",0.01,"AMS","charcoal",650,30,NA,NA,"KCCAMS-102188",TRUE,NA,"NA Date is in uncalibrated radiocarbon years.","Lake Kirkpatrick core_SIEVED","counted","125-NaN",NA,NA,"",650,620,680,650,1.04,0.01,"NA Date is in uncalibrated radiocarbon years.",". Cal curve: NA. Source DB: RPDv1b","Lacustrine","Carbon-14","Radiocarbon",-53,1485,"Calibrated radiocarbon years BP","sedimentary charcoal","Data Sourcing: RPDv1b","Sample Age Source: RPDv1b"
"862",28,"charcoal | >125um num",NA,14.5,NA,NA,116,NA,NA,"RPDv1b","Charcoal (sum)",">125 µm",125,NA,"False","True","number","Macroscopic charcoal (sieved)","direct",NA,"CHAR",1,NA,NA,"quant_raw",5,"volume","cm^3","RPDv1b",1740,"charcoal","count","macrochar","wet_sieve","particle",">125um num",NA,">125um","num","RPDv1b","measured",1,"RPDv1b",NA,"Lake Kirkpatrick core",-45.02706,168.57374,570,"south",NA,NA,"sedlac",862,1,2014,"McWethy, D.B., Wilmshurst, J.M., Whitlock, C., Wood, J.R., McGlone, M.S., 2014. A high-resolution chronology of rapid forest transitions following Polynesian arrival in New Zealand. PLOS ONE 9, e111328.","A high-resolution chronology of rapid forest transitions following Polynesian arrival in New Zealand","PLOS ONE 9, e111328",NA,NA,NA,NA,"10.1371/journal.pone.0111328",NA,NA,NA,NA,NA,NA,NA,NA,NA,NA,NA,NA,NA,"RPDv1b:1740",862,"McWethy, D.B.",1,"McWethy","D.B.",NA,NA,NA,NA,NA,NA,NA,NA,NA,"RPDv1b:1740",862,"RPDv1b",1740,14046,1.04,1.04,"cm",0.01,"AMS","charcoal",650,30,NA,NA,"KCCAMS-102188",TRUE,NA,"NA Date is in uncalibrated radiocarbon years.","Lake Kirkpatrick core_SIEVED","counted","125-NaN",NA,NA,"",650,620,680,650,1.04,0.01,"NA Date is in uncalibrated radiocarbon years.",". Cal curve: NA. Source DB: RPDv1b","Lacustrine","Carbon-14","Radiocarbon",-53,1485,"Calibrated radiocarbon years BP","sedimentary charcoal","Data Sourcing: RPDv1b","Sample Age Source: RPDv1b"
"862",29,"charcoal | >125um num",NA,15,NA,NA,122,NA,NA,"RPDv1b","Charcoal (sum)",">125 µm",125,NA,"False","True","number","Macroscopic charcoal (sieved)","direct",NA,"CHAR",85,NA,NA,"quant_raw",5,"volume","cm^3","RPDv1b",1740,"charcoal","count","macrochar","wet_sieve","particle",">125um num",NA,">125um","num","RPDv1b","measured",1,"RPDv1b",NA,"Lake Kirkpatrick core",-45.02706,168.57374,570,"south",NA,NA,"sedlac",862,1,2014,"McWethy, D.B., Wilmshurst, J.M., Whitlock, C., Wood, J.R., McGlone, M.S., 2014. A high-resolution chronology of rapid forest transitions following Polynesian arrival in New Zealand. PLOS ONE 9, e111328.","A high-resolution chronology of rapid forest transitions following Polynesian arrival in New Zealand","PLOS ONE 9, e111328",NA,NA,NA,NA,"10.1371/journal.pone.0111328",NA,NA,NA,NA,NA,NA,NA,NA,NA,NA,NA,NA,NA,"RPDv1b:1740",862,"McWethy, D.B.",1,"McWethy","D.B.",NA,NA,NA,NA,NA,NA,NA,NA,NA,"RPDv1b:1740",862,"RPDv1b",1740,14046,1.04,1.04,"cm",0.01,"AMS","charcoal",650,30,NA,NA,"KCCAMS-102188",TRUE,NA,"NA Date is in uncalibrated radiocarbon years.","Lake Kirkpatrick core_SIEVED","counted","125-NaN",NA,NA,"",650,620,680,650,1.04,0.01,"NA Date is in uncalibrated radiocarbon years.",". Cal curve: NA. Source DB: RPDv1b","Lacustrine","Carbon-14","Radiocarbon",-53,1485,"Calibrated radiocarbon years BP","sedimentary charcoal","Data Sourcing: RPDv1b","Sample Age Source: RPDv1b"
"862",30,"charcoal | >125um num",NA,15.5,NA,NA,128,NA,NA,"RPDv1b","Charcoal (sum)",">125 µm",125,NA,"False","True","number","Macroscopic charcoal (sieved)","direct",NA,"CHAR",81,NA,NA,"quant_raw",5,"volume","cm^3","RPDv1b",1740,"charcoal","count","macrochar","wet_sieve","particle",">125um num",NA,">125um","num","RPDv1b","measured",1,"RPDv1b",NA,"Lake Kirkpatrick core",-45.02706,168.57374,570,"south",NA,NA,"sedlac",862,1,2014,"McWethy, D.B., Wilmshurst, J.M., Whitlock, C., Wood, J.R., McGlone, M.S., 2014. A high-resolution chronology of rapid forest transitions following Polynesian arrival in New Zealand. PLOS ONE 9, e111328.","A high-resolution chronology of rapid forest transitions following Polynesian arrival in New Zealand","PLOS ONE 9, e111328",NA,NA,NA,NA,"10.1371/journal.pone.0111328",NA,NA,NA,NA,NA,NA,NA,NA,NA,NA,NA,NA,NA,"RPDv1b:1740",862,"McWethy, D.B.",1,"McWethy","D.B.",NA,NA,NA,NA,NA,NA,NA,NA,NA,"RPDv1b:1740",862,"RPDv1b",1740,14046,1.04,1.04,"cm",0.01,"AMS","charcoal",650,30,NA,NA,"KCCAMS-102188",TRUE,NA,"NA Date is in uncalibrated radiocarbon years.","Lake Kirkpatrick core_SIEVED","counted","125-NaN",NA,NA,"",650,620,680,650,1.04,0.01,"NA Date is in uncalibrated radiocarbon years.",". Cal curve: NA. Source DB: RPDv1b","Lacustrine","Carbon-14","Radiocarbon",-53,1485,"Calibrated radiocarbon years BP","sedimentary charcoal","Data Sourcing: RPDv1b","Sample Age Source: RPDv1b"
"862",31,"charcoal | >125um num",NA,16,NA,NA,134,NA,NA,"RPDv1b","Charcoal (sum)",">125 µm",125,NA,"False","True","number","Macroscopic charcoal (sieved)","direct",NA,"CHAR",38,NA,NA,"quant_raw",5,"volume","cm^3","RPDv1b",1740,"charcoal","count","macrochar","wet_sieve","particle",">125um num",NA,">125um","num","RPDv1b","measured",1,"RPDv1b",NA,"Lake Kirkpatrick core",-45.02706,168.57374,570,"south",NA,NA,"sedlac",862,1,2014,"McWethy, D.B., Wilmshurst, J.M., Whitlock, C., Wood, J.R., McGlone, M.S., 2014. A high-resolution chronology of rapid forest transitions following Polynesian arrival in New Zealand. PLOS ONE 9, e111328.","A high-resolution chronology of rapid forest transitions following Polynesian arrival in New Zealand","PLOS ONE 9, e111328",NA,NA,NA,NA,"10.1371/journal.pone.0111328",NA,NA,NA,NA,NA,NA,NA,NA,NA,NA,NA,NA,NA,"RPDv1b:1740",862,"McWethy, D.B.",1,"McWethy","D.B.",NA,NA,NA,NA,NA,NA,NA,NA,NA,"RPDv1b:1740",862,"RPDv1b",1740,14046,1.04,1.04,"cm",0.01,"AMS","charcoal",650,30,NA,NA,"KCCAMS-102188",TRUE,NA,"NA Date is in uncalibrated radiocarbon years.","Lake Kirkpatrick core_SIEVED","counted","125-NaN",NA,NA,"",650,620,680,650,1.04,0.01,"NA Date is in uncalibrated radiocarbon years.",". Cal curve: NA. Source DB: RPDv1b","Lacustrine","Carbon-14","Radiocarbon",-53,1485,"Calibrated radiocarbon years BP","sedimentary charcoal","Data Sourcing: RPDv1b","Sample Age Source: RPDv1b"
"862",32,"charcoal | >125um num",NA,16.5,NA,NA,140,NA,NA,"RPDv1b","Charcoal (sum)",">125 µm",125,NA,"False","True","number","Macroscopic charcoal (sieved)","direct",NA,"CHAR",31,NA,NA,"quant_raw",5,"volume","cm^3","RPDv1b",1740,"charcoal","count","macrochar","wet_sieve","particle",">125um num",NA,">125um","num","RPDv1b","measured",1,"RPDv1b",NA,"Lake Kirkpatrick core",-45.02706,168.57374,570,"south",NA,NA,"sedlac",862,1,2014,"McWethy, D.B., Wilmshurst, J.M., Whitlock, C., Wood, J.R., McGlone, M.S., 2014. A high-resolution chronology of rapid forest transitions following Polynesian arrival in New Zealand. PLOS ONE 9, e111328.","A high-resolution chronology of rapid forest transitions following Polynesian arrival in New Zealand","PLOS ONE 9, e111328",NA,NA,NA,NA,"10.1371/journal.pone.0111328",NA,NA,NA,NA,NA,NA,NA,NA,NA,NA,NA,NA,NA,"RPDv1b:1740",862,"McWethy, D.B.",1,"McWethy","D.B.",NA,NA,NA,NA,NA,NA,NA,NA,NA,"RPDv1b:1740",862,"RPDv1b",1740,14046,1.04,1.04,"cm",0.01,"AMS","charcoal",650,30,NA,NA,"KCCAMS-102188",TRUE,NA,"NA Date is in uncalibrated radiocarbon years.","Lake Kirkpatrick core_SIEVED","counted","125-NaN",NA,NA,"",650,620,680,650,1.04,0.01,"NA Date is in uncalibrated radiocarbon years.",". Cal curve: NA. Source DB: RPDv1b","Lacustrine","Carbon-14","Radiocarbon",-53,1485,"Calibrated radiocarbon years BP","sedimentary charcoal","Data Sourcing: RPDv1b","Sample Age Source: RPDv1b"
"862",33,"charcoal | >125um num",NA,17,NA,NA,146,NA,NA,"RPDv1b","Charcoal (sum)",">125 µm",125,NA,"False","True","number","Macroscopic charcoal (sieved)","direct",NA,"CHAR",20,NA,NA,"quant_raw",5,"volume","cm^3","RPDv1b",1740,"charcoal","count","macrochar","wet_sieve","particle",">125um num",NA,">125um","num","RPDv1b","measured",1,"RPDv1b",NA,"Lake Kirkpatrick core",-45.02706,168.57374,570,"south",NA,NA,"sedlac",862,1,2014,"McWethy, D.B., Wilmshurst, J.M., Whitlock, C., Wood, J.R., McGlone, M.S., 2014. A high-resolution chronology of rapid forest transitions following Polynesian arrival in New Zealand. PLOS ONE 9, e111328.","A high-resolution chronology of rapid forest transitions following Polynesian arrival in New Zealand","PLOS ONE 9, e111328",NA,NA,NA,NA,"10.1371/journal.pone.0111328",NA,NA,NA,NA,NA,NA,NA,NA,NA,NA,NA,NA,NA,"RPDv1b:1740",862,"McWethy, D.B.",1,"McWethy","D.B.",NA,NA,NA,NA,NA,NA,NA,NA,NA,"RPDv1b:1740",862,"RPDv1b",1740,14046,1.04,1.04,"cm",0.01,"AMS","charcoal",650,30,NA,NA,"KCCAMS-102188",TRUE,NA,"NA Date is in uncalibrated radiocarbon years.","Lake Kirkpatrick core_SIEVED","counted","125-NaN",NA,NA,"",650,620,680,650,1.04,0.01,"NA Date is in uncalibrated radiocarbon years.",". Cal curve: NA. Source DB: RPDv1b","Lacustrine","Carbon-14","Radiocarbon",-53,1485,"Calibrated radiocarbon years BP","sedimentary charcoal","Data Sourcing: RPDv1b","Sample Age Source: RPDv1b"
"862",34,"charcoal | >125um num",NA,17.5,NA,NA,152,NA,NA,"RPDv1b","Charcoal (sum)",">125 µm",125,NA,"False","True","number","Macroscopic charcoal (sieved)","direct",NA,"CHAR",60,NA,NA,"quant_raw",5,"volume","cm^3","RPDv1b",1740,"charcoal","count","macrochar","wet_sieve","particle",">125um num",NA,">125um","num","RPDv1b","measured",1,"RPDv1b",NA,"Lake Kirkpatrick core",-45.02706,168.57374,570,"south",NA,NA,"sedlac",862,1,2014,"McWethy, D.B., Wilmshurst, J.M., Whitlock, C., Wood, J.R., McGlone, M.S., 2014. A high-resolution chronology of rapid forest transitions following Polynesian arrival in New Zealand. PLOS ONE 9, e111328.","A high-resolution chronology of rapid forest transitions following Polynesian arrival in New Zealand","PLOS ONE 9, e111328",NA,NA,NA,NA,"10.1371/journal.pone.0111328",NA,NA,NA,NA,NA,NA,NA,NA,NA,NA,NA,NA,NA,"RPDv1b:1740",862,"McWethy, D.B.",1,"McWethy","D.B.",NA,NA,NA,NA,NA,NA,NA,NA,NA,"RPDv1b:1740",862,"RPDv1b",1740,14046,1.04,1.04,"cm",0.01,"AMS","charcoal",650,30,NA,NA,"KCCAMS-102188",TRUE,NA,"NA Date is in uncalibrated radiocarbon years.","Lake Kirkpatrick core_SIEVED","counted","125-NaN",NA,NA,"",650,620,680,650,1.04,0.01,"NA Date is in uncalibrated radiocarbon years.",". Cal curve: NA. Source DB: RPDv1b","Lacustrine","Carbon-14","Radiocarbon",-53,1485,"Calibrated radiocarbon years BP","sedimentary charcoal","Data Sourcing: RPDv1b","Sample Age Source: RPDv1b"
"862",35,"charcoal | >125um num",NA,18,NA,NA,158,NA,NA,"RPDv1b","Charcoal (sum)",">125 µm",125,NA,"False","True","number","Macroscopic charcoal (sieved)","direct",NA,"CHAR",30,NA,NA,"quant_raw",5,"volume","cm^3","RPDv1b",1740,"charcoal","count","macrochar","wet_sieve","particle",">125um num",NA,">125um","num","RPDv1b","measured",1,"RPDv1b",NA,"Lake Kirkpatrick core",-45.02706,168.57374,570,"south",NA,NA,"sedlac",862,1,2014,"McWethy, D.B., Wilmshurst, J.M., Whitlock, C., Wood, J.R., McGlone, M.S., 2014. A high-resolution chronology of rapid forest transitions following Polynesian arrival in New Zealand. PLOS ONE 9, e111328.","A high-resolution chronology of rapid forest transitions following Polynesian arrival in New Zealand","PLOS ONE 9, e111328",NA,NA,NA,NA,"10.1371/journal.pone.0111328",NA,NA,NA,NA,NA,NA,NA,NA,NA,NA,NA,NA,NA,"RPDv1b:1740",862,"McWethy, D.B.",1,"McWethy","D.B.",NA,NA,NA,NA,NA,NA,NA,NA,NA,"RPDv1b:1740",862,"RPDv1b",1740,14046,1.04,1.04,"cm",0.01,"AMS","charcoal",650,30,NA,NA,"KCCAMS-102188",TRUE,NA,"NA Date is in uncalibrated radiocarbon years.","Lake Kirkpatrick core_SIEVED","counted","125-NaN",NA,NA,"",650,620,680,650,1.04,0.01,"NA Date is in uncalibrated radiocarbon years.",". Cal curve: NA. Source DB: RPDv1b","Lacustrine","Carbon-14","Radiocarbon",-53,1485,"Calibrated radiocarbon years BP","sedimentary charcoal","Data Sourcing: RPDv1b","Sample Age Source: RPDv1b"
"862",36,"charcoal | >125um num",NA,18.5,NA,NA,164,NA,NA,"RPDv1b","Charcoal (sum)",">125 µm",125,NA,"False","True","number","Macroscopic charcoal (sieved)","direct",NA,"CHAR",9,NA,NA,"quant_raw",5,"volume","cm^3","RPDv1b",1740,"charcoal","count","macrochar","wet_sieve","particle",">125um num",NA,">125um","num","RPDv1b","measured",1,"RPDv1b",NA,"Lake Kirkpatrick core",-45.02706,168.57374,570,"south",NA,NA,"sedlac",862,1,2014,"McWethy, D.B., Wilmshurst, J.M., Whitlock, C., Wood, J.R., McGlone, M.S., 2014. A high-resolution chronology of rapid forest transitions following Polynesian arrival in New Zealand. PLOS ONE 9, e111328.","A high-resolution chronology of rapid forest transitions following Polynesian arrival in New Zealand","PLOS ONE 9, e111328",NA,NA,NA,NA,"10.1371/journal.pone.0111328",NA,NA,NA,NA,NA,NA,NA,NA,NA,NA,NA,NA,NA,"RPDv1b:1740",862,"McWethy, D.B.",1,"McWethy","D.B.",NA,NA,NA,NA,NA,NA,NA,NA,NA,"RPDv1b:1740",862,"RPDv1b",1740,14046,1.04,1.04,"cm",0.01,"AMS","charcoal",650,30,NA,NA,"KCCAMS-102188",TRUE,NA,"NA Date is in uncalibrated radiocarbon years.","Lake Kirkpatrick core_SIEVED","counted","125-NaN",NA,NA,"",650,620,680,650,1.04,0.01,"NA Date is in uncalibrated radiocarbon years.",". Cal curve: NA. Source DB: RPDv1b","Lacustrine","Carbon-14","Radiocarbon",-53,1485,"Calibrated radiocarbon years BP","sedimentary charcoal","Data Sourcing: RPDv1b","Sample Age Source: RPDv1b"
"862",37,"charcoal | >125um num",NA,19,NA,NA,170,NA,NA,"RPDv1b","Charcoal (sum)",">125 µm",125,NA,"False","True","number","Macroscopic charcoal (sieved)","direct",NA,"CHAR",6,NA,NA,"quant_raw",5,"volume","cm^3","RPDv1b",1740,"charcoal","count","macrochar","wet_sieve","particle",">125um num",NA,">125um","num","RPDv1b","measured",1,"RPDv1b",NA,"Lake Kirkpatrick core",-45.02706,168.57374,570,"south",NA,NA,"sedlac",862,1,2014,"McWethy, D.B., Wilmshurst, J.M., Whitlock, C., Wood, J.R., McGlone, M.S., 2014. A high-resolution chronology of rapid forest transitions following Polynesian arrival in New Zealand. PLOS ONE 9, e111328.","A high-resolution chronology of rapid forest transitions following Polynesian arrival in New Zealand","PLOS ONE 9, e111328",NA,NA,NA,NA,"10.1371/journal.pone.0111328",NA,NA,NA,NA,NA,NA,NA,NA,NA,NA,NA,NA,NA,"RPDv1b:1740",862,"McWethy, D.B.",1,"McWethy","D.B.",NA,NA,NA,NA,NA,NA,NA,NA,NA,"RPDv1b:1740",862,"RPDv1b",1740,14046,1.04,1.04,"cm",0.01,"AMS","charcoal",650,30,NA,NA,"KCCAMS-102188",TRUE,NA,"NA Date is in uncalibrated radiocarbon years.","Lake Kirkpatrick core_SIEVED","counted","125-NaN",NA,NA,"",650,620,680,650,1.04,0.01,"NA Date is in uncalibrated radiocarbon years.",". Cal curve: NA. Source DB: RPDv1b","Lacustrine","Carbon-14","Radiocarbon",-53,1485,"Calibrated radiocarbon years BP","sedimentary charcoal","Data Sourcing: RPDv1b","Sample Age Source: RPDv1b"
"862",38,"charcoal | >125um num",NA,19.5,NA,NA,176,NA,NA,"RPDv1b","Charcoal (sum)",">125 µm",125,NA,"False","True","number","Macroscopic charcoal (sieved)","direct",NA,"CHAR",37,NA,NA,"quant_raw",5,"volume","cm^3","RPDv1b",1740,"charcoal","count","macrochar","wet_sieve","particle",">125um num",NA,">125um","num","RPDv1b","measured",1,"RPDv1b",NA,"Lake Kirkpatrick core",-45.02706,168.57374,570,"south",NA,NA,"sedlac",862,1,2014,"McWethy, D.B., Wilmshurst, J.M., Whitlock, C., Wood, J.R., McGlone, M.S., 2014. A high-resolution chronology of rapid forest transitions following Polynesian arrival in New Zealand. PLOS ONE 9, e111328.","A high-resolution chronology of rapid forest transitions following Polynesian arrival in New Zealand","PLOS ONE 9, e111328",NA,NA,NA,NA,"10.1371/journal.pone.0111328",NA,NA,NA,NA,NA,NA,NA,NA,NA,NA,NA,NA,NA,"RPDv1b:1740",862,"Wilmshurst, J.M.",1,"Wilmshurst","J.M.",NA,NA,NA,NA,NA,NA,NA,NA,NA,"RPDv1b:1740",862,"RPDv1b",1740,14046,1.04,1.04,"cm",0.01,"AMS","charcoal",650,30,NA,NA,"KCCAMS-102188",TRUE,NA,"NA Date is in uncalibrated radiocarbon years.","Lake Kirkpatrick core_SIEVED","counted","125-NaN",NA,NA,"",650,620,680,650,1.04,0.01,"NA Date is in uncalibrated radiocarbon years.",". Cal curve: NA. Source DB: RPDv1b","Lacustrine","Carbon-14","Radiocarbon",-53,1485,"Calibrated radiocarbon years BP","sedimentary charcoal","Data Sourcing: RPDv1b","Sample Age Source: RPDv1b"
"862",39,"charcoal | >125um num",NA,20,NA,NA,182,NA,NA,"RPDv1b","Charcoal (sum)",">125 µm",125,NA,"False","True","number","Macroscopic charcoal (sieved)","direct",NA,"CHAR",15,NA,NA,"quant_raw",5,"volume","cm^3","RPDv1b",1740,"charcoal","count","macrochar","wet_sieve","particle",">125um num",NA,">125um","num","RPDv1b","measured",1,"RPDv1b",NA,"Lake Kirkpatrick core",-45.02706,168.57374,570,"south",NA,NA,"sedlac",862,1,2014,"McWethy, D.B., Wilmshurst, J.M., Whitlock, C., Wood, J.R., McGlone, M.S., 2014. A high-resolution chronology of rapid forest transitions following Polynesian arrival in New Zealand. PLOS ONE 9, e111328.","A high-resolution chronology of rapid forest transitions following Polynesian arrival in New Zealand","PLOS ONE 9, e111328",NA,NA,NA,NA,"10.1371/journal.pone.0111328",NA,NA,NA,NA,NA,NA,NA,NA,NA,NA,NA,NA,NA,"RPDv1b:1740",862,"Wilmshurst, J.M.",1,"Wilmshurst","J.M.",NA,NA,NA,NA,NA,NA,NA,NA,NA,"RPDv1b:1740",862,"RPDv1b",1740,14047,1.08,1.08,"cm",0.01,"AMS","charcoal",680,20,NA,NA,"KCCAMS-102189",TRUE,NA,"NA Date is in uncalibrated radiocarbon years.","Lake Kirkpatrick core_SIEVED","counted","125-NaN",NA,NA,"",680,660,700,680,1.08,0.01,"NA Date is in uncalibrated radiocarbon years.",". Cal curve: NA. Source DB: RPDv1b","Lacustrine","Carbon-14","Radiocarbon",-53,1485,"Calibrated radiocarbon years BP","sedimentary charcoal","Data Sourcing: RPDv1b","Sample Age Source: RPDv1b"
"862",40,"charcoal | >125um num",NA,20.5,NA,NA,189,NA,NA,"RPDv1b","Charcoal (sum)",">125 µm",125,NA,"False","True","number","Macroscopic charcoal (sieved)","direct",NA,"CHAR",11,NA,NA,"quant_raw",5,"volume","cm^3","RPDv1b",1740,"charcoal","count","macrochar","wet_sieve","particle",">125um num",NA,">125um","num","RPDv1b","measured",1,"RPDv1b",NA,"Lake Kirkpatrick core",-45.02706,168.57374,570,"south",NA,NA,"sedlac",862,1,2014,"McWethy, D.B., Wilmshurst, J.M., Whitlock, C., Wood, J.R., McGlone, M.S., 2014. A high-resolution chronology of rapid forest transitions following Polynesian arrival in New Zealand. PLOS ONE 9, e111328.","A high-resolution chronology of rapid forest transitions following Polynesian arrival in New Zealand","PLOS ONE 9, e111328",NA,NA,NA,NA,"10.1371/journal.pone.0111328",NA,NA,NA,NA,NA,NA,NA,NA,NA,NA,NA,NA,NA,"RPDv1b:1740",862,"Wilmshurst, J.M.",1,"Wilmshurst","J.M.",NA,NA,NA,NA,NA,NA,NA,NA,NA,"RPDv1b:1740",862,"RPDv1b",1740,14047,1.08,1.08,"cm",0.01,"AMS","charcoal",680,20,NA,NA,"KCCAMS-102189",TRUE,NA,"NA Date is in uncalibrated radiocarbon years.","Lake Kirkpatrick core_SIEVED","counted","125-NaN",NA,NA,"",680,660,700,680,1.08,0.01,"NA Date is in uncalibrated radiocarbon years.",". Cal curve: NA. Source DB: RPDv1b","Lacustrine","Carbon-14","Radiocarbon",-53,1485,"Calibrated radiocarbon years BP","sedimentary charcoal","Data Sourcing: RPDv1b","Sample Age Source: RPDv1b"
"862",41,"charcoal | >125um num",NA,21,NA,NA,195,NA,NA,"RPDv1b","Charcoal (sum)",">125 µm",125,NA,"False","True","number","Macroscopic charcoal (sieved)","direct",NA,"CHAR",2,NA,NA,"quant_raw",5,"volume","cm^3","RPDv1b",1740,"charcoal","count","macrochar","wet_sieve","particle",">125um num",NA,">125um","num","RPDv1b","measured",1,"RPDv1b",NA,"Lake Kirkpatrick core",-45.02706,168.57374,570,"south",NA,NA,"sedlac",862,1,2014,"McWethy, D.B., Wilmshurst, J.M., Whitlock, C., Wood, J.R., McGlone, M.S., 2014. A high-resolution chronology of rapid forest transitions following Polynesian arrival in New Zealand. PLOS ONE 9, e111328.","A high-resolution chronology of rapid forest transitions following Polynesian arrival in New Zealand","PLOS ONE 9, e111328",NA,NA,NA,NA,"10.1371/journal.pone.0111328",NA,NA,NA,NA,NA,NA,NA,NA,NA,NA,NA,NA,NA,"RPDv1b:1740",862,"Wilmshurst, J.M.",1,"Wilmshurst","J.M.",NA,NA,NA,NA,NA,NA,NA,NA,NA,"RPDv1b:1740",862,"RPDv1b",1740,14047,1.08,1.08,"cm",0.01,"AMS","charcoal",680,20,NA,NA,"KCCAMS-102189",TRUE,NA,"NA Date is in uncalibrated radiocarbon years.","Lake Kirkpatrick core_SIEVED","counted","125-NaN",NA,NA,"",680,660,700,680,1.08,0.01,"NA Date is in uncalibrated radiocarbon years.",". Cal curve: NA. Source DB: RPDv1b","Lacustrine","Carbon-14","Radiocarbon",-53,1485,"Calibrated radiocarbon years BP","sedimentary charcoal","Data Sourcing: RPDv1b","Sample Age Source: RPDv1b"
"862",42,"charcoal | >125um num",NA,21.5,NA,NA,201,NA,NA,"RPDv1b","Charcoal (sum)",">125 µm",125,NA,"False","True","number","Macroscopic charcoal (sieved)","direct",NA,"CHAR",1,NA,NA,"quant_raw",5,"volume","cm^3","RPDv1b",1740,"charcoal","count","macrochar","wet_sieve","particle",">125um num",NA,">125um","num","RPDv1b","measured",1,"RPDv1b",NA,"Lake Kirkpatrick core",-45.02706,168.57374,570,"south",NA,NA,"sedlac",862,1,2014,"McWethy, D.B., Wilmshurst, J.M., Whitlock, C., Wood, J.R., McGlone, M.S., 2014. A high-resolution chronology of rapid forest transitions following Polynesian arrival in New Zealand. PLOS ONE 9, e111328.","A high-resolution chronology of rapid forest transitions following Polynesian arrival in New Zealand","PLOS ONE 9, e111328",NA,NA,NA,NA,"10.1371/journal.pone.0111328",NA,NA,NA,NA,NA,NA,NA,NA,NA,NA,NA,NA,NA,"RPDv1b:1740",862,"Wilmshurst, J.M.",1,"Wilmshurst","J.M.",NA,NA,NA,NA,NA,NA,NA,NA,NA,"RPDv1b:1740",862,"RPDv1b",1740,14047,1.08,1.08,"cm",0.01,"AMS","charcoal",680,20,NA,NA,"KCCAMS-102189",TRUE,NA,"NA Date is in uncalibrated radiocarbon years.","Lake Kirkpatrick core_SIEVED","counted","125-NaN",NA,NA,"",680,660,700,680,1.08,0.01,"NA Date is in uncalibrated radiocarbon years.",". Cal curve: NA. Source DB: RPDv1b","Lacustrine","Carbon-14","Radiocarbon",-53,1485,"Calibrated radiocarbon years BP","sedimentary charcoal","Data Sourcing: RPDv1b","Sample Age Source: RPDv1b"
"862",43,"charcoal | >125um num",NA,22,NA,NA,207,NA,NA,"RPDv1b","Charcoal (sum)",">125 µm",125,NA,"False","True","number","Macroscopic charcoal (sieved)","direct",NA,"CHAR",8,NA,NA,"quant_raw",5,"volume","cm^3","RPDv1b",1740,"charcoal","count","macrochar","wet_sieve","particle",">125um num",NA,">125um","num","RPDv1b","measured",1,"RPDv1b",NA,"Lake Kirkpatrick core",-45.02706,168.57374,570,"south",NA,NA,"sedlac",862,1,2014,"McWethy, D.B., Wilmshurst, J.M., Whitlock, C., Wood, J.R., McGlone, M.S., 2014. A high-resolution chronology of rapid forest transitions following Polynesian arrival in New Zealand. PLOS ONE 9, e111328.","A high-resolution chronology of rapid forest transitions following Polynesian arrival in New Zealand","PLOS ONE 9, e111328",NA,NA,NA,NA,"10.1371/journal.pone.0111328",NA,NA,NA,NA,NA,NA,NA,NA,NA,NA,NA,NA,NA,"RPDv1b:1740",862,"Wilmshurst, J.M.",1,"Wilmshurst","J.M.",NA,NA,NA,NA,NA,NA,NA,NA,NA,"RPDv1b:1740",862,"RPDv1b",1740,14047,1.08,1.08,"cm",0.01,"AMS","charcoal",680,20,NA,NA,"KCCAMS-102189",TRUE,NA,"NA Date is in uncalibrated radiocarbon years.","Lake Kirkpatrick core_SIEVED","counted","125-NaN",NA,NA,"",680,660,700,680,1.08,0.01,"NA Date is in uncalibrated radiocarbon years.",". Cal curve: NA. Source DB: RPDv1b","Lacustrine","Carbon-14","Radiocarbon",-53,1485,"Calibrated radiocarbon years BP","sedimentary charcoal","Data Sourcing: RPDv1b","Sample Age Source: RPDv1b"
"862",44,"charcoal | >125um num",NA,22.5,NA,NA,213,NA,NA,"RPDv1b","Charcoal (sum)",">125 µm",125,NA,"False","True","number","Macroscopic charcoal (sieved)","direct",NA,"CHAR",6,NA,NA,"quant_raw",5,"volume","cm^3","RPDv1b",1740,"charcoal","count","macrochar","wet_sieve","particle",">125um num",NA,">125um","num","RPDv1b","measured",1,"RPDv1b",NA,"Lake Kirkpatrick core",-45.02706,168.57374,570,"south",NA,NA,"sedlac",862,1,2014,"McWethy, D.B., Wilmshurst, J.M., Whitlock, C., Wood, J.R., McGlone, M.S., 2014. A high-resolution chronology of rapid forest transitions following Polynesian arrival in New Zealand. PLOS ONE 9, e111328.","A high-resolution chronology of rapid forest transitions following Polynesian arrival in New Zealand","PLOS ONE 9, e111328",NA,NA,NA,NA,"10.1371/journal.pone.0111328",NA,NA,NA,NA,NA,NA,NA,NA,NA,NA,NA,NA,NA,"RPDv1b:1740",862,"Wilmshurst, J.M.",1,"Wilmshurst","J.M.",NA,NA,NA,NA,NA,NA,NA,NA,NA,"RPDv1b:1740",862,"RPDv1b",1740,14047,1.08,1.08,"cm",0.01,"AMS","charcoal",680,20,NA,NA,"KCCAMS-102189",TRUE,NA,"NA Date is in uncalibrated radiocarbon years.","Lake Kirkpatrick core_SIEVED","counted","125-NaN",NA,NA,"",680,660,700,680,1.08,0.01,"NA Date is in uncalibrated radiocarbon years.",". Cal curve: NA. Source DB: RPDv1b","Lacustrine","Carbon-14","Radiocarbon",-53,1485,"Calibrated radiocarbon years BP","sedimentary charcoal","Data Sourcing: RPDv1b","Sample Age Source: RPDv1b"
"862",45,"charcoal | >125um num",NA,23,NA,NA,219,NA,NA,"RPDv1b","Charcoal (sum)",">125 µm",125,NA,"False","True","number","Macroscopic charcoal (sieved)","direct",NA,"CHAR",10,NA,NA,"quant_raw",5,"volume","cm^3","RPDv1b",1740,"charcoal","count","macrochar","wet_sieve","particle",">125um num",NA,">125um","num","RPDv1b","measured",1,"RPDv1b",NA,"Lake Kirkpatrick core",-45.02706,168.57374,570,"south",NA,NA,"sedlac",862,1,2014,"McWethy, D.B., Wilmshurst, J.M., Whitlock, C., Wood, J.R., McGlone, M.S., 2014. A high-resolution chronology of rapid forest transitions following Polynesian arrival in New Zealand. PLOS ONE 9, e111328.","A high-resolution chronology of rapid forest transitions following Polynesian arrival in New Zealand","PLOS ONE 9, e111328",NA,NA,NA,NA,"10.1371/journal.pone.0111328",NA,NA,NA,NA,NA,NA,NA,NA,NA,NA,NA,NA,NA,"RPDv1b:1740",862,"Wilmshurst, J.M.",1,"Wilmshurst","J.M.",NA,NA,NA,NA,NA,NA,NA,NA,NA,"RPDv1b:1740",862,"RPDv1b",1740,14047,1.08,1.08,"cm",0.01,"AMS","charcoal",680,20,NA,NA,"KCCAMS-102189",TRUE,NA,"NA Date is in uncalibrated radiocarbon years.","Lake Kirkpatrick core_SIEVED","counted","125-NaN",NA,NA,"",680,660,700,680,1.08,0.01,"NA Date is in uncalibrated radiocarbon years.",". Cal curve: NA. Source DB: RPDv1b","Lacustrine","Carbon-14","Radiocarbon",-53,1485,"Calibrated radiocarbon years BP","sedimentary charcoal","Data Sourcing: RPDv1b","Sample Age Source: RPDv1b"
"862",46,"charcoal | >125um num",NA,23.5,NA,NA,225,NA,NA,"RPDv1b","Charcoal (sum)",">125 µm",125,NA,"False","True","number","Macroscopic charcoal (sieved)","direct",NA,"CHAR",3,NA,NA,"quant_raw",5,"volume","cm^3","RPDv1b",1740,"charcoal","count","macrochar","wet_sieve","particle",">125um num",NA,">125um","num","RPDv1b","measured",1,"RPDv1b",NA,"Lake Kirkpatrick core",-45.02706,168.57374,570,"south",NA,NA,"sedlac",862,1,2014,"McWethy, D.B., Wilmshurst, J.M., Whitlock, C., Wood, J.R., McGlone, M.S., 2014. A high-resolution chronology of rapid forest transitions following Polynesian arrival in New Zealand. PLOS ONE 9, e111328.","A high-resolution chronology of rapid forest transitions following Polynesian arrival in New Zealand","PLOS ONE 9, e111328",NA,NA,NA,NA,"10.1371/journal.pone.0111328",NA,NA,NA,NA,NA,NA,NA,NA,NA,NA,NA,NA,NA,"RPDv1b:1740",862,"Wilmshurst, J.M.",1,"Wilmshurst","J.M.",NA,NA,NA,NA,NA,NA,NA,NA,NA,"RPDv1b:1740",862,"RPDv1b",1740,14047,1.08,1.08,"cm",0.01,"AMS","charcoal",680,20,NA,NA,"KCCAMS-102189",TRUE,NA,"NA Date is in uncalibrated radiocarbon years.","Lake Kirkpatrick core_SIEVED","counted","125-NaN",NA,NA,"",680,660,700,680,1.08,0.01,"NA Date is in uncalibrated radiocarbon years.",". Cal curve: NA. Source DB: RPDv1b","Lacustrine","Carbon-14","Radiocarbon",-53,1485,"Calibrated radiocarbon years BP","sedimentary charcoal","Data Sourcing: RPDv1b","Sample Age Source: RPDv1b"
"862",47,"charcoal | >125um num",NA,24,NA,NA,231,NA,NA,"RPDv1b","Charcoal (sum)",">125 µm",125,NA,"False","True","number","Macroscopic charcoal (sieved)","direct",NA,"CHAR",17,NA,NA,"quant_raw",5,"volume","cm^3","RPDv1b",1740,"charcoal","count","macrochar","wet_sieve","particle",">125um num",NA,">125um","num","RPDv1b","measured",1,"RPDv1b",NA,"Lake Kirkpatrick core",-45.02706,168.57374,570,"south",NA,NA,"sedlac",862,1,2014,"McWethy, D.B., Wilmshurst, J.M., Whitlock, C., Wood, J.R., McGlone, M.S., 2014. A high-resolution chronology of rapid forest transitions following Polynesian arrival in New Zealand. PLOS ONE 9, e111328.","A high-resolution chronology of rapid forest transitions following Polynesian arrival in New Zealand","PLOS ONE 9, e111328",NA,NA,NA,NA,"10.1371/journal.pone.0111328",NA,NA,NA,NA,NA,NA,NA,NA,NA,NA,NA,NA,NA,"RPDv1b:1740",862,"Wilmshurst, J.M.",1,"Wilmshurst","J.M.",NA,NA,NA,NA,NA,NA,NA,NA,NA,"RPDv1b:1740",862,"RPDv1b",1740,14047,1.08,1.08,"cm",0.01,"AMS","charcoal",680,20,NA,NA,"KCCAMS-102189",TRUE,NA,"NA Date is in uncalibrated radiocarbon years.","Lake Kirkpatrick core_SIEVED","counted","125-NaN",NA,NA,"",680,660,700,680,1.08,0.01,"NA Date is in uncalibrated radiocarbon years.",". Cal curve: NA. Source DB: RPDv1b","Lacustrine","Carbon-14","Radiocarbon",-53,1485,"Calibrated radiocarbon years BP","sedimentary charcoal","Data Sourcing: RPDv1b","Sample Age Source: RPDv1b"
"862",48,"charcoal | >125um num",NA,24.5,NA,NA,237,NA,NA,"RPDv1b","Charcoal (sum)",">125 µm",125,NA,"False","True","number","Macroscopic charcoal (sieved)","direct",NA,"CHAR",23,NA,NA,"quant_raw",5,"volume","cm^3","RPDv1b",1740,"charcoal","count","macrochar","wet_sieve","particle",">125um num",NA,">125um","num","RPDv1b","measured",1,"RPDv1b",NA,"Lake Kirkpatrick core",-45.02706,168.57374,570,"south",NA,NA,"sedlac",862,1,2014,"McWethy, D.B., Wilmshurst, J.M., Whitlock, C., Wood, J.R., McGlone, M.S., 2014. A high-resolution chronology of rapid forest transitions following Polynesian arrival in New Zealand. PLOS ONE 9, e111328.","A high-resolution chronology of rapid forest transitions following Polynesian arrival in New Zealand","PLOS ONE 9, e111328",NA,NA,NA,NA,"10.1371/journal.pone.0111328",NA,NA,NA,NA,NA,NA,NA,NA,NA,NA,NA,NA,NA,"RPDv1b:1740",862,"Wilmshurst, J.M.",1,"Wilmshurst","J.M.",NA,NA,NA,NA,NA,NA,NA,NA,NA,"RPDv1b:1740",862,"RPDv1b",1740,14047,1.08,1.08,"cm",0.01,"AMS","charcoal",680,20,NA,NA,"KCCAMS-102189",TRUE,NA,"NA Date is in uncalibrated radiocarbon years.","Lake Kirkpatrick core_SIEVED","counted","125-NaN",NA,NA,"",680,660,700,680,1.08,0.01,"NA Date is in uncalibrated radiocarbon years.",". Cal curve: NA. Source DB: RPDv1b","Lacustrine","Carbon-14","Radiocarbon",-53,1485,"Calibrated radiocarbon years BP","sedimentary charcoal","Data Sourcing: RPDv1b","Sample Age Source: RPDv1b"
"862",49,"charcoal | >125um num",NA,25,NA,NA,243,NA,NA,"RPDv1b","Charcoal (sum)",">125 µm",125,NA,"False","True","number","Macroscopic charcoal (sieved)","direct",NA,"CHAR",21,NA,NA,"quant_raw",5,"volume","cm^3","RPDv1b",1740,"charcoal","count","macrochar","wet_sieve","particle",">125um num",NA,">125um","num","RPDv1b","measured",1,"RPDv1b",NA,"Lake Kirkpatrick core",-45.02706,168.57374,570,"south",NA,NA,"sedlac",862,1,2014,"McWethy, D.B., Wilmshurst, J.M., Whitlock, C., Wood, J.R., McGlone, M.S., 2014. A high-resolution chronology of rapid forest transitions following Polynesian arrival in New Zealand. PLOS ONE 9, e111328.","A high-resolution chronology of rapid forest transitions following Polynesian arrival in New Zealand","PLOS ONE 9, e111328",NA,NA,NA,NA,"10.1371/journal.pone.0111328",NA,NA,NA,NA,NA,NA,NA,NA,NA,NA,NA,NA,NA,"RPDv1b:1740",862,"Wilmshurst, J.M.",1,"Wilmshurst","J.M.",NA,NA,NA,NA,NA,NA,NA,NA,NA,"RPDv1b:1740",862,"RPDv1b",1740,14047,1.08,1.08,"cm",0.01,"AMS","charcoal",680,20,NA,NA,"KCCAMS-102189",TRUE,NA,"NA Date is in uncalibrated radiocarbon years.","Lake Kirkpatrick core_SIEVED","counted","125-NaN",NA,NA,"",680,660,700,680,1.08,0.01,"NA Date is in uncalibrated radiocarbon years.",". Cal curve: NA. Source DB: RPDv1b","Lacustrine","Carbon-14","Radiocarbon",-53,1485,"Calibrated radiocarbon years BP","sedimentary charcoal","Data Sourcing: RPDv1b","Sample Age Source: RPDv1b"
"862",50,"charcoal | >125um num",NA,25.5,NA,NA,249,NA,NA,"RPDv1b","Charcoal (sum)",">125 µm",125,NA,"False","True","number","Macroscopic charcoal (sieved)","direct",NA,"CHAR",17,NA,NA,"quant_raw",5,"volume","cm^3","RPDv1b",1740,"charcoal","count","macrochar","wet_sieve","particle",">125um num",NA,">125um","num","RPDv1b","measured",1,"RPDv1b",NA,"Lake Kirkpatrick core",-45.02706,168.57374,570,"south",NA,NA,"sedlac",862,1,2014,"McWethy, D.B., Wilmshurst, J.M., Whitlock, C., Wood, J.R., McGlone, M.S., 2014. A high-resolution chronology of rapid forest transitions following Polynesian arrival in New Zealand. PLOS ONE 9, e111328.","A high-resolution chronology of rapid forest transitions following Polynesian arrival in New Zealand","PLOS ONE 9, e111328",NA,NA,NA,NA,"10.1371/journal.pone.0111328",NA,NA,NA,NA,NA,NA,NA,NA,NA,NA,NA,NA,NA,"RPDv1b:1740",862,"Wilmshurst, J.M.",1,"Wilmshurst","J.M.",NA,NA,NA,NA,NA,NA,NA,NA,NA,"RPDv1b:1740",862,"RPDv1b",1740,14047,1.08,1.08,"cm",0.01,"AMS","charcoal",680,20,NA,NA,"KCCAMS-102189",TRUE,NA,"NA Date is in uncalibrated radiocarbon years.","Lake Kirkpatrick core_SIEVED","counted","125-NaN",NA,NA,"",680,660,700,680,1.08,0.01,"NA Date is in uncalibrated radiocarbon years.",". Cal curve: NA. Source DB: RPDv1b","Lacustrine","Carbon-14","Radiocarbon",-53,1485,"Calibrated radiocarbon years BP","sedimentary charcoal","Data Sourcing: RPDv1b","Sample Age Source: RPDv1b"
"862",51,"charcoal | >125um num",NA,26,NA,NA,255,NA,NA,"RPDv1b","Charcoal (sum)",">125 µm",125,NA,"False","True","number","Macroscopic charcoal (sieved)","direct",NA,"CHAR",26,NA,NA,"quant_raw",5,"volume","cm^3","RPDv1b",1740,"charcoal","count","macrochar","wet_sieve","particle",">125um num",NA,">125um","num","RPDv1b","measured",1,"RPDv1b",NA,"Lake Kirkpatrick core",-45.02706,168.57374,570,"south",NA,NA,"sedlac",862,1,2014,"McWethy, D.B., Wilmshurst, J.M., Whitlock, C., Wood, J.R., McGlone, M.S., 2014. A high-resolution chronology of rapid forest transitions following Polynesian arrival in New Zealand. PLOS ONE 9, e111328.","A high-resolution chronology of rapid forest transitions following Polynesian arrival in New Zealand","PLOS ONE 9, e111328",NA,NA,NA,NA,"10.1371/journal.pone.0111328",NA,NA,NA,NA,NA,NA,NA,NA,NA,NA,NA,NA,NA,"RPDv1b:1740",862,"Wilmshurst, J.M.",1,"Wilmshurst","J.M.",NA,NA,NA,NA,NA,NA,NA,NA,NA,"RPDv1b:1740",862,"RPDv1b",1740,14047,1.08,1.08,"cm",0.01,"AMS","charcoal",680,20,NA,NA,"KCCAMS-102189",TRUE,NA,"NA Date is in uncalibrated radiocarbon years.","Lake Kirkpatrick core_SIEVED","counted","125-NaN",NA,NA,"",680,660,700,680,1.08,0.01,"NA Date is in uncalibrated radiocarbon years.",". Cal curve: NA. Source DB: RPDv1b","Lacustrine","Carbon-14","Radiocarbon",-53,1485,"Calibrated radiocarbon years BP","sedimentary charcoal","Data Sourcing: RPDv1b","Sample Age Source: RPDv1b"
"862",52,"charcoal | >125um num",NA,26.5,NA,NA,261,NA,NA,"RPDv1b","Charcoal (sum)",">125 µm",125,NA,"False","True","number","Macroscopic charcoal (sieved)","direct",NA,"CHAR",14,NA,NA,"quant_raw",5,"volume","cm^3","RPDv1b",1740,"charcoal","count","macrochar","wet_sieve","particle",">125um num",NA,">125um","num","RPDv1b","measured",1,"RPDv1b",NA,"Lake Kirkpatrick core",-45.02706,168.57374,570,"south",NA,NA,"sedlac",862,1,2014,"McWethy, D.B., Wilmshurst, J.M., Whitlock, C., Wood, J.R., McGlone, M.S., 2014. A high-resolution chronology of rapid forest transitions following Polynesian arrival in New Zealand. PLOS ONE 9, e111328.","A high-resolution chronology of rapid forest transitions following Polynesian arrival in New Zealand","PLOS ONE 9, e111328",NA,NA,NA,NA,"10.1371/journal.pone.0111328",NA,NA,NA,NA,NA,NA,NA,NA,NA,NA,NA,NA,NA,"RPDv1b:1740",862,"Wilmshurst, J.M.",1,"Wilmshurst","J.M.",NA,NA,NA,NA,NA,NA,NA,NA,NA,"RPDv1b:1740",862,"RPDv1b",1740,14048,1.09,1.09,"cm",0.01,"AMS","undifferentiated plant macrofossil",640,15,NA,NA,"KCCAMS-102190",TRUE,NA,"NA Date is in uncalibrated radiocarbon years.","Lake Kirkpatrick core_SIEVED","counted","125-NaN",NA,NA,"",640,625,655,640,1.09,0.01,"NA Date is in uncalibrated radiocarbon years.",". Cal curve: NA. Source DB: RPDv1b","Lacustrine","Carbon-14","Radiocarbon",-53,1485,"Calibrated radiocarbon years BP","sedimentary charcoal","Data Sourcing: RPDv1b","Sample Age Source: RPDv1b"
"862",53,"charcoal | >125um num",NA,27,NA,NA,267,NA,NA,"RPDv1b","Charcoal (sum)",">125 µm",125,NA,"False","True","number","Macroscopic charcoal (sieved)","direct",NA,"CHAR",20,NA,NA,"quant_raw",5,"volume","cm^3","RPDv1b",1740,"charcoal","count","macrochar","wet_sieve","particle",">125um num",NA,">125um","num","RPDv1b","measured",1,"RPDv1b",NA,"Lake Kirkpatrick core",-45.02706,168.57374,570,"south",NA,NA,"sedlac",862,1,2014,"McWethy, D.B., Wilmshurst, J.M., Whitlock, C., Wood, J.R., McGlone, M.S., 2014. A high-resolution chronology of rapid forest transitions following Polynesian arrival in New Zealand. PLOS ONE 9, e111328.","A high-resolution chronology of rapid forest transitions following Polynesian arrival in New Zealand","PLOS ONE 9, e111328",NA,NA,NA,NA,"10.1371/journal.pone.0111328",NA,NA,NA,NA,NA,NA,NA,NA,NA,NA,NA,NA,NA,"RPDv1b:1740",862,"Wilmshurst, J.M.",1,"Wilmshurst","J.M.",NA,NA,NA,NA,NA,NA,NA,NA,NA,"RPDv1b:1740",862,"RPDv1b",1740,14048,1.09,1.09,"cm",0.01,"AMS","undifferentiated plant macrofossil",640,15,NA,NA,"KCCAMS-102190",TRUE,NA,"NA Date is in uncalibrated radiocarbon years.","Lake Kirkpatrick core_SIEVED","counted","125-NaN",NA,NA,"",640,625,655,640,1.09,0.01,"NA Date is in uncalibrated radiocarbon years.",". Cal curve: NA. Source DB: RPDv1b","Lacustrine","Carbon-14","Radiocarbon",-53,1485,"Calibrated radiocarbon years BP","sedimentary charcoal","Data Sourcing: RPDv1b","Sample Age Source: RPDv1b"
"862",54,"charcoal | >125um num",NA,27.5,NA,NA,273,NA,NA,"RPDv1b","Charcoal (sum)",">125 µm",125,NA,"False","True","number","Macroscopic charcoal (sieved)","direct",NA,"CHAR",20,NA,NA,"quant_raw",5,"volume","cm^3","RPDv1b",1740,"charcoal","count","macrochar","wet_sieve","particle",">125um num",NA,">125um","num","RPDv1b","measured",1,"RPDv1b",NA,"Lake Kirkpatrick core",-45.02706,168.57374,570,"south",NA,NA,"sedlac",862,1,2014,"McWethy, D.B., Wilmshurst, J.M., Whitlock, C., Wood, J.R., McGlone, M.S., 2014. A high-resolution chronology of rapid forest transitions following Polynesian arrival in New Zealand. PLOS ONE 9, e111328.","A high-resolution chronology of rapid forest transitions following Polynesian arrival in New Zealand","PLOS ONE 9, e111328",NA,NA,NA,NA,"10.1371/journal.pone.0111328",NA,NA,NA,NA,NA,NA,NA,NA,NA,NA,NA,NA,NA,"RPDv1b:1740",862,"Wilmshurst, J.M.",1,"Wilmshurst","J.M.",NA,NA,NA,NA,NA,NA,NA,NA,NA,"RPDv1b:1740",862,"RPDv1b",1740,14048,1.09,1.09,"cm",0.01,"AMS","undifferentiated plant macrofossil",640,15,NA,NA,"KCCAMS-102190",TRUE,NA,"NA Date is in uncalibrated radiocarbon years.","Lake Kirkpatrick core_SIEVED","counted","125-NaN",NA,NA,"",640,625,655,640,1.09,0.01,"NA Date is in uncalibrated radiocarbon years.",". Cal curve: NA. Source DB: RPDv1b","Lacustrine","Carbon-14","Radiocarbon",-53,1485,"Calibrated radiocarbon years BP","sedimentary charcoal","Data Sourcing: RPDv1b","Sample Age Source: RPDv1b"
"862",55,"charcoal | >125um num",NA,28,NA,NA,279,NA,NA,"RPDv1b","Charcoal (sum)",">125 µm",125,NA,"False","True","number","Macroscopic charcoal (sieved)","direct",NA,"CHAR",10,NA,NA,"quant_raw",5,"volume","cm^3","RPDv1b",1740,"charcoal","count","macrochar","wet_sieve","particle",">125um num",NA,">125um","num","RPDv1b","measured",1,"RPDv1b",NA,"Lake Kirkpatrick core",-45.02706,168.57374,570,"south",NA,NA,"sedlac",862,1,2014,"McWethy, D.B., Wilmshurst, J.M., Whitlock, C., Wood, J.R., McGlone, M.S., 2014. A high-resolution chronology of rapid forest transitions following Polynesian arrival in New Zealand. PLOS ONE 9, e111328.","A high-resolution chronology of rapid forest transitions following Polynesian arrival in New Zealand","PLOS ONE 9, e111328",NA,NA,NA,NA,"10.1371/journal.pone.0111328",NA,NA,NA,NA,NA,NA,NA,NA,NA,NA,NA,NA,NA,"RPDv1b:1740",862,"Wilmshurst, J.M.",1,"Wilmshurst","J.M.",NA,NA,NA,NA,NA,NA,NA,NA,NA,"RPDv1b:1740",862,"RPDv1b",1740,14048,1.09,1.09,"cm",0.01,"AMS","undifferentiated plant macrofossil",640,15,NA,NA,"KCCAMS-102190",TRUE,NA,"NA Date is in uncalibrated radiocarbon years.","Lake Kirkpatrick core_SIEVED","counted","125-NaN",NA,NA,"",640,625,655,640,1.09,0.01,"NA Date is in uncalibrated radiocarbon years.",". Cal curve: NA. Source DB: RPDv1b","Lacustrine","Carbon-14","Radiocarbon",-53,1485,"Calibrated radiocarbon years BP","sedimentary charcoal","Data Sourcing: RPDv1b","Sample Age Source: RPDv1b"
"862",56,"charcoal | >125um num",NA,28.5,NA,NA,285,NA,NA,"RPDv1b","Charcoal (sum)",">125 µm",125,NA,"False","True","number","Macroscopic charcoal (sieved)","direct",NA,"CHAR",21,NA,NA,"quant_raw",5,"volume","cm^3","RPDv1b",1740,"charcoal","count","macrochar","wet_sieve","particle",">125um num",NA,">125um","num","RPDv1b","measured",1,"RPDv1b",NA,"Lake Kirkpatrick core",-45.02706,168.57374,570,"south",NA,NA,"sedlac",862,1,2014,"McWethy, D.B., Wilmshurst, J.M., Whitlock, C., Wood, J.R., McGlone, M.S., 2014. A high-resolution chronology of rapid forest transitions following Polynesian arrival in New Zealand. PLOS ONE 9, e111328.","A high-resolution chronology of rapid forest transitions following Polynesian arrival in New Zealand","PLOS ONE 9, e111328",NA,NA,NA,NA,"10.1371/journal.pone.0111328",NA,NA,NA,NA,NA,NA,NA,NA,NA,NA,NA,NA,NA,"RPDv1b:1740",862,"Wilmshurst, J.M.",1,"Wilmshurst","J.M.",NA,NA,NA,NA,NA,NA,NA,NA,NA,"RPDv1b:1740",862,"RPDv1b",1740,14048,1.09,1.09,"cm",0.01,"AMS","undifferentiated plant macrofossil",640,15,NA,NA,"KCCAMS-102190",TRUE,NA,"NA Date is in uncalibrated radiocarbon years.","Lake Kirkpatrick core_SIEVED","counted","125-NaN",NA,NA,"",640,625,655,640,1.09,0.01,"NA Date is in uncalibrated radiocarbon years.",". Cal curve: NA. Source DB: RPDv1b","Lacustrine","Carbon-14","Radiocarbon",-53,1485,"Calibrated radiocarbon years BP","sedimentary charcoal","Data Sourcing: RPDv1b","Sample Age Source: RPDv1b"
"862",57,"charcoal | >125um num",NA,29,NA,NA,291,NA,NA,"RPDv1b","Charcoal (sum)",">125 µm",125,NA,"False","True","number","Macroscopic charcoal (sieved)","direct",NA,"CHAR",9,NA,NA,"quant_raw",5,"volume","cm^3","RPDv1b",1740,"charcoal","count","macrochar","wet_sieve","particle",">125um num",NA,">125um","num","RPDv1b","measured",1,"RPDv1b",NA,"Lake Kirkpatrick core",-45.02706,168.57374,570,"south",NA,NA,"sedlac",862,1,2014,"McWethy, D.B., Wilmshurst, J.M., Whitlock, C., Wood, J.R., McGlone, M.S., 2014. A high-resolution chronology of rapid forest transitions following Polynesian arrival in New Zealand. PLOS ONE 9, e111328.","A high-resolution chronology of rapid forest transitions following Polynesian arrival in New Zealand","PLOS ONE 9, e111328",NA,NA,NA,NA,"10.1371/journal.pone.0111328",NA,NA,NA,NA,NA,NA,NA,NA,NA,NA,NA,NA,NA,"RPDv1b:1740",862,"Wilmshurst, J.M.",1,"Wilmshurst","J.M.",NA,NA,NA,NA,NA,NA,NA,NA,NA,"RPDv1b:1740",862,"RPDv1b",1740,14048,1.09,1.09,"cm",0.01,"AMS","undifferentiated plant macrofossil",640,15,NA,NA,"KCCAMS-102190",TRUE,NA,"NA Date is in uncalibrated radiocarbon years.","Lake Kirkpatrick core_SIEVED","counted","125-NaN",NA,NA,"",640,625,655,640,1.09,0.01,"NA Date is in uncalibrated radiocarbon years.",". Cal curve: NA. Source DB: RPDv1b","Lacustrine","Carbon-14","Radiocarbon",-53,1485,"Calibrated radiocarbon years BP","sedimentary charcoal","Data Sourcing: RPDv1b","Sample Age Source: RPDv1b"
"862",58,"charcoal | >125um num",NA,29.5,NA,NA,297,NA,NA,"RPDv1b","Charcoal (sum)",">125 µm",125,NA,"False","True","number","Macroscopic charcoal (sieved)","direct",NA,"CHAR",21,NA,NA,"quant_raw",5,"volume","cm^3","RPDv1b",1740,"charcoal","count","macrochar","wet_sieve","particle",">125um num",NA,">125um","num","RPDv1b","measured",1,"RPDv1b",NA,"Lake Kirkpatrick core",-45.02706,168.57374,570,"south",NA,NA,"sedlac",862,1,2014,"McWethy, D.B., Wilmshurst, J.M., Whitlock, C., Wood, J.R., McGlone, M.S., 2014. A high-resolution chronology of rapid forest transitions following Polynesian arrival in New Zealand. PLOS ONE 9, e111328.","A high-resolution chronology of rapid forest transitions following Polynesian arrival in New Zealand","PLOS ONE 9, e111328",NA,NA,NA,NA,"10.1371/journal.pone.0111328",NA,NA,NA,NA,NA,NA,NA,NA,NA,NA,NA,NA,NA,"RPDv1b:1740",862,"Wilmshurst, J.M.",1,"Wilmshurst","J.M.",NA,NA,NA,NA,NA,NA,NA,NA,NA,"RPDv1b:1740",862,"RPDv1b",1740,14048,1.09,1.09,"cm",0.01,"AMS","undifferentiated plant macrofossil",640,15,NA,NA,"KCCAMS-102190",TRUE,NA,"NA Date is in uncalibrated radiocarbon years.","Lake Kirkpatrick core_SIEVED","counted","125-NaN",NA,NA,"",640,625,655,640,1.09,0.01,"NA Date is in uncalibrated radiocarbon years.",". Cal curve: NA. Source DB: RPDv1b","Lacustrine","Carbon-14","Radiocarbon",-53,1485,"Calibrated radiocarbon years BP","sedimentary charcoal","Data Sourcing: RPDv1b","Sample Age Source: RPDv1b"
"862",59,"charcoal | >125um num",NA,30,NA,NA,303,NA,NA,"RPDv1b","Charcoal (sum)",">125 µm",125,NA,"False","True","number","Macroscopic charcoal (sieved)","direct",NA,"CHAR",7,NA,NA,"quant_raw",5,"volume","cm^3","RPDv1b",1740,"charcoal","count","macrochar","wet_sieve","particle",">125um num",NA,">125um","num","RPDv1b","measured",1,"RPDv1b",NA,"Lake Kirkpatrick core",-45.02706,168.57374,570,"south",NA,NA,"sedlac",862,1,2014,"McWethy, D.B., Wilmshurst, J.M., Whitlock, C., Wood, J.R., McGlone, M.S., 2014. A high-resolution chronology of rapid forest transitions following Polynesian arrival in New Zealand. PLOS ONE 9, e111328.","A high-resolution chronology of rapid forest transitions following Polynesian arrival in New Zealand","PLOS ONE 9, e111328",NA,NA,NA,NA,"10.1371/journal.pone.0111328",NA,NA,NA,NA,NA,NA,NA,NA,NA,NA,NA,NA,NA,"RPDv1b:1740",862,"Wilmshurst, J.M.",1,"Wilmshurst","J.M.",NA,NA,NA,NA,NA,NA,NA,NA,NA,"RPDv1b:1740",862,"RPDv1b",1740,14048,1.09,1.09,"cm",0.01,"AMS","undifferentiated plant macrofossil",640,15,NA,NA,"KCCAMS-102190",TRUE,NA,"NA Date is in uncalibrated radiocarbon years.","Lake Kirkpatrick core_SIEVED","counted","125-NaN",NA,NA,"",640,625,655,640,1.09,0.01,"NA Date is in uncalibrated radiocarbon years.",". Cal curve: NA. Source DB: RPDv1b","Lacustrine","Carbon-14","Radiocarbon",-53,1485,"Calibrated radiocarbon years BP","sedimentary charcoal","Data Sourcing: RPDv1b","Sample Age Source: RPDv1b"
"862",60,"charcoal | >125um num",NA,30.5,NA,NA,309,NA,NA,"RPDv1b","Charcoal (sum)",">125 µm",125,NA,"False","True","number","Macroscopic charcoal (sieved)","direct",NA,"CHAR",29,NA,NA,"quant_raw",5,"volume","cm^3","RPDv1b",1740,"charcoal","count","macrochar","wet_sieve","particle",">125um num",NA,">125um","num","RPDv1b","measured",1,"RPDv1b",NA,"Lake Kirkpatrick core",-45.02706,168.57374,570,"south",NA,NA,"sedlac",862,1,2014,"McWethy, D.B., Wilmshurst, J.M., Whitlock, C., Wood, J.R., McGlone, M.S., 2014. A high-resolution chronology of rapid forest transitions following Polynesian arrival in New Zealand. PLOS ONE 9, e111328.","A high-resolution chronology of rapid forest transitions following Polynesian arrival in New Zealand","PLOS ONE 9, e111328",NA,NA,NA,NA,"10.1371/journal.pone.0111328",NA,NA,NA,NA,NA,NA,NA,NA,NA,NA,NA,NA,NA,"RPDv1b:1740",862,"Wilmshurst, J.M.",1,"Wilmshurst","J.M.",NA,NA,NA,NA,NA,NA,NA,NA,NA,"RPDv1b:1740",862,"RPDv1b",1740,14048,1.09,1.09,"cm",0.01,"AMS","undifferentiated plant macrofossil",640,15,NA,NA,"KCCAMS-102190",TRUE,NA,"NA Date is in uncalibrated radiocarbon years.","Lake Kirkpatrick core_SIEVED","counted","125-NaN",NA,NA,"",640,625,655,640,1.09,0.01,"NA Date is in uncalibrated radiocarbon years.",". Cal curve: NA. Source DB: RPDv1b","Lacustrine","Carbon-14","Radiocarbon",-53,1485,"Calibrated radiocarbon years BP","sedimentary charcoal","Data Sourcing: RPDv1b","Sample Age Source: RPDv1b"
"862",61,"charcoal | >125um num",NA,31,NA,NA,315,NA,NA,"RPDv1b","Charcoal (sum)",">125 µm",125,NA,"False","True","number","Macroscopic charcoal (sieved)","direct",NA,"CHAR",31,NA,NA,"quant_raw",5,"volume","cm^3","RPDv1b",1740,"charcoal","count","macrochar","wet_sieve","particle",">125um num",NA,">125um","num","RPDv1b","measured",1,"RPDv1b",NA,"Lake Kirkpatrick core",-45.02706,168.57374,570,"south",NA,NA,"sedlac",862,1,2014,"McWethy, D.B., Wilmshurst, J.M., Whitlock, C., Wood, J.R., McGlone, M.S., 2014. A high-resolution chronology of rapid forest transitions following Polynesian arrival in New Zealand. PLOS ONE 9, e111328.","A high-resolution chronology of rapid forest transitions following Polynesian arrival in New Zealand","PLOS ONE 9, e111328",NA,NA,NA,NA,"10.1371/journal.pone.0111328",NA,NA,NA,NA,NA,NA,NA,NA,NA,NA,NA,NA,NA,"RPDv1b:1740",862,"Wilmshurst, J.M.",1,"Wilmshurst","J.M.",NA,NA,NA,NA,NA,NA,NA,NA,NA,"RPDv1b:1740",862,"RPDv1b",1740,14048,1.09,1.09,"cm",0.01,"AMS","undifferentiated plant macrofossil",640,15,NA,NA,"KCCAMS-102190",TRUE,NA,"NA Date is in uncalibrated radiocarbon years.","Lake Kirkpatrick core_SIEVED","counted","125-NaN",NA,NA,"",640,625,655,640,1.09,0.01,"NA Date is in uncalibrated radiocarbon years.",". Cal curve: NA. Source DB: RPDv1b","Lacustrine","Carbon-14","Radiocarbon",-53,1485,"Calibrated radiocarbon years BP","sedimentary charcoal","Data Sourcing: RPDv1b","Sample Age Source: RPDv1b"
"862",62,"charcoal | >125um num",NA,31.5,NA,NA,321,NA,NA,"RPDv1b","Charcoal (sum)",">125 µm",125,NA,"False","True","number","Macroscopic charcoal (sieved)","direct",NA,"CHAR",35,NA,NA,"quant_raw",5,"volume","cm^3","RPDv1b",1740,"charcoal","count","macrochar","wet_sieve","particle",">125um num",NA,">125um","num","RPDv1b","measured",1,"RPDv1b",NA,"Lake Kirkpatrick core",-45.02706,168.57374,570,"south",NA,NA,"sedlac",862,1,2014,"McWethy, D.B., Wilmshurst, J.M., Whitlock, C., Wood, J.R., McGlone, M.S., 2014. A high-resolution chronology of rapid forest transitions following Polynesian arrival in New Zealand. PLOS ONE 9, e111328.","A high-resolution chronology of rapid forest transitions following Polynesian arrival in New Zealand","PLOS ONE 9, e111328",NA,NA,NA,NA,"10.1371/journal.pone.0111328",NA,NA,NA,NA,NA,NA,NA,NA,NA,NA,NA,NA,NA,"RPDv1b:1740",862,"Wilmshurst, J.M.",1,"Wilmshurst","J.M.",NA,NA,NA,NA,NA,NA,NA,NA,NA,"RPDv1b:1740",862,"RPDv1b",1740,14048,1.09,1.09,"cm",0.01,"AMS","undifferentiated plant macrofossil",640,15,NA,NA,"KCCAMS-102190",TRUE,NA,"NA Date is in uncalibrated radiocarbon years.","Lake Kirkpatrick core_SIEVED","counted","125-NaN",NA,NA,"",640,625,655,640,1.09,0.01,"NA Date is in uncalibrated radiocarbon years.",". Cal curve: NA. Source DB: RPDv1b","Lacustrine","Carbon-14","Radiocarbon",-53,1485,"Calibrated radiocarbon years BP","sedimentary charcoal","Data Sourcing: RPDv1b","Sample Age Source: RPDv1b"
"862",63,"charcoal | >125um num",NA,32,NA,NA,327,NA,NA,"RPDv1b","Charcoal (sum)",">125 µm",125,NA,"False","True","number","Macroscopic charcoal (sieved)","direct",NA,"CHAR",63,NA,NA,"quant_raw",5,"volume","cm^3","RPDv1b",1740,"charcoal","count","macrochar","wet_sieve","particle",">125um num",NA,">125um","num","RPDv1b","measured",1,"RPDv1b",NA,"Lake Kirkpatrick core",-45.02706,168.57374,570,"south",NA,NA,"sedlac",862,1,2014,"McWethy, D.B., Wilmshurst, J.M., Whitlock, C., Wood, J.R., McGlone, M.S., 2014. A high-resolution chronology of rapid forest transitions following Polynesian arrival in New Zealand. PLOS ONE 9, e111328.","A high-resolution chronology of rapid forest transitions following Polynesian arrival in New Zealand","PLOS ONE 9, e111328",NA,NA,NA,NA,"10.1371/journal.pone.0111328",NA,NA,NA,NA,NA,NA,NA,NA,NA,NA,NA,NA,NA,"RPDv1b:1740",862,"Wilmshurst, J.M.",1,"Wilmshurst","J.M.",NA,NA,NA,NA,NA,NA,NA,NA,NA,"RPDv1b:1740",862,"RPDv1b",1740,14048,1.09,1.09,"cm",0.01,"AMS","undifferentiated plant macrofossil",640,15,NA,NA,"KCCAMS-102190",TRUE,NA,"NA Date is in uncalibrated radiocarbon years.","Lake Kirkpatrick core_SIEVED","counted","125-NaN",NA,NA,"",640,625,655,640,1.09,0.01,"NA Date is in uncalibrated radiocarbon years.",". Cal curve: NA. Source DB: RPDv1b","Lacustrine","Carbon-14","Radiocarbon",-53,1485,"Calibrated radiocarbon years BP","sedimentary charcoal","Data Sourcing: RPDv1b","Sample Age Source: RPDv1b"
"862",64,"charcoal | >125um num",NA,32.5,NA,NA,333,NA,NA,"RPDv1b","Charcoal (sum)",">125 µm",125,NA,"False","True","number","Macroscopic charcoal (sieved)","direct",NA,"CHAR",67,NA,NA,"quant_raw",5,"volume","cm^3","RPDv1b",1740,"charcoal","count","macrochar","wet_sieve","particle",">125um num",NA,">125um","num","RPDv1b","measured",1,"RPDv1b",NA,"Lake Kirkpatrick core",-45.02706,168.57374,570,"south",NA,NA,"sedlac",862,1,2014,"McWethy, D.B., Wilmshurst, J.M., Whitlock, C., Wood, J.R., McGlone, M.S., 2014. A high-resolution chronology of rapid forest transitions following Polynesian arrival in New Zealand. PLOS ONE 9, e111328.","A high-resolution chronology of rapid forest transitions following Polynesian arrival in New Zealand","PLOS ONE 9, e111328",NA,NA,NA,NA,"10.1371/journal.pone.0111328",NA,NA,NA,NA,NA,NA,NA,NA,NA,NA,NA,NA,NA,"RPDv1b:1740",862,"Wilmshurst, J.M.",1,"Wilmshurst","J.M.",NA,NA,NA,NA,NA,NA,NA,NA,NA,"RPDv1b:1740",862,"RPDv1b",1740,14048,1.09,1.09,"cm",0.01,"AMS","undifferentiated plant macrofossil",640,15,NA,NA,"KCCAMS-102190",TRUE,NA,"NA Date is in uncalibrated radiocarbon years.","Lake Kirkpatrick core_SIEVED","counted","125-NaN",NA,NA,"",640,625,655,640,1.09,0.01,"NA Date is in uncalibrated radiocarbon years.",". Cal curve: NA. Source DB: RPDv1b","Lacustrine","Carbon-14","Radiocarbon",-53,1485,"Calibrated radiocarbon years BP","sedimentary charcoal","Data Sourcing: RPDv1b","Sample Age Source: RPDv1b"
"862",65,"charcoal | >125um num",NA,33,NA,NA,339,NA,NA,"RPDv1b","Charcoal (sum)",">125 µm",125,NA,"False","True","number","Macroscopic charcoal (sieved)","direct",NA,"CHAR",99,NA,NA,"quant_raw",5,"volume","cm^3","RPDv1b",1740,"charcoal","count","macrochar","wet_sieve","particle",">125um num",NA,">125um","num","RPDv1b","measured",1,"RPDv1b",NA,"Lake Kirkpatrick core",-45.02706,168.57374,570,"south",NA,NA,"sedlac",862,1,2014,"McWethy, D.B., Wilmshurst, J.M., Whitlock, C., Wood, J.R., McGlone, M.S., 2014. A high-resolution chronology of rapid forest transitions following Polynesian arrival in New Zealand. PLOS ONE 9, e111328.","A high-resolution chronology of rapid forest transitions following Polynesian arrival in New Zealand","PLOS ONE 9, e111328",NA,NA,NA,NA,"10.1371/journal.pone.0111328",NA,NA,NA,NA,NA,NA,NA,NA,NA,NA,NA,NA,NA,"RPDv1b:1740",862,"Wilmshurst, J.M.",1,"Wilmshurst","J.M.",NA,NA,NA,NA,NA,NA,NA,NA,NA,"RPDv1b:1740",862,"RPDv1b",1740,14049,1.1,1.1,"cm",0.01,"AMS","charcoal",555,20,NA,NA,"KCCAMS-102191",TRUE,NA,"NA Date is in uncalibrated radiocarbon years.","Lake Kirkpatrick core_SIEVED","counted","125-NaN",NA,NA,"",555,535,575,555,1.1,0.01,"NA Date is in uncalibrated radiocarbon years.",". Cal curve: NA. Source DB: RPDv1b","Lacustrine","Carbon-14","Radiocarbon",-53,1485,"Calibrated radiocarbon years BP","sedimentary charcoal","Data Sourcing: RPDv1b","Sample Age Source: RPDv1b"
"862",66,"charcoal | >125um num",NA,33.5,NA,NA,345,NA,NA,"RPDv1b","Charcoal (sum)",">125 µm",125,NA,"False","True","number","Macroscopic charcoal (sieved)","direct",NA,"CHAR",89,NA,NA,"quant_raw",5,"volume","cm^3","RPDv1b",1740,"charcoal","count","macrochar","wet_sieve","particle",">125um num",NA,">125um","num","RPDv1b","measured",1,"RPDv1b",NA,"Lake Kirkpatrick core",-45.02706,168.57374,570,"south",NA,NA,"sedlac",862,1,2014,"McWethy, D.B., Wilmshurst, J.M., Whitlock, C., Wood, J.R., McGlone, M.S., 2014. A high-resolution chronology of rapid forest transitions following Polynesian arrival in New Zealand. PLOS ONE 9, e111328.","A high-resolution chronology of rapid forest transitions following Polynesian arrival in New Zealand","PLOS ONE 9, e111328",NA,NA,NA,NA,"10.1371/journal.pone.0111328",NA,NA,NA,NA,NA,NA,NA,NA,NA,NA,NA,NA,NA,"RPDv1b:1740",862,"Wilmshurst, J.M.",1,"Wilmshurst","J.M.",NA,NA,NA,NA,NA,NA,NA,NA,NA,"RPDv1b:1740",862,"RPDv1b",1740,14049,1.1,1.1,"cm",0.01,"AMS","charcoal",555,20,NA,NA,"KCCAMS-102191",TRUE,NA,"NA Date is in uncalibrated radiocarbon years.","Lake Kirkpatrick core_SIEVED","counted","125-NaN",NA,NA,"",555,535,575,555,1.1,0.01,"NA Date is in uncalibrated radiocarbon years.",". Cal curve: NA. Source DB: RPDv1b","Lacustrine","Carbon-14","Radiocarbon",-53,1485,"Calibrated radiocarbon years BP","sedimentary charcoal","Data Sourcing: RPDv1b","Sample Age Source: RPDv1b"
"862",67,"charcoal | >125um num",NA,34,NA,NA,352,NA,NA,"RPDv1b","Charcoal (sum)",">125 µm",125,NA,"False","True","number","Macroscopic charcoal (sieved)","direct",NA,"CHAR",19,NA,NA,"quant_raw",5,"volume","cm^3","RPDv1b",1740,"charcoal","count","macrochar","wet_sieve","particle",">125um num",NA,">125um","num","RPDv1b","measured",1,"RPDv1b",NA,"Lake Kirkpatrick core",-45.02706,168.57374,570,"south",NA,NA,"sedlac",862,1,2014,"McWethy, D.B., Wilmshurst, J.M., Whitlock, C., Wood, J.R., McGlone, M.S., 2014. A high-resolution chronology of rapid forest transitions following Polynesian arrival in New Zealand. PLOS ONE 9, e111328.","A high-resolution chronology of rapid forest transitions following Polynesian arrival in New Zealand","PLOS ONE 9, e111328",NA,NA,NA,NA,"10.1371/journal.pone.0111328",NA,NA,NA,NA,NA,NA,NA,NA,NA,NA,NA,NA,NA,"RPDv1b:1740",862,"Wilmshurst, J.M.",1,"Wilmshurst","J.M.",NA,NA,NA,NA,NA,NA,NA,NA,NA,"RPDv1b:1740",862,"RPDv1b",1740,14049,1.1,1.1,"cm",0.01,"AMS","charcoal",555,20,NA,NA,"KCCAMS-102191",TRUE,NA,"NA Date is in uncalibrated radiocarbon years.","Lake Kirkpatrick core_SIEVED","counted","125-NaN",NA,NA,"",555,535,575,555,1.1,0.01,"NA Date is in uncalibrated radiocarbon years.",". Cal curve: NA. Source DB: RPDv1b","Lacustrine","Carbon-14","Radiocarbon",-53,1485,"Calibrated radiocarbon years BP","sedimentary charcoal","Data Sourcing: RPDv1b","Sample Age Source: RPDv1b"
"862",68,"charcoal | >125um num",NA,34.5,NA,NA,358,NA,NA,"RPDv1b","Charcoal (sum)",">125 µm",125,NA,"False","True","number","Macroscopic charcoal (sieved)","direct",NA,"CHAR",17,NA,NA,"quant_raw",5,"volume","cm^3","RPDv1b",1740,"charcoal","count","macrochar","wet_sieve","particle",">125um num",NA,">125um","num","RPDv1b","measured",1,"RPDv1b",NA,"Lake Kirkpatrick core",-45.02706,168.57374,570,"south",NA,NA,"sedlac",862,1,2014,"McWethy, D.B., Wilmshurst, J.M., Whitlock, C., Wood, J.R., McGlone, M.S., 2014. A high-resolution chronology of rapid forest transitions following Polynesian arrival in New Zealand. PLOS ONE 9, e111328.","A high-resolution chronology of rapid forest transitions following Polynesian arrival in New Zealand","PLOS ONE 9, e111328",NA,NA,NA,NA,"10.1371/journal.pone.0111328",NA,NA,NA,NA,NA,NA,NA,NA,NA,NA,NA,NA,NA,"RPDv1b:1740",862,"Wilmshurst, J.M.",1,"Wilmshurst","J.M.",NA,NA,NA,NA,NA,NA,NA,NA,NA,"RPDv1b:1740",862,"RPDv1b",1740,14049,1.1,1.1,"cm",0.01,"AMS","charcoal",555,20,NA,NA,"KCCAMS-102191",TRUE,NA,"NA Date is in uncalibrated radiocarbon years.","Lake Kirkpatrick core_SIEVED","counted","125-NaN",NA,NA,"",555,535,575,555,1.1,0.01,"NA Date is in uncalibrated radiocarbon years.",". Cal curve: NA. Source DB: RPDv1b","Lacustrine","Carbon-14","Radiocarbon",-53,1485,"Calibrated radiocarbon years BP","sedimentary charcoal","Data Sourcing: RPDv1b","Sample Age Source: RPDv1b"
"862",69,"charcoal | >125um num",NA,35,NA,NA,364,NA,NA,"RPDv1b","Charcoal (sum)",">125 µm",125,NA,"False","True","number","Macroscopic charcoal (sieved)","direct",NA,"CHAR",14,NA,NA,"quant_raw",5,"volume","cm^3","RPDv1b",1740,"charcoal","count","macrochar","wet_sieve","particle",">125um num",NA,">125um","num","RPDv1b","measured",1,"RPDv1b",NA,"Lake Kirkpatrick core",-45.02706,168.57374,570,"south",NA,NA,"sedlac",862,1,2014,"McWethy, D.B., Wilmshurst, J.M., Whitlock, C., Wood, J.R., McGlone, M.S., 2014. A high-resolution chronology of rapid forest transitions following Polynesian arrival in New Zealand. PLOS ONE 9, e111328.","A high-resolution chronology of rapid forest transitions following Polynesian arrival in New Zealand","PLOS ONE 9, e111328",NA,NA,NA,NA,"10.1371/journal.pone.0111328",NA,NA,NA,NA,NA,NA,NA,NA,NA,NA,NA,NA,NA,"RPDv1b:1740",862,"Wilmshurst, J.M.",1,"Wilmshurst","J.M.",NA,NA,NA,NA,NA,NA,NA,NA,NA,"RPDv1b:1740",862,"RPDv1b",1740,14049,1.1,1.1,"cm",0.01,"AMS","charcoal",555,20,NA,NA,"KCCAMS-102191",TRUE,NA,"NA Date is in uncalibrated radiocarbon years.","Lake Kirkpatrick core_SIEVED","counted","125-NaN",NA,NA,"",555,535,575,555,1.1,0.01,"NA Date is in uncalibrated radiocarbon years.",". Cal curve: NA. Source DB: RPDv1b","Lacustrine","Carbon-14","Radiocarbon",-53,1485,"Calibrated radiocarbon years BP","sedimentary charcoal","Data Sourcing: RPDv1b","Sample Age Source: RPDv1b"
"862",70,"charcoal | >125um num",NA,35.5,NA,NA,370,NA,NA,"RPDv1b","Charcoal (sum)",">125 µm",125,NA,"False","True","number","Macroscopic charcoal (sieved)","direct",NA,"CHAR",23,NA,NA,"quant_raw",5,"volume","cm^3","RPDv1b",1740,"charcoal","count","macrochar","wet_sieve","particle",">125um num",NA,">125um","num","RPDv1b","measured",1,"RPDv1b",NA,"Lake Kirkpatrick core",-45.02706,168.57374,570,"south",NA,NA,"sedlac",862,1,2014,"McWethy, D.B., Wilmshurst, J.M., Whitlock, C., Wood, J.R., McGlone, M.S., 2014. A high-resolution chronology of rapid forest transitions following Polynesian arrival in New Zealand. PLOS ONE 9, e111328.","A high-resolution chronology of rapid forest transitions following Polynesian arrival in New Zealand","PLOS ONE 9, e111328",NA,NA,NA,NA,"10.1371/journal.pone.0111328",NA,NA,NA,NA,NA,NA,NA,NA,NA,NA,NA,NA,NA,"RPDv1b:1740",862,"Wilmshurst, J.M.",1,"Wilmshurst","J.M.",NA,NA,NA,NA,NA,NA,NA,NA,NA,"RPDv1b:1740",862,"RPDv1b",1740,14049,1.1,1.1,"cm",0.01,"AMS","charcoal",555,20,NA,NA,"KCCAMS-102191",TRUE,NA,"NA Date is in uncalibrated radiocarbon years.","Lake Kirkpatrick core_SIEVED","counted","125-NaN",NA,NA,"",555,535,575,555,1.1,0.01,"NA Date is in uncalibrated radiocarbon years.",". Cal curve: NA. Source DB: RPDv1b","Lacustrine","Carbon-14","Radiocarbon",-53,1485,"Calibrated radiocarbon years BP","sedimentary charcoal","Data Sourcing: RPDv1b","Sample Age Source: RPDv1b"
"862",71,"charcoal | >125um num",NA,36,NA,NA,376,NA,NA,"RPDv1b","Charcoal (sum)",">125 µm",125,NA,"False","True","number","Macroscopic charcoal (sieved)","direct",NA,"CHAR",44,NA,NA,"quant_raw",5,"volume","cm^3","RPDv1b",1740,"charcoal","count","macrochar","wet_sieve","particle",">125um num",NA,">125um","num","RPDv1b","measured",1,"RPDv1b",NA,"Lake Kirkpatrick core",-45.02706,168.57374,570,"south",NA,NA,"sedlac",862,1,2014,"McWethy, D.B., Wilmshurst, J.M., Whitlock, C., Wood, J.R., McGlone, M.S., 2014. A high-resolution chronology of rapid forest transitions following Polynesian arrival in New Zealand. PLOS ONE 9, e111328.","A high-resolution chronology of rapid forest transitions following Polynesian arrival in New Zealand","PLOS ONE 9, e111328",NA,NA,NA,NA,"10.1371/journal.pone.0111328",NA,NA,NA,NA,NA,NA,NA,NA,NA,NA,NA,NA,NA,"RPDv1b:1740",862,"Wilmshurst, J.M.",1,"Wilmshurst","J.M.",NA,NA,NA,NA,NA,NA,NA,NA,NA,"RPDv1b:1740",862,"RPDv1b",1740,14049,1.1,1.1,"cm",0.01,"AMS","charcoal",555,20,NA,NA,"KCCAMS-102191",TRUE,NA,"NA Date is in uncalibrated radiocarbon years.","Lake Kirkpatrick core_SIEVED","counted","125-NaN",NA,NA,"",555,535,575,555,1.1,0.01,"NA Date is in uncalibrated radiocarbon years.",". Cal curve: NA. Source DB: RPDv1b","Lacustrine","Carbon-14","Radiocarbon",-53,1485,"Calibrated radiocarbon years BP","sedimentary charcoal","Data Sourcing: RPDv1b","Sample Age Source: RPDv1b"
"862",72,"charcoal | >125um num",NA,36.5,NA,NA,382,NA,NA,"RPDv1b","Charcoal (sum)",">125 µm",125,NA,"False","True","number","Macroscopic charcoal (sieved)","direct",NA,"CHAR",55,NA,NA,"quant_raw",5,"volume","cm^3","RPDv1b",1740,"charcoal","count","macrochar","wet_sieve","particle",">125um num",NA,">125um","num","RPDv1b","measured",1,"RPDv1b",NA,"Lake Kirkpatrick core",-45.02706,168.57374,570,"south",NA,NA,"sedlac",862,1,2014,"McWethy, D.B., Wilmshurst, J.M., Whitlock, C., Wood, J.R., McGlone, M.S., 2014. A high-resolution chronology of rapid forest transitions following Polynesian arrival in New Zealand. PLOS ONE 9, e111328.","A high-resolution chronology of rapid forest transitions following Polynesian arrival in New Zealand","PLOS ONE 9, e111328",NA,NA,NA,NA,"10.1371/journal.pone.0111328",NA,NA,NA,NA,NA,NA,NA,NA,NA,NA,NA,NA,NA,"RPDv1b:1740",862,"Wilmshurst, J.M.",1,"Wilmshurst","J.M.",NA,NA,NA,NA,NA,NA,NA,NA,NA,"RPDv1b:1740",862,"RPDv1b",1740,14049,1.1,1.1,"cm",0.01,"AMS","charcoal",555,20,NA,NA,"KCCAMS-102191",TRUE,NA,"NA Date is in uncalibrated radiocarbon years.","Lake Kirkpatrick core_SIEVED","counted","125-NaN",NA,NA,"",555,535,575,555,1.1,0.01,"NA Date is in uncalibrated radiocarbon years.",". Cal curve: NA. Source DB: RPDv1b","Lacustrine","Carbon-14","Radiocarbon",-53,1485,"Calibrated radiocarbon years BP","sedimentary charcoal","Data Sourcing: RPDv1b","Sample Age Source: RPDv1b"
"862",73,"charcoal | >125um num",NA,37,NA,NA,388,NA,NA,"RPDv1b","Charcoal (sum)",">125 µm",125,NA,"False","True","number","Macroscopic charcoal (sieved)","direct",NA,"CHAR",81,NA,NA,"quant_raw",5,"volume","cm^3","RPDv1b",1740,"charcoal","count","macrochar","wet_sieve","particle",">125um num",NA,">125um","num","RPDv1b","measured",1,"RPDv1b",NA,"Lake Kirkpatrick core",-45.02706,168.57374,570,"south",NA,NA,"sedlac",862,1,2014,"McWethy, D.B., Wilmshurst, J.M., Whitlock, C., Wood, J.R., McGlone, M.S., 2014. A high-resolution chronology of rapid forest transitions following Polynesian arrival in New Zealand. PLOS ONE 9, e111328.","A high-resolution chronology of rapid forest transitions following Polynesian arrival in New Zealand","PLOS ONE 9, e111328",NA,NA,NA,NA,"10.1371/journal.pone.0111328",NA,NA,NA,NA,NA,NA,NA,NA,NA,NA,NA,NA,NA,"RPDv1b:1740",862,"Wilmshurst, J.M.",1,"Wilmshurst","J.M.",NA,NA,NA,NA,NA,NA,NA,NA,NA,"RPDv1b:1740",862,"RPDv1b",1740,14049,1.1,1.1,"cm",0.01,"AMS","charcoal",555,20,NA,NA,"KCCAMS-102191",TRUE,NA,"NA Date is in uncalibrated radiocarbon years.","Lake Kirkpatrick core_SIEVED","counted","125-NaN",NA,NA,"",555,535,575,555,1.1,0.01,"NA Date is in uncalibrated radiocarbon years.",". Cal curve: NA. Source DB: RPDv1b","Lacustrine","Carbon-14","Radiocarbon",-53,1485,"Calibrated radiocarbon years BP","sedimentary charcoal","Data Sourcing: RPDv1b","Sample Age Source: RPDv1b"
"862",74,"charcoal | >125um num",NA,37.5,NA,NA,394,NA,NA,"RPDv1b","Charcoal (sum)",">125 µm",125,NA,"False","True","number","Macroscopic charcoal (sieved)","direct",NA,"CHAR",88,NA,NA,"quant_raw",5,"volume","cm^3","RPDv1b",1740,"charcoal","count","macrochar","wet_sieve","particle",">125um num",NA,">125um","num","RPDv1b","measured",1,"RPDv1b",NA,"Lake Kirkpatrick core",-45.02706,168.57374,570,"south",NA,NA,"sedlac",862,1,2014,"McWethy, D.B., Wilmshurst, J.M., Whitlock, C., Wood, J.R., McGlone, M.S., 2014. A high-resolution chronology of rapid forest transitions following Polynesian arrival in New Zealand. PLOS ONE 9, e111328.","A high-resolution chronology of rapid forest transitions following Polynesian arrival in New Zealand","PLOS ONE 9, e111328",NA,NA,NA,NA,"10.1371/journal.pone.0111328",NA,NA,NA,NA,NA,NA,NA,NA,NA,NA,NA,NA,NA,"RPDv1b:1740",862,"Wilmshurst, J.M.",1,"Wilmshurst","J.M.",NA,NA,NA,NA,NA,NA,NA,NA,NA,"RPDv1b:1740",862,"RPDv1b",1740,14049,1.1,1.1,"cm",0.01,"AMS","charcoal",555,20,NA,NA,"KCCAMS-102191",TRUE,NA,"NA Date is in uncalibrated radiocarbon years.","Lake Kirkpatrick core_SIEVED","counted","125-NaN",NA,NA,"",555,535,575,555,1.1,0.01,"NA Date is in uncalibrated radiocarbon years.",". Cal curve: NA. Source DB: RPDv1b","Lacustrine","Carbon-14","Radiocarbon",-53,1485,"Calibrated radiocarbon years BP","sedimentary charcoal","Data Sourcing: RPDv1b","Sample Age Source: RPDv1b"
"862",75,"charcoal | >125um num",NA,38,NA,NA,400,NA,NA,"RPDv1b","Charcoal (sum)",">125 µm",125,NA,"False","True","number","Macroscopic charcoal (sieved)","direct",NA,"CHAR",324,NA,NA,"quant_raw",5,"volume","cm^3","RPDv1b",1740,"charcoal","count","macrochar","wet_sieve","particle",">125um num",NA,">125um","num","RPDv1b","measured",1,"RPDv1b",NA,"Lake Kirkpatrick core",-45.02706,168.57374,570,"south",NA,NA,"sedlac",862,1,2014,"McWethy, D.B., Wilmshurst, J.M., Whitlock, C., Wood, J.R., McGlone, M.S., 2014. A high-resolution chronology of rapid forest transitions following Polynesian arrival in New Zealand. PLOS ONE 9, e111328.","A high-resolution chronology of rapid forest transitions following Polynesian arrival in New Zealand","PLOS ONE 9, e111328",NA,NA,NA,NA,"10.1371/journal.pone.0111328",NA,NA,NA,NA,NA,NA,NA,NA,NA,NA,NA,NA,NA,"RPDv1b:1740",862,"Wilmshurst, J.M.",1,"Wilmshurst","J.M.",NA,NA,NA,NA,NA,NA,NA,NA,NA,"RPDv1b:1740",862,"RPDv1b",1740,14049,1.1,1.1,"cm",0.01,"AMS","charcoal",555,20,NA,NA,"KCCAMS-102191",TRUE,NA,"NA Date is in uncalibrated radiocarbon years.","Lake Kirkpatrick core_SIEVED","counted","125-NaN",NA,NA,"",555,535,575,555,1.1,0.01,"NA Date is in uncalibrated radiocarbon years.",". Cal curve: NA. Source DB: RPDv1b","Lacustrine","Carbon-14","Radiocarbon",-53,1485,"Calibrated radiocarbon years BP","sedimentary charcoal","Data Sourcing: RPDv1b","Sample Age Source: RPDv1b"
"862",76,"charcoal | >125um num",NA,38.5,NA,NA,406,NA,NA,"RPDv1b","Charcoal (sum)",">125 µm",125,NA,"False","True","number","Macroscopic charcoal (sieved)","direct",NA,"CHAR",87,NA,NA,"quant_raw",5,"volume","cm^3","RPDv1b",1740,"charcoal","count","macrochar","wet_sieve","particle",">125um num",NA,">125um","num","RPDv1b","measured",1,"RPDv1b",NA,"Lake Kirkpatrick core",-45.02706,168.57374,570,"south",NA,NA,"sedlac",862,1,2014,"McWethy, D.B., Wilmshurst, J.M., Whitlock, C., Wood, J.R., McGlone, M.S., 2014. A high-resolution chronology of rapid forest transitions following Polynesian arrival in New Zealand. PLOS ONE 9, e111328.","A high-resolution chronology of rapid forest transitions following Polynesian arrival in New Zealand","PLOS ONE 9, e111328",NA,NA,NA,NA,"10.1371/journal.pone.0111328",NA,NA,NA,NA,NA,NA,NA,NA,NA,NA,NA,NA,NA,"RPDv1b:1740",862,"Whitlock, C.",1,"Whitlock","C.",NA,NA,NA,NA,NA,NA,NA,NA,NA,"RPDv1b:1740",862,"RPDv1b",1740,14049,1.1,1.1,"cm",0.01,"AMS","charcoal",555,20,NA,NA,"KCCAMS-102191",TRUE,NA,"NA Date is in uncalibrated radiocarbon years.","Lake Kirkpatrick core_SIEVED","counted","125-NaN",NA,NA,"",555,535,575,555,1.1,0.01,"NA Date is in uncalibrated radiocarbon years.",". Cal curve: NA. Source DB: RPDv1b","Lacustrine","Carbon-14","Radiocarbon",-53,1485,"Calibrated radiocarbon years BP","sedimentary charcoal","Data Sourcing: RPDv1b","Sample Age Source: RPDv1b"
"862",77,"charcoal | >125um num",NA,39,NA,NA,412,NA,NA,"RPDv1b","Charcoal (sum)",">125 µm",125,NA,"False","True","number","Macroscopic charcoal (sieved)","direct",NA,"CHAR",37,NA,NA,"quant_raw",5,"volume","cm^3","RPDv1b",1740,"charcoal","count","macrochar","wet_sieve","particle",">125um num",NA,">125um","num","RPDv1b","measured",1,"RPDv1b",NA,"Lake Kirkpatrick core",-45.02706,168.57374,570,"south",NA,NA,"sedlac",862,1,2014,"McWethy, D.B., Wilmshurst, J.M., Whitlock, C., Wood, J.R., McGlone, M.S., 2014. A high-resolution chronology of rapid forest transitions following Polynesian arrival in New Zealand. PLOS ONE 9, e111328.","A high-resolution chronology of rapid forest transitions following Polynesian arrival in New Zealand","PLOS ONE 9, e111328",NA,NA,NA,NA,"10.1371/journal.pone.0111328",NA,NA,NA,NA,NA,NA,NA,NA,NA,NA,NA,NA,NA,"RPDv1b:1740",862,"Whitlock, C.",1,"Whitlock","C.",NA,NA,NA,NA,NA,NA,NA,NA,NA,"RPDv1b:1740",862,"RPDv1b",1740,14049,1.1,1.1,"cm",0.01,"AMS","charcoal",555,20,NA,NA,"KCCAMS-102191",TRUE,NA,"NA Date is in uncalibrated radiocarbon years.","Lake Kirkpatrick core_SIEVED","counted","125-NaN",NA,NA,"",555,535,575,555,1.1,0.01,"NA Date is in uncalibrated radiocarbon years.",". Cal curve: NA. Source DB: RPDv1b","Lacustrine","Carbon-14","Radiocarbon",-53,1485,"Calibrated radiocarbon years BP","sedimentary charcoal","Data Sourcing: RPDv1b","Sample Age Source: RPDv1b"
"862",78,"charcoal | >125um num",NA,39.5,NA,NA,418,NA,NA,"RPDv1b","Charcoal (sum)",">125 µm",125,NA,"False","True","number","Macroscopic charcoal (sieved)","direct",NA,"CHAR",78,NA,NA,"quant_raw",5,"volume","cm^3","RPDv1b",1740,"charcoal","count","macrochar","wet_sieve","particle",">125um num",NA,">125um","num","RPDv1b","measured",1,"RPDv1b",NA,"Lake Kirkpatrick core",-45.02706,168.57374,570,"south",NA,NA,"sedlac",862,1,2014,"McWethy, D.B., Wilmshurst, J.M., Whitlock, C., Wood, J.R., McGlone, M.S., 2014. A high-resolution chronology of rapid forest transitions following Polynesian arrival in New Zealand. PLOS ONE 9, e111328.","A high-resolution chronology of rapid forest transitions following Polynesian arrival in New Zealand","PLOS ONE 9, e111328",NA,NA,NA,NA,"10.1371/journal.pone.0111328",NA,NA,NA,NA,NA,NA,NA,NA,NA,NA,NA,NA,NA,"RPDv1b:1740",862,"Whitlock, C.",1,"Whitlock","C.",NA,NA,NA,NA,NA,NA,NA,NA,NA,"RPDv1b:1740",862,"RPDv1b",1740,14050,1.11,1.11,"cm",0.01,"AMS","wood",750,15,NA,NA,"KCCAMS-102192",TRUE,NA,"NA Date is in uncalibrated radiocarbon years.","Lake Kirkpatrick core_SIEVED","counted","125-NaN",NA,NA,"",750,735,765,750,1.11,0.01,"NA Date is in uncalibrated radiocarbon years.",". Cal curve: NA. Source DB: RPDv1b","Lacustrine","Carbon-14","Radiocarbon",-53,1485,"Calibrated radiocarbon years BP","sedimentary charcoal","Data Sourcing: RPDv1b","Sample Age Source: RPDv1b"
"862",79,"charcoal | >125um num",NA,40,NA,NA,424,NA,NA,"RPDv1b","Charcoal (sum)",">125 µm",125,NA,"False","True","number","Macroscopic charcoal (sieved)","direct",NA,"CHAR",40,NA,NA,"quant_raw",5,"volume","cm^3","RPDv1b",1740,"charcoal","count","macrochar","wet_sieve","particle",">125um num",NA,">125um","num","RPDv1b","measured",1,"RPDv1b",NA,"Lake Kirkpatrick core",-45.02706,168.57374,570,"south",NA,NA,"sedlac",862,1,2014,"McWethy, D.B., Wilmshurst, J.M., Whitlock, C., Wood, J.R., McGlone, M.S., 2014. A high-resolution chronology of rapid forest transitions following Polynesian arrival in New Zealand. PLOS ONE 9, e111328.","A high-resolution chronology of rapid forest transitions following Polynesian arrival in New Zealand","PLOS ONE 9, e111328",NA,NA,NA,NA,"10.1371/journal.pone.0111328",NA,NA,NA,NA,NA,NA,NA,NA,NA,NA,NA,NA,NA,"RPDv1b:1740",862,"Whitlock, C.",1,"Whitlock","C.",NA,NA,NA,NA,NA,NA,NA,NA,NA,"RPDv1b:1740",862,"RPDv1b",1740,14050,1.11,1.11,"cm",0.01,"AMS","wood",750,15,NA,NA,"KCCAMS-102192",TRUE,NA,"NA Date is in uncalibrated radiocarbon years.","Lake Kirkpatrick core_SIEVED","counted","125-NaN",NA,NA,"",750,735,765,750,1.11,0.01,"NA Date is in uncalibrated radiocarbon years.",". Cal curve: NA. Source DB: RPDv1b","Lacustrine","Carbon-14","Radiocarbon",-53,1485,"Calibrated radiocarbon years BP","sedimentary charcoal","Data Sourcing: RPDv1b","Sample Age Source: RPDv1b"
"862",80,"charcoal | >125um num",NA,40.5,NA,NA,430,NA,NA,"RPDv1b","Charcoal (sum)",">125 µm",125,NA,"False","True","number","Macroscopic charcoal (sieved)","direct",NA,"CHAR",28,NA,NA,"quant_raw",5,"volume","cm^3","RPDv1b",1740,"charcoal","count","macrochar","wet_sieve","particle",">125um num",NA,">125um","num","RPDv1b","measured",1,"RPDv1b",NA,"Lake Kirkpatrick core",-45.02706,168.57374,570,"south",NA,NA,"sedlac",862,1,2014,"McWethy, D.B., Wilmshurst, J.M., Whitlock, C., Wood, J.R., McGlone, M.S., 2014. A high-resolution chronology of rapid forest transitions following Polynesian arrival in New Zealand. PLOS ONE 9, e111328.","A high-resolution chronology of rapid forest transitions following Polynesian arrival in New Zealand","PLOS ONE 9, e111328",NA,NA,NA,NA,"10.1371/journal.pone.0111328",NA,NA,NA,NA,NA,NA,NA,NA,NA,NA,NA,NA,NA,"RPDv1b:1740",862,"Whitlock, C.",1,"Whitlock","C.",NA,NA,NA,NA,NA,NA,NA,NA,NA,"RPDv1b:1740",862,"RPDv1b",1740,14050,1.11,1.11,"cm",0.01,"AMS","wood",750,15,NA,NA,"KCCAMS-102192",TRUE,NA,"NA Date is in uncalibrated radiocarbon years.","Lake Kirkpatrick core_SIEVED","counted","125-NaN",NA,NA,"",750,735,765,750,1.11,0.01,"NA Date is in uncalibrated radiocarbon years.",". Cal curve: NA. Source DB: RPDv1b","Lacustrine","Carbon-14","Radiocarbon",-53,1485,"Calibrated radiocarbon years BP","sedimentary charcoal","Data Sourcing: RPDv1b","Sample Age Source: RPDv1b"
"862",81,"charcoal | >125um num",NA,41,NA,NA,436,NA,NA,"RPDv1b","Charcoal (sum)",">125 µm",125,NA,"False","True","number","Macroscopic charcoal (sieved)","direct",NA,"CHAR",46,NA,NA,"quant_raw",5,"volume","cm^3","RPDv1b",1740,"charcoal","count","macrochar","wet_sieve","particle",">125um num",NA,">125um","num","RPDv1b","measured",1,"RPDv1b",NA,"Lake Kirkpatrick core",-45.02706,168.57374,570,"south",NA,NA,"sedlac",862,1,2014,"McWethy, D.B., Wilmshurst, J.M., Whitlock, C., Wood, J.R., McGlone, M.S., 2014. A high-resolution chronology of rapid forest transitions following Polynesian arrival in New Zealand. PLOS ONE 9, e111328.","A high-resolution chronology of rapid forest transitions following Polynesian arrival in New Zealand","PLOS ONE 9, e111328",NA,NA,NA,NA,"10.1371/journal.pone.0111328",NA,NA,NA,NA,NA,NA,NA,NA,NA,NA,NA,NA,NA,"RPDv1b:1740",862,"Whitlock, C.",1,"Whitlock","C.",NA,NA,NA,NA,NA,NA,NA,NA,NA,"RPDv1b:1740",862,"RPDv1b",1740,14050,1.11,1.11,"cm",0.01,"AMS","wood",750,15,NA,NA,"KCCAMS-102192",TRUE,NA,"NA Date is in uncalibrated radiocarbon years.","Lake Kirkpatrick core_SIEVED","counted","125-NaN",NA,NA,"",750,735,765,750,1.11,0.01,"NA Date is in uncalibrated radiocarbon years.",". Cal curve: NA. Source DB: RPDv1b","Lacustrine","Carbon-14","Radiocarbon",-53,1485,"Calibrated radiocarbon years BP","sedimentary charcoal","Data Sourcing: RPDv1b","Sample Age Source: RPDv1b"
"862",82,"charcoal | >125um num",NA,41.5,NA,NA,442,NA,NA,"RPDv1b","Charcoal (sum)",">125 µm",125,NA,"False","True","number","Macroscopic charcoal (sieved)","direct",NA,"CHAR",48,NA,NA,"quant_raw",5,"volume","cm^3","RPDv1b",1740,"charcoal","count","macrochar","wet_sieve","particle",">125um num",NA,">125um","num","RPDv1b","measured",1,"RPDv1b",NA,"Lake Kirkpatrick core",-45.02706,168.57374,570,"south",NA,NA,"sedlac",862,1,2014,"McWethy, D.B., Wilmshurst, J.M., Whitlock, C., Wood, J.R., McGlone, M.S., 2014. A high-resolution chronology of rapid forest transitions following Polynesian arrival in New Zealand. PLOS ONE 9, e111328.","A high-resolution chronology of rapid forest transitions following Polynesian arrival in New Zealand","PLOS ONE 9, e111328",NA,NA,NA,NA,"10.1371/journal.pone.0111328",NA,NA,NA,NA,NA,NA,NA,NA,NA,NA,NA,NA,NA,"RPDv1b:1740",862,"Whitlock, C.",1,"Whitlock","C.",NA,NA,NA,NA,NA,NA,NA,NA,NA,"RPDv1b:1740",862,"RPDv1b",1740,14050,1.11,1.11,"cm",0.01,"AMS","wood",750,15,NA,NA,"KCCAMS-102192",TRUE,NA,"NA Date is in uncalibrated radiocarbon years.","Lake Kirkpatrick core_SIEVED","counted","125-NaN",NA,NA,"",750,735,765,750,1.11,0.01,"NA Date is in uncalibrated radiocarbon years.",". Cal curve: NA. Source DB: RPDv1b","Lacustrine","Carbon-14","Radiocarbon",-53,1485,"Calibrated radiocarbon years BP","sedimentary charcoal","Data Sourcing: RPDv1b","Sample Age Source: RPDv1b"
"862",83,"charcoal | >125um num",NA,42,NA,NA,448,NA,NA,"RPDv1b","Charcoal (sum)",">125 µm",125,NA,"False","True","number","Macroscopic charcoal (sieved)","direct",NA,"CHAR",50,NA,NA,"quant_raw",5,"volume","cm^3","RPDv1b",1740,"charcoal","count","macrochar","wet_sieve","particle",">125um num",NA,">125um","num","RPDv1b","measured",1,"RPDv1b",NA,"Lake Kirkpatrick core",-45.02706,168.57374,570,"south",NA,NA,"sedlac",862,1,2014,"McWethy, D.B., Wilmshurst, J.M., Whitlock, C., Wood, J.R., McGlone, M.S., 2014. A high-resolution chronology of rapid forest transitions following Polynesian arrival in New Zealand. PLOS ONE 9, e111328.","A high-resolution chronology of rapid forest transitions following Polynesian arrival in New Zealand","PLOS ONE 9, e111328",NA,NA,NA,NA,"10.1371/journal.pone.0111328",NA,NA,NA,NA,NA,NA,NA,NA,NA,NA,NA,NA,NA,"RPDv1b:1740",862,"Whitlock, C.",1,"Whitlock","C.",NA,NA,NA,NA,NA,NA,NA,NA,NA,"RPDv1b:1740",862,"RPDv1b",1740,14050,1.11,1.11,"cm",0.01,"AMS","wood",750,15,NA,NA,"KCCAMS-102192",TRUE,NA,"NA Date is in uncalibrated radiocarbon years.","Lake Kirkpatrick core_SIEVED","counted","125-NaN",NA,NA,"",750,735,765,750,1.11,0.01,"NA Date is in uncalibrated radiocarbon years.",". Cal curve: NA. Source DB: RPDv1b","Lacustrine","Carbon-14","Radiocarbon",-53,1485,"Calibrated radiocarbon years BP","sedimentary charcoal","Data Sourcing: RPDv1b","Sample Age Source: RPDv1b"
"862",84,"charcoal | >125um num",NA,42.5,NA,NA,454,NA,NA,"RPDv1b","Charcoal (sum)",">125 µm",125,NA,"False","True","number","Macroscopic charcoal (sieved)","direct",NA,"CHAR",24,NA,NA,"quant_raw",5,"volume","cm^3","RPDv1b",1740,"charcoal","count","macrochar","wet_sieve","particle",">125um num",NA,">125um","num","RPDv1b","measured",1,"RPDv1b",NA,"Lake Kirkpatrick core",-45.02706,168.57374,570,"south",NA,NA,"sedlac",862,1,2014,"McWethy, D.B., Wilmshurst, J.M., Whitlock, C., Wood, J.R., McGlone, M.S., 2014. A high-resolution chronology of rapid forest transitions following Polynesian arrival in New Zealand. PLOS ONE 9, e111328.","A high-resolution chronology of rapid forest transitions following Polynesian arrival in New Zealand","PLOS ONE 9, e111328",NA,NA,NA,NA,"10.1371/journal.pone.0111328",NA,NA,NA,NA,NA,NA,NA,NA,NA,NA,NA,NA,NA,"RPDv1b:1740",862,"Whitlock, C.",1,"Whitlock","C.",NA,NA,NA,NA,NA,NA,NA,NA,NA,"RPDv1b:1740",862,"RPDv1b",1740,14050,1.11,1.11,"cm",0.01,"AMS","wood",750,15,NA,NA,"KCCAMS-102192",TRUE,NA,"NA Date is in uncalibrated radiocarbon years.","Lake Kirkpatrick core_SIEVED","counted","125-NaN",NA,NA,"",750,735,765,750,1.11,0.01,"NA Date is in uncalibrated radiocarbon years.",". Cal curve: NA. Source DB: RPDv1b","Lacustrine","Carbon-14","Radiocarbon",-53,1485,"Calibrated radiocarbon years BP","sedimentary charcoal","Data Sourcing: RPDv1b","Sample Age Source: RPDv1b"
"862",85,"charcoal | >125um num",NA,43,NA,NA,460,NA,NA,"RPDv1b","Charcoal (sum)",">125 µm",125,NA,"False","True","number","Macroscopic charcoal (sieved)","direct",NA,"CHAR",13,NA,NA,"quant_raw",5,"volume","cm^3","RPDv1b",1740,"charcoal","count","macrochar","wet_sieve","particle",">125um num",NA,">125um","num","RPDv1b","measured",1,"RPDv1b",NA,"Lake Kirkpatrick core",-45.02706,168.57374,570,"south",NA,NA,"sedlac",862,1,2014,"McWethy, D.B., Wilmshurst, J.M., Whitlock, C., Wood, J.R., McGlone, M.S., 2014. A high-resolution chronology of rapid forest transitions following Polynesian arrival in New Zealand. PLOS ONE 9, e111328.","A high-resolution chronology of rapid forest transitions following Polynesian arrival in New Zealand","PLOS ONE 9, e111328",NA,NA,NA,NA,"10.1371/journal.pone.0111328",NA,NA,NA,NA,NA,NA,NA,NA,NA,NA,NA,NA,NA,"RPDv1b:1740",862,"Whitlock, C.",1,"Whitlock","C.",NA,NA,NA,NA,NA,NA,NA,NA,NA,"RPDv1b:1740",862,"RPDv1b",1740,14050,1.11,1.11,"cm",0.01,"AMS","wood",750,15,NA,NA,"KCCAMS-102192",TRUE,NA,"NA Date is in uncalibrated radiocarbon years.","Lake Kirkpatrick core_SIEVED","counted","125-NaN",NA,NA,"",750,735,765,750,1.11,0.01,"NA Date is in uncalibrated radiocarbon years.",". Cal curve: NA. Source DB: RPDv1b","Lacustrine","Carbon-14","Radiocarbon",-53,1485,"Calibrated radiocarbon years BP","sedimentary charcoal","Data Sourcing: RPDv1b","Sample Age Source: RPDv1b"
"862",86,"charcoal | >125um num",NA,43.5,NA,NA,466,NA,NA,"RPDv1b","Charcoal (sum)",">125 µm",125,NA,"False","True","number","Macroscopic charcoal (sieved)","direct",NA,"CHAR",15,NA,NA,"quant_raw",5,"volume","cm^3","RPDv1b",1740,"charcoal","count","macrochar","wet_sieve","particle",">125um num",NA,">125um","num","RPDv1b","measured",1,"RPDv1b",NA,"Lake Kirkpatrick core",-45.02706,168.57374,570,"south",NA,NA,"sedlac",862,1,2014,"McWethy, D.B., Wilmshurst, J.M., Whitlock, C., Wood, J.R., McGlone, M.S., 2014. A high-resolution chronology of rapid forest transitions following Polynesian arrival in New Zealand. PLOS ONE 9, e111328.","A high-resolution chronology of rapid forest transitions following Polynesian arrival in New Zealand","PLOS ONE 9, e111328",NA,NA,NA,NA,"10.1371/journal.pone.0111328",NA,NA,NA,NA,NA,NA,NA,NA,NA,NA,NA,NA,NA,"RPDv1b:1740",862,"Whitlock, C.",1,"Whitlock","C.",NA,NA,NA,NA,NA,NA,NA,NA,NA,"RPDv1b:1740",862,"RPDv1b",1740,14050,1.11,1.11,"cm",0.01,"AMS","wood",750,15,NA,NA,"KCCAMS-102192",TRUE,NA,"NA Date is in uncalibrated radiocarbon years.","Lake Kirkpatrick core_SIEVED","counted","125-NaN",NA,NA,"",750,735,765,750,1.11,0.01,"NA Date is in uncalibrated radiocarbon years.",". Cal curve: NA. Source DB: RPDv1b","Lacustrine","Carbon-14","Radiocarbon",-53,1485,"Calibrated radiocarbon years BP","sedimentary charcoal","Data Sourcing: RPDv1b","Sample Age Source: RPDv1b"
"862",87,"charcoal | >125um num",NA,44,NA,NA,472,NA,NA,"RPDv1b","Charcoal (sum)",">125 µm",125,NA,"False","True","number","Macroscopic charcoal (sieved)","direct",NA,"CHAR",42,NA,NA,"quant_raw",5,"volume","cm^3","RPDv1b",1740,"charcoal","count","macrochar","wet_sieve","particle",">125um num",NA,">125um","num","RPDv1b","measured",1,"RPDv1b",NA,"Lake Kirkpatrick core",-45.02706,168.57374,570,"south",NA,NA,"sedlac",862,1,2014,"McWethy, D.B., Wilmshurst, J.M., Whitlock, C., Wood, J.R., McGlone, M.S., 2014. A high-resolution chronology of rapid forest transitions following Polynesian arrival in New Zealand. PLOS ONE 9, e111328.","A high-resolution chronology of rapid forest transitions following Polynesian arrival in New Zealand","PLOS ONE 9, e111328",NA,NA,NA,NA,"10.1371/journal.pone.0111328",NA,NA,NA,NA,NA,NA,NA,NA,NA,NA,NA,NA,NA,"RPDv1b:1740",862,"Whitlock, C.",1,"Whitlock","C.",NA,NA,NA,NA,NA,NA,NA,NA,NA,"RPDv1b:1740",862,"RPDv1b",1740,14050,1.11,1.11,"cm",0.01,"AMS","wood",750,15,NA,NA,"KCCAMS-102192",TRUE,NA,"NA Date is in uncalibrated radiocarbon years.","Lake Kirkpatrick core_SIEVED","counted","125-NaN",NA,NA,"",750,735,765,750,1.11,0.01,"NA Date is in uncalibrated radiocarbon years.",". Cal curve: NA. Source DB: RPDv1b","Lacustrine","Carbon-14","Radiocarbon",-53,1485,"Calibrated radiocarbon years BP","sedimentary charcoal","Data Sourcing: RPDv1b","Sample Age Source: RPDv1b"
"862",88,"charcoal | >125um num",NA,44.5,NA,NA,478,NA,NA,"RPDv1b","Charcoal (sum)",">125 µm",125,NA,"False","True","number","Macroscopic charcoal (sieved)","direct",NA,"CHAR",67,NA,NA,"quant_raw",5,"volume","cm^3","RPDv1b",1740,"charcoal","count","macrochar","wet_sieve","particle",">125um num",NA,">125um","num","RPDv1b","measured",1,"RPDv1b",NA,"Lake Kirkpatrick core",-45.02706,168.57374,570,"south",NA,NA,"sedlac",862,1,2014,"McWethy, D.B., Wilmshurst, J.M., Whitlock, C., Wood, J.R., McGlone, M.S., 2014. A high-resolution chronology of rapid forest transitions following Polynesian arrival in New Zealand. PLOS ONE 9, e111328.","A high-resolution chronology of rapid forest transitions following Polynesian arrival in New Zealand","PLOS ONE 9, e111328",NA,NA,NA,NA,"10.1371/journal.pone.0111328",NA,NA,NA,NA,NA,NA,NA,NA,NA,NA,NA,NA,NA,"RPDv1b:1740",862,"Whitlock, C.",1,"Whitlock","C.",NA,NA,NA,NA,NA,NA,NA,NA,NA,"RPDv1b:1740",862,"RPDv1b",1740,14050,1.11,1.11,"cm",0.01,"AMS","wood",750,15,NA,NA,"KCCAMS-102192",TRUE,NA,"NA Date is in uncalibrated radiocarbon years.","Lake Kirkpatrick core_SIEVED","counted","125-NaN",NA,NA,"",750,735,765,750,1.11,0.01,"NA Date is in uncalibrated radiocarbon years.",". Cal curve: NA. Source DB: RPDv1b","Lacustrine","Carbon-14","Radiocarbon",-53,1485,"Calibrated radiocarbon years BP","sedimentary charcoal","Data Sourcing: RPDv1b","Sample Age Source: RPDv1b"
"862",89,"charcoal | >125um num",NA,45,NA,NA,484,NA,NA,"RPDv1b","Charcoal (sum)",">125 µm",125,NA,"False","True","number","Macroscopic charcoal (sieved)","direct",NA,"CHAR",29,NA,NA,"quant_raw",5,"volume","cm^3","RPDv1b",1740,"charcoal","count","macrochar","wet_sieve","particle",">125um num",NA,">125um","num","RPDv1b","measured",1,"RPDv1b",NA,"Lake Kirkpatrick core",-45.02706,168.57374,570,"south",NA,NA,"sedlac",862,1,2014,"McWethy, D.B., Wilmshurst, J.M., Whitlock, C., Wood, J.R., McGlone, M.S., 2014. A high-resolution chronology of rapid forest transitions following Polynesian arrival in New Zealand. PLOS ONE 9, e111328.","A high-resolution chronology of rapid forest transitions following Polynesian arrival in New Zealand","PLOS ONE 9, e111328",NA,NA,NA,NA,"10.1371/journal.pone.0111328",NA,NA,NA,NA,NA,NA,NA,NA,NA,NA,NA,NA,NA,"RPDv1b:1740",862,"Whitlock, C.",1,"Whitlock","C.",NA,NA,NA,NA,NA,NA,NA,NA,NA,"RPDv1b:1740",862,"RPDv1b",1740,14050,1.11,1.11,"cm",0.01,"AMS","wood",750,15,NA,NA,"KCCAMS-102192",TRUE,NA,"NA Date is in uncalibrated radiocarbon years.","Lake Kirkpatrick core_SIEVED","counted","125-NaN",NA,NA,"",750,735,765,750,1.11,0.01,"NA Date is in uncalibrated radiocarbon years.",". Cal curve: NA. Source DB: RPDv1b","Lacustrine","Carbon-14","Radiocarbon",-53,1485,"Calibrated radiocarbon years BP","sedimentary charcoal","Data Sourcing: RPDv1b","Sample Age Source: RPDv1b"
"862",90,"charcoal | >125um num",NA,45.5,NA,NA,490,NA,NA,"RPDv1b","Charcoal (sum)",">125 µm",125,NA,"False","True","number","Macroscopic charcoal (sieved)","direct",NA,"CHAR",189,NA,NA,"quant_raw",5,"volume","cm^3","RPDv1b",1740,"charcoal","count","macrochar","wet_sieve","particle",">125um num",NA,">125um","num","RPDv1b","measured",1,"RPDv1b",NA,"Lake Kirkpatrick core",-45.02706,168.57374,570,"south",NA,NA,"sedlac",862,1,2014,"McWethy, D.B., Wilmshurst, J.M., Whitlock, C., Wood, J.R., McGlone, M.S., 2014. A high-resolution chronology of rapid forest transitions following Polynesian arrival in New Zealand. PLOS ONE 9, e111328.","A high-resolution chronology of rapid forest transitions following Polynesian arrival in New Zealand","PLOS ONE 9, e111328",NA,NA,NA,NA,"10.1371/journal.pone.0111328",NA,NA,NA,NA,NA,NA,NA,NA,NA,NA,NA,NA,NA,"RPDv1b:1740",862,"Whitlock, C.",1,"Whitlock","C.",NA,NA,NA,NA,NA,NA,NA,NA,NA,"RPDv1b:1740",862,"RPDv1b",1740,14050,1.11,1.11,"cm",0.01,"AMS","wood",750,15,NA,NA,"KCCAMS-102192",TRUE,NA,"NA Date is in uncalibrated radiocarbon years.","Lake Kirkpatrick core_SIEVED","counted","125-NaN",NA,NA,"",750,735,765,750,1.11,0.01,"NA Date is in uncalibrated radiocarbon years.",". Cal curve: NA. Source DB: RPDv1b","Lacustrine","Carbon-14","Radiocarbon",-53,1485,"Calibrated radiocarbon years BP","sedimentary charcoal","Data Sourcing: RPDv1b","Sample Age Source: RPDv1b"
"862",91,"charcoal | >125um num",NA,46,NA,NA,496,NA,NA,"RPDv1b","Charcoal (sum)",">125 µm",125,NA,"False","True","number","Macroscopic charcoal (sieved)","direct",NA,"CHAR",67,NA,NA,"quant_raw",5,"volume","cm^3","RPDv1b",1740,"charcoal","count","macrochar","wet_sieve","particle",">125um num",NA,">125um","num","RPDv1b","measured",1,"RPDv1b",NA,"Lake Kirkpatrick core",-45.02706,168.57374,570,"south",NA,NA,"sedlac",862,1,2014,"McWethy, D.B., Wilmshurst, J.M., Whitlock, C., Wood, J.R., McGlone, M.S., 2014. A high-resolution chronology of rapid forest transitions following Polynesian arrival in New Zealand. PLOS ONE 9, e111328.","A high-resolution chronology of rapid forest transitions following Polynesian arrival in New Zealand","PLOS ONE 9, e111328",NA,NA,NA,NA,"10.1371/journal.pone.0111328",NA,NA,NA,NA,NA,NA,NA,NA,NA,NA,NA,NA,NA,"RPDv1b:1740",862,"Whitlock, C.",1,"Whitlock","C.",NA,NA,NA,NA,NA,NA,NA,NA,NA,"RPDv1b:1740",862,"RPDv1b",1740,14051,1.12,1.12,"cm",0.01,"AMS","wood",695,20,NA,NA,"KCCAMS-102193",TRUE,NA,"NA Date is in uncalibrated radiocarbon years.","Lake Kirkpatrick core_SIEVED","counted","125-NaN",NA,NA,"",695,675,715,695,1.12,0.01,"NA Date is in uncalibrated radiocarbon years.",". Cal curve: NA. Source DB: RPDv1b","Lacustrine","Carbon-14","Radiocarbon",-53,1485,"Calibrated radiocarbon years BP","sedimentary charcoal","Data Sourcing: RPDv1b","Sample Age Source: RPDv1b"
"862",92,"charcoal | >125um num",NA,46.5,NA,NA,502,NA,NA,"RPDv1b","Charcoal (sum)",">125 µm",125,NA,"False","True","number","Macroscopic charcoal (sieved)","direct",NA,"CHAR",33,NA,NA,"quant_raw",5,"volume","cm^3","RPDv1b",1740,"charcoal","count","macrochar","wet_sieve","particle",">125um num",NA,">125um","num","RPDv1b","measured",1,"RPDv1b",NA,"Lake Kirkpatrick core",-45.02706,168.57374,570,"south",NA,NA,"sedlac",862,1,2014,"McWethy, D.B., Wilmshurst, J.M., Whitlock, C., Wood, J.R., McGlone, M.S., 2014. A high-resolution chronology of rapid forest transitions following Polynesian arrival in New Zealand. PLOS ONE 9, e111328.","A high-resolution chronology of rapid forest transitions following Polynesian arrival in New Zealand","PLOS ONE 9, e111328",NA,NA,NA,NA,"10.1371/journal.pone.0111328",NA,NA,NA,NA,NA,NA,NA,NA,NA,NA,NA,NA,NA,"RPDv1b:1740",862,"Whitlock, C.",1,"Whitlock","C.",NA,NA,NA,NA,NA,NA,NA,NA,NA,"RPDv1b:1740",862,"RPDv1b",1740,14051,1.12,1.12,"cm",0.01,"AMS","wood",695,20,NA,NA,"KCCAMS-102193",TRUE,NA,"NA Date is in uncalibrated radiocarbon years.","Lake Kirkpatrick core_SIEVED","counted","125-NaN",NA,NA,"",695,675,715,695,1.12,0.01,"NA Date is in uncalibrated radiocarbon years.",". Cal curve: NA. Source DB: RPDv1b","Lacustrine","Carbon-14","Radiocarbon",-53,1485,"Calibrated radiocarbon years BP","sedimentary charcoal","Data Sourcing: RPDv1b","Sample Age Source: RPDv1b"
"862",93,"charcoal | >125um num",NA,47,NA,NA,509,NA,NA,"RPDv1b","Charcoal (sum)",">125 µm",125,NA,"False","True","number","Macroscopic charcoal (sieved)","direct",NA,"CHAR",25,NA,NA,"quant_raw",5,"volume","cm^3","RPDv1b",1740,"charcoal","count","macrochar","wet_sieve","particle",">125um num",NA,">125um","num","RPDv1b","measured",1,"RPDv1b",NA,"Lake Kirkpatrick core",-45.02706,168.57374,570,"south",NA,NA,"sedlac",862,1,2014,"McWethy, D.B., Wilmshurst, J.M., Whitlock, C., Wood, J.R., McGlone, M.S., 2014. A high-resolution chronology of rapid forest transitions following Polynesian arrival in New Zealand. PLOS ONE 9, e111328.","A high-resolution chronology of rapid forest transitions following Polynesian arrival in New Zealand","PLOS ONE 9, e111328",NA,NA,NA,NA,"10.1371/journal.pone.0111328",NA,NA,NA,NA,NA,NA,NA,NA,NA,NA,NA,NA,NA,"RPDv1b:1740",862,"Whitlock, C.",1,"Whitlock","C.",NA,NA,NA,NA,NA,NA,NA,NA,NA,"RPDv1b:1740",862,"RPDv1b",1740,14051,1.12,1.12,"cm",0.01,"AMS","wood",695,20,NA,NA,"KCCAMS-102193",TRUE,NA,"NA Date is in uncalibrated radiocarbon years.","Lake Kirkpatrick core_SIEVED","counted","125-NaN",NA,NA,"",695,675,715,695,1.12,0.01,"NA Date is in uncalibrated radiocarbon years.",". Cal curve: NA. Source DB: RPDv1b","Lacustrine","Carbon-14","Radiocarbon",-53,1485,"Calibrated radiocarbon years BP","sedimentary charcoal","Data Sourcing: RPDv1b","Sample Age Source: RPDv1b"
"862",94,"charcoal | >125um num",NA,47.5,NA,NA,515,NA,NA,"RPDv1b","Charcoal (sum)",">125 µm",125,NA,"False","True","number","Macroscopic charcoal (sieved)","direct",NA,"CHAR",1,NA,NA,"quant_raw",5,"volume","cm^3","RPDv1b",1740,"charcoal","count","macrochar","wet_sieve","particle",">125um num",NA,">125um","num","RPDv1b","measured",1,"RPDv1b",NA,"Lake Kirkpatrick core",-45.02706,168.57374,570,"south",NA,NA,"sedlac",862,1,2014,"McWethy, D.B., Wilmshurst, J.M., Whitlock, C., Wood, J.R., McGlone, M.S., 2014. A high-resolution chronology of rapid forest transitions following Polynesian arrival in New Zealand. PLOS ONE 9, e111328.","A high-resolution chronology of rapid forest transitions following Polynesian arrival in New Zealand","PLOS ONE 9, e111328",NA,NA,NA,NA,"10.1371/journal.pone.0111328",NA,NA,NA,NA,NA,NA,NA,NA,NA,NA,NA,NA,NA,"RPDv1b:1740",862,"Whitlock, C.",1,"Whitlock","C.",NA,NA,NA,NA,NA,NA,NA,NA,NA,"RPDv1b:1740",862,"RPDv1b",1740,14051,1.12,1.12,"cm",0.01,"AMS","wood",695,20,NA,NA,"KCCAMS-102193",TRUE,NA,"NA Date is in uncalibrated radiocarbon years.","Lake Kirkpatrick core_SIEVED","counted","125-NaN",NA,NA,"",695,675,715,695,1.12,0.01,"NA Date is in uncalibrated radiocarbon years.",". Cal curve: NA. Source DB: RPDv1b","Lacustrine","Carbon-14","Radiocarbon",-53,1485,"Calibrated radiocarbon years BP","sedimentary charcoal","Data Sourcing: RPDv1b","Sample Age Source: RPDv1b"
"862",95,"charcoal | >125um num",NA,48,NA,NA,521,NA,NA,"RPDv1b","Charcoal (sum)",">125 µm",125,NA,"False","True","number","Macroscopic charcoal (sieved)","direct",NA,"CHAR",54,NA,NA,"quant_raw",5,"volume","cm^3","RPDv1b",1740,"charcoal","count","macrochar","wet_sieve","particle",">125um num",NA,">125um","num","RPDv1b","measured",1,"RPDv1b",NA,"Lake Kirkpatrick core",-45.02706,168.57374,570,"south",NA,NA,"sedlac",862,1,2014,"McWethy, D.B., Wilmshurst, J.M., Whitlock, C., Wood, J.R., McGlone, M.S., 2014. A high-resolution chronology of rapid forest transitions following Polynesian arrival in New Zealand. PLOS ONE 9, e111328.","A high-resolution chronology of rapid forest transitions following Polynesian arrival in New Zealand","PLOS ONE 9, e111328",NA,NA,NA,NA,"10.1371/journal.pone.0111328",NA,NA,NA,NA,NA,NA,NA,NA,NA,NA,NA,NA,NA,"RPDv1b:1740",862,"Whitlock, C.",1,"Whitlock","C.",NA,NA,NA,NA,NA,NA,NA,NA,NA,"RPDv1b:1740",862,"RPDv1b",1740,14051,1.12,1.12,"cm",0.01,"AMS","wood",695,20,NA,NA,"KCCAMS-102193",TRUE,NA,"NA Date is in uncalibrated radiocarbon years.","Lake Kirkpatrick core_SIEVED","counted","125-NaN",NA,NA,"",695,675,715,695,1.12,0.01,"NA Date is in uncalibrated radiocarbon years.",". Cal curve: NA. Source DB: RPDv1b","Lacustrine","Carbon-14","Radiocarbon",-53,1485,"Calibrated radiocarbon years BP","sedimentary charcoal","Data Sourcing: RPDv1b","Sample Age Source: RPDv1b"
"862",96,"charcoal | >125um num",NA,48.5,NA,NA,527,NA,NA,"RPDv1b","Charcoal (sum)",">125 µm",125,NA,"False","True","number","Macroscopic charcoal (sieved)","direct",NA,"CHAR",142,NA,NA,"quant_raw",5,"volume","cm^3","RPDv1b",1740,"charcoal","count","macrochar","wet_sieve","particle",">125um num",NA,">125um","num","RPDv1b","measured",1,"RPDv1b",NA,"Lake Kirkpatrick core",-45.02706,168.57374,570,"south",NA,NA,"sedlac",862,1,2014,"McWethy, D.B., Wilmshurst, J.M., Whitlock, C., Wood, J.R., McGlone, M.S., 2014. A high-resolution chronology of rapid forest transitions following Polynesian arrival in New Zealand. PLOS ONE 9, e111328.","A high-resolution chronology of rapid forest transitions following Polynesian arrival in New Zealand","PLOS ONE 9, e111328",NA,NA,NA,NA,"10.1371/journal.pone.0111328",NA,NA,NA,NA,NA,NA,NA,NA,NA,NA,NA,NA,NA,"RPDv1b:1740",862,"Whitlock, C.",1,"Whitlock","C.",NA,NA,NA,NA,NA,NA,NA,NA,NA,"RPDv1b:1740",862,"RPDv1b",1740,14051,1.12,1.12,"cm",0.01,"AMS","wood",695,20,NA,NA,"KCCAMS-102193",TRUE,NA,"NA Date is in uncalibrated radiocarbon years.","Lake Kirkpatrick core_SIEVED","counted","125-NaN",NA,NA,"",695,675,715,695,1.12,0.01,"NA Date is in uncalibrated radiocarbon years.",". Cal curve: NA. Source DB: RPDv1b","Lacustrine","Carbon-14","Radiocarbon",-53,1485,"Calibrated radiocarbon years BP","sedimentary charcoal","Data Sourcing: RPDv1b","Sample Age Source: RPDv1b"
"862",97,"charcoal | >125um num",NA,49,NA,NA,533,NA,NA,"RPDv1b","Charcoal (sum)",">125 µm",125,NA,"False","True","number","Macroscopic charcoal (sieved)","direct",NA,"CHAR",167,NA,NA,"quant_raw",5,"volume","cm^3","RPDv1b",1740,"charcoal","count","macrochar","wet_sieve","particle",">125um num",NA,">125um","num","RPDv1b","measured",1,"RPDv1b",NA,"Lake Kirkpatrick core",-45.02706,168.57374,570,"south",NA,NA,"sedlac",862,1,2014,"McWethy, D.B., Wilmshurst, J.M., Whitlock, C., Wood, J.R., McGlone, M.S., 2014. A high-resolution chronology of rapid forest transitions following Polynesian arrival in New Zealand. PLOS ONE 9, e111328.","A high-resolution chronology of rapid forest transitions following Polynesian arrival in New Zealand","PLOS ONE 9, e111328",NA,NA,NA,NA,"10.1371/journal.pone.0111328",NA,NA,NA,NA,NA,NA,NA,NA,NA,NA,NA,NA,NA,"RPDv1b:1740",862,"Whitlock, C.",1,"Whitlock","C.",NA,NA,NA,NA,NA,NA,NA,NA,NA,"RPDv1b:1740",862,"RPDv1b",1740,14051,1.12,1.12,"cm",0.01,"AMS","wood",695,20,NA,NA,"KCCAMS-102193",TRUE,NA,"NA Date is in uncalibrated radiocarbon years.","Lake Kirkpatrick core_SIEVED","counted","125-NaN",NA,NA,"",695,675,715,695,1.12,0.01,"NA Date is in uncalibrated radiocarbon years.",". Cal curve: NA. Source DB: RPDv1b","Lacustrine","Carbon-14","Radiocarbon",-53,1485,"Calibrated radiocarbon years BP","sedimentary charcoal","Data Sourcing: RPDv1b","Sample Age Source: RPDv1b"
"862",98,"charcoal | >125um num",NA,49.5,NA,NA,539,NA,NA,"RPDv1b","Charcoal (sum)",">125 µm",125,NA,"False","True","number","Macroscopic charcoal (sieved)","direct",NA,"CHAR",61,NA,NA,"quant_raw",5,"volume","cm^3","RPDv1b",1740,"charcoal","count","macrochar","wet_sieve","particle",">125um num",NA,">125um","num","RPDv1b","measured",1,"RPDv1b",NA,"Lake Kirkpatrick core",-45.02706,168.57374,570,"south",NA,NA,"sedlac",862,1,2014,"McWethy, D.B., Wilmshurst, J.M., Whitlock, C., Wood, J.R., McGlone, M.S., 2014. A high-resolution chronology of rapid forest transitions following Polynesian arrival in New Zealand. PLOS ONE 9, e111328.","A high-resolution chronology of rapid forest transitions following Polynesian arrival in New Zealand","PLOS ONE 9, e111328",NA,NA,NA,NA,"10.1371/journal.pone.0111328",NA,NA,NA,NA,NA,NA,NA,NA,NA,NA,NA,NA,NA,"RPDv1b:1740",862,"Whitlock, C.",1,"Whitlock","C.",NA,NA,NA,NA,NA,NA,NA,NA,NA,"RPDv1b:1740",862,"RPDv1b",1740,14051,1.12,1.12,"cm",0.01,"AMS","wood",695,20,NA,NA,"KCCAMS-102193",TRUE,NA,"NA Date is in uncalibrated radiocarbon years.","Lake Kirkpatrick core_SIEVED","counted","125-NaN",NA,NA,"",695,675,715,695,1.12,0.01,"NA Date is in uncalibrated radiocarbon years.",". Cal curve: NA. Source DB: RPDv1b","Lacustrine","Carbon-14","Radiocarbon",-53,1485,"Calibrated radiocarbon years BP","sedimentary charcoal","Data Sourcing: RPDv1b","Sample Age Source: RPDv1b"
"862",99,"charcoal | >125um num",NA,50,NA,NA,545,NA,NA,"RPDv1b","Charcoal (sum)",">125 µm",125,NA,"False","True","number","Macroscopic charcoal (sieved)","direct",NA,"CHAR",22,NA,NA,"quant_raw",5,"volume","cm^3","RPDv1b",1740,"charcoal","count","macrochar","wet_sieve","particle",">125um num",NA,">125um","num","RPDv1b","measured",1,"RPDv1b",NA,"Lake Kirkpatrick core",-45.02706,168.57374,570,"south",NA,NA,"sedlac",862,1,2014,"McWethy, D.B., Wilmshurst, J.M., Whitlock, C., Wood, J.R., McGlone, M.S., 2014. A high-resolution chronology of rapid forest transitions following Polynesian arrival in New Zealand. PLOS ONE 9, e111328.","A high-resolution chronology of rapid forest transitions following Polynesian arrival in New Zealand","PLOS ONE 9, e111328",NA,NA,NA,NA,"10.1371/journal.pone.0111328",NA,NA,NA,NA,NA,NA,NA,NA,NA,NA,NA,NA,NA,"RPDv1b:1740",862,"Whitlock, C.",1,"Whitlock","C.",NA,NA,NA,NA,NA,NA,NA,NA,NA,"RPDv1b:1740",862,"RPDv1b",1740,14051,1.12,1.12,"cm",0.01,"AMS","wood",695,20,NA,NA,"KCCAMS-102193",TRUE,NA,"NA Date is in uncalibrated radiocarbon years.","Lake Kirkpatrick core_SIEVED","counted","125-NaN",NA,NA,"",695,675,715,695,1.12,0.01,"NA Date is in uncalibrated radiocarbon years.",". Cal curve: NA. Source DB: RPDv1b","Lacustrine","Carbon-14","Radiocarbon",-53,1485,"Calibrated radiocarbon years BP","sedimentary charcoal","Data Sourcing: RPDv1b","Sample Age Source: RPDv1b"
"862",100,"charcoal | >125um num",NA,50.5,NA,NA,551,NA,NA,"RPDv1b","Charcoal (sum)",">125 µm",125,NA,"False","True","number","Macroscopic charcoal (sieved)","direct",NA,"CHAR",63,NA,NA,"quant_raw",5,"volume","cm^3","RPDv1b",1740,"charcoal","count","macrochar","wet_sieve","particle",">125um num",NA,">125um","num","RPDv1b","measured",1,"RPDv1b",NA,"Lake Kirkpatrick core",-45.02706,168.57374,570,"south",NA,NA,"sedlac",862,1,2014,"McWethy, D.B., Wilmshurst, J.M., Whitlock, C., Wood, J.R., McGlone, M.S., 2014. A high-resolution chronology of rapid forest transitions following Polynesian arrival in New Zealand. PLOS ONE 9, e111328.","A high-resolution chronology of rapid forest transitions following Polynesian arrival in New Zealand","PLOS ONE 9, e111328",NA,NA,NA,NA,"10.1371/journal.pone.0111328",NA,NA,NA,NA,NA,NA,NA,NA,NA,NA,NA,NA,NA,"RPDv1b:1740",862,"Whitlock, C.",1,"Whitlock","C.",NA,NA,NA,NA,NA,NA,NA,NA,NA,"RPDv1b:1740",862,"RPDv1b",1740,14051,1.12,1.12,"cm",0.01,"AMS","wood",695,20,NA,NA,"KCCAMS-102193",TRUE,NA,"NA Date is in uncalibrated radiocarbon years.","Lake Kirkpatrick core_SIEVED","counted","125-NaN",NA,NA,"",695,675,715,695,1.12,0.01,"NA Date is in uncalibrated radiocarbon years.",". Cal curve: NA. Source DB: RPDv1b","Lacustrine","Carbon-14","Radiocarbon",-53,1485,"Calibrated radiocarbon years BP","sedimentary charcoal","Data Sourcing: RPDv1b","Sample Age Source: RPDv1b"
"862",101,"charcoal | >125um num",NA,51,NA,NA,556,NA,NA,"RPDv1b","Charcoal (sum)",">125 µm",125,NA,"False","True","number","Macroscopic charcoal (sieved)","direct",NA,"CHAR",36,NA,NA,"quant_raw",5,"volume","cm^3","RPDv1b",1740,"charcoal","count","macrochar","wet_sieve","particle",">125um num",NA,">125um","num","RPDv1b","measured",1,"RPDv1b",NA,"Lake Kirkpatrick core",-45.02706,168.57374,570,"south",NA,NA,"sedlac",862,1,2014,"McWethy, D.B., Wilmshurst, J.M., Whitlock, C., Wood, J.R., McGlone, M.S., 2014. A high-resolution chronology of rapid forest transitions following Polynesian arrival in New Zealand. PLOS ONE 9, e111328.","A high-resolution chronology of rapid forest transitions following Polynesian arrival in New Zealand","PLOS ONE 9, e111328",NA,NA,NA,NA,"10.1371/journal.pone.0111328",NA,NA,NA,NA,NA,NA,NA,NA,NA,NA,NA,NA,NA,"RPDv1b:1740",862,"Whitlock, C.",1,"Whitlock","C.",NA,NA,NA,NA,NA,NA,NA,NA,NA,"RPDv1b:1740",862,"RPDv1b",1740,14051,1.12,1.12,"cm",0.01,"AMS","wood",695,20,NA,NA,"KCCAMS-102193",TRUE,NA,"NA Date is in uncalibrated radiocarbon years.","Lake Kirkpatrick core_SIEVED","counted","125-NaN",NA,NA,"",695,675,715,695,1.12,0.01,"NA Date is in uncalibrated radiocarbon years.",". Cal curve: NA. Source DB: RPDv1b","Lacustrine","Carbon-14","Radiocarbon",-53,1485,"Calibrated radiocarbon years BP","sedimentary charcoal","Data Sourcing: RPDv1b","Sample Age Source: RPDv1b"
"862",102,"charcoal | >125um num",NA,51.5,NA,NA,562,NA,NA,"RPDv1b","Charcoal (sum)",">125 µm",125,NA,"False","True","number","Macroscopic charcoal (sieved)","direct",NA,"CHAR",27,NA,NA,"quant_raw",5,"volume","cm^3","RPDv1b",1740,"charcoal","count","macrochar","wet_sieve","particle",">125um num",NA,">125um","num","RPDv1b","measured",1,"RPDv1b",NA,"Lake Kirkpatrick core",-45.02706,168.57374,570,"south",NA,NA,"sedlac",862,1,2014,"McWethy, D.B., Wilmshurst, J.M., Whitlock, C., Wood, J.R., McGlone, M.S., 2014. A high-resolution chronology of rapid forest transitions following Polynesian arrival in New Zealand. PLOS ONE 9, e111328.","A high-resolution chronology of rapid forest transitions following Polynesian arrival in New Zealand","PLOS ONE 9, e111328",NA,NA,NA,NA,"10.1371/journal.pone.0111328",NA,NA,NA,NA,NA,NA,NA,NA,NA,NA,NA,NA,NA,"RPDv1b:1740",862,"Whitlock, C.",1,"Whitlock","C.",NA,NA,NA,NA,NA,NA,NA,NA,NA,"RPDv1b:1740",862,"RPDv1b",1740,14051,1.12,1.12,"cm",0.01,"AMS","wood",695,20,NA,NA,"KCCAMS-102193",TRUE,NA,"NA Date is in uncalibrated radiocarbon years.","Lake Kirkpatrick core_SIEVED","counted","125-NaN",NA,NA,"",695,675,715,695,1.12,0.01,"NA Date is in uncalibrated radiocarbon years.",". Cal curve: NA. Source DB: RPDv1b","Lacustrine","Carbon-14","Radiocarbon",-53,1485,"Calibrated radiocarbon years BP","sedimentary charcoal","Data Sourcing: RPDv1b","Sample Age Source: RPDv1b"
"862",103,"charcoal | >125um num",NA,52,NA,NA,568,NA,NA,"RPDv1b","Charcoal (sum)",">125 µm",125,NA,"False","True","number","Macroscopic charcoal (sieved)","direct",NA,"CHAR",108,NA,NA,"quant_raw",5,"volume","cm^3","RPDv1b",1740,"charcoal","count","macrochar","wet_sieve","particle",">125um num",NA,">125um","num","RPDv1b","measured",1,"RPDv1b",NA,"Lake Kirkpatrick core",-45.02706,168.57374,570,"south",NA,NA,"sedlac",862,1,2014,"McWethy, D.B., Wilmshurst, J.M., Whitlock, C., Wood, J.R., McGlone, M.S., 2014. A high-resolution chronology of rapid forest transitions following Polynesian arrival in New Zealand. PLOS ONE 9, e111328.","A high-resolution chronology of rapid forest transitions following Polynesian arrival in New Zealand","PLOS ONE 9, e111328",NA,NA,NA,NA,"10.1371/journal.pone.0111328",NA,NA,NA,NA,NA,NA,NA,NA,NA,NA,NA,NA,NA,"RPDv1b:1740",862,"Whitlock, C.",1,"Whitlock","C.",NA,NA,NA,NA,NA,NA,NA,NA,NA,"RPDv1b:1740",862,"RPDv1b",1740,14051,1.12,1.12,"cm",0.01,"AMS","wood",695,20,NA,NA,"KCCAMS-102193",TRUE,NA,"NA Date is in uncalibrated radiocarbon years.","Lake Kirkpatrick core_SIEVED","counted","125-NaN",NA,NA,"",695,675,715,695,1.12,0.01,"NA Date is in uncalibrated radiocarbon years.",". Cal curve: NA. Source DB: RPDv1b","Lacustrine","Carbon-14","Radiocarbon",-53,1485,"Calibrated radiocarbon years BP","sedimentary charcoal","Data Sourcing: RPDv1b","Sample Age Source: RPDv1b"
"862",104,"charcoal | >125um num",NA,52.5,NA,NA,574,NA,NA,"RPDv1b","Charcoal (sum)",">125 µm",125,NA,"False","True","number","Macroscopic charcoal (sieved)","direct",NA,"CHAR",340,NA,NA,"quant_raw",5,"volume","cm^3","RPDv1b",1740,"charcoal","count","macrochar","wet_sieve","particle",">125um num",NA,">125um","num","RPDv1b","measured",1,"RPDv1b",NA,"Lake Kirkpatrick core",-45.02706,168.57374,570,"south",NA,NA,"sedlac",862,1,2014,"McWethy, D.B., Wilmshurst, J.M., Whitlock, C., Wood, J.R., McGlone, M.S., 2014. A high-resolution chronology of rapid forest transitions following Polynesian arrival in New Zealand. PLOS ONE 9, e111328.","A high-resolution chronology of rapid forest transitions following Polynesian arrival in New Zealand","PLOS ONE 9, e111328",NA,NA,NA,NA,"10.1371/journal.pone.0111328",NA,NA,NA,NA,NA,NA,NA,NA,NA,NA,NA,NA,NA,"RPDv1b:1740",862,"Whitlock, C.",1,"Whitlock","C.",NA,NA,NA,NA,NA,NA,NA,NA,NA,"RPDv1b:1740",862,"RPDv1b",1740,14052,1.13,1.13,"cm",0.01,"AMS","wood",635,15,NA,NA,"KCCAMS-102194",TRUE,NA,"NA Date is in uncalibrated radiocarbon years.","Lake Kirkpatrick core_SIEVED","counted","125-NaN",NA,NA,"",635,620,650,635,1.13,0.01,"NA Date is in uncalibrated radiocarbon years.",". Cal curve: NA. Source DB: RPDv1b","Lacustrine","Carbon-14","Radiocarbon",-53,1485,"Calibrated radiocarbon years BP","sedimentary charcoal","Data Sourcing: RPDv1b","Sample Age Source: RPDv1b"
"862",105,"charcoal | >125um num",NA,53,NA,NA,580,NA,NA,"RPDv1b","Charcoal (sum)",">125 µm",125,NA,"False","True","number","Macroscopic charcoal (sieved)","direct",NA,"CHAR",38,NA,NA,"quant_raw",5,"volume","cm^3","RPDv1b",1740,"charcoal","count","macrochar","wet_sieve","particle",">125um num",NA,">125um","num","RPDv1b","measured",1,"RPDv1b",NA,"Lake Kirkpatrick core",-45.02706,168.57374,570,"south",NA,NA,"sedlac",862,1,2014,"McWethy, D.B., Wilmshurst, J.M., Whitlock, C., Wood, J.R., McGlone, M.S., 2014. A high-resolution chronology of rapid forest transitions following Polynesian arrival in New Zealand. PLOS ONE 9, e111328.","A high-resolution chronology of rapid forest transitions following Polynesian arrival in New Zealand","PLOS ONE 9, e111328",NA,NA,NA,NA,"10.1371/journal.pone.0111328",NA,NA,NA,NA,NA,NA,NA,NA,NA,NA,NA,NA,NA,"RPDv1b:1740",862,"Whitlock, C.",1,"Whitlock","C.",NA,NA,NA,NA,NA,NA,NA,NA,NA,"RPDv1b:1740",862,"RPDv1b",1740,14052,1.13,1.13,"cm",0.01,"AMS","wood",635,15,NA,NA,"KCCAMS-102194",TRUE,NA,"NA Date is in uncalibrated radiocarbon years.","Lake Kirkpatrick core_SIEVED","counted","125-NaN",NA,NA,"",635,620,650,635,1.13,0.01,"NA Date is in uncalibrated radiocarbon years.",". Cal curve: NA. Source DB: RPDv1b","Lacustrine","Carbon-14","Radiocarbon",-53,1485,"Calibrated radiocarbon years BP","sedimentary charcoal","Data Sourcing: RPDv1b","Sample Age Source: RPDv1b"
"862",106,"charcoal | >125um num",NA,53.5,NA,NA,586,NA,NA,"RPDv1b","Charcoal (sum)",">125 µm",125,NA,"False","True","number","Macroscopic charcoal (sieved)","direct",NA,"CHAR",16,NA,NA,"quant_raw",5,"volume","cm^3","RPDv1b",1740,"charcoal","count","macrochar","wet_sieve","particle",">125um num",NA,">125um","num","RPDv1b","measured",1,"RPDv1b",NA,"Lake Kirkpatrick core",-45.02706,168.57374,570,"south",NA,NA,"sedlac",862,1,2014,"McWethy, D.B., Wilmshurst, J.M., Whitlock, C., Wood, J.R., McGlone, M.S., 2014. A high-resolution chronology of rapid forest transitions following Polynesian arrival in New Zealand. PLOS ONE 9, e111328.","A high-resolution chronology of rapid forest transitions following Polynesian arrival in New Zealand","PLOS ONE 9, e111328",NA,NA,NA,NA,"10.1371/journal.pone.0111328",NA,NA,NA,NA,NA,NA,NA,NA,NA,NA,NA,NA,NA,"RPDv1b:1740",862,"Whitlock, C.",1,"Whitlock","C.",NA,NA,NA,NA,NA,NA,NA,NA,NA,"RPDv1b:1740",862,"RPDv1b",1740,14052,1.13,1.13,"cm",0.01,"AMS","wood",635,15,NA,NA,"KCCAMS-102194",TRUE,NA,"NA Date is in uncalibrated radiocarbon years.","Lake Kirkpatrick core_SIEVED","counted","125-NaN",NA,NA,"",635,620,650,635,1.13,0.01,"NA Date is in uncalibrated radiocarbon years.",". Cal curve: NA. Source DB: RPDv1b","Lacustrine","Carbon-14","Radiocarbon",-53,1485,"Calibrated radiocarbon years BP","sedimentary charcoal","Data Sourcing: RPDv1b","Sample Age Source: RPDv1b"
"862",107,"charcoal | >125um num",NA,54,NA,NA,592,NA,NA,"RPDv1b","Charcoal (sum)",">125 µm",125,NA,"False","True","number","Macroscopic charcoal (sieved)","direct",NA,"CHAR",3,NA,NA,"quant_raw",5,"volume","cm^3","RPDv1b",1740,"charcoal","count","macrochar","wet_sieve","particle",">125um num",NA,">125um","num","RPDv1b","measured",1,"RPDv1b",NA,"Lake Kirkpatrick core",-45.02706,168.57374,570,"south",NA,NA,"sedlac",862,1,2014,"McWethy, D.B., Wilmshurst, J.M., Whitlock, C., Wood, J.R., McGlone, M.S., 2014. A high-resolution chronology of rapid forest transitions following Polynesian arrival in New Zealand. PLOS ONE 9, e111328.","A high-resolution chronology of rapid forest transitions following Polynesian arrival in New Zealand","PLOS ONE 9, e111328",NA,NA,NA,NA,"10.1371/journal.pone.0111328",NA,NA,NA,NA,NA,NA,NA,NA,NA,NA,NA,NA,NA,"RPDv1b:1740",862,"Whitlock, C.",1,"Whitlock","C.",NA,NA,NA,NA,NA,NA,NA,NA,NA,"RPDv1b:1740",862,"RPDv1b",1740,14052,1.13,1.13,"cm",0.01,"AMS","wood",635,15,NA,NA,"KCCAMS-102194",TRUE,NA,"NA Date is in uncalibrated radiocarbon years.","Lake Kirkpatrick core_SIEVED","counted","125-NaN",NA,NA,"",635,620,650,635,1.13,0.01,"NA Date is in uncalibrated radiocarbon years.",". Cal curve: NA. Source DB: RPDv1b","Lacustrine","Carbon-14","Radiocarbon",-53,1485,"Calibrated radiocarbon years BP","sedimentary charcoal","Data Sourcing: RPDv1b","Sample Age Source: RPDv1b"
"862",108,"charcoal | >125um num",NA,54.5,NA,NA,598,NA,NA,"RPDv1b","Charcoal (sum)",">125 µm",125,NA,"False","True","number","Macroscopic charcoal (sieved)","direct",NA,"CHAR",46,NA,NA,"quant_raw",5,"volume","cm^3","RPDv1b",1740,"charcoal","count","macrochar","wet_sieve","particle",">125um num",NA,">125um","num","RPDv1b","measured",1,"RPDv1b",NA,"Lake Kirkpatrick core",-45.02706,168.57374,570,"south",NA,NA,"sedlac",862,1,2014,"McWethy, D.B., Wilmshurst, J.M., Whitlock, C., Wood, J.R., McGlone, M.S., 2014. A high-resolution chronology of rapid forest transitions following Polynesian arrival in New Zealand. PLOS ONE 9, e111328.","A high-resolution chronology of rapid forest transitions following Polynesian arrival in New Zealand","PLOS ONE 9, e111328",NA,NA,NA,NA,"10.1371/journal.pone.0111328",NA,NA,NA,NA,NA,NA,NA,NA,NA,NA,NA,NA,NA,"RPDv1b:1740",862,"Whitlock, C.",1,"Whitlock","C.",NA,NA,NA,NA,NA,NA,NA,NA,NA,"RPDv1b:1740",862,"RPDv1b",1740,14052,1.13,1.13,"cm",0.01,"AMS","wood",635,15,NA,NA,"KCCAMS-102194",TRUE,NA,"NA Date is in uncalibrated radiocarbon years.","Lake Kirkpatrick core_SIEVED","counted","125-NaN",NA,NA,"",635,620,650,635,1.13,0.01,"NA Date is in uncalibrated radiocarbon years.",". Cal curve: NA. Source DB: RPDv1b","Lacustrine","Carbon-14","Radiocarbon",-53,1485,"Calibrated radiocarbon years BP","sedimentary charcoal","Data Sourcing: RPDv1b","Sample Age Source: RPDv1b"
"862",109,"charcoal | >125um num",NA,55,NA,NA,599,NA,NA,"RPDv1b","Charcoal (sum)",">125 µm",125,NA,"False","True","number","Macroscopic charcoal (sieved)","direct",NA,"CHAR",107,NA,NA,"quant_raw",5,"volume","cm^3","RPDv1b",1740,"charcoal","count","macrochar","wet_sieve","particle",">125um num",NA,">125um","num","RPDv1b","measured",1,"RPDv1b",NA,"Lake Kirkpatrick core",-45.02706,168.57374,570,"south",NA,NA,"sedlac",862,1,2014,"McWethy, D.B., Wilmshurst, J.M., Whitlock, C., Wood, J.R., McGlone, M.S., 2014. A high-resolution chronology of rapid forest transitions following Polynesian arrival in New Zealand. PLOS ONE 9, e111328.","A high-resolution chronology of rapid forest transitions following Polynesian arrival in New Zealand","PLOS ONE 9, e111328",NA,NA,NA,NA,"10.1371/journal.pone.0111328",NA,NA,NA,NA,NA,NA,NA,NA,NA,NA,NA,NA,NA,"RPDv1b:1740",862,"Whitlock, C.",1,"Whitlock","C.",NA,NA,NA,NA,NA,NA,NA,NA,NA,"RPDv1b:1740",862,"RPDv1b",1740,14052,1.13,1.13,"cm",0.01,"AMS","wood",635,15,NA,NA,"KCCAMS-102194",TRUE,NA,"NA Date is in uncalibrated radiocarbon years.","Lake Kirkpatrick core_SIEVED","counted","125-NaN",NA,NA,"",635,620,650,635,1.13,0.01,"NA Date is in uncalibrated radiocarbon years.",". Cal curve: NA. Source DB: RPDv1b","Lacustrine","Carbon-14","Radiocarbon",-53,1485,"Calibrated radiocarbon years BP","sedimentary charcoal","Data Sourcing: RPDv1b","Sample Age Source: RPDv1b"
"862",110,"charcoal | >125um num",NA,55.5,NA,NA,600,NA,NA,"RPDv1b","Charcoal (sum)",">125 µm",125,NA,"False","True","number","Macroscopic charcoal (sieved)","direct",NA,"CHAR",10,NA,NA,"quant_raw",5,"volume","cm^3","RPDv1b",1740,"charcoal","count","macrochar","wet_sieve","particle",">125um num",NA,">125um","num","RPDv1b","measured",1,"RPDv1b",NA,"Lake Kirkpatrick core",-45.02706,168.57374,570,"south",NA,NA,"sedlac",862,1,2014,"McWethy, D.B., Wilmshurst, J.M., Whitlock, C., Wood, J.R., McGlone, M.S., 2014. A high-resolution chronology of rapid forest transitions following Polynesian arrival in New Zealand. PLOS ONE 9, e111328.","A high-resolution chronology of rapid forest transitions following Polynesian arrival in New Zealand","PLOS ONE 9, e111328",NA,NA,NA,NA,"10.1371/journal.pone.0111328",NA,NA,NA,NA,NA,NA,NA,NA,NA,NA,NA,NA,NA,"RPDv1b:1740",862,"Whitlock, C.",1,"Whitlock","C.",NA,NA,NA,NA,NA,NA,NA,NA,NA,"RPDv1b:1740",862,"RPDv1b",1740,14052,1.13,1.13,"cm",0.01,"AMS","wood",635,15,NA,NA,"KCCAMS-102194",TRUE,NA,"NA Date is in uncalibrated radiocarbon years.","Lake Kirkpatrick core_SIEVED","counted","125-NaN",NA,NA,"",635,620,650,635,1.13,0.01,"NA Date is in uncalibrated radiocarbon years.",". Cal curve: NA. Source DB: RPDv1b","Lacustrine","Carbon-14","Radiocarbon",-53,1485,"Calibrated radiocarbon years BP","sedimentary charcoal","Data Sourcing: RPDv1b","Sample Age Source: RPDv1b"
"862",111,"charcoal | >125um num",NA,56,NA,NA,601,NA,NA,"RPDv1b","Charcoal (sum)",">125 µm",125,NA,"False","True","number","Macroscopic charcoal (sieved)","direct",NA,"CHAR",10,NA,NA,"quant_raw",5,"volume","cm^3","RPDv1b",1740,"charcoal","count","macrochar","wet_sieve","particle",">125um num",NA,">125um","num","RPDv1b","measured",1,"RPDv1b",NA,"Lake Kirkpatrick core",-45.02706,168.57374,570,"south",NA,NA,"sedlac",862,1,2014,"McWethy, D.B., Wilmshurst, J.M., Whitlock, C., Wood, J.R., McGlone, M.S., 2014. A high-resolution chronology of rapid forest transitions following Polynesian arrival in New Zealand. PLOS ONE 9, e111328.","A high-resolution chronology of rapid forest transitions following Polynesian arrival in New Zealand","PLOS ONE 9, e111328",NA,NA,NA,NA,"10.1371/journal.pone.0111328",NA,NA,NA,NA,NA,NA,NA,NA,NA,NA,NA,NA,NA,"RPDv1b:1740",862,"Whitlock, C.",1,"Whitlock","C.",NA,NA,NA,NA,NA,NA,NA,NA,NA,"RPDv1b:1740",862,"RPDv1b",1740,14052,1.13,1.13,"cm",0.01,"AMS","wood",635,15,NA,NA,"KCCAMS-102194",TRUE,NA,"NA Date is in uncalibrated radiocarbon years.","Lake Kirkpatrick core_SIEVED","counted","125-NaN",NA,NA,"",635,620,650,635,1.13,0.01,"NA Date is in uncalibrated radiocarbon years.",". Cal curve: NA. Source DB: RPDv1b","Lacustrine","Carbon-14","Radiocarbon",-53,1485,"Calibrated radiocarbon years BP","sedimentary charcoal","Data Sourcing: RPDv1b","Sample Age Source: RPDv1b"
"862",112,"charcoal | >125um num",NA,56.5,NA,NA,602,NA,NA,"RPDv1b","Charcoal (sum)",">125 µm",125,NA,"False","True","number","Macroscopic charcoal (sieved)","direct",NA,"CHAR",3,NA,NA,"quant_raw",5,"volume","cm^3","RPDv1b",1740,"charcoal","count","macrochar","wet_sieve","particle",">125um num",NA,">125um","num","RPDv1b","measured",1,"RPDv1b",NA,"Lake Kirkpatrick core",-45.02706,168.57374,570,"south",NA,NA,"sedlac",862,1,2014,"McWethy, D.B., Wilmshurst, J.M., Whitlock, C., Wood, J.R., McGlone, M.S., 2014. A high-resolution chronology of rapid forest transitions following Polynesian arrival in New Zealand. PLOS ONE 9, e111328.","A high-resolution chronology of rapid forest transitions following Polynesian arrival in New Zealand","PLOS ONE 9, e111328",NA,NA,NA,NA,"10.1371/journal.pone.0111328",NA,NA,NA,NA,NA,NA,NA,NA,NA,NA,NA,NA,NA,"RPDv1b:1740",862,"Whitlock, C.",1,"Whitlock","C.",NA,NA,NA,NA,NA,NA,NA,NA,NA,"RPDv1b:1740",862,"RPDv1b",1740,14052,1.13,1.13,"cm",0.01,"AMS","wood",635,15,NA,NA,"KCCAMS-102194",TRUE,NA,"NA Date is in uncalibrated radiocarbon years.","Lake Kirkpatrick core_SIEVED","counted","125-NaN",NA,NA,"",635,620,650,635,1.13,0.01,"NA Date is in uncalibrated radiocarbon years.",". Cal curve: NA. Source DB: RPDv1b","Lacustrine","Carbon-14","Radiocarbon",-53,1485,"Calibrated radiocarbon years BP","sedimentary charcoal","Data Sourcing: RPDv1b","Sample Age Source: RPDv1b"
"862",113,"charcoal | >125um num",NA,57,NA,NA,603,NA,NA,"RPDv1b","Charcoal (sum)",">125 µm",125,NA,"False","True","number","Macroscopic charcoal (sieved)","direct",NA,"CHAR",1,NA,NA,"quant_raw",5,"volume","cm^3","RPDv1b",1740,"charcoal","count","macrochar","wet_sieve","particle",">125um num",NA,">125um","num","RPDv1b","measured",1,"RPDv1b",NA,"Lake Kirkpatrick core",-45.02706,168.57374,570,"south",NA,NA,"sedlac",862,1,2014,"McWethy, D.B., Wilmshurst, J.M., Whitlock, C., Wood, J.R., McGlone, M.S., 2014. A high-resolution chronology of rapid forest transitions following Polynesian arrival in New Zealand. PLOS ONE 9, e111328.","A high-resolution chronology of rapid forest transitions following Polynesian arrival in New Zealand","PLOS ONE 9, e111328",NA,NA,NA,NA,"10.1371/journal.pone.0111328",NA,NA,NA,NA,NA,NA,NA,NA,NA,NA,NA,NA,NA,"RPDv1b:1740",862,"Whitlock, C.",1,"Whitlock","C.",NA,NA,NA,NA,NA,NA,NA,NA,NA,"RPDv1b:1740",862,"RPDv1b",1740,14052,1.13,1.13,"cm",0.01,"AMS","wood",635,15,NA,NA,"KCCAMS-102194",TRUE,NA,"NA Date is in uncalibrated radiocarbon years.","Lake Kirkpatrick core_SIEVED","counted","125-NaN",NA,NA,"",635,620,650,635,1.13,0.01,"NA Date is in uncalibrated radiocarbon years.",". Cal curve: NA. Source DB: RPDv1b","Lacustrine","Carbon-14","Radiocarbon",-53,1485,"Calibrated radiocarbon years BP","sedimentary charcoal","Data Sourcing: RPDv1b","Sample Age Source: RPDv1b"
"862",114,"charcoal | >125um num",NA,57.5,NA,NA,604,NA,NA,"RPDv1b","Charcoal (sum)",">125 µm",125,NA,"False","True","number","Macroscopic charcoal (sieved)","direct",NA,"CHAR",3,NA,NA,"quant_raw",5,"volume","cm^3","RPDv1b",1740,"charcoal","count","macrochar","wet_sieve","particle",">125um num",NA,">125um","num","RPDv1b","measured",1,"RPDv1b",NA,"Lake Kirkpatrick core",-45.02706,168.57374,570,"south",NA,NA,"sedlac",862,1,2014,"McWethy, D.B., Wilmshurst, J.M., Whitlock, C., Wood, J.R., McGlone, M.S., 2014. A high-resolution chronology of rapid forest transitions following Polynesian arrival in New Zealand. PLOS ONE 9, e111328.","A high-resolution chronology of rapid forest transitions following Polynesian arrival in New Zealand","PLOS ONE 9, e111328",NA,NA,NA,NA,"10.1371/journal.pone.0111328",NA,NA,NA,NA,NA,NA,NA,NA,NA,NA,NA,NA,NA,"RPDv1b:1740",862,"Wood, J.R.",1,"Wood","J.R.",NA,NA,NA,NA,NA,NA,NA,NA,NA,"RPDv1b:1740",862,"RPDv1b",1740,14052,1.13,1.13,"cm",0.01,"AMS","wood",635,15,NA,NA,"KCCAMS-102194",TRUE,NA,"NA Date is in uncalibrated radiocarbon years.","Lake Kirkpatrick core_SIEVED","counted","125-NaN",NA,NA,"",635,620,650,635,1.13,0.01,"NA Date is in uncalibrated radiocarbon years.",". Cal curve: NA. Source DB: RPDv1b","Lacustrine","Carbon-14","Radiocarbon",-53,1485,"Calibrated radiocarbon years BP","sedimentary charcoal","Data Sourcing: RPDv1b","Sample Age Source: RPDv1b"
"862",115,"charcoal | >125um num",NA,58,NA,NA,605,NA,NA,"RPDv1b","Charcoal (sum)",">125 µm",125,NA,"False","True","number","Macroscopic charcoal (sieved)","direct",NA,"CHAR",0,NA,NA,"quant_raw",5,"volume","cm^3","RPDv1b",1740,"charcoal","count","macrochar","wet_sieve","particle",">125um num",NA,">125um","num","RPDv1b","measured",1,"RPDv1b",NA,"Lake Kirkpatrick core",-45.02706,168.57374,570,"south",NA,NA,"sedlac",862,1,2014,"McWethy, D.B., Wilmshurst, J.M., Whitlock, C., Wood, J.R., McGlone, M.S., 2014. A high-resolution chronology of rapid forest transitions following Polynesian arrival in New Zealand. PLOS ONE 9, e111328.","A high-resolution chronology of rapid forest transitions following Polynesian arrival in New Zealand","PLOS ONE 9, e111328",NA,NA,NA,NA,"10.1371/journal.pone.0111328",NA,NA,NA,NA,NA,NA,NA,NA,NA,NA,NA,NA,NA,"RPDv1b:1740",862,"Wood, J.R.",1,"Wood","J.R.",NA,NA,NA,NA,NA,NA,NA,NA,NA,"RPDv1b:1740",862,"RPDv1b",1740,14052,1.13,1.13,"cm",0.01,"AMS","wood",635,15,NA,NA,"KCCAMS-102194",TRUE,NA,"NA Date is in uncalibrated radiocarbon years.","Lake Kirkpatrick core_SIEVED","counted","125-NaN",NA,NA,"",635,620,650,635,1.13,0.01,"NA Date is in uncalibrated radiocarbon years.",". Cal curve: NA. Source DB: RPDv1b","Lacustrine","Carbon-14","Radiocarbon",-53,1485,"Calibrated radiocarbon years BP","sedimentary charcoal","Data Sourcing: RPDv1b","Sample Age Source: RPDv1b"
"862",116,"charcoal | >125um num",NA,58.5,NA,NA,605,NA,NA,"RPDv1b","Charcoal (sum)",">125 µm",125,NA,"False","True","number","Macroscopic charcoal (sieved)","direct",NA,"CHAR",6,NA,NA,"quant_raw",5,"volume","cm^3","RPDv1b",1740,"charcoal","count","macrochar","wet_sieve","particle",">125um num",NA,">125um","num","RPDv1b","measured",1,"RPDv1b",NA,"Lake Kirkpatrick core",-45.02706,168.57374,570,"south",NA,NA,"sedlac",862,1,2014,"McWethy, D.B., Wilmshurst, J.M., Whitlock, C., Wood, J.R., McGlone, M.S., 2014. A high-resolution chronology of rapid forest transitions following Polynesian arrival in New Zealand. PLOS ONE 9, e111328.","A high-resolution chronology of rapid forest transitions following Polynesian arrival in New Zealand","PLOS ONE 9, e111328",NA,NA,NA,NA,"10.1371/journal.pone.0111328",NA,NA,NA,NA,NA,NA,NA,NA,NA,NA,NA,NA,NA,"RPDv1b:1740",862,"Wood, J.R.",1,"Wood","J.R.",NA,NA,NA,NA,NA,NA,NA,NA,NA,"RPDv1b:1740",862,"RPDv1b",1740,14052,1.13,1.13,"cm",0.01,"AMS","wood",635,15,NA,NA,"KCCAMS-102194",TRUE,NA,"NA Date is in uncalibrated radiocarbon years.","Lake Kirkpatrick core_SIEVED","counted","125-NaN",NA,NA,"",635,620,650,635,1.13,0.01,"NA Date is in uncalibrated radiocarbon years.",". Cal curve: NA. Source DB: RPDv1b","Lacustrine","Carbon-14","Radiocarbon",-53,1485,"Calibrated radiocarbon years BP","sedimentary charcoal","Data Sourcing: RPDv1b","Sample Age Source: RPDv1b"
"862",117,"charcoal | >125um num",NA,59,NA,NA,606,NA,NA,"RPDv1b","Charcoal (sum)",">125 µm",125,NA,"False","True","number","Macroscopic charcoal (sieved)","direct",NA,"CHAR",0,NA,NA,"quant_raw",5,"volume","cm^3","RPDv1b",1740,"charcoal","count","macrochar","wet_sieve","particle",">125um num",NA,">125um","num","RPDv1b","measured",1,"RPDv1b",NA,"Lake Kirkpatrick core",-45.02706,168.57374,570,"south",NA,NA,"sedlac",862,1,2014,"McWethy, D.B., Wilmshurst, J.M., Whitlock, C., Wood, J.R., McGlone, M.S., 2014. A high-resolution chronology of rapid forest transitions following Polynesian arrival in New Zealand. PLOS ONE 9, e111328.","A high-resolution chronology of rapid forest transitions following Polynesian arrival in New Zealand","PLOS ONE 9, e111328",NA,NA,NA,NA,"10.1371/journal.pone.0111328",NA,NA,NA,NA,NA,NA,NA,NA,NA,NA,NA,NA,NA,"RPDv1b:1740",862,"Wood, J.R.",1,"Wood","J.R.",NA,NA,NA,NA,NA,NA,NA,NA,NA,"RPDv1b:1740",862,"RPDv1b",1740,14053,1.14,1.14,"cm",0.01,"AMS","undifferentiated plant macrofossil",670,30,NA,NA,"KCCAMS-102195",TRUE,NA,"NA Date is in uncalibrated radiocarbon years.","Lake Kirkpatrick core_SIEVED","counted","125-NaN",NA,NA,"",670,640,700,670,1.14,0.01,"NA Date is in uncalibrated radiocarbon years.",". Cal curve: NA. Source DB: RPDv1b","Lacustrine","Carbon-14","Radiocarbon",-53,1485,"Calibrated radiocarbon years BP","sedimentary charcoal","Data Sourcing: RPDv1b","Sample Age Source: RPDv1b"
"862",118,"charcoal | >125um num",NA,59.5,NA,NA,609,NA,NA,"RPDv1b","Charcoal (sum)",">125 µm",125,NA,"False","True","number","Macroscopic charcoal (sieved)","direct",NA,"CHAR",1,NA,NA,"quant_raw",5,"volume","cm^3","RPDv1b",1740,"charcoal","count","macrochar","wet_sieve","particle",">125um num",NA,">125um","num","RPDv1b","measured",1,"RPDv1b",NA,"Lake Kirkpatrick core",-45.02706,168.57374,570,"south",NA,NA,"sedlac",862,1,2014,"McWethy, D.B., Wilmshurst, J.M., Whitlock, C., Wood, J.R., McGlone, M.S., 2014. A high-resolution chronology of rapid forest transitions following Polynesian arrival in New Zealand. PLOS ONE 9, e111328.","A high-resolution chronology of rapid forest transitions following Polynesian arrival in New Zealand","PLOS ONE 9, e111328",NA,NA,NA,NA,"10.1371/journal.pone.0111328",NA,NA,NA,NA,NA,NA,NA,NA,NA,NA,NA,NA,NA,"RPDv1b:1740",862,"Wood, J.R.",1,"Wood","J.R.",NA,NA,NA,NA,NA,NA,NA,NA,NA,"RPDv1b:1740",862,"RPDv1b",1740,14053,1.14,1.14,"cm",0.01,"AMS","undifferentiated plant macrofossil",670,30,NA,NA,"KCCAMS-102195",TRUE,NA,"NA Date is in uncalibrated radiocarbon years.","Lake Kirkpatrick core_SIEVED","counted","125-NaN",NA,NA,"",670,640,700,670,1.14,0.01,"NA Date is in uncalibrated radiocarbon years.",". Cal curve: NA. Source DB: RPDv1b","Lacustrine","Carbon-14","Radiocarbon",-53,1485,"Calibrated radiocarbon years BP","sedimentary charcoal","Data Sourcing: RPDv1b","Sample Age Source: RPDv1b"
"862",119,"charcoal | >125um num",NA,60,NA,NA,611,NA,NA,"RPDv1b","Charcoal (sum)",">125 µm",125,NA,"False","True","number","Macroscopic charcoal (sieved)","direct",NA,"CHAR",1,NA,NA,"quant_raw",5,"volume","cm^3","RPDv1b",1740,"charcoal","count","macrochar","wet_sieve","particle",">125um num",NA,">125um","num","RPDv1b","measured",1,"RPDv1b",NA,"Lake Kirkpatrick core",-45.02706,168.57374,570,"south",NA,NA,"sedlac",862,1,2014,"McWethy, D.B., Wilmshurst, J.M., Whitlock, C., Wood, J.R., McGlone, M.S., 2014. A high-resolution chronology of rapid forest transitions following Polynesian arrival in New Zealand. PLOS ONE 9, e111328.","A high-resolution chronology of rapid forest transitions following Polynesian arrival in New Zealand","PLOS ONE 9, e111328",NA,NA,NA,NA,"10.1371/journal.pone.0111328",NA,NA,NA,NA,NA,NA,NA,NA,NA,NA,NA,NA,NA,"RPDv1b:1740",862,"Wood, J.R.",1,"Wood","J.R.",NA,NA,NA,NA,NA,NA,NA,NA,NA,"RPDv1b:1740",862,"RPDv1b",1740,14053,1.14,1.14,"cm",0.01,"AMS","undifferentiated plant macrofossil",670,30,NA,NA,"KCCAMS-102195",TRUE,NA,"NA Date is in uncalibrated radiocarbon years.","Lake Kirkpatrick core_SIEVED","counted","125-NaN",NA,NA,"",670,640,700,670,1.14,0.01,"NA Date is in uncalibrated radiocarbon years.",". Cal curve: NA. Source DB: RPDv1b","Lacustrine","Carbon-14","Radiocarbon",-53,1485,"Calibrated radiocarbon years BP","sedimentary charcoal","Data Sourcing: RPDv1b","Sample Age Source: RPDv1b"
"862",120,"charcoal | >125um num",NA,60.5,NA,NA,613,NA,NA,"RPDv1b","Charcoal (sum)",">125 µm",125,NA,"False","True","number","Macroscopic charcoal (sieved)","direct",NA,"CHAR",1,NA,NA,"quant_raw",5,"volume","cm^3","RPDv1b",1740,"charcoal","count","macrochar","wet_sieve","particle",">125um num",NA,">125um","num","RPDv1b","measured",1,"RPDv1b",NA,"Lake Kirkpatrick core",-45.02706,168.57374,570,"south",NA,NA,"sedlac",862,1,2014,"McWethy, D.B., Wilmshurst, J.M., Whitlock, C., Wood, J.R., McGlone, M.S., 2014. A high-resolution chronology of rapid forest transitions following Polynesian arrival in New Zealand. PLOS ONE 9, e111328.","A high-resolution chronology of rapid forest transitions following Polynesian arrival in New Zealand","PLOS ONE 9, e111328",NA,NA,NA,NA,"10.1371/journal.pone.0111328",NA,NA,NA,NA,NA,NA,NA,NA,NA,NA,NA,NA,NA,"RPDv1b:1740",862,"Wood, J.R.",1,"Wood","J.R.",NA,NA,NA,NA,NA,NA,NA,NA,NA,"RPDv1b:1740",862,"RPDv1b",1740,14053,1.14,1.14,"cm",0.01,"AMS","undifferentiated plant macrofossil",670,30,NA,NA,"KCCAMS-102195",TRUE,NA,"NA Date is in uncalibrated radiocarbon years.","Lake Kirkpatrick core_SIEVED","counted","125-NaN",NA,NA,"",670,640,700,670,1.14,0.01,"NA Date is in uncalibrated radiocarbon years.",". Cal curve: NA. Source DB: RPDv1b","Lacustrine","Carbon-14","Radiocarbon",-53,1485,"Calibrated radiocarbon years BP","sedimentary charcoal","Data Sourcing: RPDv1b","Sample Age Source: RPDv1b"
"862",121,"charcoal | >125um num",NA,61,NA,NA,625,NA,NA,"RPDv1b","Charcoal (sum)",">125 µm",125,NA,"False","True","number","Macroscopic charcoal (sieved)","direct",NA,"CHAR",0,NA,NA,"quant_raw",5,"volume","cm^3","RPDv1b",1740,"charcoal","count","macrochar","wet_sieve","particle",">125um num",NA,">125um","num","RPDv1b","measured",1,"RPDv1b",NA,"Lake Kirkpatrick core",-45.02706,168.57374,570,"south",NA,NA,"sedlac",862,1,2014,"McWethy, D.B., Wilmshurst, J.M., Whitlock, C., Wood, J.R., McGlone, M.S., 2014. A high-resolution chronology of rapid forest transitions following Polynesian arrival in New Zealand. PLOS ONE 9, e111328.","A high-resolution chronology of rapid forest transitions following Polynesian arrival in New Zealand","PLOS ONE 9, e111328",NA,NA,NA,NA,"10.1371/journal.pone.0111328",NA,NA,NA,NA,NA,NA,NA,NA,NA,NA,NA,NA,NA,"RPDv1b:1740",862,"Wood, J.R.",1,"Wood","J.R.",NA,NA,NA,NA,NA,NA,NA,NA,NA,"RPDv1b:1740",862,"RPDv1b",1740,14053,1.14,1.14,"cm",0.01,"AMS","undifferentiated plant macrofossil",670,30,NA,NA,"KCCAMS-102195",TRUE,NA,"NA Date is in uncalibrated radiocarbon years.","Lake Kirkpatrick core_SIEVED","counted","125-NaN",NA,NA,"",670,640,700,670,1.14,0.01,"NA Date is in uncalibrated radiocarbon years.",". Cal curve: NA. Source DB: RPDv1b","Lacustrine","Carbon-14","Radiocarbon",-53,1485,"Calibrated radiocarbon years BP","sedimentary charcoal","Data Sourcing: RPDv1b","Sample Age Source: RPDv1b"
"862",122,"charcoal | >125um num",NA,61.5,NA,NA,637,NA,NA,"RPDv1b","Charcoal (sum)",">125 µm",125,NA,"False","True","number","Macroscopic charcoal (sieved)","direct",NA,"CHAR",2,NA,NA,"quant_raw",5,"volume","cm^3","RPDv1b",1740,"charcoal","count","macrochar","wet_sieve","particle",">125um num",NA,">125um","num","RPDv1b","measured",1,"RPDv1b",NA,"Lake Kirkpatrick core",-45.02706,168.57374,570,"south",NA,NA,"sedlac",862,1,2014,"McWethy, D.B., Wilmshurst, J.M., Whitlock, C., Wood, J.R., McGlone, M.S., 2014. A high-resolution chronology of rapid forest transitions following Polynesian arrival in New Zealand. PLOS ONE 9, e111328.","A high-resolution chronology of rapid forest transitions following Polynesian arrival in New Zealand","PLOS ONE 9, e111328",NA,NA,NA,NA,"10.1371/journal.pone.0111328",NA,NA,NA,NA,NA,NA,NA,NA,NA,NA,NA,NA,NA,"RPDv1b:1740",862,"Wood, J.R.",1,"Wood","J.R.",NA,NA,NA,NA,NA,NA,NA,NA,NA,"RPDv1b:1740",862,"RPDv1b",1740,14053,1.14,1.14,"cm",0.01,"AMS","undifferentiated plant macrofossil",670,30,NA,NA,"KCCAMS-102195",TRUE,NA,"NA Date is in uncalibrated radiocarbon years.","Lake Kirkpatrick core_SIEVED","counted","125-NaN",NA,NA,"",670,640,700,670,1.14,0.01,"NA Date is in uncalibrated radiocarbon years.",". Cal curve: NA. Source DB: RPDv1b","Lacustrine","Carbon-14","Radiocarbon",-53,1485,"Calibrated radiocarbon years BP","sedimentary charcoal","Data Sourcing: RPDv1b","Sample Age Source: RPDv1b"
"862",123,"charcoal | >125um num",NA,62,NA,NA,650,NA,NA,"RPDv1b","Charcoal (sum)",">125 µm",125,NA,"False","True","number","Macroscopic charcoal (sieved)","direct",NA,"CHAR",2,NA,NA,"quant_raw",5,"volume","cm^3","RPDv1b",1740,"charcoal","count","macrochar","wet_sieve","particle",">125um num",NA,">125um","num","RPDv1b","measured",1,"RPDv1b",NA,"Lake Kirkpatrick core",-45.02706,168.57374,570,"south",NA,NA,"sedlac",862,1,2014,"McWethy, D.B., Wilmshurst, J.M., Whitlock, C., Wood, J.R., McGlone, M.S., 2014. A high-resolution chronology of rapid forest transitions following Polynesian arrival in New Zealand. PLOS ONE 9, e111328.","A high-resolution chronology of rapid forest transitions following Polynesian arrival in New Zealand","PLOS ONE 9, e111328",NA,NA,NA,NA,"10.1371/journal.pone.0111328",NA,NA,NA,NA,NA,NA,NA,NA,NA,NA,NA,NA,NA,"RPDv1b:1740",862,"Wood, J.R.",1,"Wood","J.R.",NA,NA,NA,NA,NA,NA,NA,NA,NA,"RPDv1b:1740",862,"RPDv1b",1740,14053,1.14,1.14,"cm",0.01,"AMS","undifferentiated plant macrofossil",670,30,NA,NA,"KCCAMS-102195",TRUE,NA,"NA Date is in uncalibrated radiocarbon years.","Lake Kirkpatrick core_SIEVED","counted","125-NaN",NA,NA,"",670,640,700,670,1.14,0.01,"NA Date is in uncalibrated radiocarbon years.",". Cal curve: NA. Source DB: RPDv1b","Lacustrine","Carbon-14","Radiocarbon",-53,1485,"Calibrated radiocarbon years BP","sedimentary charcoal","Data Sourcing: RPDv1b","Sample Age Source: RPDv1b"
"862",124,"charcoal | >125um num",NA,62.5,NA,NA,662,NA,NA,"RPDv1b","Charcoal (sum)",">125 µm",125,NA,"False","True","number","Macroscopic charcoal (sieved)","direct",NA,"CHAR",1,NA,NA,"quant_raw",5,"volume","cm^3","RPDv1b",1740,"charcoal","count","macrochar","wet_sieve","particle",">125um num",NA,">125um","num","RPDv1b","measured",1,"RPDv1b",NA,"Lake Kirkpatrick core",-45.02706,168.57374,570,"south",NA,NA,"sedlac",862,1,2014,"McWethy, D.B., Wilmshurst, J.M., Whitlock, C., Wood, J.R., McGlone, M.S., 2014. A high-resolution chronology of rapid forest transitions following Polynesian arrival in New Zealand. PLOS ONE 9, e111328.","A high-resolution chronology of rapid forest transitions following Polynesian arrival in New Zealand","PLOS ONE 9, e111328",NA,NA,NA,NA,"10.1371/journal.pone.0111328",NA,NA,NA,NA,NA,NA,NA,NA,NA,NA,NA,NA,NA,"RPDv1b:1740",862,"Wood, J.R.",1,"Wood","J.R.",NA,NA,NA,NA,NA,NA,NA,NA,NA,"RPDv1b:1740",862,"RPDv1b",1740,14053,1.14,1.14,"cm",0.01,"AMS","undifferentiated plant macrofossil",670,30,NA,NA,"KCCAMS-102195",TRUE,NA,"NA Date is in uncalibrated radiocarbon years.","Lake Kirkpatrick core_SIEVED","counted","125-NaN",NA,NA,"",670,640,700,670,1.14,0.01,"NA Date is in uncalibrated radiocarbon years.",". Cal curve: NA. Source DB: RPDv1b","Lacustrine","Carbon-14","Radiocarbon",-53,1485,"Calibrated radiocarbon years BP","sedimentary charcoal","Data Sourcing: RPDv1b","Sample Age Source: RPDv1b"
"862",125,"charcoal | >125um num",NA,63,NA,NA,674,NA,NA,"RPDv1b","Charcoal (sum)",">125 µm",125,NA,"False","True","number","Macroscopic charcoal (sieved)","direct",NA,"CHAR",4,NA,NA,"quant_raw",5,"volume","cm^3","RPDv1b",1740,"charcoal","count","macrochar","wet_sieve","particle",">125um num",NA,">125um","num","RPDv1b","measured",1,"RPDv1b",NA,"Lake Kirkpatrick core",-45.02706,168.57374,570,"south",NA,NA,"sedlac",862,1,2014,"McWethy, D.B., Wilmshurst, J.M., Whitlock, C., Wood, J.R., McGlone, M.S., 2014. A high-resolution chronology of rapid forest transitions following Polynesian arrival in New Zealand. PLOS ONE 9, e111328.","A high-resolution chronology of rapid forest transitions following Polynesian arrival in New Zealand","PLOS ONE 9, e111328",NA,NA,NA,NA,"10.1371/journal.pone.0111328",NA,NA,NA,NA,NA,NA,NA,NA,NA,NA,NA,NA,NA,"RPDv1b:1740",862,"Wood, J.R.",1,"Wood","J.R.",NA,NA,NA,NA,NA,NA,NA,NA,NA,"RPDv1b:1740",862,"RPDv1b",1740,14053,1.14,1.14,"cm",0.01,"AMS","undifferentiated plant macrofossil",670,30,NA,NA,"KCCAMS-102195",TRUE,NA,"NA Date is in uncalibrated radiocarbon years.","Lake Kirkpatrick core_SIEVED","counted","125-NaN",NA,NA,"",670,640,700,670,1.14,0.01,"NA Date is in uncalibrated radiocarbon years.",". Cal curve: NA. Source DB: RPDv1b","Lacustrine","Carbon-14","Radiocarbon",-53,1485,"Calibrated radiocarbon years BP","sedimentary charcoal","Data Sourcing: RPDv1b","Sample Age Source: RPDv1b"
"862",126,"charcoal | >125um num",NA,63.5,NA,NA,686,NA,NA,"RPDv1b","Charcoal (sum)",">125 µm",125,NA,"False","True","number","Macroscopic charcoal (sieved)","direct",NA,"CHAR",2,NA,NA,"quant_raw",5,"volume","cm^3","RPDv1b",1740,"charcoal","count","macrochar","wet_sieve","particle",">125um num",NA,">125um","num","RPDv1b","measured",1,"RPDv1b",NA,"Lake Kirkpatrick core",-45.02706,168.57374,570,"south",NA,NA,"sedlac",862,1,2014,"McWethy, D.B., Wilmshurst, J.M., Whitlock, C., Wood, J.R., McGlone, M.S., 2014. A high-resolution chronology of rapid forest transitions following Polynesian arrival in New Zealand. PLOS ONE 9, e111328.","A high-resolution chronology of rapid forest transitions following Polynesian arrival in New Zealand","PLOS ONE 9, e111328",NA,NA,NA,NA,"10.1371/journal.pone.0111328",NA,NA,NA,NA,NA,NA,NA,NA,NA,NA,NA,NA,NA,"RPDv1b:1740",862,"Wood, J.R.",1,"Wood","J.R.",NA,NA,NA,NA,NA,NA,NA,NA,NA,"RPDv1b:1740",862,"RPDv1b",1740,14053,1.14,1.14,"cm",0.01,"AMS","undifferentiated plant macrofossil",670,30,NA,NA,"KCCAMS-102195",TRUE,NA,"NA Date is in uncalibrated radiocarbon years.","Lake Kirkpatrick core_SIEVED","counted","125-NaN",NA,NA,"",670,640,700,670,1.14,0.01,"NA Date is in uncalibrated radiocarbon years.",". Cal curve: NA. Source DB: RPDv1b","Lacustrine","Carbon-14","Radiocarbon",-53,1485,"Calibrated radiocarbon years BP","sedimentary charcoal","Data Sourcing: RPDv1b","Sample Age Source: RPDv1b"
"862",127,"charcoal | >125um num",NA,64,NA,NA,699,NA,NA,"RPDv1b","Charcoal (sum)",">125 µm",125,NA,"False","True","number","Macroscopic charcoal (sieved)","direct",NA,"CHAR",0,NA,NA,"quant_raw",5,"volume","cm^3","RPDv1b",1740,"charcoal","count","macrochar","wet_sieve","particle",">125um num",NA,">125um","num","RPDv1b","measured",1,"RPDv1b",NA,"Lake Kirkpatrick core",-45.02706,168.57374,570,"south",NA,NA,"sedlac",862,1,2014,"McWethy, D.B., Wilmshurst, J.M., Whitlock, C., Wood, J.R., McGlone, M.S., 2014. A high-resolution chronology of rapid forest transitions following Polynesian arrival in New Zealand. PLOS ONE 9, e111328.","A high-resolution chronology of rapid forest transitions following Polynesian arrival in New Zealand","PLOS ONE 9, e111328",NA,NA,NA,NA,"10.1371/journal.pone.0111328",NA,NA,NA,NA,NA,NA,NA,NA,NA,NA,NA,NA,NA,"RPDv1b:1740",862,"Wood, J.R.",1,"Wood","J.R.",NA,NA,NA,NA,NA,NA,NA,NA,NA,"RPDv1b:1740",862,"RPDv1b",1740,14053,1.14,1.14,"cm",0.01,"AMS","undifferentiated plant macrofossil",670,30,NA,NA,"KCCAMS-102195",TRUE,NA,"NA Date is in uncalibrated radiocarbon years.","Lake Kirkpatrick core_SIEVED","counted","125-NaN",NA,NA,"",670,640,700,670,1.14,0.01,"NA Date is in uncalibrated radiocarbon years.",". Cal curve: NA. Source DB: RPDv1b","Lacustrine","Carbon-14","Radiocarbon",-53,1485,"Calibrated radiocarbon years BP","sedimentary charcoal","Data Sourcing: RPDv1b","Sample Age Source: RPDv1b"
"862",128,"charcoal | >125um num",NA,64.5,NA,NA,711,NA,NA,"RPDv1b","Charcoal (sum)",">125 µm",125,NA,"False","True","number","Macroscopic charcoal (sieved)","direct",NA,"CHAR",2,NA,NA,"quant_raw",5,"volume","cm^3","RPDv1b",1740,"charcoal","count","macrochar","wet_sieve","particle",">125um num",NA,">125um","num","RPDv1b","measured",1,"RPDv1b",NA,"Lake Kirkpatrick core",-45.02706,168.57374,570,"south",NA,NA,"sedlac",862,1,2014,"McWethy, D.B., Wilmshurst, J.M., Whitlock, C., Wood, J.R., McGlone, M.S., 2014. A high-resolution chronology of rapid forest transitions following Polynesian arrival in New Zealand. PLOS ONE 9, e111328.","A high-resolution chronology of rapid forest transitions following Polynesian arrival in New Zealand","PLOS ONE 9, e111328",NA,NA,NA,NA,"10.1371/journal.pone.0111328",NA,NA,NA,NA,NA,NA,NA,NA,NA,NA,NA,NA,NA,"RPDv1b:1740",862,"Wood, J.R.",1,"Wood","J.R.",NA,NA,NA,NA,NA,NA,NA,NA,NA,"RPDv1b:1740",862,"RPDv1b",1740,14053,1.14,1.14,"cm",0.01,"AMS","undifferentiated plant macrofossil",670,30,NA,NA,"KCCAMS-102195",TRUE,NA,"NA Date is in uncalibrated radiocarbon years.","Lake Kirkpatrick core_SIEVED","counted","125-NaN",NA,NA,"",670,640,700,670,1.14,0.01,"NA Date is in uncalibrated radiocarbon years.",". Cal curve: NA. Source DB: RPDv1b","Lacustrine","Carbon-14","Radiocarbon",-53,1485,"Calibrated radiocarbon years BP","sedimentary charcoal","Data Sourcing: RPDv1b","Sample Age Source: RPDv1b"
"862",129,"charcoal | >125um num",NA,65,NA,NA,723,NA,NA,"RPDv1b","Charcoal (sum)",">125 µm",125,NA,"False","True","number","Macroscopic charcoal (sieved)","direct",NA,"CHAR",1,NA,NA,"quant_raw",5,"volume","cm^3","RPDv1b",1740,"charcoal","count","macrochar","wet_sieve","particle",">125um num",NA,">125um","num","RPDv1b","measured",1,"RPDv1b",NA,"Lake Kirkpatrick core",-45.02706,168.57374,570,"south",NA,NA,"sedlac",862,1,2014,"McWethy, D.B., Wilmshurst, J.M., Whitlock, C., Wood, J.R., McGlone, M.S., 2014. A high-resolution chronology of rapid forest transitions following Polynesian arrival in New Zealand. PLOS ONE 9, e111328.","A high-resolution chronology of rapid forest transitions following Polynesian arrival in New Zealand","PLOS ONE 9, e111328",NA,NA,NA,NA,"10.1371/journal.pone.0111328",NA,NA,NA,NA,NA,NA,NA,NA,NA,NA,NA,NA,NA,"RPDv1b:1740",862,"Wood, J.R.",1,"Wood","J.R.",NA,NA,NA,NA,NA,NA,NA,NA,NA,"RPDv1b:1740",862,"RPDv1b",1740,14053,1.14,1.14,"cm",0.01,"AMS","undifferentiated plant macrofossil",670,30,NA,NA,"KCCAMS-102195",TRUE,NA,"NA Date is in uncalibrated radiocarbon years.","Lake Kirkpatrick core_SIEVED","counted","125-NaN",NA,NA,"",670,640,700,670,1.14,0.01,"NA Date is in uncalibrated radiocarbon years.",". Cal curve: NA. Source DB: RPDv1b","Lacustrine","Carbon-14","Radiocarbon",-53,1485,"Calibrated radiocarbon years BP","sedimentary charcoal","Data Sourcing: RPDv1b","Sample Age Source: RPDv1b"
"862",130,"charcoal | >125um num",NA,65.5,NA,NA,736,NA,NA,"RPDv1b","Charcoal (sum)",">125 µm",125,NA,"False","True","number","Macroscopic charcoal (sieved)","direct",NA,"CHAR",0,NA,NA,"quant_raw",5,"volume","cm^3","RPDv1b",1740,"charcoal","count","macrochar","wet_sieve","particle",">125um num",NA,">125um","num","RPDv1b","measured",1,"RPDv1b",NA,"Lake Kirkpatrick core",-45.02706,168.57374,570,"south",NA,NA,"sedlac",862,1,2014,"McWethy, D.B., Wilmshurst, J.M., Whitlock, C., Wood, J.R., McGlone, M.S., 2014. A high-resolution chronology of rapid forest transitions following Polynesian arrival in New Zealand. PLOS ONE 9, e111328.","A high-resolution chronology of rapid forest transitions following Polynesian arrival in New Zealand","PLOS ONE 9, e111328",NA,NA,NA,NA,"10.1371/journal.pone.0111328",NA,NA,NA,NA,NA,NA,NA,NA,NA,NA,NA,NA,NA,"RPDv1b:1740",862,"Wood, J.R.",1,"Wood","J.R.",NA,NA,NA,NA,NA,NA,NA,NA,NA,"RPDv1b:1740",862,"RPDv1b",1740,14054,1.18,1.18,"cm",0.01,"AMS","undifferentiated plant macrofossil",670,20,NA,NA,"KCCAMS-102196",TRUE,NA,"NA Date is in uncalibrated radiocarbon years.","Lake Kirkpatrick core_SIEVED","counted","125-NaN",NA,NA,"",670,650,690,670,1.18,0.01,"NA Date is in uncalibrated radiocarbon years.",". Cal curve: NA. Source DB: RPDv1b","Lacustrine","Carbon-14","Radiocarbon",-53,1485,"Calibrated radiocarbon years BP","sedimentary charcoal","Data Sourcing: RPDv1b","Sample Age Source: RPDv1b"
"862",131,"charcoal | >125um num",NA,66,NA,NA,748,NA,NA,"RPDv1b","Charcoal (sum)",">125 µm",125,NA,"False","True","number","Macroscopic charcoal (sieved)","direct",NA,"CHAR",1,NA,NA,"quant_raw",5,"volume","cm^3","RPDv1b",1740,"charcoal","count","macrochar","wet_sieve","particle",">125um num",NA,">125um","num","RPDv1b","measured",1,"RPDv1b",NA,"Lake Kirkpatrick core",-45.02706,168.57374,570,"south",NA,NA,"sedlac",862,1,2014,"McWethy, D.B., Wilmshurst, J.M., Whitlock, C., Wood, J.R., McGlone, M.S., 2014. A high-resolution chronology of rapid forest transitions following Polynesian arrival in New Zealand. PLOS ONE 9, e111328.","A high-resolution chronology of rapid forest transitions following Polynesian arrival in New Zealand","PLOS ONE 9, e111328",NA,NA,NA,NA,"10.1371/journal.pone.0111328",NA,NA,NA,NA,NA,NA,NA,NA,NA,NA,NA,NA,NA,"RPDv1b:1740",862,"Wood, J.R.",1,"Wood","J.R.",NA,NA,NA,NA,NA,NA,NA,NA,NA,"RPDv1b:1740",862,"RPDv1b",1740,14054,1.18,1.18,"cm",0.01,"AMS","undifferentiated plant macrofossil",670,20,NA,NA,"KCCAMS-102196",TRUE,NA,"NA Date is in uncalibrated radiocarbon years.","Lake Kirkpatrick core_SIEVED","counted","125-NaN",NA,NA,"",670,650,690,670,1.18,0.01,"NA Date is in uncalibrated radiocarbon years.",". Cal curve: NA. Source DB: RPDv1b","Lacustrine","Carbon-14","Radiocarbon",-53,1485,"Calibrated radiocarbon years BP","sedimentary charcoal","Data Sourcing: RPDv1b","Sample Age Source: RPDv1b"
"862",132,"charcoal | >125um num",NA,66.5,NA,NA,760,NA,NA,"RPDv1b","Charcoal (sum)",">125 µm",125,NA,"False","True","number","Macroscopic charcoal (sieved)","direct",NA,"CHAR",0,NA,NA,"quant_raw",5,"volume","cm^3","RPDv1b",1740,"charcoal","count","macrochar","wet_sieve","particle",">125um num",NA,">125um","num","RPDv1b","measured",1,"RPDv1b",NA,"Lake Kirkpatrick core",-45.02706,168.57374,570,"south",NA,NA,"sedlac",862,1,2014,"McWethy, D.B., Wilmshurst, J.M., Whitlock, C., Wood, J.R., McGlone, M.S., 2014. A high-resolution chronology of rapid forest transitions following Polynesian arrival in New Zealand. PLOS ONE 9, e111328.","A high-resolution chronology of rapid forest transitions following Polynesian arrival in New Zealand","PLOS ONE 9, e111328",NA,NA,NA,NA,"10.1371/journal.pone.0111328",NA,NA,NA,NA,NA,NA,NA,NA,NA,NA,NA,NA,NA,"RPDv1b:1740",862,"Wood, J.R.",1,"Wood","J.R.",NA,NA,NA,NA,NA,NA,NA,NA,NA,"RPDv1b:1740",862,"RPDv1b",1740,14054,1.18,1.18,"cm",0.01,"AMS","undifferentiated plant macrofossil",670,20,NA,NA,"KCCAMS-102196",TRUE,NA,"NA Date is in uncalibrated radiocarbon years.","Lake Kirkpatrick core_SIEVED","counted","125-NaN",NA,NA,"",670,650,690,670,1.18,0.01,"NA Date is in uncalibrated radiocarbon years.",". Cal curve: NA. Source DB: RPDv1b","Lacustrine","Carbon-14","Radiocarbon",-53,1485,"Calibrated radiocarbon years BP","sedimentary charcoal","Data Sourcing: RPDv1b","Sample Age Source: RPDv1b"
"862",133,"charcoal | >125um num",NA,67,NA,NA,773,NA,NA,"RPDv1b","Charcoal (sum)",">125 µm",125,NA,"False","True","number","Macroscopic charcoal (sieved)","direct",NA,"CHAR",3,NA,NA,"quant_raw",5,"volume","cm^3","RPDv1b",1740,"charcoal","count","macrochar","wet_sieve","particle",">125um num",NA,">125um","num","RPDv1b","measured",1,"RPDv1b",NA,"Lake Kirkpatrick core",-45.02706,168.57374,570,"south",NA,NA,"sedlac",862,1,2014,"McWethy, D.B., Wilmshurst, J.M., Whitlock, C., Wood, J.R., McGlone, M.S., 2014. A high-resolution chronology of rapid forest transitions following Polynesian arrival in New Zealand. PLOS ONE 9, e111328.","A high-resolution chronology of rapid forest transitions following Polynesian arrival in New Zealand","PLOS ONE 9, e111328",NA,NA,NA,NA,"10.1371/journal.pone.0111328",NA,NA,NA,NA,NA,NA,NA,NA,NA,NA,NA,NA,NA,"RPDv1b:1740",862,"Wood, J.R.",1,"Wood","J.R.",NA,NA,NA,NA,NA,NA,NA,NA,NA,"RPDv1b:1740",862,"RPDv1b",1740,14054,1.18,1.18,"cm",0.01,"AMS","undifferentiated plant macrofossil",670,20,NA,NA,"KCCAMS-102196",TRUE,NA,"NA Date is in uncalibrated radiocarbon years.","Lake Kirkpatrick core_SIEVED","counted","125-NaN",NA,NA,"",670,650,690,670,1.18,0.01,"NA Date is in uncalibrated radiocarbon years.",". Cal curve: NA. Source DB: RPDv1b","Lacustrine","Carbon-14","Radiocarbon",-53,1485,"Calibrated radiocarbon years BP","sedimentary charcoal","Data Sourcing: RPDv1b","Sample Age Source: RPDv1b"
"862",134,"charcoal | >125um num",NA,67.5,NA,NA,785,NA,NA,"RPDv1b","Charcoal (sum)",">125 µm",125,NA,"False","True","number","Macroscopic charcoal (sieved)","direct",NA,"CHAR",2,NA,NA,"quant_raw",5,"volume","cm^3","RPDv1b",1740,"charcoal","count","macrochar","wet_sieve","particle",">125um num",NA,">125um","num","RPDv1b","measured",1,"RPDv1b",NA,"Lake Kirkpatrick core",-45.02706,168.57374,570,"south",NA,NA,"sedlac",862,1,2014,"McWethy, D.B., Wilmshurst, J.M., Whitlock, C., Wood, J.R., McGlone, M.S., 2014. A high-resolution chronology of rapid forest transitions following Polynesian arrival in New Zealand. PLOS ONE 9, e111328.","A high-resolution chronology of rapid forest transitions following Polynesian arrival in New Zealand","PLOS ONE 9, e111328",NA,NA,NA,NA,"10.1371/journal.pone.0111328",NA,NA,NA,NA,NA,NA,NA,NA,NA,NA,NA,NA,NA,"RPDv1b:1740",862,"Wood, J.R.",1,"Wood","J.R.",NA,NA,NA,NA,NA,NA,NA,NA,NA,"RPDv1b:1740",862,"RPDv1b",1740,14054,1.18,1.18,"cm",0.01,"AMS","undifferentiated plant macrofossil",670,20,NA,NA,"KCCAMS-102196",TRUE,NA,"NA Date is in uncalibrated radiocarbon years.","Lake Kirkpatrick core_SIEVED","counted","125-NaN",NA,NA,"",670,650,690,670,1.18,0.01,"NA Date is in uncalibrated radiocarbon years.",". Cal curve: NA. Source DB: RPDv1b","Lacustrine","Carbon-14","Radiocarbon",-53,1485,"Calibrated radiocarbon years BP","sedimentary charcoal","Data Sourcing: RPDv1b","Sample Age Source: RPDv1b"
"862",135,"charcoal | >125um num",NA,68,NA,NA,797,NA,NA,"RPDv1b","Charcoal (sum)",">125 µm",125,NA,"False","True","number","Macroscopic charcoal (sieved)","direct",NA,"CHAR",4,NA,NA,"quant_raw",5,"volume","cm^3","RPDv1b",1740,"charcoal","count","macrochar","wet_sieve","particle",">125um num",NA,">125um","num","RPDv1b","measured",1,"RPDv1b",NA,"Lake Kirkpatrick core",-45.02706,168.57374,570,"south",NA,NA,"sedlac",862,1,2014,"McWethy, D.B., Wilmshurst, J.M., Whitlock, C., Wood, J.R., McGlone, M.S., 2014. A high-resolution chronology of rapid forest transitions following Polynesian arrival in New Zealand. PLOS ONE 9, e111328.","A high-resolution chronology of rapid forest transitions following Polynesian arrival in New Zealand","PLOS ONE 9, e111328",NA,NA,NA,NA,"10.1371/journal.pone.0111328",NA,NA,NA,NA,NA,NA,NA,NA,NA,NA,NA,NA,NA,"RPDv1b:1740",862,"Wood, J.R.",1,"Wood","J.R.",NA,NA,NA,NA,NA,NA,NA,NA,NA,"RPDv1b:1740",862,"RPDv1b",1740,14054,1.18,1.18,"cm",0.01,"AMS","undifferentiated plant macrofossil",670,20,NA,NA,"KCCAMS-102196",TRUE,NA,"NA Date is in uncalibrated radiocarbon years.","Lake Kirkpatrick core_SIEVED","counted","125-NaN",NA,NA,"",670,650,690,670,1.18,0.01,"NA Date is in uncalibrated radiocarbon years.",". Cal curve: NA. Source DB: RPDv1b","Lacustrine","Carbon-14","Radiocarbon",-53,1485,"Calibrated radiocarbon years BP","sedimentary charcoal","Data Sourcing: RPDv1b","Sample Age Source: RPDv1b"
"862",136,"charcoal | >125um num",NA,68.5,NA,NA,809,NA,NA,"RPDv1b","Charcoal (sum)",">125 µm",125,NA,"False","True","number","Macroscopic charcoal (sieved)","direct",NA,"CHAR",6,NA,NA,"quant_raw",5,"volume","cm^3","RPDv1b",1740,"charcoal","count","macrochar","wet_sieve","particle",">125um num",NA,">125um","num","RPDv1b","measured",1,"RPDv1b",NA,"Lake Kirkpatrick core",-45.02706,168.57374,570,"south",NA,NA,"sedlac",862,1,2014,"McWethy, D.B., Wilmshurst, J.M., Whitlock, C., Wood, J.R., McGlone, M.S., 2014. A high-resolution chronology of rapid forest transitions following Polynesian arrival in New Zealand. PLOS ONE 9, e111328.","A high-resolution chronology of rapid forest transitions following Polynesian arrival in New Zealand","PLOS ONE 9, e111328",NA,NA,NA,NA,"10.1371/journal.pone.0111328",NA,NA,NA,NA,NA,NA,NA,NA,NA,NA,NA,NA,NA,"RPDv1b:1740",862,"Wood, J.R.",1,"Wood","J.R.",NA,NA,NA,NA,NA,NA,NA,NA,NA,"RPDv1b:1740",862,"RPDv1b",1740,14054,1.18,1.18,"cm",0.01,"AMS","undifferentiated plant macrofossil",670,20,NA,NA,"KCCAMS-102196",TRUE,NA,"NA Date is in uncalibrated radiocarbon years.","Lake Kirkpatrick core_SIEVED","counted","125-NaN",NA,NA,"",670,650,690,670,1.18,0.01,"NA Date is in uncalibrated radiocarbon years.",". Cal curve: NA. Source DB: RPDv1b","Lacustrine","Carbon-14","Radiocarbon",-53,1485,"Calibrated radiocarbon years BP","sedimentary charcoal","Data Sourcing: RPDv1b","Sample Age Source: RPDv1b"
"862",137,"charcoal | >125um num",NA,69,NA,NA,822,NA,NA,"RPDv1b","Charcoal (sum)",">125 µm",125,NA,"False","True","number","Macroscopic charcoal (sieved)","direct",NA,"CHAR",9,NA,NA,"quant_raw",5,"volume","cm^3","RPDv1b",1740,"charcoal","count","macrochar","wet_sieve","particle",">125um num",NA,">125um","num","RPDv1b","measured",1,"RPDv1b",NA,"Lake Kirkpatrick core",-45.02706,168.57374,570,"south",NA,NA,"sedlac",862,1,2014,"McWethy, D.B., Wilmshurst, J.M., Whitlock, C., Wood, J.R., McGlone, M.S., 2014. A high-resolution chronology of rapid forest transitions following Polynesian arrival in New Zealand. PLOS ONE 9, e111328.","A high-resolution chronology of rapid forest transitions following Polynesian arrival in New Zealand","PLOS ONE 9, e111328",NA,NA,NA,NA,"10.1371/journal.pone.0111328",NA,NA,NA,NA,NA,NA,NA,NA,NA,NA,NA,NA,NA,"RPDv1b:1740",862,"Wood, J.R.",1,"Wood","J.R.",NA,NA,NA,NA,NA,NA,NA,NA,NA,"RPDv1b:1740",862,"RPDv1b",1740,14054,1.18,1.18,"cm",0.01,"AMS","undifferentiated plant macrofossil",670,20,NA,NA,"KCCAMS-102196",TRUE,NA,"NA Date is in uncalibrated radiocarbon years.","Lake Kirkpatrick core_SIEVED","counted","125-NaN",NA,NA,"",670,650,690,670,1.18,0.01,"NA Date is in uncalibrated radiocarbon years.",". Cal curve: NA. Source DB: RPDv1b","Lacustrine","Carbon-14","Radiocarbon",-53,1485,"Calibrated radiocarbon years BP","sedimentary charcoal","Data Sourcing: RPDv1b","Sample Age Source: RPDv1b"
"862",138,"charcoal | >125um num",NA,69.5,NA,NA,834,NA,NA,"RPDv1b","Charcoal (sum)",">125 µm",125,NA,"False","True","number","Macroscopic charcoal (sieved)","direct",NA,"CHAR",1,NA,NA,"quant_raw",5,"volume","cm^3","RPDv1b",1740,"charcoal","count","macrochar","wet_sieve","particle",">125um num",NA,">125um","num","RPDv1b","measured",1,"RPDv1b",NA,"Lake Kirkpatrick core",-45.02706,168.57374,570,"south",NA,NA,"sedlac",862,1,2014,"McWethy, D.B., Wilmshurst, J.M., Whitlock, C., Wood, J.R., McGlone, M.S., 2014. A high-resolution chronology of rapid forest transitions following Polynesian arrival in New Zealand. PLOS ONE 9, e111328.","A high-resolution chronology of rapid forest transitions following Polynesian arrival in New Zealand","PLOS ONE 9, e111328",NA,NA,NA,NA,"10.1371/journal.pone.0111328",NA,NA,NA,NA,NA,NA,NA,NA,NA,NA,NA,NA,NA,"RPDv1b:1740",862,"Wood, J.R.",1,"Wood","J.R.",NA,NA,NA,NA,NA,NA,NA,NA,NA,"RPDv1b:1740",862,"RPDv1b",1740,14054,1.18,1.18,"cm",0.01,"AMS","undifferentiated plant macrofossil",670,20,NA,NA,"KCCAMS-102196",TRUE,NA,"NA Date is in uncalibrated radiocarbon years.","Lake Kirkpatrick core_SIEVED","counted","125-NaN",NA,NA,"",670,650,690,670,1.18,0.01,"NA Date is in uncalibrated radiocarbon years.",". Cal curve: NA. Source DB: RPDv1b","Lacustrine","Carbon-14","Radiocarbon",-53,1485,"Calibrated radiocarbon years BP","sedimentary charcoal","Data Sourcing: RPDv1b","Sample Age Source: RPDv1b"
"862",139,"charcoal | >125um num",NA,70,NA,NA,846,NA,NA,"RPDv1b","Charcoal (sum)",">125 µm",125,NA,"False","True","number","Macroscopic charcoal (sieved)","direct",NA,"CHAR",0,NA,NA,"quant_raw",5,"volume","cm^3","RPDv1b",1740,"charcoal","count","macrochar","wet_sieve","particle",">125um num",NA,">125um","num","RPDv1b","measured",1,"RPDv1b",NA,"Lake Kirkpatrick core",-45.02706,168.57374,570,"south",NA,NA,"sedlac",862,1,2014,"McWethy, D.B., Wilmshurst, J.M., Whitlock, C., Wood, J.R., McGlone, M.S., 2014. A high-resolution chronology of rapid forest transitions following Polynesian arrival in New Zealand. PLOS ONE 9, e111328.","A high-resolution chronology of rapid forest transitions following Polynesian arrival in New Zealand","PLOS ONE 9, e111328",NA,NA,NA,NA,"10.1371/journal.pone.0111328",NA,NA,NA,NA,NA,NA,NA,NA,NA,NA,NA,NA,NA,"RPDv1b:1740",862,"Wood, J.R.",1,"Wood","J.R.",NA,NA,NA,NA,NA,NA,NA,NA,NA,"RPDv1b:1740",862,"RPDv1b",1740,14054,1.18,1.18,"cm",0.01,"AMS","undifferentiated plant macrofossil",670,20,NA,NA,"KCCAMS-102196",TRUE,NA,"NA Date is in uncalibrated radiocarbon years.","Lake Kirkpatrick core_SIEVED","counted","125-NaN",NA,NA,"",670,650,690,670,1.18,0.01,"NA Date is in uncalibrated radiocarbon years.",". Cal curve: NA. Source DB: RPDv1b","Lacustrine","Carbon-14","Radiocarbon",-53,1485,"Calibrated radiocarbon years BP","sedimentary charcoal","Data Sourcing: RPDv1b","Sample Age Source: RPDv1b"
"862",140,"charcoal | >125um num",NA,70.5,NA,NA,859,NA,NA,"RPDv1b","Charcoal (sum)",">125 µm",125,NA,"False","True","number","Macroscopic charcoal (sieved)","direct",NA,"CHAR",3,NA,NA,"quant_raw",5,"volume","cm^3","RPDv1b",1740,"charcoal","count","macrochar","wet_sieve","particle",">125um num",NA,">125um","num","RPDv1b","measured",1,"RPDv1b",NA,"Lake Kirkpatrick core",-45.02706,168.57374,570,"south",NA,NA,"sedlac",862,1,2014,"McWethy, D.B., Wilmshurst, J.M., Whitlock, C., Wood, J.R., McGlone, M.S., 2014. A high-resolution chronology of rapid forest transitions following Polynesian arrival in New Zealand. PLOS ONE 9, e111328.","A high-resolution chronology of rapid forest transitions following Polynesian arrival in New Zealand","PLOS ONE 9, e111328",NA,NA,NA,NA,"10.1371/journal.pone.0111328",NA,NA,NA,NA,NA,NA,NA,NA,NA,NA,NA,NA,NA,"RPDv1b:1740",862,"Wood, J.R.",1,"Wood","J.R.",NA,NA,NA,NA,NA,NA,NA,NA,NA,"RPDv1b:1740",862,"RPDv1b",1740,14054,1.18,1.18,"cm",0.01,"AMS","undifferentiated plant macrofossil",670,20,NA,NA,"KCCAMS-102196",TRUE,NA,"NA Date is in uncalibrated radiocarbon years.","Lake Kirkpatrick core_SIEVED","counted","125-NaN",NA,NA,"",670,650,690,670,1.18,0.01,"NA Date is in uncalibrated radiocarbon years.",". Cal curve: NA. Source DB: RPDv1b","Lacustrine","Carbon-14","Radiocarbon",-53,1485,"Calibrated radiocarbon years BP","sedimentary charcoal","Data Sourcing: RPDv1b","Sample Age Source: RPDv1b"
"862",141,"charcoal | >125um num",NA,71,NA,NA,871,NA,NA,"RPDv1b","Charcoal (sum)",">125 µm",125,NA,"False","True","number","Macroscopic charcoal (sieved)","direct",NA,"CHAR",2,NA,NA,"quant_raw",5,"volume","cm^3","RPDv1b",1740,"charcoal","count","macrochar","wet_sieve","particle",">125um num",NA,">125um","num","RPDv1b","measured",1,"RPDv1b",NA,"Lake Kirkpatrick core",-45.02706,168.57374,570,"south",NA,NA,"sedlac",862,1,2014,"McWethy, D.B., Wilmshurst, J.M., Whitlock, C., Wood, J.R., McGlone, M.S., 2014. A high-resolution chronology of rapid forest transitions following Polynesian arrival in New Zealand. PLOS ONE 9, e111328.","A high-resolution chronology of rapid forest transitions following Polynesian arrival in New Zealand","PLOS ONE 9, e111328",NA,NA,NA,NA,"10.1371/journal.pone.0111328",NA,NA,NA,NA,NA,NA,NA,NA,NA,NA,NA,NA,NA,"RPDv1b:1740",862,"Wood, J.R.",1,"Wood","J.R.",NA,NA,NA,NA,NA,NA,NA,NA,NA,"RPDv1b:1740",862,"RPDv1b",1740,14054,1.18,1.18,"cm",0.01,"AMS","undifferentiated plant macrofossil",670,20,NA,NA,"KCCAMS-102196",TRUE,NA,"NA Date is in uncalibrated radiocarbon years.","Lake Kirkpatrick core_SIEVED","counted","125-NaN",NA,NA,"",670,650,690,670,1.18,0.01,"NA Date is in uncalibrated radiocarbon years.",". Cal curve: NA. Source DB: RPDv1b","Lacustrine","Carbon-14","Radiocarbon",-53,1485,"Calibrated radiocarbon years BP","sedimentary charcoal","Data Sourcing: RPDv1b","Sample Age Source: RPDv1b"
"862",142,"charcoal | >125um num",NA,71.5,NA,NA,883,NA,NA,"RPDv1b","Charcoal (sum)",">125 µm",125,NA,"False","True","number","Macroscopic charcoal (sieved)","direct",NA,"CHAR",4,NA,NA,"quant_raw",5,"volume","cm^3","RPDv1b",1740,"charcoal","count","macrochar","wet_sieve","particle",">125um num",NA,">125um","num","RPDv1b","measured",1,"RPDv1b",NA,"Lake Kirkpatrick core",-45.02706,168.57374,570,"south",NA,NA,"sedlac",862,1,2014,"McWethy, D.B., Wilmshurst, J.M., Whitlock, C., Wood, J.R., McGlone, M.S., 2014. A high-resolution chronology of rapid forest transitions following Polynesian arrival in New Zealand. PLOS ONE 9, e111328.","A high-resolution chronology of rapid forest transitions following Polynesian arrival in New Zealand","PLOS ONE 9, e111328",NA,NA,NA,NA,"10.1371/journal.pone.0111328",NA,NA,NA,NA,NA,NA,NA,NA,NA,NA,NA,NA,NA,"RPDv1b:1740",862,"Wood, J.R.",1,"Wood","J.R.",NA,NA,NA,NA,NA,NA,NA,NA,NA,"RPDv1b:1740",862,"RPDv1b",1740,14054,1.18,1.18,"cm",0.01,"AMS","undifferentiated plant macrofossil",670,20,NA,NA,"KCCAMS-102196",TRUE,NA,"NA Date is in uncalibrated radiocarbon years.","Lake Kirkpatrick core_SIEVED","counted","125-NaN",NA,NA,"",670,650,690,670,1.18,0.01,"NA Date is in uncalibrated radiocarbon years.",". Cal curve: NA. Source DB: RPDv1b","Lacustrine","Carbon-14","Radiocarbon",-53,1485,"Calibrated radiocarbon years BP","sedimentary charcoal","Data Sourcing: RPDv1b","Sample Age Source: RPDv1b"
"862",143,"charcoal | >125um num",NA,72,NA,NA,896,NA,NA,"RPDv1b","Charcoal (sum)",">125 µm",125,NA,"False","True","number","Macroscopic charcoal (sieved)","direct",NA,"CHAR",9,NA,NA,"quant_raw",5,"volume","cm^3","RPDv1b",1740,"charcoal","count","macrochar","wet_sieve","particle",">125um num",NA,">125um","num","RPDv1b","measured",1,"RPDv1b",NA,"Lake Kirkpatrick core",-45.02706,168.57374,570,"south",NA,NA,"sedlac",862,1,2014,"McWethy, D.B., Wilmshurst, J.M., Whitlock, C., Wood, J.R., McGlone, M.S., 2014. A high-resolution chronology of rapid forest transitions following Polynesian arrival in New Zealand. PLOS ONE 9, e111328.","A high-resolution chronology of rapid forest transitions following Polynesian arrival in New Zealand","PLOS ONE 9, e111328",NA,NA,NA,NA,"10.1371/journal.pone.0111328",NA,NA,NA,NA,NA,NA,NA,NA,NA,NA,NA,NA,NA,"RPDv1b:1740",862,"Wood, J.R.",1,"Wood","J.R.",NA,NA,NA,NA,NA,NA,NA,NA,NA,"RPDv1b:1740",862,"RPDv1b",1740,14055,1.19,1.19,"cm",0.01,"AMS","wood",645,15,NA,NA,"KCCAMS-71877",TRUE,NA,"NA Date is in uncalibrated radiocarbon years.","Lake Kirkpatrick core_SIEVED","counted","125-NaN",NA,NA,"",645,630,660,645,1.19,0.01,"NA Date is in uncalibrated radiocarbon years.",". Cal curve: NA. Source DB: RPDv1b","Lacustrine","Carbon-14","Radiocarbon",-53,1485,"Calibrated radiocarbon years BP","sedimentary charcoal","Data Sourcing: RPDv1b","Sample Age Source: RPDv1b"
"862",144,"charcoal | >125um num",NA,72.5,NA,NA,908,NA,NA,"RPDv1b","Charcoal (sum)",">125 µm",125,NA,"False","True","number","Macroscopic charcoal (sieved)","direct",NA,"CHAR",3,NA,NA,"quant_raw",5,"volume","cm^3","RPDv1b",1740,"charcoal","count","macrochar","wet_sieve","particle",">125um num",NA,">125um","num","RPDv1b","measured",1,"RPDv1b",NA,"Lake Kirkpatrick core",-45.02706,168.57374,570,"south",NA,NA,"sedlac",862,1,2014,"McWethy, D.B., Wilmshurst, J.M., Whitlock, C., Wood, J.R., McGlone, M.S., 2014. A high-resolution chronology of rapid forest transitions following Polynesian arrival in New Zealand. PLOS ONE 9, e111328.","A high-resolution chronology of rapid forest transitions following Polynesian arrival in New Zealand","PLOS ONE 9, e111328",NA,NA,NA,NA,"10.1371/journal.pone.0111328",NA,NA,NA,NA,NA,NA,NA,NA,NA,NA,NA,NA,NA,"RPDv1b:1740",862,"Wood, J.R.",1,"Wood","J.R.",NA,NA,NA,NA,NA,NA,NA,NA,NA,"RPDv1b:1740",862,"RPDv1b",1740,14055,1.19,1.19,"cm",0.01,"AMS","wood",645,15,NA,NA,"KCCAMS-71877",TRUE,NA,"NA Date is in uncalibrated radiocarbon years.","Lake Kirkpatrick core_SIEVED","counted","125-NaN",NA,NA,"",645,630,660,645,1.19,0.01,"NA Date is in uncalibrated radiocarbon years.",". Cal curve: NA. Source DB: RPDv1b","Lacustrine","Carbon-14","Radiocarbon",-53,1485,"Calibrated radiocarbon years BP","sedimentary charcoal","Data Sourcing: RPDv1b","Sample Age Source: RPDv1b"
"862",145,"charcoal | >125um num",NA,73,NA,NA,920,NA,NA,"RPDv1b","Charcoal (sum)",">125 µm",125,NA,"False","True","number","Macroscopic charcoal (sieved)","direct",NA,"CHAR",1,NA,NA,"quant_raw",5,"volume","cm^3","RPDv1b",1740,"charcoal","count","macrochar","wet_sieve","particle",">125um num",NA,">125um","num","RPDv1b","measured",1,"RPDv1b",NA,"Lake Kirkpatrick core",-45.02706,168.57374,570,"south",NA,NA,"sedlac",862,1,2014,"McWethy, D.B., Wilmshurst, J.M., Whitlock, C., Wood, J.R., McGlone, M.S., 2014. A high-resolution chronology of rapid forest transitions following Polynesian arrival in New Zealand. PLOS ONE 9, e111328.","A high-resolution chronology of rapid forest transitions following Polynesian arrival in New Zealand","PLOS ONE 9, e111328",NA,NA,NA,NA,"10.1371/journal.pone.0111328",NA,NA,NA,NA,NA,NA,NA,NA,NA,NA,NA,NA,NA,"RPDv1b:1740",862,"Wood, J.R.",1,"Wood","J.R.",NA,NA,NA,NA,NA,NA,NA,NA,NA,"RPDv1b:1740",862,"RPDv1b",1740,14055,1.19,1.19,"cm",0.01,"AMS","wood",645,15,NA,NA,"KCCAMS-71877",TRUE,NA,"NA Date is in uncalibrated radiocarbon years.","Lake Kirkpatrick core_SIEVED","counted","125-NaN",NA,NA,"",645,630,660,645,1.19,0.01,"NA Date is in uncalibrated radiocarbon years.",". Cal curve: NA. Source DB: RPDv1b","Lacustrine","Carbon-14","Radiocarbon",-53,1485,"Calibrated radiocarbon years BP","sedimentary charcoal","Data Sourcing: RPDv1b","Sample Age Source: RPDv1b"
"862",146,"charcoal | >125um num",NA,73.5,NA,NA,933,NA,NA,"RPDv1b","Charcoal (sum)",">125 µm",125,NA,"False","True","number","Macroscopic charcoal (sieved)","direct",NA,"CHAR",1,NA,NA,"quant_raw",5,"volume","cm^3","RPDv1b",1740,"charcoal","count","macrochar","wet_sieve","particle",">125um num",NA,">125um","num","RPDv1b","measured",1,"RPDv1b",NA,"Lake Kirkpatrick core",-45.02706,168.57374,570,"south",NA,NA,"sedlac",862,1,2014,"McWethy, D.B., Wilmshurst, J.M., Whitlock, C., Wood, J.R., McGlone, M.S., 2014. A high-resolution chronology of rapid forest transitions following Polynesian arrival in New Zealand. PLOS ONE 9, e111328.","A high-resolution chronology of rapid forest transitions following Polynesian arrival in New Zealand","PLOS ONE 9, e111328",NA,NA,NA,NA,"10.1371/journal.pone.0111328",NA,NA,NA,NA,NA,NA,NA,NA,NA,NA,NA,NA,NA,"RPDv1b:1740",862,"Wood, J.R.",1,"Wood","J.R.",NA,NA,NA,NA,NA,NA,NA,NA,NA,"RPDv1b:1740",862,"RPDv1b",1740,14055,1.19,1.19,"cm",0.01,"AMS","wood",645,15,NA,NA,"KCCAMS-71877",TRUE,NA,"NA Date is in uncalibrated radiocarbon years.","Lake Kirkpatrick core_SIEVED","counted","125-NaN",NA,NA,"",645,630,660,645,1.19,0.01,"NA Date is in uncalibrated radiocarbon years.",". Cal curve: NA. Source DB: RPDv1b","Lacustrine","Carbon-14","Radiocarbon",-53,1485,"Calibrated radiocarbon years BP","sedimentary charcoal","Data Sourcing: RPDv1b","Sample Age Source: RPDv1b"
"862",147,"charcoal | >125um num",NA,74,NA,NA,945,NA,NA,"RPDv1b","Charcoal (sum)",">125 µm",125,NA,"False","True","number","Macroscopic charcoal (sieved)","direct",NA,"CHAR",1,NA,NA,"quant_raw",5,"volume","cm^3","RPDv1b",1740,"charcoal","count","macrochar","wet_sieve","particle",">125um num",NA,">125um","num","RPDv1b","measured",1,"RPDv1b",NA,"Lake Kirkpatrick core",-45.02706,168.57374,570,"south",NA,NA,"sedlac",862,1,2014,"McWethy, D.B., Wilmshurst, J.M., Whitlock, C., Wood, J.R., McGlone, M.S., 2014. A high-resolution chronology of rapid forest transitions following Polynesian arrival in New Zealand. PLOS ONE 9, e111328.","A high-resolution chronology of rapid forest transitions following Polynesian arrival in New Zealand","PLOS ONE 9, e111328",NA,NA,NA,NA,"10.1371/journal.pone.0111328",NA,NA,NA,NA,NA,NA,NA,NA,NA,NA,NA,NA,NA,"RPDv1b:1740",862,"Wood, J.R.",1,"Wood","J.R.",NA,NA,NA,NA,NA,NA,NA,NA,NA,"RPDv1b:1740",862,"RPDv1b",1740,14055,1.19,1.19,"cm",0.01,"AMS","wood",645,15,NA,NA,"KCCAMS-71877",TRUE,NA,"NA Date is in uncalibrated radiocarbon years.","Lake Kirkpatrick core_SIEVED","counted","125-NaN",NA,NA,"",645,630,660,645,1.19,0.01,"NA Date is in uncalibrated radiocarbon years.",". Cal curve: NA. Source DB: RPDv1b","Lacustrine","Carbon-14","Radiocarbon",-53,1485,"Calibrated radiocarbon years BP","sedimentary charcoal","Data Sourcing: RPDv1b","Sample Age Source: RPDv1b"
"862",148,"charcoal | >125um num",NA,74.5,NA,NA,957,NA,NA,"RPDv1b","Charcoal (sum)",">125 µm",125,NA,"False","True","number","Macroscopic charcoal (sieved)","direct",NA,"CHAR",3,NA,NA,"quant_raw",5,"volume","cm^3","RPDv1b",1740,"charcoal","count","macrochar","wet_sieve","particle",">125um num",NA,">125um","num","RPDv1b","measured",1,"RPDv1b",NA,"Lake Kirkpatrick core",-45.02706,168.57374,570,"south",NA,NA,"sedlac",862,1,2014,"McWethy, D.B., Wilmshurst, J.M., Whitlock, C., Wood, J.R., McGlone, M.S., 2014. A high-resolution chronology of rapid forest transitions following Polynesian arrival in New Zealand. PLOS ONE 9, e111328.","A high-resolution chronology of rapid forest transitions following Polynesian arrival in New Zealand","PLOS ONE 9, e111328",NA,NA,NA,NA,"10.1371/journal.pone.0111328",NA,NA,NA,NA,NA,NA,NA,NA,NA,NA,NA,NA,NA,"RPDv1b:1740",862,"Wood, J.R.",1,"Wood","J.R.",NA,NA,NA,NA,NA,NA,NA,NA,NA,"RPDv1b:1740",862,"RPDv1b",1740,14055,1.19,1.19,"cm",0.01,"AMS","wood",645,15,NA,NA,"KCCAMS-71877",TRUE,NA,"NA Date is in uncalibrated radiocarbon years.","Lake Kirkpatrick core_SIEVED","counted","125-NaN",NA,NA,"",645,630,660,645,1.19,0.01,"NA Date is in uncalibrated radiocarbon years.",". Cal curve: NA. Source DB: RPDv1b","Lacustrine","Carbon-14","Radiocarbon",-53,1485,"Calibrated radiocarbon years BP","sedimentary charcoal","Data Sourcing: RPDv1b","Sample Age Source: RPDv1b"
"862",149,"charcoal | >125um num",NA,75,NA,NA,969,NA,NA,"RPDv1b","Charcoal (sum)",">125 µm",125,NA,"False","True","number","Macroscopic charcoal (sieved)","direct",NA,"CHAR",0,NA,NA,"quant_raw",5,"volume","cm^3","RPDv1b",1740,"charcoal","count","macrochar","wet_sieve","particle",">125um num",NA,">125um","num","RPDv1b","measured",1,"RPDv1b",NA,"Lake Kirkpatrick core",-45.02706,168.57374,570,"south",NA,NA,"sedlac",862,1,2014,"McWethy, D.B., Wilmshurst, J.M., Whitlock, C., Wood, J.R., McGlone, M.S., 2014. A high-resolution chronology of rapid forest transitions following Polynesian arrival in New Zealand. PLOS ONE 9, e111328.","A high-resolution chronology of rapid forest transitions following Polynesian arrival in New Zealand","PLOS ONE 9, e111328",NA,NA,NA,NA,"10.1371/journal.pone.0111328",NA,NA,NA,NA,NA,NA,NA,NA,NA,NA,NA,NA,NA,"RPDv1b:1740",862,"Wood, J.R.",1,"Wood","J.R.",NA,NA,NA,NA,NA,NA,NA,NA,NA,"RPDv1b:1740",862,"RPDv1b",1740,14055,1.19,1.19,"cm",0.01,"AMS","wood",645,15,NA,NA,"KCCAMS-71877",TRUE,NA,"NA Date is in uncalibrated radiocarbon years.","Lake Kirkpatrick core_SIEVED","counted","125-NaN",NA,NA,"",645,630,660,645,1.19,0.01,"NA Date is in uncalibrated radiocarbon years.",". Cal curve: NA. Source DB: RPDv1b","Lacustrine","Carbon-14","Radiocarbon",-53,1485,"Calibrated radiocarbon years BP","sedimentary charcoal","Data Sourcing: RPDv1b","Sample Age Source: RPDv1b"
"862",150,"charcoal | >125um num",NA,75.5,NA,NA,982,NA,NA,"RPDv1b","Charcoal (sum)",">125 µm",125,NA,"False","True","number","Macroscopic charcoal (sieved)","direct",NA,"CHAR",4,NA,NA,"quant_raw",5,"volume","cm^3","RPDv1b",1740,"charcoal","count","macrochar","wet_sieve","particle",">125um num",NA,">125um","num","RPDv1b","measured",1,"RPDv1b",NA,"Lake Kirkpatrick core",-45.02706,168.57374,570,"south",NA,NA,"sedlac",862,1,2014,"McWethy, D.B., Wilmshurst, J.M., Whitlock, C., Wood, J.R., McGlone, M.S., 2014. A high-resolution chronology of rapid forest transitions following Polynesian arrival in New Zealand. PLOS ONE 9, e111328.","A high-resolution chronology of rapid forest transitions following Polynesian arrival in New Zealand","PLOS ONE 9, e111328",NA,NA,NA,NA,"10.1371/journal.pone.0111328",NA,NA,NA,NA,NA,NA,NA,NA,NA,NA,NA,NA,NA,"RPDv1b:1740",862,"Wood, J.R.",1,"Wood","J.R.",NA,NA,NA,NA,NA,NA,NA,NA,NA,"RPDv1b:1740",862,"RPDv1b",1740,14055,1.19,1.19,"cm",0.01,"AMS","wood",645,15,NA,NA,"KCCAMS-71877",TRUE,NA,"NA Date is in uncalibrated radiocarbon years.","Lake Kirkpatrick core_SIEVED","counted","125-NaN",NA,NA,"",645,630,660,645,1.19,0.01,"NA Date is in uncalibrated radiocarbon years.",". Cal curve: NA. Source DB: RPDv1b","Lacustrine","Carbon-14","Radiocarbon",-53,1485,"Calibrated radiocarbon years BP","sedimentary charcoal","Data Sourcing: RPDv1b","Sample Age Source: RPDv1b"
"862",151,"charcoal | >125um num",NA,76,NA,NA,994,NA,NA,"RPDv1b","Charcoal (sum)",">125 µm",125,NA,"False","True","number","Macroscopic charcoal (sieved)","direct",NA,"CHAR",2,NA,NA,"quant_raw",5,"volume","cm^3","RPDv1b",1740,"charcoal","count","macrochar","wet_sieve","particle",">125um num",NA,">125um","num","RPDv1b","measured",1,"RPDv1b",NA,"Lake Kirkpatrick core",-45.02706,168.57374,570,"south",NA,NA,"sedlac",862,1,2014,"McWethy, D.B., Wilmshurst, J.M., Whitlock, C., Wood, J.R., McGlone, M.S., 2014. A high-resolution chronology of rapid forest transitions following Polynesian arrival in New Zealand. PLOS ONE 9, e111328.","A high-resolution chronology of rapid forest transitions following Polynesian arrival in New Zealand","PLOS ONE 9, e111328",NA,NA,NA,NA,"10.1371/journal.pone.0111328",NA,NA,NA,NA,NA,NA,NA,NA,NA,NA,NA,NA,NA,"RPDv1b:1740",862,"Wood, J.R.",1,"Wood","J.R.",NA,NA,NA,NA,NA,NA,NA,NA,NA,"RPDv1b:1740",862,"RPDv1b",1740,14055,1.19,1.19,"cm",0.01,"AMS","wood",645,15,NA,NA,"KCCAMS-71877",TRUE,NA,"NA Date is in uncalibrated radiocarbon years.","Lake Kirkpatrick core_SIEVED","counted","125-NaN",NA,NA,"",645,630,660,645,1.19,0.01,"NA Date is in uncalibrated radiocarbon years.",". Cal curve: NA. Source DB: RPDv1b","Lacustrine","Carbon-14","Radiocarbon",-53,1485,"Calibrated radiocarbon years BP","sedimentary charcoal","Data Sourcing: RPDv1b","Sample Age Source: RPDv1b"
"862",152,"charcoal | >125um num",NA,76.5,NA,NA,1006,NA,NA,"RPDv1b","Charcoal (sum)",">125 µm",125,NA,"False","True","number","Macroscopic charcoal (sieved)","direct",NA,"CHAR",5,NA,NA,"quant_raw",5,"volume","cm^3","RPDv1b",1740,"charcoal","count","macrochar","wet_sieve","particle",">125um num",NA,">125um","num","RPDv1b","measured",1,"RPDv1b",NA,"Lake Kirkpatrick core",-45.02706,168.57374,570,"south",NA,NA,"sedlac",862,1,2014,"McWethy, D.B., Wilmshurst, J.M., Whitlock, C., Wood, J.R., McGlone, M.S., 2014. A high-resolution chronology of rapid forest transitions following Polynesian arrival in New Zealand. PLOS ONE 9, e111328.","A high-resolution chronology of rapid forest transitions following Polynesian arrival in New Zealand","PLOS ONE 9, e111328",NA,NA,NA,NA,"10.1371/journal.pone.0111328",NA,NA,NA,NA,NA,NA,NA,NA,NA,NA,NA,NA,NA,"RPDv1b:1740",862,"McGlone, M.S.",1,"McGlone","M.S.",NA,NA,NA,NA,NA,NA,NA,NA,NA,"RPDv1b:1740",862,"RPDv1b",1740,14055,1.19,1.19,"cm",0.01,"AMS","wood",645,15,NA,NA,"KCCAMS-71877",TRUE,NA,"NA Date is in uncalibrated radiocarbon years.","Lake Kirkpatrick core_SIEVED","counted","125-NaN",NA,NA,"",645,630,660,645,1.19,0.01,"NA Date is in uncalibrated radiocarbon years.",". Cal curve: NA. Source DB: RPDv1b","Lacustrine","Carbon-14","Radiocarbon",-53,1485,"Calibrated radiocarbon years BP","sedimentary charcoal","Data Sourcing: RPDv1b","Sample Age Source: RPDv1b"
"862",153,"charcoal | >125um num",NA,77,NA,NA,1019,NA,NA,"RPDv1b","Charcoal (sum)",">125 µm",125,NA,"False","True","number","Macroscopic charcoal (sieved)","direct",NA,"CHAR",14,NA,NA,"quant_raw",5,"volume","cm^3","RPDv1b",1740,"charcoal","count","macrochar","wet_sieve","particle",">125um num",NA,">125um","num","RPDv1b","measured",1,"RPDv1b",NA,"Lake Kirkpatrick core",-45.02706,168.57374,570,"south",NA,NA,"sedlac",862,1,2014,"McWethy, D.B., Wilmshurst, J.M., Whitlock, C., Wood, J.R., McGlone, M.S., 2014. A high-resolution chronology of rapid forest transitions following Polynesian arrival in New Zealand. PLOS ONE 9, e111328.","A high-resolution chronology of rapid forest transitions following Polynesian arrival in New Zealand","PLOS ONE 9, e111328",NA,NA,NA,NA,"10.1371/journal.pone.0111328",NA,NA,NA,NA,NA,NA,NA,NA,NA,NA,NA,NA,NA,"RPDv1b:1740",862,"McGlone, M.S.",1,"McGlone","M.S.",NA,NA,NA,NA,NA,NA,NA,NA,NA,"RPDv1b:1740",862,"RPDv1b",1740,14055,1.19,1.19,"cm",0.01,"AMS","wood",645,15,NA,NA,"KCCAMS-71877",TRUE,NA,"NA Date is in uncalibrated radiocarbon years.","Lake Kirkpatrick core_SIEVED","counted","125-NaN",NA,NA,"",645,630,660,645,1.19,0.01,"NA Date is in uncalibrated radiocarbon years.",". Cal curve: NA. Source DB: RPDv1b","Lacustrine","Carbon-14","Radiocarbon",-53,1485,"Calibrated radiocarbon years BP","sedimentary charcoal","Data Sourcing: RPDv1b","Sample Age Source: RPDv1b"
"862",154,"charcoal | >125um num",NA,77.5,NA,NA,1031,NA,NA,"RPDv1b","Charcoal (sum)",">125 µm",125,NA,"False","True","number","Macroscopic charcoal (sieved)","direct",NA,"CHAR",17,NA,NA,"quant_raw",5,"volume","cm^3","RPDv1b",1740,"charcoal","count","macrochar","wet_sieve","particle",">125um num",NA,">125um","num","RPDv1b","measured",1,"RPDv1b",NA,"Lake Kirkpatrick core",-45.02706,168.57374,570,"south",NA,NA,"sedlac",862,1,2014,"McWethy, D.B., Wilmshurst, J.M., Whitlock, C., Wood, J.R., McGlone, M.S., 2014. A high-resolution chronology of rapid forest transitions following Polynesian arrival in New Zealand. PLOS ONE 9, e111328.","A high-resolution chronology of rapid forest transitions following Polynesian arrival in New Zealand","PLOS ONE 9, e111328",NA,NA,NA,NA,"10.1371/journal.pone.0111328",NA,NA,NA,NA,NA,NA,NA,NA,NA,NA,NA,NA,NA,"RPDv1b:1740",862,"McGlone, M.S.",1,"McGlone","M.S.",NA,NA,NA,NA,NA,NA,NA,NA,NA,"RPDv1b:1740",862,"RPDv1b",1740,14055,1.19,1.19,"cm",0.01,"AMS","wood",645,15,NA,NA,"KCCAMS-71877",TRUE,NA,"NA Date is in uncalibrated radiocarbon years.","Lake Kirkpatrick core_SIEVED","counted","125-NaN",NA,NA,"",645,630,660,645,1.19,0.01,"NA Date is in uncalibrated radiocarbon years.",". Cal curve: NA. Source DB: RPDv1b","Lacustrine","Carbon-14","Radiocarbon",-53,1485,"Calibrated radiocarbon years BP","sedimentary charcoal","Data Sourcing: RPDv1b","Sample Age Source: RPDv1b"
"862",155,"charcoal | >125um num",NA,78,NA,NA,1043,NA,NA,"RPDv1b","Charcoal (sum)",">125 µm",125,NA,"False","True","number","Macroscopic charcoal (sieved)","direct",NA,"CHAR",24,NA,NA,"quant_raw",5,"volume","cm^3","RPDv1b",1740,"charcoal","count","macrochar","wet_sieve","particle",">125um num",NA,">125um","num","RPDv1b","measured",1,"RPDv1b",NA,"Lake Kirkpatrick core",-45.02706,168.57374,570,"south",NA,NA,"sedlac",862,1,2014,"McWethy, D.B., Wilmshurst, J.M., Whitlock, C., Wood, J.R., McGlone, M.S., 2014. A high-resolution chronology of rapid forest transitions following Polynesian arrival in New Zealand. PLOS ONE 9, e111328.","A high-resolution chronology of rapid forest transitions following Polynesian arrival in New Zealand","PLOS ONE 9, e111328",NA,NA,NA,NA,"10.1371/journal.pone.0111328",NA,NA,NA,NA,NA,NA,NA,NA,NA,NA,NA,NA,NA,"RPDv1b:1740",862,"McGlone, M.S.",1,"McGlone","M.S.",NA,NA,NA,NA,NA,NA,NA,NA,NA,"RPDv1b:1740",862,"RPDv1b",1740,14055,1.19,1.19,"cm",0.01,"AMS","wood",645,15,NA,NA,"KCCAMS-71877",TRUE,NA,"NA Date is in uncalibrated radiocarbon years.","Lake Kirkpatrick core_SIEVED","counted","125-NaN",NA,NA,"",645,630,660,645,1.19,0.01,"NA Date is in uncalibrated radiocarbon years.",". Cal curve: NA. Source DB: RPDv1b","Lacustrine","Carbon-14","Radiocarbon",-53,1485,"Calibrated radiocarbon years BP","sedimentary charcoal","Data Sourcing: RPDv1b","Sample Age Source: RPDv1b"
"862",156,"charcoal | >125um num",NA,78.5,NA,NA,1056,NA,NA,"RPDv1b","Charcoal (sum)",">125 µm",125,NA,"False","True","number","Macroscopic charcoal (sieved)","direct",NA,"CHAR",80,NA,NA,"quant_raw",5,"volume","cm^3","RPDv1b",1740,"charcoal","count","macrochar","wet_sieve","particle",">125um num",NA,">125um","num","RPDv1b","measured",1,"RPDv1b",NA,"Lake Kirkpatrick core",-45.02706,168.57374,570,"south",NA,NA,"sedlac",862,1,2014,"McWethy, D.B., Wilmshurst, J.M., Whitlock, C., Wood, J.R., McGlone, M.S., 2014. A high-resolution chronology of rapid forest transitions following Polynesian arrival in New Zealand. PLOS ONE 9, e111328.","A high-resolution chronology of rapid forest transitions following Polynesian arrival in New Zealand","PLOS ONE 9, e111328",NA,NA,NA,NA,"10.1371/journal.pone.0111328",NA,NA,NA,NA,NA,NA,NA,NA,NA,NA,NA,NA,NA,"RPDv1b:1740",862,"McGlone, M.S.",1,"McGlone","M.S.",NA,NA,NA,NA,NA,NA,NA,NA,NA,"RPDv1b:1740",862,"RPDv1b",1740,14056,1.21,1.21,"cm",0.01,"AMS","undifferentiated plant macrofossil",710,15,NA,NA,"KCCAMS-102197",TRUE,NA,"NA Date is in uncalibrated radiocarbon years.","Lake Kirkpatrick core_SIEVED","counted","125-NaN",NA,NA,"",710,695,725,710,1.21,0.01,"NA Date is in uncalibrated radiocarbon years.",". Cal curve: NA. Source DB: RPDv1b","Lacustrine","Carbon-14","Radiocarbon",-53,1485,"Calibrated radiocarbon years BP","sedimentary charcoal","Data Sourcing: RPDv1b","Sample Age Source: RPDv1b"
"862",157,"charcoal | >125um num",NA,79,NA,NA,1068,NA,NA,"RPDv1b","Charcoal (sum)",">125 µm",125,NA,"False","True","number","Macroscopic charcoal (sieved)","direct",NA,"CHAR",20,NA,NA,"quant_raw",5,"volume","cm^3","RPDv1b",1740,"charcoal","count","macrochar","wet_sieve","particle",">125um num",NA,">125um","num","RPDv1b","measured",1,"RPDv1b",NA,"Lake Kirkpatrick core",-45.02706,168.57374,570,"south",NA,NA,"sedlac",862,1,2014,"McWethy, D.B., Wilmshurst, J.M., Whitlock, C., Wood, J.R., McGlone, M.S., 2014. A high-resolution chronology of rapid forest transitions following Polynesian arrival in New Zealand. PLOS ONE 9, e111328.","A high-resolution chronology of rapid forest transitions following Polynesian arrival in New Zealand","PLOS ONE 9, e111328",NA,NA,NA,NA,"10.1371/journal.pone.0111328",NA,NA,NA,NA,NA,NA,NA,NA,NA,NA,NA,NA,NA,"RPDv1b:1740",862,"McGlone, M.S.",1,"McGlone","M.S.",NA,NA,NA,NA,NA,NA,NA,NA,NA,"RPDv1b:1740",862,"RPDv1b",1740,14056,1.21,1.21,"cm",0.01,"AMS","undifferentiated plant macrofossil",710,15,NA,NA,"KCCAMS-102197",TRUE,NA,"NA Date is in uncalibrated radiocarbon years.","Lake Kirkpatrick core_SIEVED","counted","125-NaN",NA,NA,"",710,695,725,710,1.21,0.01,"NA Date is in uncalibrated radiocarbon years.",". Cal curve: NA. Source DB: RPDv1b","Lacustrine","Carbon-14","Radiocarbon",-53,1485,"Calibrated radiocarbon years BP","sedimentary charcoal","Data Sourcing: RPDv1b","Sample Age Source: RPDv1b"
"862",158,"charcoal | >125um num",NA,79.5,NA,NA,1080,NA,NA,"RPDv1b","Charcoal (sum)",">125 µm",125,NA,"False","True","number","Macroscopic charcoal (sieved)","direct",NA,"CHAR",11,NA,NA,"quant_raw",5,"volume","cm^3","RPDv1b",1740,"charcoal","count","macrochar","wet_sieve","particle",">125um num",NA,">125um","num","RPDv1b","measured",1,"RPDv1b",NA,"Lake Kirkpatrick core",-45.02706,168.57374,570,"south",NA,NA,"sedlac",862,1,2014,"McWethy, D.B., Wilmshurst, J.M., Whitlock, C., Wood, J.R., McGlone, M.S., 2014. A high-resolution chronology of rapid forest transitions following Polynesian arrival in New Zealand. PLOS ONE 9, e111328.","A high-resolution chronology of rapid forest transitions following Polynesian arrival in New Zealand","PLOS ONE 9, e111328",NA,NA,NA,NA,"10.1371/journal.pone.0111328",NA,NA,NA,NA,NA,NA,NA,NA,NA,NA,NA,NA,NA,"RPDv1b:1740",862,"McGlone, M.S.",1,"McGlone","M.S.",NA,NA,NA,NA,NA,NA,NA,NA,NA,"RPDv1b:1740",862,"RPDv1b",1740,14056,1.21,1.21,"cm",0.01,"AMS","undifferentiated plant macrofossil",710,15,NA,NA,"KCCAMS-102197",TRUE,NA,"NA Date is in uncalibrated radiocarbon years.","Lake Kirkpatrick core_SIEVED","counted","125-NaN",NA,NA,"",710,695,725,710,1.21,0.01,"NA Date is in uncalibrated radiocarbon years.",". Cal curve: NA. Source DB: RPDv1b","Lacustrine","Carbon-14","Radiocarbon",-53,1485,"Calibrated radiocarbon years BP","sedimentary charcoal","Data Sourcing: RPDv1b","Sample Age Source: RPDv1b"
"862",159,"charcoal | >125um num",NA,80,NA,NA,1092,NA,NA,"RPDv1b","Charcoal (sum)",">125 µm",125,NA,"False","True","number","Macroscopic charcoal (sieved)","direct",NA,"CHAR",2,NA,NA,"quant_raw",5,"volume","cm^3","RPDv1b",1740,"charcoal","count","macrochar","wet_sieve","particle",">125um num",NA,">125um","num","RPDv1b","measured",1,"RPDv1b",NA,"Lake Kirkpatrick core",-45.02706,168.57374,570,"south",NA,NA,"sedlac",862,1,2014,"McWethy, D.B., Wilmshurst, J.M., Whitlock, C., Wood, J.R., McGlone, M.S., 2014. A high-resolution chronology of rapid forest transitions following Polynesian arrival in New Zealand. PLOS ONE 9, e111328.","A high-resolution chronology of rapid forest transitions following Polynesian arrival in New Zealand","PLOS ONE 9, e111328",NA,NA,NA,NA,"10.1371/journal.pone.0111328",NA,NA,NA,NA,NA,NA,NA,NA,NA,NA,NA,NA,NA,"RPDv1b:1740",862,"McGlone, M.S.",1,"McGlone","M.S.",NA,NA,NA,NA,NA,NA,NA,NA,NA,"RPDv1b:1740",862,"RPDv1b",1740,14056,1.21,1.21,"cm",0.01,"AMS","undifferentiated plant macrofossil",710,15,NA,NA,"KCCAMS-102197",TRUE,NA,"NA Date is in uncalibrated radiocarbon years.","Lake Kirkpatrick core_SIEVED","counted","125-NaN",NA,NA,"",710,695,725,710,1.21,0.01,"NA Date is in uncalibrated radiocarbon years.",". Cal curve: NA. Source DB: RPDv1b","Lacustrine","Carbon-14","Radiocarbon",-53,1485,"Calibrated radiocarbon years BP","sedimentary charcoal","Data Sourcing: RPDv1b","Sample Age Source: RPDv1b"
"862",160,"charcoal | >125um num",NA,80.5,NA,NA,1105,NA,NA,"RPDv1b","Charcoal (sum)",">125 µm",125,NA,"False","True","number","Macroscopic charcoal (sieved)","direct",NA,"CHAR",0,NA,NA,"quant_raw",5,"volume","cm^3","RPDv1b",1740,"charcoal","count","macrochar","wet_sieve","particle",">125um num",NA,">125um","num","RPDv1b","measured",1,"RPDv1b",NA,"Lake Kirkpatrick core",-45.02706,168.57374,570,"south",NA,NA,"sedlac",862,1,2014,"McWethy, D.B., Wilmshurst, J.M., Whitlock, C., Wood, J.R., McGlone, M.S., 2014. A high-resolution chronology of rapid forest transitions following Polynesian arrival in New Zealand. PLOS ONE 9, e111328.","A high-resolution chronology of rapid forest transitions following Polynesian arrival in New Zealand","PLOS ONE 9, e111328",NA,NA,NA,NA,"10.1371/journal.pone.0111328",NA,NA,NA,NA,NA,NA,NA,NA,NA,NA,NA,NA,NA,"RPDv1b:1740",862,"McGlone, M.S.",1,"McGlone","M.S.",NA,NA,NA,NA,NA,NA,NA,NA,NA,"RPDv1b:1740",862,"RPDv1b",1740,14056,1.21,1.21,"cm",0.01,"AMS","undifferentiated plant macrofossil",710,15,NA,NA,"KCCAMS-102197",TRUE,NA,"NA Date is in uncalibrated radiocarbon years.","Lake Kirkpatrick core_SIEVED","counted","125-NaN",NA,NA,"",710,695,725,710,1.21,0.01,"NA Date is in uncalibrated radiocarbon years.",". Cal curve: NA. Source DB: RPDv1b","Lacustrine","Carbon-14","Radiocarbon",-53,1485,"Calibrated radiocarbon years BP","sedimentary charcoal","Data Sourcing: RPDv1b","Sample Age Source: RPDv1b"
"862",161,"charcoal | >125um num",NA,81,NA,NA,1117,NA,NA,"RPDv1b","Charcoal (sum)",">125 µm",125,NA,"False","True","number","Macroscopic charcoal (sieved)","direct",NA,"CHAR",0,NA,NA,"quant_raw",5,"volume","cm^3","RPDv1b",1740,"charcoal","count","macrochar","wet_sieve","particle",">125um num",NA,">125um","num","RPDv1b","measured",1,"RPDv1b",NA,"Lake Kirkpatrick core",-45.02706,168.57374,570,"south",NA,NA,"sedlac",862,1,2014,"McWethy, D.B., Wilmshurst, J.M., Whitlock, C., Wood, J.R., McGlone, M.S., 2014. A high-resolution chronology of rapid forest transitions following Polynesian arrival in New Zealand. PLOS ONE 9, e111328.","A high-resolution chronology of rapid forest transitions following Polynesian arrival in New Zealand","PLOS ONE 9, e111328",NA,NA,NA,NA,"10.1371/journal.pone.0111328",NA,NA,NA,NA,NA,NA,NA,NA,NA,NA,NA,NA,NA,"RPDv1b:1740",862,"McGlone, M.S.",1,"McGlone","M.S.",NA,NA,NA,NA,NA,NA,NA,NA,NA,"RPDv1b:1740",862,"RPDv1b",1740,14056,1.21,1.21,"cm",0.01,"AMS","undifferentiated plant macrofossil",710,15,NA,NA,"KCCAMS-102197",TRUE,NA,"NA Date is in uncalibrated radiocarbon years.","Lake Kirkpatrick core_SIEVED","counted","125-NaN",NA,NA,"",710,695,725,710,1.21,0.01,"NA Date is in uncalibrated radiocarbon years.",". Cal curve: NA. Source DB: RPDv1b","Lacustrine","Carbon-14","Radiocarbon",-53,1485,"Calibrated radiocarbon years BP","sedimentary charcoal","Data Sourcing: RPDv1b","Sample Age Source: RPDv1b"
"862",162,"charcoal | >125um num",NA,81.5,NA,NA,1129,NA,NA,"RPDv1b","Charcoal (sum)",">125 µm",125,NA,"False","True","number","Macroscopic charcoal (sieved)","direct",NA,"CHAR",7,NA,NA,"quant_raw",5,"volume","cm^3","RPDv1b",1740,"charcoal","count","macrochar","wet_sieve","particle",">125um num",NA,">125um","num","RPDv1b","measured",1,"RPDv1b",NA,"Lake Kirkpatrick core",-45.02706,168.57374,570,"south",NA,NA,"sedlac",862,1,2014,"McWethy, D.B., Wilmshurst, J.M., Whitlock, C., Wood, J.R., McGlone, M.S., 2014. A high-resolution chronology of rapid forest transitions following Polynesian arrival in New Zealand. PLOS ONE 9, e111328.","A high-resolution chronology of rapid forest transitions following Polynesian arrival in New Zealand","PLOS ONE 9, e111328",NA,NA,NA,NA,"10.1371/journal.pone.0111328",NA,NA,NA,NA,NA,NA,NA,NA,NA,NA,NA,NA,NA,"RPDv1b:1740",862,"McGlone, M.S.",1,"McGlone","M.S.",NA,NA,NA,NA,NA,NA,NA,NA,NA,"RPDv1b:1740",862,"RPDv1b",1740,14056,1.21,1.21,"cm",0.01,"AMS","undifferentiated plant macrofossil",710,15,NA,NA,"KCCAMS-102197",TRUE,NA,"NA Date is in uncalibrated radiocarbon years.","Lake Kirkpatrick core_SIEVED","counted","125-NaN",NA,NA,"",710,695,725,710,1.21,0.01,"NA Date is in uncalibrated radiocarbon years.",". Cal curve: NA. Source DB: RPDv1b","Lacustrine","Carbon-14","Radiocarbon",-53,1485,"Calibrated radiocarbon years BP","sedimentary charcoal","Data Sourcing: RPDv1b","Sample Age Source: RPDv1b"
"862",163,"charcoal | >125um num",NA,82,NA,NA,1142,NA,NA,"RPDv1b","Charcoal (sum)",">125 µm",125,NA,"False","True","number","Macroscopic charcoal (sieved)","direct",NA,"CHAR",2,NA,NA,"quant_raw",5,"volume","cm^3","RPDv1b",1740,"charcoal","count","macrochar","wet_sieve","particle",">125um num",NA,">125um","num","RPDv1b","measured",1,"RPDv1b",NA,"Lake Kirkpatrick core",-45.02706,168.57374,570,"south",NA,NA,"sedlac",862,1,2014,"McWethy, D.B., Wilmshurst, J.M., Whitlock, C., Wood, J.R., McGlone, M.S., 2014. A high-resolution chronology of rapid forest transitions following Polynesian arrival in New Zealand. PLOS ONE 9, e111328.","A high-resolution chronology of rapid forest transitions following Polynesian arrival in New Zealand","PLOS ONE 9, e111328",NA,NA,NA,NA,"10.1371/journal.pone.0111328",NA,NA,NA,NA,NA,NA,NA,NA,NA,NA,NA,NA,NA,"RPDv1b:1740",862,"McGlone, M.S.",1,"McGlone","M.S.",NA,NA,NA,NA,NA,NA,NA,NA,NA,"RPDv1b:1740",862,"RPDv1b",1740,14056,1.21,1.21,"cm",0.01,"AMS","undifferentiated plant macrofossil",710,15,NA,NA,"KCCAMS-102197",TRUE,NA,"NA Date is in uncalibrated radiocarbon years.","Lake Kirkpatrick core_SIEVED","counted","125-NaN",NA,NA,"",710,695,725,710,1.21,0.01,"NA Date is in uncalibrated radiocarbon years.",". Cal curve: NA. Source DB: RPDv1b","Lacustrine","Carbon-14","Radiocarbon",-53,1485,"Calibrated radiocarbon years BP","sedimentary charcoal","Data Sourcing: RPDv1b","Sample Age Source: RPDv1b"
"862",164,"charcoal | >125um num",NA,82.5,NA,NA,1154,NA,NA,"RPDv1b","Charcoal (sum)",">125 µm",125,NA,"False","True","number","Macroscopic charcoal (sieved)","direct",NA,"CHAR",2,NA,NA,"quant_raw",5,"volume","cm^3","RPDv1b",1740,"charcoal","count","macrochar","wet_sieve","particle",">125um num",NA,">125um","num","RPDv1b","measured",1,"RPDv1b",NA,"Lake Kirkpatrick core",-45.02706,168.57374,570,"south",NA,NA,"sedlac",862,1,2014,"McWethy, D.B., Wilmshurst, J.M., Whitlock, C., Wood, J.R., McGlone, M.S., 2014. A high-resolution chronology of rapid forest transitions following Polynesian arrival in New Zealand. PLOS ONE 9, e111328.","A high-resolution chronology of rapid forest transitions following Polynesian arrival in New Zealand","PLOS ONE 9, e111328",NA,NA,NA,NA,"10.1371/journal.pone.0111328",NA,NA,NA,NA,NA,NA,NA,NA,NA,NA,NA,NA,NA,"RPDv1b:1740",862,"McGlone, M.S.",1,"McGlone","M.S.",NA,NA,NA,NA,NA,NA,NA,NA,NA,"RPDv1b:1740",862,"RPDv1b",1740,14056,1.21,1.21,"cm",0.01,"AMS","undifferentiated plant macrofossil",710,15,NA,NA,"KCCAMS-102197",TRUE,NA,"NA Date is in uncalibrated radiocarbon years.","Lake Kirkpatrick core_SIEVED","counted","125-NaN",NA,NA,"",710,695,725,710,1.21,0.01,"NA Date is in uncalibrated radiocarbon years.",". Cal curve: NA. Source DB: RPDv1b","Lacustrine","Carbon-14","Radiocarbon",-53,1485,"Calibrated radiocarbon years BP","sedimentary charcoal","Data Sourcing: RPDv1b","Sample Age Source: RPDv1b"
"862",165,"charcoal | >125um num",NA,83,NA,NA,1166,NA,NA,"RPDv1b","Charcoal (sum)",">125 µm",125,NA,"False","True","number","Macroscopic charcoal (sieved)","direct",NA,"CHAR",0,NA,NA,"quant_raw",5,"volume","cm^3","RPDv1b",1740,"charcoal","count","macrochar","wet_sieve","particle",">125um num",NA,">125um","num","RPDv1b","measured",1,"RPDv1b",NA,"Lake Kirkpatrick core",-45.02706,168.57374,570,"south",NA,NA,"sedlac",862,1,2014,"McWethy, D.B., Wilmshurst, J.M., Whitlock, C., Wood, J.R., McGlone, M.S., 2014. A high-resolution chronology of rapid forest transitions following Polynesian arrival in New Zealand. PLOS ONE 9, e111328.","A high-resolution chronology of rapid forest transitions following Polynesian arrival in New Zealand","PLOS ONE 9, e111328",NA,NA,NA,NA,"10.1371/journal.pone.0111328",NA,NA,NA,NA,NA,NA,NA,NA,NA,NA,NA,NA,NA,"RPDv1b:1740",862,"McGlone, M.S.",1,"McGlone","M.S.",NA,NA,NA,NA,NA,NA,NA,NA,NA,"RPDv1b:1740",862,"RPDv1b",1740,14056,1.21,1.21,"cm",0.01,"AMS","undifferentiated plant macrofossil",710,15,NA,NA,"KCCAMS-102197",TRUE,NA,"NA Date is in uncalibrated radiocarbon years.","Lake Kirkpatrick core_SIEVED","counted","125-NaN",NA,NA,"",710,695,725,710,1.21,0.01,"NA Date is in uncalibrated radiocarbon years.",". Cal curve: NA. Source DB: RPDv1b","Lacustrine","Carbon-14","Radiocarbon",-53,1485,"Calibrated radiocarbon years BP","sedimentary charcoal","Data Sourcing: RPDv1b","Sample Age Source: RPDv1b"
"862",166,"charcoal | >125um num",NA,83.5,NA,NA,1179,NA,NA,"RPDv1b","Charcoal (sum)",">125 µm",125,NA,"False","True","number","Macroscopic charcoal (sieved)","direct",NA,"CHAR",0,NA,NA,"quant_raw",5,"volume","cm^3","RPDv1b",1740,"charcoal","count","macrochar","wet_sieve","particle",">125um num",NA,">125um","num","RPDv1b","measured",1,"RPDv1b",NA,"Lake Kirkpatrick core",-45.02706,168.57374,570,"south",NA,NA,"sedlac",862,1,2014,"McWethy, D.B., Wilmshurst, J.M., Whitlock, C., Wood, J.R., McGlone, M.S., 2014. A high-resolution chronology of rapid forest transitions following Polynesian arrival in New Zealand. PLOS ONE 9, e111328.","A high-resolution chronology of rapid forest transitions following Polynesian arrival in New Zealand","PLOS ONE 9, e111328",NA,NA,NA,NA,"10.1371/journal.pone.0111328",NA,NA,NA,NA,NA,NA,NA,NA,NA,NA,NA,NA,NA,"RPDv1b:1740",862,"McGlone, M.S.",1,"McGlone","M.S.",NA,NA,NA,NA,NA,NA,NA,NA,NA,"RPDv1b:1740",862,"RPDv1b",1740,14056,1.21,1.21,"cm",0.01,"AMS","undifferentiated plant macrofossil",710,15,NA,NA,"KCCAMS-102197",TRUE,NA,"NA Date is in uncalibrated radiocarbon years.","Lake Kirkpatrick core_SIEVED","counted","125-NaN",NA,NA,"",710,695,725,710,1.21,0.01,"NA Date is in uncalibrated radiocarbon years.",". Cal curve: NA. Source DB: RPDv1b","Lacustrine","Carbon-14","Radiocarbon",-53,1485,"Calibrated radiocarbon years BP","sedimentary charcoal","Data Sourcing: RPDv1b","Sample Age Source: RPDv1b"
"862",167,"charcoal | >125um num",NA,84,NA,NA,1191,NA,NA,"RPDv1b","Charcoal (sum)",">125 µm",125,NA,"False","True","number","Macroscopic charcoal (sieved)","direct",NA,"CHAR",0,NA,NA,"quant_raw",5,"volume","cm^3","RPDv1b",1740,"charcoal","count","macrochar","wet_sieve","particle",">125um num",NA,">125um","num","RPDv1b","measured",1,"RPDv1b",NA,"Lake Kirkpatrick core",-45.02706,168.57374,570,"south",NA,NA,"sedlac",862,1,2014,"McWethy, D.B., Wilmshurst, J.M., Whitlock, C., Wood, J.R., McGlone, M.S., 2014. A high-resolution chronology of rapid forest transitions following Polynesian arrival in New Zealand. PLOS ONE 9, e111328.","A high-resolution chronology of rapid forest transitions following Polynesian arrival in New Zealand","PLOS ONE 9, e111328",NA,NA,NA,NA,"10.1371/journal.pone.0111328",NA,NA,NA,NA,NA,NA,NA,NA,NA,NA,NA,NA,NA,"RPDv1b:1740",862,"McGlone, M.S.",1,"McGlone","M.S.",NA,NA,NA,NA,NA,NA,NA,NA,NA,"RPDv1b:1740",862,"RPDv1b",1740,14056,1.21,1.21,"cm",0.01,"AMS","undifferentiated plant macrofossil",710,15,NA,NA,"KCCAMS-102197",TRUE,NA,"NA Date is in uncalibrated radiocarbon years.","Lake Kirkpatrick core_SIEVED","counted","125-NaN",NA,NA,"",710,695,725,710,1.21,0.01,"NA Date is in uncalibrated radiocarbon years.",". Cal curve: NA. Source DB: RPDv1b","Lacustrine","Carbon-14","Radiocarbon",-53,1485,"Calibrated radiocarbon years BP","sedimentary charcoal","Data Sourcing: RPDv1b","Sample Age Source: RPDv1b"
"862",168,"charcoal | >125um num",NA,84.5,NA,NA,1203,NA,NA,"RPDv1b","Charcoal (sum)",">125 µm",125,NA,"False","True","number","Macroscopic charcoal (sieved)","direct",NA,"CHAR",1,NA,NA,"quant_raw",5,"volume","cm^3","RPDv1b",1740,"charcoal","count","macrochar","wet_sieve","particle",">125um num",NA,">125um","num","RPDv1b","measured",1,"RPDv1b",NA,"Lake Kirkpatrick core",-45.02706,168.57374,570,"south",NA,NA,"sedlac",862,1,2014,"McWethy, D.B., Wilmshurst, J.M., Whitlock, C., Wood, J.R., McGlone, M.S., 2014. A high-resolution chronology of rapid forest transitions following Polynesian arrival in New Zealand. PLOS ONE 9, e111328.","A high-resolution chronology of rapid forest transitions following Polynesian arrival in New Zealand","PLOS ONE 9, e111328",NA,NA,NA,NA,"10.1371/journal.pone.0111328",NA,NA,NA,NA,NA,NA,NA,NA,NA,NA,NA,NA,NA,"RPDv1b:1740",862,"McGlone, M.S.",1,"McGlone","M.S.",NA,NA,NA,NA,NA,NA,NA,NA,NA,"RPDv1b:1740",862,"RPDv1b",1740,14056,1.21,1.21,"cm",0.01,"AMS","undifferentiated plant macrofossil",710,15,NA,NA,"KCCAMS-102197",TRUE,NA,"NA Date is in uncalibrated radiocarbon years.","Lake Kirkpatrick core_SIEVED","counted","125-NaN",NA,NA,"",710,695,725,710,1.21,0.01,"NA Date is in uncalibrated radiocarbon years.",". Cal curve: NA. Source DB: RPDv1b","Lacustrine","Carbon-14","Radiocarbon",-53,1485,"Calibrated radiocarbon years BP","sedimentary charcoal","Data Sourcing: RPDv1b","Sample Age Source: RPDv1b"
"862",169,"charcoal | >125um num",NA,85,NA,NA,1215,NA,NA,"RPDv1b","Charcoal (sum)",">125 µm",125,NA,"False","True","number","Macroscopic charcoal (sieved)","direct",NA,"CHAR",0,NA,NA,"quant_raw",5,"volume","cm^3","RPDv1b",1740,"charcoal","count","macrochar","wet_sieve","particle",">125um num",NA,">125um","num","RPDv1b","measured",1,"RPDv1b",NA,"Lake Kirkpatrick core",-45.02706,168.57374,570,"south",NA,NA,"sedlac",862,1,2014,"McWethy, D.B., Wilmshurst, J.M., Whitlock, C., Wood, J.R., McGlone, M.S., 2014. A high-resolution chronology of rapid forest transitions following Polynesian arrival in New Zealand. PLOS ONE 9, e111328.","A high-resolution chronology of rapid forest transitions following Polynesian arrival in New Zealand","PLOS ONE 9, e111328",NA,NA,NA,NA,"10.1371/journal.pone.0111328",NA,NA,NA,NA,NA,NA,NA,NA,NA,NA,NA,NA,NA,"RPDv1b:1740",862,"McGlone, M.S.",1,"McGlone","M.S.",NA,NA,NA,NA,NA,NA,NA,NA,NA,"RPDv1b:1740",862,"RPDv1b",1740,14057,1.91,1.91,"cm",0.01,"AMS","undifferentiated plant macrofossil",1625,15,NA,NA,"KCCAMS-71878",TRUE,NA,"NA Date is in uncalibrated radiocarbon years.","Lake Kirkpatrick core_SIEVED","counted","125-NaN",NA,NA,"",1625,1610,1640,1625,1.91,0.01,"NA Date is in uncalibrated radiocarbon years.",". Cal curve: NA. Source DB: RPDv1b","Lacustrine","Carbon-14","Radiocarbon",-53,1485,"Calibrated radiocarbon years BP","sedimentary charcoal","Data Sourcing: RPDv1b","Sample Age Source: RPDv1b"
"862",170,"charcoal | >125um num",NA,85.5,NA,NA,1228,NA,NA,"RPDv1b","Charcoal (sum)",">125 µm",125,NA,"False","True","number","Macroscopic charcoal (sieved)","direct",NA,"CHAR",1,NA,NA,"quant_raw",5,"volume","cm^3","RPDv1b",1740,"charcoal","count","macrochar","wet_sieve","particle",">125um num",NA,">125um","num","RPDv1b","measured",1,"RPDv1b",NA,"Lake Kirkpatrick core",-45.02706,168.57374,570,"south",NA,NA,"sedlac",862,1,2014,"McWethy, D.B., Wilmshurst, J.M., Whitlock, C., Wood, J.R., McGlone, M.S., 2014. A high-resolution chronology of rapid forest transitions following Polynesian arrival in New Zealand. PLOS ONE 9, e111328.","A high-resolution chronology of rapid forest transitions following Polynesian arrival in New Zealand","PLOS ONE 9, e111328",NA,NA,NA,NA,"10.1371/journal.pone.0111328",NA,NA,NA,NA,NA,NA,NA,NA,NA,NA,NA,NA,NA,"RPDv1b:1740",862,"McGlone, M.S.",1,"McGlone","M.S.",NA,NA,NA,NA,NA,NA,NA,NA,NA,"RPDv1b:1740",862,"RPDv1b",1740,14057,1.91,1.91,"cm",0.01,"AMS","undifferentiated plant macrofossil",1625,15,NA,NA,"KCCAMS-71878",TRUE,NA,"NA Date is in uncalibrated radiocarbon years.","Lake Kirkpatrick core_SIEVED","counted","125-NaN",NA,NA,"",1625,1610,1640,1625,1.91,0.01,"NA Date is in uncalibrated radiocarbon years.",". Cal curve: NA. Source DB: RPDv1b","Lacustrine","Carbon-14","Radiocarbon",-53,1485,"Calibrated radiocarbon years BP","sedimentary charcoal","Data Sourcing: RPDv1b","Sample Age Source: RPDv1b"
"862",171,"charcoal | >125um num",NA,86,NA,NA,1240,NA,NA,"RPDv1b","Charcoal (sum)",">125 µm",125,NA,"False","True","number","Macroscopic charcoal (sieved)","direct",NA,"CHAR",0,NA,NA,"quant_raw",5,"volume","cm^3","RPDv1b",1740,"charcoal","count","macrochar","wet_sieve","particle",">125um num",NA,">125um","num","RPDv1b","measured",1,"RPDv1b",NA,"Lake Kirkpatrick core",-45.02706,168.57374,570,"south",NA,NA,"sedlac",862,1,2014,"McWethy, D.B., Wilmshurst, J.M., Whitlock, C., Wood, J.R., McGlone, M.S., 2014. A high-resolution chronology of rapid forest transitions following Polynesian arrival in New Zealand. PLOS ONE 9, e111328.","A high-resolution chronology of rapid forest transitions following Polynesian arrival in New Zealand","PLOS ONE 9, e111328",NA,NA,NA,NA,"10.1371/journal.pone.0111328",NA,NA,NA,NA,NA,NA,NA,NA,NA,NA,NA,NA,NA,"RPDv1b:1740",862,"McGlone, M.S.",1,"McGlone","M.S.",NA,NA,NA,NA,NA,NA,NA,NA,NA,"RPDv1b:1740",862,"RPDv1b",1740,14057,1.91,1.91,"cm",0.01,"AMS","undifferentiated plant macrofossil",1625,15,NA,NA,"KCCAMS-71878",TRUE,NA,"NA Date is in uncalibrated radiocarbon years.","Lake Kirkpatrick core_SIEVED","counted","125-NaN",NA,NA,"",1625,1610,1640,1625,1.91,0.01,"NA Date is in uncalibrated radiocarbon years.",". Cal curve: NA. Source DB: RPDv1b","Lacustrine","Carbon-14","Radiocarbon",-53,1485,"Calibrated radiocarbon years BP","sedimentary charcoal","Data Sourcing: RPDv1b","Sample Age Source: RPDv1b"
"862",172,"charcoal | >125um num",NA,86.5,NA,NA,1252,NA,NA,"RPDv1b","Charcoal (sum)",">125 µm",125,NA,"False","True","number","Macroscopic charcoal (sieved)","direct",NA,"CHAR",2,NA,NA,"quant_raw",5,"volume","cm^3","RPDv1b",1740,"charcoal","count","macrochar","wet_sieve","particle",">125um num",NA,">125um","num","RPDv1b","measured",1,"RPDv1b",NA,"Lake Kirkpatrick core",-45.02706,168.57374,570,"south",NA,NA,"sedlac",862,1,2014,"McWethy, D.B., Wilmshurst, J.M., Whitlock, C., Wood, J.R., McGlone, M.S., 2014. A high-resolution chronology of rapid forest transitions following Polynesian arrival in New Zealand. PLOS ONE 9, e111328.","A high-resolution chronology of rapid forest transitions following Polynesian arrival in New Zealand","PLOS ONE 9, e111328",NA,NA,NA,NA,"10.1371/journal.pone.0111328",NA,NA,NA,NA,NA,NA,NA,NA,NA,NA,NA,NA,NA,"RPDv1b:1740",862,"McGlone, M.S.",1,"McGlone","M.S.",NA,NA,NA,NA,NA,NA,NA,NA,NA,"RPDv1b:1740",862,"RPDv1b",1740,14057,1.91,1.91,"cm",0.01,"AMS","undifferentiated plant macrofossil",1625,15,NA,NA,"KCCAMS-71878",TRUE,NA,"NA Date is in uncalibrated radiocarbon years.","Lake Kirkpatrick core_SIEVED","counted","125-NaN",NA,NA,"",1625,1610,1640,1625,1.91,0.01,"NA Date is in uncalibrated radiocarbon years.",". Cal curve: NA. Source DB: RPDv1b","Lacustrine","Carbon-14","Radiocarbon",-53,1485,"Calibrated radiocarbon years BP","sedimentary charcoal","Data Sourcing: RPDv1b","Sample Age Source: RPDv1b"
"862",173,"charcoal | >125um num",NA,87,NA,NA,1265,NA,NA,"RPDv1b","Charcoal (sum)",">125 µm",125,NA,"False","True","number","Macroscopic charcoal (sieved)","direct",NA,"CHAR",2,NA,NA,"quant_raw",5,"volume","cm^3","RPDv1b",1740,"charcoal","count","macrochar","wet_sieve","particle",">125um num",NA,">125um","num","RPDv1b","measured",1,"RPDv1b",NA,"Lake Kirkpatrick core",-45.02706,168.57374,570,"south",NA,NA,"sedlac",862,1,2014,"McWethy, D.B., Wilmshurst, J.M., Whitlock, C., Wood, J.R., McGlone, M.S., 2014. A high-resolution chronology of rapid forest transitions following Polynesian arrival in New Zealand. PLOS ONE 9, e111328.","A high-resolution chronology of rapid forest transitions following Polynesian arrival in New Zealand","PLOS ONE 9, e111328",NA,NA,NA,NA,"10.1371/journal.pone.0111328",NA,NA,NA,NA,NA,NA,NA,NA,NA,NA,NA,NA,NA,"RPDv1b:1740",862,"McGlone, M.S.",1,"McGlone","M.S.",NA,NA,NA,NA,NA,NA,NA,NA,NA,"RPDv1b:1740",862,"RPDv1b",1740,14057,1.91,1.91,"cm",0.01,"AMS","undifferentiated plant macrofossil",1625,15,NA,NA,"KCCAMS-71878",TRUE,NA,"NA Date is in uncalibrated radiocarbon years.","Lake Kirkpatrick core_SIEVED","counted","125-NaN",NA,NA,"",1625,1610,1640,1625,1.91,0.01,"NA Date is in uncalibrated radiocarbon years.",". Cal curve: NA. Source DB: RPDv1b","Lacustrine","Carbon-14","Radiocarbon",-53,1485,"Calibrated radiocarbon years BP","sedimentary charcoal","Data Sourcing: RPDv1b","Sample Age Source: RPDv1b"
"862",174,"charcoal | >125um num",NA,87.5,NA,NA,1277,NA,NA,"RPDv1b","Charcoal (sum)",">125 µm",125,NA,"False","True","number","Macroscopic charcoal (sieved)","direct",NA,"CHAR",4,NA,NA,"quant_raw",5,"volume","cm^3","RPDv1b",1740,"charcoal","count","macrochar","wet_sieve","particle",">125um num",NA,">125um","num","RPDv1b","measured",1,"RPDv1b",NA,"Lake Kirkpatrick core",-45.02706,168.57374,570,"south",NA,NA,"sedlac",862,1,2014,"McWethy, D.B., Wilmshurst, J.M., Whitlock, C., Wood, J.R., McGlone, M.S., 2014. A high-resolution chronology of rapid forest transitions following Polynesian arrival in New Zealand. PLOS ONE 9, e111328.","A high-resolution chronology of rapid forest transitions following Polynesian arrival in New Zealand","PLOS ONE 9, e111328",NA,NA,NA,NA,"10.1371/journal.pone.0111328",NA,NA,NA,NA,NA,NA,NA,NA,NA,NA,NA,NA,NA,"RPDv1b:1740",862,"McGlone, M.S.",1,"McGlone","M.S.",NA,NA,NA,NA,NA,NA,NA,NA,NA,"RPDv1b:1740",862,"RPDv1b",1740,14057,1.91,1.91,"cm",0.01,"AMS","undifferentiated plant macrofossil",1625,15,NA,NA,"KCCAMS-71878",TRUE,NA,"NA Date is in uncalibrated radiocarbon years.","Lake Kirkpatrick core_SIEVED","counted","125-NaN",NA,NA,"",1625,1610,1640,1625,1.91,0.01,"NA Date is in uncalibrated radiocarbon years.",". Cal curve: NA. Source DB: RPDv1b","Lacustrine","Carbon-14","Radiocarbon",-53,1485,"Calibrated radiocarbon years BP","sedimentary charcoal","Data Sourcing: RPDv1b","Sample Age Source: RPDv1b"
"862",175,"charcoal | >125um num",NA,88,NA,NA,1289,NA,NA,"RPDv1b","Charcoal (sum)",">125 µm",125,NA,"False","True","number","Macroscopic charcoal (sieved)","direct",NA,"CHAR",4,NA,NA,"quant_raw",5,"volume","cm^3","RPDv1b",1740,"charcoal","count","macrochar","wet_sieve","particle",">125um num",NA,">125um","num","RPDv1b","measured",1,"RPDv1b",NA,"Lake Kirkpatrick core",-45.02706,168.57374,570,"south",NA,NA,"sedlac",862,1,2014,"McWethy, D.B., Wilmshurst, J.M., Whitlock, C., Wood, J.R., McGlone, M.S., 2014. A high-resolution chronology of rapid forest transitions following Polynesian arrival in New Zealand. PLOS ONE 9, e111328.","A high-resolution chronology of rapid forest transitions following Polynesian arrival in New Zealand","PLOS ONE 9, e111328",NA,NA,NA,NA,"10.1371/journal.pone.0111328",NA,NA,NA,NA,NA,NA,NA,NA,NA,NA,NA,NA,NA,"RPDv1b:1740",862,"McGlone, M.S.",1,"McGlone","M.S.",NA,NA,NA,NA,NA,NA,NA,NA,NA,"RPDv1b:1740",862,"RPDv1b",1740,14057,1.91,1.91,"cm",0.01,"AMS","undifferentiated plant macrofossil",1625,15,NA,NA,"KCCAMS-71878",TRUE,NA,"NA Date is in uncalibrated radiocarbon years.","Lake Kirkpatrick core_SIEVED","counted","125-NaN",NA,NA,"",1625,1610,1640,1625,1.91,0.01,"NA Date is in uncalibrated radiocarbon years.",". Cal curve: NA. Source DB: RPDv1b","Lacustrine","Carbon-14","Radiocarbon",-53,1485,"Calibrated radiocarbon years BP","sedimentary charcoal","Data Sourcing: RPDv1b","Sample Age Source: RPDv1b"
"862",176,"charcoal | >125um num",NA,88.5,NA,NA,1302,NA,NA,"RPDv1b","Charcoal (sum)",">125 µm",125,NA,"False","True","number","Macroscopic charcoal (sieved)","direct",NA,"CHAR",4,NA,NA,"quant_raw",5,"volume","cm^3","RPDv1b",1740,"charcoal","count","macrochar","wet_sieve","particle",">125um num",NA,">125um","num","RPDv1b","measured",1,"RPDv1b",NA,"Lake Kirkpatrick core",-45.02706,168.57374,570,"south",NA,NA,"sedlac",862,1,2014,"McWethy, D.B., Wilmshurst, J.M., Whitlock, C., Wood, J.R., McGlone, M.S., 2014. A high-resolution chronology of rapid forest transitions following Polynesian arrival in New Zealand. PLOS ONE 9, e111328.","A high-resolution chronology of rapid forest transitions following Polynesian arrival in New Zealand","PLOS ONE 9, e111328",NA,NA,NA,NA,"10.1371/journal.pone.0111328",NA,NA,NA,NA,NA,NA,NA,NA,NA,NA,NA,NA,NA,"RPDv1b:1740",862,"McGlone, M.S.",1,"McGlone","M.S.",NA,NA,NA,NA,NA,NA,NA,NA,NA,"RPDv1b:1740",862,"RPDv1b",1740,14057,1.91,1.91,"cm",0.01,"AMS","undifferentiated plant macrofossil",1625,15,NA,NA,"KCCAMS-71878",TRUE,NA,"NA Date is in uncalibrated radiocarbon years.","Lake Kirkpatrick core_SIEVED","counted","125-NaN",NA,NA,"",1625,1610,1640,1625,1.91,0.01,"NA Date is in uncalibrated radiocarbon years.",". Cal curve: NA. Source DB: RPDv1b","Lacustrine","Carbon-14","Radiocarbon",-53,1485,"Calibrated radiocarbon years BP","sedimentary charcoal","Data Sourcing: RPDv1b","Sample Age Source: RPDv1b"
"862",177,"charcoal | >125um num",NA,89,NA,NA,1314,NA,NA,"RPDv1b","Charcoal (sum)",">125 µm",125,NA,"False","True","number","Macroscopic charcoal (sieved)","direct",NA,"CHAR",2,NA,NA,"quant_raw",5,"volume","cm^3","RPDv1b",1740,"charcoal","count","macrochar","wet_sieve","particle",">125um num",NA,">125um","num","RPDv1b","measured",1,"RPDv1b",NA,"Lake Kirkpatrick core",-45.02706,168.57374,570,"south",NA,NA,"sedlac",862,1,2014,"McWethy, D.B., Wilmshurst, J.M., Whitlock, C., Wood, J.R., McGlone, M.S., 2014. A high-resolution chronology of rapid forest transitions following Polynesian arrival in New Zealand. PLOS ONE 9, e111328.","A high-resolution chronology of rapid forest transitions following Polynesian arrival in New Zealand","PLOS ONE 9, e111328",NA,NA,NA,NA,"10.1371/journal.pone.0111328",NA,NA,NA,NA,NA,NA,NA,NA,NA,NA,NA,NA,NA,"RPDv1b:1740",862,"McGlone, M.S.",1,"McGlone","M.S.",NA,NA,NA,NA,NA,NA,NA,NA,NA,"RPDv1b:1740",862,"RPDv1b",1740,14057,1.91,1.91,"cm",0.01,"AMS","undifferentiated plant macrofossil",1625,15,NA,NA,"KCCAMS-71878",TRUE,NA,"NA Date is in uncalibrated radiocarbon years.","Lake Kirkpatrick core_SIEVED","counted","125-NaN",NA,NA,"",1625,1610,1640,1625,1.91,0.01,"NA Date is in uncalibrated radiocarbon years.",". Cal curve: NA. Source DB: RPDv1b","Lacustrine","Carbon-14","Radiocarbon",-53,1485,"Calibrated radiocarbon years BP","sedimentary charcoal","Data Sourcing: RPDv1b","Sample Age Source: RPDv1b"
"862",178,"charcoal | >125um num",NA,89.5,NA,NA,1326,NA,NA,"RPDv1b","Charcoal (sum)",">125 µm",125,NA,"False","True","number","Macroscopic charcoal (sieved)","direct",NA,"CHAR",0,NA,NA,"quant_raw",5,"volume","cm^3","RPDv1b",1740,"charcoal","count","macrochar","wet_sieve","particle",">125um num",NA,">125um","num","RPDv1b","measured",1,"RPDv1b",NA,"Lake Kirkpatrick core",-45.02706,168.57374,570,"south",NA,NA,"sedlac",862,1,2014,"McWethy, D.B., Wilmshurst, J.M., Whitlock, C., Wood, J.R., McGlone, M.S., 2014. A high-resolution chronology of rapid forest transitions following Polynesian arrival in New Zealand. PLOS ONE 9, e111328.","A high-resolution chronology of rapid forest transitions following Polynesian arrival in New Zealand","PLOS ONE 9, e111328",NA,NA,NA,NA,"10.1371/journal.pone.0111328",NA,NA,NA,NA,NA,NA,NA,NA,NA,NA,NA,NA,NA,"RPDv1b:1740",862,"McGlone, M.S.",1,"McGlone","M.S.",NA,NA,NA,NA,NA,NA,NA,NA,NA,"RPDv1b:1740",862,"RPDv1b",1740,14057,1.91,1.91,"cm",0.01,"AMS","undifferentiated plant macrofossil",1625,15,NA,NA,"KCCAMS-71878",TRUE,NA,"NA Date is in uncalibrated radiocarbon years.","Lake Kirkpatrick core_SIEVED","counted","125-NaN",NA,NA,"",1625,1610,1640,1625,1.91,0.01,"NA Date is in uncalibrated radiocarbon years.",". Cal curve: NA. Source DB: RPDv1b","Lacustrine","Carbon-14","Radiocarbon",-53,1485,"Calibrated radiocarbon years BP","sedimentary charcoal","Data Sourcing: RPDv1b","Sample Age Source: RPDv1b"
"862",179,"charcoal | >125um num",NA,90,NA,NA,1338,NA,NA,"RPDv1b","Charcoal (sum)",">125 µm",125,NA,"False","True","number","Macroscopic charcoal (sieved)","direct",NA,"CHAR",4,NA,NA,"quant_raw",5,"volume","cm^3","RPDv1b",1740,"charcoal","count","macrochar","wet_sieve","particle",">125um num",NA,">125um","num","RPDv1b","measured",1,"RPDv1b",NA,"Lake Kirkpatrick core",-45.02706,168.57374,570,"south",NA,NA,"sedlac",862,1,2014,"McWethy, D.B., Wilmshurst, J.M., Whitlock, C., Wood, J.R., McGlone, M.S., 2014. A high-resolution chronology of rapid forest transitions following Polynesian arrival in New Zealand. PLOS ONE 9, e111328.","A high-resolution chronology of rapid forest transitions following Polynesian arrival in New Zealand","PLOS ONE 9, e111328",NA,NA,NA,NA,"10.1371/journal.pone.0111328",NA,NA,NA,NA,NA,NA,NA,NA,NA,NA,NA,NA,NA,"RPDv1b:1740",862,"McGlone, M.S.",1,"McGlone","M.S.",NA,NA,NA,NA,NA,NA,NA,NA,NA,"RPDv1b:1740",862,"RPDv1b",1740,14057,1.91,1.91,"cm",0.01,"AMS","undifferentiated plant macrofossil",1625,15,NA,NA,"KCCAMS-71878",TRUE,NA,"NA Date is in uncalibrated radiocarbon years.","Lake Kirkpatrick core_SIEVED","counted","125-NaN",NA,NA,"",1625,1610,1640,1625,1.91,0.01,"NA Date is in uncalibrated radiocarbon years.",". Cal curve: NA. Source DB: RPDv1b","Lacustrine","Carbon-14","Radiocarbon",-53,1485,"Calibrated radiocarbon years BP","sedimentary charcoal","Data Sourcing: RPDv1b","Sample Age Source: RPDv1b"
"862",180,"charcoal | >125um num",NA,90.5,NA,NA,1351,NA,NA,"RPDv1b","Charcoal (sum)",">125 µm",125,NA,"False","True","number","Macroscopic charcoal (sieved)","direct",NA,"CHAR",11,NA,NA,"quant_raw",5,"volume","cm^3","RPDv1b",1740,"charcoal","count","macrochar","wet_sieve","particle",">125um num",NA,">125um","num","RPDv1b","measured",1,"RPDv1b",NA,"Lake Kirkpatrick core",-45.02706,168.57374,570,"south",NA,NA,"sedlac",862,1,2014,"McWethy, D.B., Wilmshurst, J.M., Whitlock, C., Wood, J.R., McGlone, M.S., 2014. A high-resolution chronology of rapid forest transitions following Polynesian arrival in New Zealand. PLOS ONE 9, e111328.","A high-resolution chronology of rapid forest transitions following Polynesian arrival in New Zealand","PLOS ONE 9, e111328",NA,NA,NA,NA,"10.1371/journal.pone.0111328",NA,NA,NA,NA,NA,NA,NA,NA,NA,NA,NA,NA,NA,"RPDv1b:1740",862,"McGlone, M.S.",1,"McGlone","M.S.",NA,NA,NA,NA,NA,NA,NA,NA,NA,"RPDv1b:1740",862,"RPDv1b",1740,14057,1.91,1.91,"cm",0.01,"AMS","undifferentiated plant macrofossil",1625,15,NA,NA,"KCCAMS-71878",TRUE,NA,"NA Date is in uncalibrated radiocarbon years.","Lake Kirkpatrick core_SIEVED","counted","125-NaN",NA,NA,"",1625,1610,1640,1625,1.91,0.01,"NA Date is in uncalibrated radiocarbon years.",". Cal curve: NA. Source DB: RPDv1b","Lacustrine","Carbon-14","Radiocarbon",-53,1485,"Calibrated radiocarbon years BP","sedimentary charcoal","Data Sourcing: RPDv1b","Sample Age Source: RPDv1b"
"862",181,"charcoal | >125um num",NA,91,NA,NA,1363,NA,NA,"RPDv1b","Charcoal (sum)",">125 µm",125,NA,"False","True","number","Macroscopic charcoal (sieved)","direct",NA,"CHAR",0,NA,NA,"quant_raw",5,"volume","cm^3","RPDv1b",1740,"charcoal","count","macrochar","wet_sieve","particle",">125um num",NA,">125um","num","RPDv1b","measured",1,"RPDv1b",NA,"Lake Kirkpatrick core",-45.02706,168.57374,570,"south",NA,NA,"sedlac",862,1,2014,"McWethy, D.B., Wilmshurst, J.M., Whitlock, C., Wood, J.R., McGlone, M.S., 2014. A high-resolution chronology of rapid forest transitions following Polynesian arrival in New Zealand. PLOS ONE 9, e111328.","A high-resolution chronology of rapid forest transitions following Polynesian arrival in New Zealand","PLOS ONE 9, e111328",NA,NA,NA,NA,"10.1371/journal.pone.0111328",NA,NA,NA,NA,NA,NA,NA,NA,NA,NA,NA,NA,NA,"RPDv1b:1740",862,"McGlone, M.S.",1,"McGlone","M.S.",NA,NA,NA,NA,NA,NA,NA,NA,NA,"RPDv1b:1740",862,"RPDv1b",1740,14057,1.91,1.91,"cm",0.01,"AMS","undifferentiated plant macrofossil",1625,15,NA,NA,"KCCAMS-71878",TRUE,NA,"NA Date is in uncalibrated radiocarbon years.","Lake Kirkpatrick core_SIEVED","counted","125-NaN",NA,NA,"",1625,1610,1640,1625,1.91,0.01,"NA Date is in uncalibrated radiocarbon years.",". Cal curve: NA. Source DB: RPDv1b","Lacustrine","Carbon-14","Radiocarbon",-53,1485,"Calibrated radiocarbon years BP","sedimentary charcoal","Data Sourcing: RPDv1b","Sample Age Source: RPDv1b"
"862",182,"charcoal | >125um num",NA,91.5,NA,NA,1375,NA,NA,"RPDv1b","Charcoal (sum)",">125 µm",125,NA,"False","True","number","Macroscopic charcoal (sieved)","direct",NA,"CHAR",0,NA,NA,"quant_raw",5,"volume","cm^3","RPDv1b",1740,"charcoal","count","macrochar","wet_sieve","particle",">125um num",NA,">125um","num","RPDv1b","measured",1,"RPDv1b",NA,"Lake Kirkpatrick core",-45.02706,168.57374,570,"south",NA,NA,"sedlac",862,1,2014,"McWethy, D.B., Wilmshurst, J.M., Whitlock, C., Wood, J.R., McGlone, M.S., 2014. A high-resolution chronology of rapid forest transitions following Polynesian arrival in New Zealand. PLOS ONE 9, e111328.","A high-resolution chronology of rapid forest transitions following Polynesian arrival in New Zealand","PLOS ONE 9, e111328",NA,NA,NA,NA,"10.1371/journal.pone.0111328",NA,NA,NA,NA,NA,NA,NA,NA,NA,NA,NA,NA,NA,"RPDv1b:1740",862,"McGlone, M.S.",1,"McGlone","M.S.",NA,NA,NA,NA,NA,NA,NA,NA,NA,"RPDv1b:1740",862,"RPDv1b",1740,14044,0,0,"cm",NA,"Top of core known","-888888",NA,1,-53,NA,"-888888",TRUE,NA,"NA Date is calibrated.","Lake Kirkpatrick core_SIEVED","counted","125-NaN",NA,NA,"",-53,-54,-52,-53,0,NA,"NA Date is calibrated.",". Cal curve: NA. Source DB: RPDv1b","Lacustrine","","Core top",-53,1485,"Calibrated radiocarbon years BP","sedimentary charcoal","Data Sourcing: RPDv1b","Sample Age Source: RPDv1b"
"862",183,"charcoal | >125um num",NA,92,NA,NA,1388,NA,NA,"RPDv1b","Charcoal (sum)",">125 µm",125,NA,"False","True","number","Macroscopic charcoal (sieved)","direct",NA,"CHAR",1,NA,NA,"quant_raw",5,"volume","cm^3","RPDv1b",1740,"charcoal","count","macrochar","wet_sieve","particle",">125um num",NA,">125um","num","RPDv1b","measured",1,"RPDv1b",NA,"Lake Kirkpatrick core",-45.02706,168.57374,570,"south",NA,NA,"sedlac",862,1,2014,"McWethy, D.B., Wilmshurst, J.M., Whitlock, C., Wood, J.R., McGlone, M.S., 2014. A high-resolution chronology of rapid forest transitions following Polynesian arrival in New Zealand. PLOS ONE 9, e111328.","A high-resolution chronology of rapid forest transitions following Polynesian arrival in New Zealand","PLOS ONE 9, e111328",NA,NA,NA,NA,"10.1371/journal.pone.0111328",NA,NA,NA,NA,NA,NA,NA,NA,NA,NA,NA,NA,NA,"RPDv1b:1740",862,"McGlone, M.S.",1,"McGlone","M.S.",NA,NA,NA,NA,NA,NA,NA,NA,NA,"RPDv1b:1740",862,"RPDv1b",1740,14045,0.99,0.99,"cm",0.01,"AMS","undifferentiated plant macrofossil",575,15,NA,NA,"KCCAMS-102187",TRUE,NA,"NA Date is in uncalibrated radiocarbon years.","Lake Kirkpatrick core_SIEVED","counted","125-NaN",NA,NA,"",575,560,590,575,0.99,0.01,"NA Date is in uncalibrated radiocarbon years.",". Cal curve: NA. Source DB: RPDv1b","Lacustrine","Carbon-14","Radiocarbon",-53,1485,"Calibrated radiocarbon years BP","sedimentary charcoal","Data Sourcing: RPDv1b","Sample Age Source: RPDv1b"
"862",184,"charcoal | >125um num",NA,92.5,NA,NA,1400,NA,NA,"RPDv1b","Charcoal (sum)",">125 µm",125,NA,"False","True","number","Macroscopic charcoal (sieved)","direct",NA,"CHAR",1,NA,NA,"quant_raw",5,"volume","cm^3","RPDv1b",1740,"charcoal","count","macrochar","wet_sieve","particle",">125um num",NA,">125um","num","RPDv1b","measured",1,"RPDv1b",NA,"Lake Kirkpatrick core",-45.02706,168.57374,570,"south",NA,NA,"sedlac",862,1,2014,"McWethy, D.B., Wilmshurst, J.M., Whitlock, C., Wood, J.R., McGlone, M.S., 2014. A high-resolution chronology of rapid forest transitions following Polynesian arrival in New Zealand. PLOS ONE 9, e111328.","A high-resolution chronology of rapid forest transitions following Polynesian arrival in New Zealand","PLOS ONE 9, e111328",NA,NA,NA,NA,"10.1371/journal.pone.0111328",NA,NA,NA,NA,NA,NA,NA,NA,NA,NA,NA,NA,NA,"RPDv1b:1740",862,"McGlone, M.S.",1,"McGlone","M.S.",NA,NA,NA,NA,NA,NA,NA,NA,NA,"RPDv1b:1740",862,"RPDv1b",1740,14046,1.04,1.04,"cm",0.01,"AMS","charcoal",650,30,NA,NA,"KCCAMS-102188",TRUE,NA,"NA Date is in uncalibrated radiocarbon years.","Lake Kirkpatrick core_SIEVED","counted","125-NaN",NA,NA,"",650,620,680,650,1.04,0.01,"NA Date is in uncalibrated radiocarbon years.",". Cal curve: NA. Source DB: RPDv1b","Lacustrine","Carbon-14","Radiocarbon",-53,1485,"Calibrated radiocarbon years BP","sedimentary charcoal","Data Sourcing: RPDv1b","Sample Age Source: RPDv1b"
"862",185,"charcoal | >125um num",NA,93,NA,NA,1412,NA,NA,"RPDv1b","Charcoal (sum)",">125 µm",125,NA,"False","True","number","Macroscopic charcoal (sieved)","direct",NA,"CHAR",2,NA,NA,"quant_raw",5,"volume","cm^3","RPDv1b",1740,"charcoal","count","macrochar","wet_sieve","particle",">125um num",NA,">125um","num","RPDv1b","measured",1,"RPDv1b",NA,"Lake Kirkpatrick core",-45.02706,168.57374,570,"south",NA,NA,"sedlac",862,1,2014,"McWethy, D.B., Wilmshurst, J.M., Whitlock, C., Wood, J.R., McGlone, M.S., 2014. A high-resolution chronology of rapid forest transitions following Polynesian arrival in New Zealand. PLOS ONE 9, e111328.","A high-resolution chronology of rapid forest transitions following Polynesian arrival in New Zealand","PLOS ONE 9, e111328",NA,NA,NA,NA,"10.1371/journal.pone.0111328",NA,NA,NA,NA,NA,NA,NA,NA,NA,NA,NA,NA,NA,"RPDv1b:1740",862,"McGlone, M.S.",1,"McGlone","M.S.",NA,NA,NA,NA,NA,NA,NA,NA,NA,"RPDv1b:1740",862,"RPDv1b",1740,14047,1.08,1.08,"cm",0.01,"AMS","charcoal",680,20,NA,NA,"KCCAMS-102189",TRUE,NA,"NA Date is in uncalibrated radiocarbon years.","Lake Kirkpatrick core_SIEVED","counted","125-NaN",NA,NA,"",680,660,700,680,1.08,0.01,"NA Date is in uncalibrated radiocarbon years.",". Cal curve: NA. Source DB: RPDv1b","Lacustrine","Carbon-14","Radiocarbon",-53,1485,"Calibrated radiocarbon years BP","sedimentary charcoal","Data Sourcing: RPDv1b","Sample Age Source: RPDv1b"
"862",186,"charcoal | >125um num",NA,93.5,NA,NA,1425,NA,NA,"RPDv1b","Charcoal (sum)",">125 µm",125,NA,"False","True","number","Macroscopic charcoal (sieved)","direct",NA,"CHAR",8,NA,NA,"quant_raw",5,"volume","cm^3","RPDv1b",1740,"charcoal","count","macrochar","wet_sieve","particle",">125um num",NA,">125um","num","RPDv1b","measured",1,"RPDv1b",NA,"Lake Kirkpatrick core",-45.02706,168.57374,570,"south",NA,NA,"sedlac",862,1,2014,"McWethy, D.B., Wilmshurst, J.M., Whitlock, C., Wood, J.R., McGlone, M.S., 2014. A high-resolution chronology of rapid forest transitions following Polynesian arrival in New Zealand. PLOS ONE 9, e111328.","A high-resolution chronology of rapid forest transitions following Polynesian arrival in New Zealand","PLOS ONE 9, e111328",NA,NA,NA,NA,"10.1371/journal.pone.0111328",NA,NA,NA,NA,NA,NA,NA,NA,NA,NA,NA,NA,NA,"RPDv1b:1740",862,"McGlone, M.S.",1,"McGlone","M.S.",NA,NA,NA,NA,NA,NA,NA,NA,NA,"RPDv1b:1740",862,"RPDv1b",1740,14048,1.09,1.09,"cm",0.01,"AMS","undifferentiated plant macrofossil",640,15,NA,NA,"KCCAMS-102190",TRUE,NA,"NA Date is in uncalibrated radiocarbon years.","Lake Kirkpatrick core_SIEVED","counted","125-NaN",NA,NA,"",640,625,655,640,1.09,0.01,"NA Date is in uncalibrated radiocarbon years.",". Cal curve: NA. Source DB: RPDv1b","Lacustrine","Carbon-14","Radiocarbon",-53,1485,"Calibrated radiocarbon years BP","sedimentary charcoal","Data Sourcing: RPDv1b","Sample Age Source: RPDv1b"
"862",187,"charcoal | >125um num",NA,94,NA,NA,1437,NA,NA,"RPDv1b","Charcoal (sum)",">125 µm",125,NA,"False","True","number","Macroscopic charcoal (sieved)","direct",NA,"CHAR",5,NA,NA,"quant_raw",5,"volume","cm^3","RPDv1b",1740,"charcoal","count","macrochar","wet_sieve","particle",">125um num",NA,">125um","num","RPDv1b","measured",1,"RPDv1b",NA,"Lake Kirkpatrick core",-45.02706,168.57374,570,"south",NA,NA,"sedlac",862,1,2014,"McWethy, D.B., Wilmshurst, J.M., Whitlock, C., Wood, J.R., McGlone, M.S., 2014. A high-resolution chronology of rapid forest transitions following Polynesian arrival in New Zealand. PLOS ONE 9, e111328.","A high-resolution chronology of rapid forest transitions following Polynesian arrival in New Zealand","PLOS ONE 9, e111328",NA,NA,NA,NA,"10.1371/journal.pone.0111328",NA,NA,NA,NA,NA,NA,NA,NA,NA,NA,NA,NA,NA,"RPDv1b:1740",862,"McGlone, M.S.",1,"McGlone","M.S.",NA,NA,NA,NA,NA,NA,NA,NA,NA,"RPDv1b:1740",862,"RPDv1b",1740,14049,1.1,1.1,"cm",0.01,"AMS","charcoal",555,20,NA,NA,"KCCAMS-102191",TRUE,NA,"NA Date is in uncalibrated radiocarbon years.","Lake Kirkpatrick core_SIEVED","counted","125-NaN",NA,NA,"",555,535,575,555,1.1,0.01,"NA Date is in uncalibrated radiocarbon years.",". Cal curve: NA. Source DB: RPDv1b","Lacustrine","Carbon-14","Radiocarbon",-53,1485,"Calibrated radiocarbon years BP","sedimentary charcoal","Data Sourcing: RPDv1b","Sample Age Source: RPDv1b"
"862",188,"charcoal | >125um num",NA,94.5,NA,NA,1449,NA,NA,"RPDv1b","Charcoal (sum)",">125 µm",125,NA,"False","True","number","Macroscopic charcoal (sieved)","direct",NA,"CHAR",1,NA,NA,"quant_raw",5,"volume","cm^3","RPDv1b",1740,"charcoal","count","macrochar","wet_sieve","particle",">125um num",NA,">125um","num","RPDv1b","measured",1,"RPDv1b",NA,"Lake Kirkpatrick core",-45.02706,168.57374,570,"south",NA,NA,"sedlac",862,1,2014,"McWethy, D.B., Wilmshurst, J.M., Whitlock, C., Wood, J.R., McGlone, M.S., 2014. A high-resolution chronology of rapid forest transitions following Polynesian arrival in New Zealand. PLOS ONE 9, e111328.","A high-resolution chronology of rapid forest transitions following Polynesian arrival in New Zealand","PLOS ONE 9, e111328",NA,NA,NA,NA,"10.1371/journal.pone.0111328",NA,NA,NA,NA,NA,NA,NA,NA,NA,NA,NA,NA,NA,"RPDv1b:1740",862,"McGlone, M.S.",1,"McGlone","M.S.",NA,NA,NA,NA,NA,NA,NA,NA,NA,"RPDv1b:1740",862,"RPDv1b",1740,14050,1.11,1.11,"cm",0.01,"AMS","wood",750,15,NA,NA,"KCCAMS-102192",TRUE,NA,"NA Date is in uncalibrated radiocarbon years.","Lake Kirkpatrick core_SIEVED","counted","125-NaN",NA,NA,"",750,735,765,750,1.11,0.01,"NA Date is in uncalibrated radiocarbon years.",". Cal curve: NA. Source DB: RPDv1b","Lacustrine","Carbon-14","Radiocarbon",-53,1485,"Calibrated radiocarbon years BP","sedimentary charcoal","Data Sourcing: RPDv1b","Sample Age Source: RPDv1b"
"862",189,"charcoal | >125um num",NA,95,NA,NA,1461,NA,NA,"RPDv1b","Charcoal (sum)",">125 µm",125,NA,"False","True","number","Macroscopic charcoal (sieved)","direct",NA,"CHAR",4,NA,NA,"quant_raw",5,"volume","cm^3","RPDv1b",1740,"charcoal","count","macrochar","wet_sieve","particle",">125um num",NA,">125um","num","RPDv1b","measured",1,"RPDv1b",NA,"Lake Kirkpatrick core",-45.02706,168.57374,570,"south",NA,NA,"sedlac",862,1,2014,"McWethy, D.B., Wilmshurst, J.M., Whitlock, C., Wood, J.R., McGlone, M.S., 2014. A high-resolution chronology of rapid forest transitions following Polynesian arrival in New Zealand. PLOS ONE 9, e111328.","A high-resolution chronology of rapid forest transitions following Polynesian arrival in New Zealand","PLOS ONE 9, e111328",NA,NA,NA,NA,"10.1371/journal.pone.0111328",NA,NA,NA,NA,NA,NA,NA,NA,NA,NA,NA,NA,NA,"RPDv1b:1740",862,"McGlone, M.S.",1,"McGlone","M.S.",NA,NA,NA,NA,NA,NA,NA,NA,NA,"RPDv1b:1740",862,"RPDv1b",1740,14051,1.12,1.12,"cm",0.01,"AMS","wood",695,20,NA,NA,"KCCAMS-102193",TRUE,NA,"NA Date is in uncalibrated radiocarbon years.","Lake Kirkpatrick core_SIEVED","counted","125-NaN",NA,NA,"",695,675,715,695,1.12,0.01,"NA Date is in uncalibrated radiocarbon years.",". Cal curve: NA. Source DB: RPDv1b","Lacustrine","Carbon-14","Radiocarbon",-53,1485,"Calibrated radiocarbon years BP","sedimentary charcoal","Data Sourcing: RPDv1b","Sample Age Source: RPDv1b"
"862",190,"charcoal | >125um num",NA,95.5,NA,NA,1473,NA,NA,"RPDv1b","Charcoal (sum)",">125 µm",125,NA,"False","True","number","Macroscopic charcoal (sieved)","direct",NA,"CHAR",15,NA,NA,"quant_raw",5,"volume","cm^3","RPDv1b",1740,"charcoal","count","macrochar","wet_sieve","particle",">125um num",NA,">125um","num","RPDv1b","measured",1,"RPDv1b",NA,"Lake Kirkpatrick core",-45.02706,168.57374,570,"south",NA,NA,"sedlac",862,1,2014,"McWethy, D.B., Wilmshurst, J.M., Whitlock, C., Wood, J.R., McGlone, M.S., 2014. A high-resolution chronology of rapid forest transitions following Polynesian arrival in New Zealand. PLOS ONE 9, e111328.","A high-resolution chronology of rapid forest transitions following Polynesian arrival in New Zealand","PLOS ONE 9, e111328",NA,NA,NA,NA,"10.1371/journal.pone.0111328",NA,NA,NA,NA,NA,NA,NA,NA,NA,NA,NA,NA,NA,"RPDv1b:1740",862,"McWethy, D.B.",1,"McWethy","D.B.",NA,NA,NA,NA,NA,NA,NA,NA,NA,"RPDv1b:1740",862,"RPDv1b",1740,14052,1.13,1.13,"cm",0.01,"AMS","wood",635,15,NA,NA,"KCCAMS-102194",TRUE,NA,"NA Date is in uncalibrated radiocarbon years.","Lake Kirkpatrick core_SIEVED","counted","125-NaN",NA,NA,"",635,620,650,635,1.13,0.01,"NA Date is in uncalibrated radiocarbon years.",". Cal curve: NA. Source DB: RPDv1b","Lacustrine","Carbon-14","Radiocarbon",-53,1485,"Calibrated radiocarbon years BP","sedimentary charcoal","Data Sourcing: RPDv1b","Sample Age Source: RPDv1b"
"862",191,"charcoal | >125um num",NA,96,NA,NA,1485,NA,NA,"RPDv1b","Charcoal (sum)",">125 µm",125,NA,"False","True","number","Macroscopic charcoal (sieved)","direct",NA,"CHAR",8,NA,NA,"quant_raw",5,"volume","cm^3","RPDv1b",1740,"charcoal","count","macrochar","wet_sieve","particle",">125um num",NA,">125um","num","RPDv1b","measured",1,"RPDv1b",NA,"Lake Kirkpatrick core",-45.02706,168.57374,570,"south",NA,NA,"sedlac",862,1,2014,"McWethy, D.B., Wilmshurst, J.M., Whitlock, C., Wood, J.R., McGlone, M.S., 2014. A high-resolution chronology of rapid forest transitions following Polynesian arrival in New Zealand. PLOS ONE 9, e111328.","A high-resolution chronology of rapid forest transitions following Polynesian arrival in New Zealand","PLOS ONE 9, e111328",NA,NA,NA,NA,"10.1371/journal.pone.0111328",NA,NA,NA,NA,NA,NA,NA,NA,NA,NA,NA,NA,NA,"RPDv1b:1740",862,"Wilmshurst, J.M.",1,"Wilmshurst","J.M.",NA,NA,NA,NA,NA,NA,NA,NA,NA,"RPDv1b:1740",862,"RPDv1b",1740,14053,1.14,1.14,"cm",0.01,"AMS","undifferentiated plant macrofossil",670,30,NA,NA,"KCCAMS-102195",TRUE,NA,"NA Date is in uncalibrated radiocarbon years.","Lake Kirkpatrick core_SIEVED","counted","125-NaN",NA,NA,"",670,640,700,670,1.14,0.01,"NA Date is in uncalibrated radiocarbon years.",". Cal curve: NA. Source DB: RPDv1b","Lacustrine","Carbon-14","Radiocarbon",-53,1485,"Calibrated radiocarbon years BP","sedimentary charcoal","Data Sourcing: RPDv1b","Sample Age Source: RPDv1b"
