"cluster_id_entity","usample","channel","depth_top_cm","depth_mid_cm","depth_bot_cm","thick_cm","age_mid_cal_yr_bp","age_top_cal_yr_bp","age_bot_cal_yr_bp","age_source","NAME","ELEMENT","size_min_um","size_max_um","size_min_open","size_max_open","UNITS","CONTEXT","context_source","TAPHONOMY","GROUP","value","value_orig","value_conversion","value_source_column","sample_quantity_value","sample_quantity_ELEMENT","sample_quantity_UNITS","data_source","data_entity","original_fire_proxy","original_meas_type","original_meas_detail","original_meas_method","original_proxy_class","original_quant_units","original_quant_units_raw","parsed_size_token","parsed_unit_token","depth_source","depth_repair_method","n_db_contrib","db_contrib","vocab_flags","entity_name","lat_dd_north","lon_dd_east","elev_m","hemisphere","country_entity","location_desc","depo_context","cluster_id","pubtypeid","year","citation","articletitle","journal","volume","issue","pages","citationnumber","doi","booktitle","numvolumes","edition","volumetitle","seriestitle","seriesvolume","publisher","url_pub","city","state","country","originallanguage","notes_pub","pub_source","cluster_id_contact","contactname","contactstatusid","familyname","leadinginitials","givennames","suffix","title","phone","fax","email","url","address","notes","contact_source","cluster_id_geo","db_geo","source_entity","date_id","depth_cm_geo","depth_orig_geo","depth_unit_geo","thick_cm_geo","date_type","material","age_14C","error","cal_age_geo","cal_curve","lab_number","included","exclude_reason","notes_geo","datasetname","controlled_units","controlled_element","X","X.1","X.2","age_geo","chroncontrol_limityounger","chroncontrol_limitolder","chroncontrol_age","chroncontrol_depth","chroncontrol_thickness","chroncontrol_comments","chronology_notes_full","controlled_dep","neotoma_geochrontype","neotoma_chroncontroltypes","ageboundyounger","ageboundolder","agetype","datasettype","datasetnotes_full","samplenotes_full"
"1112",0,"charcoal | 150-500um num",0,1,2,2,-5,NA,NA,"RPDv1b","Charcoal (sum)","150-500 µm",150,500,"False","False","number","Macroscopic charcoal (sieved)","direct",NA,"CHAR",1,NA,NA,"quant_raw",0.8,"volume","ml","RPDv1b","2067","charcoal","count","macrochar","wet_sieve","particle","150-500um num",NA,"150-500um","num","RPDv1b","measured",1,"RPDv1b","ELEMENT=150-500 µm","Yahoo Lake core",47.683333,-124.016667,710,"north","USA",NA,"sedlac",1112,1,2013,"Gavin, D.G., Brubaker, L.B., Greenwald, D.N., 2013. Postglacial climate and fire-mediated vegetation change on the western Olympic Peninsula, Washington (USA). Ecological Monographs 83, 471–489.","Postglacial climate and fire-mediated vegetation change on the western Olympic Peninsula, Washington (USA)","Ecological Monographs",83,NA,"471-489",NA,"10.1890/12-1742.1",NA,NA,NA,NA,NA,NA,NA,NA,NA,NA,NA,NA,NA,"RPDv1b:2067",1112,"Gavin, D.G.",1,"Gavin","D.G.",NA,NA,NA,NA,NA,NA,NA,NA,NA,"RPDv1b:2067",1112,"RPDv1b",2067,17619,0,0,"m",NA,"Top of core known","-888888",NA,5,0,NA,"-888888",TRUE,NA,"NA Date is calibrated.","Yahoo Lake core_SIEVED","counted","150-500",NA,NA,"",0,-5,5,0,0,NA,"NA Date is calibrated.",". Cal curve: NA. Source DB: RPDv1b","Lacustrine","","Core top",-43,14615.48,"Calibrated radiocarbon years BP","sedimentary charcoal","Data Sourcing: RPDv1b","Sample Age Source: RPDv1b"
"1112",1,"charcoal | 150-500um num",2,3,4,2,70,NA,NA,"RPDv1b","Charcoal (sum)","150-500 µm",150,500,"False","False","number","Macroscopic charcoal (sieved)","direct",NA,"CHAR",40,NA,NA,"quant_raw",2,"volume","ml","RPDv1b","2067","charcoal","count","macrochar","wet_sieve","particle","150-500um num",NA,"150-500um","num","RPDv1b","measured",1,"RPDv1b","ELEMENT=150-500 µm","Yahoo Lake core",47.683333,-124.016667,710,"north","USA",NA,"sedlac",1112,1,2013,"Gavin, D.G., Brubaker, L.B., Greenwald, D.N., 2013. Postglacial climate and fire-mediated vegetation change on the western Olympic Peninsula, Washington (USA). Ecological Monographs 83, 471–489.","Postglacial climate and fire-mediated vegetation change on the western Olympic Peninsula, Washington (USA)","Ecological Monographs",83,NA,"471-489",NA,"10.1890/12-1742.1",NA,NA,NA,NA,NA,NA,NA,NA,NA,NA,NA,NA,NA,"RPDv1b:2067",1112,"Gavin, D.G.",1,"Gavin","D.G.",NA,NA,NA,NA,NA,NA,NA,NA,NA,"RPDv1b:2067",1112,"RPDv1b",2067,17619,0,0,"m",NA,"Top of core known","-888888",NA,5,0,NA,"-888888",TRUE,NA,"NA Date is calibrated.","Yahoo Lake core_SIEVED","counted","150-500",NA,NA,"",0,-5,5,0,0,NA,"NA Date is calibrated.",". Cal curve: NA. Source DB: RPDv1b","Lacustrine","","Core top",-43,14615.48,"Calibrated radiocarbon years BP","sedimentary charcoal","Data Sourcing: RPDv1b","Sample Age Source: RPDv1b"
"1112",2,"charcoal | 150-500um num",4,5,6,2,145,NA,NA,"RPDv1b","Charcoal (sum)","150-500 µm",150,500,"False","False","number","Macroscopic charcoal (sieved)","direct",NA,"CHAR",3,NA,NA,"quant_raw",3,"volume","ml","RPDv1b","2067","charcoal","count","macrochar","wet_sieve","particle","150-500um num",NA,"150-500um","num","RPDv1b","measured",1,"RPDv1b","ELEMENT=150-500 µm","Yahoo Lake core",47.683333,-124.016667,710,"north","USA",NA,"sedlac",1112,1,2013,"Gavin, D.G., Brubaker, L.B., Greenwald, D.N., 2013. Postglacial climate and fire-mediated vegetation change on the western Olympic Peninsula, Washington (USA). Ecological Monographs 83, 471–489.","Postglacial climate and fire-mediated vegetation change on the western Olympic Peninsula, Washington (USA)","Ecological Monographs",83,NA,"471-489",NA,"10.1890/12-1742.1",NA,NA,NA,NA,NA,NA,NA,NA,NA,NA,NA,NA,NA,"RPDv1b:2067",1112,"Gavin, D.G.",1,"Gavin","D.G.",NA,NA,NA,NA,NA,NA,NA,NA,NA,"RPDv1b:2067",1112,"RPDv1b",2067,17619,0,0,"m",NA,"Top of core known","-888888",NA,5,0,NA,"-888888",TRUE,NA,"NA Date is calibrated.","Yahoo Lake core_SIEVED","counted","150-500",NA,NA,"",0,-5,5,0,0,NA,"NA Date is calibrated.",". Cal curve: NA. Source DB: RPDv1b","Lacustrine","","Core top",-43,14615.48,"Calibrated radiocarbon years BP","sedimentary charcoal","Data Sourcing: RPDv1b","Sample Age Source: RPDv1b"
"1112",3,"charcoal | 150-500um num",6,7,8,2,220,NA,NA,"RPDv1b","Charcoal (sum)","150-500 µm",150,500,"False","False","number","Macroscopic charcoal (sieved)","direct",NA,"CHAR",10,NA,NA,"quant_raw",4,"volume","ml","RPDv1b","2067","charcoal","count","macrochar","wet_sieve","particle","150-500um num",NA,"150-500um","num","RPDv1b","measured",1,"RPDv1b","ELEMENT=150-500 µm","Yahoo Lake core",47.683333,-124.016667,710,"north","USA",NA,"sedlac",1112,1,2013,"Gavin, D.G., Brubaker, L.B., Greenwald, D.N., 2013. Postglacial climate and fire-mediated vegetation change on the western Olympic Peninsula, Washington (USA). Ecological Monographs 83, 471–489.","Postglacial climate and fire-mediated vegetation change on the western Olympic Peninsula, Washington (USA)","Ecological Monographs",83,NA,"471-489",NA,"10.1890/12-1742.1",NA,NA,NA,NA,NA,NA,NA,NA,NA,NA,NA,NA,NA,"RPDv1b:2067",1112,"Gavin, D.G.",1,"Gavin","D.G.",NA,NA,NA,NA,NA,NA,NA,NA,NA,"RPDv1b:2067",1112,"RPDv1b",2067,17619,0,0,"m",NA,"Top of core known","-888888",NA,5,0,NA,"-888888",TRUE,NA,"NA Date is calibrated.","Yahoo Lake core_SIEVED","counted","150-500",NA,NA,"",0,-5,5,0,0,NA,"NA Date is calibrated.",". Cal curve: NA. Source DB: RPDv1b","Lacustrine","","Core top",-43,14615.48,"Calibrated radiocarbon years BP","sedimentary charcoal","Data Sourcing: RPDv1b","Sample Age Source: RPDv1b"
"1112",4,"charcoal | 150-500um num",8,9,10,2,296,NA,NA,"RPDv1b","Charcoal (sum)","150-500 µm",150,500,"False","False","number","Macroscopic charcoal (sieved)","direct",NA,"CHAR",5,NA,NA,"quant_raw",5,"volume","ml","RPDv1b","2067","charcoal","count","macrochar","wet_sieve","particle","150-500um num",NA,"150-500um","num","RPDv1b","measured",1,"RPDv1b","ELEMENT=150-500 µm","Yahoo Lake core",47.683333,-124.016667,710,"north","USA",NA,"sedlac",1112,1,2013,"Gavin, D.G., Brubaker, L.B., Greenwald, D.N., 2013. Postglacial climate and fire-mediated vegetation change on the western Olympic Peninsula, Washington (USA). Ecological Monographs 83, 471–489.","Postglacial climate and fire-mediated vegetation change on the western Olympic Peninsula, Washington (USA)","Ecological Monographs",83,NA,"471-489",NA,"10.1890/12-1742.1",NA,NA,NA,NA,NA,NA,NA,NA,NA,NA,NA,NA,NA,"RPDv1b:2067",1112,"Gavin, D.G.",1,"Gavin","D.G.",NA,NA,NA,NA,NA,NA,NA,NA,NA,"RPDv1b:2067",1112,"RPDv1b",2067,17619,0,0,"m",NA,"Top of core known","-888888",NA,5,0,NA,"-888888",TRUE,NA,"NA Date is calibrated.","Yahoo Lake core_SIEVED","counted","150-500",NA,NA,"",0,-5,5,0,0,NA,"NA Date is calibrated.",". Cal curve: NA. Source DB: RPDv1b","Lacustrine","","Core top",-43,14615.48,"Calibrated radiocarbon years BP","sedimentary charcoal","Data Sourcing: RPDv1b","Sample Age Source: RPDv1b"
"1112",5,"charcoal | 150-500um num",10,11,12,2,371,NA,NA,"RPDv1b","Charcoal (sum)","150-500 µm",150,500,"False","False","number","Macroscopic charcoal (sieved)","direct",NA,"CHAR",6,NA,NA,"quant_raw",5,"volume","ml","RPDv1b","2067","charcoal","count","macrochar","wet_sieve","particle","150-500um num",NA,"150-500um","num","RPDv1b","measured",1,"RPDv1b","ELEMENT=150-500 µm","Yahoo Lake core",47.683333,-124.016667,710,"north","USA",NA,"sedlac",1112,1,2013,"Gavin, D.G., Brubaker, L.B., Greenwald, D.N., 2013. Postglacial climate and fire-mediated vegetation change on the western Olympic Peninsula, Washington (USA). Ecological Monographs 83, 471–489.","Postglacial climate and fire-mediated vegetation change on the western Olympic Peninsula, Washington (USA)","Ecological Monographs",83,NA,"471-489",NA,"10.1890/12-1742.1",NA,NA,NA,NA,NA,NA,NA,NA,NA,NA,NA,NA,NA,"RPDv1b:2067",1112,"Gavin, D.G.",1,"Gavin","D.G.",NA,NA,NA,NA,NA,NA,NA,NA,NA,"RPDv1b:2067",1112,"RPDv1b",2067,17619,0,0,"m",NA,"Top of core known","-888888",NA,5,0,NA,"-888888",TRUE,NA,"NA Date is calibrated.","Yahoo Lake core_SIEVED","counted","150-500",NA,NA,"",0,-5,5,0,0,NA,"NA Date is calibrated.",". Cal curve: NA. Source DB: RPDv1b","Lacustrine","","Core top",-43,14615.48,"Calibrated radiocarbon years BP","sedimentary charcoal","Data Sourcing: RPDv1b","Sample Age Source: RPDv1b"
"1112",6,"charcoal | 150-500um num",12,13,14,2,446,NA,NA,"RPDv1b","Charcoal (sum)","150-500 µm",150,500,"False","False","number","Macroscopic charcoal (sieved)","direct",NA,"CHAR",12,NA,NA,"quant_raw",4,"volume","ml","RPDv1b","2067","charcoal","count","macrochar","wet_sieve","particle","150-500um num",NA,"150-500um","num","RPDv1b","measured",1,"RPDv1b","ELEMENT=150-500 µm","Yahoo Lake core",47.683333,-124.016667,710,"north","USA",NA,"sedlac",1112,1,2013,"Gavin, D.G., Brubaker, L.B., Greenwald, D.N., 2013. Postglacial climate and fire-mediated vegetation change on the western Olympic Peninsula, Washington (USA). Ecological Monographs 83, 471–489.","Postglacial climate and fire-mediated vegetation change on the western Olympic Peninsula, Washington (USA)","Ecological Monographs",83,NA,"471-489",NA,"10.1890/12-1742.1",NA,NA,NA,NA,NA,NA,NA,NA,NA,NA,NA,NA,NA,"RPDv1b:2067",1112,"Gavin, D.G.",1,"Gavin","D.G.",NA,NA,NA,NA,NA,NA,NA,NA,NA,"RPDv1b:2067",1112,"RPDv1b",2067,17619,0,0,"m",NA,"Top of core known","-888888",NA,5,0,NA,"-888888",TRUE,NA,"NA Date is calibrated.","Yahoo Lake core_SIEVED","counted","150-500",NA,NA,"",0,-5,5,0,0,NA,"NA Date is calibrated.",". Cal curve: NA. Source DB: RPDv1b","Lacustrine","","Core top",-43,14615.48,"Calibrated radiocarbon years BP","sedimentary charcoal","Data Sourcing: RPDv1b","Sample Age Source: RPDv1b"
"1112",7,"charcoal | 150-500um num",14,15,16,2,521,NA,NA,"RPDv1b","Charcoal (sum)","150-500 µm",150,500,"False","False","number","Macroscopic charcoal (sieved)","direct",NA,"CHAR",7,NA,NA,"quant_raw",3.6,"volume","ml","RPDv1b","2067","charcoal","count","macrochar","wet_sieve","particle","150-500um num",NA,"150-500um","num","RPDv1b","measured",1,"RPDv1b","ELEMENT=150-500 µm","Yahoo Lake core",47.683333,-124.016667,710,"north","USA",NA,"sedlac",1112,1,2013,"Gavin, D.G., Brubaker, L.B., Greenwald, D.N., 2013. Postglacial climate and fire-mediated vegetation change on the western Olympic Peninsula, Washington (USA). Ecological Monographs 83, 471–489.","Postglacial climate and fire-mediated vegetation change on the western Olympic Peninsula, Washington (USA)","Ecological Monographs",83,NA,"471-489",NA,"10.1890/12-1742.1",NA,NA,NA,NA,NA,NA,NA,NA,NA,NA,NA,NA,NA,"RPDv1b:2067",1112,"Gavin, D.G.",1,"Gavin","D.G.",NA,NA,NA,NA,NA,NA,NA,NA,NA,"RPDv1b:2067",1112,"RPDv1b",2067,17619,0,0,"m",NA,"Top of core known","-888888",NA,5,0,NA,"-888888",TRUE,NA,"NA Date is calibrated.","Yahoo Lake core_SIEVED","counted","150-500",NA,NA,"",0,-5,5,0,0,NA,"NA Date is calibrated.",". Cal curve: NA. Source DB: RPDv1b","Lacustrine","","Core top",-43,14615.48,"Calibrated radiocarbon years BP","sedimentary charcoal","Data Sourcing: RPDv1b","Sample Age Source: RPDv1b"
"1112",8,"charcoal | 150-500um num",16,17,18,2,596,NA,NA,"RPDv1b","Charcoal (sum)","150-500 µm",150,500,"False","False","number","Macroscopic charcoal (sieved)","direct",NA,"CHAR",8,NA,NA,"quant_raw",5,"volume","ml","RPDv1b","2067","charcoal","count","macrochar","wet_sieve","particle","150-500um num",NA,"150-500um","num","RPDv1b","measured",1,"RPDv1b","ELEMENT=150-500 µm","Yahoo Lake core",47.683333,-124.016667,710,"north","USA",NA,"sedlac",1112,1,2013,"Gavin, D.G., Brubaker, L.B., Greenwald, D.N., 2013. Postglacial climate and fire-mediated vegetation change on the western Olympic Peninsula, Washington (USA). Ecological Monographs 83, 471–489.","Postglacial climate and fire-mediated vegetation change on the western Olympic Peninsula, Washington (USA)","Ecological Monographs",83,NA,"471-489",NA,"10.1890/12-1742.1",NA,NA,NA,NA,NA,NA,NA,NA,NA,NA,NA,NA,NA,"RPDv1b:2067",1112,"Gavin, D.G.",1,"Gavin","D.G.",NA,NA,NA,NA,NA,NA,NA,NA,NA,"RPDv1b:2067",1112,"RPDv1b",2067,17619,0,0,"m",NA,"Top of core known","-888888",NA,5,0,NA,"-888888",TRUE,NA,"NA Date is calibrated.","Yahoo Lake core_SIEVED","counted","150-500",NA,NA,"",0,-5,5,0,0,NA,"NA Date is calibrated.",". Cal curve: NA. Source DB: RPDv1b","Lacustrine","","Core top",-43,14615.48,"Calibrated radiocarbon years BP","sedimentary charcoal","Data Sourcing: RPDv1b","Sample Age Source: RPDv1b"
"1112",9,"charcoal | 150-500um num",18,19,20,2,671,NA,NA,"RPDv1b","Charcoal (sum)","150-500 µm",150,500,"False","False","number","Macroscopic charcoal (sieved)","direct",NA,"CHAR",7,NA,NA,"quant_raw",3.2,"volume","ml","RPDv1b","2067","charcoal","count","macrochar","wet_sieve","particle","150-500um num",NA,"150-500um","num","RPDv1b","measured",1,"RPDv1b","ELEMENT=150-500 µm","Yahoo Lake core",47.683333,-124.016667,710,"north","USA",NA,"sedlac",1112,1,2013,"Gavin, D.G., Brubaker, L.B., Greenwald, D.N., 2013. Postglacial climate and fire-mediated vegetation change on the western Olympic Peninsula, Washington (USA). Ecological Monographs 83, 471–489.","Postglacial climate and fire-mediated vegetation change on the western Olympic Peninsula, Washington (USA)","Ecological Monographs",83,NA,"471-489",NA,"10.1890/12-1742.1",NA,NA,NA,NA,NA,NA,NA,NA,NA,NA,NA,NA,NA,"RPDv1b:2067",1112,"Gavin, D.G.",1,"Gavin","D.G.",NA,NA,NA,NA,NA,NA,NA,NA,NA,"RPDv1b:2067",1112,"RPDv1b",2067,17619,0,0,"m",NA,"Top of core known","-888888",NA,5,0,NA,"-888888",TRUE,NA,"NA Date is calibrated.","Yahoo Lake core_SIEVED","counted","150-500",NA,NA,"",0,-5,5,0,0,NA,"NA Date is calibrated.",". Cal curve: NA. Source DB: RPDv1b","Lacustrine","","Core top",-43,14615.48,"Calibrated radiocarbon years BP","sedimentary charcoal","Data Sourcing: RPDv1b","Sample Age Source: RPDv1b"
"1112",10,"charcoal | 150-500um num",20,21,22,2,746,NA,NA,"RPDv1b","Charcoal (sum)","150-500 µm",150,500,"False","False","number","Macroscopic charcoal (sieved)","direct",NA,"CHAR",36,NA,NA,"quant_raw",5,"volume","ml","RPDv1b","2067","charcoal","count","macrochar","wet_sieve","particle","150-500um num",NA,"150-500um","num","RPDv1b","measured",1,"RPDv1b","ELEMENT=150-500 µm","Yahoo Lake core",47.683333,-124.016667,710,"north","USA",NA,"sedlac",1112,1,2013,"Gavin, D.G., Brubaker, L.B., Greenwald, D.N., 2013. Postglacial climate and fire-mediated vegetation change on the western Olympic Peninsula, Washington (USA). Ecological Monographs 83, 471–489.","Postglacial climate and fire-mediated vegetation change on the western Olympic Peninsula, Washington (USA)","Ecological Monographs",83,NA,"471-489",NA,"10.1890/12-1742.1",NA,NA,NA,NA,NA,NA,NA,NA,NA,NA,NA,NA,NA,"RPDv1b:2067",1112,"Gavin, D.G.",1,"Gavin","D.G.",NA,NA,NA,NA,NA,NA,NA,NA,NA,"RPDv1b:2067",1112,"RPDv1b",2067,17619,0,0,"m",NA,"Top of core known","-888888",NA,5,0,NA,"-888888",TRUE,NA,"NA Date is calibrated.","Yahoo Lake core_SIEVED","counted","150-500",NA,NA,"",0,-5,5,0,0,NA,"NA Date is calibrated.",". Cal curve: NA. Source DB: RPDv1b","Lacustrine","","Core top",-43,14615.48,"Calibrated radiocarbon years BP","sedimentary charcoal","Data Sourcing: RPDv1b","Sample Age Source: RPDv1b"
"1112",11,"charcoal | 150-500um num",22,23,24,2,821,NA,NA,"RPDv1b","Charcoal (sum)","150-500 µm",150,500,"False","False","number","Macroscopic charcoal (sieved)","direct",NA,"CHAR",38,NA,NA,"quant_raw",4,"volume","ml","RPDv1b","2067","charcoal","count","macrochar","wet_sieve","particle","150-500um num",NA,"150-500um","num","RPDv1b","measured",1,"RPDv1b","ELEMENT=150-500 µm","Yahoo Lake core",47.683333,-124.016667,710,"north","USA",NA,"sedlac",1112,1,2013,"Gavin, D.G., Brubaker, L.B., Greenwald, D.N., 2013. Postglacial climate and fire-mediated vegetation change on the western Olympic Peninsula, Washington (USA). Ecological Monographs 83, 471–489.","Postglacial climate and fire-mediated vegetation change on the western Olympic Peninsula, Washington (USA)","Ecological Monographs",83,NA,"471-489",NA,"10.1890/12-1742.1",NA,NA,NA,NA,NA,NA,NA,NA,NA,NA,NA,NA,NA,"RPDv1b:2067",1112,"Gavin, D.G.",1,"Gavin","D.G.",NA,NA,NA,NA,NA,NA,NA,NA,NA,"RPDv1b:2067",1112,"RPDv1b",2067,17619,0,0,"m",NA,"Top of core known","-888888",NA,5,0,NA,"-888888",TRUE,NA,"NA Date is calibrated.","Yahoo Lake core_SIEVED","counted","150-500",NA,NA,"",0,-5,5,0,0,NA,"NA Date is calibrated.",". Cal curve: NA. Source DB: RPDv1b","Lacustrine","","Core top",-43,14615.48,"Calibrated radiocarbon years BP","sedimentary charcoal","Data Sourcing: RPDv1b","Sample Age Source: RPDv1b"
"1112",12,"charcoal | 150-500um num",24,25,26,2,896,NA,NA,"RPDv1b","Charcoal (sum)","150-500 µm",150,500,"False","False","number","Macroscopic charcoal (sieved)","direct",NA,"CHAR",11,NA,NA,"quant_raw",3.6,"volume","ml","RPDv1b","2067","charcoal","count","macrochar","wet_sieve","particle","150-500um num",NA,"150-500um","num","RPDv1b","measured",1,"RPDv1b","ELEMENT=150-500 µm","Yahoo Lake core",47.683333,-124.016667,710,"north","USA",NA,"sedlac",1112,1,2013,"Gavin, D.G., Brubaker, L.B., Greenwald, D.N., 2013. Postglacial climate and fire-mediated vegetation change on the western Olympic Peninsula, Washington (USA). Ecological Monographs 83, 471–489.","Postglacial climate and fire-mediated vegetation change on the western Olympic Peninsula, Washington (USA)","Ecological Monographs",83,NA,"471-489",NA,"10.1890/12-1742.1",NA,NA,NA,NA,NA,NA,NA,NA,NA,NA,NA,NA,NA,"RPDv1b:2067",1112,"Gavin, D.G.",1,"Gavin","D.G.",NA,NA,NA,NA,NA,NA,NA,NA,NA,"RPDv1b:2067",1112,"RPDv1b",2067,17619,0,0,"m",NA,"Top of core known","-888888",NA,5,0,NA,"-888888",TRUE,NA,"NA Date is calibrated.","Yahoo Lake core_SIEVED","counted","150-500",NA,NA,"",0,-5,5,0,0,NA,"NA Date is calibrated.",". Cal curve: NA. Source DB: RPDv1b","Lacustrine","","Core top",-43,14615.48,"Calibrated radiocarbon years BP","sedimentary charcoal","Data Sourcing: RPDv1b","Sample Age Source: RPDv1b"
"1112",13,"charcoal | 150-500um num",26,27,28,2,971,NA,NA,"RPDv1b","Charcoal (sum)","150-500 µm",150,500,"False","False","number","Macroscopic charcoal (sieved)","direct",NA,"CHAR",8,NA,NA,"quant_raw",4.8,"volume","ml","RPDv1b","2067","charcoal","count","macrochar","wet_sieve","particle","150-500um num",NA,"150-500um","num","RPDv1b","measured",1,"RPDv1b","ELEMENT=150-500 µm","Yahoo Lake core",47.683333,-124.016667,710,"north","USA",NA,"sedlac",1112,1,2013,"Gavin, D.G., Brubaker, L.B., Greenwald, D.N., 2013. Postglacial climate and fire-mediated vegetation change on the western Olympic Peninsula, Washington (USA). Ecological Monographs 83, 471–489.","Postglacial climate and fire-mediated vegetation change on the western Olympic Peninsula, Washington (USA)","Ecological Monographs",83,NA,"471-489",NA,"10.1890/12-1742.1",NA,NA,NA,NA,NA,NA,NA,NA,NA,NA,NA,NA,NA,"RPDv1b:2067",1112,"Gavin, D.G.",1,"Gavin","D.G.",NA,NA,NA,NA,NA,NA,NA,NA,NA,"RPDv1b:2067",1112,"RPDv1b",2067,17619,0,0,"m",NA,"Top of core known","-888888",NA,5,0,NA,"-888888",TRUE,NA,"NA Date is calibrated.","Yahoo Lake core_SIEVED","counted","150-500",NA,NA,"",0,-5,5,0,0,NA,"NA Date is calibrated.",". Cal curve: NA. Source DB: RPDv1b","Lacustrine","","Core top",-43,14615.48,"Calibrated radiocarbon years BP","sedimentary charcoal","Data Sourcing: RPDv1b","Sample Age Source: RPDv1b"
"1112",14,"charcoal | 150-500um num",28,28.5,29,1,1027,NA,NA,"RPDv1b","Charcoal (sum)","150-500 µm",150,500,"False","False","number","Macroscopic charcoal (sieved)","direct",NA,"CHAR",80,NA,NA,"quant_raw",5,"volume","ml","RPDv1b","2067","charcoal","count","macrochar","wet_sieve","particle","150-500um num",NA,"150-500um","num","RPDv1b","measured",1,"RPDv1b","ELEMENT=150-500 µm","Yahoo Lake core",47.683333,-124.016667,710,"north","USA",NA,"sedlac",1112,1,2013,"Gavin, D.G., Brubaker, L.B., Greenwald, D.N., 2013. Postglacial climate and fire-mediated vegetation change on the western Olympic Peninsula, Washington (USA). Ecological Monographs 83, 471–489.","Postglacial climate and fire-mediated vegetation change on the western Olympic Peninsula, Washington (USA)","Ecological Monographs",83,NA,"471-489",NA,"10.1890/12-1742.1",NA,NA,NA,NA,NA,NA,NA,NA,NA,NA,NA,NA,NA,"RPDv1b:2067",1112,"Gavin, D.G.",1,"Gavin","D.G.",NA,NA,NA,NA,NA,NA,NA,NA,NA,"RPDv1b:2067",1112,"RPDv1b",2067,17619,0,0,"m",NA,"Top of core known","-888888",NA,5,0,NA,"-888888",TRUE,NA,"NA Date is calibrated.","Yahoo Lake core_SIEVED","counted","150-500",NA,NA,"",0,-5,5,0,0,NA,"NA Date is calibrated.",". Cal curve: NA. Source DB: RPDv1b","Lacustrine","","Core top",-43,14615.48,"Calibrated radiocarbon years BP","sedimentary charcoal","Data Sourcing: RPDv1b","Sample Age Source: RPDv1b"
"1112",15,"charcoal | 150-500um num",29,29.5,30,1,1064,NA,NA,"RPDv1b","Charcoal (sum)","150-500 µm",150,500,"False","False","number","Macroscopic charcoal (sieved)","direct",NA,"CHAR",10,NA,NA,"quant_raw",5,"volume","ml","RPDv1b","2067","charcoal","count","macrochar","wet_sieve","particle","150-500um num",NA,"150-500um","num","RPDv1b","measured",1,"RPDv1b","ELEMENT=150-500 µm","Yahoo Lake core",47.683333,-124.016667,710,"north","USA",NA,"sedlac",1112,1,2013,"Gavin, D.G., Brubaker, L.B., Greenwald, D.N., 2013. Postglacial climate and fire-mediated vegetation change on the western Olympic Peninsula, Washington (USA). Ecological Monographs 83, 471–489.","Postglacial climate and fire-mediated vegetation change on the western Olympic Peninsula, Washington (USA)","Ecological Monographs",83,NA,"471-489",NA,"10.1890/12-1742.1",NA,NA,NA,NA,NA,NA,NA,NA,NA,NA,NA,NA,NA,"RPDv1b:2067",1112,"Gavin, D.G.",1,"Gavin","D.G.",NA,NA,NA,NA,NA,NA,NA,NA,NA,"RPDv1b:2067",1112,"RPDv1b",2067,17619,0,0,"m",NA,"Top of core known","-888888",NA,5,0,NA,"-888888",TRUE,NA,"NA Date is calibrated.","Yahoo Lake core_SIEVED","counted","150-500",NA,NA,"",0,-5,5,0,0,NA,"NA Date is calibrated.",". Cal curve: NA. Source DB: RPDv1b","Lacustrine","","Core top",-43,14615.48,"Calibrated radiocarbon years BP","sedimentary charcoal","Data Sourcing: RPDv1b","Sample Age Source: RPDv1b"
"1112",16,"charcoal | 150-500um num",30,30.5,31,1,1101,NA,NA,"RPDv1b","Charcoal (sum)","150-500 µm",150,500,"False","False","number","Macroscopic charcoal (sieved)","direct",NA,"CHAR",5,NA,NA,"quant_raw",5,"volume","ml","RPDv1b","2067","charcoal","count","macrochar","wet_sieve","particle","150-500um num",NA,"150-500um","num","RPDv1b","measured",1,"RPDv1b","ELEMENT=150-500 µm","Yahoo Lake core",47.683333,-124.016667,710,"north","USA",NA,"sedlac",1112,1,2013,"Gavin, D.G., Brubaker, L.B., Greenwald, D.N., 2013. Postglacial climate and fire-mediated vegetation change on the western Olympic Peninsula, Washington (USA). Ecological Monographs 83, 471–489.","Postglacial climate and fire-mediated vegetation change on the western Olympic Peninsula, Washington (USA)","Ecological Monographs",83,NA,"471-489",NA,"10.1890/12-1742.1",NA,NA,NA,NA,NA,NA,NA,NA,NA,NA,NA,NA,NA,"RPDv1b:2067",1112,"Gavin, D.G.",1,"Gavin","D.G.",NA,NA,NA,NA,NA,NA,NA,NA,NA,"RPDv1b:2067",1112,"RPDv1b",2067,17619,0,0,"m",NA,"Top of core known","-888888",NA,5,0,NA,"-888888",TRUE,NA,"NA Date is calibrated.","Yahoo Lake core_SIEVED","counted","150-500",NA,NA,"",0,-5,5,0,0,NA,"NA Date is calibrated.",". Cal curve: NA. Source DB: RPDv1b","Lacustrine","","Core top",-43,14615.48,"Calibrated radiocarbon years BP","sedimentary charcoal","Data Sourcing: RPDv1b","Sample Age Source: RPDv1b"
"1112",17,"charcoal | 150-500um num",31,31.5,32,1,1139,NA,NA,"RPDv1b","Charcoal (sum)","150-500 µm",150,500,"False","False","number","Macroscopic charcoal (sieved)","direct",NA,"CHAR",10,NA,NA,"quant_raw",5,"volume","ml","RPDv1b","2067","charcoal","count","macrochar","wet_sieve","particle","150-500um num",NA,"150-500um","num","RPDv1b","measured",1,"RPDv1b","ELEMENT=150-500 µm","Yahoo Lake core",47.683333,-124.016667,710,"north","USA",NA,"sedlac",1112,1,2013,"Gavin, D.G., Brubaker, L.B., Greenwald, D.N., 2013. Postglacial climate and fire-mediated vegetation change on the western Olympic Peninsula, Washington (USA). Ecological Monographs 83, 471–489.","Postglacial climate and fire-mediated vegetation change on the western Olympic Peninsula, Washington (USA)","Ecological Monographs",83,NA,"471-489",NA,"10.1890/12-1742.1",NA,NA,NA,NA,NA,NA,NA,NA,NA,NA,NA,NA,NA,"RPDv1b:2067",1112,"Gavin, D.G.",1,"Gavin","D.G.",NA,NA,NA,NA,NA,NA,NA,NA,NA,"RPDv1b:2067",1112,"RPDv1b",2067,17619,0,0,"m",NA,"Top of core known","-888888",NA,5,0,NA,"-888888",TRUE,NA,"NA Date is calibrated.","Yahoo Lake core_SIEVED","counted","150-500",NA,NA,"",0,-5,5,0,0,NA,"NA Date is calibrated.",". Cal curve: NA. Source DB: RPDv1b","Lacustrine","","Core top",-43,14615.48,"Calibrated radiocarbon years BP","sedimentary charcoal","Data Sourcing: RPDv1b","Sample Age Source: RPDv1b"
"1112",18,"charcoal | 150-500um num",32,32.5,33,1,1176,NA,NA,"RPDv1b","Charcoal (sum)","150-500 µm",150,500,"False","False","number","Macroscopic charcoal (sieved)","direct",NA,"CHAR",9,NA,NA,"quant_raw",5,"volume","ml","RPDv1b","2067","charcoal","count","macrochar","wet_sieve","particle","150-500um num",NA,"150-500um","num","RPDv1b","measured",1,"RPDv1b","ELEMENT=150-500 µm","Yahoo Lake core",47.683333,-124.016667,710,"north","USA",NA,"sedlac",1112,1,2013,"Gavin, D.G., Brubaker, L.B., Greenwald, D.N., 2013. Postglacial climate and fire-mediated vegetation change on the western Olympic Peninsula, Washington (USA). Ecological Monographs 83, 471–489.","Postglacial climate and fire-mediated vegetation change on the western Olympic Peninsula, Washington (USA)","Ecological Monographs",83,NA,"471-489",NA,"10.1890/12-1742.1",NA,NA,NA,NA,NA,NA,NA,NA,NA,NA,NA,NA,NA,"RPDv1b:2067",1112,"Gavin, D.G.",1,"Gavin","D.G.",NA,NA,NA,NA,NA,NA,NA,NA,NA,"RPDv1b:2067",1112,"RPDv1b",2067,17619,0,0,"m",NA,"Top of core known","-888888",NA,5,0,NA,"-888888",TRUE,NA,"NA Date is calibrated.","Yahoo Lake core_SIEVED","counted","150-500",NA,NA,"",0,-5,5,0,0,NA,"NA Date is calibrated.",". Cal curve: NA. Source DB: RPDv1b","Lacustrine","","Core top",-43,14615.48,"Calibrated radiocarbon years BP","sedimentary charcoal","Data Sourcing: RPDv1b","Sample Age Source: RPDv1b"
"1112",19,"charcoal | 150-500um num",33,33.5,34,1,1213,NA,NA,"RPDv1b","Charcoal (sum)","150-500 µm",150,500,"False","False","number","Macroscopic charcoal (sieved)","direct",NA,"CHAR",19,NA,NA,"quant_raw",5,"volume","ml","RPDv1b","2067","charcoal","count","macrochar","wet_sieve","particle","150-500um num",NA,"150-500um","num","RPDv1b","measured",1,"RPDv1b","ELEMENT=150-500 µm","Yahoo Lake core",47.683333,-124.016667,710,"north","USA",NA,"sedlac",1112,1,2013,"Gavin, D.G., Brubaker, L.B., Greenwald, D.N., 2013. Postglacial climate and fire-mediated vegetation change on the western Olympic Peninsula, Washington (USA). Ecological Monographs 83, 471–489.","Postglacial climate and fire-mediated vegetation change on the western Olympic Peninsula, Washington (USA)","Ecological Monographs",83,NA,"471-489",NA,"10.1890/12-1742.1",NA,NA,NA,NA,NA,NA,NA,NA,NA,NA,NA,NA,NA,"RPDv1b:2067",1112,"Gavin, D.G.",1,"Gavin","D.G.",NA,NA,NA,NA,NA,NA,NA,NA,NA,"RPDv1b:2067",1112,"RPDv1b",2067,17619,0,0,"m",NA,"Top of core known","-888888",NA,5,0,NA,"-888888",TRUE,NA,"NA Date is calibrated.","Yahoo Lake core_SIEVED","counted","150-500",NA,NA,"",0,-5,5,0,0,NA,"NA Date is calibrated.",". Cal curve: NA. Source DB: RPDv1b","Lacustrine","","Core top",-43,14615.48,"Calibrated radiocarbon years BP","sedimentary charcoal","Data Sourcing: RPDv1b","Sample Age Source: RPDv1b"
"1112",20,"charcoal | 150-500um num",34,34.5,35,1,1250,NA,NA,"RPDv1b","Charcoal (sum)","150-500 µm",150,500,"False","False","number","Macroscopic charcoal (sieved)","direct",NA,"CHAR",5,NA,NA,"quant_raw",5,"volume","ml","RPDv1b","2067","charcoal","count","macrochar","wet_sieve","particle","150-500um num",NA,"150-500um","num","RPDv1b","measured",1,"RPDv1b","ELEMENT=150-500 µm","Yahoo Lake core",47.683333,-124.016667,710,"north","USA",NA,"sedlac",1112,1,2013,"Gavin, D.G., Brubaker, L.B., Greenwald, D.N., 2013. Postglacial climate and fire-mediated vegetation change on the western Olympic Peninsula, Washington (USA). Ecological Monographs 83, 471–489.","Postglacial climate and fire-mediated vegetation change on the western Olympic Peninsula, Washington (USA)","Ecological Monographs",83,NA,"471-489",NA,"10.1890/12-1742.1",NA,NA,NA,NA,NA,NA,NA,NA,NA,NA,NA,NA,NA,"RPDv1b:2067",1112,"Gavin, D.G.",1,"Gavin","D.G.",NA,NA,NA,NA,NA,NA,NA,NA,NA,"RPDv1b:2067",1112,"RPDv1b",2067,17619,0,0,"m",NA,"Top of core known","-888888",NA,5,0,NA,"-888888",TRUE,NA,"NA Date is calibrated.","Yahoo Lake core_SIEVED","counted","150-500",NA,NA,"",0,-5,5,0,0,NA,"NA Date is calibrated.",". Cal curve: NA. Source DB: RPDv1b","Lacustrine","","Core top",-43,14615.48,"Calibrated radiocarbon years BP","sedimentary charcoal","Data Sourcing: RPDv1b","Sample Age Source: RPDv1b"
"1112",21,"charcoal | 150-500um num",35,35.5,36,1,1288,NA,NA,"RPDv1b","Charcoal (sum)","150-500 µm",150,500,"False","False","number","Macroscopic charcoal (sieved)","direct",NA,"CHAR",10,NA,NA,"quant_raw",5,"volume","ml","RPDv1b","2067","charcoal","count","macrochar","wet_sieve","particle","150-500um num",NA,"150-500um","num","RPDv1b","measured",1,"RPDv1b","ELEMENT=150-500 µm","Yahoo Lake core",47.683333,-124.016667,710,"north","USA",NA,"sedlac",1112,1,2013,"Gavin, D.G., Brubaker, L.B., Greenwald, D.N., 2013. Postglacial climate and fire-mediated vegetation change on the western Olympic Peninsula, Washington (USA). Ecological Monographs 83, 471–489.","Postglacial climate and fire-mediated vegetation change on the western Olympic Peninsula, Washington (USA)","Ecological Monographs",83,NA,"471-489",NA,"10.1890/12-1742.1",NA,NA,NA,NA,NA,NA,NA,NA,NA,NA,NA,NA,NA,"RPDv1b:2067",1112,"Gavin, D.G.",1,"Gavin","D.G.",NA,NA,NA,NA,NA,NA,NA,NA,NA,"RPDv1b:2067",1112,"RPDv1b",2067,17619,0,0,"m",NA,"Top of core known","-888888",NA,5,0,NA,"-888888",TRUE,NA,"NA Date is calibrated.","Yahoo Lake core_SIEVED","counted","150-500",NA,NA,"",0,-5,5,0,0,NA,"NA Date is calibrated.",". Cal curve: NA. Source DB: RPDv1b","Lacustrine","","Core top",-43,14615.48,"Calibrated radiocarbon years BP","sedimentary charcoal","Data Sourcing: RPDv1b","Sample Age Source: RPDv1b"
"1112",22,"charcoal | 150-500um num",36,36.5,37,1,1325,NA,NA,"RPDv1b","Charcoal (sum)","150-500 µm",150,500,"False","False","number","Macroscopic charcoal (sieved)","direct",NA,"CHAR",15,NA,NA,"quant_raw",4.8,"volume","ml","RPDv1b","2067","charcoal","count","macrochar","wet_sieve","particle","150-500um num",NA,"150-500um","num","RPDv1b","measured",1,"RPDv1b","ELEMENT=150-500 µm","Yahoo Lake core",47.683333,-124.016667,710,"north","USA",NA,"sedlac",1112,1,2013,"Gavin, D.G., Brubaker, L.B., Greenwald, D.N., 2013. Postglacial climate and fire-mediated vegetation change on the western Olympic Peninsula, Washington (USA). Ecological Monographs 83, 471–489.","Postglacial climate and fire-mediated vegetation change on the western Olympic Peninsula, Washington (USA)","Ecological Monographs",83,NA,"471-489",NA,"10.1890/12-1742.1",NA,NA,NA,NA,NA,NA,NA,NA,NA,NA,NA,NA,NA,"RPDv1b:2067",1112,"Gavin, D.G.",1,"Gavin","D.G.",NA,NA,NA,NA,NA,NA,NA,NA,NA,"RPDv1b:2067",1112,"RPDv1b",2067,17619,0,0,"m",NA,"Top of core known","-888888",NA,5,0,NA,"-888888",TRUE,NA,"NA Date is calibrated.","Yahoo Lake core_SIEVED","counted","150-500",NA,NA,"",0,-5,5,0,0,NA,"NA Date is calibrated.",". Cal curve: NA. Source DB: RPDv1b","Lacustrine","","Core top",-43,14615.48,"Calibrated radiocarbon years BP","sedimentary charcoal","Data Sourcing: RPDv1b","Sample Age Source: RPDv1b"
"1112",23,"charcoal | 150-500um num",37,37.5,38,1,1362,NA,NA,"RPDv1b","Charcoal (sum)","150-500 µm",150,500,"False","False","number","Macroscopic charcoal (sieved)","direct",NA,"CHAR",30,NA,NA,"quant_raw",5,"volume","ml","RPDv1b","2067","charcoal","count","macrochar","wet_sieve","particle","150-500um num",NA,"150-500um","num","RPDv1b","measured",1,"RPDv1b","ELEMENT=150-500 µm","Yahoo Lake core",47.683333,-124.016667,710,"north","USA",NA,"sedlac",1112,1,2013,"Gavin, D.G., Brubaker, L.B., Greenwald, D.N., 2013. Postglacial climate and fire-mediated vegetation change on the western Olympic Peninsula, Washington (USA). Ecological Monographs 83, 471–489.","Postglacial climate and fire-mediated vegetation change on the western Olympic Peninsula, Washington (USA)","Ecological Monographs",83,NA,"471-489",NA,"10.1890/12-1742.1",NA,NA,NA,NA,NA,NA,NA,NA,NA,NA,NA,NA,NA,"RPDv1b:2067",1112,"Gavin, D.G.",1,"Gavin","D.G.",NA,NA,NA,NA,NA,NA,NA,NA,NA,"RPDv1b:2067",1112,"RPDv1b",2067,17619,0,0,"m",NA,"Top of core known","-888888",NA,5,0,NA,"-888888",TRUE,NA,"NA Date is calibrated.","Yahoo Lake core_SIEVED","counted","150-500",NA,NA,"",0,-5,5,0,0,NA,"NA Date is calibrated.",". Cal curve: NA. Source DB: RPDv1b","Lacustrine","","Core top",-43,14615.48,"Calibrated radiocarbon years BP","sedimentary charcoal","Data Sourcing: RPDv1b","Sample Age Source: RPDv1b"
"1112",24,"charcoal | 150-500um num",38,38.5,39,1,1399,NA,NA,"RPDv1b","Charcoal (sum)","150-500 µm",150,500,"False","False","number","Macroscopic charcoal (sieved)","direct",NA,"CHAR",95,NA,NA,"quant_raw",5,"volume","ml","RPDv1b","2067","charcoal","count","macrochar","wet_sieve","particle","150-500um num",NA,"150-500um","num","RPDv1b","measured",1,"RPDv1b","ELEMENT=150-500 µm","Yahoo Lake core",47.683333,-124.016667,710,"north","USA",NA,"sedlac",1112,1,2013,"Gavin, D.G., Brubaker, L.B., Greenwald, D.N., 2013. Postglacial climate and fire-mediated vegetation change on the western Olympic Peninsula, Washington (USA). Ecological Monographs 83, 471–489.","Postglacial climate and fire-mediated vegetation change on the western Olympic Peninsula, Washington (USA)","Ecological Monographs",83,NA,"471-489",NA,"10.1890/12-1742.1",NA,NA,NA,NA,NA,NA,NA,NA,NA,NA,NA,NA,NA,"RPDv1b:2067",1112,"Gavin, D.G.",1,"Gavin","D.G.",NA,NA,NA,NA,NA,NA,NA,NA,NA,"RPDv1b:2067",1112,"RPDv1b",2067,17619,0,0,"m",NA,"Top of core known","-888888",NA,5,0,NA,"-888888",TRUE,NA,"NA Date is calibrated.","Yahoo Lake core_SIEVED","counted","150-500",NA,NA,"",0,-5,5,0,0,NA,"NA Date is calibrated.",". Cal curve: NA. Source DB: RPDv1b","Lacustrine","","Core top",-43,14615.48,"Calibrated radiocarbon years BP","sedimentary charcoal","Data Sourcing: RPDv1b","Sample Age Source: RPDv1b"
"1112",25,"charcoal | 150-500um num",39,39.5,40,1,1436,NA,NA,"RPDv1b","Charcoal (sum)","150-500 µm",150,500,"False","False","number","Macroscopic charcoal (sieved)","direct",NA,"CHAR",47,NA,NA,"quant_raw",5,"volume","ml","RPDv1b","2067","charcoal","count","macrochar","wet_sieve","particle","150-500um num",NA,"150-500um","num","RPDv1b","measured",1,"RPDv1b","ELEMENT=150-500 µm","Yahoo Lake core",47.683333,-124.016667,710,"north","USA",NA,"sedlac",1112,1,2013,"Gavin, D.G., Brubaker, L.B., Greenwald, D.N., 2013. Postglacial climate and fire-mediated vegetation change on the western Olympic Peninsula, Washington (USA). Ecological Monographs 83, 471–489.","Postglacial climate and fire-mediated vegetation change on the western Olympic Peninsula, Washington (USA)","Ecological Monographs",83,NA,"471-489",NA,"10.1890/12-1742.1",NA,NA,NA,NA,NA,NA,NA,NA,NA,NA,NA,NA,NA,"RPDv1b:2067",1112,"Gavin, D.G.",1,"Gavin","D.G.",NA,NA,NA,NA,NA,NA,NA,NA,NA,"RPDv1b:2067",1112,"RPDv1b",2067,17619,0,0,"m",NA,"Top of core known","-888888",NA,5,0,NA,"-888888",TRUE,NA,"NA Date is calibrated.","Yahoo Lake core_SIEVED","counted","150-500",NA,NA,"",0,-5,5,0,0,NA,"NA Date is calibrated.",". Cal curve: NA. Source DB: RPDv1b","Lacustrine","","Core top",-43,14615.48,"Calibrated radiocarbon years BP","sedimentary charcoal","Data Sourcing: RPDv1b","Sample Age Source: RPDv1b"
"1112",26,"charcoal | 150-500um num",40,40.5,41,1,1473,NA,NA,"RPDv1b","Charcoal (sum)","150-500 µm",150,500,"False","False","number","Macroscopic charcoal (sieved)","direct",NA,"CHAR",18,NA,NA,"quant_raw",5,"volume","ml","RPDv1b","2067","charcoal","count","macrochar","wet_sieve","particle","150-500um num",NA,"150-500um","num","RPDv1b","measured",1,"RPDv1b","ELEMENT=150-500 µm","Yahoo Lake core",47.683333,-124.016667,710,"north","USA",NA,"sedlac",1112,1,2013,"Gavin, D.G., Brubaker, L.B., Greenwald, D.N., 2013. Postglacial climate and fire-mediated vegetation change on the western Olympic Peninsula, Washington (USA). Ecological Monographs 83, 471–489.","Postglacial climate and fire-mediated vegetation change on the western Olympic Peninsula, Washington (USA)","Ecological Monographs",83,NA,"471-489",NA,"10.1890/12-1742.1",NA,NA,NA,NA,NA,NA,NA,NA,NA,NA,NA,NA,NA,"RPDv1b:2067",1112,"Gavin, D.G.",1,"Gavin","D.G.",NA,NA,NA,NA,NA,NA,NA,NA,NA,"RPDv1b:2067",1112,"RPDv1b",2067,17619,0,0,"m",NA,"Top of core known","-888888",NA,5,0,NA,"-888888",TRUE,NA,"NA Date is calibrated.","Yahoo Lake core_SIEVED","counted","150-500",NA,NA,"",0,-5,5,0,0,NA,"NA Date is calibrated.",". Cal curve: NA. Source DB: RPDv1b","Lacustrine","","Core top",-43,14615.48,"Calibrated radiocarbon years BP","sedimentary charcoal","Data Sourcing: RPDv1b","Sample Age Source: RPDv1b"
"1112",27,"charcoal | 150-500um num",41,41.5,42,1,1510,NA,NA,"RPDv1b","Charcoal (sum)","150-500 µm",150,500,"False","False","number","Macroscopic charcoal (sieved)","direct",NA,"CHAR",34,NA,NA,"quant_raw",5,"volume","ml","RPDv1b","2067","charcoal","count","macrochar","wet_sieve","particle","150-500um num",NA,"150-500um","num","RPDv1b","measured",1,"RPDv1b","ELEMENT=150-500 µm","Yahoo Lake core",47.683333,-124.016667,710,"north","USA",NA,"sedlac",1112,1,2013,"Gavin, D.G., Brubaker, L.B., Greenwald, D.N., 2013. Postglacial climate and fire-mediated vegetation change on the western Olympic Peninsula, Washington (USA). Ecological Monographs 83, 471–489.","Postglacial climate and fire-mediated vegetation change on the western Olympic Peninsula, Washington (USA)","Ecological Monographs",83,NA,"471-489",NA,"10.1890/12-1742.1",NA,NA,NA,NA,NA,NA,NA,NA,NA,NA,NA,NA,NA,"RPDv1b:2067",1112,"Gavin, D.G.",1,"Gavin","D.G.",NA,NA,NA,NA,NA,NA,NA,NA,NA,"RPDv1b:2067",1112,"RPDv1b",2067,17619,0,0,"m",NA,"Top of core known","-888888",NA,5,0,NA,"-888888",TRUE,NA,"NA Date is calibrated.","Yahoo Lake core_SIEVED","counted","150-500",NA,NA,"",0,-5,5,0,0,NA,"NA Date is calibrated.",". Cal curve: NA. Source DB: RPDv1b","Lacustrine","","Core top",-43,14615.48,"Calibrated radiocarbon years BP","sedimentary charcoal","Data Sourcing: RPDv1b","Sample Age Source: RPDv1b"
"1112",28,"charcoal | 150-500um num",42,42.5,43,1,1547,NA,NA,"RPDv1b","Charcoal (sum)","150-500 µm",150,500,"False","False","number","Macroscopic charcoal (sieved)","direct",NA,"CHAR",30,NA,NA,"quant_raw",4.6,"volume","ml","RPDv1b","2067","charcoal","count","macrochar","wet_sieve","particle","150-500um num",NA,"150-500um","num","RPDv1b","measured",1,"RPDv1b","ELEMENT=150-500 µm","Yahoo Lake core",47.683333,-124.016667,710,"north","USA",NA,"sedlac",1112,1,2013,"Gavin, D.G., Brubaker, L.B., Greenwald, D.N., 2013. Postglacial climate and fire-mediated vegetation change on the western Olympic Peninsula, Washington (USA). Ecological Monographs 83, 471–489.","Postglacial climate and fire-mediated vegetation change on the western Olympic Peninsula, Washington (USA)","Ecological Monographs",83,NA,"471-489",NA,"10.1890/12-1742.1",NA,NA,NA,NA,NA,NA,NA,NA,NA,NA,NA,NA,NA,"RPDv1b:2067",1112,"Gavin, D.G.",1,"Gavin","D.G.",NA,NA,NA,NA,NA,NA,NA,NA,NA,"RPDv1b:2067",1112,"RPDv1b",2067,17619,0,0,"m",NA,"Top of core known","-888888",NA,5,0,NA,"-888888",TRUE,NA,"NA Date is calibrated.","Yahoo Lake core_SIEVED","counted","150-500",NA,NA,"",0,-5,5,0,0,NA,"NA Date is calibrated.",". Cal curve: NA. Source DB: RPDv1b","Lacustrine","","Core top",-43,14615.48,"Calibrated radiocarbon years BP","sedimentary charcoal","Data Sourcing: RPDv1b","Sample Age Source: RPDv1b"
"1112",29,"charcoal | 150-500um num",43,43.5,44,1,1584,NA,NA,"RPDv1b","Charcoal (sum)","150-500 µm",150,500,"False","False","number","Macroscopic charcoal (sieved)","direct",NA,"CHAR",23,NA,NA,"quant_raw",4.6,"volume","ml","RPDv1b","2067","charcoal","count","macrochar","wet_sieve","particle","150-500um num",NA,"150-500um","num","RPDv1b","measured",1,"RPDv1b","ELEMENT=150-500 µm","Yahoo Lake core",47.683333,-124.016667,710,"north","USA",NA,"sedlac",1112,1,2013,"Gavin, D.G., Brubaker, L.B., Greenwald, D.N., 2013. Postglacial climate and fire-mediated vegetation change on the western Olympic Peninsula, Washington (USA). Ecological Monographs 83, 471–489.","Postglacial climate and fire-mediated vegetation change on the western Olympic Peninsula, Washington (USA)","Ecological Monographs",83,NA,"471-489",NA,"10.1890/12-1742.1",NA,NA,NA,NA,NA,NA,NA,NA,NA,NA,NA,NA,NA,"RPDv1b:2067",1112,"Gavin, D.G.",1,"Gavin","D.G.",NA,NA,NA,NA,NA,NA,NA,NA,NA,"RPDv1b:2067",1112,"RPDv1b",2067,17619,0,0,"m",NA,"Top of core known","-888888",NA,5,0,NA,"-888888",TRUE,NA,"NA Date is calibrated.","Yahoo Lake core_SIEVED","counted","150-500",NA,NA,"",0,-5,5,0,0,NA,"NA Date is calibrated.",". Cal curve: NA. Source DB: RPDv1b","Lacustrine","","Core top",-43,14615.48,"Calibrated radiocarbon years BP","sedimentary charcoal","Data Sourcing: RPDv1b","Sample Age Source: RPDv1b"
"1112",30,"charcoal | 150-500um num",44,44.5,45,1,1621,NA,NA,"RPDv1b","Charcoal (sum)","150-500 µm",150,500,"False","False","number","Macroscopic charcoal (sieved)","direct",NA,"CHAR",22,NA,NA,"quant_raw",4.6,"volume","ml","RPDv1b","2067","charcoal","count","macrochar","wet_sieve","particle","150-500um num",NA,"150-500um","num","RPDv1b","measured",1,"RPDv1b","ELEMENT=150-500 µm","Yahoo Lake core",47.683333,-124.016667,710,"north","USA",NA,"sedlac",1112,1,2013,"Gavin, D.G., Brubaker, L.B., Greenwald, D.N., 2013. Postglacial climate and fire-mediated vegetation change on the western Olympic Peninsula, Washington (USA). Ecological Monographs 83, 471–489.","Postglacial climate and fire-mediated vegetation change on the western Olympic Peninsula, Washington (USA)","Ecological Monographs",83,NA,"471-489",NA,"10.1890/12-1742.1",NA,NA,NA,NA,NA,NA,NA,NA,NA,NA,NA,NA,NA,"RPDv1b:2067",1112,"Gavin, D.G.",1,"Gavin","D.G.",NA,NA,NA,NA,NA,NA,NA,NA,NA,"RPDv1b:2067",1112,"RPDv1b",2067,17619,0,0,"m",NA,"Top of core known","-888888",NA,5,0,NA,"-888888",TRUE,NA,"NA Date is calibrated.","Yahoo Lake core_SIEVED","counted","150-500",NA,NA,"",0,-5,5,0,0,NA,"NA Date is calibrated.",". Cal curve: NA. Source DB: RPDv1b","Lacustrine","","Core top",-43,14615.48,"Calibrated radiocarbon years BP","sedimentary charcoal","Data Sourcing: RPDv1b","Sample Age Source: RPDv1b"
"1112",31,"charcoal | 150-500um num",45,45.5,46,1,1658,NA,NA,"RPDv1b","Charcoal (sum)","150-500 µm",150,500,"False","False","number","Macroscopic charcoal (sieved)","direct",NA,"CHAR",6,NA,NA,"quant_raw",4.6,"volume","ml","RPDv1b","2067","charcoal","count","macrochar","wet_sieve","particle","150-500um num",NA,"150-500um","num","RPDv1b","measured",1,"RPDv1b","ELEMENT=150-500 µm","Yahoo Lake core",47.683333,-124.016667,710,"north","USA",NA,"sedlac",1112,1,2013,"Gavin, D.G., Brubaker, L.B., Greenwald, D.N., 2013. Postglacial climate and fire-mediated vegetation change on the western Olympic Peninsula, Washington (USA). Ecological Monographs 83, 471–489.","Postglacial climate and fire-mediated vegetation change on the western Olympic Peninsula, Washington (USA)","Ecological Monographs",83,NA,"471-489",NA,"10.1890/12-1742.1",NA,NA,NA,NA,NA,NA,NA,NA,NA,NA,NA,NA,NA,"RPDv1b:2067",1112,"Gavin, D.G.",1,"Gavin","D.G.",NA,NA,NA,NA,NA,NA,NA,NA,NA,"RPDv1b:2067",1112,"RPDv1b",2067,17619,0,0,"m",NA,"Top of core known","-888888",NA,5,0,NA,"-888888",TRUE,NA,"NA Date is calibrated.","Yahoo Lake core_SIEVED","counted","150-500",NA,NA,"",0,-5,5,0,0,NA,"NA Date is calibrated.",". Cal curve: NA. Source DB: RPDv1b","Lacustrine","","Core top",-43,14615.48,"Calibrated radiocarbon years BP","sedimentary charcoal","Data Sourcing: RPDv1b","Sample Age Source: RPDv1b"
"1112",32,"charcoal | 150-500um num",46,46.5,47,1,1695,NA,NA,"RPDv1b","Charcoal (sum)","150-500 µm",150,500,"False","False","number","Macroscopic charcoal (sieved)","direct",NA,"CHAR",9,NA,NA,"quant_raw",5,"volume","ml","RPDv1b","2067","charcoal","count","macrochar","wet_sieve","particle","150-500um num",NA,"150-500um","num","RPDv1b","measured",1,"RPDv1b","ELEMENT=150-500 µm","Yahoo Lake core",47.683333,-124.016667,710,"north","USA",NA,"sedlac",1112,1,2013,"Gavin, D.G., Brubaker, L.B., Greenwald, D.N., 2013. Postglacial climate and fire-mediated vegetation change on the western Olympic Peninsula, Washington (USA). Ecological Monographs 83, 471–489.","Postglacial climate and fire-mediated vegetation change on the western Olympic Peninsula, Washington (USA)","Ecological Monographs",83,NA,"471-489",NA,"10.1890/12-1742.1",NA,NA,NA,NA,NA,NA,NA,NA,NA,NA,NA,NA,NA,"RPDv1b:2067",1112,"Gavin, D.G.",1,"Gavin","D.G.",NA,NA,NA,NA,NA,NA,NA,NA,NA,"RPDv1b:2067",1112,"RPDv1b",2067,17619,0,0,"m",NA,"Top of core known","-888888",NA,5,0,NA,"-888888",TRUE,NA,"NA Date is calibrated.","Yahoo Lake core_SIEVED","counted","150-500",NA,NA,"",0,-5,5,0,0,NA,"NA Date is calibrated.",". Cal curve: NA. Source DB: RPDv1b","Lacustrine","","Core top",-43,14615.48,"Calibrated radiocarbon years BP","sedimentary charcoal","Data Sourcing: RPDv1b","Sample Age Source: RPDv1b"
"1112",33,"charcoal | 150-500um num",47,47.5,48,1,1732,NA,NA,"RPDv1b","Charcoal (sum)","150-500 µm",150,500,"False","False","number","Macroscopic charcoal (sieved)","direct",NA,"CHAR",4,NA,NA,"quant_raw",5,"volume","ml","RPDv1b","2067","charcoal","count","macrochar","wet_sieve","particle","150-500um num",NA,"150-500um","num","RPDv1b","measured",1,"RPDv1b","ELEMENT=150-500 µm","Yahoo Lake core",47.683333,-124.016667,710,"north","USA",NA,"sedlac",1112,1,2013,"Gavin, D.G., Brubaker, L.B., Greenwald, D.N., 2013. Postglacial climate and fire-mediated vegetation change on the western Olympic Peninsula, Washington (USA). Ecological Monographs 83, 471–489.","Postglacial climate and fire-mediated vegetation change on the western Olympic Peninsula, Washington (USA)","Ecological Monographs",83,NA,"471-489",NA,"10.1890/12-1742.1",NA,NA,NA,NA,NA,NA,NA,NA,NA,NA,NA,NA,NA,"RPDv1b:2067",1112,"Gavin, D.G.",1,"Gavin","D.G.",NA,NA,NA,NA,NA,NA,NA,NA,NA,"RPDv1b:2067",1112,"RPDv1b",2067,17619,0,0,"m",NA,"Top of core known","-888888",NA,5,0,NA,"-888888",TRUE,NA,"NA Date is calibrated.","Yahoo Lake core_SIEVED","counted","150-500",NA,NA,"",0,-5,5,0,0,NA,"NA Date is calibrated.",". Cal curve: NA. Source DB: RPDv1b","Lacustrine","","Core top",-43,14615.48,"Calibrated radiocarbon years BP","sedimentary charcoal","Data Sourcing: RPDv1b","Sample Age Source: RPDv1b"
"1112",34,"charcoal | 150-500um num",48,48.5,49,1,1769,NA,NA,"RPDv1b","Charcoal (sum)","150-500 µm",150,500,"False","False","number","Macroscopic charcoal (sieved)","direct",NA,"CHAR",9,NA,NA,"quant_raw",4.8,"volume","ml","RPDv1b","2067","charcoal","count","macrochar","wet_sieve","particle","150-500um num",NA,"150-500um","num","RPDv1b","measured",1,"RPDv1b","ELEMENT=150-500 µm","Yahoo Lake core",47.683333,-124.016667,710,"north","USA",NA,"sedlac",1112,1,2013,"Gavin, D.G., Brubaker, L.B., Greenwald, D.N., 2013. Postglacial climate and fire-mediated vegetation change on the western Olympic Peninsula, Washington (USA). Ecological Monographs 83, 471–489.","Postglacial climate and fire-mediated vegetation change on the western Olympic Peninsula, Washington (USA)","Ecological Monographs",83,NA,"471-489",NA,"10.1890/12-1742.1",NA,NA,NA,NA,NA,NA,NA,NA,NA,NA,NA,NA,NA,"RPDv1b:2067",1112,"Gavin, D.G.",1,"Gavin","D.G.",NA,NA,NA,NA,NA,NA,NA,NA,NA,"RPDv1b:2067",1112,"RPDv1b",2067,17619,0,0,"m",NA,"Top of core known","-888888",NA,5,0,NA,"-888888",TRUE,NA,"NA Date is calibrated.","Yahoo Lake core_SIEVED","counted","150-500",NA,NA,"",0,-5,5,0,0,NA,"NA Date is calibrated.",". Cal curve: NA. Source DB: RPDv1b","Lacustrine","","Core top",-43,14615.48,"Calibrated radiocarbon years BP","sedimentary charcoal","Data Sourcing: RPDv1b","Sample Age Source: RPDv1b"
"1112",35,"charcoal | 150-500um num",49,49.5,50,1,1805,NA,NA,"RPDv1b","Charcoal (sum)","150-500 µm",150,500,"False","False","number","Macroscopic charcoal (sieved)","direct",NA,"CHAR",12,NA,NA,"quant_raw",4.8,"volume","ml","RPDv1b","2067","charcoal","count","macrochar","wet_sieve","particle","150-500um num",NA,"150-500um","num","RPDv1b","measured",1,"RPDv1b","ELEMENT=150-500 µm","Yahoo Lake core",47.683333,-124.016667,710,"north","USA",NA,"sedlac",1112,1,2013,"Gavin, D.G., Brubaker, L.B., Greenwald, D.N., 2013. Postglacial climate and fire-mediated vegetation change on the western Olympic Peninsula, Washington (USA). Ecological Monographs 83, 471–489.","Postglacial climate and fire-mediated vegetation change on the western Olympic Peninsula, Washington (USA)","Ecological Monographs",83,NA,"471-489",NA,"10.1890/12-1742.1",NA,NA,NA,NA,NA,NA,NA,NA,NA,NA,NA,NA,NA,"RPDv1b:2067",1112,"Gavin, D.G.",1,"Gavin","D.G.",NA,NA,NA,NA,NA,NA,NA,NA,NA,"RPDv1b:2067",1112,"RPDv1b",2067,17619,0,0,"m",NA,"Top of core known","-888888",NA,5,0,NA,"-888888",TRUE,NA,"NA Date is calibrated.","Yahoo Lake core_SIEVED","counted","150-500",NA,NA,"",0,-5,5,0,0,NA,"NA Date is calibrated.",". Cal curve: NA. Source DB: RPDv1b","Lacustrine","","Core top",-43,14615.48,"Calibrated radiocarbon years BP","sedimentary charcoal","Data Sourcing: RPDv1b","Sample Age Source: RPDv1b"
"1112",36,"charcoal | 150-500um num",50,50.5,51,1,1823.69,NA,NA,"GCDv4","Charcoal (sum)","150-500 µm",150,500,"False","False","number","Macroscopic charcoal (sieved)","direct",NA,"CHAR",18,NA,NA,"quant_raw",4.8,"volume","ml","RPDv1b","2067","charcoal","count","macrochar","wet_sieve","particle","150-500um num",NA,"150-500um","num","RPDv1b","measured",1,"RPDv1b","ELEMENT=150-500 µm","Yahoo Lake core",47.683333,-124.016667,710,"north","USA",NA,"sedlac",1112,1,2013,"Gavin, D.G., Brubaker, L.B., Greenwald, D.N., 2013. Postglacial climate and fire-mediated vegetation change on the western Olympic Peninsula, Washington (USA). Ecological Monographs 83, 471–489.","Postglacial climate and fire-mediated vegetation change on the western Olympic Peninsula, Washington (USA)","Ecological Monographs",83,NA,"471-489",NA,"10.1890/12-1742.1",NA,NA,NA,NA,NA,NA,NA,NA,NA,NA,NA,NA,NA,"RPDv1b:2067",1112,"Gavin, D.G.",1,"Gavin","D.G.",NA,NA,NA,NA,NA,NA,NA,NA,NA,"RPDv1b:2067",1112,"RPDv1b",2067,17619,0,0,"m",NA,"Top of core known","-888888",NA,5,0,NA,"-888888",TRUE,NA,"NA Date is calibrated.","Yahoo Lake core_SIEVED","counted","150-500",NA,NA,"",0,-5,5,0,0,NA,"NA Date is calibrated.",". Cal curve: NA. Source DB: RPDv1b","Lacustrine","","Core top",-43,14615.48,"Calibrated radiocarbon years BP","sedimentary charcoal","Data Sourcing: RPDv1b","Sample Age Source: GCDv4"
"1112",37,"charcoal | 150-500um num",51,51.5,52,1,1860.4,NA,NA,"GCDv4","Charcoal (sum)","150-500 µm",150,500,"False","False","number","Macroscopic charcoal (sieved)","direct",NA,"CHAR",30,NA,NA,"quant_raw",4.8,"volume","ml","RPDv1b","2067","charcoal","count","macrochar","wet_sieve","particle","150-500um num",NA,"150-500um","num","RPDv1b","measured",1,"RPDv1b","ELEMENT=150-500 µm","Yahoo Lake core",47.683333,-124.016667,710,"north","USA",NA,"sedlac",1112,1,2013,"Gavin, D.G., Brubaker, L.B., Greenwald, D.N., 2013. Postglacial climate and fire-mediated vegetation change on the western Olympic Peninsula, Washington (USA). Ecological Monographs 83, 471–489.","Postglacial climate and fire-mediated vegetation change on the western Olympic Peninsula, Washington (USA)","Ecological Monographs",83,NA,"471-489",NA,"10.1890/12-1742.1",NA,NA,NA,NA,NA,NA,NA,NA,NA,NA,NA,NA,NA,"RPDv1b:2067",1112,"Gavin, D.G.",1,"Gavin","D.G.",NA,NA,NA,NA,NA,NA,NA,NA,NA,"RPDv1b:2067",1112,"RPDv1b",2067,17619,0,0,"m",NA,"Top of core known","-888888",NA,5,0,NA,"-888888",TRUE,NA,"NA Date is calibrated.","Yahoo Lake core_SIEVED","counted","150-500",NA,NA,"",0,-5,5,0,0,NA,"NA Date is calibrated.",". Cal curve: NA. Source DB: RPDv1b","Lacustrine","","Core top",-43,14615.48,"Calibrated radiocarbon years BP","sedimentary charcoal","Data Sourcing: RPDv1b","Sample Age Source: GCDv4"
"1112",38,"charcoal | 150-500um num",52,52.5,53,1,1897.08,NA,NA,"GCDv4","Charcoal (sum)","150-500 µm",150,500,"False","False","number","Macroscopic charcoal (sieved)","direct",NA,"CHAR",16,NA,NA,"quant_raw",4.6,"volume","ml","RPDv1b","2067","charcoal","count","macrochar","wet_sieve","particle","150-500um num",NA,"150-500um","num","RPDv1b","measured",1,"RPDv1b","ELEMENT=150-500 µm","Yahoo Lake core",47.683333,-124.016667,710,"north","USA",NA,"sedlac",1112,1,2013,"Gavin, D.G., Brubaker, L.B., Greenwald, D.N., 2013. Postglacial climate and fire-mediated vegetation change on the western Olympic Peninsula, Washington (USA). Ecological Monographs 83, 471–489.","Postglacial climate and fire-mediated vegetation change on the western Olympic Peninsula, Washington (USA)","Ecological Monographs",83,NA,"471-489",NA,"10.1890/12-1742.1",NA,NA,NA,NA,NA,NA,NA,NA,NA,NA,NA,NA,NA,"RPDv1b:2067",1112,"Gavin, D.G.",1,"Gavin","D.G.",NA,NA,NA,NA,NA,NA,NA,NA,NA,"RPDv1b:2067",1112,"RPDv1b",2067,17619,0,0,"m",NA,"Top of core known","-888888",NA,5,0,NA,"-888888",TRUE,NA,"NA Date is calibrated.","Yahoo Lake core_SIEVED","counted","150-500",NA,NA,"",0,-5,5,0,0,NA,"NA Date is calibrated.",". Cal curve: NA. Source DB: RPDv1b","Lacustrine","","Core top",-43,14615.48,"Calibrated radiocarbon years BP","sedimentary charcoal","Data Sourcing: RPDv1b","Sample Age Source: GCDv4"
"1112",39,"charcoal | 150-500um num",53,53.5,54,1,1933.71,NA,NA,"GCDv4","Charcoal (sum)","150-500 µm",150,500,"False","False","number","Macroscopic charcoal (sieved)","direct",NA,"CHAR",29,NA,NA,"quant_raw",5,"volume","ml","RPDv1b","2067","charcoal","count","macrochar","wet_sieve","particle","150-500um num",NA,"150-500um","num","RPDv1b","measured",1,"RPDv1b","ELEMENT=150-500 µm","Yahoo Lake core",47.683333,-124.016667,710,"north","USA",NA,"sedlac",1112,1,2013,"Gavin, D.G., Brubaker, L.B., Greenwald, D.N., 2013. Postglacial climate and fire-mediated vegetation change on the western Olympic Peninsula, Washington (USA). Ecological Monographs 83, 471–489.","Postglacial climate and fire-mediated vegetation change on the western Olympic Peninsula, Washington (USA)","Ecological Monographs",83,NA,"471-489",NA,"10.1890/12-1742.1",NA,NA,NA,NA,NA,NA,NA,NA,NA,NA,NA,NA,NA,"RPDv1b:2067",1112,"Gavin, D.G.",1,"Gavin","D.G.",NA,NA,NA,NA,NA,NA,NA,NA,NA,"RPDv1b:2067",1112,"RPDv1b",2067,17619,0,0,"m",NA,"Top of core known","-888888",NA,5,0,NA,"-888888",TRUE,NA,"NA Date is calibrated.","Yahoo Lake core_SIEVED","counted","150-500",NA,NA,"",0,-5,5,0,0,NA,"NA Date is calibrated.",". Cal curve: NA. Source DB: RPDv1b","Lacustrine","","Core top",-43,14615.48,"Calibrated radiocarbon years BP","sedimentary charcoal","Data Sourcing: RPDv1b","Sample Age Source: GCDv4"
"1112",40,"charcoal | 150-500um num",54,54.5,55,1,1970.31,NA,NA,"GCDv4","Charcoal (sum)","150-500 µm",150,500,"False","False","number","Macroscopic charcoal (sieved)","direct",NA,"CHAR",22,NA,NA,"quant_raw",5,"volume","ml","RPDv1b","2067","charcoal","count","macrochar","wet_sieve","particle","150-500um num",NA,"150-500um","num","RPDv1b","measured",1,"RPDv1b","ELEMENT=150-500 µm","Yahoo Lake core",47.683333,-124.016667,710,"north","USA",NA,"sedlac",1112,1,2013,"Gavin, D.G., Brubaker, L.B., Greenwald, D.N., 2013. Postglacial climate and fire-mediated vegetation change on the western Olympic Peninsula, Washington (USA). Ecological Monographs 83, 471–489.","Postglacial climate and fire-mediated vegetation change on the western Olympic Peninsula, Washington (USA)","Ecological Monographs",83,NA,"471-489",NA,"10.1890/12-1742.1",NA,NA,NA,NA,NA,NA,NA,NA,NA,NA,NA,NA,NA,"RPDv1b:2067",1112,"Gavin, D.G.",1,"Gavin","D.G.",NA,NA,NA,NA,NA,NA,NA,NA,NA,"RPDv1b:2067",1112,"RPDv1b",2067,17619,0,0,"m",NA,"Top of core known","-888888",NA,5,0,NA,"-888888",TRUE,NA,"NA Date is calibrated.","Yahoo Lake core_SIEVED","counted","150-500",NA,NA,"",0,-5,5,0,0,NA,"NA Date is calibrated.",". Cal curve: NA. Source DB: RPDv1b","Lacustrine","","Core top",-43,14615.48,"Calibrated radiocarbon years BP","sedimentary charcoal","Data Sourcing: RPDv1b","Sample Age Source: GCDv4"
"1112",41,"charcoal | 150-500um num",55,55.5,56,1,2006.87,NA,NA,"GCDv4","Charcoal (sum)","150-500 µm",150,500,"False","False","number","Macroscopic charcoal (sieved)","direct",NA,"CHAR",29,NA,NA,"quant_raw",5,"volume","ml","RPDv1b","2067","charcoal","count","macrochar","wet_sieve","particle","150-500um num",NA,"150-500um","num","RPDv1b","measured",1,"RPDv1b","ELEMENT=150-500 µm","Yahoo Lake core",47.683333,-124.016667,710,"north","USA",NA,"sedlac",1112,1,2013,"Gavin, D.G., Brubaker, L.B., Greenwald, D.N., 2013. Postglacial climate and fire-mediated vegetation change on the western Olympic Peninsula, Washington (USA). Ecological Monographs 83, 471–489.","Postglacial climate and fire-mediated vegetation change on the western Olympic Peninsula, Washington (USA)","Ecological Monographs",83,NA,"471-489",NA,"10.1890/12-1742.1",NA,NA,NA,NA,NA,NA,NA,NA,NA,NA,NA,NA,NA,"RPDv1b:2067",1112,"Gavin, D.G.",1,"Gavin","D.G.",NA,NA,NA,NA,NA,NA,NA,NA,NA,"RPDv1b:2067",1112,"RPDv1b",2067,17619,0,0,"m",NA,"Top of core known","-888888",NA,5,0,NA,"-888888",TRUE,NA,"NA Date is calibrated.","Yahoo Lake core_SIEVED","counted","150-500",NA,NA,"",0,-5,5,0,0,NA,"NA Date is calibrated.",". Cal curve: NA. Source DB: RPDv1b","Lacustrine","","Core top",-43,14615.48,"Calibrated radiocarbon years BP","sedimentary charcoal","Data Sourcing: RPDv1b","Sample Age Source: GCDv4"
"1112",42,"charcoal | 150-500um num",56,56.5,57,1,2043.39,NA,NA,"GCDv4","Charcoal (sum)","150-500 µm",150,500,"False","False","number","Macroscopic charcoal (sieved)","direct",NA,"CHAR",71,NA,NA,"quant_raw",5,"volume","ml","RPDv1b","2067","charcoal","count","macrochar","wet_sieve","particle","150-500um num",NA,"150-500um","num","RPDv1b","measured",1,"RPDv1b","ELEMENT=150-500 µm","Yahoo Lake core",47.683333,-124.016667,710,"north","USA",NA,"sedlac",1112,1,2013,"Gavin, D.G., Brubaker, L.B., Greenwald, D.N., 2013. Postglacial climate and fire-mediated vegetation change on the western Olympic Peninsula, Washington (USA). Ecological Monographs 83, 471–489.","Postglacial climate and fire-mediated vegetation change on the western Olympic Peninsula, Washington (USA)","Ecological Monographs",83,NA,"471-489",NA,"10.1890/12-1742.1",NA,NA,NA,NA,NA,NA,NA,NA,NA,NA,NA,NA,NA,"RPDv1b:2067",1112,"Gavin, D.G.",1,"Gavin","D.G.",NA,NA,NA,NA,NA,NA,NA,NA,NA,"RPDv1b:2067",1112,"RPDv1b",2067,17619,0,0,"m",NA,"Top of core known","-888888",NA,5,0,NA,"-888888",TRUE,NA,"NA Date is calibrated.","Yahoo Lake core_SIEVED","counted","150-500",NA,NA,"",0,-5,5,0,0,NA,"NA Date is calibrated.",". Cal curve: NA. Source DB: RPDv1b","Lacustrine","","Core top",-43,14615.48,"Calibrated radiocarbon years BP","sedimentary charcoal","Data Sourcing: RPDv1b","Sample Age Source: GCDv4"
"1112",43,"charcoal | 150-500um num",57,57.5,58,1,2079.86,NA,NA,"GCDv4","Charcoal (sum)","150-500 µm",150,500,"False","False","number","Macroscopic charcoal (sieved)","direct",NA,"CHAR",23,NA,NA,"quant_raw",5,"volume","ml","RPDv1b","2067","charcoal","count","macrochar","wet_sieve","particle","150-500um num",NA,"150-500um","num","RPDv1b","measured",1,"RPDv1b","ELEMENT=150-500 µm","Yahoo Lake core",47.683333,-124.016667,710,"north","USA",NA,"sedlac",1112,1,2013,"Gavin, D.G., Brubaker, L.B., Greenwald, D.N., 2013. Postglacial climate and fire-mediated vegetation change on the western Olympic Peninsula, Washington (USA). Ecological Monographs 83, 471–489.","Postglacial climate and fire-mediated vegetation change on the western Olympic Peninsula, Washington (USA)","Ecological Monographs",83,NA,"471-489",NA,"10.1890/12-1742.1",NA,NA,NA,NA,NA,NA,NA,NA,NA,NA,NA,NA,NA,"RPDv1b:2067",1112,"Gavin, D.G.",1,"Gavin","D.G.",NA,NA,NA,NA,NA,NA,NA,NA,NA,"RPDv1b:2067",1112,"RPDv1b",2067,17619,0,0,"m",NA,"Top of core known","-888888",NA,5,0,NA,"-888888",TRUE,NA,"NA Date is calibrated.","Yahoo Lake core_SIEVED","counted","150-500",NA,NA,"",0,-5,5,0,0,NA,"NA Date is calibrated.",". Cal curve: NA. Source DB: RPDv1b","Lacustrine","","Core top",-43,14615.48,"Calibrated radiocarbon years BP","sedimentary charcoal","Data Sourcing: RPDv1b","Sample Age Source: GCDv4"
"1112",44,"charcoal | 150-500um num",58,58.5,59,1,2116.3,NA,NA,"GCDv4","Charcoal (sum)","150-500 µm",150,500,"False","False","number","Macroscopic charcoal (sieved)","direct",NA,"CHAR",53,NA,NA,"quant_raw",5,"volume","ml","RPDv1b","2067","charcoal","count","macrochar","wet_sieve","particle","150-500um num",NA,"150-500um","num","RPDv1b","measured",1,"RPDv1b","ELEMENT=150-500 µm","Yahoo Lake core",47.683333,-124.016667,710,"north","USA",NA,"sedlac",1112,1,2013,"Gavin, D.G., Brubaker, L.B., Greenwald, D.N., 2013. Postglacial climate and fire-mediated vegetation change on the western Olympic Peninsula, Washington (USA). Ecological Monographs 83, 471–489.","Postglacial climate and fire-mediated vegetation change on the western Olympic Peninsula, Washington (USA)","Ecological Monographs",83,NA,"471-489",NA,"10.1890/12-1742.1",NA,NA,NA,NA,NA,NA,NA,NA,NA,NA,NA,NA,NA,"RPDv1b:2067",1112,"Gavin, D.G.",1,"Gavin","D.G.",NA,NA,NA,NA,NA,NA,NA,NA,NA,"RPDv1b:2067",1112,"RPDv1b",2067,17619,0,0,"m",NA,"Top of core known","-888888",NA,5,0,NA,"-888888",TRUE,NA,"NA Date is calibrated.","Yahoo Lake core_SIEVED","counted","150-500",NA,NA,"",0,-5,5,0,0,NA,"NA Date is calibrated.",". Cal curve: NA. Source DB: RPDv1b","Lacustrine","","Core top",-43,14615.48,"Calibrated radiocarbon years BP","sedimentary charcoal","Data Sourcing: RPDv1b","Sample Age Source: GCDv4"
"1112",45,"charcoal | 150-500um num",59,59.5,60,1,2152.7,NA,NA,"GCDv4","Charcoal (sum)","150-500 µm",150,500,"False","False","number","Macroscopic charcoal (sieved)","direct",NA,"CHAR",72,NA,NA,"quant_raw",5,"volume","ml","RPDv1b","2067","charcoal","count","macrochar","wet_sieve","particle","150-500um num",NA,"150-500um","num","RPDv1b","measured",1,"RPDv1b","ELEMENT=150-500 µm","Yahoo Lake core",47.683333,-124.016667,710,"north","USA",NA,"sedlac",1112,1,2013,"Gavin, D.G., Brubaker, L.B., Greenwald, D.N., 2013. Postglacial climate and fire-mediated vegetation change on the western Olympic Peninsula, Washington (USA). Ecological Monographs 83, 471–489.","Postglacial climate and fire-mediated vegetation change on the western Olympic Peninsula, Washington (USA)","Ecological Monographs",83,NA,"471-489",NA,"10.1890/12-1742.1",NA,NA,NA,NA,NA,NA,NA,NA,NA,NA,NA,NA,NA,"RPDv1b:2067",1112,"Gavin, D.G.",1,"Gavin","D.G.",NA,NA,NA,NA,NA,NA,NA,NA,NA,"RPDv1b:2067",1112,"RPDv1b",2067,17619,0,0,"m",NA,"Top of core known","-888888",NA,5,0,NA,"-888888",TRUE,NA,"NA Date is calibrated.","Yahoo Lake core_SIEVED","counted","150-500",NA,NA,"",0,-5,5,0,0,NA,"NA Date is calibrated.",". Cal curve: NA. Source DB: RPDv1b","Lacustrine","","Core top",-43,14615.48,"Calibrated radiocarbon years BP","sedimentary charcoal","Data Sourcing: RPDv1b","Sample Age Source: GCDv4"
"1112",46,"charcoal | 150-500um num",60,60.5,61,1,2189.05,NA,NA,"GCDv4","Charcoal (sum)","150-500 µm",150,500,"False","False","number","Macroscopic charcoal (sieved)","direct",NA,"CHAR",56,NA,NA,"quant_raw",5,"volume","ml","RPDv1b","2067","charcoal","count","macrochar","wet_sieve","particle","150-500um num",NA,"150-500um","num","RPDv1b","measured",1,"RPDv1b","ELEMENT=150-500 µm","Yahoo Lake core",47.683333,-124.016667,710,"north","USA",NA,"sedlac",1112,1,2013,"Gavin, D.G., Brubaker, L.B., Greenwald, D.N., 2013. Postglacial climate and fire-mediated vegetation change on the western Olympic Peninsula, Washington (USA). Ecological Monographs 83, 471–489.","Postglacial climate and fire-mediated vegetation change on the western Olympic Peninsula, Washington (USA)","Ecological Monographs",83,NA,"471-489",NA,"10.1890/12-1742.1",NA,NA,NA,NA,NA,NA,NA,NA,NA,NA,NA,NA,NA,"RPDv1b:2067",1112,"Gavin, D.G.",1,"Gavin","D.G.",NA,NA,NA,NA,NA,NA,NA,NA,NA,"RPDv1b:2067",1112,"RPDv1b",2067,17619,0,0,"m",NA,"Top of core known","-888888",NA,5,0,NA,"-888888",TRUE,NA,"NA Date is calibrated.","Yahoo Lake core_SIEVED","counted","150-500",NA,NA,"",0,-5,5,0,0,NA,"NA Date is calibrated.",". Cal curve: NA. Source DB: RPDv1b","Lacustrine","","Core top",-43,14615.48,"Calibrated radiocarbon years BP","sedimentary charcoal","Data Sourcing: RPDv1b","Sample Age Source: GCDv4"
"1112",47,"charcoal | 150-500um num",61,61.5,62,1,2225.36,NA,NA,"GCDv4","Charcoal (sum)","150-500 µm",150,500,"False","False","number","Macroscopic charcoal (sieved)","direct",NA,"CHAR",52,NA,NA,"quant_raw",5,"volume","ml","RPDv1b","2067","charcoal","count","macrochar","wet_sieve","particle","150-500um num",NA,"150-500um","num","RPDv1b","measured",1,"RPDv1b","ELEMENT=150-500 µm","Yahoo Lake core",47.683333,-124.016667,710,"north","USA",NA,"sedlac",1112,1,2013,"Gavin, D.G., Brubaker, L.B., Greenwald, D.N., 2013. Postglacial climate and fire-mediated vegetation change on the western Olympic Peninsula, Washington (USA). Ecological Monographs 83, 471–489.","Postglacial climate and fire-mediated vegetation change on the western Olympic Peninsula, Washington (USA)","Ecological Monographs",83,NA,"471-489",NA,"10.1890/12-1742.1",NA,NA,NA,NA,NA,NA,NA,NA,NA,NA,NA,NA,NA,"RPDv1b:2067",1112,"Gavin, D.G.",1,"Gavin","D.G.",NA,NA,NA,NA,NA,NA,NA,NA,NA,"RPDv1b:2067",1112,"RPDv1b",2067,17619,0,0,"m",NA,"Top of core known","-888888",NA,5,0,NA,"-888888",TRUE,NA,"NA Date is calibrated.","Yahoo Lake core_SIEVED","counted","150-500",NA,NA,"",0,-5,5,0,0,NA,"NA Date is calibrated.",". Cal curve: NA. Source DB: RPDv1b","Lacustrine","","Core top",-43,14615.48,"Calibrated radiocarbon years BP","sedimentary charcoal","Data Sourcing: RPDv1b","Sample Age Source: GCDv4"
"1112",48,"charcoal | 150-500um num",62,62.5,63,1,2261.62,NA,NA,"GCDv4","Charcoal (sum)","150-500 µm",150,500,"False","False","number","Macroscopic charcoal (sieved)","direct",NA,"CHAR",53,NA,NA,"quant_raw",4.8,"volume","ml","RPDv1b","2067","charcoal","count","macrochar","wet_sieve","particle","150-500um num",NA,"150-500um","num","RPDv1b","measured",1,"RPDv1b","ELEMENT=150-500 µm","Yahoo Lake core",47.683333,-124.016667,710,"north","USA",NA,"sedlac",1112,1,2013,"Gavin, D.G., Brubaker, L.B., Greenwald, D.N., 2013. Postglacial climate and fire-mediated vegetation change on the western Olympic Peninsula, Washington (USA). Ecological Monographs 83, 471–489.","Postglacial climate and fire-mediated vegetation change on the western Olympic Peninsula, Washington (USA)","Ecological Monographs",83,NA,"471-489",NA,"10.1890/12-1742.1",NA,NA,NA,NA,NA,NA,NA,NA,NA,NA,NA,NA,NA,"RPDv1b:2067",1112,"Gavin, D.G.",1,"Gavin","D.G.",NA,NA,NA,NA,NA,NA,NA,NA,NA,"RPDv1b:2067",1112,"RPDv1b",2067,17619,0,0,"m",NA,"Top of core known","-888888",NA,5,0,NA,"-888888",TRUE,NA,"NA Date is calibrated.","Yahoo Lake core_SIEVED","counted","150-500",NA,NA,"",0,-5,5,0,0,NA,"NA Date is calibrated.",". Cal curve: NA. Source DB: RPDv1b","Lacustrine","","Core top",-43,14615.48,"Calibrated radiocarbon years BP","sedimentary charcoal","Data Sourcing: RPDv1b","Sample Age Source: GCDv4"
"1112",49,"charcoal | 150-500um num",63,63.5,64,1,2297.84,NA,NA,"GCDv4","Charcoal (sum)","150-500 µm",150,500,"False","False","number","Macroscopic charcoal (sieved)","direct",NA,"CHAR",52,NA,NA,"quant_raw",5,"volume","ml","RPDv1b","2067","charcoal","count","macrochar","wet_sieve","particle","150-500um num",NA,"150-500um","num","RPDv1b","measured",1,"RPDv1b","ELEMENT=150-500 µm","Yahoo Lake core",47.683333,-124.016667,710,"north","USA",NA,"sedlac",1112,1,2013,"Gavin, D.G., Brubaker, L.B., Greenwald, D.N., 2013. Postglacial climate and fire-mediated vegetation change on the western Olympic Peninsula, Washington (USA). Ecological Monographs 83, 471–489.","Postglacial climate and fire-mediated vegetation change on the western Olympic Peninsula, Washington (USA)","Ecological Monographs",83,NA,"471-489",NA,"10.1890/12-1742.1",NA,NA,NA,NA,NA,NA,NA,NA,NA,NA,NA,NA,NA,"RPDv1b:2067",1112,"Gavin, D.G.",1,"Gavin","D.G.",NA,NA,NA,NA,NA,NA,NA,NA,NA,"RPDv1b:2067",1112,"RPDv1b",2067,17619,0,0,"m",NA,"Top of core known","-888888",NA,5,0,NA,"-888888",TRUE,NA,"NA Date is calibrated.","Yahoo Lake core_SIEVED","counted","150-500",NA,NA,"",0,-5,5,0,0,NA,"NA Date is calibrated.",". Cal curve: NA. Source DB: RPDv1b","Lacustrine","","Core top",-43,14615.48,"Calibrated radiocarbon years BP","sedimentary charcoal","Data Sourcing: RPDv1b","Sample Age Source: GCDv4"
"1112",50,"charcoal | 150-500um num",64,64.5,65,1,2334.01,NA,NA,"GCDv4","Charcoal (sum)","150-500 µm",150,500,"False","False","number","Macroscopic charcoal (sieved)","direct",NA,"CHAR",31,NA,NA,"quant_raw",3.6,"volume","ml","RPDv1b","2067","charcoal","count","macrochar","wet_sieve","particle","150-500um num",NA,"150-500um","num","RPDv1b","measured",1,"RPDv1b","ELEMENT=150-500 µm","Yahoo Lake core",47.683333,-124.016667,710,"north","USA",NA,"sedlac",1112,1,2013,"Gavin, D.G., Brubaker, L.B., Greenwald, D.N., 2013. Postglacial climate and fire-mediated vegetation change on the western Olympic Peninsula, Washington (USA). Ecological Monographs 83, 471–489.","Postglacial climate and fire-mediated vegetation change on the western Olympic Peninsula, Washington (USA)","Ecological Monographs",83,NA,"471-489",NA,"10.1890/12-1742.1",NA,NA,NA,NA,NA,NA,NA,NA,NA,NA,NA,NA,NA,"RPDv1b:2067",1112,"Gavin, D.G.",1,"Gavin","D.G.",NA,NA,NA,NA,NA,NA,NA,NA,NA,"RPDv1b:2067",1112,"RPDv1b",2067,17619,0,0,"m",NA,"Top of core known","-888888",NA,5,0,NA,"-888888",TRUE,NA,"NA Date is calibrated.","Yahoo Lake core_SIEVED","counted","150-500",NA,NA,"",0,-5,5,0,0,NA,"NA Date is calibrated.",". Cal curve: NA. Source DB: RPDv1b","Lacustrine","","Core top",-43,14615.48,"Calibrated radiocarbon years BP","sedimentary charcoal","Data Sourcing: RPDv1b","Sample Age Source: GCDv4"
"1112",55,"charcoal | 150-500um num",69,69.5,70,1,2514.17,NA,NA,"GCDv4","Charcoal (sum)","150-500 µm",150,500,"False","False","number","Macroscopic charcoal (sieved)","direct",NA,"CHAR",2,NA,NA,"quant_raw",1.3,"volume","ml","RPDv1b","2067","charcoal","count","macrochar","wet_sieve","particle","150-500um num",NA,"150-500um","num","RPDv1b","measured",1,"RPDv1b","ELEMENT=150-500 µm","Yahoo Lake core",47.683333,-124.016667,710,"north","USA",NA,"sedlac",1112,1,2013,"Gavin, D.G., Brubaker, L.B., Greenwald, D.N., 2013. Postglacial climate and fire-mediated vegetation change on the western Olympic Peninsula, Washington (USA). Ecological Monographs 83, 471–489.","Postglacial climate and fire-mediated vegetation change on the western Olympic Peninsula, Washington (USA)","Ecological Monographs",83,NA,"471-489",NA,"10.1890/12-1742.1",NA,NA,NA,NA,NA,NA,NA,NA,NA,NA,NA,NA,NA,"RPDv1b:2067",1112,"Gavin, D.G.",1,"Gavin","D.G.",NA,NA,NA,NA,NA,NA,NA,NA,NA,"RPDv1b:2067",1112,"RPDv1b",2067,17619,0,0,"m",NA,"Top of core known","-888888",NA,5,0,NA,"-888888",TRUE,NA,"NA Date is calibrated.","Yahoo Lake core_SIEVED","counted","150-500",NA,NA,"",0,-5,5,0,0,NA,"NA Date is calibrated.",". Cal curve: NA. Source DB: RPDv1b","Lacustrine","","Core top",-43,14615.48,"Calibrated radiocarbon years BP","sedimentary charcoal","Data Sourcing: RPDv1b","Sample Age Source: GCDv4"
"1112",56,"charcoal | 150-500um num",70,70.5,71,1,2550.05,NA,NA,"GCDv4","Charcoal (sum)","150-500 µm",150,500,"False","False","number","Macroscopic charcoal (sieved)","direct",NA,"CHAR",9,NA,NA,"quant_raw",1.2,"volume","ml","RPDv1b","2067","charcoal","count","macrochar","wet_sieve","particle","150-500um num",NA,"150-500um","num","RPDv1b","measured",1,"RPDv1b","ELEMENT=150-500 µm","Yahoo Lake core",47.683333,-124.016667,710,"north","USA",NA,"sedlac",1112,1,2013,"Gavin, D.G., Brubaker, L.B., Greenwald, D.N., 2013. Postglacial climate and fire-mediated vegetation change on the western Olympic Peninsula, Washington (USA). Ecological Monographs 83, 471–489.","Postglacial climate and fire-mediated vegetation change on the western Olympic Peninsula, Washington (USA)","Ecological Monographs",83,NA,"471-489",NA,"10.1890/12-1742.1",NA,NA,NA,NA,NA,NA,NA,NA,NA,NA,NA,NA,NA,"RPDv1b:2067",1112,"Gavin, D.G.",1,"Gavin","D.G.",NA,NA,NA,NA,NA,NA,NA,NA,NA,"RPDv1b:2067",1112,"RPDv1b",2067,17619,0,0,"m",NA,"Top of core known","-888888",NA,5,0,NA,"-888888",TRUE,NA,"NA Date is calibrated.","Yahoo Lake core_SIEVED","counted","150-500",NA,NA,"",0,-5,5,0,0,NA,"NA Date is calibrated.",". Cal curve: NA. Source DB: RPDv1b","Lacustrine","","Core top",-43,14615.48,"Calibrated radiocarbon years BP","sedimentary charcoal","Data Sourcing: RPDv1b","Sample Age Source: GCDv4"
"1112",57,"charcoal | 150-500um num",71,71.5,72,1,2585.88,NA,NA,"GCDv4","Charcoal (sum)","150-500 µm",150,500,"False","False","number","Macroscopic charcoal (sieved)","direct",NA,"CHAR",5,NA,NA,"quant_raw",1.6,"volume","ml","RPDv1b","2067","charcoal","count","macrochar","wet_sieve","particle","150-500um num",NA,"150-500um","num","RPDv1b","measured",1,"RPDv1b","ELEMENT=150-500 µm","Yahoo Lake core",47.683333,-124.016667,710,"north","USA",NA,"sedlac",1112,1,2013,"Gavin, D.G., Brubaker, L.B., Greenwald, D.N., 2013. Postglacial climate and fire-mediated vegetation change on the western Olympic Peninsula, Washington (USA). Ecological Monographs 83, 471–489.","Postglacial climate and fire-mediated vegetation change on the western Olympic Peninsula, Washington (USA)","Ecological Monographs",83,NA,"471-489",NA,"10.1890/12-1742.1",NA,NA,NA,NA,NA,NA,NA,NA,NA,NA,NA,NA,NA,"RPDv1b:2067",1112,"Gavin, D.G.",1,"Gavin","D.G.",NA,NA,NA,NA,NA,NA,NA,NA,NA,"RPDv1b:2067",1112,"RPDv1b",2067,17619,0,0,"m",NA,"Top of core known","-888888",NA,5,0,NA,"-888888",TRUE,NA,"NA Date is calibrated.","Yahoo Lake core_SIEVED","counted","150-500",NA,NA,"",0,-5,5,0,0,NA,"NA Date is calibrated.",". Cal curve: NA. Source DB: RPDv1b","Lacustrine","","Core top",-43,14615.48,"Calibrated radiocarbon years BP","sedimentary charcoal","Data Sourcing: RPDv1b","Sample Age Source: GCDv4"
"1112",58,"charcoal | 150-500um num",72,72.5,73,1,2621.66,NA,NA,"GCDv4","Charcoal (sum)","150-500 µm",150,500,"False","False","number","Macroscopic charcoal (sieved)","direct",NA,"CHAR",10,NA,NA,"quant_raw",4.2,"volume","ml","RPDv1b","2067","charcoal","count","macrochar","wet_sieve","particle","150-500um num",NA,"150-500um","num","RPDv1b","measured",1,"RPDv1b","ELEMENT=150-500 µm","Yahoo Lake core",47.683333,-124.016667,710,"north","USA",NA,"sedlac",1112,1,2013,"Gavin, D.G., Brubaker, L.B., Greenwald, D.N., 2013. Postglacial climate and fire-mediated vegetation change on the western Olympic Peninsula, Washington (USA). Ecological Monographs 83, 471–489.","Postglacial climate and fire-mediated vegetation change on the western Olympic Peninsula, Washington (USA)","Ecological Monographs",83,NA,"471-489",NA,"10.1890/12-1742.1",NA,NA,NA,NA,NA,NA,NA,NA,NA,NA,NA,NA,NA,"RPDv1b:2067",1112,"Gavin, D.G.",1,"Gavin","D.G.",NA,NA,NA,NA,NA,NA,NA,NA,NA,"RPDv1b:2067",1112,"RPDv1b",2067,17619,0,0,"m",NA,"Top of core known","-888888",NA,5,0,NA,"-888888",TRUE,NA,"NA Date is calibrated.","Yahoo Lake core_SIEVED","counted","150-500",NA,NA,"",0,-5,5,0,0,NA,"NA Date is calibrated.",". Cal curve: NA. Source DB: RPDv1b","Lacustrine","","Core top",-43,14615.48,"Calibrated radiocarbon years BP","sedimentary charcoal","Data Sourcing: RPDv1b","Sample Age Source: GCDv4"
"1112",59,"charcoal | 150-500um num",73,73.5,74,1,2657.39,NA,NA,"GCDv4","Charcoal (sum)","150-500 µm",150,500,"False","False","number","Macroscopic charcoal (sieved)","direct",NA,"CHAR",7,NA,NA,"quant_raw",4.1,"volume","ml","RPDv1b","2067","charcoal","count","macrochar","wet_sieve","particle","150-500um num",NA,"150-500um","num","RPDv1b","measured",1,"RPDv1b","ELEMENT=150-500 µm","Yahoo Lake core",47.683333,-124.016667,710,"north","USA",NA,"sedlac",1112,1,2013,"Gavin, D.G., Brubaker, L.B., Greenwald, D.N., 2013. Postglacial climate and fire-mediated vegetation change on the western Olympic Peninsula, Washington (USA). Ecological Monographs 83, 471–489.","Postglacial climate and fire-mediated vegetation change on the western Olympic Peninsula, Washington (USA)","Ecological Monographs",83,NA,"471-489",NA,"10.1890/12-1742.1",NA,NA,NA,NA,NA,NA,NA,NA,NA,NA,NA,NA,NA,"RPDv1b:2067",1112,"Gavin, D.G.",1,"Gavin","D.G.",NA,NA,NA,NA,NA,NA,NA,NA,NA,"RPDv1b:2067",1112,"RPDv1b",2067,17619,0,0,"m",NA,"Top of core known","-888888",NA,5,0,NA,"-888888",TRUE,NA,"NA Date is calibrated.","Yahoo Lake core_SIEVED","counted","150-500",NA,NA,"",0,-5,5,0,0,NA,"NA Date is calibrated.",". Cal curve: NA. Source DB: RPDv1b","Lacustrine","","Core top",-43,14615.48,"Calibrated radiocarbon years BP","sedimentary charcoal","Data Sourcing: RPDv1b","Sample Age Source: GCDv4"
"1112",60,"charcoal | 150-500um num",74,74.5,75,1,2693.07,NA,NA,"GCDv4","Charcoal (sum)","150-500 µm",150,500,"False","False","number","Macroscopic charcoal (sieved)","direct",NA,"CHAR",16,NA,NA,"quant_raw",5,"volume","ml","RPDv1b","2067","charcoal","count","macrochar","wet_sieve","particle","150-500um num",NA,"150-500um","num","RPDv1b","measured",1,"RPDv1b","ELEMENT=150-500 µm","Yahoo Lake core",47.683333,-124.016667,710,"north","USA",NA,"sedlac",1112,1,2013,"Gavin, D.G., Brubaker, L.B., Greenwald, D.N., 2013. Postglacial climate and fire-mediated vegetation change on the western Olympic Peninsula, Washington (USA). Ecological Monographs 83, 471–489.","Postglacial climate and fire-mediated vegetation change on the western Olympic Peninsula, Washington (USA)","Ecological Monographs",83,NA,"471-489",NA,"10.1890/12-1742.1",NA,NA,NA,NA,NA,NA,NA,NA,NA,NA,NA,NA,NA,"RPDv1b:2067",1112,"Gavin, D.G.",1,"Gavin","D.G.",NA,NA,NA,NA,NA,NA,NA,NA,NA,"RPDv1b:2067",1112,"RPDv1b",2067,17619,0,0,"m",NA,"Top of core known","-888888",NA,5,0,NA,"-888888",TRUE,NA,"NA Date is calibrated.","Yahoo Lake core_SIEVED","counted","150-500",NA,NA,"",0,-5,5,0,0,NA,"NA Date is calibrated.",". Cal curve: NA. Source DB: RPDv1b","Lacustrine","","Core top",-43,14615.48,"Calibrated radiocarbon years BP","sedimentary charcoal","Data Sourcing: RPDv1b","Sample Age Source: GCDv4"
"1112",61,"charcoal | 150-500um num",75,75.5,76,1,2728.69,NA,NA,"GCDv4","Charcoal (sum)","150-500 µm",150,500,"False","False","number","Macroscopic charcoal (sieved)","direct",NA,"CHAR",7,NA,NA,"quant_raw",5,"volume","ml","RPDv1b","2067","charcoal","count","macrochar","wet_sieve","particle","150-500um num",NA,"150-500um","num","RPDv1b","measured",1,"RPDv1b","ELEMENT=150-500 µm","Yahoo Lake core",47.683333,-124.016667,710,"north","USA",NA,"sedlac",1112,1,2013,"Gavin, D.G., Brubaker, L.B., Greenwald, D.N., 2013. Postglacial climate and fire-mediated vegetation change on the western Olympic Peninsula, Washington (USA). Ecological Monographs 83, 471–489.","Postglacial climate and fire-mediated vegetation change on the western Olympic Peninsula, Washington (USA)","Ecological Monographs",83,NA,"471-489",NA,"10.1890/12-1742.1",NA,NA,NA,NA,NA,NA,NA,NA,NA,NA,NA,NA,NA,"RPDv1b:2067",1112,"Gavin, D.G.",1,"Gavin","D.G.",NA,NA,NA,NA,NA,NA,NA,NA,NA,"RPDv1b:2067",1112,"RPDv1b",2067,17619,0,0,"m",NA,"Top of core known","-888888",NA,5,0,NA,"-888888",TRUE,NA,"NA Date is calibrated.","Yahoo Lake core_SIEVED","counted","150-500",NA,NA,"",0,-5,5,0,0,NA,"NA Date is calibrated.",". Cal curve: NA. Source DB: RPDv1b","Lacustrine","","Core top",-43,14615.48,"Calibrated radiocarbon years BP","sedimentary charcoal","Data Sourcing: RPDv1b","Sample Age Source: GCDv4"
"1112",62,"charcoal | 150-500um num",76,76.5,77,1,2764.26,NA,NA,"GCDv4","Charcoal (sum)","150-500 µm",150,500,"False","False","number","Macroscopic charcoal (sieved)","direct",NA,"CHAR",12,NA,NA,"quant_raw",5,"volume","ml","RPDv1b","2067","charcoal","count","macrochar","wet_sieve","particle","150-500um num",NA,"150-500um","num","RPDv1b","measured",1,"RPDv1b","ELEMENT=150-500 µm","Yahoo Lake core",47.683333,-124.016667,710,"north","USA",NA,"sedlac",1112,1,2013,"Gavin, D.G., Brubaker, L.B., Greenwald, D.N., 2013. Postglacial climate and fire-mediated vegetation change on the western Olympic Peninsula, Washington (USA). Ecological Monographs 83, 471–489.","Postglacial climate and fire-mediated vegetation change on the western Olympic Peninsula, Washington (USA)","Ecological Monographs",83,NA,"471-489",NA,"10.1890/12-1742.1",NA,NA,NA,NA,NA,NA,NA,NA,NA,NA,NA,NA,NA,"RPDv1b:2067",1112,"Gavin, D.G.",1,"Gavin","D.G.",NA,NA,NA,NA,NA,NA,NA,NA,NA,"RPDv1b:2067",1112,"RPDv1b",2067,17619,0,0,"m",NA,"Top of core known","-888888",NA,5,0,NA,"-888888",TRUE,NA,"NA Date is calibrated.","Yahoo Lake core_SIEVED","counted","150-500",NA,NA,"",0,-5,5,0,0,NA,"NA Date is calibrated.",". Cal curve: NA. Source DB: RPDv1b","Lacustrine","","Core top",-43,14615.48,"Calibrated radiocarbon years BP","sedimentary charcoal","Data Sourcing: RPDv1b","Sample Age Source: GCDv4"
"1112",63,"charcoal | 150-500um num",77,77.5,78,1,2799.77,NA,NA,"GCDv4","Charcoal (sum)","150-500 µm",150,500,"False","False","number","Macroscopic charcoal (sieved)","direct",NA,"CHAR",13,NA,NA,"quant_raw",5,"volume","ml","RPDv1b","2067","charcoal","count","macrochar","wet_sieve","particle","150-500um num",NA,"150-500um","num","RPDv1b","measured",1,"RPDv1b","ELEMENT=150-500 µm","Yahoo Lake core",47.683333,-124.016667,710,"north","USA",NA,"sedlac",1112,1,2013,"Gavin, D.G., Brubaker, L.B., Greenwald, D.N., 2013. Postglacial climate and fire-mediated vegetation change on the western Olympic Peninsula, Washington (USA). Ecological Monographs 83, 471–489.","Postglacial climate and fire-mediated vegetation change on the western Olympic Peninsula, Washington (USA)","Ecological Monographs",83,NA,"471-489",NA,"10.1890/12-1742.1",NA,NA,NA,NA,NA,NA,NA,NA,NA,NA,NA,NA,NA,"RPDv1b:2067",1112,"Gavin, D.G.",1,"Gavin","D.G.",NA,NA,NA,NA,NA,NA,NA,NA,NA,"RPDv1b:2067",1112,"RPDv1b",2067,17619,0,0,"m",NA,"Top of core known","-888888",NA,5,0,NA,"-888888",TRUE,NA,"NA Date is calibrated.","Yahoo Lake core_SIEVED","counted","150-500",NA,NA,"",0,-5,5,0,0,NA,"NA Date is calibrated.",". Cal curve: NA. Source DB: RPDv1b","Lacustrine","","Core top",-43,14615.48,"Calibrated radiocarbon years BP","sedimentary charcoal","Data Sourcing: RPDv1b","Sample Age Source: GCDv4"
"1112",64,"charcoal | 150-500um num",78,78.5,79,1,2835.23,NA,NA,"GCDv4","Charcoal (sum)","150-500 µm",150,500,"False","False","number","Macroscopic charcoal (sieved)","direct",NA,"CHAR",17,NA,NA,"quant_raw",5,"volume","ml","RPDv1b","2067","charcoal","count","macrochar","wet_sieve","particle","150-500um num",NA,"150-500um","num","RPDv1b","measured",1,"RPDv1b","ELEMENT=150-500 µm","Yahoo Lake core",47.683333,-124.016667,710,"north","USA",NA,"sedlac",1112,1,2013,"Gavin, D.G., Brubaker, L.B., Greenwald, D.N., 2013. Postglacial climate and fire-mediated vegetation change on the western Olympic Peninsula, Washington (USA). Ecological Monographs 83, 471–489.","Postglacial climate and fire-mediated vegetation change on the western Olympic Peninsula, Washington (USA)","Ecological Monographs",83,NA,"471-489",NA,"10.1890/12-1742.1",NA,NA,NA,NA,NA,NA,NA,NA,NA,NA,NA,NA,NA,"RPDv1b:2067",1112,"Gavin, D.G.",1,"Gavin","D.G.",NA,NA,NA,NA,NA,NA,NA,NA,NA,"RPDv1b:2067",1112,"RPDv1b",2067,17619,0,0,"m",NA,"Top of core known","-888888",NA,5,0,NA,"-888888",TRUE,NA,"NA Date is calibrated.","Yahoo Lake core_SIEVED","counted","150-500",NA,NA,"",0,-5,5,0,0,NA,"NA Date is calibrated.",". Cal curve: NA. Source DB: RPDv1b","Lacustrine","","Core top",-43,14615.48,"Calibrated radiocarbon years BP","sedimentary charcoal","Data Sourcing: RPDv1b","Sample Age Source: GCDv4"
"1112",65,"charcoal | 150-500um num",79,79.5,80,1,2870.63,NA,NA,"GCDv4","Charcoal (sum)","150-500 µm",150,500,"False","False","number","Macroscopic charcoal (sieved)","direct",NA,"CHAR",7,NA,NA,"quant_raw",4.6,"volume","ml","RPDv1b","2067","charcoal","count","macrochar","wet_sieve","particle","150-500um num",NA,"150-500um","num","RPDv1b","measured",1,"RPDv1b","ELEMENT=150-500 µm","Yahoo Lake core",47.683333,-124.016667,710,"north","USA",NA,"sedlac",1112,1,2013,"Gavin, D.G., Brubaker, L.B., Greenwald, D.N., 2013. Postglacial climate and fire-mediated vegetation change on the western Olympic Peninsula, Washington (USA). Ecological Monographs 83, 471–489.","Postglacial climate and fire-mediated vegetation change on the western Olympic Peninsula, Washington (USA)","Ecological Monographs",83,NA,"471-489",NA,"10.1890/12-1742.1",NA,NA,NA,NA,NA,NA,NA,NA,NA,NA,NA,NA,NA,"RPDv1b:2067",1112,"Gavin, D.G.",1,"Gavin","D.G.",NA,NA,NA,NA,NA,NA,NA,NA,NA,"RPDv1b:2067",1112,"RPDv1b",2067,17619,0,0,"m",NA,"Top of core known","-888888",NA,5,0,NA,"-888888",TRUE,NA,"NA Date is calibrated.","Yahoo Lake core_SIEVED","counted","150-500",NA,NA,"",0,-5,5,0,0,NA,"NA Date is calibrated.",". Cal curve: NA. Source DB: RPDv1b","Lacustrine","","Core top",-43,14615.48,"Calibrated radiocarbon years BP","sedimentary charcoal","Data Sourcing: RPDv1b","Sample Age Source: GCDv4"
"1112",66,"charcoal | 150-500um num",80,80.5,81,1,2905.97,NA,NA,"GCDv4","Charcoal (sum)","150-500 µm",150,500,"False","False","number","Macroscopic charcoal (sieved)","direct",NA,"CHAR",12,NA,NA,"quant_raw",5,"volume","ml","RPDv1b","2067","charcoal","count","macrochar","wet_sieve","particle","150-500um num",NA,"150-500um","num","RPDv1b","measured",1,"RPDv1b","ELEMENT=150-500 µm","Yahoo Lake core",47.683333,-124.016667,710,"north","USA",NA,"sedlac",1112,1,2013,"Gavin, D.G., Brubaker, L.B., Greenwald, D.N., 2013. Postglacial climate and fire-mediated vegetation change on the western Olympic Peninsula, Washington (USA). Ecological Monographs 83, 471–489.","Postglacial climate and fire-mediated vegetation change on the western Olympic Peninsula, Washington (USA)","Ecological Monographs",83,NA,"471-489",NA,"10.1890/12-1742.1",NA,NA,NA,NA,NA,NA,NA,NA,NA,NA,NA,NA,NA,"RPDv1b:2067",1112,"Gavin, D.G.",1,"Gavin","D.G.",NA,NA,NA,NA,NA,NA,NA,NA,NA,"RPDv1b:2067",1112,"RPDv1b",2067,17619,0,0,"m",NA,"Top of core known","-888888",NA,5,0,NA,"-888888",TRUE,NA,"NA Date is calibrated.","Yahoo Lake core_SIEVED","counted","150-500",NA,NA,"",0,-5,5,0,0,NA,"NA Date is calibrated.",". Cal curve: NA. Source DB: RPDv1b","Lacustrine","","Core top",-43,14615.48,"Calibrated radiocarbon years BP","sedimentary charcoal","Data Sourcing: RPDv1b","Sample Age Source: GCDv4"
"1112",67,"charcoal | 150-500um num",81,81.5,82,1,2941.26,NA,NA,"GCDv4","Charcoal (sum)","150-500 µm",150,500,"False","False","number","Macroscopic charcoal (sieved)","direct",NA,"CHAR",8,NA,NA,"quant_raw",5,"volume","ml","RPDv1b","2067","charcoal","count","macrochar","wet_sieve","particle","150-500um num",NA,"150-500um","num","RPDv1b","measured",1,"RPDv1b","ELEMENT=150-500 µm","Yahoo Lake core",47.683333,-124.016667,710,"north","USA",NA,"sedlac",1112,1,2013,"Gavin, D.G., Brubaker, L.B., Greenwald, D.N., 2013. Postglacial climate and fire-mediated vegetation change on the western Olympic Peninsula, Washington (USA). Ecological Monographs 83, 471–489.","Postglacial climate and fire-mediated vegetation change on the western Olympic Peninsula, Washington (USA)","Ecological Monographs",83,NA,"471-489",NA,"10.1890/12-1742.1",NA,NA,NA,NA,NA,NA,NA,NA,NA,NA,NA,NA,NA,"RPDv1b:2067",1112,"Gavin, D.G.",1,"Gavin","D.G.",NA,NA,NA,NA,NA,NA,NA,NA,NA,"RPDv1b:2067",1112,"RPDv1b",2067,17620,110,1.1,"m",0.02,"AMS","terrestrial plant macrofossil",3620,60,NA,NA,"CAMS-35107",TRUE,NA,"NA Date is in uncalibrated radiocarbon years.","Yahoo Lake core_SIEVED","counted","150-500",NA,NA,"",3620,3560,3680,3620,110,0.02,"NA Date is in uncalibrated radiocarbon years.",". Cal curve: NA. Source DB: RPDv1b","Lacustrine","Carbon-14","Radiocarbon",-43,14615.48,"Calibrated radiocarbon years BP","sedimentary charcoal","Data Sourcing: RPDv1b","Sample Age Source: GCDv4"
"1112",68,"charcoal | 150-500um num",82,82.5,83,1,2976.48,NA,NA,"GCDv4","Charcoal (sum)","150-500 µm",150,500,"False","False","number","Macroscopic charcoal (sieved)","direct",NA,"CHAR",10,NA,NA,"quant_raw",4.8,"volume","ml","RPDv1b","2067","charcoal","count","macrochar","wet_sieve","particle","150-500um num",NA,"150-500um","num","RPDv1b","measured",1,"RPDv1b","ELEMENT=150-500 µm","Yahoo Lake core",47.683333,-124.016667,710,"north","USA",NA,"sedlac",1112,1,2013,"Gavin, D.G., Brubaker, L.B., Greenwald, D.N., 2013. Postglacial climate and fire-mediated vegetation change on the western Olympic Peninsula, Washington (USA). Ecological Monographs 83, 471–489.","Postglacial climate and fire-mediated vegetation change on the western Olympic Peninsula, Washington (USA)","Ecological Monographs",83,NA,"471-489",NA,"10.1890/12-1742.1",NA,NA,NA,NA,NA,NA,NA,NA,NA,NA,NA,NA,NA,"RPDv1b:2067",1112,"Gavin, D.G.",1,"Gavin","D.G.",NA,NA,NA,NA,NA,NA,NA,NA,NA,"RPDv1b:2067",1112,"RPDv1b",2067,17620,110,1.1,"m",0.02,"AMS","terrestrial plant macrofossil",3620,60,NA,NA,"CAMS-35107",TRUE,NA,"NA Date is in uncalibrated radiocarbon years.","Yahoo Lake core_SIEVED","counted","150-500",NA,NA,"",3620,3560,3680,3620,110,0.02,"NA Date is in uncalibrated radiocarbon years.",". Cal curve: NA. Source DB: RPDv1b","Lacustrine","Carbon-14","Radiocarbon",-43,14615.48,"Calibrated radiocarbon years BP","sedimentary charcoal","Data Sourcing: RPDv1b","Sample Age Source: GCDv4"
"1112",69,"charcoal | 150-500um num",83,83.5,84,1,3011.65,NA,NA,"GCDv4","Charcoal (sum)","150-500 µm",150,500,"False","False","number","Macroscopic charcoal (sieved)","direct",NA,"CHAR",6,NA,NA,"quant_raw",4.6,"volume","ml","RPDv1b","2067","charcoal","count","macrochar","wet_sieve","particle","150-500um num",NA,"150-500um","num","RPDv1b","measured",1,"RPDv1b","ELEMENT=150-500 µm","Yahoo Lake core",47.683333,-124.016667,710,"north","USA",NA,"sedlac",1112,1,2013,"Gavin, D.G., Brubaker, L.B., Greenwald, D.N., 2013. Postglacial climate and fire-mediated vegetation change on the western Olympic Peninsula, Washington (USA). Ecological Monographs 83, 471–489.","Postglacial climate and fire-mediated vegetation change on the western Olympic Peninsula, Washington (USA)","Ecological Monographs",83,NA,"471-489",NA,"10.1890/12-1742.1",NA,NA,NA,NA,NA,NA,NA,NA,NA,NA,NA,NA,NA,"RPDv1b:2067",1112,"Gavin, D.G.",1,"Gavin","D.G.",NA,NA,NA,NA,NA,NA,NA,NA,NA,"RPDv1b:2067",1112,"RPDv1b",2067,17620,110,1.1,"m",0.02,"AMS","terrestrial plant macrofossil",3620,60,NA,NA,"CAMS-35107",TRUE,NA,"NA Date is in uncalibrated radiocarbon years.","Yahoo Lake core_SIEVED","counted","150-500",NA,NA,"",3620,3560,3680,3620,110,0.02,"NA Date is in uncalibrated radiocarbon years.",". Cal curve: NA. Source DB: RPDv1b","Lacustrine","Carbon-14","Radiocarbon",-43,14615.48,"Calibrated radiocarbon years BP","sedimentary charcoal","Data Sourcing: RPDv1b","Sample Age Source: GCDv4"
"1112",70,"charcoal | 150-500um num",84,84.5,85,1,3046.75,NA,NA,"GCDv4","Charcoal (sum)","150-500 µm",150,500,"False","False","number","Macroscopic charcoal (sieved)","direct",NA,"CHAR",5,NA,NA,"quant_raw",4.8,"volume","ml","RPDv1b","2067","charcoal","count","macrochar","wet_sieve","particle","150-500um num",NA,"150-500um","num","RPDv1b","measured",1,"RPDv1b","ELEMENT=150-500 µm","Yahoo Lake core",47.683333,-124.016667,710,"north","USA",NA,"sedlac",1112,1,2013,"Gavin, D.G., Brubaker, L.B., Greenwald, D.N., 2013. Postglacial climate and fire-mediated vegetation change on the western Olympic Peninsula, Washington (USA). Ecological Monographs 83, 471–489.","Postglacial climate and fire-mediated vegetation change on the western Olympic Peninsula, Washington (USA)","Ecological Monographs",83,NA,"471-489",NA,"10.1890/12-1742.1",NA,NA,NA,NA,NA,NA,NA,NA,NA,NA,NA,NA,NA,"RPDv1b:2067",1112,"Gavin, D.G.",1,"Gavin","D.G.",NA,NA,NA,NA,NA,NA,NA,NA,NA,"RPDv1b:2067",1112,"RPDv1b",2067,17620,110,1.1,"m",0.02,"AMS","terrestrial plant macrofossil",3620,60,NA,NA,"CAMS-35107",TRUE,NA,"NA Date is in uncalibrated radiocarbon years.","Yahoo Lake core_SIEVED","counted","150-500",NA,NA,"",3620,3560,3680,3620,110,0.02,"NA Date is in uncalibrated radiocarbon years.",". Cal curve: NA. Source DB: RPDv1b","Lacustrine","Carbon-14","Radiocarbon",-43,14615.48,"Calibrated radiocarbon years BP","sedimentary charcoal","Data Sourcing: RPDv1b","Sample Age Source: GCDv4"
"1112",71,"charcoal | 150-500um num",85,85.5,86,1,3081.8,NA,NA,"GCDv4","Charcoal (sum)","150-500 µm",150,500,"False","False","number","Macroscopic charcoal (sieved)","direct",NA,"CHAR",8,NA,NA,"quant_raw",5,"volume","ml","RPDv1b","2067","charcoal","count","macrochar","wet_sieve","particle","150-500um num",NA,"150-500um","num","RPDv1b","measured",1,"RPDv1b","ELEMENT=150-500 µm","Yahoo Lake core",47.683333,-124.016667,710,"north","USA",NA,"sedlac",1112,1,2013,"Gavin, D.G., Brubaker, L.B., Greenwald, D.N., 2013. Postglacial climate and fire-mediated vegetation change on the western Olympic Peninsula, Washington (USA). Ecological Monographs 83, 471–489.","Postglacial climate and fire-mediated vegetation change on the western Olympic Peninsula, Washington (USA)","Ecological Monographs",83,NA,"471-489",NA,"10.1890/12-1742.1",NA,NA,NA,NA,NA,NA,NA,NA,NA,NA,NA,NA,NA,"RPDv1b:2067",1112,"Gavin, D.G.",1,"Gavin","D.G.",NA,NA,NA,NA,NA,NA,NA,NA,NA,"RPDv1b:2067",1112,"RPDv1b",2067,17620,110,1.1,"m",0.02,"AMS","terrestrial plant macrofossil",3620,60,NA,NA,"CAMS-35107",TRUE,NA,"NA Date is in uncalibrated radiocarbon years.","Yahoo Lake core_SIEVED","counted","150-500",NA,NA,"",3620,3560,3680,3620,110,0.02,"NA Date is in uncalibrated radiocarbon years.",". Cal curve: NA. Source DB: RPDv1b","Lacustrine","Carbon-14","Radiocarbon",-43,14615.48,"Calibrated radiocarbon years BP","sedimentary charcoal","Data Sourcing: RPDv1b","Sample Age Source: GCDv4"
"1112",72,"charcoal | 150-500um num",86,86.5,87,1,3116.78,NA,NA,"GCDv4","Charcoal (sum)","150-500 µm",150,500,"False","False","number","Macroscopic charcoal (sieved)","direct",NA,"CHAR",18,NA,NA,"quant_raw",5,"volume","ml","RPDv1b","2067","charcoal","count","macrochar","wet_sieve","particle","150-500um num",NA,"150-500um","num","RPDv1b","measured",1,"RPDv1b","ELEMENT=150-500 µm","Yahoo Lake core",47.683333,-124.016667,710,"north","USA",NA,"sedlac",1112,1,2013,"Gavin, D.G., Brubaker, L.B., Greenwald, D.N., 2013. Postglacial climate and fire-mediated vegetation change on the western Olympic Peninsula, Washington (USA). Ecological Monographs 83, 471–489.","Postglacial climate and fire-mediated vegetation change on the western Olympic Peninsula, Washington (USA)","Ecological Monographs",83,NA,"471-489",NA,"10.1890/12-1742.1",NA,NA,NA,NA,NA,NA,NA,NA,NA,NA,NA,NA,NA,"RPDv1b:2067",1112,"Gavin, D.G.",1,"Gavin","D.G.",NA,NA,NA,NA,NA,NA,NA,NA,NA,"RPDv1b:2067",1112,"RPDv1b",2067,17620,110,1.1,"m",0.02,"AMS","terrestrial plant macrofossil",3620,60,NA,NA,"CAMS-35107",TRUE,NA,"NA Date is in uncalibrated radiocarbon years.","Yahoo Lake core_SIEVED","counted","150-500",NA,NA,"",3620,3560,3680,3620,110,0.02,"NA Date is in uncalibrated radiocarbon years.",". Cal curve: NA. Source DB: RPDv1b","Lacustrine","Carbon-14","Radiocarbon",-43,14615.48,"Calibrated radiocarbon years BP","sedimentary charcoal","Data Sourcing: RPDv1b","Sample Age Source: GCDv4"
"1112",73,"charcoal | 150-500um num",87,87.5,88,1,3151.7,NA,NA,"GCDv4","Charcoal (sum)","150-500 µm",150,500,"False","False","number","Macroscopic charcoal (sieved)","direct",NA,"CHAR",9,NA,NA,"quant_raw",5,"volume","ml","RPDv1b","2067","charcoal","count","macrochar","wet_sieve","particle","150-500um num",NA,"150-500um","num","RPDv1b","measured",1,"RPDv1b","ELEMENT=150-500 µm","Yahoo Lake core",47.683333,-124.016667,710,"north","USA",NA,"sedlac",1112,1,2013,"Gavin, D.G., Brubaker, L.B., Greenwald, D.N., 2013. Postglacial climate and fire-mediated vegetation change on the western Olympic Peninsula, Washington (USA). Ecological Monographs 83, 471–489.","Postglacial climate and fire-mediated vegetation change on the western Olympic Peninsula, Washington (USA)","Ecological Monographs",83,NA,"471-489",NA,"10.1890/12-1742.1",NA,NA,NA,NA,NA,NA,NA,NA,NA,NA,NA,NA,NA,"RPDv1b:2067",1112,"Gavin, D.G.",1,"Gavin","D.G.",NA,NA,NA,NA,NA,NA,NA,NA,NA,"RPDv1b:2067",1112,"RPDv1b",2067,17620,110,1.1,"m",0.02,"AMS","terrestrial plant macrofossil",3620,60,NA,NA,"CAMS-35107",TRUE,NA,"NA Date is in uncalibrated radiocarbon years.","Yahoo Lake core_SIEVED","counted","150-500",NA,NA,"",3620,3560,3680,3620,110,0.02,"NA Date is in uncalibrated radiocarbon years.",". Cal curve: NA. Source DB: RPDv1b","Lacustrine","Carbon-14","Radiocarbon",-43,14615.48,"Calibrated radiocarbon years BP","sedimentary charcoal","Data Sourcing: RPDv1b","Sample Age Source: GCDv4"
"1112",74,"charcoal | 150-500um num",88,88.5,89,1,3186.56,NA,NA,"GCDv4","Charcoal (sum)","150-500 µm",150,500,"False","False","number","Macroscopic charcoal (sieved)","direct",NA,"CHAR",7,NA,NA,"quant_raw",5,"volume","ml","RPDv1b","2067","charcoal","count","macrochar","wet_sieve","particle","150-500um num",NA,"150-500um","num","RPDv1b","measured",1,"RPDv1b","ELEMENT=150-500 µm","Yahoo Lake core",47.683333,-124.016667,710,"north","USA",NA,"sedlac",1112,1,2013,"Gavin, D.G., Brubaker, L.B., Greenwald, D.N., 2013. Postglacial climate and fire-mediated vegetation change on the western Olympic Peninsula, Washington (USA). Ecological Monographs 83, 471–489.","Postglacial climate and fire-mediated vegetation change on the western Olympic Peninsula, Washington (USA)","Ecological Monographs",83,NA,"471-489",NA,"10.1890/12-1742.1",NA,NA,NA,NA,NA,NA,NA,NA,NA,NA,NA,NA,NA,"RPDv1b:2067",1112,"Gavin, D.G.",1,"Gavin","D.G.",NA,NA,NA,NA,NA,NA,NA,NA,NA,"RPDv1b:2067",1112,"RPDv1b",2067,17620,110,1.1,"m",0.02,"AMS","terrestrial plant macrofossil",3620,60,NA,NA,"CAMS-35107",TRUE,NA,"NA Date is in uncalibrated radiocarbon years.","Yahoo Lake core_SIEVED","counted","150-500",NA,NA,"",3620,3560,3680,3620,110,0.02,"NA Date is in uncalibrated radiocarbon years.",". Cal curve: NA. Source DB: RPDv1b","Lacustrine","Carbon-14","Radiocarbon",-43,14615.48,"Calibrated radiocarbon years BP","sedimentary charcoal","Data Sourcing: RPDv1b","Sample Age Source: GCDv4"
"1112",75,"charcoal | 150-500um num",89,89.5,90,1,3221.36,NA,NA,"GCDv4","Charcoal (sum)","150-500 µm",150,500,"False","False","number","Macroscopic charcoal (sieved)","direct",NA,"CHAR",15,NA,NA,"quant_raw",4.8,"volume","ml","RPDv1b","2067","charcoal","count","macrochar","wet_sieve","particle","150-500um num",NA,"150-500um","num","RPDv1b","measured",1,"RPDv1b","ELEMENT=150-500 µm","Yahoo Lake core",47.683333,-124.016667,710,"north","USA",NA,"sedlac",1112,1,2013,"Gavin, D.G., Brubaker, L.B., Greenwald, D.N., 2013. Postglacial climate and fire-mediated vegetation change on the western Olympic Peninsula, Washington (USA). Ecological Monographs 83, 471–489.","Postglacial climate and fire-mediated vegetation change on the western Olympic Peninsula, Washington (USA)","Ecological Monographs",83,NA,"471-489",NA,"10.1890/12-1742.1",NA,NA,NA,NA,NA,NA,NA,NA,NA,NA,NA,NA,NA,"RPDv1b:2067",1112,"Gavin, D.G.",1,"Gavin","D.G.",NA,NA,NA,NA,NA,NA,NA,NA,NA,"RPDv1b:2067",1112,"RPDv1b",2067,17620,110,1.1,"m",0.02,"AMS","terrestrial plant macrofossil",3620,60,NA,NA,"CAMS-35107",TRUE,NA,"NA Date is in uncalibrated radiocarbon years.","Yahoo Lake core_SIEVED","counted","150-500",NA,NA,"",3620,3560,3680,3620,110,0.02,"NA Date is in uncalibrated radiocarbon years.",". Cal curve: NA. Source DB: RPDv1b","Lacustrine","Carbon-14","Radiocarbon",-43,14615.48,"Calibrated radiocarbon years BP","sedimentary charcoal","Data Sourcing: RPDv1b","Sample Age Source: GCDv4"
"1112",76,"charcoal | 150-500um num",90,90.5,91,1,3256.09,NA,NA,"GCDv4","Charcoal (sum)","150-500 µm",150,500,"False","False","number","Macroscopic charcoal (sieved)","direct",NA,"CHAR",8,NA,NA,"quant_raw",4.8,"volume","ml","RPDv1b","2067","charcoal","count","macrochar","wet_sieve","particle","150-500um num",NA,"150-500um","num","RPDv1b","measured",1,"RPDv1b","ELEMENT=150-500 µm","Yahoo Lake core",47.683333,-124.016667,710,"north","USA",NA,"sedlac",1112,1,2013,"Gavin, D.G., Brubaker, L.B., Greenwald, D.N., 2013. Postglacial climate and fire-mediated vegetation change on the western Olympic Peninsula, Washington (USA). Ecological Monographs 83, 471–489.","Postglacial climate and fire-mediated vegetation change on the western Olympic Peninsula, Washington (USA)","Ecological Monographs",83,NA,"471-489",NA,"10.1890/12-1742.1",NA,NA,NA,NA,NA,NA,NA,NA,NA,NA,NA,NA,NA,"RPDv1b:2067",1112,"Gavin, D.G.",1,"Gavin","D.G.",NA,NA,NA,NA,NA,NA,NA,NA,NA,"RPDv1b:2067",1112,"RPDv1b",2067,17620,110,1.1,"m",0.02,"AMS","terrestrial plant macrofossil",3620,60,NA,NA,"CAMS-35107",TRUE,NA,"NA Date is in uncalibrated radiocarbon years.","Yahoo Lake core_SIEVED","counted","150-500",NA,NA,"",3620,3560,3680,3620,110,0.02,"NA Date is in uncalibrated radiocarbon years.",". Cal curve: NA. Source DB: RPDv1b","Lacustrine","Carbon-14","Radiocarbon",-43,14615.48,"Calibrated radiocarbon years BP","sedimentary charcoal","Data Sourcing: RPDv1b","Sample Age Source: GCDv4"
"1112",77,"charcoal | 150-500um num",91,91.5,92,1,3290.75,NA,NA,"GCDv4","Charcoal (sum)","150-500 µm",150,500,"False","False","number","Macroscopic charcoal (sieved)","direct",NA,"CHAR",9,NA,NA,"quant_raw",4.8,"volume","ml","RPDv1b","2067","charcoal","count","macrochar","wet_sieve","particle","150-500um num",NA,"150-500um","num","RPDv1b","measured",1,"RPDv1b","ELEMENT=150-500 µm","Yahoo Lake core",47.683333,-124.016667,710,"north","USA",NA,"sedlac",1112,1,2013,"Gavin, D.G., Brubaker, L.B., Greenwald, D.N., 2013. Postglacial climate and fire-mediated vegetation change on the western Olympic Peninsula, Washington (USA). Ecological Monographs 83, 471–489.","Postglacial climate and fire-mediated vegetation change on the western Olympic Peninsula, Washington (USA)","Ecological Monographs",83,NA,"471-489",NA,"10.1890/12-1742.1",NA,NA,NA,NA,NA,NA,NA,NA,NA,NA,NA,NA,NA,"RPDv1b:2067",1112,"Gavin, D.G.",1,"Gavin","D.G.",NA,NA,NA,NA,NA,NA,NA,NA,NA,"RPDv1b:2067",1112,"RPDv1b",2067,17620,110,1.1,"m",0.02,"AMS","terrestrial plant macrofossil",3620,60,NA,NA,"CAMS-35107",TRUE,NA,"NA Date is in uncalibrated radiocarbon years.","Yahoo Lake core_SIEVED","counted","150-500",NA,NA,"",3620,3560,3680,3620,110,0.02,"NA Date is in uncalibrated radiocarbon years.",". Cal curve: NA. Source DB: RPDv1b","Lacustrine","Carbon-14","Radiocarbon",-43,14615.48,"Calibrated radiocarbon years BP","sedimentary charcoal","Data Sourcing: RPDv1b","Sample Age Source: GCDv4"
"1112",78,"charcoal | 150-500um num",92,92.5,93,1,3325.35,NA,NA,"GCDv4","Charcoal (sum)","150-500 µm",150,500,"False","False","number","Macroscopic charcoal (sieved)","direct",NA,"CHAR",7,NA,NA,"quant_raw",4.8,"volume","ml","RPDv1b","2067","charcoal","count","macrochar","wet_sieve","particle","150-500um num",NA,"150-500um","num","RPDv1b","measured",1,"RPDv1b","ELEMENT=150-500 µm","Yahoo Lake core",47.683333,-124.016667,710,"north","USA",NA,"sedlac",1112,1,2013,"Gavin, D.G., Brubaker, L.B., Greenwald, D.N., 2013. Postglacial climate and fire-mediated vegetation change on the western Olympic Peninsula, Washington (USA). Ecological Monographs 83, 471–489.","Postglacial climate and fire-mediated vegetation change on the western Olympic Peninsula, Washington (USA)","Ecological Monographs",83,NA,"471-489",NA,"10.1890/12-1742.1",NA,NA,NA,NA,NA,NA,NA,NA,NA,NA,NA,NA,NA,"RPDv1b:2067",1112,"Gavin, D.G.",1,"Gavin","D.G.",NA,NA,NA,NA,NA,NA,NA,NA,NA,"RPDv1b:2067",1112,"RPDv1b",2067,17620,110,1.1,"m",0.02,"AMS","terrestrial plant macrofossil",3620,60,NA,NA,"CAMS-35107",TRUE,NA,"NA Date is in uncalibrated radiocarbon years.","Yahoo Lake core_SIEVED","counted","150-500",NA,NA,"",3620,3560,3680,3620,110,0.02,"NA Date is in uncalibrated radiocarbon years.",". Cal curve: NA. Source DB: RPDv1b","Lacustrine","Carbon-14","Radiocarbon",-43,14615.48,"Calibrated radiocarbon years BP","sedimentary charcoal","Data Sourcing: RPDv1b","Sample Age Source: GCDv4"
"1112",79,"charcoal | 150-500um num",93,93.5,94,1,3359.88,NA,NA,"GCDv4","Charcoal (sum)","150-500 µm",150,500,"False","False","number","Macroscopic charcoal (sieved)","direct",NA,"CHAR",4,NA,NA,"quant_raw",4.8,"volume","ml","RPDv1b","2067","charcoal","count","macrochar","wet_sieve","particle","150-500um num",NA,"150-500um","num","RPDv1b","measured",1,"RPDv1b","ELEMENT=150-500 µm","Yahoo Lake core",47.683333,-124.016667,710,"north","USA",NA,"sedlac",1112,1,2013,"Gavin, D.G., Brubaker, L.B., Greenwald, D.N., 2013. Postglacial climate and fire-mediated vegetation change on the western Olympic Peninsula, Washington (USA). Ecological Monographs 83, 471–489.","Postglacial climate and fire-mediated vegetation change on the western Olympic Peninsula, Washington (USA)","Ecological Monographs",83,NA,"471-489",NA,"10.1890/12-1742.1",NA,NA,NA,NA,NA,NA,NA,NA,NA,NA,NA,NA,NA,"RPDv1b:2067",1112,"Gavin, D.G.",1,"Gavin","D.G.",NA,NA,NA,NA,NA,NA,NA,NA,NA,"RPDv1b:2067",1112,"RPDv1b",2067,17620,110,1.1,"m",0.02,"AMS","terrestrial plant macrofossil",3620,60,NA,NA,"CAMS-35107",TRUE,NA,"NA Date is in uncalibrated radiocarbon years.","Yahoo Lake core_SIEVED","counted","150-500",NA,NA,"",3620,3560,3680,3620,110,0.02,"NA Date is in uncalibrated radiocarbon years.",". Cal curve: NA. Source DB: RPDv1b","Lacustrine","Carbon-14","Radiocarbon",-43,14615.48,"Calibrated radiocarbon years BP","sedimentary charcoal","Data Sourcing: RPDv1b","Sample Age Source: GCDv4"
"1112",80,"charcoal | 150-500um num",94,94.5,95,1,3394.35,NA,NA,"GCDv4","Charcoal (sum)","150-500 µm",150,500,"False","False","number","Macroscopic charcoal (sieved)","direct",NA,"CHAR",4,NA,NA,"quant_raw",4.6,"volume","ml","RPDv1b","2067","charcoal","count","macrochar","wet_sieve","particle","150-500um num",NA,"150-500um","num","RPDv1b","measured",1,"RPDv1b","ELEMENT=150-500 µm","Yahoo Lake core",47.683333,-124.016667,710,"north","USA",NA,"sedlac",1112,1,2013,"Gavin, D.G., Brubaker, L.B., Greenwald, D.N., 2013. Postglacial climate and fire-mediated vegetation change on the western Olympic Peninsula, Washington (USA). Ecological Monographs 83, 471–489.","Postglacial climate and fire-mediated vegetation change on the western Olympic Peninsula, Washington (USA)","Ecological Monographs",83,NA,"471-489",NA,"10.1890/12-1742.1",NA,NA,NA,NA,NA,NA,NA,NA,NA,NA,NA,NA,NA,"RPDv1b:2067",1112,"Gavin, D.G.",1,"Gavin","D.G.",NA,NA,NA,NA,NA,NA,NA,NA,NA,"RPDv1b:2067",1112,"RPDv1b",2067,17620,110,1.1,"m",0.02,"AMS","terrestrial plant macrofossil",3620,60,NA,NA,"CAMS-35107",TRUE,NA,"NA Date is in uncalibrated radiocarbon years.","Yahoo Lake core_SIEVED","counted","150-500",NA,NA,"",3620,3560,3680,3620,110,0.02,"NA Date is in uncalibrated radiocarbon years.",". Cal curve: NA. Source DB: RPDv1b","Lacustrine","Carbon-14","Radiocarbon",-43,14615.48,"Calibrated radiocarbon years BP","sedimentary charcoal","Data Sourcing: RPDv1b","Sample Age Source: GCDv4"
"1112",81,"charcoal | 150-500um num",95,95.5,96,1,3428.74,NA,NA,"GCDv4","Charcoal (sum)","150-500 µm",150,500,"False","False","number","Macroscopic charcoal (sieved)","direct",NA,"CHAR",7,NA,NA,"quant_raw",4.6,"volume","ml","RPDv1b","2067","charcoal","count","macrochar","wet_sieve","particle","150-500um num",NA,"150-500um","num","RPDv1b","measured",1,"RPDv1b","ELEMENT=150-500 µm","Yahoo Lake core",47.683333,-124.016667,710,"north","USA",NA,"sedlac",1112,1,2013,"Gavin, D.G., Brubaker, L.B., Greenwald, D.N., 2013. Postglacial climate and fire-mediated vegetation change on the western Olympic Peninsula, Washington (USA). Ecological Monographs 83, 471–489.","Postglacial climate and fire-mediated vegetation change on the western Olympic Peninsula, Washington (USA)","Ecological Monographs",83,NA,"471-489",NA,"10.1890/12-1742.1",NA,NA,NA,NA,NA,NA,NA,NA,NA,NA,NA,NA,NA,"RPDv1b:2067",1112,"Gavin, D.G.",1,"Gavin","D.G.",NA,NA,NA,NA,NA,NA,NA,NA,NA,"RPDv1b:2067",1112,"RPDv1b",2067,17620,110,1.1,"m",0.02,"AMS","terrestrial plant macrofossil",3620,60,NA,NA,"CAMS-35107",TRUE,NA,"NA Date is in uncalibrated radiocarbon years.","Yahoo Lake core_SIEVED","counted","150-500",NA,NA,"",3620,3560,3680,3620,110,0.02,"NA Date is in uncalibrated radiocarbon years.",". Cal curve: NA. Source DB: RPDv1b","Lacustrine","Carbon-14","Radiocarbon",-43,14615.48,"Calibrated radiocarbon years BP","sedimentary charcoal","Data Sourcing: RPDv1b","Sample Age Source: GCDv4"
"1112",82,"charcoal | 150-500um num",96,96.5,97,1,3463.07,NA,NA,"GCDv4","Charcoal (sum)","150-500 µm",150,500,"False","False","number","Macroscopic charcoal (sieved)","direct",NA,"CHAR",5,NA,NA,"quant_raw",4.6,"volume","ml","RPDv1b","2067","charcoal","count","macrochar","wet_sieve","particle","150-500um num",NA,"150-500um","num","RPDv1b","measured",1,"RPDv1b","ELEMENT=150-500 µm","Yahoo Lake core",47.683333,-124.016667,710,"north","USA",NA,"sedlac",1112,1,2013,"Gavin, D.G., Brubaker, L.B., Greenwald, D.N., 2013. Postglacial climate and fire-mediated vegetation change on the western Olympic Peninsula, Washington (USA). Ecological Monographs 83, 471–489.","Postglacial climate and fire-mediated vegetation change on the western Olympic Peninsula, Washington (USA)","Ecological Monographs",83,NA,"471-489",NA,"10.1890/12-1742.1",NA,NA,NA,NA,NA,NA,NA,NA,NA,NA,NA,NA,NA,"RPDv1b:2067",1112,"Gavin, D.G.",1,"Gavin","D.G.",NA,NA,NA,NA,NA,NA,NA,NA,NA,"RPDv1b:2067",1112,"RPDv1b",2067,17620,110,1.1,"m",0.02,"AMS","terrestrial plant macrofossil",3620,60,NA,NA,"CAMS-35107",TRUE,NA,"NA Date is in uncalibrated radiocarbon years.","Yahoo Lake core_SIEVED","counted","150-500",NA,NA,"",3620,3560,3680,3620,110,0.02,"NA Date is in uncalibrated radiocarbon years.",". Cal curve: NA. Source DB: RPDv1b","Lacustrine","Carbon-14","Radiocarbon",-43,14615.48,"Calibrated radiocarbon years BP","sedimentary charcoal","Data Sourcing: RPDv1b","Sample Age Source: GCDv4"
"1112",83,"charcoal | 150-500um num",97,97.5,98,1,3497.33,NA,NA,"GCDv4","Charcoal (sum)","150-500 µm",150,500,"False","False","number","Macroscopic charcoal (sieved)","direct",NA,"CHAR",4,NA,NA,"quant_raw",4.6,"volume","ml","RPDv1b","2067","charcoal","count","macrochar","wet_sieve","particle","150-500um num",NA,"150-500um","num","RPDv1b","measured",1,"RPDv1b","ELEMENT=150-500 µm","Yahoo Lake core",47.683333,-124.016667,710,"north","USA",NA,"sedlac",1112,1,2013,"Gavin, D.G., Brubaker, L.B., Greenwald, D.N., 2013. Postglacial climate and fire-mediated vegetation change on the western Olympic Peninsula, Washington (USA). Ecological Monographs 83, 471–489.","Postglacial climate and fire-mediated vegetation change on the western Olympic Peninsula, Washington (USA)","Ecological Monographs",83,NA,"471-489",NA,"10.1890/12-1742.1",NA,NA,NA,NA,NA,NA,NA,NA,NA,NA,NA,NA,NA,"RPDv1b:2067",1112,"Gavin, D.G.",1,"Gavin","D.G.",NA,NA,NA,NA,NA,NA,NA,NA,NA,"RPDv1b:2067",1112,"RPDv1b",2067,17620,110,1.1,"m",0.02,"AMS","terrestrial plant macrofossil",3620,60,NA,NA,"CAMS-35107",TRUE,NA,"NA Date is in uncalibrated radiocarbon years.","Yahoo Lake core_SIEVED","counted","150-500",NA,NA,"",3620,3560,3680,3620,110,0.02,"NA Date is in uncalibrated radiocarbon years.",". Cal curve: NA. Source DB: RPDv1b","Lacustrine","Carbon-14","Radiocarbon",-43,14615.48,"Calibrated radiocarbon years BP","sedimentary charcoal","Data Sourcing: RPDv1b","Sample Age Source: GCDv4"
"1112",84,"charcoal | 150-500um num",98,98.5,99,1,3531.51,NA,NA,"GCDv4","Charcoal (sum)","150-500 µm",150,500,"False","False","number","Macroscopic charcoal (sieved)","direct",NA,"CHAR",2,NA,NA,"quant_raw",4.6,"volume","ml","RPDv1b","2067","charcoal","count","macrochar","wet_sieve","particle","150-500um num",NA,"150-500um","num","RPDv1b","measured",1,"RPDv1b","ELEMENT=150-500 µm","Yahoo Lake core",47.683333,-124.016667,710,"north","USA",NA,"sedlac",1112,1,2013,"Gavin, D.G., Brubaker, L.B., Greenwald, D.N., 2013. Postglacial climate and fire-mediated vegetation change on the western Olympic Peninsula, Washington (USA). Ecological Monographs 83, 471–489.","Postglacial climate and fire-mediated vegetation change on the western Olympic Peninsula, Washington (USA)","Ecological Monographs",83,NA,"471-489",NA,"10.1890/12-1742.1",NA,NA,NA,NA,NA,NA,NA,NA,NA,NA,NA,NA,NA,"RPDv1b:2067",1112,"Gavin, D.G.",1,"Gavin","D.G.",NA,NA,NA,NA,NA,NA,NA,NA,NA,"RPDv1b:2067",1112,"RPDv1b",2067,17620,110,1.1,"m",0.02,"AMS","terrestrial plant macrofossil",3620,60,NA,NA,"CAMS-35107",TRUE,NA,"NA Date is in uncalibrated radiocarbon years.","Yahoo Lake core_SIEVED","counted","150-500",NA,NA,"",3620,3560,3680,3620,110,0.02,"NA Date is in uncalibrated radiocarbon years.",". Cal curve: NA. Source DB: RPDv1b","Lacustrine","Carbon-14","Radiocarbon",-43,14615.48,"Calibrated radiocarbon years BP","sedimentary charcoal","Data Sourcing: RPDv1b","Sample Age Source: GCDv4"
"1112",85,"charcoal | 150-500um num",99,99.5,100,1,3565.63,NA,NA,"GCDv4","Charcoal (sum)","150-500 µm",150,500,"False","False","number","Macroscopic charcoal (sieved)","direct",NA,"CHAR",7,NA,NA,"quant_raw",4.6,"volume","ml","RPDv1b","2067","charcoal","count","macrochar","wet_sieve","particle","150-500um num",NA,"150-500um","num","RPDv1b","measured",1,"RPDv1b","ELEMENT=150-500 µm","Yahoo Lake core",47.683333,-124.016667,710,"north","USA",NA,"sedlac",1112,1,2013,"Gavin, D.G., Brubaker, L.B., Greenwald, D.N., 2013. Postglacial climate and fire-mediated vegetation change on the western Olympic Peninsula, Washington (USA). Ecological Monographs 83, 471–489.","Postglacial climate and fire-mediated vegetation change on the western Olympic Peninsula, Washington (USA)","Ecological Monographs",83,NA,"471-489",NA,"10.1890/12-1742.1",NA,NA,NA,NA,NA,NA,NA,NA,NA,NA,NA,NA,NA,"RPDv1b:2067",1112,"Gavin, D.G.",1,"Gavin","D.G.",NA,NA,NA,NA,NA,NA,NA,NA,NA,"RPDv1b:2067",1112,"RPDv1b",2067,17620,110,1.1,"m",0.02,"AMS","terrestrial plant macrofossil",3620,60,NA,NA,"CAMS-35107",TRUE,NA,"NA Date is in uncalibrated radiocarbon years.","Yahoo Lake core_SIEVED","counted","150-500",NA,NA,"",3620,3560,3680,3620,110,0.02,"NA Date is in uncalibrated radiocarbon years.",". Cal curve: NA. Source DB: RPDv1b","Lacustrine","Carbon-14","Radiocarbon",-43,14615.48,"Calibrated radiocarbon years BP","sedimentary charcoal","Data Sourcing: RPDv1b","Sample Age Source: GCDv4"
"1112",86,"charcoal | 150-500um num",100,100.5,101,1,3599.67,NA,NA,"GCDv4","Charcoal (sum)","150-500 µm",150,500,"False","False","number","Macroscopic charcoal (sieved)","direct",NA,"CHAR",10,NA,NA,"quant_raw",4.6,"volume","ml","RPDv1b","2067","charcoal","count","macrochar","wet_sieve","particle","150-500um num",NA,"150-500um","num","RPDv1b","measured",1,"RPDv1b","ELEMENT=150-500 µm","Yahoo Lake core",47.683333,-124.016667,710,"north","USA",NA,"sedlac",1112,1,2013,"Gavin, D.G., Brubaker, L.B., Greenwald, D.N., 2013. Postglacial climate and fire-mediated vegetation change on the western Olympic Peninsula, Washington (USA). Ecological Monographs 83, 471–489.","Postglacial climate and fire-mediated vegetation change on the western Olympic Peninsula, Washington (USA)","Ecological Monographs",83,NA,"471-489",NA,"10.1890/12-1742.1",NA,NA,NA,NA,NA,NA,NA,NA,NA,NA,NA,NA,NA,"RPDv1b:2067",1112,"Gavin, D.G.",1,"Gavin","D.G.",NA,NA,NA,NA,NA,NA,NA,NA,NA,"RPDv1b:2067",1112,"RPDv1b",2067,17620,110,1.1,"m",0.02,"AMS","terrestrial plant macrofossil",3620,60,NA,NA,"CAMS-35107",TRUE,NA,"NA Date is in uncalibrated radiocarbon years.","Yahoo Lake core_SIEVED","counted","150-500",NA,NA,"",3620,3560,3680,3620,110,0.02,"NA Date is in uncalibrated radiocarbon years.",". Cal curve: NA. Source DB: RPDv1b","Lacustrine","Carbon-14","Radiocarbon",-43,14615.48,"Calibrated radiocarbon years BP","sedimentary charcoal","Data Sourcing: RPDv1b","Sample Age Source: GCDv4"
"1112",87,"charcoal | 150-500um num",101,101.5,102,1,3633.64,NA,NA,"GCDv4","Charcoal (sum)","150-500 µm",150,500,"False","False","number","Macroscopic charcoal (sieved)","direct",NA,"CHAR",12,NA,NA,"quant_raw",4.6,"volume","ml","RPDv1b","2067","charcoal","count","macrochar","wet_sieve","particle","150-500um num",NA,"150-500um","num","RPDv1b","measured",1,"RPDv1b","ELEMENT=150-500 µm","Yahoo Lake core",47.683333,-124.016667,710,"north","USA",NA,"sedlac",1112,1,2013,"Gavin, D.G., Brubaker, L.B., Greenwald, D.N., 2013. Postglacial climate and fire-mediated vegetation change on the western Olympic Peninsula, Washington (USA). Ecological Monographs 83, 471–489.","Postglacial climate and fire-mediated vegetation change on the western Olympic Peninsula, Washington (USA)","Ecological Monographs",83,NA,"471-489",NA,"10.1890/12-1742.1",NA,NA,NA,NA,NA,NA,NA,NA,NA,NA,NA,NA,NA,"RPDv1b:2067",1112,"Gavin, D.G.",1,"Gavin","D.G.",NA,NA,NA,NA,NA,NA,NA,NA,NA,"RPDv1b:2067",1112,"RPDv1b",2067,17620,110,1.1,"m",0.02,"AMS","terrestrial plant macrofossil",3620,60,NA,NA,"CAMS-35107",TRUE,NA,"NA Date is in uncalibrated radiocarbon years.","Yahoo Lake core_SIEVED","counted","150-500",NA,NA,"",3620,3560,3680,3620,110,0.02,"NA Date is in uncalibrated radiocarbon years.",". Cal curve: NA. Source DB: RPDv1b","Lacustrine","Carbon-14","Radiocarbon",-43,14615.48,"Calibrated radiocarbon years BP","sedimentary charcoal","Data Sourcing: RPDv1b","Sample Age Source: GCDv4"
"1112",88,"charcoal | 150-500um num",102,102.5,103,1,3667.54,NA,NA,"GCDv4","Charcoal (sum)","150-500 µm",150,500,"False","False","number","Macroscopic charcoal (sieved)","direct",NA,"CHAR",24,NA,NA,"quant_raw",4.4,"volume","ml","RPDv1b","2067","charcoal","count","macrochar","wet_sieve","particle","150-500um num",NA,"150-500um","num","RPDv1b","measured",1,"RPDv1b","ELEMENT=150-500 µm","Yahoo Lake core",47.683333,-124.016667,710,"north","USA",NA,"sedlac",1112,1,2013,"Gavin, D.G., Brubaker, L.B., Greenwald, D.N., 2013. Postglacial climate and fire-mediated vegetation change on the western Olympic Peninsula, Washington (USA). Ecological Monographs 83, 471–489.","Postglacial climate and fire-mediated vegetation change on the western Olympic Peninsula, Washington (USA)","Ecological Monographs",83,NA,"471-489",NA,"10.1890/12-1742.1",NA,NA,NA,NA,NA,NA,NA,NA,NA,NA,NA,NA,NA,"RPDv1b:2067",1112,"Gavin, D.G.",1,"Gavin","D.G.",NA,NA,NA,NA,NA,NA,NA,NA,NA,"RPDv1b:2067",1112,"RPDv1b",2067,17620,110,1.1,"m",0.02,"AMS","terrestrial plant macrofossil",3620,60,NA,NA,"CAMS-35107",TRUE,NA,"NA Date is in uncalibrated radiocarbon years.","Yahoo Lake core_SIEVED","counted","150-500",NA,NA,"",3620,3560,3680,3620,110,0.02,"NA Date is in uncalibrated radiocarbon years.",". Cal curve: NA. Source DB: RPDv1b","Lacustrine","Carbon-14","Radiocarbon",-43,14615.48,"Calibrated radiocarbon years BP","sedimentary charcoal","Data Sourcing: RPDv1b","Sample Age Source: GCDv4"
"1112",89,"charcoal | 150-500um num",103,103.5,104,1,3701.37,NA,NA,"GCDv4","Charcoal (sum)","150-500 µm",150,500,"False","False","number","Macroscopic charcoal (sieved)","direct",NA,"CHAR",18,NA,NA,"quant_raw",4.8,"volume","ml","RPDv1b","2067","charcoal","count","macrochar","wet_sieve","particle","150-500um num",NA,"150-500um","num","RPDv1b","measured",1,"RPDv1b","ELEMENT=150-500 µm","Yahoo Lake core",47.683333,-124.016667,710,"north","USA",NA,"sedlac",1112,1,2013,"Gavin, D.G., Brubaker, L.B., Greenwald, D.N., 2013. Postglacial climate and fire-mediated vegetation change on the western Olympic Peninsula, Washington (USA). Ecological Monographs 83, 471–489.","Postglacial climate and fire-mediated vegetation change on the western Olympic Peninsula, Washington (USA)","Ecological Monographs",83,NA,"471-489",NA,"10.1890/12-1742.1",NA,NA,NA,NA,NA,NA,NA,NA,NA,NA,NA,NA,NA,"RPDv1b:2067",1112,"Gavin, D.G.",1,"Gavin","D.G.",NA,NA,NA,NA,NA,NA,NA,NA,NA,"RPDv1b:2067",1112,"RPDv1b",2067,17620,110,1.1,"m",0.02,"AMS","terrestrial plant macrofossil",3620,60,NA,NA,"CAMS-35107",TRUE,NA,"NA Date is in uncalibrated radiocarbon years.","Yahoo Lake core_SIEVED","counted","150-500",NA,NA,"",3620,3560,3680,3620,110,0.02,"NA Date is in uncalibrated radiocarbon years.",". Cal curve: NA. Source DB: RPDv1b","Lacustrine","Carbon-14","Radiocarbon",-43,14615.48,"Calibrated radiocarbon years BP","sedimentary charcoal","Data Sourcing: RPDv1b","Sample Age Source: GCDv4"
"1112",90,"charcoal | 150-500um num",104,104.5,105,1,3735.11,NA,NA,"GCDv4","Charcoal (sum)","150-500 µm",150,500,"False","False","number","Macroscopic charcoal (sieved)","direct",NA,"CHAR",14,NA,NA,"quant_raw",4.8,"volume","ml","RPDv1b","2067","charcoal","count","macrochar","wet_sieve","particle","150-500um num",NA,"150-500um","num","RPDv1b","measured",1,"RPDv1b","ELEMENT=150-500 µm","Yahoo Lake core",47.683333,-124.016667,710,"north","USA",NA,"sedlac",1112,1,2013,"Gavin, D.G., Brubaker, L.B., Greenwald, D.N., 2013. Postglacial climate and fire-mediated vegetation change on the western Olympic Peninsula, Washington (USA). Ecological Monographs 83, 471–489.","Postglacial climate and fire-mediated vegetation change on the western Olympic Peninsula, Washington (USA)","Ecological Monographs",83,NA,"471-489",NA,"10.1890/12-1742.1",NA,NA,NA,NA,NA,NA,NA,NA,NA,NA,NA,NA,NA,"RPDv1b:2067",1112,"Gavin, D.G.",1,"Gavin","D.G.",NA,NA,NA,NA,NA,NA,NA,NA,NA,"RPDv1b:2067",1112,"RPDv1b",2067,17620,110,1.1,"m",0.02,"AMS","terrestrial plant macrofossil",3620,60,NA,NA,"CAMS-35107",TRUE,NA,"NA Date is in uncalibrated radiocarbon years.","Yahoo Lake core_SIEVED","counted","150-500",NA,NA,"",3620,3560,3680,3620,110,0.02,"NA Date is in uncalibrated radiocarbon years.",". Cal curve: NA. Source DB: RPDv1b","Lacustrine","Carbon-14","Radiocarbon",-43,14615.48,"Calibrated radiocarbon years BP","sedimentary charcoal","Data Sourcing: RPDv1b","Sample Age Source: GCDv4"
"1112",91,"charcoal | 150-500um num",105,105.5,106,1,3768.79,NA,NA,"GCDv4","Charcoal (sum)","150-500 µm",150,500,"False","False","number","Macroscopic charcoal (sieved)","direct",NA,"CHAR",18,NA,NA,"quant_raw",5,"volume","ml","RPDv1b","2067","charcoal","count","macrochar","wet_sieve","particle","150-500um num",NA,"150-500um","num","RPDv1b","measured",1,"RPDv1b","ELEMENT=150-500 µm","Yahoo Lake core",47.683333,-124.016667,710,"north","USA",NA,"sedlac",1112,1,2013,"Gavin, D.G., Brubaker, L.B., Greenwald, D.N., 2013. Postglacial climate and fire-mediated vegetation change on the western Olympic Peninsula, Washington (USA). Ecological Monographs 83, 471–489.","Postglacial climate and fire-mediated vegetation change on the western Olympic Peninsula, Washington (USA)","Ecological Monographs",83,NA,"471-489",NA,"10.1890/12-1742.1",NA,NA,NA,NA,NA,NA,NA,NA,NA,NA,NA,NA,NA,"RPDv1b:2067",1112,"Gavin, D.G.",1,"Gavin","D.G.",NA,NA,NA,NA,NA,NA,NA,NA,NA,"RPDv1b:2067",1112,"RPDv1b",2067,17620,110,1.1,"m",0.02,"AMS","terrestrial plant macrofossil",3620,60,NA,NA,"CAMS-35107",TRUE,NA,"NA Date is in uncalibrated radiocarbon years.","Yahoo Lake core_SIEVED","counted","150-500",NA,NA,"",3620,3560,3680,3620,110,0.02,"NA Date is in uncalibrated radiocarbon years.",". Cal curve: NA. Source DB: RPDv1b","Lacustrine","Carbon-14","Radiocarbon",-43,14615.48,"Calibrated radiocarbon years BP","sedimentary charcoal","Data Sourcing: RPDv1b","Sample Age Source: GCDv4"
"1112",92,"charcoal | 150-500um num",106,106.5,107,1,3802.39,NA,NA,"GCDv4","Charcoal (sum)","150-500 µm",150,500,"False","False","number","Macroscopic charcoal (sieved)","direct",NA,"CHAR",13,NA,NA,"quant_raw",5,"volume","ml","RPDv1b","2067","charcoal","count","macrochar","wet_sieve","particle","150-500um num",NA,"150-500um","num","RPDv1b","measured",1,"RPDv1b","ELEMENT=150-500 µm","Yahoo Lake core",47.683333,-124.016667,710,"north","USA",NA,"sedlac",1112,1,2013,"Gavin, D.G., Brubaker, L.B., Greenwald, D.N., 2013. Postglacial climate and fire-mediated vegetation change on the western Olympic Peninsula, Washington (USA). Ecological Monographs 83, 471–489.","Postglacial climate and fire-mediated vegetation change on the western Olympic Peninsula, Washington (USA)","Ecological Monographs",83,NA,"471-489",NA,"10.1890/12-1742.1",NA,NA,NA,NA,NA,NA,NA,NA,NA,NA,NA,NA,NA,"RPDv1b:2067",1112,"Gavin, D.G.",1,"Gavin","D.G.",NA,NA,NA,NA,NA,NA,NA,NA,NA,"RPDv1b:2067",1112,"RPDv1b",2067,17620,110,1.1,"m",0.02,"AMS","terrestrial plant macrofossil",3620,60,NA,NA,"CAMS-35107",TRUE,NA,"NA Date is in uncalibrated radiocarbon years.","Yahoo Lake core_SIEVED","counted","150-500",NA,NA,"",3620,3560,3680,3620,110,0.02,"NA Date is in uncalibrated radiocarbon years.",". Cal curve: NA. Source DB: RPDv1b","Lacustrine","Carbon-14","Radiocarbon",-43,14615.48,"Calibrated radiocarbon years BP","sedimentary charcoal","Data Sourcing: RPDv1b","Sample Age Source: GCDv4"
"1112",93,"charcoal | 150-500um num",107,107.5,108,1,3835.91,NA,NA,"GCDv4","Charcoal (sum)","150-500 µm",150,500,"False","False","number","Macroscopic charcoal (sieved)","direct",NA,"CHAR",11,NA,NA,"quant_raw",5,"volume","ml","RPDv1b","2067","charcoal","count","macrochar","wet_sieve","particle","150-500um num",NA,"150-500um","num","RPDv1b","measured",1,"RPDv1b","ELEMENT=150-500 µm","Yahoo Lake core",47.683333,-124.016667,710,"north","USA",NA,"sedlac",1112,1,2013,"Gavin, D.G., Brubaker, L.B., Greenwald, D.N., 2013. Postglacial climate and fire-mediated vegetation change on the western Olympic Peninsula, Washington (USA). Ecological Monographs 83, 471–489.","Postglacial climate and fire-mediated vegetation change on the western Olympic Peninsula, Washington (USA)","Ecological Monographs",83,NA,"471-489",NA,"10.1890/12-1742.1",NA,NA,NA,NA,NA,NA,NA,NA,NA,NA,NA,NA,NA,"RPDv1b:2067",1112,"Gavin, D.G.",1,"Gavin","D.G.",NA,NA,NA,NA,NA,NA,NA,NA,NA,"RPDv1b:2067",1112,"RPDv1b",2067,17620,110,1.1,"m",0.02,"AMS","terrestrial plant macrofossil",3620,60,NA,NA,"CAMS-35107",TRUE,NA,"NA Date is in uncalibrated radiocarbon years.","Yahoo Lake core_SIEVED","counted","150-500",NA,NA,"",3620,3560,3680,3620,110,0.02,"NA Date is in uncalibrated radiocarbon years.",". Cal curve: NA. Source DB: RPDv1b","Lacustrine","Carbon-14","Radiocarbon",-43,14615.48,"Calibrated radiocarbon years BP","sedimentary charcoal","Data Sourcing: RPDv1b","Sample Age Source: GCDv4"
"1112",94,"charcoal | 150-500um num",108,108.5,109,1,3869.35,NA,NA,"GCDv4","Charcoal (sum)","150-500 µm",150,500,"False","False","number","Macroscopic charcoal (sieved)","direct",NA,"CHAR",4,NA,NA,"quant_raw",3.7,"volume","ml","RPDv1b","2067","charcoal","count","macrochar","wet_sieve","particle","150-500um num",NA,"150-500um","num","RPDv1b","measured",1,"RPDv1b","ELEMENT=150-500 µm","Yahoo Lake core",47.683333,-124.016667,710,"north","USA",NA,"sedlac",1112,1,2013,"Gavin, D.G., Brubaker, L.B., Greenwald, D.N., 2013. Postglacial climate and fire-mediated vegetation change on the western Olympic Peninsula, Washington (USA). Ecological Monographs 83, 471–489.","Postglacial climate and fire-mediated vegetation change on the western Olympic Peninsula, Washington (USA)","Ecological Monographs",83,NA,"471-489",NA,"10.1890/12-1742.1",NA,NA,NA,NA,NA,NA,NA,NA,NA,NA,NA,NA,NA,"RPDv1b:2067",1112,"Gavin, D.G.",1,"Gavin","D.G.",NA,NA,NA,NA,NA,NA,NA,NA,NA,"RPDv1b:2067",1112,"RPDv1b",2067,17620,110,1.1,"m",0.02,"AMS","terrestrial plant macrofossil",3620,60,NA,NA,"CAMS-35107",TRUE,NA,"NA Date is in uncalibrated radiocarbon years.","Yahoo Lake core_SIEVED","counted","150-500",NA,NA,"",3620,3560,3680,3620,110,0.02,"NA Date is in uncalibrated radiocarbon years.",". Cal curve: NA. Source DB: RPDv1b","Lacustrine","Carbon-14","Radiocarbon",-43,14615.48,"Calibrated radiocarbon years BP","sedimentary charcoal","Data Sourcing: RPDv1b","Sample Age Source: GCDv4"
"1112",95,"charcoal | 150-500um num",109,109.5,110,1,3902.71,NA,NA,"GCDv4","Charcoal (sum)","150-500 µm",150,500,"False","False","number","Macroscopic charcoal (sieved)","direct",NA,"CHAR",11,NA,NA,"quant_raw",5,"volume","ml","RPDv1b","2067","charcoal","count","macrochar","wet_sieve","particle","150-500um num",NA,"150-500um","num","RPDv1b","measured",1,"RPDv1b","ELEMENT=150-500 µm","Yahoo Lake core",47.683333,-124.016667,710,"north","USA",NA,"sedlac",1112,1,2013,"Gavin, D.G., Brubaker, L.B., Greenwald, D.N., 2013. Postglacial climate and fire-mediated vegetation change on the western Olympic Peninsula, Washington (USA). Ecological Monographs 83, 471–489.","Postglacial climate and fire-mediated vegetation change on the western Olympic Peninsula, Washington (USA)","Ecological Monographs",83,NA,"471-489",NA,"10.1890/12-1742.1",NA,NA,NA,NA,NA,NA,NA,NA,NA,NA,NA,NA,NA,"RPDv1b:2067",1112,"Gavin, D.G.",1,"Gavin","D.G.",NA,NA,NA,NA,NA,NA,NA,NA,NA,"RPDv1b:2067",1112,"RPDv1b",2067,17620,110,1.1,"m",0.02,"AMS","terrestrial plant macrofossil",3620,60,NA,NA,"CAMS-35107",TRUE,NA,"NA Date is in uncalibrated radiocarbon years.","Yahoo Lake core_SIEVED","counted","150-500",NA,NA,"",3620,3560,3680,3620,110,0.02,"NA Date is in uncalibrated radiocarbon years.",". Cal curve: NA. Source DB: RPDv1b","Lacustrine","Carbon-14","Radiocarbon",-43,14615.48,"Calibrated radiocarbon years BP","sedimentary charcoal","Data Sourcing: RPDv1b","Sample Age Source: GCDv4"
"1112",96,"charcoal | 150-500um num",110,110.5,111,1,3953,NA,NA,"RPDv1b","Charcoal (sum)","150-500 µm",150,500,"False","False","number","Macroscopic charcoal (sieved)","direct",NA,"CHAR",16,NA,NA,"quant_raw",5,"volume","ml","RPDv1b","2067","charcoal","count","macrochar","wet_sieve","particle","150-500um num",NA,"150-500um","num","RPDv1b","measured",1,"RPDv1b","ELEMENT=150-500 µm","Yahoo Lake core",47.683333,-124.016667,710,"north","USA",NA,"sedlac",1112,1,2013,"Gavin, D.G., Brubaker, L.B., Greenwald, D.N., 2013. Postglacial climate and fire-mediated vegetation change on the western Olympic Peninsula, Washington (USA). Ecological Monographs 83, 471–489.","Postglacial climate and fire-mediated vegetation change on the western Olympic Peninsula, Washington (USA)","Ecological Monographs",83,NA,"471-489",NA,"10.1890/12-1742.1",NA,NA,NA,NA,NA,NA,NA,NA,NA,NA,NA,NA,NA,"RPDv1b:2067",1112,"Gavin, D.G.",1,"Gavin","D.G.",NA,NA,NA,NA,NA,NA,NA,NA,NA,"RPDv1b:2067",1112,"RPDv1b",2067,17620,110,1.1,"m",0.02,"AMS","terrestrial plant macrofossil",3620,60,NA,NA,"CAMS-35107",TRUE,NA,"NA Date is in uncalibrated radiocarbon years.","Yahoo Lake core_SIEVED","counted","150-500",NA,NA,"",3620,3560,3680,3620,110,0.02,"NA Date is in uncalibrated radiocarbon years.",". Cal curve: NA. Source DB: RPDv1b","Lacustrine","Carbon-14","Radiocarbon",-43,14615.48,"Calibrated radiocarbon years BP","sedimentary charcoal","Data Sourcing: RPDv1b","Sample Age Source: RPDv1b"
"1112",97,"charcoal | 150-500um num",111,111.5,112,1,3969.19,NA,NA,"GCDv4","Charcoal (sum)","150-500 µm",150,500,"False","False","number","Macroscopic charcoal (sieved)","direct",NA,"CHAR",5,NA,NA,"quant_raw",5,"volume","ml","RPDv1b","2067","charcoal","count","macrochar","wet_sieve","particle","150-500um num",NA,"150-500um","num","RPDv1b","measured",1,"RPDv1b","ELEMENT=150-500 µm","Yahoo Lake core",47.683333,-124.016667,710,"north","USA",NA,"sedlac",1112,1,2013,"Gavin, D.G., Brubaker, L.B., Greenwald, D.N., 2013. Postglacial climate and fire-mediated vegetation change on the western Olympic Peninsula, Washington (USA). Ecological Monographs 83, 471–489.","Postglacial climate and fire-mediated vegetation change on the western Olympic Peninsula, Washington (USA)","Ecological Monographs",83,NA,"471-489",NA,"10.1890/12-1742.1",NA,NA,NA,NA,NA,NA,NA,NA,NA,NA,NA,NA,NA,"RPDv1b:2067",1112,"Gavin, D.G.",1,"Gavin","D.G.",NA,NA,NA,NA,NA,NA,NA,NA,NA,"RPDv1b:2067",1112,"RPDv1b",2067,17620,110,1.1,"m",0.02,"AMS","terrestrial plant macrofossil",3620,60,NA,NA,"CAMS-35107",TRUE,NA,"NA Date is in uncalibrated radiocarbon years.","Yahoo Lake core_SIEVED","counted","150-500",NA,NA,"",3620,3560,3680,3620,110,0.02,"NA Date is in uncalibrated radiocarbon years.",". Cal curve: NA. Source DB: RPDv1b","Lacustrine","Carbon-14","Radiocarbon",-43,14615.48,"Calibrated radiocarbon years BP","sedimentary charcoal","Data Sourcing: RPDv1b","Sample Age Source: GCDv4"
"1112",98,"charcoal | 150-500um num",112,112.5,113,1,4002.28,NA,NA,"GCDv4","Charcoal (sum)","150-500 µm",150,500,"False","False","number","Macroscopic charcoal (sieved)","direct",NA,"CHAR",6,NA,NA,"quant_raw",4.8,"volume","ml","RPDv1b","2067","charcoal","count","macrochar","wet_sieve","particle","150-500um num",NA,"150-500um","num","RPDv1b","measured",1,"RPDv1b","ELEMENT=150-500 µm","Yahoo Lake core",47.683333,-124.016667,710,"north","USA",NA,"sedlac",1112,1,2013,"Gavin, D.G., Brubaker, L.B., Greenwald, D.N., 2013. Postglacial climate and fire-mediated vegetation change on the western Olympic Peninsula, Washington (USA). Ecological Monographs 83, 471–489.","Postglacial climate and fire-mediated vegetation change on the western Olympic Peninsula, Washington (USA)","Ecological Monographs",83,NA,"471-489",NA,"10.1890/12-1742.1",NA,NA,NA,NA,NA,NA,NA,NA,NA,NA,NA,NA,NA,"RPDv1b:2067",1112,"Gavin, D.G.",1,"Gavin","D.G.",NA,NA,NA,NA,NA,NA,NA,NA,NA,"RPDv1b:2067",1112,"RPDv1b",2067,17620,110,1.1,"m",0.02,"AMS","terrestrial plant macrofossil",3620,60,NA,NA,"CAMS-35107",TRUE,NA,"NA Date is in uncalibrated radiocarbon years.","Yahoo Lake core_SIEVED","counted","150-500",NA,NA,"",3620,3560,3680,3620,110,0.02,"NA Date is in uncalibrated radiocarbon years.",". Cal curve: NA. Source DB: RPDv1b","Lacustrine","Carbon-14","Radiocarbon",-43,14615.48,"Calibrated radiocarbon years BP","sedimentary charcoal","Data Sourcing: RPDv1b","Sample Age Source: GCDv4"
"1112",99,"charcoal | 150-500um num",113,113.5,114,1,4035.26,NA,NA,"GCDv4","Charcoal (sum)","150-500 µm",150,500,"False","False","number","Macroscopic charcoal (sieved)","direct",NA,"CHAR",6,NA,NA,"quant_raw",4.6,"volume","ml","RPDv1b","2067","charcoal","count","macrochar","wet_sieve","particle","150-500um num",NA,"150-500um","num","RPDv1b","measured",1,"RPDv1b","ELEMENT=150-500 µm","Yahoo Lake core",47.683333,-124.016667,710,"north","USA",NA,"sedlac",1112,1,2013,"Gavin, D.G., Brubaker, L.B., Greenwald, D.N., 2013. Postglacial climate and fire-mediated vegetation change on the western Olympic Peninsula, Washington (USA). Ecological Monographs 83, 471–489.","Postglacial climate and fire-mediated vegetation change on the western Olympic Peninsula, Washington (USA)","Ecological Monographs",83,NA,"471-489",NA,"10.1890/12-1742.1",NA,NA,NA,NA,NA,NA,NA,NA,NA,NA,NA,NA,NA,"RPDv1b:2067",1112,"Gavin, D.G.",1,"Gavin","D.G.",NA,NA,NA,NA,NA,NA,NA,NA,NA,"RPDv1b:2067",1112,"RPDv1b",2067,17620,110,1.1,"m",0.02,"AMS","terrestrial plant macrofossil",3620,60,NA,NA,"CAMS-35107",TRUE,NA,"NA Date is in uncalibrated radiocarbon years.","Yahoo Lake core_SIEVED","counted","150-500",NA,NA,"",3620,3560,3680,3620,110,0.02,"NA Date is in uncalibrated radiocarbon years.",". Cal curve: NA. Source DB: RPDv1b","Lacustrine","Carbon-14","Radiocarbon",-43,14615.48,"Calibrated radiocarbon years BP","sedimentary charcoal","Data Sourcing: RPDv1b","Sample Age Source: GCDv4"
"1112",100,"charcoal | 150-500um num",114,114.5,115,1,4068.15,NA,NA,"GCDv4","Charcoal (sum)","150-500 µm",150,500,"False","False","number","Macroscopic charcoal (sieved)","direct",NA,"CHAR",10,NA,NA,"quant_raw",5,"volume","ml","RPDv1b","2067","charcoal","count","macrochar","wet_sieve","particle","150-500um num",NA,"150-500um","num","RPDv1b","measured",1,"RPDv1b","ELEMENT=150-500 µm","Yahoo Lake core",47.683333,-124.016667,710,"north","USA",NA,"sedlac",1112,1,2013,"Gavin, D.G., Brubaker, L.B., Greenwald, D.N., 2013. Postglacial climate and fire-mediated vegetation change on the western Olympic Peninsula, Washington (USA). Ecological Monographs 83, 471–489.","Postglacial climate and fire-mediated vegetation change on the western Olympic Peninsula, Washington (USA)","Ecological Monographs",83,NA,"471-489",NA,"10.1890/12-1742.1",NA,NA,NA,NA,NA,NA,NA,NA,NA,NA,NA,NA,NA,"RPDv1b:2067",1112,"Gavin, D.G.",1,"Gavin","D.G.",NA,NA,NA,NA,NA,NA,NA,NA,NA,"RPDv1b:2067",1112,"RPDv1b",2067,17620,110,1.1,"m",0.02,"AMS","terrestrial plant macrofossil",3620,60,NA,NA,"CAMS-35107",TRUE,NA,"NA Date is in uncalibrated radiocarbon years.","Yahoo Lake core_SIEVED","counted","150-500",NA,NA,"",3620,3560,3680,3620,110,0.02,"NA Date is in uncalibrated radiocarbon years.",". Cal curve: NA. Source DB: RPDv1b","Lacustrine","Carbon-14","Radiocarbon",-43,14615.48,"Calibrated radiocarbon years BP","sedimentary charcoal","Data Sourcing: RPDv1b","Sample Age Source: GCDv4"
"1112",101,"charcoal | 150-500um num",115,115.5,116,1,4100.93,NA,NA,"GCDv4","Charcoal (sum)","150-500 µm",150,500,"False","False","number","Macroscopic charcoal (sieved)","direct",NA,"CHAR",9,NA,NA,"quant_raw",5,"volume","ml","RPDv1b","2067","charcoal","count","macrochar","wet_sieve","particle","150-500um num",NA,"150-500um","num","RPDv1b","measured",1,"RPDv1b","ELEMENT=150-500 µm","Yahoo Lake core",47.683333,-124.016667,710,"north","USA",NA,"sedlac",1112,1,2013,"Gavin, D.G., Brubaker, L.B., Greenwald, D.N., 2013. Postglacial climate and fire-mediated vegetation change on the western Olympic Peninsula, Washington (USA). Ecological Monographs 83, 471–489.","Postglacial climate and fire-mediated vegetation change on the western Olympic Peninsula, Washington (USA)","Ecological Monographs",83,NA,"471-489",NA,"10.1890/12-1742.1",NA,NA,NA,NA,NA,NA,NA,NA,NA,NA,NA,NA,NA,"RPDv1b:2067",1112,"Gavin, D.G.",1,"Gavin","D.G.",NA,NA,NA,NA,NA,NA,NA,NA,NA,"RPDv1b:2067",1112,"RPDv1b",2067,17620,110,1.1,"m",0.02,"AMS","terrestrial plant macrofossil",3620,60,NA,NA,"CAMS-35107",TRUE,NA,"NA Date is in uncalibrated radiocarbon years.","Yahoo Lake core_SIEVED","counted","150-500",NA,NA,"",3620,3560,3680,3620,110,0.02,"NA Date is in uncalibrated radiocarbon years.",". Cal curve: NA. Source DB: RPDv1b","Lacustrine","Carbon-14","Radiocarbon",-43,14615.48,"Calibrated radiocarbon years BP","sedimentary charcoal","Data Sourcing: RPDv1b","Sample Age Source: GCDv4"
"1112",102,"charcoal | 150-500um num",116,116.5,117,1,4133.61,NA,NA,"GCDv4","Charcoal (sum)","150-500 µm",150,500,"False","False","number","Macroscopic charcoal (sieved)","direct",NA,"CHAR",8,NA,NA,"quant_raw",5,"volume","ml","RPDv1b","2067","charcoal","count","macrochar","wet_sieve","particle","150-500um num",NA,"150-500um","num","RPDv1b","measured",1,"RPDv1b","ELEMENT=150-500 µm","Yahoo Lake core",47.683333,-124.016667,710,"north","USA",NA,"sedlac",1112,1,2013,"Gavin, D.G., Brubaker, L.B., Greenwald, D.N., 2013. Postglacial climate and fire-mediated vegetation change on the western Olympic Peninsula, Washington (USA). Ecological Monographs 83, 471–489.","Postglacial climate and fire-mediated vegetation change on the western Olympic Peninsula, Washington (USA)","Ecological Monographs",83,NA,"471-489",NA,"10.1890/12-1742.1",NA,NA,NA,NA,NA,NA,NA,NA,NA,NA,NA,NA,NA,"RPDv1b:2067",1112,"Gavin, D.G.",1,"Gavin","D.G.",NA,NA,NA,NA,NA,NA,NA,NA,NA,"RPDv1b:2067",1112,"RPDv1b",2067,17620,110,1.1,"m",0.02,"AMS","terrestrial plant macrofossil",3620,60,NA,NA,"CAMS-35107",TRUE,NA,"NA Date is in uncalibrated radiocarbon years.","Yahoo Lake core_SIEVED","counted","150-500",NA,NA,"",3620,3560,3680,3620,110,0.02,"NA Date is in uncalibrated radiocarbon years.",". Cal curve: NA. Source DB: RPDv1b","Lacustrine","Carbon-14","Radiocarbon",-43,14615.48,"Calibrated radiocarbon years BP","sedimentary charcoal","Data Sourcing: RPDv1b","Sample Age Source: GCDv4"
"1112",103,"charcoal | 150-500um num",117,117.5,118,1,4166.2,NA,NA,"GCDv4","Charcoal (sum)","150-500 µm",150,500,"False","False","number","Macroscopic charcoal (sieved)","direct",NA,"CHAR",16,NA,NA,"quant_raw",5,"volume","ml","RPDv1b","2067","charcoal","count","macrochar","wet_sieve","particle","150-500um num",NA,"150-500um","num","RPDv1b","measured",1,"RPDv1b","ELEMENT=150-500 µm","Yahoo Lake core",47.683333,-124.016667,710,"north","USA",NA,"sedlac",1112,1,2013,"Gavin, D.G., Brubaker, L.B., Greenwald, D.N., 2013. Postglacial climate and fire-mediated vegetation change on the western Olympic Peninsula, Washington (USA). Ecological Monographs 83, 471–489.","Postglacial climate and fire-mediated vegetation change on the western Olympic Peninsula, Washington (USA)","Ecological Monographs",83,NA,"471-489",NA,"10.1890/12-1742.1",NA,NA,NA,NA,NA,NA,NA,NA,NA,NA,NA,NA,NA,"RPDv1b:2067",1112,"Gavin, D.G.",1,"Gavin","D.G.",NA,NA,NA,NA,NA,NA,NA,NA,NA,"RPDv1b:2067",1112,"RPDv1b",2067,17620,110,1.1,"m",0.02,"AMS","terrestrial plant macrofossil",3620,60,NA,NA,"CAMS-35107",TRUE,NA,"NA Date is in uncalibrated radiocarbon years.","Yahoo Lake core_SIEVED","counted","150-500",NA,NA,"",3620,3560,3680,3620,110,0.02,"NA Date is in uncalibrated radiocarbon years.",". Cal curve: NA. Source DB: RPDv1b","Lacustrine","Carbon-14","Radiocarbon",-43,14615.48,"Calibrated radiocarbon years BP","sedimentary charcoal","Data Sourcing: RPDv1b","Sample Age Source: GCDv4"
"1112",104,"charcoal | 150-500um num",118,118.5,119,1,4198.69,NA,NA,"GCDv4","Charcoal (sum)","150-500 µm",150,500,"False","False","number","Macroscopic charcoal (sieved)","direct",NA,"CHAR",19,NA,NA,"quant_raw",5,"volume","ml","RPDv1b","2067","charcoal","count","macrochar","wet_sieve","particle","150-500um num",NA,"150-500um","num","RPDv1b","measured",1,"RPDv1b","ELEMENT=150-500 µm","Yahoo Lake core",47.683333,-124.016667,710,"north","USA",NA,"sedlac",1112,1,2013,"Gavin, D.G., Brubaker, L.B., Greenwald, D.N., 2013. Postglacial climate and fire-mediated vegetation change on the western Olympic Peninsula, Washington (USA). Ecological Monographs 83, 471–489.","Postglacial climate and fire-mediated vegetation change on the western Olympic Peninsula, Washington (USA)","Ecological Monographs",83,NA,"471-489",NA,"10.1890/12-1742.1",NA,NA,NA,NA,NA,NA,NA,NA,NA,NA,NA,NA,NA,"RPDv1b:2067",1112,"Gavin, D.G.",1,"Gavin","D.G.",NA,NA,NA,NA,NA,NA,NA,NA,NA,"RPDv1b:2067",1112,"RPDv1b",2067,17620,110,1.1,"m",0.02,"AMS","terrestrial plant macrofossil",3620,60,NA,NA,"CAMS-35107",TRUE,NA,"NA Date is in uncalibrated radiocarbon years.","Yahoo Lake core_SIEVED","counted","150-500",NA,NA,"",3620,3560,3680,3620,110,0.02,"NA Date is in uncalibrated radiocarbon years.",". Cal curve: NA. Source DB: RPDv1b","Lacustrine","Carbon-14","Radiocarbon",-43,14615.48,"Calibrated radiocarbon years BP","sedimentary charcoal","Data Sourcing: RPDv1b","Sample Age Source: GCDv4"
"1112",105,"charcoal | 150-500um num",119,119.5,120,1,4231.09,NA,NA,"GCDv4","Charcoal (sum)","150-500 µm",150,500,"False","False","number","Macroscopic charcoal (sieved)","direct",NA,"CHAR",10,NA,NA,"quant_raw",4.8,"volume","ml","RPDv1b","2067","charcoal","count","macrochar","wet_sieve","particle","150-500um num",NA,"150-500um","num","RPDv1b","measured",1,"RPDv1b","ELEMENT=150-500 µm","Yahoo Lake core",47.683333,-124.016667,710,"north","USA",NA,"sedlac",1112,1,2013,"Gavin, D.G., Brubaker, L.B., Greenwald, D.N., 2013. Postglacial climate and fire-mediated vegetation change on the western Olympic Peninsula, Washington (USA). Ecological Monographs 83, 471–489.","Postglacial climate and fire-mediated vegetation change on the western Olympic Peninsula, Washington (USA)","Ecological Monographs",83,NA,"471-489",NA,"10.1890/12-1742.1",NA,NA,NA,NA,NA,NA,NA,NA,NA,NA,NA,NA,NA,"RPDv1b:2067",1112,"Gavin, D.G.",1,"Gavin","D.G.",NA,NA,NA,NA,NA,NA,NA,NA,NA,"RPDv1b:2067",1112,"RPDv1b",2067,17620,110,1.1,"m",0.02,"AMS","terrestrial plant macrofossil",3620,60,NA,NA,"CAMS-35107",TRUE,NA,"NA Date is in uncalibrated radiocarbon years.","Yahoo Lake core_SIEVED","counted","150-500",NA,NA,"",3620,3560,3680,3620,110,0.02,"NA Date is in uncalibrated radiocarbon years.",". Cal curve: NA. Source DB: RPDv1b","Lacustrine","Carbon-14","Radiocarbon",-43,14615.48,"Calibrated radiocarbon years BP","sedimentary charcoal","Data Sourcing: RPDv1b","Sample Age Source: GCDv4"
"1112",106,"charcoal | 150-500um num",120,120.5,121,1,4263.39,NA,NA,"GCDv4","Charcoal (sum)","150-500 µm",150,500,"False","False","number","Macroscopic charcoal (sieved)","direct",NA,"CHAR",11,NA,NA,"quant_raw",5,"volume","ml","RPDv1b","2067","charcoal","count","macrochar","wet_sieve","particle","150-500um num",NA,"150-500um","num","RPDv1b","measured",1,"RPDv1b","ELEMENT=150-500 µm","Yahoo Lake core",47.683333,-124.016667,710,"north","USA",NA,"sedlac",1112,1,2013,"Gavin, D.G., Brubaker, L.B., Greenwald, D.N., 2013. Postglacial climate and fire-mediated vegetation change on the western Olympic Peninsula, Washington (USA). Ecological Monographs 83, 471–489.","Postglacial climate and fire-mediated vegetation change on the western Olympic Peninsula, Washington (USA)","Ecological Monographs",83,NA,"471-489",NA,"10.1890/12-1742.1",NA,NA,NA,NA,NA,NA,NA,NA,NA,NA,NA,NA,NA,"RPDv1b:2067",1112,"Gavin, D.G.",1,"Gavin","D.G.",NA,NA,NA,NA,NA,NA,NA,NA,NA,"RPDv1b:2067",1112,"RPDv1b",2067,17620,110,1.1,"m",0.02,"AMS","terrestrial plant macrofossil",3620,60,NA,NA,"CAMS-35107",TRUE,NA,"NA Date is in uncalibrated radiocarbon years.","Yahoo Lake core_SIEVED","counted","150-500",NA,NA,"",3620,3560,3680,3620,110,0.02,"NA Date is in uncalibrated radiocarbon years.",". Cal curve: NA. Source DB: RPDv1b","Lacustrine","Carbon-14","Radiocarbon",-43,14615.48,"Calibrated radiocarbon years BP","sedimentary charcoal","Data Sourcing: RPDv1b","Sample Age Source: GCDv4"
"1112",107,"charcoal | 150-500um num",121,121.5,122,1,4295.61,NA,NA,"GCDv4","Charcoal (sum)","150-500 µm",150,500,"False","False","number","Macroscopic charcoal (sieved)","direct",NA,"CHAR",1,NA,NA,"quant_raw",5,"volume","ml","RPDv1b","2067","charcoal","count","macrochar","wet_sieve","particle","150-500um num",NA,"150-500um","num","RPDv1b","measured",1,"RPDv1b","ELEMENT=150-500 µm","Yahoo Lake core",47.683333,-124.016667,710,"north","USA",NA,"sedlac",1112,1,2013,"Gavin, D.G., Brubaker, L.B., Greenwald, D.N., 2013. Postglacial climate and fire-mediated vegetation change on the western Olympic Peninsula, Washington (USA). Ecological Monographs 83, 471–489.","Postglacial climate and fire-mediated vegetation change on the western Olympic Peninsula, Washington (USA)","Ecological Monographs",83,NA,"471-489",NA,"10.1890/12-1742.1",NA,NA,NA,NA,NA,NA,NA,NA,NA,NA,NA,NA,NA,"RPDv1b:2067",1112,"Gavin, D.G.",1,"Gavin","D.G.",NA,NA,NA,NA,NA,NA,NA,NA,NA,"RPDv1b:2067",1112,"RPDv1b",2067,17620,110,1.1,"m",0.02,"AMS","terrestrial plant macrofossil",3620,60,NA,NA,"CAMS-35107",TRUE,NA,"NA Date is in uncalibrated radiocarbon years.","Yahoo Lake core_SIEVED","counted","150-500",NA,NA,"",3620,3560,3680,3620,110,0.02,"NA Date is in uncalibrated radiocarbon years.",". Cal curve: NA. Source DB: RPDv1b","Lacustrine","Carbon-14","Radiocarbon",-43,14615.48,"Calibrated radiocarbon years BP","sedimentary charcoal","Data Sourcing: RPDv1b","Sample Age Source: GCDv4"
"1112",108,"charcoal | 150-500um num",122,122.5,123,1,4327.74,NA,NA,"GCDv4","Charcoal (sum)","150-500 µm",150,500,"False","False","number","Macroscopic charcoal (sieved)","direct",NA,"CHAR",4,NA,NA,"quant_raw",5,"volume","ml","RPDv1b","2067","charcoal","count","macrochar","wet_sieve","particle","150-500um num",NA,"150-500um","num","RPDv1b","measured",1,"RPDv1b","ELEMENT=150-500 µm","Yahoo Lake core",47.683333,-124.016667,710,"north","USA",NA,"sedlac",1112,1,2013,"Gavin, D.G., Brubaker, L.B., Greenwald, D.N., 2013. Postglacial climate and fire-mediated vegetation change on the western Olympic Peninsula, Washington (USA). Ecological Monographs 83, 471–489.","Postglacial climate and fire-mediated vegetation change on the western Olympic Peninsula, Washington (USA)","Ecological Monographs",83,NA,"471-489",NA,"10.1890/12-1742.1",NA,NA,NA,NA,NA,NA,NA,NA,NA,NA,NA,NA,NA,"RPDv1b:2067",1112,"Gavin, D.G.",1,"Gavin","D.G.",NA,NA,NA,NA,NA,NA,NA,NA,NA,"RPDv1b:2067",1112,"RPDv1b",2067,17620,110,1.1,"m",0.02,"AMS","terrestrial plant macrofossil",3620,60,NA,NA,"CAMS-35107",TRUE,NA,"NA Date is in uncalibrated radiocarbon years.","Yahoo Lake core_SIEVED","counted","150-500",NA,NA,"",3620,3560,3680,3620,110,0.02,"NA Date is in uncalibrated radiocarbon years.",". Cal curve: NA. Source DB: RPDv1b","Lacustrine","Carbon-14","Radiocarbon",-43,14615.48,"Calibrated radiocarbon years BP","sedimentary charcoal","Data Sourcing: RPDv1b","Sample Age Source: GCDv4"
"1112",109,"charcoal | 150-500um num",123,123.5,124,1,4359.78,NA,NA,"GCDv4","Charcoal (sum)","150-500 µm",150,500,"False","False","number","Macroscopic charcoal (sieved)","direct",NA,"CHAR",4,NA,NA,"quant_raw",5,"volume","ml","RPDv1b","2067","charcoal","count","macrochar","wet_sieve","particle","150-500um num",NA,"150-500um","num","RPDv1b","measured",1,"RPDv1b","ELEMENT=150-500 µm","Yahoo Lake core",47.683333,-124.016667,710,"north","USA",NA,"sedlac",1112,1,2013,"Gavin, D.G., Brubaker, L.B., Greenwald, D.N., 2013. Postglacial climate and fire-mediated vegetation change on the western Olympic Peninsula, Washington (USA). Ecological Monographs 83, 471–489.","Postglacial climate and fire-mediated vegetation change on the western Olympic Peninsula, Washington (USA)","Ecological Monographs",83,NA,"471-489",NA,"10.1890/12-1742.1",NA,NA,NA,NA,NA,NA,NA,NA,NA,NA,NA,NA,NA,"RPDv1b:2067",1112,"Gavin, D.G.",1,"Gavin","D.G.",NA,NA,NA,NA,NA,NA,NA,NA,NA,"RPDv1b:2067",1112,"RPDv1b",2067,17620,110,1.1,"m",0.02,"AMS","terrestrial plant macrofossil",3620,60,NA,NA,"CAMS-35107",TRUE,NA,"NA Date is in uncalibrated radiocarbon years.","Yahoo Lake core_SIEVED","counted","150-500",NA,NA,"",3620,3560,3680,3620,110,0.02,"NA Date is in uncalibrated radiocarbon years.",". Cal curve: NA. Source DB: RPDv1b","Lacustrine","Carbon-14","Radiocarbon",-43,14615.48,"Calibrated radiocarbon years BP","sedimentary charcoal","Data Sourcing: RPDv1b","Sample Age Source: GCDv4"
"1112",110,"charcoal | 150-500um num",124,124.5,125,1,4391.74,NA,NA,"GCDv4","Charcoal (sum)","150-500 µm",150,500,"False","False","number","Macroscopic charcoal (sieved)","direct",NA,"CHAR",6,NA,NA,"quant_raw",5,"volume","ml","RPDv1b","2067","charcoal","count","macrochar","wet_sieve","particle","150-500um num",NA,"150-500um","num","RPDv1b","measured",1,"RPDv1b","ELEMENT=150-500 µm","Yahoo Lake core",47.683333,-124.016667,710,"north","USA",NA,"sedlac",1112,1,2013,"Gavin, D.G., Brubaker, L.B., Greenwald, D.N., 2013. Postglacial climate and fire-mediated vegetation change on the western Olympic Peninsula, Washington (USA). Ecological Monographs 83, 471–489.","Postglacial climate and fire-mediated vegetation change on the western Olympic Peninsula, Washington (USA)","Ecological Monographs",83,NA,"471-489",NA,"10.1890/12-1742.1",NA,NA,NA,NA,NA,NA,NA,NA,NA,NA,NA,NA,NA,"RPDv1b:2067",1112,"Gavin, D.G.",1,"Gavin","D.G.",NA,NA,NA,NA,NA,NA,NA,NA,NA,"RPDv1b:2067",1112,"RPDv1b",2067,17620,110,1.1,"m",0.02,"AMS","terrestrial plant macrofossil",3620,60,NA,NA,"CAMS-35107",TRUE,NA,"NA Date is in uncalibrated radiocarbon years.","Yahoo Lake core_SIEVED","counted","150-500",NA,NA,"",3620,3560,3680,3620,110,0.02,"NA Date is in uncalibrated radiocarbon years.",". Cal curve: NA. Source DB: RPDv1b","Lacustrine","Carbon-14","Radiocarbon",-43,14615.48,"Calibrated radiocarbon years BP","sedimentary charcoal","Data Sourcing: RPDv1b","Sample Age Source: GCDv4"
"1112",111,"charcoal | 150-500um num",125,125.5,126,1,4423.61,NA,NA,"GCDv4","Charcoal (sum)","150-500 µm",150,500,"False","False","number","Macroscopic charcoal (sieved)","direct",NA,"CHAR",14,NA,NA,"quant_raw",5,"volume","ml","RPDv1b","2067","charcoal","count","macrochar","wet_sieve","particle","150-500um num",NA,"150-500um","num","RPDv1b","measured",1,"RPDv1b","ELEMENT=150-500 µm","Yahoo Lake core",47.683333,-124.016667,710,"north","USA",NA,"sedlac",1112,1,2013,"Gavin, D.G., Brubaker, L.B., Greenwald, D.N., 2013. Postglacial climate and fire-mediated vegetation change on the western Olympic Peninsula, Washington (USA). Ecological Monographs 83, 471–489.","Postglacial climate and fire-mediated vegetation change on the western Olympic Peninsula, Washington (USA)","Ecological Monographs",83,NA,"471-489",NA,"10.1890/12-1742.1",NA,NA,NA,NA,NA,NA,NA,NA,NA,NA,NA,NA,NA,"RPDv1b:2067",1112,"Gavin, D.G.",1,"Gavin","D.G.",NA,NA,NA,NA,NA,NA,NA,NA,NA,"RPDv1b:2067",1112,"RPDv1b",2067,17620,110,1.1,"m",0.02,"AMS","terrestrial plant macrofossil",3620,60,NA,NA,"CAMS-35107",TRUE,NA,"NA Date is in uncalibrated radiocarbon years.","Yahoo Lake core_SIEVED","counted","150-500",NA,NA,"",3620,3560,3680,3620,110,0.02,"NA Date is in uncalibrated radiocarbon years.",". Cal curve: NA. Source DB: RPDv1b","Lacustrine","Carbon-14","Radiocarbon",-43,14615.48,"Calibrated radiocarbon years BP","sedimentary charcoal","Data Sourcing: RPDv1b","Sample Age Source: GCDv4"
"1112",112,"charcoal | 150-500um num",126,126.5,127,1,4455.4,NA,NA,"GCDv4","Charcoal (sum)","150-500 µm",150,500,"False","False","number","Macroscopic charcoal (sieved)","direct",NA,"CHAR",7,NA,NA,"quant_raw",5,"volume","ml","RPDv1b","2067","charcoal","count","macrochar","wet_sieve","particle","150-500um num",NA,"150-500um","num","RPDv1b","measured",1,"RPDv1b","ELEMENT=150-500 µm","Yahoo Lake core",47.683333,-124.016667,710,"north","USA",NA,"sedlac",1112,1,2013,"Gavin, D.G., Brubaker, L.B., Greenwald, D.N., 2013. Postglacial climate and fire-mediated vegetation change on the western Olympic Peninsula, Washington (USA). Ecological Monographs 83, 471–489.","Postglacial climate and fire-mediated vegetation change on the western Olympic Peninsula, Washington (USA)","Ecological Monographs",83,NA,"471-489",NA,"10.1890/12-1742.1",NA,NA,NA,NA,NA,NA,NA,NA,NA,NA,NA,NA,NA,"RPDv1b:2067",1112,"Gavin, D.G.",1,"Gavin","D.G.",NA,NA,NA,NA,NA,NA,NA,NA,NA,"RPDv1b:2067",1112,"RPDv1b",2067,17620,110,1.1,"m",0.02,"AMS","terrestrial plant macrofossil",3620,60,NA,NA,"CAMS-35107",TRUE,NA,"NA Date is in uncalibrated radiocarbon years.","Yahoo Lake core_SIEVED","counted","150-500",NA,NA,"",3620,3560,3680,3620,110,0.02,"NA Date is in uncalibrated radiocarbon years.",". Cal curve: NA. Source DB: RPDv1b","Lacustrine","Carbon-14","Radiocarbon",-43,14615.48,"Calibrated radiocarbon years BP","sedimentary charcoal","Data Sourcing: RPDv1b","Sample Age Source: GCDv4"
"1112",113,"charcoal | 150-500um num",127,127.5,128,1,4487.12,NA,NA,"GCDv4","Charcoal (sum)","150-500 µm",150,500,"False","False","number","Macroscopic charcoal (sieved)","direct",NA,"CHAR",5,NA,NA,"quant_raw",5,"volume","ml","RPDv1b","2067","charcoal","count","macrochar","wet_sieve","particle","150-500um num",NA,"150-500um","num","RPDv1b","measured",1,"RPDv1b","ELEMENT=150-500 µm","Yahoo Lake core",47.683333,-124.016667,710,"north","USA",NA,"sedlac",1112,1,2013,"Gavin, D.G., Brubaker, L.B., Greenwald, D.N., 2013. Postglacial climate and fire-mediated vegetation change on the western Olympic Peninsula, Washington (USA). Ecological Monographs 83, 471–489.","Postglacial climate and fire-mediated vegetation change on the western Olympic Peninsula, Washington (USA)","Ecological Monographs",83,NA,"471-489",NA,"10.1890/12-1742.1",NA,NA,NA,NA,NA,NA,NA,NA,NA,NA,NA,NA,NA,"RPDv1b:2067",1112,"Gavin, D.G.",1,"Gavin","D.G.",NA,NA,NA,NA,NA,NA,NA,NA,NA,"RPDv1b:2067",1112,"RPDv1b",2067,17620,110,1.1,"m",0.02,"AMS","terrestrial plant macrofossil",3620,60,NA,NA,"CAMS-35107",TRUE,NA,"NA Date is in uncalibrated radiocarbon years.","Yahoo Lake core_SIEVED","counted","150-500",NA,NA,"",3620,3560,3680,3620,110,0.02,"NA Date is in uncalibrated radiocarbon years.",". Cal curve: NA. Source DB: RPDv1b","Lacustrine","Carbon-14","Radiocarbon",-43,14615.48,"Calibrated radiocarbon years BP","sedimentary charcoal","Data Sourcing: RPDv1b","Sample Age Source: GCDv4"
"1112",114,"charcoal | 150-500um num",128,128.5,129,1,4518.75,NA,NA,"GCDv4","Charcoal (sum)","150-500 µm",150,500,"False","False","number","Macroscopic charcoal (sieved)","direct",NA,"CHAR",14,NA,NA,"quant_raw",5,"volume","ml","RPDv1b","2067","charcoal","count","macrochar","wet_sieve","particle","150-500um num",NA,"150-500um","num","RPDv1b","measured",1,"RPDv1b","ELEMENT=150-500 µm","Yahoo Lake core",47.683333,-124.016667,710,"north","USA",NA,"sedlac",1112,1,2013,"Gavin, D.G., Brubaker, L.B., Greenwald, D.N., 2013. Postglacial climate and fire-mediated vegetation change on the western Olympic Peninsula, Washington (USA). Ecological Monographs 83, 471–489.","Postglacial climate and fire-mediated vegetation change on the western Olympic Peninsula, Washington (USA)","Ecological Monographs",83,NA,"471-489",NA,"10.1890/12-1742.1",NA,NA,NA,NA,NA,NA,NA,NA,NA,NA,NA,NA,NA,"RPDv1b:2067",1112,"Gavin, D.G.",1,"Gavin","D.G.",NA,NA,NA,NA,NA,NA,NA,NA,NA,"RPDv1b:2067",1112,"RPDv1b",2067,17620,110,1.1,"m",0.02,"AMS","terrestrial plant macrofossil",3620,60,NA,NA,"CAMS-35107",TRUE,NA,"NA Date is in uncalibrated radiocarbon years.","Yahoo Lake core_SIEVED","counted","150-500",NA,NA,"",3620,3560,3680,3620,110,0.02,"NA Date is in uncalibrated radiocarbon years.",". Cal curve: NA. Source DB: RPDv1b","Lacustrine","Carbon-14","Radiocarbon",-43,14615.48,"Calibrated radiocarbon years BP","sedimentary charcoal","Data Sourcing: RPDv1b","Sample Age Source: GCDv4"
"1112",115,"charcoal | 150-500um num",129,129.5,130,1,4550.31,NA,NA,"GCDv4","Charcoal (sum)","150-500 µm",150,500,"False","False","number","Macroscopic charcoal (sieved)","direct",NA,"CHAR",22,NA,NA,"quant_raw",4.6,"volume","ml","RPDv1b","2067","charcoal","count","macrochar","wet_sieve","particle","150-500um num",NA,"150-500um","num","RPDv1b","measured",1,"RPDv1b","ELEMENT=150-500 µm","Yahoo Lake core",47.683333,-124.016667,710,"north","USA",NA,"sedlac",1112,1,2013,"Gavin, D.G., Brubaker, L.B., Greenwald, D.N., 2013. Postglacial climate and fire-mediated vegetation change on the western Olympic Peninsula, Washington (USA). Ecological Monographs 83, 471–489.","Postglacial climate and fire-mediated vegetation change on the western Olympic Peninsula, Washington (USA)","Ecological Monographs",83,NA,"471-489",NA,"10.1890/12-1742.1",NA,NA,NA,NA,NA,NA,NA,NA,NA,NA,NA,NA,NA,"RPDv1b:2067",1112,"Gavin, D.G.",1,"Gavin","D.G.",NA,NA,NA,NA,NA,NA,NA,NA,NA,"RPDv1b:2067",1112,"RPDv1b",2067,17620,110,1.1,"m",0.02,"AMS","terrestrial plant macrofossil",3620,60,NA,NA,"CAMS-35107",TRUE,NA,"NA Date is in uncalibrated radiocarbon years.","Yahoo Lake core_SIEVED","counted","150-500",NA,NA,"",3620,3560,3680,3620,110,0.02,"NA Date is in uncalibrated radiocarbon years.",". Cal curve: NA. Source DB: RPDv1b","Lacustrine","Carbon-14","Radiocarbon",-43,14615.48,"Calibrated radiocarbon years BP","sedimentary charcoal","Data Sourcing: RPDv1b","Sample Age Source: GCDv4"
"1112",116,"charcoal | 150-500um num",130,130.5,131,1,4581.8,NA,NA,"GCDv4","Charcoal (sum)","150-500 µm",150,500,"False","False","number","Macroscopic charcoal (sieved)","direct",NA,"CHAR",12,NA,NA,"quant_raw",5,"volume","ml","RPDv1b","2067","charcoal","count","macrochar","wet_sieve","particle","150-500um num",NA,"150-500um","num","RPDv1b","measured",1,"RPDv1b","ELEMENT=150-500 µm","Yahoo Lake core",47.683333,-124.016667,710,"north","USA",NA,"sedlac",1112,1,2013,"Gavin, D.G., Brubaker, L.B., Greenwald, D.N., 2013. Postglacial climate and fire-mediated vegetation change on the western Olympic Peninsula, Washington (USA). Ecological Monographs 83, 471–489.","Postglacial climate and fire-mediated vegetation change on the western Olympic Peninsula, Washington (USA)","Ecological Monographs",83,NA,"471-489",NA,"10.1890/12-1742.1",NA,NA,NA,NA,NA,NA,NA,NA,NA,NA,NA,NA,NA,"RPDv1b:2067",1112,"Gavin, D.G.",1,"Gavin","D.G.",NA,NA,NA,NA,NA,NA,NA,NA,NA,"RPDv1b:2067",1112,"RPDv1b",2067,17620,110,1.1,"m",0.02,"AMS","terrestrial plant macrofossil",3620,60,NA,NA,"CAMS-35107",TRUE,NA,"NA Date is in uncalibrated radiocarbon years.","Yahoo Lake core_SIEVED","counted","150-500",NA,NA,"",3620,3560,3680,3620,110,0.02,"NA Date is in uncalibrated radiocarbon years.",". Cal curve: NA. Source DB: RPDv1b","Lacustrine","Carbon-14","Radiocarbon",-43,14615.48,"Calibrated radiocarbon years BP","sedimentary charcoal","Data Sourcing: RPDv1b","Sample Age Source: GCDv4"
"1112",117,"charcoal | 150-500um num",131,131.5,132,1,4613.21,NA,NA,"GCDv4","Charcoal (sum)","150-500 µm",150,500,"False","False","number","Macroscopic charcoal (sieved)","direct",NA,"CHAR",15,NA,NA,"quant_raw",5,"volume","ml","RPDv1b","2067","charcoal","count","macrochar","wet_sieve","particle","150-500um num",NA,"150-500um","num","RPDv1b","measured",1,"RPDv1b","ELEMENT=150-500 µm","Yahoo Lake core",47.683333,-124.016667,710,"north","USA",NA,"sedlac",1112,1,2013,"Gavin, D.G., Brubaker, L.B., Greenwald, D.N., 2013. Postglacial climate and fire-mediated vegetation change on the western Olympic Peninsula, Washington (USA). Ecological Monographs 83, 471–489.","Postglacial climate and fire-mediated vegetation change on the western Olympic Peninsula, Washington (USA)","Ecological Monographs",83,NA,"471-489",NA,"10.1890/12-1742.1",NA,NA,NA,NA,NA,NA,NA,NA,NA,NA,NA,NA,NA,"RPDv1b:2067",1112,"Gavin, D.G.",1,"Gavin","D.G.",NA,NA,NA,NA,NA,NA,NA,NA,NA,"RPDv1b:2067",1112,"RPDv1b",2067,17620,110,1.1,"m",0.02,"AMS","terrestrial plant macrofossil",3620,60,NA,NA,"CAMS-35107",TRUE,NA,"NA Date is in uncalibrated radiocarbon years.","Yahoo Lake core_SIEVED","counted","150-500",NA,NA,"",3620,3560,3680,3620,110,0.02,"NA Date is in uncalibrated radiocarbon years.",". Cal curve: NA. Source DB: RPDv1b","Lacustrine","Carbon-14","Radiocarbon",-43,14615.48,"Calibrated radiocarbon years BP","sedimentary charcoal","Data Sourcing: RPDv1b","Sample Age Source: GCDv4"
"1112",118,"charcoal | 150-500um num",132,132.5,133,1,4644.55,NA,NA,"GCDv4","Charcoal (sum)","150-500 µm",150,500,"False","False","number","Macroscopic charcoal (sieved)","direct",NA,"CHAR",18,NA,NA,"quant_raw",5,"volume","ml","RPDv1b","2067","charcoal","count","macrochar","wet_sieve","particle","150-500um num",NA,"150-500um","num","RPDv1b","measured",1,"RPDv1b","ELEMENT=150-500 µm","Yahoo Lake core",47.683333,-124.016667,710,"north","USA",NA,"sedlac",1112,1,2013,"Gavin, D.G., Brubaker, L.B., Greenwald, D.N., 2013. Postglacial climate and fire-mediated vegetation change on the western Olympic Peninsula, Washington (USA). Ecological Monographs 83, 471–489.","Postglacial climate and fire-mediated vegetation change on the western Olympic Peninsula, Washington (USA)","Ecological Monographs",83,NA,"471-489",NA,"10.1890/12-1742.1",NA,NA,NA,NA,NA,NA,NA,NA,NA,NA,NA,NA,NA,"RPDv1b:2067",1112,"Gavin, D.G.",1,"Gavin","D.G.",NA,NA,NA,NA,NA,NA,NA,NA,NA,"RPDv1b:2067",1112,"RPDv1b",2067,17620,110,1.1,"m",0.02,"AMS","terrestrial plant macrofossil",3620,60,NA,NA,"CAMS-35107",TRUE,NA,"NA Date is in uncalibrated radiocarbon years.","Yahoo Lake core_SIEVED","counted","150-500",NA,NA,"",3620,3560,3680,3620,110,0.02,"NA Date is in uncalibrated radiocarbon years.",". Cal curve: NA. Source DB: RPDv1b","Lacustrine","Carbon-14","Radiocarbon",-43,14615.48,"Calibrated radiocarbon years BP","sedimentary charcoal","Data Sourcing: RPDv1b","Sample Age Source: GCDv4"
"1112",119,"charcoal | 150-500um num",133,133.5,134,1,4675.83,NA,NA,"GCDv4","Charcoal (sum)","150-500 µm",150,500,"False","False","number","Macroscopic charcoal (sieved)","direct",NA,"CHAR",17,NA,NA,"quant_raw",5,"volume","ml","RPDv1b","2067","charcoal","count","macrochar","wet_sieve","particle","150-500um num",NA,"150-500um","num","RPDv1b","measured",1,"RPDv1b","ELEMENT=150-500 µm","Yahoo Lake core",47.683333,-124.016667,710,"north","USA",NA,"sedlac",1112,1,2013,"Gavin, D.G., Brubaker, L.B., Greenwald, D.N., 2013. Postglacial climate and fire-mediated vegetation change on the western Olympic Peninsula, Washington (USA). Ecological Monographs 83, 471–489.","Postglacial climate and fire-mediated vegetation change on the western Olympic Peninsula, Washington (USA)","Ecological Monographs",83,NA,"471-489",NA,"10.1890/12-1742.1",NA,NA,NA,NA,NA,NA,NA,NA,NA,NA,NA,NA,NA,"RPDv1b:2067",1112,"Gavin, D.G.",1,"Gavin","D.G.",NA,NA,NA,NA,NA,NA,NA,NA,NA,"RPDv1b:2067",1112,"RPDv1b",2067,17620,110,1.1,"m",0.02,"AMS","terrestrial plant macrofossil",3620,60,NA,NA,"CAMS-35107",TRUE,NA,"NA Date is in uncalibrated radiocarbon years.","Yahoo Lake core_SIEVED","counted","150-500",NA,NA,"",3620,3560,3680,3620,110,0.02,"NA Date is in uncalibrated radiocarbon years.",". Cal curve: NA. Source DB: RPDv1b","Lacustrine","Carbon-14","Radiocarbon",-43,14615.48,"Calibrated radiocarbon years BP","sedimentary charcoal","Data Sourcing: RPDv1b","Sample Age Source: GCDv4"
"1112",120,"charcoal | 150-500um num",134,134.5,135,1,4707.03,NA,NA,"GCDv4","Charcoal (sum)","150-500 µm",150,500,"False","False","number","Macroscopic charcoal (sieved)","direct",NA,"CHAR",92,NA,NA,"quant_raw",5,"volume","ml","RPDv1b","2067","charcoal","count","macrochar","wet_sieve","particle","150-500um num",NA,"150-500um","num","RPDv1b","measured",1,"RPDv1b","ELEMENT=150-500 µm","Yahoo Lake core",47.683333,-124.016667,710,"north","USA",NA,"sedlac",1112,1,2013,"Gavin, D.G., Brubaker, L.B., Greenwald, D.N., 2013. Postglacial climate and fire-mediated vegetation change on the western Olympic Peninsula, Washington (USA). Ecological Monographs 83, 471–489.","Postglacial climate and fire-mediated vegetation change on the western Olympic Peninsula, Washington (USA)","Ecological Monographs",83,NA,"471-489",NA,"10.1890/12-1742.1",NA,NA,NA,NA,NA,NA,NA,NA,NA,NA,NA,NA,NA,"RPDv1b:2067",1112,"Gavin, D.G.",1,"Gavin","D.G.",NA,NA,NA,NA,NA,NA,NA,NA,NA,"RPDv1b:2067",1112,"RPDv1b",2067,17620,110,1.1,"m",0.02,"AMS","terrestrial plant macrofossil",3620,60,NA,NA,"CAMS-35107",TRUE,NA,"NA Date is in uncalibrated radiocarbon years.","Yahoo Lake core_SIEVED","counted","150-500",NA,NA,"",3620,3560,3680,3620,110,0.02,"NA Date is in uncalibrated radiocarbon years.",". Cal curve: NA. Source DB: RPDv1b","Lacustrine","Carbon-14","Radiocarbon",-43,14615.48,"Calibrated radiocarbon years BP","sedimentary charcoal","Data Sourcing: RPDv1b","Sample Age Source: GCDv4"
"1112",121,"charcoal | 150-500um num",135,135.5,136,1,4738.17,NA,NA,"GCDv4","Charcoal (sum)","150-500 µm",150,500,"False","False","number","Macroscopic charcoal (sieved)","direct",NA,"CHAR",54,NA,NA,"quant_raw",5,"volume","ml","RPDv1b","2067","charcoal","count","macrochar","wet_sieve","particle","150-500um num",NA,"150-500um","num","RPDv1b","measured",1,"RPDv1b","ELEMENT=150-500 µm","Yahoo Lake core",47.683333,-124.016667,710,"north","USA",NA,"sedlac",1112,1,2013,"Gavin, D.G., Brubaker, L.B., Greenwald, D.N., 2013. Postglacial climate and fire-mediated vegetation change on the western Olympic Peninsula, Washington (USA). Ecological Monographs 83, 471–489.","Postglacial climate and fire-mediated vegetation change on the western Olympic Peninsula, Washington (USA)","Ecological Monographs",83,NA,"471-489",NA,"10.1890/12-1742.1",NA,NA,NA,NA,NA,NA,NA,NA,NA,NA,NA,NA,NA,"RPDv1b:2067",1112,"Gavin, D.G.",1,"Gavin","D.G.",NA,NA,NA,NA,NA,NA,NA,NA,NA,"RPDv1b:2067",1112,"RPDv1b",2067,17620,110,1.1,"m",0.02,"AMS","terrestrial plant macrofossil",3620,60,NA,NA,"CAMS-35107",TRUE,NA,"NA Date is in uncalibrated radiocarbon years.","Yahoo Lake core_SIEVED","counted","150-500",NA,NA,"",3620,3560,3680,3620,110,0.02,"NA Date is in uncalibrated radiocarbon years.",". Cal curve: NA. Source DB: RPDv1b","Lacustrine","Carbon-14","Radiocarbon",-43,14615.48,"Calibrated radiocarbon years BP","sedimentary charcoal","Data Sourcing: RPDv1b","Sample Age Source: GCDv4"
"1112",122,"charcoal | 150-500um num",136,136.5,137,1,4769.25,NA,NA,"GCDv4","Charcoal (sum)","150-500 µm",150,500,"False","False","number","Macroscopic charcoal (sieved)","direct",NA,"CHAR",16,NA,NA,"quant_raw",5,"volume","ml","RPDv1b","2067","charcoal","count","macrochar","wet_sieve","particle","150-500um num",NA,"150-500um","num","RPDv1b","measured",1,"RPDv1b","ELEMENT=150-500 µm","Yahoo Lake core",47.683333,-124.016667,710,"north","USA",NA,"sedlac",1112,1,2013,"Gavin, D.G., Brubaker, L.B., Greenwald, D.N., 2013. Postglacial climate and fire-mediated vegetation change on the western Olympic Peninsula, Washington (USA). Ecological Monographs 83, 471–489.","Postglacial climate and fire-mediated vegetation change on the western Olympic Peninsula, Washington (USA)","Ecological Monographs",83,NA,"471-489",NA,"10.1890/12-1742.1",NA,NA,NA,NA,NA,NA,NA,NA,NA,NA,NA,NA,NA,"RPDv1b:2067",1112,"Gavin, D.G.",1,"Gavin","D.G.",NA,NA,NA,NA,NA,NA,NA,NA,NA,"RPDv1b:2067",1112,"RPDv1b",2067,17620,110,1.1,"m",0.02,"AMS","terrestrial plant macrofossil",3620,60,NA,NA,"CAMS-35107",TRUE,NA,"NA Date is in uncalibrated radiocarbon years.","Yahoo Lake core_SIEVED","counted","150-500",NA,NA,"",3620,3560,3680,3620,110,0.02,"NA Date is in uncalibrated radiocarbon years.",". Cal curve: NA. Source DB: RPDv1b","Lacustrine","Carbon-14","Radiocarbon",-43,14615.48,"Calibrated radiocarbon years BP","sedimentary charcoal","Data Sourcing: RPDv1b","Sample Age Source: GCDv4"
"1112",123,"charcoal | 150-500um num",137,137.5,138,1,4800.26,NA,NA,"GCDv4","Charcoal (sum)","150-500 µm",150,500,"False","False","number","Macroscopic charcoal (sieved)","direct",NA,"CHAR",16,NA,NA,"quant_raw",5,"volume","ml","RPDv1b","2067","charcoal","count","macrochar","wet_sieve","particle","150-500um num",NA,"150-500um","num","RPDv1b","measured",1,"RPDv1b","ELEMENT=150-500 µm","Yahoo Lake core",47.683333,-124.016667,710,"north","USA",NA,"sedlac",1112,1,2013,"Gavin, D.G., Brubaker, L.B., Greenwald, D.N., 2013. Postglacial climate and fire-mediated vegetation change on the western Olympic Peninsula, Washington (USA). Ecological Monographs 83, 471–489.","Postglacial climate and fire-mediated vegetation change on the western Olympic Peninsula, Washington (USA)","Ecological Monographs",83,NA,"471-489",NA,"10.1890/12-1742.1",NA,NA,NA,NA,NA,NA,NA,NA,NA,NA,NA,NA,NA,"RPDv1b:2067",1112,"Gavin, D.G.",1,"Gavin","D.G.",NA,NA,NA,NA,NA,NA,NA,NA,NA,"RPDv1b:2067",1112,"RPDv1b",2067,17620,110,1.1,"m",0.02,"AMS","terrestrial plant macrofossil",3620,60,NA,NA,"CAMS-35107",TRUE,NA,"NA Date is in uncalibrated radiocarbon years.","Yahoo Lake core_SIEVED","counted","150-500",NA,NA,"",3620,3560,3680,3620,110,0.02,"NA Date is in uncalibrated radiocarbon years.",". Cal curve: NA. Source DB: RPDv1b","Lacustrine","Carbon-14","Radiocarbon",-43,14615.48,"Calibrated radiocarbon years BP","sedimentary charcoal","Data Sourcing: RPDv1b","Sample Age Source: GCDv4"
"1112",124,"charcoal | 150-500um num",138,138.5,139,1,4831.22,NA,NA,"GCDv4","Charcoal (sum)","150-500 µm",150,500,"False","False","number","Macroscopic charcoal (sieved)","direct",NA,"CHAR",21,NA,NA,"quant_raw",4.6,"volume","ml","RPDv1b","2067","charcoal","count","macrochar","wet_sieve","particle","150-500um num",NA,"150-500um","num","RPDv1b","measured",1,"RPDv1b","ELEMENT=150-500 µm","Yahoo Lake core",47.683333,-124.016667,710,"north","USA",NA,"sedlac",1112,1,2013,"Gavin, D.G., Brubaker, L.B., Greenwald, D.N., 2013. Postglacial climate and fire-mediated vegetation change on the western Olympic Peninsula, Washington (USA). Ecological Monographs 83, 471–489.","Postglacial climate and fire-mediated vegetation change on the western Olympic Peninsula, Washington (USA)","Ecological Monographs",83,NA,"471-489",NA,"10.1890/12-1742.1",NA,NA,NA,NA,NA,NA,NA,NA,NA,NA,NA,NA,NA,"RPDv1b:2067",1112,"Gavin, D.G.",1,"Gavin","D.G.",NA,NA,NA,NA,NA,NA,NA,NA,NA,"RPDv1b:2067",1112,"RPDv1b",2067,17620,110,1.1,"m",0.02,"AMS","terrestrial plant macrofossil",3620,60,NA,NA,"CAMS-35107",TRUE,NA,"NA Date is in uncalibrated radiocarbon years.","Yahoo Lake core_SIEVED","counted","150-500",NA,NA,"",3620,3560,3680,3620,110,0.02,"NA Date is in uncalibrated radiocarbon years.",". Cal curve: NA. Source DB: RPDv1b","Lacustrine","Carbon-14","Radiocarbon",-43,14615.48,"Calibrated radiocarbon years BP","sedimentary charcoal","Data Sourcing: RPDv1b","Sample Age Source: GCDv4"
"1112",125,"charcoal | 150-500um num",139,139.5,140,1,4862.11,NA,NA,"GCDv4","Charcoal (sum)","150-500 µm",150,500,"False","False","number","Macroscopic charcoal (sieved)","direct",NA,"CHAR",15,NA,NA,"quant_raw",4.8,"volume","ml","RPDv1b","2067","charcoal","count","macrochar","wet_sieve","particle","150-500um num",NA,"150-500um","num","RPDv1b","measured",1,"RPDv1b","ELEMENT=150-500 µm","Yahoo Lake core",47.683333,-124.016667,710,"north","USA",NA,"sedlac",1112,1,2013,"Gavin, D.G., Brubaker, L.B., Greenwald, D.N., 2013. Postglacial climate and fire-mediated vegetation change on the western Olympic Peninsula, Washington (USA). Ecological Monographs 83, 471–489.","Postglacial climate and fire-mediated vegetation change on the western Olympic Peninsula, Washington (USA)","Ecological Monographs",83,NA,"471-489",NA,"10.1890/12-1742.1",NA,NA,NA,NA,NA,NA,NA,NA,NA,NA,NA,NA,NA,"RPDv1b:2067",1112,"Gavin, D.G.",1,"Gavin","D.G.",NA,NA,NA,NA,NA,NA,NA,NA,NA,"RPDv1b:2067",1112,"RPDv1b",2067,17621,198.5,1.985,"m",0.01,"AMS","terrestrial plant macrofossil",5845,60,NA,NA,"AA-20315",TRUE,NA,"NA Date is in uncalibrated radiocarbon years.","Yahoo Lake core_SIEVED","counted","150-500",NA,NA,"",5845,5785,5905,5845,198.5,0.01,"NA Date is in uncalibrated radiocarbon years.",". Cal curve: NA. Source DB: RPDv1b","Lacustrine","Carbon-14","Radiocarbon",-43,14615.48,"Calibrated radiocarbon years BP","sedimentary charcoal","Data Sourcing: RPDv1b","Sample Age Source: GCDv4"
"1112",126,"charcoal | 150-500um num",140,140.5,141,1,4892.95,NA,NA,"GCDv4","Charcoal (sum)","150-500 µm",150,500,"False","False","number","Macroscopic charcoal (sieved)","direct",NA,"CHAR",2,NA,NA,"quant_raw",4.6,"volume","ml","RPDv1b","2067","charcoal","count","macrochar","wet_sieve","particle","150-500um num",NA,"150-500um","num","RPDv1b","measured",1,"RPDv1b","ELEMENT=150-500 µm","Yahoo Lake core",47.683333,-124.016667,710,"north","USA",NA,"sedlac",1112,1,2013,"Gavin, D.G., Brubaker, L.B., Greenwald, D.N., 2013. Postglacial climate and fire-mediated vegetation change on the western Olympic Peninsula, Washington (USA). Ecological Monographs 83, 471–489.","Postglacial climate and fire-mediated vegetation change on the western Olympic Peninsula, Washington (USA)","Ecological Monographs",83,NA,"471-489",NA,"10.1890/12-1742.1",NA,NA,NA,NA,NA,NA,NA,NA,NA,NA,NA,NA,NA,"RPDv1b:2067",1112,"Gavin, D.G.",1,"Gavin","D.G.",NA,NA,NA,NA,NA,NA,NA,NA,NA,"RPDv1b:2067",1112,"RPDv1b",2067,17621,198.5,1.985,"m",0.01,"AMS","terrestrial plant macrofossil",5845,60,NA,NA,"AA-20315",TRUE,NA,"NA Date is in uncalibrated radiocarbon years.","Yahoo Lake core_SIEVED","counted","150-500",NA,NA,"",5845,5785,5905,5845,198.5,0.01,"NA Date is in uncalibrated radiocarbon years.",". Cal curve: NA. Source DB: RPDv1b","Lacustrine","Carbon-14","Radiocarbon",-43,14615.48,"Calibrated radiocarbon years BP","sedimentary charcoal","Data Sourcing: RPDv1b","Sample Age Source: GCDv4"
"1112",127,"charcoal | 150-500um num",141,141.5,142,1,4923.73,NA,NA,"GCDv4","Charcoal (sum)","150-500 µm",150,500,"False","False","number","Macroscopic charcoal (sieved)","direct",NA,"CHAR",3,NA,NA,"quant_raw",4.9,"volume","ml","RPDv1b","2067","charcoal","count","macrochar","wet_sieve","particle","150-500um num",NA,"150-500um","num","RPDv1b","measured",1,"RPDv1b","ELEMENT=150-500 µm","Yahoo Lake core",47.683333,-124.016667,710,"north","USA",NA,"sedlac",1112,1,2013,"Gavin, D.G., Brubaker, L.B., Greenwald, D.N., 2013. Postglacial climate and fire-mediated vegetation change on the western Olympic Peninsula, Washington (USA). Ecological Monographs 83, 471–489.","Postglacial climate and fire-mediated vegetation change on the western Olympic Peninsula, Washington (USA)","Ecological Monographs",83,NA,"471-489",NA,"10.1890/12-1742.1",NA,NA,NA,NA,NA,NA,NA,NA,NA,NA,NA,NA,NA,"RPDv1b:2067",1112,"Gavin, D.G.",1,"Gavin","D.G.",NA,NA,NA,NA,NA,NA,NA,NA,NA,"RPDv1b:2067",1112,"RPDv1b",2067,17621,198.5,1.985,"m",0.01,"AMS","terrestrial plant macrofossil",5845,60,NA,NA,"AA-20315",TRUE,NA,"NA Date is in uncalibrated radiocarbon years.","Yahoo Lake core_SIEVED","counted","150-500",NA,NA,"",5845,5785,5905,5845,198.5,0.01,"NA Date is in uncalibrated radiocarbon years.",". Cal curve: NA. Source DB: RPDv1b","Lacustrine","Carbon-14","Radiocarbon",-43,14615.48,"Calibrated radiocarbon years BP","sedimentary charcoal","Data Sourcing: RPDv1b","Sample Age Source: GCDv4"
"1112",128,"charcoal | 150-500um num",142,142.5,143,1,4954.46,NA,NA,"GCDv4","Charcoal (sum)","150-500 µm",150,500,"False","False","number","Macroscopic charcoal (sieved)","direct",NA,"CHAR",0,NA,NA,"quant_raw",4.6,"volume","ml","RPDv1b","2067","charcoal","count","macrochar","wet_sieve","particle","150-500um num",NA,"150-500um","num","RPDv1b","measured",1,"RPDv1b","ELEMENT=150-500 µm","Yahoo Lake core",47.683333,-124.016667,710,"north","USA",NA,"sedlac",1112,1,2013,"Gavin, D.G., Brubaker, L.B., Greenwald, D.N., 2013. Postglacial climate and fire-mediated vegetation change on the western Olympic Peninsula, Washington (USA). Ecological Monographs 83, 471–489.","Postglacial climate and fire-mediated vegetation change on the western Olympic Peninsula, Washington (USA)","Ecological Monographs",83,NA,"471-489",NA,"10.1890/12-1742.1",NA,NA,NA,NA,NA,NA,NA,NA,NA,NA,NA,NA,NA,"RPDv1b:2067",1112,"Gavin, D.G.",1,"Gavin","D.G.",NA,NA,NA,NA,NA,NA,NA,NA,NA,"RPDv1b:2067",1112,"RPDv1b",2067,17621,198.5,1.985,"m",0.01,"AMS","terrestrial plant macrofossil",5845,60,NA,NA,"AA-20315",TRUE,NA,"NA Date is in uncalibrated radiocarbon years.","Yahoo Lake core_SIEVED","counted","150-500",NA,NA,"",5845,5785,5905,5845,198.5,0.01,"NA Date is in uncalibrated radiocarbon years.",". Cal curve: NA. Source DB: RPDv1b","Lacustrine","Carbon-14","Radiocarbon",-43,14615.48,"Calibrated radiocarbon years BP","sedimentary charcoal","Data Sourcing: RPDv1b","Sample Age Source: GCDv4"
"1112",129,"charcoal | 150-500um num",143,143.5,144,1,4985.13,NA,NA,"GCDv4","Charcoal (sum)","150-500 µm",150,500,"False","False","number","Macroscopic charcoal (sieved)","direct",NA,"CHAR",14,NA,NA,"quant_raw",4.6,"volume","ml","RPDv1b","2067","charcoal","count","macrochar","wet_sieve","particle","150-500um num",NA,"150-500um","num","RPDv1b","measured",1,"RPDv1b","ELEMENT=150-500 µm","Yahoo Lake core",47.683333,-124.016667,710,"north","USA",NA,"sedlac",1112,1,2013,"Gavin, D.G., Brubaker, L.B., Greenwald, D.N., 2013. Postglacial climate and fire-mediated vegetation change on the western Olympic Peninsula, Washington (USA). Ecological Monographs 83, 471–489.","Postglacial climate and fire-mediated vegetation change on the western Olympic Peninsula, Washington (USA)","Ecological Monographs",83,NA,"471-489",NA,"10.1890/12-1742.1",NA,NA,NA,NA,NA,NA,NA,NA,NA,NA,NA,NA,NA,"RPDv1b:2067",1112,"Gavin, D.G.",1,"Gavin","D.G.",NA,NA,NA,NA,NA,NA,NA,NA,NA,"RPDv1b:2067",1112,"RPDv1b",2067,17621,198.5,1.985,"m",0.01,"AMS","terrestrial plant macrofossil",5845,60,NA,NA,"AA-20315",TRUE,NA,"NA Date is in uncalibrated radiocarbon years.","Yahoo Lake core_SIEVED","counted","150-500",NA,NA,"",5845,5785,5905,5845,198.5,0.01,"NA Date is in uncalibrated radiocarbon years.",". Cal curve: NA. Source DB: RPDv1b","Lacustrine","Carbon-14","Radiocarbon",-43,14615.48,"Calibrated radiocarbon years BP","sedimentary charcoal","Data Sourcing: RPDv1b","Sample Age Source: GCDv4"
"1112",130,"charcoal | 150-500um num",144,144.5,145,1,5015.76,NA,NA,"GCDv4","Charcoal (sum)","150-500 µm",150,500,"False","False","number","Macroscopic charcoal (sieved)","direct",NA,"CHAR",17,NA,NA,"quant_raw",4.8,"volume","ml","RPDv1b","2067","charcoal","count","macrochar","wet_sieve","particle","150-500um num",NA,"150-500um","num","RPDv1b","measured",1,"RPDv1b","ELEMENT=150-500 µm","Yahoo Lake core",47.683333,-124.016667,710,"north","USA",NA,"sedlac",1112,1,2013,"Gavin, D.G., Brubaker, L.B., Greenwald, D.N., 2013. Postglacial climate and fire-mediated vegetation change on the western Olympic Peninsula, Washington (USA). Ecological Monographs 83, 471–489.","Postglacial climate and fire-mediated vegetation change on the western Olympic Peninsula, Washington (USA)","Ecological Monographs",83,NA,"471-489",NA,"10.1890/12-1742.1",NA,NA,NA,NA,NA,NA,NA,NA,NA,NA,NA,NA,NA,"RPDv1b:2067",1112,"Gavin, D.G.",1,"Gavin","D.G.",NA,NA,NA,NA,NA,NA,NA,NA,NA,"RPDv1b:2067",1112,"RPDv1b",2067,17621,198.5,1.985,"m",0.01,"AMS","terrestrial plant macrofossil",5845,60,NA,NA,"AA-20315",TRUE,NA,"NA Date is in uncalibrated radiocarbon years.","Yahoo Lake core_SIEVED","counted","150-500",NA,NA,"",5845,5785,5905,5845,198.5,0.01,"NA Date is in uncalibrated radiocarbon years.",". Cal curve: NA. Source DB: RPDv1b","Lacustrine","Carbon-14","Radiocarbon",-43,14615.48,"Calibrated radiocarbon years BP","sedimentary charcoal","Data Sourcing: RPDv1b","Sample Age Source: GCDv4"
"1112",131,"charcoal | 150-500um num",145,145.5,146,1,5046.34,NA,NA,"GCDv4","Charcoal (sum)","150-500 µm",150,500,"False","False","number","Macroscopic charcoal (sieved)","direct",NA,"CHAR",24,NA,NA,"quant_raw",4.6,"volume","ml","RPDv1b","2067","charcoal","count","macrochar","wet_sieve","particle","150-500um num",NA,"150-500um","num","RPDv1b","measured",1,"RPDv1b","ELEMENT=150-500 µm","Yahoo Lake core",47.683333,-124.016667,710,"north","USA",NA,"sedlac",1112,1,2013,"Gavin, D.G., Brubaker, L.B., Greenwald, D.N., 2013. Postglacial climate and fire-mediated vegetation change on the western Olympic Peninsula, Washington (USA). Ecological Monographs 83, 471–489.","Postglacial climate and fire-mediated vegetation change on the western Olympic Peninsula, Washington (USA)","Ecological Monographs",83,NA,"471-489",NA,"10.1890/12-1742.1",NA,NA,NA,NA,NA,NA,NA,NA,NA,NA,NA,NA,NA,"RPDv1b:2067",1112,"Gavin, D.G.",1,"Gavin","D.G.",NA,NA,NA,NA,NA,NA,NA,NA,NA,"RPDv1b:2067",1112,"RPDv1b",2067,17621,198.5,1.985,"m",0.01,"AMS","terrestrial plant macrofossil",5845,60,NA,NA,"AA-20315",TRUE,NA,"NA Date is in uncalibrated radiocarbon years.","Yahoo Lake core_SIEVED","counted","150-500",NA,NA,"",5845,5785,5905,5845,198.5,0.01,"NA Date is in uncalibrated radiocarbon years.",". Cal curve: NA. Source DB: RPDv1b","Lacustrine","Carbon-14","Radiocarbon",-43,14615.48,"Calibrated radiocarbon years BP","sedimentary charcoal","Data Sourcing: RPDv1b","Sample Age Source: GCDv4"
"1112",132,"charcoal | 150-500um num",146,146.5,147,1,5076.87,NA,NA,"GCDv4","Charcoal (sum)","150-500 µm",150,500,"False","False","number","Macroscopic charcoal (sieved)","direct",NA,"CHAR",38,NA,NA,"quant_raw",4.8,"volume","ml","RPDv1b","2067","charcoal","count","macrochar","wet_sieve","particle","150-500um num",NA,"150-500um","num","RPDv1b","measured",1,"RPDv1b","ELEMENT=150-500 µm","Yahoo Lake core",47.683333,-124.016667,710,"north","USA",NA,"sedlac",1112,1,2013,"Gavin, D.G., Brubaker, L.B., Greenwald, D.N., 2013. Postglacial climate and fire-mediated vegetation change on the western Olympic Peninsula, Washington (USA). Ecological Monographs 83, 471–489.","Postglacial climate and fire-mediated vegetation change on the western Olympic Peninsula, Washington (USA)","Ecological Monographs",83,NA,"471-489",NA,"10.1890/12-1742.1",NA,NA,NA,NA,NA,NA,NA,NA,NA,NA,NA,NA,NA,"RPDv1b:2067",1112,"Gavin, D.G.",1,"Gavin","D.G.",NA,NA,NA,NA,NA,NA,NA,NA,NA,"RPDv1b:2067",1112,"RPDv1b",2067,17621,198.5,1.985,"m",0.01,"AMS","terrestrial plant macrofossil",5845,60,NA,NA,"AA-20315",TRUE,NA,"NA Date is in uncalibrated radiocarbon years.","Yahoo Lake core_SIEVED","counted","150-500",NA,NA,"",5845,5785,5905,5845,198.5,0.01,"NA Date is in uncalibrated radiocarbon years.",". Cal curve: NA. Source DB: RPDv1b","Lacustrine","Carbon-14","Radiocarbon",-43,14615.48,"Calibrated radiocarbon years BP","sedimentary charcoal","Data Sourcing: RPDv1b","Sample Age Source: GCDv4"
"1112",133,"charcoal | 150-500um num",147,147.5,148,1,5107.35,NA,NA,"GCDv4","Charcoal (sum)","150-500 µm",150,500,"False","False","number","Macroscopic charcoal (sieved)","direct",NA,"CHAR",39,NA,NA,"quant_raw",4.7,"volume","ml","RPDv1b","2067","charcoal","count","macrochar","wet_sieve","particle","150-500um num",NA,"150-500um","num","RPDv1b","measured",1,"RPDv1b","ELEMENT=150-500 µm","Yahoo Lake core",47.683333,-124.016667,710,"north","USA",NA,"sedlac",1112,1,2013,"Gavin, D.G., Brubaker, L.B., Greenwald, D.N., 2013. Postglacial climate and fire-mediated vegetation change on the western Olympic Peninsula, Washington (USA). Ecological Monographs 83, 471–489.","Postglacial climate and fire-mediated vegetation change on the western Olympic Peninsula, Washington (USA)","Ecological Monographs",83,NA,"471-489",NA,"10.1890/12-1742.1",NA,NA,NA,NA,NA,NA,NA,NA,NA,NA,NA,NA,NA,"RPDv1b:2067",1112,"Gavin, D.G.",1,"Gavin","D.G.",NA,NA,NA,NA,NA,NA,NA,NA,NA,"RPDv1b:2067",1112,"RPDv1b",2067,17621,198.5,1.985,"m",0.01,"AMS","terrestrial plant macrofossil",5845,60,NA,NA,"AA-20315",TRUE,NA,"NA Date is in uncalibrated radiocarbon years.","Yahoo Lake core_SIEVED","counted","150-500",NA,NA,"",5845,5785,5905,5845,198.5,0.01,"NA Date is in uncalibrated radiocarbon years.",". Cal curve: NA. Source DB: RPDv1b","Lacustrine","Carbon-14","Radiocarbon",-43,14615.48,"Calibrated radiocarbon years BP","sedimentary charcoal","Data Sourcing: RPDv1b","Sample Age Source: GCDv4"
"1112",134,"charcoal | 150-500um num",148,148.5,149,1,5137.79,NA,NA,"GCDv4","Charcoal (sum)","150-500 µm",150,500,"False","False","number","Macroscopic charcoal (sieved)","direct",NA,"CHAR",32,NA,NA,"quant_raw",4.7,"volume","ml","RPDv1b","2067","charcoal","count","macrochar","wet_sieve","particle","150-500um num",NA,"150-500um","num","RPDv1b","measured",1,"RPDv1b","ELEMENT=150-500 µm","Yahoo Lake core",47.683333,-124.016667,710,"north","USA",NA,"sedlac",1112,1,2013,"Gavin, D.G., Brubaker, L.B., Greenwald, D.N., 2013. Postglacial climate and fire-mediated vegetation change on the western Olympic Peninsula, Washington (USA). Ecological Monographs 83, 471–489.","Postglacial climate and fire-mediated vegetation change on the western Olympic Peninsula, Washington (USA)","Ecological Monographs",83,NA,"471-489",NA,"10.1890/12-1742.1",NA,NA,NA,NA,NA,NA,NA,NA,NA,NA,NA,NA,NA,"RPDv1b:2067",1112,"Gavin, D.G.",1,"Gavin","D.G.",NA,NA,NA,NA,NA,NA,NA,NA,NA,"RPDv1b:2067",1112,"RPDv1b",2067,17621,198.5,1.985,"m",0.01,"AMS","terrestrial plant macrofossil",5845,60,NA,NA,"AA-20315",TRUE,NA,"NA Date is in uncalibrated radiocarbon years.","Yahoo Lake core_SIEVED","counted","150-500",NA,NA,"",5845,5785,5905,5845,198.5,0.01,"NA Date is in uncalibrated radiocarbon years.",". Cal curve: NA. Source DB: RPDv1b","Lacustrine","Carbon-14","Radiocarbon",-43,14615.48,"Calibrated radiocarbon years BP","sedimentary charcoal","Data Sourcing: RPDv1b","Sample Age Source: GCDv4"
"1112",135,"charcoal | 150-500um num",149,149.5,150,1,5168.19,NA,NA,"GCDv4","Charcoal (sum)","150-500 µm",150,500,"False","False","number","Macroscopic charcoal (sieved)","direct",NA,"CHAR",8,NA,NA,"quant_raw",4.8,"volume","ml","RPDv1b","2067","charcoal","count","macrochar","wet_sieve","particle","150-500um num",NA,"150-500um","num","RPDv1b","measured",1,"RPDv1b","ELEMENT=150-500 µm","Yahoo Lake core",47.683333,-124.016667,710,"north","USA",NA,"sedlac",1112,1,2013,"Gavin, D.G., Brubaker, L.B., Greenwald, D.N., 2013. Postglacial climate and fire-mediated vegetation change on the western Olympic Peninsula, Washington (USA). Ecological Monographs 83, 471–489.","Postglacial climate and fire-mediated vegetation change on the western Olympic Peninsula, Washington (USA)","Ecological Monographs",83,NA,"471-489",NA,"10.1890/12-1742.1",NA,NA,NA,NA,NA,NA,NA,NA,NA,NA,NA,NA,NA,"RPDv1b:2067",1112,"Gavin, D.G.",1,"Gavin","D.G.",NA,NA,NA,NA,NA,NA,NA,NA,NA,"RPDv1b:2067",1112,"RPDv1b",2067,17621,198.5,1.985,"m",0.01,"AMS","terrestrial plant macrofossil",5845,60,NA,NA,"AA-20315",TRUE,NA,"NA Date is in uncalibrated radiocarbon years.","Yahoo Lake core_SIEVED","counted","150-500",NA,NA,"",5845,5785,5905,5845,198.5,0.01,"NA Date is in uncalibrated radiocarbon years.",". Cal curve: NA. Source DB: RPDv1b","Lacustrine","Carbon-14","Radiocarbon",-43,14615.48,"Calibrated radiocarbon years BP","sedimentary charcoal","Data Sourcing: RPDv1b","Sample Age Source: GCDv4"
"1112",136,"charcoal | 150-500um num",150,150.5,151,1,5198.56,NA,NA,"GCDv4","Charcoal (sum)","150-500 µm",150,500,"False","False","number","Macroscopic charcoal (sieved)","direct",NA,"CHAR",7,NA,NA,"quant_raw",4.8,"volume","ml","RPDv1b","2067","charcoal","count","macrochar","wet_sieve","particle","150-500um num",NA,"150-500um","num","RPDv1b","measured",1,"RPDv1b","ELEMENT=150-500 µm","Yahoo Lake core",47.683333,-124.016667,710,"north","USA",NA,"sedlac",1112,1,2013,"Gavin, D.G., Brubaker, L.B., Greenwald, D.N., 2013. Postglacial climate and fire-mediated vegetation change on the western Olympic Peninsula, Washington (USA). Ecological Monographs 83, 471–489.","Postglacial climate and fire-mediated vegetation change on the western Olympic Peninsula, Washington (USA)","Ecological Monographs",83,NA,"471-489",NA,"10.1890/12-1742.1",NA,NA,NA,NA,NA,NA,NA,NA,NA,NA,NA,NA,NA,"RPDv1b:2067",1112,"Gavin, D.G.",1,"Gavin","D.G.",NA,NA,NA,NA,NA,NA,NA,NA,NA,"RPDv1b:2067",1112,"RPDv1b",2067,17621,198.5,1.985,"m",0.01,"AMS","terrestrial plant macrofossil",5845,60,NA,NA,"AA-20315",TRUE,NA,"NA Date is in uncalibrated radiocarbon years.","Yahoo Lake core_SIEVED","counted","150-500",NA,NA,"",5845,5785,5905,5845,198.5,0.01,"NA Date is in uncalibrated radiocarbon years.",". Cal curve: NA. Source DB: RPDv1b","Lacustrine","Carbon-14","Radiocarbon",-43,14615.48,"Calibrated radiocarbon years BP","sedimentary charcoal","Data Sourcing: RPDv1b","Sample Age Source: GCDv4"
"1112",137,"charcoal | 150-500um num",151,151.5,152,1,5228.88,NA,NA,"GCDv4","Charcoal (sum)","150-500 µm",150,500,"False","False","number","Macroscopic charcoal (sieved)","direct",NA,"CHAR",7,NA,NA,"quant_raw",4.9,"volume","ml","RPDv1b","2067","charcoal","count","macrochar","wet_sieve","particle","150-500um num",NA,"150-500um","num","RPDv1b","measured",1,"RPDv1b","ELEMENT=150-500 µm","Yahoo Lake core",47.683333,-124.016667,710,"north","USA",NA,"sedlac",1112,1,2013,"Gavin, D.G., Brubaker, L.B., Greenwald, D.N., 2013. Postglacial climate and fire-mediated vegetation change on the western Olympic Peninsula, Washington (USA). Ecological Monographs 83, 471–489.","Postglacial climate and fire-mediated vegetation change on the western Olympic Peninsula, Washington (USA)","Ecological Monographs",83,NA,"471-489",NA,"10.1890/12-1742.1",NA,NA,NA,NA,NA,NA,NA,NA,NA,NA,NA,NA,NA,"RPDv1b:2067",1112,"Gavin, D.G.",1,"Gavin","D.G.",NA,NA,NA,NA,NA,NA,NA,NA,NA,"RPDv1b:2067",1112,"RPDv1b",2067,17621,198.5,1.985,"m",0.01,"AMS","terrestrial plant macrofossil",5845,60,NA,NA,"AA-20315",TRUE,NA,"NA Date is in uncalibrated radiocarbon years.","Yahoo Lake core_SIEVED","counted","150-500",NA,NA,"",5845,5785,5905,5845,198.5,0.01,"NA Date is in uncalibrated radiocarbon years.",". Cal curve: NA. Source DB: RPDv1b","Lacustrine","Carbon-14","Radiocarbon",-43,14615.48,"Calibrated radiocarbon years BP","sedimentary charcoal","Data Sourcing: RPDv1b","Sample Age Source: GCDv4"
"1112",138,"charcoal | 150-500um num",152,152.5,153,1,5259.16,NA,NA,"GCDv4","Charcoal (sum)","150-500 µm",150,500,"False","False","number","Macroscopic charcoal (sieved)","direct",NA,"CHAR",6,NA,NA,"quant_raw",4.6,"volume","ml","RPDv1b","2067","charcoal","count","macrochar","wet_sieve","particle","150-500um num",NA,"150-500um","num","RPDv1b","measured",1,"RPDv1b","ELEMENT=150-500 µm","Yahoo Lake core",47.683333,-124.016667,710,"north","USA",NA,"sedlac",1112,1,2013,"Gavin, D.G., Brubaker, L.B., Greenwald, D.N., 2013. Postglacial climate and fire-mediated vegetation change on the western Olympic Peninsula, Washington (USA). Ecological Monographs 83, 471–489.","Postglacial climate and fire-mediated vegetation change on the western Olympic Peninsula, Washington (USA)","Ecological Monographs",83,NA,"471-489",NA,"10.1890/12-1742.1",NA,NA,NA,NA,NA,NA,NA,NA,NA,NA,NA,NA,NA,"RPDv1b:2067",1112,"Gavin, D.G.",1,"Gavin","D.G.",NA,NA,NA,NA,NA,NA,NA,NA,NA,"RPDv1b:2067",1112,"RPDv1b",2067,17621,198.5,1.985,"m",0.01,"AMS","terrestrial plant macrofossil",5845,60,NA,NA,"AA-20315",TRUE,NA,"NA Date is in uncalibrated radiocarbon years.","Yahoo Lake core_SIEVED","counted","150-500",NA,NA,"",5845,5785,5905,5845,198.5,0.01,"NA Date is in uncalibrated radiocarbon years.",". Cal curve: NA. Source DB: RPDv1b","Lacustrine","Carbon-14","Radiocarbon",-43,14615.48,"Calibrated radiocarbon years BP","sedimentary charcoal","Data Sourcing: RPDv1b","Sample Age Source: GCDv4"
"1112",139,"charcoal | 150-500um num",153,153.5,154,1,5289.42,NA,NA,"GCDv4","Charcoal (sum)","150-500 µm",150,500,"False","False","number","Macroscopic charcoal (sieved)","direct",NA,"CHAR",13,NA,NA,"quant_raw",4.4,"volume","ml","RPDv1b","2067","charcoal","count","macrochar","wet_sieve","particle","150-500um num",NA,"150-500um","num","RPDv1b","measured",1,"RPDv1b","ELEMENT=150-500 µm","Yahoo Lake core",47.683333,-124.016667,710,"north","USA",NA,"sedlac",1112,1,2013,"Gavin, D.G., Brubaker, L.B., Greenwald, D.N., 2013. Postglacial climate and fire-mediated vegetation change on the western Olympic Peninsula, Washington (USA). Ecological Monographs 83, 471–489.","Postglacial climate and fire-mediated vegetation change on the western Olympic Peninsula, Washington (USA)","Ecological Monographs",83,NA,"471-489",NA,"10.1890/12-1742.1",NA,NA,NA,NA,NA,NA,NA,NA,NA,NA,NA,NA,NA,"RPDv1b:2067",1112,"Gavin, D.G.",1,"Gavin","D.G.",NA,NA,NA,NA,NA,NA,NA,NA,NA,"RPDv1b:2067",1112,"RPDv1b",2067,17621,198.5,1.985,"m",0.01,"AMS","terrestrial plant macrofossil",5845,60,NA,NA,"AA-20315",TRUE,NA,"NA Date is in uncalibrated radiocarbon years.","Yahoo Lake core_SIEVED","counted","150-500",NA,NA,"",5845,5785,5905,5845,198.5,0.01,"NA Date is in uncalibrated radiocarbon years.",". Cal curve: NA. Source DB: RPDv1b","Lacustrine","Carbon-14","Radiocarbon",-43,14615.48,"Calibrated radiocarbon years BP","sedimentary charcoal","Data Sourcing: RPDv1b","Sample Age Source: GCDv4"
"1112",140,"charcoal | 150-500um num",154,154.5,155,1,5319.63,NA,NA,"GCDv4","Charcoal (sum)","150-500 µm",150,500,"False","False","number","Macroscopic charcoal (sieved)","direct",NA,"CHAR",18,NA,NA,"quant_raw",4.7,"volume","ml","RPDv1b","2067","charcoal","count","macrochar","wet_sieve","particle","150-500um num",NA,"150-500um","num","RPDv1b","measured",1,"RPDv1b","ELEMENT=150-500 µm","Yahoo Lake core",47.683333,-124.016667,710,"north","USA",NA,"sedlac",1112,1,2013,"Gavin, D.G., Brubaker, L.B., Greenwald, D.N., 2013. Postglacial climate and fire-mediated vegetation change on the western Olympic Peninsula, Washington (USA). Ecological Monographs 83, 471–489.","Postglacial climate and fire-mediated vegetation change on the western Olympic Peninsula, Washington (USA)","Ecological Monographs",83,NA,"471-489",NA,"10.1890/12-1742.1",NA,NA,NA,NA,NA,NA,NA,NA,NA,NA,NA,NA,NA,"RPDv1b:2067",1112,"Gavin, D.G.",1,"Gavin","D.G.",NA,NA,NA,NA,NA,NA,NA,NA,NA,"RPDv1b:2067",1112,"RPDv1b",2067,17621,198.5,1.985,"m",0.01,"AMS","terrestrial plant macrofossil",5845,60,NA,NA,"AA-20315",TRUE,NA,"NA Date is in uncalibrated radiocarbon years.","Yahoo Lake core_SIEVED","counted","150-500",NA,NA,"",5845,5785,5905,5845,198.5,0.01,"NA Date is in uncalibrated radiocarbon years.",". Cal curve: NA. Source DB: RPDv1b","Lacustrine","Carbon-14","Radiocarbon",-43,14615.48,"Calibrated radiocarbon years BP","sedimentary charcoal","Data Sourcing: RPDv1b","Sample Age Source: GCDv4"
"1112",141,"charcoal | 150-500um num",155,155.5,156,1,5349.82,NA,NA,"GCDv4","Charcoal (sum)","150-500 µm",150,500,"False","False","number","Macroscopic charcoal (sieved)","direct",NA,"CHAR",10,NA,NA,"quant_raw",4.6,"volume","ml","RPDv1b","2067","charcoal","count","macrochar","wet_sieve","particle","150-500um num",NA,"150-500um","num","RPDv1b","measured",1,"RPDv1b","ELEMENT=150-500 µm","Yahoo Lake core",47.683333,-124.016667,710,"north","USA",NA,"sedlac",1112,1,2013,"Gavin, D.G., Brubaker, L.B., Greenwald, D.N., 2013. Postglacial climate and fire-mediated vegetation change on the western Olympic Peninsula, Washington (USA). Ecological Monographs 83, 471–489.","Postglacial climate and fire-mediated vegetation change on the western Olympic Peninsula, Washington (USA)","Ecological Monographs",83,NA,"471-489",NA,"10.1890/12-1742.1",NA,NA,NA,NA,NA,NA,NA,NA,NA,NA,NA,NA,NA,"RPDv1b:2067",1112,"Gavin, D.G.",1,"Gavin","D.G.",NA,NA,NA,NA,NA,NA,NA,NA,NA,"RPDv1b:2067",1112,"RPDv1b",2067,17621,198.5,1.985,"m",0.01,"AMS","terrestrial plant macrofossil",5845,60,NA,NA,"AA-20315",TRUE,NA,"NA Date is in uncalibrated radiocarbon years.","Yahoo Lake core_SIEVED","counted","150-500",NA,NA,"",5845,5785,5905,5845,198.5,0.01,"NA Date is in uncalibrated radiocarbon years.",". Cal curve: NA. Source DB: RPDv1b","Lacustrine","Carbon-14","Radiocarbon",-43,14615.48,"Calibrated radiocarbon years BP","sedimentary charcoal","Data Sourcing: RPDv1b","Sample Age Source: GCDv4"
"1112",142,"charcoal | 150-500um num",156,156.5,157,1,5379.98,NA,NA,"GCDv4","Charcoal (sum)","150-500 µm",150,500,"False","False","number","Macroscopic charcoal (sieved)","direct",NA,"CHAR",4,NA,NA,"quant_raw",4.7,"volume","ml","RPDv1b","2067","charcoal","count","macrochar","wet_sieve","particle","150-500um num",NA,"150-500um","num","RPDv1b","measured",1,"RPDv1b","ELEMENT=150-500 µm","Yahoo Lake core",47.683333,-124.016667,710,"north","USA",NA,"sedlac",1112,1,2013,"Gavin, D.G., Brubaker, L.B., Greenwald, D.N., 2013. Postglacial climate and fire-mediated vegetation change on the western Olympic Peninsula, Washington (USA). Ecological Monographs 83, 471–489.","Postglacial climate and fire-mediated vegetation change on the western Olympic Peninsula, Washington (USA)","Ecological Monographs",83,NA,"471-489",NA,"10.1890/12-1742.1",NA,NA,NA,NA,NA,NA,NA,NA,NA,NA,NA,NA,NA,"RPDv1b:2067",1112,"Gavin, D.G.",1,"Gavin","D.G.",NA,NA,NA,NA,NA,NA,NA,NA,NA,"RPDv1b:2067",1112,"RPDv1b",2067,17621,198.5,1.985,"m",0.01,"AMS","terrestrial plant macrofossil",5845,60,NA,NA,"AA-20315",TRUE,NA,"NA Date is in uncalibrated radiocarbon years.","Yahoo Lake core_SIEVED","counted","150-500",NA,NA,"",5845,5785,5905,5845,198.5,0.01,"NA Date is in uncalibrated radiocarbon years.",". Cal curve: NA. Source DB: RPDv1b","Lacustrine","Carbon-14","Radiocarbon",-43,14615.48,"Calibrated radiocarbon years BP","sedimentary charcoal","Data Sourcing: RPDv1b","Sample Age Source: GCDv4"
"1112",143,"charcoal | 150-500um num",157,157.5,158,1,5410.11,NA,NA,"GCDv4","Charcoal (sum)","150-500 µm",150,500,"False","False","number","Macroscopic charcoal (sieved)","direct",NA,"CHAR",14,NA,NA,"quant_raw",4.9,"volume","ml","RPDv1b","2067","charcoal","count","macrochar","wet_sieve","particle","150-500um num",NA,"150-500um","num","RPDv1b","measured",1,"RPDv1b","ELEMENT=150-500 µm","Yahoo Lake core",47.683333,-124.016667,710,"north","USA",NA,"sedlac",1112,1,2013,"Gavin, D.G., Brubaker, L.B., Greenwald, D.N., 2013. Postglacial climate and fire-mediated vegetation change on the western Olympic Peninsula, Washington (USA). Ecological Monographs 83, 471–489.","Postglacial climate and fire-mediated vegetation change on the western Olympic Peninsula, Washington (USA)","Ecological Monographs",83,NA,"471-489",NA,"10.1890/12-1742.1",NA,NA,NA,NA,NA,NA,NA,NA,NA,NA,NA,NA,NA,"RPDv1b:2067",1112,"Gavin, D.G.",1,"Gavin","D.G.",NA,NA,NA,NA,NA,NA,NA,NA,NA,"RPDv1b:2067",1112,"RPDv1b",2067,17621,198.5,1.985,"m",0.01,"AMS","terrestrial plant macrofossil",5845,60,NA,NA,"AA-20315",TRUE,NA,"NA Date is in uncalibrated radiocarbon years.","Yahoo Lake core_SIEVED","counted","150-500",NA,NA,"",5845,5785,5905,5845,198.5,0.01,"NA Date is in uncalibrated radiocarbon years.",". Cal curve: NA. Source DB: RPDv1b","Lacustrine","Carbon-14","Radiocarbon",-43,14615.48,"Calibrated radiocarbon years BP","sedimentary charcoal","Data Sourcing: RPDv1b","Sample Age Source: GCDv4"
"1112",144,"charcoal | 150-500um num",158,158.5,159,1,5440.21,NA,NA,"GCDv4","Charcoal (sum)","150-500 µm",150,500,"False","False","number","Macroscopic charcoal (sieved)","direct",NA,"CHAR",7,NA,NA,"quant_raw",4.9,"volume","ml","RPDv1b","2067","charcoal","count","macrochar","wet_sieve","particle","150-500um num",NA,"150-500um","num","RPDv1b","measured",1,"RPDv1b","ELEMENT=150-500 µm","Yahoo Lake core",47.683333,-124.016667,710,"north","USA",NA,"sedlac",1112,1,2013,"Gavin, D.G., Brubaker, L.B., Greenwald, D.N., 2013. Postglacial climate and fire-mediated vegetation change on the western Olympic Peninsula, Washington (USA). Ecological Monographs 83, 471–489.","Postglacial climate and fire-mediated vegetation change on the western Olympic Peninsula, Washington (USA)","Ecological Monographs",83,NA,"471-489",NA,"10.1890/12-1742.1",NA,NA,NA,NA,NA,NA,NA,NA,NA,NA,NA,NA,NA,"RPDv1b:2067",1112,"Gavin, D.G.",1,"Gavin","D.G.",NA,NA,NA,NA,NA,NA,NA,NA,NA,"RPDv1b:2067",1112,"RPDv1b",2067,17621,198.5,1.985,"m",0.01,"AMS","terrestrial plant macrofossil",5845,60,NA,NA,"AA-20315",TRUE,NA,"NA Date is in uncalibrated radiocarbon years.","Yahoo Lake core_SIEVED","counted","150-500",NA,NA,"",5845,5785,5905,5845,198.5,0.01,"NA Date is in uncalibrated radiocarbon years.",". Cal curve: NA. Source DB: RPDv1b","Lacustrine","Carbon-14","Radiocarbon",-43,14615.48,"Calibrated radiocarbon years BP","sedimentary charcoal","Data Sourcing: RPDv1b","Sample Age Source: GCDv4"
"1112",145,"charcoal | 150-500um num",159,159.5,160,1,5470.29,NA,NA,"GCDv4","Charcoal (sum)","150-500 µm",150,500,"False","False","number","Macroscopic charcoal (sieved)","direct",NA,"CHAR",5,NA,NA,"quant_raw",4.8,"volume","ml","RPDv1b","2067","charcoal","count","macrochar","wet_sieve","particle","150-500um num",NA,"150-500um","num","RPDv1b","measured",1,"RPDv1b","ELEMENT=150-500 µm","Yahoo Lake core",47.683333,-124.016667,710,"north","USA",NA,"sedlac",1112,1,2013,"Gavin, D.G., Brubaker, L.B., Greenwald, D.N., 2013. Postglacial climate and fire-mediated vegetation change on the western Olympic Peninsula, Washington (USA). Ecological Monographs 83, 471–489.","Postglacial climate and fire-mediated vegetation change on the western Olympic Peninsula, Washington (USA)","Ecological Monographs",83,NA,"471-489",NA,"10.1890/12-1742.1",NA,NA,NA,NA,NA,NA,NA,NA,NA,NA,NA,NA,NA,"RPDv1b:2067",1112,"Brubaker, L.B.",1,"Brubaker","L.B.",NA,NA,NA,NA,NA,NA,NA,NA,NA,"RPDv1b:2067",1112,"RPDv1b",2067,17621,198.5,1.985,"m",0.01,"AMS","terrestrial plant macrofossil",5845,60,NA,NA,"AA-20315",TRUE,NA,"NA Date is in uncalibrated radiocarbon years.","Yahoo Lake core_SIEVED","counted","150-500",NA,NA,"",5845,5785,5905,5845,198.5,0.01,"NA Date is in uncalibrated radiocarbon years.",". Cal curve: NA. Source DB: RPDv1b","Lacustrine","Carbon-14","Radiocarbon",-43,14615.48,"Calibrated radiocarbon years BP","sedimentary charcoal","Data Sourcing: RPDv1b","Sample Age Source: GCDv4"
"1112",146,"charcoal | 150-500um num",160,160.5,161,1,5500.35,NA,NA,"GCDv4","Charcoal (sum)","150-500 µm",150,500,"False","False","number","Macroscopic charcoal (sieved)","direct",NA,"CHAR",3,NA,NA,"quant_raw",4.8,"volume","ml","RPDv1b","2067","charcoal","count","macrochar","wet_sieve","particle","150-500um num",NA,"150-500um","num","RPDv1b","measured",1,"RPDv1b","ELEMENT=150-500 µm","Yahoo Lake core",47.683333,-124.016667,710,"north","USA",NA,"sedlac",1112,1,2013,"Gavin, D.G., Brubaker, L.B., Greenwald, D.N., 2013. Postglacial climate and fire-mediated vegetation change on the western Olympic Peninsula, Washington (USA). Ecological Monographs 83, 471–489.","Postglacial climate and fire-mediated vegetation change on the western Olympic Peninsula, Washington (USA)","Ecological Monographs",83,NA,"471-489",NA,"10.1890/12-1742.1",NA,NA,NA,NA,NA,NA,NA,NA,NA,NA,NA,NA,NA,"RPDv1b:2067",1112,"Brubaker, L.B.",1,"Brubaker","L.B.",NA,NA,NA,NA,NA,NA,NA,NA,NA,"RPDv1b:2067",1112,"RPDv1b",2067,17621,198.5,1.985,"m",0.01,"AMS","terrestrial plant macrofossil",5845,60,NA,NA,"AA-20315",TRUE,NA,"NA Date is in uncalibrated radiocarbon years.","Yahoo Lake core_SIEVED","counted","150-500",NA,NA,"",5845,5785,5905,5845,198.5,0.01,"NA Date is in uncalibrated radiocarbon years.",". Cal curve: NA. Source DB: RPDv1b","Lacustrine","Carbon-14","Radiocarbon",-43,14615.48,"Calibrated radiocarbon years BP","sedimentary charcoal","Data Sourcing: RPDv1b","Sample Age Source: GCDv4"
"1112",147,"charcoal | 150-500um num",161,161.5,162,1,5530.38,NA,NA,"GCDv4","Charcoal (sum)","150-500 µm",150,500,"False","False","number","Macroscopic charcoal (sieved)","direct",NA,"CHAR",2,NA,NA,"quant_raw",4.6,"volume","ml","RPDv1b","2067","charcoal","count","macrochar","wet_sieve","particle","150-500um num",NA,"150-500um","num","RPDv1b","measured",1,"RPDv1b","ELEMENT=150-500 µm","Yahoo Lake core",47.683333,-124.016667,710,"north","USA",NA,"sedlac",1112,1,2013,"Gavin, D.G., Brubaker, L.B., Greenwald, D.N., 2013. Postglacial climate and fire-mediated vegetation change on the western Olympic Peninsula, Washington (USA). Ecological Monographs 83, 471–489.","Postglacial climate and fire-mediated vegetation change on the western Olympic Peninsula, Washington (USA)","Ecological Monographs",83,NA,"471-489",NA,"10.1890/12-1742.1",NA,NA,NA,NA,NA,NA,NA,NA,NA,NA,NA,NA,NA,"RPDv1b:2067",1112,"Brubaker, L.B.",1,"Brubaker","L.B.",NA,NA,NA,NA,NA,NA,NA,NA,NA,"RPDv1b:2067",1112,"RPDv1b",2067,17621,198.5,1.985,"m",0.01,"AMS","terrestrial plant macrofossil",5845,60,NA,NA,"AA-20315",TRUE,NA,"NA Date is in uncalibrated radiocarbon years.","Yahoo Lake core_SIEVED","counted","150-500",NA,NA,"",5845,5785,5905,5845,198.5,0.01,"NA Date is in uncalibrated radiocarbon years.",". Cal curve: NA. Source DB: RPDv1b","Lacustrine","Carbon-14","Radiocarbon",-43,14615.48,"Calibrated radiocarbon years BP","sedimentary charcoal","Data Sourcing: RPDv1b","Sample Age Source: GCDv4"
"1112",148,"charcoal | 150-500um num",162,162.5,163,1,5560.4,NA,NA,"GCDv4","Charcoal (sum)","150-500 µm",150,500,"False","False","number","Macroscopic charcoal (sieved)","direct",NA,"CHAR",7,NA,NA,"quant_raw",4.7,"volume","ml","RPDv1b","2067","charcoal","count","macrochar","wet_sieve","particle","150-500um num",NA,"150-500um","num","RPDv1b","measured",1,"RPDv1b","ELEMENT=150-500 µm","Yahoo Lake core",47.683333,-124.016667,710,"north","USA",NA,"sedlac",1112,1,2013,"Gavin, D.G., Brubaker, L.B., Greenwald, D.N., 2013. Postglacial climate and fire-mediated vegetation change on the western Olympic Peninsula, Washington (USA). Ecological Monographs 83, 471–489.","Postglacial climate and fire-mediated vegetation change on the western Olympic Peninsula, Washington (USA)","Ecological Monographs",83,NA,"471-489",NA,"10.1890/12-1742.1",NA,NA,NA,NA,NA,NA,NA,NA,NA,NA,NA,NA,NA,"RPDv1b:2067",1112,"Brubaker, L.B.",1,"Brubaker","L.B.",NA,NA,NA,NA,NA,NA,NA,NA,NA,"RPDv1b:2067",1112,"RPDv1b",2067,17621,198.5,1.985,"m",0.01,"AMS","terrestrial plant macrofossil",5845,60,NA,NA,"AA-20315",TRUE,NA,"NA Date is in uncalibrated radiocarbon years.","Yahoo Lake core_SIEVED","counted","150-500",NA,NA,"",5845,5785,5905,5845,198.5,0.01,"NA Date is in uncalibrated radiocarbon years.",". Cal curve: NA. Source DB: RPDv1b","Lacustrine","Carbon-14","Radiocarbon",-43,14615.48,"Calibrated radiocarbon years BP","sedimentary charcoal","Data Sourcing: RPDv1b","Sample Age Source: GCDv4"
"1112",149,"charcoal | 150-500um num",163,163.5,164,1,5590.4,NA,NA,"GCDv4","Charcoal (sum)","150-500 µm",150,500,"False","False","number","Macroscopic charcoal (sieved)","direct",NA,"CHAR",9,NA,NA,"quant_raw",4.4,"volume","ml","RPDv1b","2067","charcoal","count","macrochar","wet_sieve","particle","150-500um num",NA,"150-500um","num","RPDv1b","measured",1,"RPDv1b","ELEMENT=150-500 µm","Yahoo Lake core",47.683333,-124.016667,710,"north","USA",NA,"sedlac",1112,1,2013,"Gavin, D.G., Brubaker, L.B., Greenwald, D.N., 2013. Postglacial climate and fire-mediated vegetation change on the western Olympic Peninsula, Washington (USA). Ecological Monographs 83, 471–489.","Postglacial climate and fire-mediated vegetation change on the western Olympic Peninsula, Washington (USA)","Ecological Monographs",83,NA,"471-489",NA,"10.1890/12-1742.1",NA,NA,NA,NA,NA,NA,NA,NA,NA,NA,NA,NA,NA,"RPDv1b:2067",1112,"Brubaker, L.B.",1,"Brubaker","L.B.",NA,NA,NA,NA,NA,NA,NA,NA,NA,"RPDv1b:2067",1112,"RPDv1b",2067,17621,198.5,1.985,"m",0.01,"AMS","terrestrial plant macrofossil",5845,60,NA,NA,"AA-20315",TRUE,NA,"NA Date is in uncalibrated radiocarbon years.","Yahoo Lake core_SIEVED","counted","150-500",NA,NA,"",5845,5785,5905,5845,198.5,0.01,"NA Date is in uncalibrated radiocarbon years.",". Cal curve: NA. Source DB: RPDv1b","Lacustrine","Carbon-14","Radiocarbon",-43,14615.48,"Calibrated radiocarbon years BP","sedimentary charcoal","Data Sourcing: RPDv1b","Sample Age Source: GCDv4"
"1112",150,"charcoal | 150-500um num",164,164.5,165,1,5620.38,NA,NA,"GCDv4","Charcoal (sum)","150-500 µm",150,500,"False","False","number","Macroscopic charcoal (sieved)","direct",NA,"CHAR",8,NA,NA,"quant_raw",4.6,"volume","ml","RPDv1b","2067","charcoal","count","macrochar","wet_sieve","particle","150-500um num",NA,"150-500um","num","RPDv1b","measured",1,"RPDv1b","ELEMENT=150-500 µm","Yahoo Lake core",47.683333,-124.016667,710,"north","USA",NA,"sedlac",1112,1,2013,"Gavin, D.G., Brubaker, L.B., Greenwald, D.N., 2013. Postglacial climate and fire-mediated vegetation change on the western Olympic Peninsula, Washington (USA). Ecological Monographs 83, 471–489.","Postglacial climate and fire-mediated vegetation change on the western Olympic Peninsula, Washington (USA)","Ecological Monographs",83,NA,"471-489",NA,"10.1890/12-1742.1",NA,NA,NA,NA,NA,NA,NA,NA,NA,NA,NA,NA,NA,"RPDv1b:2067",1112,"Brubaker, L.B.",1,"Brubaker","L.B.",NA,NA,NA,NA,NA,NA,NA,NA,NA,"RPDv1b:2067",1112,"RPDv1b",2067,17621,198.5,1.985,"m",0.01,"AMS","terrestrial plant macrofossil",5845,60,NA,NA,"AA-20315",TRUE,NA,"NA Date is in uncalibrated radiocarbon years.","Yahoo Lake core_SIEVED","counted","150-500",NA,NA,"",5845,5785,5905,5845,198.5,0.01,"NA Date is in uncalibrated radiocarbon years.",". Cal curve: NA. Source DB: RPDv1b","Lacustrine","Carbon-14","Radiocarbon",-43,14615.48,"Calibrated radiocarbon years BP","sedimentary charcoal","Data Sourcing: RPDv1b","Sample Age Source: GCDv4"
"1112",151,"charcoal | 150-500um num",165,165.5,166,1,5650.35,NA,NA,"GCDv4","Charcoal (sum)","150-500 µm",150,500,"False","False","number","Macroscopic charcoal (sieved)","direct",NA,"CHAR",9,NA,NA,"quant_raw",4.6,"volume","ml","RPDv1b","2067","charcoal","count","macrochar","wet_sieve","particle","150-500um num",NA,"150-500um","num","RPDv1b","measured",1,"RPDv1b","ELEMENT=150-500 µm","Yahoo Lake core",47.683333,-124.016667,710,"north","USA",NA,"sedlac",1112,1,2013,"Gavin, D.G., Brubaker, L.B., Greenwald, D.N., 2013. Postglacial climate and fire-mediated vegetation change on the western Olympic Peninsula, Washington (USA). Ecological Monographs 83, 471–489.","Postglacial climate and fire-mediated vegetation change on the western Olympic Peninsula, Washington (USA)","Ecological Monographs",83,NA,"471-489",NA,"10.1890/12-1742.1",NA,NA,NA,NA,NA,NA,NA,NA,NA,NA,NA,NA,NA,"RPDv1b:2067",1112,"Brubaker, L.B.",1,"Brubaker","L.B.",NA,NA,NA,NA,NA,NA,NA,NA,NA,"RPDv1b:2067",1112,"RPDv1b",2067,17621,198.5,1.985,"m",0.01,"AMS","terrestrial plant macrofossil",5845,60,NA,NA,"AA-20315",TRUE,NA,"NA Date is in uncalibrated radiocarbon years.","Yahoo Lake core_SIEVED","counted","150-500",NA,NA,"",5845,5785,5905,5845,198.5,0.01,"NA Date is in uncalibrated radiocarbon years.",". Cal curve: NA. Source DB: RPDv1b","Lacustrine","Carbon-14","Radiocarbon",-43,14615.48,"Calibrated radiocarbon years BP","sedimentary charcoal","Data Sourcing: RPDv1b","Sample Age Source: GCDv4"
"1112",152,"charcoal | 150-500um num",166,166.5,167,1,5680.31,NA,NA,"GCDv4","Charcoal (sum)","150-500 µm",150,500,"False","False","number","Macroscopic charcoal (sieved)","direct",NA,"CHAR",10,NA,NA,"quant_raw",4.7,"volume","ml","RPDv1b","2067","charcoal","count","macrochar","wet_sieve","particle","150-500um num",NA,"150-500um","num","RPDv1b","measured",1,"RPDv1b","ELEMENT=150-500 µm","Yahoo Lake core",47.683333,-124.016667,710,"north","USA",NA,"sedlac",1112,1,2013,"Gavin, D.G., Brubaker, L.B., Greenwald, D.N., 2013. Postglacial climate and fire-mediated vegetation change on the western Olympic Peninsula, Washington (USA). Ecological Monographs 83, 471–489.","Postglacial climate and fire-mediated vegetation change on the western Olympic Peninsula, Washington (USA)","Ecological Monographs",83,NA,"471-489",NA,"10.1890/12-1742.1",NA,NA,NA,NA,NA,NA,NA,NA,NA,NA,NA,NA,NA,"RPDv1b:2067",1112,"Brubaker, L.B.",1,"Brubaker","L.B.",NA,NA,NA,NA,NA,NA,NA,NA,NA,"RPDv1b:2067",1112,"RPDv1b",2067,17621,198.5,1.985,"m",0.01,"AMS","terrestrial plant macrofossil",5845,60,NA,NA,"AA-20315",TRUE,NA,"NA Date is in uncalibrated radiocarbon years.","Yahoo Lake core_SIEVED","counted","150-500",NA,NA,"",5845,5785,5905,5845,198.5,0.01,"NA Date is in uncalibrated radiocarbon years.",". Cal curve: NA. Source DB: RPDv1b","Lacustrine","Carbon-14","Radiocarbon",-43,14615.48,"Calibrated radiocarbon years BP","sedimentary charcoal","Data Sourcing: RPDv1b","Sample Age Source: GCDv4"
"1112",153,"charcoal | 150-500um num",167,167.5,168,1,5710.26,NA,NA,"GCDv4","Charcoal (sum)","150-500 µm",150,500,"False","False","number","Macroscopic charcoal (sieved)","direct",NA,"CHAR",10,NA,NA,"quant_raw",4.8,"volume","ml","RPDv1b","2067","charcoal","count","macrochar","wet_sieve","particle","150-500um num",NA,"150-500um","num","RPDv1b","measured",1,"RPDv1b","ELEMENT=150-500 µm","Yahoo Lake core",47.683333,-124.016667,710,"north","USA",NA,"sedlac",1112,1,2013,"Gavin, D.G., Brubaker, L.B., Greenwald, D.N., 2013. Postglacial climate and fire-mediated vegetation change on the western Olympic Peninsula, Washington (USA). Ecological Monographs 83, 471–489.","Postglacial climate and fire-mediated vegetation change on the western Olympic Peninsula, Washington (USA)","Ecological Monographs",83,NA,"471-489",NA,"10.1890/12-1742.1",NA,NA,NA,NA,NA,NA,NA,NA,NA,NA,NA,NA,NA,"RPDv1b:2067",1112,"Brubaker, L.B.",1,"Brubaker","L.B.",NA,NA,NA,NA,NA,NA,NA,NA,NA,"RPDv1b:2067",1112,"RPDv1b",2067,17621,198.5,1.985,"m",0.01,"AMS","terrestrial plant macrofossil",5845,60,NA,NA,"AA-20315",TRUE,NA,"NA Date is in uncalibrated radiocarbon years.","Yahoo Lake core_SIEVED","counted","150-500",NA,NA,"",5845,5785,5905,5845,198.5,0.01,"NA Date is in uncalibrated radiocarbon years.",". Cal curve: NA. Source DB: RPDv1b","Lacustrine","Carbon-14","Radiocarbon",-43,14615.48,"Calibrated radiocarbon years BP","sedimentary charcoal","Data Sourcing: RPDv1b","Sample Age Source: GCDv4"
"1112",154,"charcoal | 150-500um num",168,168.5,169,1,5740.19,NA,NA,"GCDv4","Charcoal (sum)","150-500 µm",150,500,"False","False","number","Macroscopic charcoal (sieved)","direct",NA,"CHAR",14,NA,NA,"quant_raw",4.6,"volume","ml","RPDv1b","2067","charcoal","count","macrochar","wet_sieve","particle","150-500um num",NA,"150-500um","num","RPDv1b","measured",1,"RPDv1b","ELEMENT=150-500 µm","Yahoo Lake core",47.683333,-124.016667,710,"north","USA",NA,"sedlac",1112,1,2013,"Gavin, D.G., Brubaker, L.B., Greenwald, D.N., 2013. Postglacial climate and fire-mediated vegetation change on the western Olympic Peninsula, Washington (USA). Ecological Monographs 83, 471–489.","Postglacial climate and fire-mediated vegetation change on the western Olympic Peninsula, Washington (USA)","Ecological Monographs",83,NA,"471-489",NA,"10.1890/12-1742.1",NA,NA,NA,NA,NA,NA,NA,NA,NA,NA,NA,NA,NA,"RPDv1b:2067",1112,"Brubaker, L.B.",1,"Brubaker","L.B.",NA,NA,NA,NA,NA,NA,NA,NA,NA,"RPDv1b:2067",1112,"RPDv1b",2067,17621,198.5,1.985,"m",0.01,"AMS","terrestrial plant macrofossil",5845,60,NA,NA,"AA-20315",TRUE,NA,"NA Date is in uncalibrated radiocarbon years.","Yahoo Lake core_SIEVED","counted","150-500",NA,NA,"",5845,5785,5905,5845,198.5,0.01,"NA Date is in uncalibrated radiocarbon years.",". Cal curve: NA. Source DB: RPDv1b","Lacustrine","Carbon-14","Radiocarbon",-43,14615.48,"Calibrated radiocarbon years BP","sedimentary charcoal","Data Sourcing: RPDv1b","Sample Age Source: GCDv4"
"1112",155,"charcoal | 150-500um num",169,169.5,170,1,5770.13,NA,NA,"GCDv4","Charcoal (sum)","150-500 µm",150,500,"False","False","number","Macroscopic charcoal (sieved)","direct",NA,"CHAR",17,NA,NA,"quant_raw",4.6,"volume","ml","RPDv1b","2067","charcoal","count","macrochar","wet_sieve","particle","150-500um num",NA,"150-500um","num","RPDv1b","measured",1,"RPDv1b","ELEMENT=150-500 µm","Yahoo Lake core",47.683333,-124.016667,710,"north","USA",NA,"sedlac",1112,1,2013,"Gavin, D.G., Brubaker, L.B., Greenwald, D.N., 2013. Postglacial climate and fire-mediated vegetation change on the western Olympic Peninsula, Washington (USA). Ecological Monographs 83, 471–489.","Postglacial climate and fire-mediated vegetation change on the western Olympic Peninsula, Washington (USA)","Ecological Monographs",83,NA,"471-489",NA,"10.1890/12-1742.1",NA,NA,NA,NA,NA,NA,NA,NA,NA,NA,NA,NA,NA,"RPDv1b:2067",1112,"Brubaker, L.B.",1,"Brubaker","L.B.",NA,NA,NA,NA,NA,NA,NA,NA,NA,"RPDv1b:2067",1112,"RPDv1b",2067,17621,198.5,1.985,"m",0.01,"AMS","terrestrial plant macrofossil",5845,60,NA,NA,"AA-20315",TRUE,NA,"NA Date is in uncalibrated radiocarbon years.","Yahoo Lake core_SIEVED","counted","150-500",NA,NA,"",5845,5785,5905,5845,198.5,0.01,"NA Date is in uncalibrated radiocarbon years.",". Cal curve: NA. Source DB: RPDv1b","Lacustrine","Carbon-14","Radiocarbon",-43,14615.48,"Calibrated radiocarbon years BP","sedimentary charcoal","Data Sourcing: RPDv1b","Sample Age Source: GCDv4"
"1112",156,"charcoal | 150-500um num",170,170.5,171,1,5800.05,NA,NA,"GCDv4","Charcoal (sum)","150-500 µm",150,500,"False","False","number","Macroscopic charcoal (sieved)","direct",NA,"CHAR",13,NA,NA,"quant_raw",4.6,"volume","ml","RPDv1b","2067","charcoal","count","macrochar","wet_sieve","particle","150-500um num",NA,"150-500um","num","RPDv1b","measured",1,"RPDv1b","ELEMENT=150-500 µm","Yahoo Lake core",47.683333,-124.016667,710,"north","USA",NA,"sedlac",1112,1,2013,"Gavin, D.G., Brubaker, L.B., Greenwald, D.N., 2013. Postglacial climate and fire-mediated vegetation change on the western Olympic Peninsula, Washington (USA). Ecological Monographs 83, 471–489.","Postglacial climate and fire-mediated vegetation change on the western Olympic Peninsula, Washington (USA)","Ecological Monographs",83,NA,"471-489",NA,"10.1890/12-1742.1",NA,NA,NA,NA,NA,NA,NA,NA,NA,NA,NA,NA,NA,"RPDv1b:2067",1112,"Brubaker, L.B.",1,"Brubaker","L.B.",NA,NA,NA,NA,NA,NA,NA,NA,NA,"RPDv1b:2067",1112,"RPDv1b",2067,17621,198.5,1.985,"m",0.01,"AMS","terrestrial plant macrofossil",5845,60,NA,NA,"AA-20315",TRUE,NA,"NA Date is in uncalibrated radiocarbon years.","Yahoo Lake core_SIEVED","counted","150-500",NA,NA,"",5845,5785,5905,5845,198.5,0.01,"NA Date is in uncalibrated radiocarbon years.",". Cal curve: NA. Source DB: RPDv1b","Lacustrine","Carbon-14","Radiocarbon",-43,14615.48,"Calibrated radiocarbon years BP","sedimentary charcoal","Data Sourcing: RPDv1b","Sample Age Source: GCDv4"
"1112",157,"charcoal | 150-500um num",171,171.5,172,1,5829.97,NA,NA,"GCDv4","Charcoal (sum)","150-500 µm",150,500,"False","False","number","Macroscopic charcoal (sieved)","direct",NA,"CHAR",14,NA,NA,"quant_raw",5,"volume","ml","RPDv1b","2067","charcoal","count","macrochar","wet_sieve","particle","150-500um num",NA,"150-500um","num","RPDv1b","measured",1,"RPDv1b","ELEMENT=150-500 µm","Yahoo Lake core",47.683333,-124.016667,710,"north","USA",NA,"sedlac",1112,1,2013,"Gavin, D.G., Brubaker, L.B., Greenwald, D.N., 2013. Postglacial climate and fire-mediated vegetation change on the western Olympic Peninsula, Washington (USA). Ecological Monographs 83, 471–489.","Postglacial climate and fire-mediated vegetation change on the western Olympic Peninsula, Washington (USA)","Ecological Monographs",83,NA,"471-489",NA,"10.1890/12-1742.1",NA,NA,NA,NA,NA,NA,NA,NA,NA,NA,NA,NA,NA,"RPDv1b:2067",1112,"Brubaker, L.B.",1,"Brubaker","L.B.",NA,NA,NA,NA,NA,NA,NA,NA,NA,"RPDv1b:2067",1112,"RPDv1b",2067,17621,198.5,1.985,"m",0.01,"AMS","terrestrial plant macrofossil",5845,60,NA,NA,"AA-20315",TRUE,NA,"NA Date is in uncalibrated radiocarbon years.","Yahoo Lake core_SIEVED","counted","150-500",NA,NA,"",5845,5785,5905,5845,198.5,0.01,"NA Date is in uncalibrated radiocarbon years.",". Cal curve: NA. Source DB: RPDv1b","Lacustrine","Carbon-14","Radiocarbon",-43,14615.48,"Calibrated radiocarbon years BP","sedimentary charcoal","Data Sourcing: RPDv1b","Sample Age Source: GCDv4"
"1112",158,"charcoal | 150-500um num",172,172.5,173,1,5859.89,NA,NA,"GCDv4","Charcoal (sum)","150-500 µm",150,500,"False","False","number","Macroscopic charcoal (sieved)","direct",NA,"CHAR",17,NA,NA,"quant_raw",5,"volume","ml","RPDv1b","2067","charcoal","count","macrochar","wet_sieve","particle","150-500um num",NA,"150-500um","num","RPDv1b","measured",1,"RPDv1b","ELEMENT=150-500 µm","Yahoo Lake core",47.683333,-124.016667,710,"north","USA",NA,"sedlac",1112,1,2013,"Gavin, D.G., Brubaker, L.B., Greenwald, D.N., 2013. Postglacial climate and fire-mediated vegetation change on the western Olympic Peninsula, Washington (USA). Ecological Monographs 83, 471–489.","Postglacial climate and fire-mediated vegetation change on the western Olympic Peninsula, Washington (USA)","Ecological Monographs",83,NA,"471-489",NA,"10.1890/12-1742.1",NA,NA,NA,NA,NA,NA,NA,NA,NA,NA,NA,NA,NA,"RPDv1b:2067",1112,"Brubaker, L.B.",1,"Brubaker","L.B.",NA,NA,NA,NA,NA,NA,NA,NA,NA,"RPDv1b:2067",1112,"RPDv1b",2067,17621,198.5,1.985,"m",0.01,"AMS","terrestrial plant macrofossil",5845,60,NA,NA,"AA-20315",TRUE,NA,"NA Date is in uncalibrated radiocarbon years.","Yahoo Lake core_SIEVED","counted","150-500",NA,NA,"",5845,5785,5905,5845,198.5,0.01,"NA Date is in uncalibrated radiocarbon years.",". Cal curve: NA. Source DB: RPDv1b","Lacustrine","Carbon-14","Radiocarbon",-43,14615.48,"Calibrated radiocarbon years BP","sedimentary charcoal","Data Sourcing: RPDv1b","Sample Age Source: GCDv4"
"1112",159,"charcoal | 150-500um num",173,173.5,174,1,5889.81,NA,NA,"GCDv4","Charcoal (sum)","150-500 µm",150,500,"False","False","number","Macroscopic charcoal (sieved)","direct",NA,"CHAR",4,NA,NA,"quant_raw",5,"volume","ml","RPDv1b","2067","charcoal","count","macrochar","wet_sieve","particle","150-500um num",NA,"150-500um","num","RPDv1b","measured",1,"RPDv1b","ELEMENT=150-500 µm","Yahoo Lake core",47.683333,-124.016667,710,"north","USA",NA,"sedlac",1112,1,2013,"Gavin, D.G., Brubaker, L.B., Greenwald, D.N., 2013. Postglacial climate and fire-mediated vegetation change on the western Olympic Peninsula, Washington (USA). Ecological Monographs 83, 471–489.","Postglacial climate and fire-mediated vegetation change on the western Olympic Peninsula, Washington (USA)","Ecological Monographs",83,NA,"471-489",NA,"10.1890/12-1742.1",NA,NA,NA,NA,NA,NA,NA,NA,NA,NA,NA,NA,NA,"RPDv1b:2067",1112,"Brubaker, L.B.",1,"Brubaker","L.B.",NA,NA,NA,NA,NA,NA,NA,NA,NA,"RPDv1b:2067",1112,"RPDv1b",2067,17621,198.5,1.985,"m",0.01,"AMS","terrestrial plant macrofossil",5845,60,NA,NA,"AA-20315",TRUE,NA,"NA Date is in uncalibrated radiocarbon years.","Yahoo Lake core_SIEVED","counted","150-500",NA,NA,"",5845,5785,5905,5845,198.5,0.01,"NA Date is in uncalibrated radiocarbon years.",". Cal curve: NA. Source DB: RPDv1b","Lacustrine","Carbon-14","Radiocarbon",-43,14615.48,"Calibrated radiocarbon years BP","sedimentary charcoal","Data Sourcing: RPDv1b","Sample Age Source: GCDv4"
"1112",160,"charcoal | 150-500um num",174,174.5,175,1,5919.73,NA,NA,"GCDv4","Charcoal (sum)","150-500 µm",150,500,"False","False","number","Macroscopic charcoal (sieved)","direct",NA,"CHAR",15,NA,NA,"quant_raw",5,"volume","ml","RPDv1b","2067","charcoal","count","macrochar","wet_sieve","particle","150-500um num",NA,"150-500um","num","RPDv1b","measured",1,"RPDv1b","ELEMENT=150-500 µm","Yahoo Lake core",47.683333,-124.016667,710,"north","USA",NA,"sedlac",1112,1,2013,"Gavin, D.G., Brubaker, L.B., Greenwald, D.N., 2013. Postglacial climate and fire-mediated vegetation change on the western Olympic Peninsula, Washington (USA). Ecological Monographs 83, 471–489.","Postglacial climate and fire-mediated vegetation change on the western Olympic Peninsula, Washington (USA)","Ecological Monographs",83,NA,"471-489",NA,"10.1890/12-1742.1",NA,NA,NA,NA,NA,NA,NA,NA,NA,NA,NA,NA,NA,"RPDv1b:2067",1112,"Brubaker, L.B.",1,"Brubaker","L.B.",NA,NA,NA,NA,NA,NA,NA,NA,NA,"RPDv1b:2067",1112,"RPDv1b",2067,17621,198.5,1.985,"m",0.01,"AMS","terrestrial plant macrofossil",5845,60,NA,NA,"AA-20315",TRUE,NA,"NA Date is in uncalibrated radiocarbon years.","Yahoo Lake core_SIEVED","counted","150-500",NA,NA,"",5845,5785,5905,5845,198.5,0.01,"NA Date is in uncalibrated radiocarbon years.",". Cal curve: NA. Source DB: RPDv1b","Lacustrine","Carbon-14","Radiocarbon",-43,14615.48,"Calibrated radiocarbon years BP","sedimentary charcoal","Data Sourcing: RPDv1b","Sample Age Source: GCDv4"
"1112",161,"charcoal | 150-500um num",175,175.5,176,1,5949.65,NA,NA,"GCDv4","Charcoal (sum)","150-500 µm",150,500,"False","False","number","Macroscopic charcoal (sieved)","direct",NA,"CHAR",3,NA,NA,"quant_raw",5,"volume","ml","RPDv1b","2067","charcoal","count","macrochar","wet_sieve","particle","150-500um num",NA,"150-500um","num","RPDv1b","measured",1,"RPDv1b","ELEMENT=150-500 µm","Yahoo Lake core",47.683333,-124.016667,710,"north","USA",NA,"sedlac",1112,1,2013,"Gavin, D.G., Brubaker, L.B., Greenwald, D.N., 2013. Postglacial climate and fire-mediated vegetation change on the western Olympic Peninsula, Washington (USA). Ecological Monographs 83, 471–489.","Postglacial climate and fire-mediated vegetation change on the western Olympic Peninsula, Washington (USA)","Ecological Monographs",83,NA,"471-489",NA,"10.1890/12-1742.1",NA,NA,NA,NA,NA,NA,NA,NA,NA,NA,NA,NA,NA,"RPDv1b:2067",1112,"Brubaker, L.B.",1,"Brubaker","L.B.",NA,NA,NA,NA,NA,NA,NA,NA,NA,"RPDv1b:2067",1112,"RPDv1b",2067,17621,198.5,1.985,"m",0.01,"AMS","terrestrial plant macrofossil",5845,60,NA,NA,"AA-20315",TRUE,NA,"NA Date is in uncalibrated radiocarbon years.","Yahoo Lake core_SIEVED","counted","150-500",NA,NA,"",5845,5785,5905,5845,198.5,0.01,"NA Date is in uncalibrated radiocarbon years.",". Cal curve: NA. Source DB: RPDv1b","Lacustrine","Carbon-14","Radiocarbon",-43,14615.48,"Calibrated radiocarbon years BP","sedimentary charcoal","Data Sourcing: RPDv1b","Sample Age Source: GCDv4"
"1112",162,"charcoal | 150-500um num",176,176.5,177,1,5979.58,NA,NA,"GCDv4","Charcoal (sum)","150-500 µm",150,500,"False","False","number","Macroscopic charcoal (sieved)","direct",NA,"CHAR",13,NA,NA,"quant_raw",5,"volume","ml","RPDv1b","2067","charcoal","count","macrochar","wet_sieve","particle","150-500um num",NA,"150-500um","num","RPDv1b","measured",1,"RPDv1b","ELEMENT=150-500 µm","Yahoo Lake core",47.683333,-124.016667,710,"north","USA",NA,"sedlac",1112,1,2013,"Gavin, D.G., Brubaker, L.B., Greenwald, D.N., 2013. Postglacial climate and fire-mediated vegetation change on the western Olympic Peninsula, Washington (USA). Ecological Monographs 83, 471–489.","Postglacial climate and fire-mediated vegetation change on the western Olympic Peninsula, Washington (USA)","Ecological Monographs",83,NA,"471-489",NA,"10.1890/12-1742.1",NA,NA,NA,NA,NA,NA,NA,NA,NA,NA,NA,NA,NA,"RPDv1b:2067",1112,"Brubaker, L.B.",1,"Brubaker","L.B.",NA,NA,NA,NA,NA,NA,NA,NA,NA,"RPDv1b:2067",1112,"RPDv1b",2067,17621,198.5,1.985,"m",0.01,"AMS","terrestrial plant macrofossil",5845,60,NA,NA,"AA-20315",TRUE,NA,"NA Date is in uncalibrated radiocarbon years.","Yahoo Lake core_SIEVED","counted","150-500",NA,NA,"",5845,5785,5905,5845,198.5,0.01,"NA Date is in uncalibrated radiocarbon years.",". Cal curve: NA. Source DB: RPDv1b","Lacustrine","Carbon-14","Radiocarbon",-43,14615.48,"Calibrated radiocarbon years BP","sedimentary charcoal","Data Sourcing: RPDv1b","Sample Age Source: GCDv4"
"1112",163,"charcoal | 150-500um num",177,177.5,178,1,6009.52,NA,NA,"GCDv4","Charcoal (sum)","150-500 µm",150,500,"False","False","number","Macroscopic charcoal (sieved)","direct",NA,"CHAR",17,NA,NA,"quant_raw",5,"volume","ml","RPDv1b","2067","charcoal","count","macrochar","wet_sieve","particle","150-500um num",NA,"150-500um","num","RPDv1b","measured",1,"RPDv1b","ELEMENT=150-500 µm","Yahoo Lake core",47.683333,-124.016667,710,"north","USA",NA,"sedlac",1112,1,2013,"Gavin, D.G., Brubaker, L.B., Greenwald, D.N., 2013. Postglacial climate and fire-mediated vegetation change on the western Olympic Peninsula, Washington (USA). Ecological Monographs 83, 471–489.","Postglacial climate and fire-mediated vegetation change on the western Olympic Peninsula, Washington (USA)","Ecological Monographs",83,NA,"471-489",NA,"10.1890/12-1742.1",NA,NA,NA,NA,NA,NA,NA,NA,NA,NA,NA,NA,NA,"RPDv1b:2067",1112,"Brubaker, L.B.",1,"Brubaker","L.B.",NA,NA,NA,NA,NA,NA,NA,NA,NA,"RPDv1b:2067",1112,"RPDv1b",2067,17621,198.5,1.985,"m",0.01,"AMS","terrestrial plant macrofossil",5845,60,NA,NA,"AA-20315",TRUE,NA,"NA Date is in uncalibrated radiocarbon years.","Yahoo Lake core_SIEVED","counted","150-500",NA,NA,"",5845,5785,5905,5845,198.5,0.01,"NA Date is in uncalibrated radiocarbon years.",". Cal curve: NA. Source DB: RPDv1b","Lacustrine","Carbon-14","Radiocarbon",-43,14615.48,"Calibrated radiocarbon years BP","sedimentary charcoal","Data Sourcing: RPDv1b","Sample Age Source: GCDv4"
"1112",164,"charcoal | 150-500um num",178,178.5,179,1,6039.46,NA,NA,"GCDv4","Charcoal (sum)","150-500 µm",150,500,"False","False","number","Macroscopic charcoal (sieved)","direct",NA,"CHAR",9,NA,NA,"quant_raw",5,"volume","ml","RPDv1b","2067","charcoal","count","macrochar","wet_sieve","particle","150-500um num",NA,"150-500um","num","RPDv1b","measured",1,"RPDv1b","ELEMENT=150-500 µm","Yahoo Lake core",47.683333,-124.016667,710,"north","USA",NA,"sedlac",1112,1,2013,"Gavin, D.G., Brubaker, L.B., Greenwald, D.N., 2013. Postglacial climate and fire-mediated vegetation change on the western Olympic Peninsula, Washington (USA). Ecological Monographs 83, 471–489.","Postglacial climate and fire-mediated vegetation change on the western Olympic Peninsula, Washington (USA)","Ecological Monographs",83,NA,"471-489",NA,"10.1890/12-1742.1",NA,NA,NA,NA,NA,NA,NA,NA,NA,NA,NA,NA,NA,"RPDv1b:2067",1112,"Brubaker, L.B.",1,"Brubaker","L.B.",NA,NA,NA,NA,NA,NA,NA,NA,NA,"RPDv1b:2067",1112,"RPDv1b",2067,17621,198.5,1.985,"m",0.01,"AMS","terrestrial plant macrofossil",5845,60,NA,NA,"AA-20315",TRUE,NA,"NA Date is in uncalibrated radiocarbon years.","Yahoo Lake core_SIEVED","counted","150-500",NA,NA,"",5845,5785,5905,5845,198.5,0.01,"NA Date is in uncalibrated radiocarbon years.",". Cal curve: NA. Source DB: RPDv1b","Lacustrine","Carbon-14","Radiocarbon",-43,14615.48,"Calibrated radiocarbon years BP","sedimentary charcoal","Data Sourcing: RPDv1b","Sample Age Source: GCDv4"
"1112",165,"charcoal | 150-500um num",179,179.5,180,1,6069.42,NA,NA,"GCDv4","Charcoal (sum)","150-500 µm",150,500,"False","False","number","Macroscopic charcoal (sieved)","direct",NA,"CHAR",15,NA,NA,"quant_raw",5,"volume","ml","RPDv1b","2067","charcoal","count","macrochar","wet_sieve","particle","150-500um num",NA,"150-500um","num","RPDv1b","measured",1,"RPDv1b","ELEMENT=150-500 µm","Yahoo Lake core",47.683333,-124.016667,710,"north","USA",NA,"sedlac",1112,1,2013,"Gavin, D.G., Brubaker, L.B., Greenwald, D.N., 2013. Postglacial climate and fire-mediated vegetation change on the western Olympic Peninsula, Washington (USA). Ecological Monographs 83, 471–489.","Postglacial climate and fire-mediated vegetation change on the western Olympic Peninsula, Washington (USA)","Ecological Monographs",83,NA,"471-489",NA,"10.1890/12-1742.1",NA,NA,NA,NA,NA,NA,NA,NA,NA,NA,NA,NA,NA,"RPDv1b:2067",1112,"Brubaker, L.B.",1,"Brubaker","L.B.",NA,NA,NA,NA,NA,NA,NA,NA,NA,"RPDv1b:2067",1112,"RPDv1b",2067,17621,198.5,1.985,"m",0.01,"AMS","terrestrial plant macrofossil",5845,60,NA,NA,"AA-20315",TRUE,NA,"NA Date is in uncalibrated radiocarbon years.","Yahoo Lake core_SIEVED","counted","150-500",NA,NA,"",5845,5785,5905,5845,198.5,0.01,"NA Date is in uncalibrated radiocarbon years.",". Cal curve: NA. Source DB: RPDv1b","Lacustrine","Carbon-14","Radiocarbon",-43,14615.48,"Calibrated radiocarbon years BP","sedimentary charcoal","Data Sourcing: RPDv1b","Sample Age Source: GCDv4"
"1112",166,"charcoal | 150-500um num",180,180.5,181,1,6099.38,NA,NA,"GCDv4","Charcoal (sum)","150-500 µm",150,500,"False","False","number","Macroscopic charcoal (sieved)","direct",NA,"CHAR",28,NA,NA,"quant_raw",5,"volume","ml","RPDv1b","2067","charcoal","count","macrochar","wet_sieve","particle","150-500um num",NA,"150-500um","num","RPDv1b","measured",1,"RPDv1b","ELEMENT=150-500 µm","Yahoo Lake core",47.683333,-124.016667,710,"north","USA",NA,"sedlac",1112,1,2013,"Gavin, D.G., Brubaker, L.B., Greenwald, D.N., 2013. Postglacial climate and fire-mediated vegetation change on the western Olympic Peninsula, Washington (USA). Ecological Monographs 83, 471–489.","Postglacial climate and fire-mediated vegetation change on the western Olympic Peninsula, Washington (USA)","Ecological Monographs",83,NA,"471-489",NA,"10.1890/12-1742.1",NA,NA,NA,NA,NA,NA,NA,NA,NA,NA,NA,NA,NA,"RPDv1b:2067",1112,"Brubaker, L.B.",1,"Brubaker","L.B.",NA,NA,NA,NA,NA,NA,NA,NA,NA,"RPDv1b:2067",1112,"RPDv1b",2067,17621,198.5,1.985,"m",0.01,"AMS","terrestrial plant macrofossil",5845,60,NA,NA,"AA-20315",TRUE,NA,"NA Date is in uncalibrated radiocarbon years.","Yahoo Lake core_SIEVED","counted","150-500",NA,NA,"",5845,5785,5905,5845,198.5,0.01,"NA Date is in uncalibrated radiocarbon years.",". Cal curve: NA. Source DB: RPDv1b","Lacustrine","Carbon-14","Radiocarbon",-43,14615.48,"Calibrated radiocarbon years BP","sedimentary charcoal","Data Sourcing: RPDv1b","Sample Age Source: GCDv4"
"1112",167,"charcoal | 150-500um num",181,181.5,182,1,6129.36,NA,NA,"GCDv4","Charcoal (sum)","150-500 µm",150,500,"False","False","number","Macroscopic charcoal (sieved)","direct",NA,"CHAR",16,NA,NA,"quant_raw",5,"volume","ml","RPDv1b","2067","charcoal","count","macrochar","wet_sieve","particle","150-500um num",NA,"150-500um","num","RPDv1b","measured",1,"RPDv1b","ELEMENT=150-500 µm","Yahoo Lake core",47.683333,-124.016667,710,"north","USA",NA,"sedlac",1112,1,2013,"Gavin, D.G., Brubaker, L.B., Greenwald, D.N., 2013. Postglacial climate and fire-mediated vegetation change on the western Olympic Peninsula, Washington (USA). Ecological Monographs 83, 471–489.","Postglacial climate and fire-mediated vegetation change on the western Olympic Peninsula, Washington (USA)","Ecological Monographs",83,NA,"471-489",NA,"10.1890/12-1742.1",NA,NA,NA,NA,NA,NA,NA,NA,NA,NA,NA,NA,NA,"RPDv1b:2067",1112,"Brubaker, L.B.",1,"Brubaker","L.B.",NA,NA,NA,NA,NA,NA,NA,NA,NA,"RPDv1b:2067",1112,"RPDv1b",2067,17621,198.5,1.985,"m",0.01,"AMS","terrestrial plant macrofossil",5845,60,NA,NA,"AA-20315",TRUE,NA,"NA Date is in uncalibrated radiocarbon years.","Yahoo Lake core_SIEVED","counted","150-500",NA,NA,"",5845,5785,5905,5845,198.5,0.01,"NA Date is in uncalibrated radiocarbon years.",". Cal curve: NA. Source DB: RPDv1b","Lacustrine","Carbon-14","Radiocarbon",-43,14615.48,"Calibrated radiocarbon years BP","sedimentary charcoal","Data Sourcing: RPDv1b","Sample Age Source: GCDv4"
"1112",168,"charcoal | 150-500um num",182,182.5,183,1,6159.36,NA,NA,"GCDv4","Charcoal (sum)","150-500 µm",150,500,"False","False","number","Macroscopic charcoal (sieved)","direct",NA,"CHAR",15,NA,NA,"quant_raw",5,"volume","ml","RPDv1b","2067","charcoal","count","macrochar","wet_sieve","particle","150-500um num",NA,"150-500um","num","RPDv1b","measured",1,"RPDv1b","ELEMENT=150-500 µm","Yahoo Lake core",47.683333,-124.016667,710,"north","USA",NA,"sedlac",1112,1,2013,"Gavin, D.G., Brubaker, L.B., Greenwald, D.N., 2013. Postglacial climate and fire-mediated vegetation change on the western Olympic Peninsula, Washington (USA). Ecological Monographs 83, 471–489.","Postglacial climate and fire-mediated vegetation change on the western Olympic Peninsula, Washington (USA)","Ecological Monographs",83,NA,"471-489",NA,"10.1890/12-1742.1",NA,NA,NA,NA,NA,NA,NA,NA,NA,NA,NA,NA,NA,"RPDv1b:2067",1112,"Brubaker, L.B.",1,"Brubaker","L.B.",NA,NA,NA,NA,NA,NA,NA,NA,NA,"RPDv1b:2067",1112,"RPDv1b",2067,17621,198.5,1.985,"m",0.01,"AMS","terrestrial plant macrofossil",5845,60,NA,NA,"AA-20315",TRUE,NA,"NA Date is in uncalibrated radiocarbon years.","Yahoo Lake core_SIEVED","counted","150-500",NA,NA,"",5845,5785,5905,5845,198.5,0.01,"NA Date is in uncalibrated radiocarbon years.",". Cal curve: NA. Source DB: RPDv1b","Lacustrine","Carbon-14","Radiocarbon",-43,14615.48,"Calibrated radiocarbon years BP","sedimentary charcoal","Data Sourcing: RPDv1b","Sample Age Source: GCDv4"
"1112",169,"charcoal | 150-500um num",183,183.5,184,1,6189.37,NA,NA,"GCDv4","Charcoal (sum)","150-500 µm",150,500,"False","False","number","Macroscopic charcoal (sieved)","direct",NA,"CHAR",25,NA,NA,"quant_raw",5,"volume","ml","RPDv1b","2067","charcoal","count","macrochar","wet_sieve","particle","150-500um num",NA,"150-500um","num","RPDv1b","measured",1,"RPDv1b","ELEMENT=150-500 µm","Yahoo Lake core",47.683333,-124.016667,710,"north","USA",NA,"sedlac",1112,1,2013,"Gavin, D.G., Brubaker, L.B., Greenwald, D.N., 2013. Postglacial climate and fire-mediated vegetation change on the western Olympic Peninsula, Washington (USA). Ecological Monographs 83, 471–489.","Postglacial climate and fire-mediated vegetation change on the western Olympic Peninsula, Washington (USA)","Ecological Monographs",83,NA,"471-489",NA,"10.1890/12-1742.1",NA,NA,NA,NA,NA,NA,NA,NA,NA,NA,NA,NA,NA,"RPDv1b:2067",1112,"Brubaker, L.B.",1,"Brubaker","L.B.",NA,NA,NA,NA,NA,NA,NA,NA,NA,"RPDv1b:2067",1112,"RPDv1b",2067,17621,198.5,1.985,"m",0.01,"AMS","terrestrial plant macrofossil",5845,60,NA,NA,"AA-20315",TRUE,NA,"NA Date is in uncalibrated radiocarbon years.","Yahoo Lake core_SIEVED","counted","150-500",NA,NA,"",5845,5785,5905,5845,198.5,0.01,"NA Date is in uncalibrated radiocarbon years.",". Cal curve: NA. Source DB: RPDv1b","Lacustrine","Carbon-14","Radiocarbon",-43,14615.48,"Calibrated radiocarbon years BP","sedimentary charcoal","Data Sourcing: RPDv1b","Sample Age Source: GCDv4"
"1112",170,"charcoal | 150-500um num",184,184.5,185,1,6219.4,NA,NA,"GCDv4","Charcoal (sum)","150-500 µm",150,500,"False","False","number","Macroscopic charcoal (sieved)","direct",NA,"CHAR",15,NA,NA,"quant_raw",5,"volume","ml","RPDv1b","2067","charcoal","count","macrochar","wet_sieve","particle","150-500um num",NA,"150-500um","num","RPDv1b","measured",1,"RPDv1b","ELEMENT=150-500 µm","Yahoo Lake core",47.683333,-124.016667,710,"north","USA",NA,"sedlac",1112,1,2013,"Gavin, D.G., Brubaker, L.B., Greenwald, D.N., 2013. Postglacial climate and fire-mediated vegetation change on the western Olympic Peninsula, Washington (USA). Ecological Monographs 83, 471–489.","Postglacial climate and fire-mediated vegetation change on the western Olympic Peninsula, Washington (USA)","Ecological Monographs",83,NA,"471-489",NA,"10.1890/12-1742.1",NA,NA,NA,NA,NA,NA,NA,NA,NA,NA,NA,NA,NA,"RPDv1b:2067",1112,"Brubaker, L.B.",1,"Brubaker","L.B.",NA,NA,NA,NA,NA,NA,NA,NA,NA,"RPDv1b:2067",1112,"RPDv1b",2067,17621,198.5,1.985,"m",0.01,"AMS","terrestrial plant macrofossil",5845,60,NA,NA,"AA-20315",TRUE,NA,"NA Date is in uncalibrated radiocarbon years.","Yahoo Lake core_SIEVED","counted","150-500",NA,NA,"",5845,5785,5905,5845,198.5,0.01,"NA Date is in uncalibrated radiocarbon years.",". Cal curve: NA. Source DB: RPDv1b","Lacustrine","Carbon-14","Radiocarbon",-43,14615.48,"Calibrated radiocarbon years BP","sedimentary charcoal","Data Sourcing: RPDv1b","Sample Age Source: GCDv4"
"1112",171,"charcoal | 150-500um num",185,185.5,186,1,6249.45,NA,NA,"GCDv4","Charcoal (sum)","150-500 µm",150,500,"False","False","number","Macroscopic charcoal (sieved)","direct",NA,"CHAR",15,NA,NA,"quant_raw",5,"volume","ml","RPDv1b","2067","charcoal","count","macrochar","wet_sieve","particle","150-500um num",NA,"150-500um","num","RPDv1b","measured",1,"RPDv1b","ELEMENT=150-500 µm","Yahoo Lake core",47.683333,-124.016667,710,"north","USA",NA,"sedlac",1112,1,2013,"Gavin, D.G., Brubaker, L.B., Greenwald, D.N., 2013. Postglacial climate and fire-mediated vegetation change on the western Olympic Peninsula, Washington (USA). Ecological Monographs 83, 471–489.","Postglacial climate and fire-mediated vegetation change on the western Olympic Peninsula, Washington (USA)","Ecological Monographs",83,NA,"471-489",NA,"10.1890/12-1742.1",NA,NA,NA,NA,NA,NA,NA,NA,NA,NA,NA,NA,NA,"RPDv1b:2067",1112,"Brubaker, L.B.",1,"Brubaker","L.B.",NA,NA,NA,NA,NA,NA,NA,NA,NA,"RPDv1b:2067",1112,"RPDv1b",2067,17621,198.5,1.985,"m",0.01,"AMS","terrestrial plant macrofossil",5845,60,NA,NA,"AA-20315",TRUE,NA,"NA Date is in uncalibrated radiocarbon years.","Yahoo Lake core_SIEVED","counted","150-500",NA,NA,"",5845,5785,5905,5845,198.5,0.01,"NA Date is in uncalibrated radiocarbon years.",". Cal curve: NA. Source DB: RPDv1b","Lacustrine","Carbon-14","Radiocarbon",-43,14615.48,"Calibrated radiocarbon years BP","sedimentary charcoal","Data Sourcing: RPDv1b","Sample Age Source: GCDv4"
"1112",172,"charcoal | 150-500um num",186,186.5,187,1,6279.52,NA,NA,"GCDv4","Charcoal (sum)","150-500 µm",150,500,"False","False","number","Macroscopic charcoal (sieved)","direct",NA,"CHAR",56,NA,NA,"quant_raw",5,"volume","ml","RPDv1b","2067","charcoal","count","macrochar","wet_sieve","particle","150-500um num",NA,"150-500um","num","RPDv1b","measured",1,"RPDv1b","ELEMENT=150-500 µm","Yahoo Lake core",47.683333,-124.016667,710,"north","USA",NA,"sedlac",1112,1,2013,"Gavin, D.G., Brubaker, L.B., Greenwald, D.N., 2013. Postglacial climate and fire-mediated vegetation change on the western Olympic Peninsula, Washington (USA). Ecological Monographs 83, 471–489.","Postglacial climate and fire-mediated vegetation change on the western Olympic Peninsula, Washington (USA)","Ecological Monographs",83,NA,"471-489",NA,"10.1890/12-1742.1",NA,NA,NA,NA,NA,NA,NA,NA,NA,NA,NA,NA,NA,"RPDv1b:2067",1112,"Brubaker, L.B.",1,"Brubaker","L.B.",NA,NA,NA,NA,NA,NA,NA,NA,NA,"RPDv1b:2067",1112,"RPDv1b",2067,17621,198.5,1.985,"m",0.01,"AMS","terrestrial plant macrofossil",5845,60,NA,NA,"AA-20315",TRUE,NA,"NA Date is in uncalibrated radiocarbon years.","Yahoo Lake core_SIEVED","counted","150-500",NA,NA,"",5845,5785,5905,5845,198.5,0.01,"NA Date is in uncalibrated radiocarbon years.",". Cal curve: NA. Source DB: RPDv1b","Lacustrine","Carbon-14","Radiocarbon",-43,14615.48,"Calibrated radiocarbon years BP","sedimentary charcoal","Data Sourcing: RPDv1b","Sample Age Source: GCDv4"
"1112",173,"charcoal | 150-500um num",187,187.5,188,1,6309.62,NA,NA,"GCDv4","Charcoal (sum)","150-500 µm",150,500,"False","False","number","Macroscopic charcoal (sieved)","direct",NA,"CHAR",29,NA,NA,"quant_raw",5,"volume","ml","RPDv1b","2067","charcoal","count","macrochar","wet_sieve","particle","150-500um num",NA,"150-500um","num","RPDv1b","measured",1,"RPDv1b","ELEMENT=150-500 µm","Yahoo Lake core",47.683333,-124.016667,710,"north","USA",NA,"sedlac",1112,1,2013,"Gavin, D.G., Brubaker, L.B., Greenwald, D.N., 2013. Postglacial climate and fire-mediated vegetation change on the western Olympic Peninsula, Washington (USA). Ecological Monographs 83, 471–489.","Postglacial climate and fire-mediated vegetation change on the western Olympic Peninsula, Washington (USA)","Ecological Monographs",83,NA,"471-489",NA,"10.1890/12-1742.1",NA,NA,NA,NA,NA,NA,NA,NA,NA,NA,NA,NA,NA,"RPDv1b:2067",1112,"Brubaker, L.B.",1,"Brubaker","L.B.",NA,NA,NA,NA,NA,NA,NA,NA,NA,"RPDv1b:2067",1112,"RPDv1b",2067,17621,198.5,1.985,"m",0.01,"AMS","terrestrial plant macrofossil",5845,60,NA,NA,"AA-20315",TRUE,NA,"NA Date is in uncalibrated radiocarbon years.","Yahoo Lake core_SIEVED","counted","150-500",NA,NA,"",5845,5785,5905,5845,198.5,0.01,"NA Date is in uncalibrated radiocarbon years.",". Cal curve: NA. Source DB: RPDv1b","Lacustrine","Carbon-14","Radiocarbon",-43,14615.48,"Calibrated radiocarbon years BP","sedimentary charcoal","Data Sourcing: RPDv1b","Sample Age Source: GCDv4"
"1112",174,"charcoal | 150-500um num",188,188.5,189,1,6339.74,NA,NA,"GCDv4","Charcoal (sum)","150-500 µm",150,500,"False","False","number","Macroscopic charcoal (sieved)","direct",NA,"CHAR",7,NA,NA,"quant_raw",5,"volume","ml","RPDv1b","2067","charcoal","count","macrochar","wet_sieve","particle","150-500um num",NA,"150-500um","num","RPDv1b","measured",1,"RPDv1b","ELEMENT=150-500 µm","Yahoo Lake core",47.683333,-124.016667,710,"north","USA",NA,"sedlac",1112,1,2013,"Gavin, D.G., Brubaker, L.B., Greenwald, D.N., 2013. Postglacial climate and fire-mediated vegetation change on the western Olympic Peninsula, Washington (USA). Ecological Monographs 83, 471–489.","Postglacial climate and fire-mediated vegetation change on the western Olympic Peninsula, Washington (USA)","Ecological Monographs",83,NA,"471-489",NA,"10.1890/12-1742.1",NA,NA,NA,NA,NA,NA,NA,NA,NA,NA,NA,NA,NA,"RPDv1b:2067",1112,"Brubaker, L.B.",1,"Brubaker","L.B.",NA,NA,NA,NA,NA,NA,NA,NA,NA,"RPDv1b:2067",1112,"RPDv1b",2067,17621,198.5,1.985,"m",0.01,"AMS","terrestrial plant macrofossil",5845,60,NA,NA,"AA-20315",TRUE,NA,"NA Date is in uncalibrated radiocarbon years.","Yahoo Lake core_SIEVED","counted","150-500",NA,NA,"",5845,5785,5905,5845,198.5,0.01,"NA Date is in uncalibrated radiocarbon years.",". Cal curve: NA. Source DB: RPDv1b","Lacustrine","Carbon-14","Radiocarbon",-43,14615.48,"Calibrated radiocarbon years BP","sedimentary charcoal","Data Sourcing: RPDv1b","Sample Age Source: GCDv4"
"1112",175,"charcoal | 150-500um num",189,189.5,190,1,6369.89,NA,NA,"GCDv4","Charcoal (sum)","150-500 µm",150,500,"False","False","number","Macroscopic charcoal (sieved)","direct",NA,"CHAR",29,NA,NA,"quant_raw",5,"volume","ml","RPDv1b","2067","charcoal","count","macrochar","wet_sieve","particle","150-500um num",NA,"150-500um","num","RPDv1b","measured",1,"RPDv1b","ELEMENT=150-500 µm","Yahoo Lake core",47.683333,-124.016667,710,"north","USA",NA,"sedlac",1112,1,2013,"Gavin, D.G., Brubaker, L.B., Greenwald, D.N., 2013. Postglacial climate and fire-mediated vegetation change on the western Olympic Peninsula, Washington (USA). Ecological Monographs 83, 471–489.","Postglacial climate and fire-mediated vegetation change on the western Olympic Peninsula, Washington (USA)","Ecological Monographs",83,NA,"471-489",NA,"10.1890/12-1742.1",NA,NA,NA,NA,NA,NA,NA,NA,NA,NA,NA,NA,NA,"RPDv1b:2067",1112,"Brubaker, L.B.",1,"Brubaker","L.B.",NA,NA,NA,NA,NA,NA,NA,NA,NA,"RPDv1b:2067",1112,"RPDv1b",2067,17621,198.5,1.985,"m",0.01,"AMS","terrestrial plant macrofossil",5845,60,NA,NA,"AA-20315",TRUE,NA,"NA Date is in uncalibrated radiocarbon years.","Yahoo Lake core_SIEVED","counted","150-500",NA,NA,"",5845,5785,5905,5845,198.5,0.01,"NA Date is in uncalibrated radiocarbon years.",". Cal curve: NA. Source DB: RPDv1b","Lacustrine","Carbon-14","Radiocarbon",-43,14615.48,"Calibrated radiocarbon years BP","sedimentary charcoal","Data Sourcing: RPDv1b","Sample Age Source: GCDv4"
"1112",176,"charcoal | 150-500um num",190,190.5,191,1,6400.07,NA,NA,"GCDv4","Charcoal (sum)","150-500 µm",150,500,"False","False","number","Macroscopic charcoal (sieved)","direct",NA,"CHAR",22,NA,NA,"quant_raw",5,"volume","ml","RPDv1b","2067","charcoal","count","macrochar","wet_sieve","particle","150-500um num",NA,"150-500um","num","RPDv1b","measured",1,"RPDv1b","ELEMENT=150-500 µm","Yahoo Lake core",47.683333,-124.016667,710,"north","USA",NA,"sedlac",1112,1,2013,"Gavin, D.G., Brubaker, L.B., Greenwald, D.N., 2013. Postglacial climate and fire-mediated vegetation change on the western Olympic Peninsula, Washington (USA). Ecological Monographs 83, 471–489.","Postglacial climate and fire-mediated vegetation change on the western Olympic Peninsula, Washington (USA)","Ecological Monographs",83,NA,"471-489",NA,"10.1890/12-1742.1",NA,NA,NA,NA,NA,NA,NA,NA,NA,NA,NA,NA,NA,"RPDv1b:2067",1112,"Brubaker, L.B.",1,"Brubaker","L.B.",NA,NA,NA,NA,NA,NA,NA,NA,NA,"RPDv1b:2067",1112,"RPDv1b",2067,17621,198.5,1.985,"m",0.01,"AMS","terrestrial plant macrofossil",5845,60,NA,NA,"AA-20315",TRUE,NA,"NA Date is in uncalibrated radiocarbon years.","Yahoo Lake core_SIEVED","counted","150-500",NA,NA,"",5845,5785,5905,5845,198.5,0.01,"NA Date is in uncalibrated radiocarbon years.",". Cal curve: NA. Source DB: RPDv1b","Lacustrine","Carbon-14","Radiocarbon",-43,14615.48,"Calibrated radiocarbon years BP","sedimentary charcoal","Data Sourcing: RPDv1b","Sample Age Source: GCDv4"
"1112",177,"charcoal | 150-500um num",191,191.5,192,1,6430.28,NA,NA,"GCDv4","Charcoal (sum)","150-500 µm",150,500,"False","False","number","Macroscopic charcoal (sieved)","direct",NA,"CHAR",22,NA,NA,"quant_raw",5,"volume","ml","RPDv1b","2067","charcoal","count","macrochar","wet_sieve","particle","150-500um num",NA,"150-500um","num","RPDv1b","measured",1,"RPDv1b","ELEMENT=150-500 µm","Yahoo Lake core",47.683333,-124.016667,710,"north","USA",NA,"sedlac",1112,1,2013,"Gavin, D.G., Brubaker, L.B., Greenwald, D.N., 2013. Postglacial climate and fire-mediated vegetation change on the western Olympic Peninsula, Washington (USA). Ecological Monographs 83, 471–489.","Postglacial climate and fire-mediated vegetation change on the western Olympic Peninsula, Washington (USA)","Ecological Monographs",83,NA,"471-489",NA,"10.1890/12-1742.1",NA,NA,NA,NA,NA,NA,NA,NA,NA,NA,NA,NA,NA,"RPDv1b:2067",1112,"Brubaker, L.B.",1,"Brubaker","L.B.",NA,NA,NA,NA,NA,NA,NA,NA,NA,"RPDv1b:2067",1112,"RPDv1b",2067,17621,198.5,1.985,"m",0.01,"AMS","terrestrial plant macrofossil",5845,60,NA,NA,"AA-20315",TRUE,NA,"NA Date is in uncalibrated radiocarbon years.","Yahoo Lake core_SIEVED","counted","150-500",NA,NA,"",5845,5785,5905,5845,198.5,0.01,"NA Date is in uncalibrated radiocarbon years.",". Cal curve: NA. Source DB: RPDv1b","Lacustrine","Carbon-14","Radiocarbon",-43,14615.48,"Calibrated radiocarbon years BP","sedimentary charcoal","Data Sourcing: RPDv1b","Sample Age Source: GCDv4"
"1112",178,"charcoal | 150-500um num",192,192.5,193,1,6460.52,NA,NA,"GCDv4","Charcoal (sum)","150-500 µm",150,500,"False","False","number","Macroscopic charcoal (sieved)","direct",NA,"CHAR",21,NA,NA,"quant_raw",5,"volume","ml","RPDv1b","2067","charcoal","count","macrochar","wet_sieve","particle","150-500um num",NA,"150-500um","num","RPDv1b","measured",1,"RPDv1b","ELEMENT=150-500 µm","Yahoo Lake core",47.683333,-124.016667,710,"north","USA",NA,"sedlac",1112,1,2013,"Gavin, D.G., Brubaker, L.B., Greenwald, D.N., 2013. Postglacial climate and fire-mediated vegetation change on the western Olympic Peninsula, Washington (USA). Ecological Monographs 83, 471–489.","Postglacial climate and fire-mediated vegetation change on the western Olympic Peninsula, Washington (USA)","Ecological Monographs",83,NA,"471-489",NA,"10.1890/12-1742.1",NA,NA,NA,NA,NA,NA,NA,NA,NA,NA,NA,NA,NA,"RPDv1b:2067",1112,"Brubaker, L.B.",1,"Brubaker","L.B.",NA,NA,NA,NA,NA,NA,NA,NA,NA,"RPDv1b:2067",1112,"RPDv1b",2067,17621,198.5,1.985,"m",0.01,"AMS","terrestrial plant macrofossil",5845,60,NA,NA,"AA-20315",TRUE,NA,"NA Date is in uncalibrated radiocarbon years.","Yahoo Lake core_SIEVED","counted","150-500",NA,NA,"",5845,5785,5905,5845,198.5,0.01,"NA Date is in uncalibrated radiocarbon years.",". Cal curve: NA. Source DB: RPDv1b","Lacustrine","Carbon-14","Radiocarbon",-43,14615.48,"Calibrated radiocarbon years BP","sedimentary charcoal","Data Sourcing: RPDv1b","Sample Age Source: GCDv4"
"1112",179,"charcoal | 150-500um num",193,193.5,194,1,6490.79,NA,NA,"GCDv4","Charcoal (sum)","150-500 µm",150,500,"False","False","number","Macroscopic charcoal (sieved)","direct",NA,"CHAR",63,NA,NA,"quant_raw",5,"volume","ml","RPDv1b","2067","charcoal","count","macrochar","wet_sieve","particle","150-500um num",NA,"150-500um","num","RPDv1b","measured",1,"RPDv1b","ELEMENT=150-500 µm","Yahoo Lake core",47.683333,-124.016667,710,"north","USA",NA,"sedlac",1112,1,2013,"Gavin, D.G., Brubaker, L.B., Greenwald, D.N., 2013. Postglacial climate and fire-mediated vegetation change on the western Olympic Peninsula, Washington (USA). Ecological Monographs 83, 471–489.","Postglacial climate and fire-mediated vegetation change on the western Olympic Peninsula, Washington (USA)","Ecological Monographs",83,NA,"471-489",NA,"10.1890/12-1742.1",NA,NA,NA,NA,NA,NA,NA,NA,NA,NA,NA,NA,NA,"RPDv1b:2067",1112,"Brubaker, L.B.",1,"Brubaker","L.B.",NA,NA,NA,NA,NA,NA,NA,NA,NA,"RPDv1b:2067",1112,"RPDv1b",2067,17621,198.5,1.985,"m",0.01,"AMS","terrestrial plant macrofossil",5845,60,NA,NA,"AA-20315",TRUE,NA,"NA Date is in uncalibrated radiocarbon years.","Yahoo Lake core_SIEVED","counted","150-500",NA,NA,"",5845,5785,5905,5845,198.5,0.01,"NA Date is in uncalibrated radiocarbon years.",". Cal curve: NA. Source DB: RPDv1b","Lacustrine","Carbon-14","Radiocarbon",-43,14615.48,"Calibrated radiocarbon years BP","sedimentary charcoal","Data Sourcing: RPDv1b","Sample Age Source: GCDv4"
"1112",180,"charcoal | 150-500um num",194,194.5,195,1,6521.11,NA,NA,"GCDv4","Charcoal (sum)","150-500 µm",150,500,"False","False","number","Macroscopic charcoal (sieved)","direct",NA,"CHAR",79,NA,NA,"quant_raw",5,"volume","ml","RPDv1b","2067","charcoal","count","macrochar","wet_sieve","particle","150-500um num",NA,"150-500um","num","RPDv1b","measured",1,"RPDv1b","ELEMENT=150-500 µm","Yahoo Lake core",47.683333,-124.016667,710,"north","USA",NA,"sedlac",1112,1,2013,"Gavin, D.G., Brubaker, L.B., Greenwald, D.N., 2013. Postglacial climate and fire-mediated vegetation change on the western Olympic Peninsula, Washington (USA). Ecological Monographs 83, 471–489.","Postglacial climate and fire-mediated vegetation change on the western Olympic Peninsula, Washington (USA)","Ecological Monographs",83,NA,"471-489",NA,"10.1890/12-1742.1",NA,NA,NA,NA,NA,NA,NA,NA,NA,NA,NA,NA,NA,"RPDv1b:2067",1112,"Brubaker, L.B.",1,"Brubaker","L.B.",NA,NA,NA,NA,NA,NA,NA,NA,NA,"RPDv1b:2067",1112,"RPDv1b",2067,17621,198.5,1.985,"m",0.01,"AMS","terrestrial plant macrofossil",5845,60,NA,NA,"AA-20315",TRUE,NA,"NA Date is in uncalibrated radiocarbon years.","Yahoo Lake core_SIEVED","counted","150-500",NA,NA,"",5845,5785,5905,5845,198.5,0.01,"NA Date is in uncalibrated radiocarbon years.",". Cal curve: NA. Source DB: RPDv1b","Lacustrine","Carbon-14","Radiocarbon",-43,14615.48,"Calibrated radiocarbon years BP","sedimentary charcoal","Data Sourcing: RPDv1b","Sample Age Source: GCDv4"
"1112",181,"charcoal | 150-500um num",195,195.5,196,1,6551.46,NA,NA,"GCDv4","Charcoal (sum)","150-500 µm",150,500,"False","False","number","Macroscopic charcoal (sieved)","direct",NA,"CHAR",25,NA,NA,"quant_raw",5,"volume","ml","RPDv1b","2067","charcoal","count","macrochar","wet_sieve","particle","150-500um num",NA,"150-500um","num","RPDv1b","measured",1,"RPDv1b","ELEMENT=150-500 µm","Yahoo Lake core",47.683333,-124.016667,710,"north","USA",NA,"sedlac",1112,1,2013,"Gavin, D.G., Brubaker, L.B., Greenwald, D.N., 2013. Postglacial climate and fire-mediated vegetation change on the western Olympic Peninsula, Washington (USA). Ecological Monographs 83, 471–489.","Postglacial climate and fire-mediated vegetation change on the western Olympic Peninsula, Washington (USA)","Ecological Monographs",83,NA,"471-489",NA,"10.1890/12-1742.1",NA,NA,NA,NA,NA,NA,NA,NA,NA,NA,NA,NA,NA,"RPDv1b:2067",1112,"Brubaker, L.B.",1,"Brubaker","L.B.",NA,NA,NA,NA,NA,NA,NA,NA,NA,"RPDv1b:2067",1112,"RPDv1b",2067,17621,198.5,1.985,"m",0.01,"AMS","terrestrial plant macrofossil",5845,60,NA,NA,"AA-20315",TRUE,NA,"NA Date is in uncalibrated radiocarbon years.","Yahoo Lake core_SIEVED","counted","150-500",NA,NA,"",5845,5785,5905,5845,198.5,0.01,"NA Date is in uncalibrated radiocarbon years.",". Cal curve: NA. Source DB: RPDv1b","Lacustrine","Carbon-14","Radiocarbon",-43,14615.48,"Calibrated radiocarbon years BP","sedimentary charcoal","Data Sourcing: RPDv1b","Sample Age Source: GCDv4"
"1112",182,"charcoal | 150-500um num",196,196.5,197,1,6581.84,NA,NA,"GCDv4","Charcoal (sum)","150-500 µm",150,500,"False","False","number","Macroscopic charcoal (sieved)","direct",NA,"CHAR",22,NA,NA,"quant_raw",5,"volume","ml","RPDv1b","2067","charcoal","count","macrochar","wet_sieve","particle","150-500um num",NA,"150-500um","num","RPDv1b","measured",1,"RPDv1b","ELEMENT=150-500 µm","Yahoo Lake core",47.683333,-124.016667,710,"north","USA",NA,"sedlac",1112,1,2013,"Gavin, D.G., Brubaker, L.B., Greenwald, D.N., 2013. Postglacial climate and fire-mediated vegetation change on the western Olympic Peninsula, Washington (USA). Ecological Monographs 83, 471–489.","Postglacial climate and fire-mediated vegetation change on the western Olympic Peninsula, Washington (USA)","Ecological Monographs",83,NA,"471-489",NA,"10.1890/12-1742.1",NA,NA,NA,NA,NA,NA,NA,NA,NA,NA,NA,NA,NA,"RPDv1b:2067",1112,"Brubaker, L.B.",1,"Brubaker","L.B.",NA,NA,NA,NA,NA,NA,NA,NA,NA,"RPDv1b:2067",1112,"RPDv1b",2067,17621,198.5,1.985,"m",0.01,"AMS","terrestrial plant macrofossil",5845,60,NA,NA,"AA-20315",TRUE,NA,"NA Date is in uncalibrated radiocarbon years.","Yahoo Lake core_SIEVED","counted","150-500",NA,NA,"",5845,5785,5905,5845,198.5,0.01,"NA Date is in uncalibrated radiocarbon years.",". Cal curve: NA. Source DB: RPDv1b","Lacustrine","Carbon-14","Radiocarbon",-43,14615.48,"Calibrated radiocarbon years BP","sedimentary charcoal","Data Sourcing: RPDv1b","Sample Age Source: GCDv4"
"1112",183,"charcoal | 150-500um num",197,197.5,198,1,6612.27,NA,NA,"GCDv4","Charcoal (sum)","150-500 µm",150,500,"False","False","number","Macroscopic charcoal (sieved)","direct",NA,"CHAR",12,NA,NA,"quant_raw",5,"volume","ml","RPDv1b","2067","charcoal","count","macrochar","wet_sieve","particle","150-500um num",NA,"150-500um","num","RPDv1b","measured",1,"RPDv1b","ELEMENT=150-500 µm","Yahoo Lake core",47.683333,-124.016667,710,"north","USA",NA,"sedlac",1112,1,2013,"Gavin, D.G., Brubaker, L.B., Greenwald, D.N., 2013. Postglacial climate and fire-mediated vegetation change on the western Olympic Peninsula, Washington (USA). Ecological Monographs 83, 471–489.","Postglacial climate and fire-mediated vegetation change on the western Olympic Peninsula, Washington (USA)","Ecological Monographs",83,NA,"471-489",NA,"10.1890/12-1742.1",NA,NA,NA,NA,NA,NA,NA,NA,NA,NA,NA,NA,NA,"RPDv1b:2067",1112,"Brubaker, L.B.",1,"Brubaker","L.B.",NA,NA,NA,NA,NA,NA,NA,NA,NA,"RPDv1b:2067",1112,"RPDv1b",2067,17622,230.5,2.305,"m",0.01,"Tephra","-888888",NA,20,7627,NA,"-888888",TRUE,NA,"NA Date is calibrated.","Yahoo Lake core_SIEVED","counted","150-500",NA,NA,"",7627,7607,7647,7627,230.5,0.01,"NA Date is calibrated.",". Cal curve: NA. Source DB: RPDv1b","Lacustrine","","Tephra",-43,14615.48,"Calibrated radiocarbon years BP","sedimentary charcoal","Data Sourcing: RPDv1b","Sample Age Source: GCDv4"
"1112",185,"charcoal | 150-500um num",199,199.5,200,1,6673.28,NA,NA,"GCDv4","Charcoal (sum)","150-500 µm",150,500,"False","False","number","Macroscopic charcoal (sieved)","direct",NA,"CHAR",4,NA,NA,"quant_raw",5,"volume","ml","RPDv1b","2067","charcoal","count","macrochar","wet_sieve","particle","150-500um num",NA,"150-500um","num","RPDv1b","measured",1,"RPDv1b","ELEMENT=150-500 µm","Yahoo Lake core",47.683333,-124.016667,710,"north","USA",NA,"sedlac",1112,1,2013,"Gavin, D.G., Brubaker, L.B., Greenwald, D.N., 2013. Postglacial climate and fire-mediated vegetation change on the western Olympic Peninsula, Washington (USA). Ecological Monographs 83, 471–489.","Postglacial climate and fire-mediated vegetation change on the western Olympic Peninsula, Washington (USA)","Ecological Monographs",83,NA,"471-489",NA,"10.1890/12-1742.1",NA,NA,NA,NA,NA,NA,NA,NA,NA,NA,NA,NA,NA,"RPDv1b:2067",1112,"Brubaker, L.B.",1,"Brubaker","L.B.",NA,NA,NA,NA,NA,NA,NA,NA,NA,"RPDv1b:2067",1112,"RPDv1b",2067,17622,230.5,2.305,"m",0.01,"Tephra","-888888",NA,20,7627,NA,"-888888",TRUE,NA,"NA Date is calibrated.","Yahoo Lake core_SIEVED","counted","150-500",NA,NA,"",7627,7607,7647,7627,230.5,0.01,"NA Date is calibrated.",". Cal curve: NA. Source DB: RPDv1b","Lacustrine","","Tephra",-43,14615.48,"Calibrated radiocarbon years BP","sedimentary charcoal","Data Sourcing: RPDv1b","Sample Age Source: GCDv4"
"1112",186,"charcoal | 150-500um num",200,200.5,201,1,6703.98,NA,NA,"GCDv4","Charcoal (sum)","150-500 µm",150,500,"False","False","number","Macroscopic charcoal (sieved)","direct",NA,"CHAR",16,NA,NA,"quant_raw",5,"volume","ml","RPDv1b","2067","charcoal","count","macrochar","wet_sieve","particle","150-500um num",NA,"150-500um","num","RPDv1b","measured",1,"RPDv1b","ELEMENT=150-500 µm","Yahoo Lake core",47.683333,-124.016667,710,"north","USA",NA,"sedlac",1112,1,2013,"Gavin, D.G., Brubaker, L.B., Greenwald, D.N., 2013. Postglacial climate and fire-mediated vegetation change on the western Olympic Peninsula, Washington (USA). Ecological Monographs 83, 471–489.","Postglacial climate and fire-mediated vegetation change on the western Olympic Peninsula, Washington (USA)","Ecological Monographs",83,NA,"471-489",NA,"10.1890/12-1742.1",NA,NA,NA,NA,NA,NA,NA,NA,NA,NA,NA,NA,NA,"RPDv1b:2067",1112,"Brubaker, L.B.",1,"Brubaker","L.B.",NA,NA,NA,NA,NA,NA,NA,NA,NA,"RPDv1b:2067",1112,"RPDv1b",2067,17622,230.5,2.305,"m",0.01,"Tephra","-888888",NA,20,7627,NA,"-888888",TRUE,NA,"NA Date is calibrated.","Yahoo Lake core_SIEVED","counted","150-500",NA,NA,"",7627,7607,7647,7627,230.5,0.01,"NA Date is calibrated.",". Cal curve: NA. Source DB: RPDv1b","Lacustrine","","Tephra",-43,14615.48,"Calibrated radiocarbon years BP","sedimentary charcoal","Data Sourcing: RPDv1b","Sample Age Source: GCDv4"
"1112",187,"charcoal | 150-500um num",201,201.5,202,1,6734.85,NA,NA,"GCDv4","Charcoal (sum)","150-500 µm",150,500,"False","False","number","Macroscopic charcoal (sieved)","direct",NA,"CHAR",43,NA,NA,"quant_raw",5,"volume","ml","RPDv1b","2067","charcoal","count","macrochar","wet_sieve","particle","150-500um num",NA,"150-500um","num","RPDv1b","measured",1,"RPDv1b","ELEMENT=150-500 µm","Yahoo Lake core",47.683333,-124.016667,710,"north","USA",NA,"sedlac",1112,1,2013,"Gavin, D.G., Brubaker, L.B., Greenwald, D.N., 2013. Postglacial climate and fire-mediated vegetation change on the western Olympic Peninsula, Washington (USA). Ecological Monographs 83, 471–489.","Postglacial climate and fire-mediated vegetation change on the western Olympic Peninsula, Washington (USA)","Ecological Monographs",83,NA,"471-489",NA,"10.1890/12-1742.1",NA,NA,NA,NA,NA,NA,NA,NA,NA,NA,NA,NA,NA,"RPDv1b:2067",1112,"Brubaker, L.B.",1,"Brubaker","L.B.",NA,NA,NA,NA,NA,NA,NA,NA,NA,"RPDv1b:2067",1112,"RPDv1b",2067,17622,230.5,2.305,"m",0.01,"Tephra","-888888",NA,20,7627,NA,"-888888",TRUE,NA,"NA Date is calibrated.","Yahoo Lake core_SIEVED","counted","150-500",NA,NA,"",7627,7607,7647,7627,230.5,0.01,"NA Date is calibrated.",". Cal curve: NA. Source DB: RPDv1b","Lacustrine","","Tephra",-43,14615.48,"Calibrated radiocarbon years BP","sedimentary charcoal","Data Sourcing: RPDv1b","Sample Age Source: GCDv4"
"1112",188,"charcoal | 150-500um num",202,202.5,203,1,6765.86,NA,NA,"GCDv4","Charcoal (sum)","150-500 µm",150,500,"False","False","number","Macroscopic charcoal (sieved)","direct",NA,"CHAR",36,NA,NA,"quant_raw",5,"volume","ml","RPDv1b","2067","charcoal","count","macrochar","wet_sieve","particle","150-500um num",NA,"150-500um","num","RPDv1b","measured",1,"RPDv1b","ELEMENT=150-500 µm","Yahoo Lake core",47.683333,-124.016667,710,"north","USA",NA,"sedlac",1112,1,2013,"Gavin, D.G., Brubaker, L.B., Greenwald, D.N., 2013. Postglacial climate and fire-mediated vegetation change on the western Olympic Peninsula, Washington (USA). Ecological Monographs 83, 471–489.","Postglacial climate and fire-mediated vegetation change on the western Olympic Peninsula, Washington (USA)","Ecological Monographs",83,NA,"471-489",NA,"10.1890/12-1742.1",NA,NA,NA,NA,NA,NA,NA,NA,NA,NA,NA,NA,NA,"RPDv1b:2067",1112,"Brubaker, L.B.",1,"Brubaker","L.B.",NA,NA,NA,NA,NA,NA,NA,NA,NA,"RPDv1b:2067",1112,"RPDv1b",2067,17622,230.5,2.305,"m",0.01,"Tephra","-888888",NA,20,7627,NA,"-888888",TRUE,NA,"NA Date is calibrated.","Yahoo Lake core_SIEVED","counted","150-500",NA,NA,"",7627,7607,7647,7627,230.5,0.01,"NA Date is calibrated.",". Cal curve: NA. Source DB: RPDv1b","Lacustrine","","Tephra",-43,14615.48,"Calibrated radiocarbon years BP","sedimentary charcoal","Data Sourcing: RPDv1b","Sample Age Source: GCDv4"
"1112",189,"charcoal | 150-500um num",203,203.5,204,1,6813,NA,NA,"RPDv1b","Charcoal (sum)","150-500 µm",150,500,"False","False","number","Macroscopic charcoal (sieved)","direct",NA,"CHAR",44,NA,NA,"quant_raw",5,"volume","ml","RPDv1b","2067","charcoal","count","macrochar","wet_sieve","particle","150-500um num",NA,"150-500um","num","RPDv1b","measured",1,"RPDv1b","ELEMENT=150-500 µm","Yahoo Lake core",47.683333,-124.016667,710,"north","USA",NA,"sedlac",1112,1,2013,"Gavin, D.G., Brubaker, L.B., Greenwald, D.N., 2013. Postglacial climate and fire-mediated vegetation change on the western Olympic Peninsula, Washington (USA). Ecological Monographs 83, 471–489.","Postglacial climate and fire-mediated vegetation change on the western Olympic Peninsula, Washington (USA)","Ecological Monographs",83,NA,"471-489",NA,"10.1890/12-1742.1",NA,NA,NA,NA,NA,NA,NA,NA,NA,NA,NA,NA,NA,"RPDv1b:2067",1112,"Brubaker, L.B.",1,"Brubaker","L.B.",NA,NA,NA,NA,NA,NA,NA,NA,NA,"RPDv1b:2067",1112,"RPDv1b",2067,17622,230.5,2.305,"m",0.01,"Tephra","-888888",NA,20,7627,NA,"-888888",TRUE,NA,"NA Date is calibrated.","Yahoo Lake core_SIEVED","counted","150-500",NA,NA,"",7627,7607,7647,7627,230.5,0.01,"NA Date is calibrated.",". Cal curve: NA. Source DB: RPDv1b","Lacustrine","","Tephra",-43,14615.48,"Calibrated radiocarbon years BP","sedimentary charcoal","Data Sourcing: RPDv1b","Sample Age Source: RPDv1b"
"1112",190,"charcoal | 150-500um num",204,204.5,205,1,6828.25,NA,NA,"GCDv4","Charcoal (sum)","150-500 µm",150,500,"False","False","number","Macroscopic charcoal (sieved)","direct",NA,"CHAR",31,NA,NA,"quant_raw",5,"volume","ml","RPDv1b","2067","charcoal","count","macrochar","wet_sieve","particle","150-500um num",NA,"150-500um","num","RPDv1b","measured",1,"RPDv1b","ELEMENT=150-500 µm","Yahoo Lake core",47.683333,-124.016667,710,"north","USA",NA,"sedlac",1112,1,2013,"Gavin, D.G., Brubaker, L.B., Greenwald, D.N., 2013. Postglacial climate and fire-mediated vegetation change on the western Olympic Peninsula, Washington (USA). Ecological Monographs 83, 471–489.","Postglacial climate and fire-mediated vegetation change on the western Olympic Peninsula, Washington (USA)","Ecological Monographs",83,NA,"471-489",NA,"10.1890/12-1742.1",NA,NA,NA,NA,NA,NA,NA,NA,NA,NA,NA,NA,NA,"RPDv1b:2067",1112,"Brubaker, L.B.",1,"Brubaker","L.B.",NA,NA,NA,NA,NA,NA,NA,NA,NA,"RPDv1b:2067",1112,"RPDv1b",2067,17622,230.5,2.305,"m",0.01,"Tephra","-888888",NA,20,7627,NA,"-888888",TRUE,NA,"NA Date is calibrated.","Yahoo Lake core_SIEVED","counted","150-500",NA,NA,"",7627,7607,7647,7627,230.5,0.01,"NA Date is calibrated.",". Cal curve: NA. Source DB: RPDv1b","Lacustrine","","Tephra",-43,14615.48,"Calibrated radiocarbon years BP","sedimentary charcoal","Data Sourcing: RPDv1b","Sample Age Source: GCDv4"
"1112",191,"charcoal | 150-500um num",205,205.5,206,1,6859.58,NA,NA,"GCDv4","Charcoal (sum)","150-500 µm",150,500,"False","False","number","Macroscopic charcoal (sieved)","direct",NA,"CHAR",37,NA,NA,"quant_raw",5,"volume","ml","RPDv1b","2067","charcoal","count","macrochar","wet_sieve","particle","150-500um num",NA,"150-500um","num","RPDv1b","measured",1,"RPDv1b","ELEMENT=150-500 µm","Yahoo Lake core",47.683333,-124.016667,710,"north","USA",NA,"sedlac",1112,1,2013,"Gavin, D.G., Brubaker, L.B., Greenwald, D.N., 2013. Postglacial climate and fire-mediated vegetation change on the western Olympic Peninsula, Washington (USA). Ecological Monographs 83, 471–489.","Postglacial climate and fire-mediated vegetation change on the western Olympic Peninsula, Washington (USA)","Ecological Monographs",83,NA,"471-489",NA,"10.1890/12-1742.1",NA,NA,NA,NA,NA,NA,NA,NA,NA,NA,NA,NA,NA,"RPDv1b:2067",1112,"Brubaker, L.B.",1,"Brubaker","L.B.",NA,NA,NA,NA,NA,NA,NA,NA,NA,"RPDv1b:2067",1112,"RPDv1b",2067,17622,230.5,2.305,"m",0.01,"Tephra","-888888",NA,20,7627,NA,"-888888",TRUE,NA,"NA Date is calibrated.","Yahoo Lake core_SIEVED","counted","150-500",NA,NA,"",7627,7607,7647,7627,230.5,0.01,"NA Date is calibrated.",". Cal curve: NA. Source DB: RPDv1b","Lacustrine","","Tephra",-43,14615.48,"Calibrated radiocarbon years BP","sedimentary charcoal","Data Sourcing: RPDv1b","Sample Age Source: GCDv4"
"1112",192,"charcoal | 150-500um num",206,206.5,207,1,6890.98,NA,NA,"GCDv4","Charcoal (sum)","150-500 µm",150,500,"False","False","number","Macroscopic charcoal (sieved)","direct",NA,"CHAR",27,NA,NA,"quant_raw",5,"volume","ml","RPDv1b","2067","charcoal","count","macrochar","wet_sieve","particle","150-500um num",NA,"150-500um","num","RPDv1b","measured",1,"RPDv1b","ELEMENT=150-500 µm","Yahoo Lake core",47.683333,-124.016667,710,"north","USA",NA,"sedlac",1112,1,2013,"Gavin, D.G., Brubaker, L.B., Greenwald, D.N., 2013. Postglacial climate and fire-mediated vegetation change on the western Olympic Peninsula, Washington (USA). Ecological Monographs 83, 471–489.","Postglacial climate and fire-mediated vegetation change on the western Olympic Peninsula, Washington (USA)","Ecological Monographs",83,NA,"471-489",NA,"10.1890/12-1742.1",NA,NA,NA,NA,NA,NA,NA,NA,NA,NA,NA,NA,NA,"RPDv1b:2067",1112,"Brubaker, L.B.",1,"Brubaker","L.B.",NA,NA,NA,NA,NA,NA,NA,NA,NA,"RPDv1b:2067",1112,"RPDv1b",2067,17622,230.5,2.305,"m",0.01,"Tephra","-888888",NA,20,7627,NA,"-888888",TRUE,NA,"NA Date is calibrated.","Yahoo Lake core_SIEVED","counted","150-500",NA,NA,"",7627,7607,7647,7627,230.5,0.01,"NA Date is calibrated.",". Cal curve: NA. Source DB: RPDv1b","Lacustrine","","Tephra",-43,14615.48,"Calibrated radiocarbon years BP","sedimentary charcoal","Data Sourcing: RPDv1b","Sample Age Source: GCDv4"
"1112",193,"charcoal | 150-500um num",207,207.5,208,1,6922.43,NA,NA,"GCDv4","Charcoal (sum)","150-500 µm",150,500,"False","False","number","Macroscopic charcoal (sieved)","direct",NA,"CHAR",48,NA,NA,"quant_raw",5,"volume","ml","RPDv1b","2067","charcoal","count","macrochar","wet_sieve","particle","150-500um num",NA,"150-500um","num","RPDv1b","measured",1,"RPDv1b","ELEMENT=150-500 µm","Yahoo Lake core",47.683333,-124.016667,710,"north","USA",NA,"sedlac",1112,1,2013,"Gavin, D.G., Brubaker, L.B., Greenwald, D.N., 2013. Postglacial climate and fire-mediated vegetation change on the western Olympic Peninsula, Washington (USA). Ecological Monographs 83, 471–489.","Postglacial climate and fire-mediated vegetation change on the western Olympic Peninsula, Washington (USA)","Ecological Monographs",83,NA,"471-489",NA,"10.1890/12-1742.1",NA,NA,NA,NA,NA,NA,NA,NA,NA,NA,NA,NA,NA,"RPDv1b:2067",1112,"Brubaker, L.B.",1,"Brubaker","L.B.",NA,NA,NA,NA,NA,NA,NA,NA,NA,"RPDv1b:2067",1112,"RPDv1b",2067,17622,230.5,2.305,"m",0.01,"Tephra","-888888",NA,20,7627,NA,"-888888",TRUE,NA,"NA Date is calibrated.","Yahoo Lake core_SIEVED","counted","150-500",NA,NA,"",7627,7607,7647,7627,230.5,0.01,"NA Date is calibrated.",". Cal curve: NA. Source DB: RPDv1b","Lacustrine","","Tephra",-43,14615.48,"Calibrated radiocarbon years BP","sedimentary charcoal","Data Sourcing: RPDv1b","Sample Age Source: GCDv4"
"1112",194,"charcoal | 150-500um num",208,208.5,209,1,6953.9,NA,NA,"GCDv4","Charcoal (sum)","150-500 µm",150,500,"False","False","number","Macroscopic charcoal (sieved)","direct",NA,"CHAR",31,NA,NA,"quant_raw",5,"volume","ml","RPDv1b","2067","charcoal","count","macrochar","wet_sieve","particle","150-500um num",NA,"150-500um","num","RPDv1b","measured",1,"RPDv1b","ELEMENT=150-500 µm","Yahoo Lake core",47.683333,-124.016667,710,"north","USA",NA,"sedlac",1112,1,2013,"Gavin, D.G., Brubaker, L.B., Greenwald, D.N., 2013. Postglacial climate and fire-mediated vegetation change on the western Olympic Peninsula, Washington (USA). Ecological Monographs 83, 471–489.","Postglacial climate and fire-mediated vegetation change on the western Olympic Peninsula, Washington (USA)","Ecological Monographs",83,NA,"471-489",NA,"10.1890/12-1742.1",NA,NA,NA,NA,NA,NA,NA,NA,NA,NA,NA,NA,NA,"RPDv1b:2067",1112,"Brubaker, L.B.",1,"Brubaker","L.B.",NA,NA,NA,NA,NA,NA,NA,NA,NA,"RPDv1b:2067",1112,"RPDv1b",2067,17622,230.5,2.305,"m",0.01,"Tephra","-888888",NA,20,7627,NA,"-888888",TRUE,NA,"NA Date is calibrated.","Yahoo Lake core_SIEVED","counted","150-500",NA,NA,"",7627,7607,7647,7627,230.5,0.01,"NA Date is calibrated.",". Cal curve: NA. Source DB: RPDv1b","Lacustrine","","Tephra",-43,14615.48,"Calibrated radiocarbon years BP","sedimentary charcoal","Data Sourcing: RPDv1b","Sample Age Source: GCDv4"
"1112",195,"charcoal | 150-500um num",209,209.5,210,1,6985.39,NA,NA,"GCDv4","Charcoal (sum)","150-500 µm",150,500,"False","False","number","Macroscopic charcoal (sieved)","direct",NA,"CHAR",26,NA,NA,"quant_raw",5,"volume","ml","RPDv1b","2067","charcoal","count","macrochar","wet_sieve","particle","150-500um num",NA,"150-500um","num","RPDv1b","measured",1,"RPDv1b","ELEMENT=150-500 µm","Yahoo Lake core",47.683333,-124.016667,710,"north","USA",NA,"sedlac",1112,1,2013,"Gavin, D.G., Brubaker, L.B., Greenwald, D.N., 2013. Postglacial climate and fire-mediated vegetation change on the western Olympic Peninsula, Washington (USA). Ecological Monographs 83, 471–489.","Postglacial climate and fire-mediated vegetation change on the western Olympic Peninsula, Washington (USA)","Ecological Monographs",83,NA,"471-489",NA,"10.1890/12-1742.1",NA,NA,NA,NA,NA,NA,NA,NA,NA,NA,NA,NA,NA,"RPDv1b:2067",1112,"Brubaker, L.B.",1,"Brubaker","L.B.",NA,NA,NA,NA,NA,NA,NA,NA,NA,"RPDv1b:2067",1112,"RPDv1b",2067,17622,230.5,2.305,"m",0.01,"Tephra","-888888",NA,20,7627,NA,"-888888",TRUE,NA,"NA Date is calibrated.","Yahoo Lake core_SIEVED","counted","150-500",NA,NA,"",7627,7607,7647,7627,230.5,0.01,"NA Date is calibrated.",". Cal curve: NA. Source DB: RPDv1b","Lacustrine","","Tephra",-43,14615.48,"Calibrated radiocarbon years BP","sedimentary charcoal","Data Sourcing: RPDv1b","Sample Age Source: GCDv4"
"1112",196,"charcoal | 150-500um num",210,210.5,211,1,7016.86,NA,NA,"GCDv4","Charcoal (sum)","150-500 µm",150,500,"False","False","number","Macroscopic charcoal (sieved)","direct",NA,"CHAR",52,NA,NA,"quant_raw",5,"volume","ml","RPDv1b","2067","charcoal","count","macrochar","wet_sieve","particle","150-500um num",NA,"150-500um","num","RPDv1b","measured",1,"RPDv1b","ELEMENT=150-500 µm","Yahoo Lake core",47.683333,-124.016667,710,"north","USA",NA,"sedlac",1112,1,2013,"Gavin, D.G., Brubaker, L.B., Greenwald, D.N., 2013. Postglacial climate and fire-mediated vegetation change on the western Olympic Peninsula, Washington (USA). Ecological Monographs 83, 471–489.","Postglacial climate and fire-mediated vegetation change on the western Olympic Peninsula, Washington (USA)","Ecological Monographs",83,NA,"471-489",NA,"10.1890/12-1742.1",NA,NA,NA,NA,NA,NA,NA,NA,NA,NA,NA,NA,NA,"RPDv1b:2067",1112,"Brubaker, L.B.",1,"Brubaker","L.B.",NA,NA,NA,NA,NA,NA,NA,NA,NA,"RPDv1b:2067",1112,"RPDv1b",2067,17622,230.5,2.305,"m",0.01,"Tephra","-888888",NA,20,7627,NA,"-888888",TRUE,NA,"NA Date is calibrated.","Yahoo Lake core_SIEVED","counted","150-500",NA,NA,"",7627,7607,7647,7627,230.5,0.01,"NA Date is calibrated.",". Cal curve: NA. Source DB: RPDv1b","Lacustrine","","Tephra",-43,14615.48,"Calibrated radiocarbon years BP","sedimentary charcoal","Data Sourcing: RPDv1b","Sample Age Source: GCDv4"
"1112",197,"charcoal | 150-500um num",211,211.5,212,1,7048.3,NA,NA,"GCDv4","Charcoal (sum)","150-500 µm",150,500,"False","False","number","Macroscopic charcoal (sieved)","direct",NA,"CHAR",64,NA,NA,"quant_raw",5,"volume","ml","RPDv1b","2067","charcoal","count","macrochar","wet_sieve","particle","150-500um num",NA,"150-500um","num","RPDv1b","measured",1,"RPDv1b","ELEMENT=150-500 µm","Yahoo Lake core",47.683333,-124.016667,710,"north","USA",NA,"sedlac",1112,1,2013,"Gavin, D.G., Brubaker, L.B., Greenwald, D.N., 2013. Postglacial climate and fire-mediated vegetation change on the western Olympic Peninsula, Washington (USA). Ecological Monographs 83, 471–489.","Postglacial climate and fire-mediated vegetation change on the western Olympic Peninsula, Washington (USA)","Ecological Monographs",83,NA,"471-489",NA,"10.1890/12-1742.1",NA,NA,NA,NA,NA,NA,NA,NA,NA,NA,NA,NA,NA,"RPDv1b:2067",1112,"Brubaker, L.B.",1,"Brubaker","L.B.",NA,NA,NA,NA,NA,NA,NA,NA,NA,"RPDv1b:2067",1112,"RPDv1b",2067,17622,230.5,2.305,"m",0.01,"Tephra","-888888",NA,20,7627,NA,"-888888",TRUE,NA,"NA Date is calibrated.","Yahoo Lake core_SIEVED","counted","150-500",NA,NA,"",7627,7607,7647,7627,230.5,0.01,"NA Date is calibrated.",". Cal curve: NA. Source DB: RPDv1b","Lacustrine","","Tephra",-43,14615.48,"Calibrated radiocarbon years BP","sedimentary charcoal","Data Sourcing: RPDv1b","Sample Age Source: GCDv4"
"1112",198,"charcoal | 150-500um num",212,212.5,213,1,7079.69,NA,NA,"GCDv4","Charcoal (sum)","150-500 µm",150,500,"False","False","number","Macroscopic charcoal (sieved)","direct",NA,"CHAR",34,NA,NA,"quant_raw",5,"volume","ml","RPDv1b","2067","charcoal","count","macrochar","wet_sieve","particle","150-500um num",NA,"150-500um","num","RPDv1b","measured",1,"RPDv1b","ELEMENT=150-500 µm","Yahoo Lake core",47.683333,-124.016667,710,"north","USA",NA,"sedlac",1112,1,2013,"Gavin, D.G., Brubaker, L.B., Greenwald, D.N., 2013. Postglacial climate and fire-mediated vegetation change on the western Olympic Peninsula, Washington (USA). Ecological Monographs 83, 471–489.","Postglacial climate and fire-mediated vegetation change on the western Olympic Peninsula, Washington (USA)","Ecological Monographs",83,NA,"471-489",NA,"10.1890/12-1742.1",NA,NA,NA,NA,NA,NA,NA,NA,NA,NA,NA,NA,NA,"RPDv1b:2067",1112,"Brubaker, L.B.",1,"Brubaker","L.B.",NA,NA,NA,NA,NA,NA,NA,NA,NA,"RPDv1b:2067",1112,"RPDv1b",2067,17622,230.5,2.305,"m",0.01,"Tephra","-888888",NA,20,7627,NA,"-888888",TRUE,NA,"NA Date is calibrated.","Yahoo Lake core_SIEVED","counted","150-500",NA,NA,"",7627,7607,7647,7627,230.5,0.01,"NA Date is calibrated.",". Cal curve: NA. Source DB: RPDv1b","Lacustrine","","Tephra",-43,14615.48,"Calibrated radiocarbon years BP","sedimentary charcoal","Data Sourcing: RPDv1b","Sample Age Source: GCDv4"
"1112",199,"charcoal | 150-500um num",213,213.5,214,1,7111.01,NA,NA,"GCDv4","Charcoal (sum)","150-500 µm",150,500,"False","False","number","Macroscopic charcoal (sieved)","direct",NA,"CHAR",21,NA,NA,"quant_raw",5,"volume","ml","RPDv1b","2067","charcoal","count","macrochar","wet_sieve","particle","150-500um num",NA,"150-500um","num","RPDv1b","measured",1,"RPDv1b","ELEMENT=150-500 µm","Yahoo Lake core",47.683333,-124.016667,710,"north","USA",NA,"sedlac",1112,1,2013,"Gavin, D.G., Brubaker, L.B., Greenwald, D.N., 2013. Postglacial climate and fire-mediated vegetation change on the western Olympic Peninsula, Washington (USA). Ecological Monographs 83, 471–489.","Postglacial climate and fire-mediated vegetation change on the western Olympic Peninsula, Washington (USA)","Ecological Monographs",83,NA,"471-489",NA,"10.1890/12-1742.1",NA,NA,NA,NA,NA,NA,NA,NA,NA,NA,NA,NA,NA,"RPDv1b:2067",1112,"Brubaker, L.B.",1,"Brubaker","L.B.",NA,NA,NA,NA,NA,NA,NA,NA,NA,"RPDv1b:2067",1112,"RPDv1b",2067,17622,230.5,2.305,"m",0.01,"Tephra","-888888",NA,20,7627,NA,"-888888",TRUE,NA,"NA Date is calibrated.","Yahoo Lake core_SIEVED","counted","150-500",NA,NA,"",7627,7607,7647,7627,230.5,0.01,"NA Date is calibrated.",". Cal curve: NA. Source DB: RPDv1b","Lacustrine","","Tephra",-43,14615.48,"Calibrated radiocarbon years BP","sedimentary charcoal","Data Sourcing: RPDv1b","Sample Age Source: GCDv4"
"1112",200,"charcoal | 150-500um num",214,214.5,215,1,7142.24,NA,NA,"GCDv4","Charcoal (sum)","150-500 µm",150,500,"False","False","number","Macroscopic charcoal (sieved)","direct",NA,"CHAR",28,NA,NA,"quant_raw",5,"volume","ml","RPDv1b","2067","charcoal","count","macrochar","wet_sieve","particle","150-500um num",NA,"150-500um","num","RPDv1b","measured",1,"RPDv1b","ELEMENT=150-500 µm","Yahoo Lake core",47.683333,-124.016667,710,"north","USA",NA,"sedlac",1112,1,2013,"Gavin, D.G., Brubaker, L.B., Greenwald, D.N., 2013. Postglacial climate and fire-mediated vegetation change on the western Olympic Peninsula, Washington (USA). Ecological Monographs 83, 471–489.","Postglacial climate and fire-mediated vegetation change on the western Olympic Peninsula, Washington (USA)","Ecological Monographs",83,NA,"471-489",NA,"10.1890/12-1742.1",NA,NA,NA,NA,NA,NA,NA,NA,NA,NA,NA,NA,NA,"RPDv1b:2067",1112,"Brubaker, L.B.",1,"Brubaker","L.B.",NA,NA,NA,NA,NA,NA,NA,NA,NA,"RPDv1b:2067",1112,"RPDv1b",2067,17622,230.5,2.305,"m",0.01,"Tephra","-888888",NA,20,7627,NA,"-888888",TRUE,NA,"NA Date is calibrated.","Yahoo Lake core_SIEVED","counted","150-500",NA,NA,"",7627,7607,7647,7627,230.5,0.01,"NA Date is calibrated.",". Cal curve: NA. Source DB: RPDv1b","Lacustrine","","Tephra",-43,14615.48,"Calibrated radiocarbon years BP","sedimentary charcoal","Data Sourcing: RPDv1b","Sample Age Source: GCDv4"
"1112",201,"charcoal | 150-500um num",215,215.5,216,1,7173.36,NA,NA,"GCDv4","Charcoal (sum)","150-500 µm",150,500,"False","False","number","Macroscopic charcoal (sieved)","direct",NA,"CHAR",74,NA,NA,"quant_raw",4.9,"volume","ml","RPDv1b","2067","charcoal","count","macrochar","wet_sieve","particle","150-500um num",NA,"150-500um","num","RPDv1b","measured",1,"RPDv1b","ELEMENT=150-500 µm","Yahoo Lake core",47.683333,-124.016667,710,"north","USA",NA,"sedlac",1112,1,2013,"Gavin, D.G., Brubaker, L.B., Greenwald, D.N., 2013. Postglacial climate and fire-mediated vegetation change on the western Olympic Peninsula, Washington (USA). Ecological Monographs 83, 471–489.","Postglacial climate and fire-mediated vegetation change on the western Olympic Peninsula, Washington (USA)","Ecological Monographs",83,NA,"471-489",NA,"10.1890/12-1742.1",NA,NA,NA,NA,NA,NA,NA,NA,NA,NA,NA,NA,NA,"RPDv1b:2067",1112,"Brubaker, L.B.",1,"Brubaker","L.B.",NA,NA,NA,NA,NA,NA,NA,NA,NA,"RPDv1b:2067",1112,"RPDv1b",2067,17622,230.5,2.305,"m",0.01,"Tephra","-888888",NA,20,7627,NA,"-888888",TRUE,NA,"NA Date is calibrated.","Yahoo Lake core_SIEVED","counted","150-500",NA,NA,"",7627,7607,7647,7627,230.5,0.01,"NA Date is calibrated.",". Cal curve: NA. Source DB: RPDv1b","Lacustrine","","Tephra",-43,14615.48,"Calibrated radiocarbon years BP","sedimentary charcoal","Data Sourcing: RPDv1b","Sample Age Source: GCDv4"
"1112",202,"charcoal | 150-500um num",216,216.5,217,1,7204.35,NA,NA,"GCDv4","Charcoal (sum)","150-500 µm",150,500,"False","False","number","Macroscopic charcoal (sieved)","direct",NA,"CHAR",206,NA,NA,"quant_raw",4.8,"volume","ml","RPDv1b","2067","charcoal","count","macrochar","wet_sieve","particle","150-500um num",NA,"150-500um","num","RPDv1b","measured",1,"RPDv1b","ELEMENT=150-500 µm","Yahoo Lake core",47.683333,-124.016667,710,"north","USA",NA,"sedlac",1112,1,2013,"Gavin, D.G., Brubaker, L.B., Greenwald, D.N., 2013. Postglacial climate and fire-mediated vegetation change on the western Olympic Peninsula, Washington (USA). Ecological Monographs 83, 471–489.","Postglacial climate and fire-mediated vegetation change on the western Olympic Peninsula, Washington (USA)","Ecological Monographs",83,NA,"471-489",NA,"10.1890/12-1742.1",NA,NA,NA,NA,NA,NA,NA,NA,NA,NA,NA,NA,NA,"RPDv1b:2067",1112,"Brubaker, L.B.",1,"Brubaker","L.B.",NA,NA,NA,NA,NA,NA,NA,NA,NA,"RPDv1b:2067",1112,"RPDv1b",2067,17622,230.5,2.305,"m",0.01,"Tephra","-888888",NA,20,7627,NA,"-888888",TRUE,NA,"NA Date is calibrated.","Yahoo Lake core_SIEVED","counted","150-500",NA,NA,"",7627,7607,7647,7627,230.5,0.01,"NA Date is calibrated.",". Cal curve: NA. Source DB: RPDv1b","Lacustrine","","Tephra",-43,14615.48,"Calibrated radiocarbon years BP","sedimentary charcoal","Data Sourcing: RPDv1b","Sample Age Source: GCDv4"
"1112",203,"charcoal | 150-500um num",217,217.5,218,1,7235.19,NA,NA,"GCDv4","Charcoal (sum)","150-500 µm",150,500,"False","False","number","Macroscopic charcoal (sieved)","direct",NA,"CHAR",67,NA,NA,"quant_raw",4.8,"volume","ml","RPDv1b","2067","charcoal","count","macrochar","wet_sieve","particle","150-500um num",NA,"150-500um","num","RPDv1b","measured",1,"RPDv1b","ELEMENT=150-500 µm","Yahoo Lake core",47.683333,-124.016667,710,"north","USA",NA,"sedlac",1112,1,2013,"Gavin, D.G., Brubaker, L.B., Greenwald, D.N., 2013. Postglacial climate and fire-mediated vegetation change on the western Olympic Peninsula, Washington (USA). Ecological Monographs 83, 471–489.","Postglacial climate and fire-mediated vegetation change on the western Olympic Peninsula, Washington (USA)","Ecological Monographs",83,NA,"471-489",NA,"10.1890/12-1742.1",NA,NA,NA,NA,NA,NA,NA,NA,NA,NA,NA,NA,NA,"RPDv1b:2067",1112,"Brubaker, L.B.",1,"Brubaker","L.B.",NA,NA,NA,NA,NA,NA,NA,NA,NA,"RPDv1b:2067",1112,"RPDv1b",2067,17622,230.5,2.305,"m",0.01,"Tephra","-888888",NA,20,7627,NA,"-888888",TRUE,NA,"NA Date is calibrated.","Yahoo Lake core_SIEVED","counted","150-500",NA,NA,"",7627,7607,7647,7627,230.5,0.01,"NA Date is calibrated.",". Cal curve: NA. Source DB: RPDv1b","Lacustrine","","Tephra",-43,14615.48,"Calibrated radiocarbon years BP","sedimentary charcoal","Data Sourcing: RPDv1b","Sample Age Source: GCDv4"
"1112",204,"charcoal | 150-500um num",218,218.5,219,1,7265.86,NA,NA,"GCDv4","Charcoal (sum)","150-500 µm",150,500,"False","False","number","Macroscopic charcoal (sieved)","direct",NA,"CHAR",33,NA,NA,"quant_raw",0.9,"volume","ml","RPDv1b","2067","charcoal","count","macrochar","wet_sieve","particle","150-500um num",NA,"150-500um","num","RPDv1b","measured",1,"RPDv1b","ELEMENT=150-500 µm","Yahoo Lake core",47.683333,-124.016667,710,"north","USA",NA,"sedlac",1112,1,2013,"Gavin, D.G., Brubaker, L.B., Greenwald, D.N., 2013. Postglacial climate and fire-mediated vegetation change on the western Olympic Peninsula, Washington (USA). Ecological Monographs 83, 471–489.","Postglacial climate and fire-mediated vegetation change on the western Olympic Peninsula, Washington (USA)","Ecological Monographs",83,NA,"471-489",NA,"10.1890/12-1742.1",NA,NA,NA,NA,NA,NA,NA,NA,NA,NA,NA,NA,NA,"RPDv1b:2067",1112,"Brubaker, L.B.",1,"Brubaker","L.B.",NA,NA,NA,NA,NA,NA,NA,NA,NA,"RPDv1b:2067",1112,"RPDv1b",2067,17622,230.5,2.305,"m",0.01,"Tephra","-888888",NA,20,7627,NA,"-888888",TRUE,NA,"NA Date is calibrated.","Yahoo Lake core_SIEVED","counted","150-500",NA,NA,"",7627,7607,7647,7627,230.5,0.01,"NA Date is calibrated.",". Cal curve: NA. Source DB: RPDv1b","Lacustrine","","Tephra",-43,14615.48,"Calibrated radiocarbon years BP","sedimentary charcoal","Data Sourcing: RPDv1b","Sample Age Source: GCDv4"
"1112",205,"charcoal | 150-500um num",219,219.5,220,1,7296.35,NA,NA,"GCDv4","Charcoal (sum)","150-500 µm",150,500,"False","False","number","Macroscopic charcoal (sieved)","direct",NA,"CHAR",22,NA,NA,"quant_raw",5,"volume","ml","RPDv1b","2067","charcoal","count","macrochar","wet_sieve","particle","150-500um num",NA,"150-500um","num","RPDv1b","measured",1,"RPDv1b","ELEMENT=150-500 µm","Yahoo Lake core",47.683333,-124.016667,710,"north","USA",NA,"sedlac",1112,1,2013,"Gavin, D.G., Brubaker, L.B., Greenwald, D.N., 2013. Postglacial climate and fire-mediated vegetation change on the western Olympic Peninsula, Washington (USA). Ecological Monographs 83, 471–489.","Postglacial climate and fire-mediated vegetation change on the western Olympic Peninsula, Washington (USA)","Ecological Monographs",83,NA,"471-489",NA,"10.1890/12-1742.1",NA,NA,NA,NA,NA,NA,NA,NA,NA,NA,NA,NA,NA,"RPDv1b:2067",1112,"Brubaker, L.B.",1,"Brubaker","L.B.",NA,NA,NA,NA,NA,NA,NA,NA,NA,"RPDv1b:2067",1112,"RPDv1b",2067,17622,230.5,2.305,"m",0.01,"Tephra","-888888",NA,20,7627,NA,"-888888",TRUE,NA,"NA Date is calibrated.","Yahoo Lake core_SIEVED","counted","150-500",NA,NA,"",7627,7607,7647,7627,230.5,0.01,"NA Date is calibrated.",". Cal curve: NA. Source DB: RPDv1b","Lacustrine","","Tephra",-43,14615.48,"Calibrated radiocarbon years BP","sedimentary charcoal","Data Sourcing: RPDv1b","Sample Age Source: GCDv4"
"1112",206,"charcoal | 150-500um num",220,220.5,221,1,7326.62,NA,NA,"GCDv4","Charcoal (sum)","150-500 µm",150,500,"False","False","number","Macroscopic charcoal (sieved)","direct",NA,"CHAR",36,NA,NA,"quant_raw",5,"volume","ml","RPDv1b","2067","charcoal","count","macrochar","wet_sieve","particle","150-500um num",NA,"150-500um","num","RPDv1b","measured",1,"RPDv1b","ELEMENT=150-500 µm","Yahoo Lake core",47.683333,-124.016667,710,"north","USA",NA,"sedlac",1112,1,2013,"Gavin, D.G., Brubaker, L.B., Greenwald, D.N., 2013. Postglacial climate and fire-mediated vegetation change on the western Olympic Peninsula, Washington (USA). Ecological Monographs 83, 471–489.","Postglacial climate and fire-mediated vegetation change on the western Olympic Peninsula, Washington (USA)","Ecological Monographs",83,NA,"471-489",NA,"10.1890/12-1742.1",NA,NA,NA,NA,NA,NA,NA,NA,NA,NA,NA,NA,NA,"RPDv1b:2067",1112,"Brubaker, L.B.",1,"Brubaker","L.B.",NA,NA,NA,NA,NA,NA,NA,NA,NA,"RPDv1b:2067",1112,"RPDv1b",2067,17622,230.5,2.305,"m",0.01,"Tephra","-888888",NA,20,7627,NA,"-888888",TRUE,NA,"NA Date is calibrated.","Yahoo Lake core_SIEVED","counted","150-500",NA,NA,"",7627,7607,7647,7627,230.5,0.01,"NA Date is calibrated.",". Cal curve: NA. Source DB: RPDv1b","Lacustrine","","Tephra",-43,14615.48,"Calibrated radiocarbon years BP","sedimentary charcoal","Data Sourcing: RPDv1b","Sample Age Source: GCDv4"
"1112",207,"charcoal | 150-500um num",221,221.5,222,1,7356.67,NA,NA,"GCDv4","Charcoal (sum)","150-500 µm",150,500,"False","False","number","Macroscopic charcoal (sieved)","direct",NA,"CHAR",38,NA,NA,"quant_raw",5,"volume","ml","RPDv1b","2067","charcoal","count","macrochar","wet_sieve","particle","150-500um num",NA,"150-500um","num","RPDv1b","measured",1,"RPDv1b","ELEMENT=150-500 µm","Yahoo Lake core",47.683333,-124.016667,710,"north","USA",NA,"sedlac",1112,1,2013,"Gavin, D.G., Brubaker, L.B., Greenwald, D.N., 2013. Postglacial climate and fire-mediated vegetation change on the western Olympic Peninsula, Washington (USA). Ecological Monographs 83, 471–489.","Postglacial climate and fire-mediated vegetation change on the western Olympic Peninsula, Washington (USA)","Ecological Monographs",83,NA,"471-489",NA,"10.1890/12-1742.1",NA,NA,NA,NA,NA,NA,NA,NA,NA,NA,NA,NA,NA,"RPDv1b:2067",1112,"Brubaker, L.B.",1,"Brubaker","L.B.",NA,NA,NA,NA,NA,NA,NA,NA,NA,"RPDv1b:2067",1112,"RPDv1b",2067,17622,230.5,2.305,"m",0.01,"Tephra","-888888",NA,20,7627,NA,"-888888",TRUE,NA,"NA Date is calibrated.","Yahoo Lake core_SIEVED","counted","150-500",NA,NA,"",7627,7607,7647,7627,230.5,0.01,"NA Date is calibrated.",". Cal curve: NA. Source DB: RPDv1b","Lacustrine","","Tephra",-43,14615.48,"Calibrated radiocarbon years BP","sedimentary charcoal","Data Sourcing: RPDv1b","Sample Age Source: GCDv4"
"1112",208,"charcoal | 150-500um num",222,222.5,223,1,7386.47,NA,NA,"GCDv4","Charcoal (sum)","150-500 µm",150,500,"False","False","number","Macroscopic charcoal (sieved)","direct",NA,"CHAR",23,NA,NA,"quant_raw",5,"volume","ml","RPDv1b","2067","charcoal","count","macrochar","wet_sieve","particle","150-500um num",NA,"150-500um","num","RPDv1b","measured",1,"RPDv1b","ELEMENT=150-500 µm","Yahoo Lake core",47.683333,-124.016667,710,"north","USA",NA,"sedlac",1112,1,2013,"Gavin, D.G., Brubaker, L.B., Greenwald, D.N., 2013. Postglacial climate and fire-mediated vegetation change on the western Olympic Peninsula, Washington (USA). Ecological Monographs 83, 471–489.","Postglacial climate and fire-mediated vegetation change on the western Olympic Peninsula, Washington (USA)","Ecological Monographs",83,NA,"471-489",NA,"10.1890/12-1742.1",NA,NA,NA,NA,NA,NA,NA,NA,NA,NA,NA,NA,NA,"RPDv1b:2067",1112,"Brubaker, L.B.",1,"Brubaker","L.B.",NA,NA,NA,NA,NA,NA,NA,NA,NA,"RPDv1b:2067",1112,"RPDv1b",2067,17622,230.5,2.305,"m",0.01,"Tephra","-888888",NA,20,7627,NA,"-888888",TRUE,NA,"NA Date is calibrated.","Yahoo Lake core_SIEVED","counted","150-500",NA,NA,"",7627,7607,7647,7627,230.5,0.01,"NA Date is calibrated.",". Cal curve: NA. Source DB: RPDv1b","Lacustrine","","Tephra",-43,14615.48,"Calibrated radiocarbon years BP","sedimentary charcoal","Data Sourcing: RPDv1b","Sample Age Source: GCDv4"
"1112",209,"charcoal | 150-500um num",223,223.5,224,1,7431,NA,NA,"RPDv1b","Charcoal (sum)","150-500 µm",150,500,"False","False","number","Macroscopic charcoal (sieved)","direct",NA,"CHAR",51,NA,NA,"quant_raw",5,"volume","ml","RPDv1b","2067","charcoal","count","macrochar","wet_sieve","particle","150-500um num",NA,"150-500um","num","RPDv1b","measured",1,"RPDv1b","ELEMENT=150-500 µm","Yahoo Lake core",47.683333,-124.016667,710,"north","USA",NA,"sedlac",1112,1,2013,"Gavin, D.G., Brubaker, L.B., Greenwald, D.N., 2013. Postglacial climate and fire-mediated vegetation change on the western Olympic Peninsula, Washington (USA). Ecological Monographs 83, 471–489.","Postglacial climate and fire-mediated vegetation change on the western Olympic Peninsula, Washington (USA)","Ecological Monographs",83,NA,"471-489",NA,"10.1890/12-1742.1",NA,NA,NA,NA,NA,NA,NA,NA,NA,NA,NA,NA,NA,"RPDv1b:2067",1112,"Brubaker, L.B.",1,"Brubaker","L.B.",NA,NA,NA,NA,NA,NA,NA,NA,NA,"RPDv1b:2067",1112,"RPDv1b",2067,17622,230.5,2.305,"m",0.01,"Tephra","-888888",NA,20,7627,NA,"-888888",TRUE,NA,"NA Date is calibrated.","Yahoo Lake core_SIEVED","counted","150-500",NA,NA,"",7627,7607,7647,7627,230.5,0.01,"NA Date is calibrated.",". Cal curve: NA. Source DB: RPDv1b","Lacustrine","","Tephra",-43,14615.48,"Calibrated radiocarbon years BP","sedimentary charcoal","Data Sourcing: RPDv1b","Sample Age Source: RPDv1b"
"1112",210,"charcoal | 150-500um num",224,224.5,225,1,7445.25,NA,NA,"GCDv4","Charcoal (sum)","150-500 µm",150,500,"False","False","number","Macroscopic charcoal (sieved)","direct",NA,"CHAR",36,NA,NA,"quant_raw",5,"volume","ml","RPDv1b","2067","charcoal","count","macrochar","wet_sieve","particle","150-500um num",NA,"150-500um","num","RPDv1b","measured",1,"RPDv1b","ELEMENT=150-500 µm","Yahoo Lake core",47.683333,-124.016667,710,"north","USA",NA,"sedlac",1112,1,2013,"Gavin, D.G., Brubaker, L.B., Greenwald, D.N., 2013. Postglacial climate and fire-mediated vegetation change on the western Olympic Peninsula, Washington (USA). Ecological Monographs 83, 471–489.","Postglacial climate and fire-mediated vegetation change on the western Olympic Peninsula, Washington (USA)","Ecological Monographs",83,NA,"471-489",NA,"10.1890/12-1742.1",NA,NA,NA,NA,NA,NA,NA,NA,NA,NA,NA,NA,NA,"RPDv1b:2067",1112,"Brubaker, L.B.",1,"Brubaker","L.B.",NA,NA,NA,NA,NA,NA,NA,NA,NA,"RPDv1b:2067",1112,"RPDv1b",2067,17622,230.5,2.305,"m",0.01,"Tephra","-888888",NA,20,7627,NA,"-888888",TRUE,NA,"NA Date is calibrated.","Yahoo Lake core_SIEVED","counted","150-500",NA,NA,"",7627,7607,7647,7627,230.5,0.01,"NA Date is calibrated.",". Cal curve: NA. Source DB: RPDv1b","Lacustrine","","Tephra",-43,14615.48,"Calibrated radiocarbon years BP","sedimentary charcoal","Data Sourcing: RPDv1b","Sample Age Source: GCDv4"
"1112",211,"charcoal | 150-500um num",225,225.5,226,1,7474.19,NA,NA,"GCDv4","Charcoal (sum)","150-500 µm",150,500,"False","False","number","Macroscopic charcoal (sieved)","direct",NA,"CHAR",19,NA,NA,"quant_raw",5,"volume","ml","RPDv1b","2067","charcoal","count","macrochar","wet_sieve","particle","150-500um num",NA,"150-500um","num","RPDv1b","measured",1,"RPDv1b","ELEMENT=150-500 µm","Yahoo Lake core",47.683333,-124.016667,710,"north","USA",NA,"sedlac",1112,1,2013,"Gavin, D.G., Brubaker, L.B., Greenwald, D.N., 2013. Postglacial climate and fire-mediated vegetation change on the western Olympic Peninsula, Washington (USA). Ecological Monographs 83, 471–489.","Postglacial climate and fire-mediated vegetation change on the western Olympic Peninsula, Washington (USA)","Ecological Monographs",83,NA,"471-489",NA,"10.1890/12-1742.1",NA,NA,NA,NA,NA,NA,NA,NA,NA,NA,NA,NA,NA,"RPDv1b:2067",1112,"Brubaker, L.B.",1,"Brubaker","L.B.",NA,NA,NA,NA,NA,NA,NA,NA,NA,"RPDv1b:2067",1112,"RPDv1b",2067,17622,230.5,2.305,"m",0.01,"Tephra","-888888",NA,20,7627,NA,"-888888",TRUE,NA,"NA Date is calibrated.","Yahoo Lake core_SIEVED","counted","150-500",NA,NA,"",7627,7607,7647,7627,230.5,0.01,"NA Date is calibrated.",". Cal curve: NA. Source DB: RPDv1b","Lacustrine","","Tephra",-43,14615.48,"Calibrated radiocarbon years BP","sedimentary charcoal","Data Sourcing: RPDv1b","Sample Age Source: GCDv4"
"1112",212,"charcoal | 150-500um num",226,226.5,227,1,7502.8,NA,NA,"GCDv4","Charcoal (sum)","150-500 µm",150,500,"False","False","number","Macroscopic charcoal (sieved)","direct",NA,"CHAR",20,NA,NA,"quant_raw",5,"volume","ml","RPDv1b","2067","charcoal","count","macrochar","wet_sieve","particle","150-500um num",NA,"150-500um","num","RPDv1b","measured",1,"RPDv1b","ELEMENT=150-500 µm","Yahoo Lake core",47.683333,-124.016667,710,"north","USA",NA,"sedlac",1112,1,2013,"Gavin, D.G., Brubaker, L.B., Greenwald, D.N., 2013. Postglacial climate and fire-mediated vegetation change on the western Olympic Peninsula, Washington (USA). Ecological Monographs 83, 471–489.","Postglacial climate and fire-mediated vegetation change on the western Olympic Peninsula, Washington (USA)","Ecological Monographs",83,NA,"471-489",NA,"10.1890/12-1742.1",NA,NA,NA,NA,NA,NA,NA,NA,NA,NA,NA,NA,NA,"RPDv1b:2067",1112,"Brubaker, L.B.",1,"Brubaker","L.B.",NA,NA,NA,NA,NA,NA,NA,NA,NA,"RPDv1b:2067",1112,"RPDv1b",2067,17622,230.5,2.305,"m",0.01,"Tephra","-888888",NA,20,7627,NA,"-888888",TRUE,NA,"NA Date is calibrated.","Yahoo Lake core_SIEVED","counted","150-500",NA,NA,"",7627,7607,7647,7627,230.5,0.01,"NA Date is calibrated.",". Cal curve: NA. Source DB: RPDv1b","Lacustrine","","Tephra",-43,14615.48,"Calibrated radiocarbon years BP","sedimentary charcoal","Data Sourcing: RPDv1b","Sample Age Source: GCDv4"
"1112",213,"charcoal | 150-500um num",227,227.5,228,1,7531.07,NA,NA,"GCDv4","Charcoal (sum)","150-500 µm",150,500,"False","False","number","Macroscopic charcoal (sieved)","direct",NA,"CHAR",14,NA,NA,"quant_raw",5,"volume","ml","RPDv1b","2067","charcoal","count","macrochar","wet_sieve","particle","150-500um num",NA,"150-500um","num","RPDv1b","measured",1,"RPDv1b","ELEMENT=150-500 µm","Yahoo Lake core",47.683333,-124.016667,710,"north","USA",NA,"sedlac",1112,1,2013,"Gavin, D.G., Brubaker, L.B., Greenwald, D.N., 2013. Postglacial climate and fire-mediated vegetation change on the western Olympic Peninsula, Washington (USA). Ecological Monographs 83, 471–489.","Postglacial climate and fire-mediated vegetation change on the western Olympic Peninsula, Washington (USA)","Ecological Monographs",83,NA,"471-489",NA,"10.1890/12-1742.1",NA,NA,NA,NA,NA,NA,NA,NA,NA,NA,NA,NA,NA,"RPDv1b:2067",1112,"Brubaker, L.B.",1,"Brubaker","L.B.",NA,NA,NA,NA,NA,NA,NA,NA,NA,"RPDv1b:2067",1112,"RPDv1b",2067,17622,230.5,2.305,"m",0.01,"Tephra","-888888",NA,20,7627,NA,"-888888",TRUE,NA,"NA Date is calibrated.","Yahoo Lake core_SIEVED","counted","150-500",NA,NA,"",7627,7607,7647,7627,230.5,0.01,"NA Date is calibrated.",". Cal curve: NA. Source DB: RPDv1b","Lacustrine","","Tephra",-43,14615.48,"Calibrated radiocarbon years BP","sedimentary charcoal","Data Sourcing: RPDv1b","Sample Age Source: GCDv4"
"1112",214,"charcoal | 150-500um num",228,228.5,229,1,7558.97,NA,NA,"GCDv4","Charcoal (sum)","150-500 µm",150,500,"False","False","number","Macroscopic charcoal (sieved)","direct",NA,"CHAR",4,NA,NA,"quant_raw",5,"volume","ml","RPDv1b","2067","charcoal","count","macrochar","wet_sieve","particle","150-500um num",NA,"150-500um","num","RPDv1b","measured",1,"RPDv1b","ELEMENT=150-500 µm","Yahoo Lake core",47.683333,-124.016667,710,"north","USA",NA,"sedlac",1112,1,2013,"Gavin, D.G., Brubaker, L.B., Greenwald, D.N., 2013. Postglacial climate and fire-mediated vegetation change on the western Olympic Peninsula, Washington (USA). Ecological Monographs 83, 471–489.","Postglacial climate and fire-mediated vegetation change on the western Olympic Peninsula, Washington (USA)","Ecological Monographs",83,NA,"471-489",NA,"10.1890/12-1742.1",NA,NA,NA,NA,NA,NA,NA,NA,NA,NA,NA,NA,NA,"RPDv1b:2067",1112,"Brubaker, L.B.",1,"Brubaker","L.B.",NA,NA,NA,NA,NA,NA,NA,NA,NA,"RPDv1b:2067",1112,"RPDv1b",2067,17622,230.5,2.305,"m",0.01,"Tephra","-888888",NA,20,7627,NA,"-888888",TRUE,NA,"NA Date is calibrated.","Yahoo Lake core_SIEVED","counted","150-500",NA,NA,"",7627,7607,7647,7627,230.5,0.01,"NA Date is calibrated.",". Cal curve: NA. Source DB: RPDv1b","Lacustrine","","Tephra",-43,14615.48,"Calibrated radiocarbon years BP","sedimentary charcoal","Data Sourcing: RPDv1b","Sample Age Source: GCDv4"
"1112",215,"charcoal | 150-500um num",229,229.5,230,1,7586.49,NA,NA,"GCDv4","Charcoal (sum)","150-500 µm",150,500,"False","False","number","Macroscopic charcoal (sieved)","direct",NA,"CHAR",3,NA,NA,"quant_raw",5,"volume","ml","RPDv1b","2067","charcoal","count","macrochar","wet_sieve","particle","150-500um num",NA,"150-500um","num","RPDv1b","measured",1,"RPDv1b","ELEMENT=150-500 µm","Yahoo Lake core",47.683333,-124.016667,710,"north","USA",NA,"sedlac",1112,1,2013,"Gavin, D.G., Brubaker, L.B., Greenwald, D.N., 2013. Postglacial climate and fire-mediated vegetation change on the western Olympic Peninsula, Washington (USA). Ecological Monographs 83, 471–489.","Postglacial climate and fire-mediated vegetation change on the western Olympic Peninsula, Washington (USA)","Ecological Monographs",83,NA,"471-489",NA,"10.1890/12-1742.1",NA,NA,NA,NA,NA,NA,NA,NA,NA,NA,NA,NA,NA,"RPDv1b:2067",1112,"Brubaker, L.B.",1,"Brubaker","L.B.",NA,NA,NA,NA,NA,NA,NA,NA,NA,"RPDv1b:2067",1112,"RPDv1b",2067,17622,230.5,2.305,"m",0.01,"Tephra","-888888",NA,20,7627,NA,"-888888",TRUE,NA,"NA Date is calibrated.","Yahoo Lake core_SIEVED","counted","150-500",NA,NA,"",7627,7607,7647,7627,230.5,0.01,"NA Date is calibrated.",". Cal curve: NA. Source DB: RPDv1b","Lacustrine","","Tephra",-43,14615.48,"Calibrated radiocarbon years BP","sedimentary charcoal","Data Sourcing: RPDv1b","Sample Age Source: GCDv4"
"1112",216,"charcoal | 150-500um num",230,230.5,231,1,7613.6,NA,NA,"GCDv4","Charcoal (sum)","150-500 µm",150,500,"False","False","number","Macroscopic charcoal (sieved)","direct",NA,"CHAR",11,NA,NA,"quant_raw",5,"volume","ml","RPDv1b","2067","charcoal","count","macrochar","wet_sieve","particle","150-500um num",NA,"150-500um","num","RPDv1b","measured",1,"RPDv1b","ELEMENT=150-500 µm","Yahoo Lake core",47.683333,-124.016667,710,"north","USA",NA,"sedlac",1112,1,2013,"Gavin, D.G., Brubaker, L.B., Greenwald, D.N., 2013. Postglacial climate and fire-mediated vegetation change on the western Olympic Peninsula, Washington (USA). Ecological Monographs 83, 471–489.","Postglacial climate and fire-mediated vegetation change on the western Olympic Peninsula, Washington (USA)","Ecological Monographs",83,NA,"471-489",NA,"10.1890/12-1742.1",NA,NA,NA,NA,NA,NA,NA,NA,NA,NA,NA,NA,NA,"RPDv1b:2067",1112,"Brubaker, L.B.",1,"Brubaker","L.B.",NA,NA,NA,NA,NA,NA,NA,NA,NA,"RPDv1b:2067",1112,"RPDv1b",2067,17622,230.5,2.305,"m",0.01,"Tephra","-888888",NA,20,7627,NA,"-888888",TRUE,NA,"NA Date is calibrated.","Yahoo Lake core_SIEVED","counted","150-500",NA,NA,"",7627,7607,7647,7627,230.5,0.01,"NA Date is calibrated.",". Cal curve: NA. Source DB: RPDv1b","Lacustrine","","Tephra",-43,14615.48,"Calibrated radiocarbon years BP","sedimentary charcoal","Data Sourcing: RPDv1b","Sample Age Source: GCDv4"
"1112",217,"charcoal | 150-500um num",231,231.5,232,1,7627,NA,NA,"RPDv1b","Charcoal (sum)","150-500 µm",150,500,"False","False","number","Macroscopic charcoal (sieved)","direct",NA,"CHAR",53,NA,NA,"quant_raw",5,"volume","ml","RPDv1b","2067","charcoal","count","macrochar","wet_sieve","particle","150-500um num",NA,"150-500um","num","RPDv1b","measured",1,"RPDv1b","ELEMENT=150-500 µm","Yahoo Lake core",47.683333,-124.016667,710,"north","USA",NA,"sedlac",1112,1,2013,"Gavin, D.G., Brubaker, L.B., Greenwald, D.N., 2013. Postglacial climate and fire-mediated vegetation change on the western Olympic Peninsula, Washington (USA). Ecological Monographs 83, 471–489.","Postglacial climate and fire-mediated vegetation change on the western Olympic Peninsula, Washington (USA)","Ecological Monographs",83,NA,"471-489",NA,"10.1890/12-1742.1",NA,NA,NA,NA,NA,NA,NA,NA,NA,NA,NA,NA,NA,"RPDv1b:2067",1112,"Brubaker, L.B.",1,"Brubaker","L.B.",NA,NA,NA,NA,NA,NA,NA,NA,NA,"RPDv1b:2067",1112,"RPDv1b",2067,17622,230.5,2.305,"m",0.01,"Tephra","-888888",NA,20,7627,NA,"-888888",TRUE,NA,"NA Date is calibrated.","Yahoo Lake core_SIEVED","counted","150-500",NA,NA,"",7627,7607,7647,7627,230.5,0.01,"NA Date is calibrated.",". Cal curve: NA. Source DB: RPDv1b","Lacustrine","","Tephra",-43,14615.48,"Calibrated radiocarbon years BP","sedimentary charcoal","Data Sourcing: RPDv1b","Sample Age Source: RPDv1b"
"1112",218,"charcoal | 150-500um num",232,232.5,233,1,7640.3,NA,NA,"GCDv4","Charcoal (sum)","150-500 µm",150,500,"False","False","number","Macroscopic charcoal (sieved)","direct",NA,"CHAR",35,NA,NA,"quant_raw",5,"volume","ml","RPDv1b","2067","charcoal","count","macrochar","wet_sieve","particle","150-500um num",NA,"150-500um","num","RPDv1b","measured",1,"RPDv1b","ELEMENT=150-500 µm","Yahoo Lake core",47.683333,-124.016667,710,"north","USA",NA,"sedlac",1112,1,2013,"Gavin, D.G., Brubaker, L.B., Greenwald, D.N., 2013. Postglacial climate and fire-mediated vegetation change on the western Olympic Peninsula, Washington (USA). Ecological Monographs 83, 471–489.","Postglacial climate and fire-mediated vegetation change on the western Olympic Peninsula, Washington (USA)","Ecological Monographs",83,NA,"471-489",NA,"10.1890/12-1742.1",NA,NA,NA,NA,NA,NA,NA,NA,NA,NA,NA,NA,NA,"RPDv1b:2067",1112,"Brubaker, L.B.",1,"Brubaker","L.B.",NA,NA,NA,NA,NA,NA,NA,NA,NA,"RPDv1b:2067",1112,"RPDv1b",2067,17622,230.5,2.305,"m",0.01,"Tephra","-888888",NA,20,7627,NA,"-888888",TRUE,NA,"NA Date is calibrated.","Yahoo Lake core_SIEVED","counted","150-500",NA,NA,"",7627,7607,7647,7627,230.5,0.01,"NA Date is calibrated.",". Cal curve: NA. Source DB: RPDv1b","Lacustrine","","Tephra",-43,14615.48,"Calibrated radiocarbon years BP","sedimentary charcoal","Data Sourcing: RPDv1b","Sample Age Source: GCDv4"
"1112",219,"charcoal | 150-500um num",233,233.5,234,1,7666.65,NA,NA,"GCDv4","Charcoal (sum)","150-500 µm",150,500,"False","False","number","Macroscopic charcoal (sieved)","direct",NA,"CHAR",34,NA,NA,"quant_raw",5,"volume","ml","RPDv1b","2067","charcoal","count","macrochar","wet_sieve","particle","150-500um num",NA,"150-500um","num","RPDv1b","measured",1,"RPDv1b","ELEMENT=150-500 µm","Yahoo Lake core",47.683333,-124.016667,710,"north","USA",NA,"sedlac",1112,1,2013,"Gavin, D.G., Brubaker, L.B., Greenwald, D.N., 2013. Postglacial climate and fire-mediated vegetation change on the western Olympic Peninsula, Washington (USA). Ecological Monographs 83, 471–489.","Postglacial climate and fire-mediated vegetation change on the western Olympic Peninsula, Washington (USA)","Ecological Monographs",83,NA,"471-489",NA,"10.1890/12-1742.1",NA,NA,NA,NA,NA,NA,NA,NA,NA,NA,NA,NA,NA,"RPDv1b:2067",1112,"Brubaker, L.B.",1,"Brubaker","L.B.",NA,NA,NA,NA,NA,NA,NA,NA,NA,"RPDv1b:2067",1112,"RPDv1b",2067,17622,230.5,2.305,"m",0.01,"Tephra","-888888",NA,20,7627,NA,"-888888",TRUE,NA,"NA Date is calibrated.","Yahoo Lake core_SIEVED","counted","150-500",NA,NA,"",7627,7607,7647,7627,230.5,0.01,"NA Date is calibrated.",". Cal curve: NA. Source DB: RPDv1b","Lacustrine","","Tephra",-43,14615.48,"Calibrated radiocarbon years BP","sedimentary charcoal","Data Sourcing: RPDv1b","Sample Age Source: GCDv4"
"1112",220,"charcoal | 150-500um num",234,234.5,235,1,7692.66,NA,NA,"GCDv4","Charcoal (sum)","150-500 µm",150,500,"False","False","number","Macroscopic charcoal (sieved)","direct",NA,"CHAR",44,NA,NA,"quant_raw",5,"volume","ml","RPDv1b","2067","charcoal","count","macrochar","wet_sieve","particle","150-500um num",NA,"150-500um","num","RPDv1b","measured",1,"RPDv1b","ELEMENT=150-500 µm","Yahoo Lake core",47.683333,-124.016667,710,"north","USA",NA,"sedlac",1112,1,2013,"Gavin, D.G., Brubaker, L.B., Greenwald, D.N., 2013. Postglacial climate and fire-mediated vegetation change on the western Olympic Peninsula, Washington (USA). Ecological Monographs 83, 471–489.","Postglacial climate and fire-mediated vegetation change on the western Olympic Peninsula, Washington (USA)","Ecological Monographs",83,NA,"471-489",NA,"10.1890/12-1742.1",NA,NA,NA,NA,NA,NA,NA,NA,NA,NA,NA,NA,NA,"RPDv1b:2067",1112,"Brubaker, L.B.",1,"Brubaker","L.B.",NA,NA,NA,NA,NA,NA,NA,NA,NA,"RPDv1b:2067",1112,"RPDv1b",2067,17622,230.5,2.305,"m",0.01,"Tephra","-888888",NA,20,7627,NA,"-888888",TRUE,NA,"NA Date is calibrated.","Yahoo Lake core_SIEVED","counted","150-500",NA,NA,"",7627,7607,7647,7627,230.5,0.01,"NA Date is calibrated.",". Cal curve: NA. Source DB: RPDv1b","Lacustrine","","Tephra",-43,14615.48,"Calibrated radiocarbon years BP","sedimentary charcoal","Data Sourcing: RPDv1b","Sample Age Source: GCDv4"
"1112",221,"charcoal | 150-500um num",235,235.5,236,1,7718.36,NA,NA,"GCDv4","Charcoal (sum)","150-500 µm",150,500,"False","False","number","Macroscopic charcoal (sieved)","direct",NA,"CHAR",53,NA,NA,"quant_raw",5,"volume","ml","RPDv1b","2067","charcoal","count","macrochar","wet_sieve","particle","150-500um num",NA,"150-500um","num","RPDv1b","measured",1,"RPDv1b","ELEMENT=150-500 µm","Yahoo Lake core",47.683333,-124.016667,710,"north","USA",NA,"sedlac",1112,1,2013,"Gavin, D.G., Brubaker, L.B., Greenwald, D.N., 2013. Postglacial climate and fire-mediated vegetation change on the western Olympic Peninsula, Washington (USA). Ecological Monographs 83, 471–489.","Postglacial climate and fire-mediated vegetation change on the western Olympic Peninsula, Washington (USA)","Ecological Monographs",83,NA,"471-489",NA,"10.1890/12-1742.1",NA,NA,NA,NA,NA,NA,NA,NA,NA,NA,NA,NA,NA,"RPDv1b:2067",1112,"Brubaker, L.B.",1,"Brubaker","L.B.",NA,NA,NA,NA,NA,NA,NA,NA,NA,"RPDv1b:2067",1112,"RPDv1b",2067,17622,230.5,2.305,"m",0.01,"Tephra","-888888",NA,20,7627,NA,"-888888",TRUE,NA,"NA Date is calibrated.","Yahoo Lake core_SIEVED","counted","150-500",NA,NA,"",7627,7607,7647,7627,230.5,0.01,"NA Date is calibrated.",". Cal curve: NA. Source DB: RPDv1b","Lacustrine","","Tephra",-43,14615.48,"Calibrated radiocarbon years BP","sedimentary charcoal","Data Sourcing: RPDv1b","Sample Age Source: GCDv4"
"1112",222,"charcoal | 150-500um num",236,236.5,237,1,7743.75,NA,NA,"GCDv4","Charcoal (sum)","150-500 µm",150,500,"False","False","number","Macroscopic charcoal (sieved)","direct",NA,"CHAR",27,NA,NA,"quant_raw",5,"volume","ml","RPDv1b","2067","charcoal","count","macrochar","wet_sieve","particle","150-500um num",NA,"150-500um","num","RPDv1b","measured",1,"RPDv1b","ELEMENT=150-500 µm","Yahoo Lake core",47.683333,-124.016667,710,"north","USA",NA,"sedlac",1112,1,2013,"Gavin, D.G., Brubaker, L.B., Greenwald, D.N., 2013. Postglacial climate and fire-mediated vegetation change on the western Olympic Peninsula, Washington (USA). Ecological Monographs 83, 471–489.","Postglacial climate and fire-mediated vegetation change on the western Olympic Peninsula, Washington (USA)","Ecological Monographs",83,NA,"471-489",NA,"10.1890/12-1742.1",NA,NA,NA,NA,NA,NA,NA,NA,NA,NA,NA,NA,NA,"RPDv1b:2067",1112,"Brubaker, L.B.",1,"Brubaker","L.B.",NA,NA,NA,NA,NA,NA,NA,NA,NA,"RPDv1b:2067",1112,"RPDv1b",2067,17622,230.5,2.305,"m",0.01,"Tephra","-888888",NA,20,7627,NA,"-888888",TRUE,NA,"NA Date is calibrated.","Yahoo Lake core_SIEVED","counted","150-500",NA,NA,"",7627,7607,7647,7627,230.5,0.01,"NA Date is calibrated.",". Cal curve: NA. Source DB: RPDv1b","Lacustrine","","Tephra",-43,14615.48,"Calibrated radiocarbon years BP","sedimentary charcoal","Data Sourcing: RPDv1b","Sample Age Source: GCDv4"
"1112",223,"charcoal | 150-500um num",237,237.5,238,1,7768.85,NA,NA,"GCDv4","Charcoal (sum)","150-500 µm",150,500,"False","False","number","Macroscopic charcoal (sieved)","direct",NA,"CHAR",33,NA,NA,"quant_raw",5,"volume","ml","RPDv1b","2067","charcoal","count","macrochar","wet_sieve","particle","150-500um num",NA,"150-500um","num","RPDv1b","measured",1,"RPDv1b","ELEMENT=150-500 µm","Yahoo Lake core",47.683333,-124.016667,710,"north","USA",NA,"sedlac",1112,1,2013,"Gavin, D.G., Brubaker, L.B., Greenwald, D.N., 2013. Postglacial climate and fire-mediated vegetation change on the western Olympic Peninsula, Washington (USA). Ecological Monographs 83, 471–489.","Postglacial climate and fire-mediated vegetation change on the western Olympic Peninsula, Washington (USA)","Ecological Monographs",83,NA,"471-489",NA,"10.1890/12-1742.1",NA,NA,NA,NA,NA,NA,NA,NA,NA,NA,NA,NA,NA,"RPDv1b:2067",1112,"Brubaker, L.B.",1,"Brubaker","L.B.",NA,NA,NA,NA,NA,NA,NA,NA,NA,"RPDv1b:2067",1112,"RPDv1b",2067,17622,230.5,2.305,"m",0.01,"Tephra","-888888",NA,20,7627,NA,"-888888",TRUE,NA,"NA Date is calibrated.","Yahoo Lake core_SIEVED","counted","150-500",NA,NA,"",7627,7607,7647,7627,230.5,0.01,"NA Date is calibrated.",". Cal curve: NA. Source DB: RPDv1b","Lacustrine","","Tephra",-43,14615.48,"Calibrated radiocarbon years BP","sedimentary charcoal","Data Sourcing: RPDv1b","Sample Age Source: GCDv4"
"1112",224,"charcoal | 150-500um num",238,238.5,239,1,7793.67,NA,NA,"GCDv4","Charcoal (sum)","150-500 µm",150,500,"False","False","number","Macroscopic charcoal (sieved)","direct",NA,"CHAR",28,NA,NA,"quant_raw",5,"volume","ml","RPDv1b","2067","charcoal","count","macrochar","wet_sieve","particle","150-500um num",NA,"150-500um","num","RPDv1b","measured",1,"RPDv1b","ELEMENT=150-500 µm","Yahoo Lake core",47.683333,-124.016667,710,"north","USA",NA,"sedlac",1112,1,2013,"Gavin, D.G., Brubaker, L.B., Greenwald, D.N., 2013. Postglacial climate and fire-mediated vegetation change on the western Olympic Peninsula, Washington (USA). Ecological Monographs 83, 471–489.","Postglacial climate and fire-mediated vegetation change on the western Olympic Peninsula, Washington (USA)","Ecological Monographs",83,NA,"471-489",NA,"10.1890/12-1742.1",NA,NA,NA,NA,NA,NA,NA,NA,NA,NA,NA,NA,NA,"RPDv1b:2067",1112,"Brubaker, L.B.",1,"Brubaker","L.B.",NA,NA,NA,NA,NA,NA,NA,NA,NA,"RPDv1b:2067",1112,"RPDv1b",2067,17622,230.5,2.305,"m",0.01,"Tephra","-888888",NA,20,7627,NA,"-888888",TRUE,NA,"NA Date is calibrated.","Yahoo Lake core_SIEVED","counted","150-500",NA,NA,"",7627,7607,7647,7627,230.5,0.01,"NA Date is calibrated.",". Cal curve: NA. Source DB: RPDv1b","Lacustrine","","Tephra",-43,14615.48,"Calibrated radiocarbon years BP","sedimentary charcoal","Data Sourcing: RPDv1b","Sample Age Source: GCDv4"
"1112",225,"charcoal | 150-500um num",239,239.5,240,1,7818.22,NA,NA,"GCDv4","Charcoal (sum)","150-500 µm",150,500,"False","False","number","Macroscopic charcoal (sieved)","direct",NA,"CHAR",30,NA,NA,"quant_raw",5,"volume","ml","RPDv1b","2067","charcoal","count","macrochar","wet_sieve","particle","150-500um num",NA,"150-500um","num","RPDv1b","measured",1,"RPDv1b","ELEMENT=150-500 µm","Yahoo Lake core",47.683333,-124.016667,710,"north","USA",NA,"sedlac",1112,1,2013,"Gavin, D.G., Brubaker, L.B., Greenwald, D.N., 2013. Postglacial climate and fire-mediated vegetation change on the western Olympic Peninsula, Washington (USA). Ecological Monographs 83, 471–489.","Postglacial climate and fire-mediated vegetation change on the western Olympic Peninsula, Washington (USA)","Ecological Monographs",83,NA,"471-489",NA,"10.1890/12-1742.1",NA,NA,NA,NA,NA,NA,NA,NA,NA,NA,NA,NA,NA,"RPDv1b:2067",1112,"Brubaker, L.B.",1,"Brubaker","L.B.",NA,NA,NA,NA,NA,NA,NA,NA,NA,"RPDv1b:2067",1112,"RPDv1b",2067,17622,230.5,2.305,"m",0.01,"Tephra","-888888",NA,20,7627,NA,"-888888",TRUE,NA,"NA Date is calibrated.","Yahoo Lake core_SIEVED","counted","150-500",NA,NA,"",7627,7607,7647,7627,230.5,0.01,"NA Date is calibrated.",". Cal curve: NA. Source DB: RPDv1b","Lacustrine","","Tephra",-43,14615.48,"Calibrated radiocarbon years BP","sedimentary charcoal","Data Sourcing: RPDv1b","Sample Age Source: GCDv4"
"1112",226,"charcoal | 150-500um num",240,240.5,241,1,7842.51,NA,NA,"GCDv4","Charcoal (sum)","150-500 µm",150,500,"False","False","number","Macroscopic charcoal (sieved)","direct",NA,"CHAR",34,NA,NA,"quant_raw",5,"volume","ml","RPDv1b","2067","charcoal","count","macrochar","wet_sieve","particle","150-500um num",NA,"150-500um","num","RPDv1b","measured",1,"RPDv1b","ELEMENT=150-500 µm","Yahoo Lake core",47.683333,-124.016667,710,"north","USA",NA,"sedlac",1112,1,2013,"Gavin, D.G., Brubaker, L.B., Greenwald, D.N., 2013. Postglacial climate and fire-mediated vegetation change on the western Olympic Peninsula, Washington (USA). Ecological Monographs 83, 471–489.","Postglacial climate and fire-mediated vegetation change on the western Olympic Peninsula, Washington (USA)","Ecological Monographs",83,NA,"471-489",NA,"10.1890/12-1742.1",NA,NA,NA,NA,NA,NA,NA,NA,NA,NA,NA,NA,NA,"RPDv1b:2067",1112,"Brubaker, L.B.",1,"Brubaker","L.B.",NA,NA,NA,NA,NA,NA,NA,NA,NA,"RPDv1b:2067",1112,"RPDv1b",2067,17622,230.5,2.305,"m",0.01,"Tephra","-888888",NA,20,7627,NA,"-888888",TRUE,NA,"NA Date is calibrated.","Yahoo Lake core_SIEVED","counted","150-500",NA,NA,"",7627,7607,7647,7627,230.5,0.01,"NA Date is calibrated.",". Cal curve: NA. Source DB: RPDv1b","Lacustrine","","Tephra",-43,14615.48,"Calibrated radiocarbon years BP","sedimentary charcoal","Data Sourcing: RPDv1b","Sample Age Source: GCDv4"
"1112",227,"charcoal | 150-500um num",241,241.5,242,1,7866.56,NA,NA,"GCDv4","Charcoal (sum)","150-500 µm",150,500,"False","False","number","Macroscopic charcoal (sieved)","direct",NA,"CHAR",45,NA,NA,"quant_raw",5,"volume","ml","RPDv1b","2067","charcoal","count","macrochar","wet_sieve","particle","150-500um num",NA,"150-500um","num","RPDv1b","measured",1,"RPDv1b","ELEMENT=150-500 µm","Yahoo Lake core",47.683333,-124.016667,710,"north","USA",NA,"sedlac",1112,1,2013,"Gavin, D.G., Brubaker, L.B., Greenwald, D.N., 2013. Postglacial climate and fire-mediated vegetation change on the western Olympic Peninsula, Washington (USA). Ecological Monographs 83, 471–489.","Postglacial climate and fire-mediated vegetation change on the western Olympic Peninsula, Washington (USA)","Ecological Monographs",83,NA,"471-489",NA,"10.1890/12-1742.1",NA,NA,NA,NA,NA,NA,NA,NA,NA,NA,NA,NA,NA,"RPDv1b:2067",1112,"Brubaker, L.B.",1,"Brubaker","L.B.",NA,NA,NA,NA,NA,NA,NA,NA,NA,"RPDv1b:2067",1112,"RPDv1b",2067,17622,230.5,2.305,"m",0.01,"Tephra","-888888",NA,20,7627,NA,"-888888",TRUE,NA,"NA Date is calibrated.","Yahoo Lake core_SIEVED","counted","150-500",NA,NA,"",7627,7607,7647,7627,230.5,0.01,"NA Date is calibrated.",". Cal curve: NA. Source DB: RPDv1b","Lacustrine","","Tephra",-43,14615.48,"Calibrated radiocarbon years BP","sedimentary charcoal","Data Sourcing: RPDv1b","Sample Age Source: GCDv4"
"1112",228,"charcoal | 150-500um num",242,242.5,243,1,7890.37,NA,NA,"GCDv4","Charcoal (sum)","150-500 µm",150,500,"False","False","number","Macroscopic charcoal (sieved)","direct",NA,"CHAR",17,NA,NA,"quant_raw",4.9,"volume","ml","RPDv1b","2067","charcoal","count","macrochar","wet_sieve","particle","150-500um num",NA,"150-500um","num","RPDv1b","measured",1,"RPDv1b","ELEMENT=150-500 µm","Yahoo Lake core",47.683333,-124.016667,710,"north","USA",NA,"sedlac",1112,1,2013,"Gavin, D.G., Brubaker, L.B., Greenwald, D.N., 2013. Postglacial climate and fire-mediated vegetation change on the western Olympic Peninsula, Washington (USA). Ecological Monographs 83, 471–489.","Postglacial climate and fire-mediated vegetation change on the western Olympic Peninsula, Washington (USA)","Ecological Monographs",83,NA,"471-489",NA,"10.1890/12-1742.1",NA,NA,NA,NA,NA,NA,NA,NA,NA,NA,NA,NA,NA,"RPDv1b:2067",1112,"Brubaker, L.B.",1,"Brubaker","L.B.",NA,NA,NA,NA,NA,NA,NA,NA,NA,"RPDv1b:2067",1112,"RPDv1b",2067,17622,230.5,2.305,"m",0.01,"Tephra","-888888",NA,20,7627,NA,"-888888",TRUE,NA,"NA Date is calibrated.","Yahoo Lake core_SIEVED","counted","150-500",NA,NA,"",7627,7607,7647,7627,230.5,0.01,"NA Date is calibrated.",". Cal curve: NA. Source DB: RPDv1b","Lacustrine","","Tephra",-43,14615.48,"Calibrated radiocarbon years BP","sedimentary charcoal","Data Sourcing: RPDv1b","Sample Age Source: GCDv4"
"1112",229,"charcoal | 150-500um num",243,243.5,244,1,7913.97,NA,NA,"GCDv4","Charcoal (sum)","150-500 µm",150,500,"False","False","number","Macroscopic charcoal (sieved)","direct",NA,"CHAR",27,NA,NA,"quant_raw",5,"volume","ml","RPDv1b","2067","charcoal","count","macrochar","wet_sieve","particle","150-500um num",NA,"150-500um","num","RPDv1b","measured",1,"RPDv1b","ELEMENT=150-500 µm","Yahoo Lake core",47.683333,-124.016667,710,"north","USA",NA,"sedlac",1112,1,2013,"Gavin, D.G., Brubaker, L.B., Greenwald, D.N., 2013. Postglacial climate and fire-mediated vegetation change on the western Olympic Peninsula, Washington (USA). Ecological Monographs 83, 471–489.","Postglacial climate and fire-mediated vegetation change on the western Olympic Peninsula, Washington (USA)","Ecological Monographs",83,NA,"471-489",NA,"10.1890/12-1742.1",NA,NA,NA,NA,NA,NA,NA,NA,NA,NA,NA,NA,NA,"RPDv1b:2067",1112,"Brubaker, L.B.",1,"Brubaker","L.B.",NA,NA,NA,NA,NA,NA,NA,NA,NA,"RPDv1b:2067",1112,"RPDv1b",2067,17622,230.5,2.305,"m",0.01,"Tephra","-888888",NA,20,7627,NA,"-888888",TRUE,NA,"NA Date is calibrated.","Yahoo Lake core_SIEVED","counted","150-500",NA,NA,"",7627,7607,7647,7627,230.5,0.01,"NA Date is calibrated.",". Cal curve: NA. Source DB: RPDv1b","Lacustrine","","Tephra",-43,14615.48,"Calibrated radiocarbon years BP","sedimentary charcoal","Data Sourcing: RPDv1b","Sample Age Source: GCDv4"
"1112",230,"charcoal | 150-500um num",244,244.5,245,1,7937.36,NA,NA,"GCDv4","Charcoal (sum)","150-500 µm",150,500,"False","False","number","Macroscopic charcoal (sieved)","direct",NA,"CHAR",28,NA,NA,"quant_raw",5.1,"volume","ml","RPDv1b","2067","charcoal","count","macrochar","wet_sieve","particle","150-500um num",NA,"150-500um","num","RPDv1b","measured",1,"RPDv1b","ELEMENT=150-500 µm","Yahoo Lake core",47.683333,-124.016667,710,"north","USA",NA,"sedlac",1112,1,2013,"Gavin, D.G., Brubaker, L.B., Greenwald, D.N., 2013. Postglacial climate and fire-mediated vegetation change on the western Olympic Peninsula, Washington (USA). Ecological Monographs 83, 471–489.","Postglacial climate and fire-mediated vegetation change on the western Olympic Peninsula, Washington (USA)","Ecological Monographs",83,NA,"471-489",NA,"10.1890/12-1742.1",NA,NA,NA,NA,NA,NA,NA,NA,NA,NA,NA,NA,NA,"RPDv1b:2067",1112,"Brubaker, L.B.",1,"Brubaker","L.B.",NA,NA,NA,NA,NA,NA,NA,NA,NA,"RPDv1b:2067",1112,"RPDv1b",2067,17622,230.5,2.305,"m",0.01,"Tephra","-888888",NA,20,7627,NA,"-888888",TRUE,NA,"NA Date is calibrated.","Yahoo Lake core_SIEVED","counted","150-500",NA,NA,"",7627,7607,7647,7627,230.5,0.01,"NA Date is calibrated.",". Cal curve: NA. Source DB: RPDv1b","Lacustrine","","Tephra",-43,14615.48,"Calibrated radiocarbon years BP","sedimentary charcoal","Data Sourcing: RPDv1b","Sample Age Source: GCDv4"
"1112",231,"charcoal | 150-500um num",245,245.5,246,1,7960.55,NA,NA,"GCDv4","Charcoal (sum)","150-500 µm",150,500,"False","False","number","Macroscopic charcoal (sieved)","direct",NA,"CHAR",11,NA,NA,"quant_raw",5,"volume","ml","RPDv1b","2067","charcoal","count","macrochar","wet_sieve","particle","150-500um num",NA,"150-500um","num","RPDv1b","measured",1,"RPDv1b","ELEMENT=150-500 µm","Yahoo Lake core",47.683333,-124.016667,710,"north","USA",NA,"sedlac",1112,1,2013,"Gavin, D.G., Brubaker, L.B., Greenwald, D.N., 2013. Postglacial climate and fire-mediated vegetation change on the western Olympic Peninsula, Washington (USA). Ecological Monographs 83, 471–489.","Postglacial climate and fire-mediated vegetation change on the western Olympic Peninsula, Washington (USA)","Ecological Monographs",83,NA,"471-489",NA,"10.1890/12-1742.1",NA,NA,NA,NA,NA,NA,NA,NA,NA,NA,NA,NA,NA,"RPDv1b:2067",1112,"Brubaker, L.B.",1,"Brubaker","L.B.",NA,NA,NA,NA,NA,NA,NA,NA,NA,"RPDv1b:2067",1112,"RPDv1b",2067,17622,230.5,2.305,"m",0.01,"Tephra","-888888",NA,20,7627,NA,"-888888",TRUE,NA,"NA Date is calibrated.","Yahoo Lake core_SIEVED","counted","150-500",NA,NA,"",7627,7607,7647,7627,230.5,0.01,"NA Date is calibrated.",". Cal curve: NA. Source DB: RPDv1b","Lacustrine","","Tephra",-43,14615.48,"Calibrated radiocarbon years BP","sedimentary charcoal","Data Sourcing: RPDv1b","Sample Age Source: GCDv4"
"1112",232,"charcoal | 150-500um num",246,246.5,247,1,7983.56,NA,NA,"GCDv4","Charcoal (sum)","150-500 µm",150,500,"False","False","number","Macroscopic charcoal (sieved)","direct",NA,"CHAR",23,NA,NA,"quant_raw",5,"volume","ml","RPDv1b","2067","charcoal","count","macrochar","wet_sieve","particle","150-500um num",NA,"150-500um","num","RPDv1b","measured",1,"RPDv1b","ELEMENT=150-500 µm","Yahoo Lake core",47.683333,-124.016667,710,"north","USA",NA,"sedlac",1112,1,2013,"Gavin, D.G., Brubaker, L.B., Greenwald, D.N., 2013. Postglacial climate and fire-mediated vegetation change on the western Olympic Peninsula, Washington (USA). Ecological Monographs 83, 471–489.","Postglacial climate and fire-mediated vegetation change on the western Olympic Peninsula, Washington (USA)","Ecological Monographs",83,NA,"471-489",NA,"10.1890/12-1742.1",NA,NA,NA,NA,NA,NA,NA,NA,NA,NA,NA,NA,NA,"RPDv1b:2067",1112,"Brubaker, L.B.",1,"Brubaker","L.B.",NA,NA,NA,NA,NA,NA,NA,NA,NA,"RPDv1b:2067",1112,"RPDv1b",2067,17622,230.5,2.305,"m",0.01,"Tephra","-888888",NA,20,7627,NA,"-888888",TRUE,NA,"NA Date is calibrated.","Yahoo Lake core_SIEVED","counted","150-500",NA,NA,"",7627,7607,7647,7627,230.5,0.01,"NA Date is calibrated.",". Cal curve: NA. Source DB: RPDv1b","Lacustrine","","Tephra",-43,14615.48,"Calibrated radiocarbon years BP","sedimentary charcoal","Data Sourcing: RPDv1b","Sample Age Source: GCDv4"
"1112",233,"charcoal | 150-500um num",247,247.5,248,1,8006.4,NA,NA,"GCDv4","Charcoal (sum)","150-500 µm",150,500,"False","False","number","Macroscopic charcoal (sieved)","direct",NA,"CHAR",30,NA,NA,"quant_raw",5,"volume","ml","RPDv1b","2067","charcoal","count","macrochar","wet_sieve","particle","150-500um num",NA,"150-500um","num","RPDv1b","measured",1,"RPDv1b","ELEMENT=150-500 µm","Yahoo Lake core",47.683333,-124.016667,710,"north","USA",NA,"sedlac",1112,1,2013,"Gavin, D.G., Brubaker, L.B., Greenwald, D.N., 2013. Postglacial climate and fire-mediated vegetation change on the western Olympic Peninsula, Washington (USA). Ecological Monographs 83, 471–489.","Postglacial climate and fire-mediated vegetation change on the western Olympic Peninsula, Washington (USA)","Ecological Monographs",83,NA,"471-489",NA,"10.1890/12-1742.1",NA,NA,NA,NA,NA,NA,NA,NA,NA,NA,NA,NA,NA,"RPDv1b:2067",1112,"Brubaker, L.B.",1,"Brubaker","L.B.",NA,NA,NA,NA,NA,NA,NA,NA,NA,"RPDv1b:2067",1112,"RPDv1b",2067,17622,230.5,2.305,"m",0.01,"Tephra","-888888",NA,20,7627,NA,"-888888",TRUE,NA,"NA Date is calibrated.","Yahoo Lake core_SIEVED","counted","150-500",NA,NA,"",7627,7607,7647,7627,230.5,0.01,"NA Date is calibrated.",". Cal curve: NA. Source DB: RPDv1b","Lacustrine","","Tephra",-43,14615.48,"Calibrated radiocarbon years BP","sedimentary charcoal","Data Sourcing: RPDv1b","Sample Age Source: GCDv4"
"1112",234,"charcoal | 150-500um num",248,248.5,249,1,8029.07,NA,NA,"GCDv4","Charcoal (sum)","150-500 µm",150,500,"False","False","number","Macroscopic charcoal (sieved)","direct",NA,"CHAR",51,NA,NA,"quant_raw",5,"volume","ml","RPDv1b","2067","charcoal","count","macrochar","wet_sieve","particle","150-500um num",NA,"150-500um","num","RPDv1b","measured",1,"RPDv1b","ELEMENT=150-500 µm","Yahoo Lake core",47.683333,-124.016667,710,"north","USA",NA,"sedlac",1112,1,2013,"Gavin, D.G., Brubaker, L.B., Greenwald, D.N., 2013. Postglacial climate and fire-mediated vegetation change on the western Olympic Peninsula, Washington (USA). Ecological Monographs 83, 471–489.","Postglacial climate and fire-mediated vegetation change on the western Olympic Peninsula, Washington (USA)","Ecological Monographs",83,NA,"471-489",NA,"10.1890/12-1742.1",NA,NA,NA,NA,NA,NA,NA,NA,NA,NA,NA,NA,NA,"RPDv1b:2067",1112,"Brubaker, L.B.",1,"Brubaker","L.B.",NA,NA,NA,NA,NA,NA,NA,NA,NA,"RPDv1b:2067",1112,"RPDv1b",2067,17622,230.5,2.305,"m",0.01,"Tephra","-888888",NA,20,7627,NA,"-888888",TRUE,NA,"NA Date is calibrated.","Yahoo Lake core_SIEVED","counted","150-500",NA,NA,"",7627,7607,7647,7627,230.5,0.01,"NA Date is calibrated.",". Cal curve: NA. Source DB: RPDv1b","Lacustrine","","Tephra",-43,14615.48,"Calibrated radiocarbon years BP","sedimentary charcoal","Data Sourcing: RPDv1b","Sample Age Source: GCDv4"
"1112",235,"charcoal | 150-500um num",249,249.5,250,1,8051.61,NA,NA,"GCDv4","Charcoal (sum)","150-500 µm",150,500,"False","False","number","Macroscopic charcoal (sieved)","direct",NA,"CHAR",76,NA,NA,"quant_raw",5,"volume","ml","RPDv1b","2067","charcoal","count","macrochar","wet_sieve","particle","150-500um num",NA,"150-500um","num","RPDv1b","measured",1,"RPDv1b","ELEMENT=150-500 µm","Yahoo Lake core",47.683333,-124.016667,710,"north","USA",NA,"sedlac",1112,1,2013,"Gavin, D.G., Brubaker, L.B., Greenwald, D.N., 2013. Postglacial climate and fire-mediated vegetation change on the western Olympic Peninsula, Washington (USA). Ecological Monographs 83, 471–489.","Postglacial climate and fire-mediated vegetation change on the western Olympic Peninsula, Washington (USA)","Ecological Monographs",83,NA,"471-489",NA,"10.1890/12-1742.1",NA,NA,NA,NA,NA,NA,NA,NA,NA,NA,NA,NA,NA,"RPDv1b:2067",1112,"Brubaker, L.B.",1,"Brubaker","L.B.",NA,NA,NA,NA,NA,NA,NA,NA,NA,"RPDv1b:2067",1112,"RPDv1b",2067,17622,230.5,2.305,"m",0.01,"Tephra","-888888",NA,20,7627,NA,"-888888",TRUE,NA,"NA Date is calibrated.","Yahoo Lake core_SIEVED","counted","150-500",NA,NA,"",7627,7607,7647,7627,230.5,0.01,"NA Date is calibrated.",". Cal curve: NA. Source DB: RPDv1b","Lacustrine","","Tephra",-43,14615.48,"Calibrated radiocarbon years BP","sedimentary charcoal","Data Sourcing: RPDv1b","Sample Age Source: GCDv4"
"1112",236,"charcoal | 150-500um num",250,250.5,251,1,8074.01,NA,NA,"GCDv4","Charcoal (sum)","150-500 µm",150,500,"False","False","number","Macroscopic charcoal (sieved)","direct",NA,"CHAR",58,NA,NA,"quant_raw",5,"volume","ml","RPDv1b","2067","charcoal","count","macrochar","wet_sieve","particle","150-500um num",NA,"150-500um","num","RPDv1b","measured",1,"RPDv1b","ELEMENT=150-500 µm","Yahoo Lake core",47.683333,-124.016667,710,"north","USA",NA,"sedlac",1112,1,2013,"Gavin, D.G., Brubaker, L.B., Greenwald, D.N., 2013. Postglacial climate and fire-mediated vegetation change on the western Olympic Peninsula, Washington (USA). Ecological Monographs 83, 471–489.","Postglacial climate and fire-mediated vegetation change on the western Olympic Peninsula, Washington (USA)","Ecological Monographs",83,NA,"471-489",NA,"10.1890/12-1742.1",NA,NA,NA,NA,NA,NA,NA,NA,NA,NA,NA,NA,NA,"RPDv1b:2067",1112,"Brubaker, L.B.",1,"Brubaker","L.B.",NA,NA,NA,NA,NA,NA,NA,NA,NA,"RPDv1b:2067",1112,"RPDv1b",2067,17622,230.5,2.305,"m",0.01,"Tephra","-888888",NA,20,7627,NA,"-888888",TRUE,NA,"NA Date is calibrated.","Yahoo Lake core_SIEVED","counted","150-500",NA,NA,"",7627,7607,7647,7627,230.5,0.01,"NA Date is calibrated.",". Cal curve: NA. Source DB: RPDv1b","Lacustrine","","Tephra",-43,14615.48,"Calibrated radiocarbon years BP","sedimentary charcoal","Data Sourcing: RPDv1b","Sample Age Source: GCDv4"
"1112",237,"charcoal | 150-500um num",251,251.5,252,1,8096.28,NA,NA,"GCDv4","Charcoal (sum)","150-500 µm",150,500,"False","False","number","Macroscopic charcoal (sieved)","direct",NA,"CHAR",40,NA,NA,"quant_raw",5,"volume","ml","RPDv1b","2067","charcoal","count","macrochar","wet_sieve","particle","150-500um num",NA,"150-500um","num","RPDv1b","measured",1,"RPDv1b","ELEMENT=150-500 µm","Yahoo Lake core",47.683333,-124.016667,710,"north","USA",NA,"sedlac",1112,1,2013,"Gavin, D.G., Brubaker, L.B., Greenwald, D.N., 2013. Postglacial climate and fire-mediated vegetation change on the western Olympic Peninsula, Washington (USA). Ecological Monographs 83, 471–489.","Postglacial climate and fire-mediated vegetation change on the western Olympic Peninsula, Washington (USA)","Ecological Monographs",83,NA,"471-489",NA,"10.1890/12-1742.1",NA,NA,NA,NA,NA,NA,NA,NA,NA,NA,NA,NA,NA,"RPDv1b:2067",1112,"Brubaker, L.B.",1,"Brubaker","L.B.",NA,NA,NA,NA,NA,NA,NA,NA,NA,"RPDv1b:2067",1112,"RPDv1b",2067,17622,230.5,2.305,"m",0.01,"Tephra","-888888",NA,20,7627,NA,"-888888",TRUE,NA,"NA Date is calibrated.","Yahoo Lake core_SIEVED","counted","150-500",NA,NA,"",7627,7607,7647,7627,230.5,0.01,"NA Date is calibrated.",". Cal curve: NA. Source DB: RPDv1b","Lacustrine","","Tephra",-43,14615.48,"Calibrated radiocarbon years BP","sedimentary charcoal","Data Sourcing: RPDv1b","Sample Age Source: GCDv4"
"1112",238,"charcoal | 150-500um num",252,252.5,253,1,8118.45,NA,NA,"GCDv4","Charcoal (sum)","150-500 µm",150,500,"False","False","number","Macroscopic charcoal (sieved)","direct",NA,"CHAR",33,NA,NA,"quant_raw",5,"volume","ml","RPDv1b","2067","charcoal","count","macrochar","wet_sieve","particle","150-500um num",NA,"150-500um","num","RPDv1b","measured",1,"RPDv1b","ELEMENT=150-500 µm","Yahoo Lake core",47.683333,-124.016667,710,"north","USA",NA,"sedlac",1112,1,2013,"Gavin, D.G., Brubaker, L.B., Greenwald, D.N., 2013. Postglacial climate and fire-mediated vegetation change on the western Olympic Peninsula, Washington (USA). Ecological Monographs 83, 471–489.","Postglacial climate and fire-mediated vegetation change on the western Olympic Peninsula, Washington (USA)","Ecological Monographs",83,NA,"471-489",NA,"10.1890/12-1742.1",NA,NA,NA,NA,NA,NA,NA,NA,NA,NA,NA,NA,NA,"RPDv1b:2067",1112,"Brubaker, L.B.",1,"Brubaker","L.B.",NA,NA,NA,NA,NA,NA,NA,NA,NA,"RPDv1b:2067",1112,"RPDv1b",2067,17622,230.5,2.305,"m",0.01,"Tephra","-888888",NA,20,7627,NA,"-888888",TRUE,NA,"NA Date is calibrated.","Yahoo Lake core_SIEVED","counted","150-500",NA,NA,"",7627,7607,7647,7627,230.5,0.01,"NA Date is calibrated.",". Cal curve: NA. Source DB: RPDv1b","Lacustrine","","Tephra",-43,14615.48,"Calibrated radiocarbon years BP","sedimentary charcoal","Data Sourcing: RPDv1b","Sample Age Source: GCDv4"
"1112",239,"charcoal | 150-500um num",253,253.5,254,1,8140.52,NA,NA,"GCDv4","Charcoal (sum)","150-500 µm",150,500,"False","False","number","Macroscopic charcoal (sieved)","direct",NA,"CHAR",47,NA,NA,"quant_raw",5,"volume","ml","RPDv1b","2067","charcoal","count","macrochar","wet_sieve","particle","150-500um num",NA,"150-500um","num","RPDv1b","measured",1,"RPDv1b","ELEMENT=150-500 µm","Yahoo Lake core",47.683333,-124.016667,710,"north","USA",NA,"sedlac",1112,1,2013,"Gavin, D.G., Brubaker, L.B., Greenwald, D.N., 2013. Postglacial climate and fire-mediated vegetation change on the western Olympic Peninsula, Washington (USA). Ecological Monographs 83, 471–489.","Postglacial climate and fire-mediated vegetation change on the western Olympic Peninsula, Washington (USA)","Ecological Monographs",83,NA,"471-489",NA,"10.1890/12-1742.1",NA,NA,NA,NA,NA,NA,NA,NA,NA,NA,NA,NA,NA,"RPDv1b:2067",1112,"Brubaker, L.B.",1,"Brubaker","L.B.",NA,NA,NA,NA,NA,NA,NA,NA,NA,"RPDv1b:2067",1112,"RPDv1b",2067,17622,230.5,2.305,"m",0.01,"Tephra","-888888",NA,20,7627,NA,"-888888",TRUE,NA,"NA Date is calibrated.","Yahoo Lake core_SIEVED","counted","150-500",NA,NA,"",7627,7607,7647,7627,230.5,0.01,"NA Date is calibrated.",". Cal curve: NA. Source DB: RPDv1b","Lacustrine","","Tephra",-43,14615.48,"Calibrated radiocarbon years BP","sedimentary charcoal","Data Sourcing: RPDv1b","Sample Age Source: GCDv4"
"1112",240,"charcoal | 150-500um num",254,254.5,255,1,8162.51,NA,NA,"GCDv4","Charcoal (sum)","150-500 µm",150,500,"False","False","number","Macroscopic charcoal (sieved)","direct",NA,"CHAR",30,NA,NA,"quant_raw",5,"volume","ml","RPDv1b","2067","charcoal","count","macrochar","wet_sieve","particle","150-500um num",NA,"150-500um","num","RPDv1b","measured",1,"RPDv1b","ELEMENT=150-500 µm","Yahoo Lake core",47.683333,-124.016667,710,"north","USA",NA,"sedlac",1112,1,2013,"Gavin, D.G., Brubaker, L.B., Greenwald, D.N., 2013. Postglacial climate and fire-mediated vegetation change on the western Olympic Peninsula, Washington (USA). Ecological Monographs 83, 471–489.","Postglacial climate and fire-mediated vegetation change on the western Olympic Peninsula, Washington (USA)","Ecological Monographs",83,NA,"471-489",NA,"10.1890/12-1742.1",NA,NA,NA,NA,NA,NA,NA,NA,NA,NA,NA,NA,NA,"RPDv1b:2067",1112,"Brubaker, L.B.",1,"Brubaker","L.B.",NA,NA,NA,NA,NA,NA,NA,NA,NA,"RPDv1b:2067",1112,"RPDv1b",2067,17622,230.5,2.305,"m",0.01,"Tephra","-888888",NA,20,7627,NA,"-888888",TRUE,NA,"NA Date is calibrated.","Yahoo Lake core_SIEVED","counted","150-500",NA,NA,"",7627,7607,7647,7627,230.5,0.01,"NA Date is calibrated.",". Cal curve: NA. Source DB: RPDv1b","Lacustrine","","Tephra",-43,14615.48,"Calibrated radiocarbon years BP","sedimentary charcoal","Data Sourcing: RPDv1b","Sample Age Source: GCDv4"
"1112",241,"charcoal | 150-500um num",255,255.5,256,1,8184.42,NA,NA,"GCDv4","Charcoal (sum)","150-500 µm",150,500,"False","False","number","Macroscopic charcoal (sieved)","direct",NA,"CHAR",30,NA,NA,"quant_raw",5,"volume","ml","RPDv1b","2067","charcoal","count","macrochar","wet_sieve","particle","150-500um num",NA,"150-500um","num","RPDv1b","measured",1,"RPDv1b","ELEMENT=150-500 µm","Yahoo Lake core",47.683333,-124.016667,710,"north","USA",NA,"sedlac",1112,1,2013,"Gavin, D.G., Brubaker, L.B., Greenwald, D.N., 2013. Postglacial climate and fire-mediated vegetation change on the western Olympic Peninsula, Washington (USA). Ecological Monographs 83, 471–489.","Postglacial climate and fire-mediated vegetation change on the western Olympic Peninsula, Washington (USA)","Ecological Monographs",83,NA,"471-489",NA,"10.1890/12-1742.1",NA,NA,NA,NA,NA,NA,NA,NA,NA,NA,NA,NA,NA,"RPDv1b:2067",1112,"Brubaker, L.B.",1,"Brubaker","L.B.",NA,NA,NA,NA,NA,NA,NA,NA,NA,"RPDv1b:2067",1112,"RPDv1b",2067,17622,230.5,2.305,"m",0.01,"Tephra","-888888",NA,20,7627,NA,"-888888",TRUE,NA,"NA Date is calibrated.","Yahoo Lake core_SIEVED","counted","150-500",NA,NA,"",7627,7607,7647,7627,230.5,0.01,"NA Date is calibrated.",". Cal curve: NA. Source DB: RPDv1b","Lacustrine","","Tephra",-43,14615.48,"Calibrated radiocarbon years BP","sedimentary charcoal","Data Sourcing: RPDv1b","Sample Age Source: GCDv4"
"1112",242,"charcoal | 150-500um num",256,256.5,257,1,8206.27,NA,NA,"GCDv4","Charcoal (sum)","150-500 µm",150,500,"False","False","number","Macroscopic charcoal (sieved)","direct",NA,"CHAR",33,NA,NA,"quant_raw",5,"volume","ml","RPDv1b","2067","charcoal","count","macrochar","wet_sieve","particle","150-500um num",NA,"150-500um","num","RPDv1b","measured",1,"RPDv1b","ELEMENT=150-500 µm","Yahoo Lake core",47.683333,-124.016667,710,"north","USA",NA,"sedlac",1112,1,2013,"Gavin, D.G., Brubaker, L.B., Greenwald, D.N., 2013. Postglacial climate and fire-mediated vegetation change on the western Olympic Peninsula, Washington (USA). Ecological Monographs 83, 471–489.","Postglacial climate and fire-mediated vegetation change on the western Olympic Peninsula, Washington (USA)","Ecological Monographs",83,NA,"471-489",NA,"10.1890/12-1742.1",NA,NA,NA,NA,NA,NA,NA,NA,NA,NA,NA,NA,NA,"RPDv1b:2067",1112,"Brubaker, L.B.",1,"Brubaker","L.B.",NA,NA,NA,NA,NA,NA,NA,NA,NA,"RPDv1b:2067",1112,"RPDv1b",2067,17623,294,2.94,"m",0.02,"AMS","terrestrial plant macrofossil",8175,110,NA,NA,"AA-20316",TRUE,NA,"NA Date is in uncalibrated radiocarbon years.","Yahoo Lake core_SIEVED","counted","150-500",NA,NA,"",8175,8065,8285,8175,294,0.02,"NA Date is in uncalibrated radiocarbon years.",". Cal curve: NA. Source DB: RPDv1b","Lacustrine","Carbon-14","Radiocarbon",-43,14615.48,"Calibrated radiocarbon years BP","sedimentary charcoal","Data Sourcing: RPDv1b","Sample Age Source: GCDv4"
"1112",243,"charcoal | 150-500um num",257,257.5,258,1,8228.07,NA,NA,"GCDv4","Charcoal (sum)","150-500 µm",150,500,"False","False","number","Macroscopic charcoal (sieved)","direct",NA,"CHAR",36,NA,NA,"quant_raw",5,"volume","ml","RPDv1b","2067","charcoal","count","macrochar","wet_sieve","particle","150-500um num",NA,"150-500um","num","RPDv1b","measured",1,"RPDv1b","ELEMENT=150-500 µm","Yahoo Lake core",47.683333,-124.016667,710,"north","USA",NA,"sedlac",1112,1,2013,"Gavin, D.G., Brubaker, L.B., Greenwald, D.N., 2013. Postglacial climate and fire-mediated vegetation change on the western Olympic Peninsula, Washington (USA). Ecological Monographs 83, 471–489.","Postglacial climate and fire-mediated vegetation change on the western Olympic Peninsula, Washington (USA)","Ecological Monographs",83,NA,"471-489",NA,"10.1890/12-1742.1",NA,NA,NA,NA,NA,NA,NA,NA,NA,NA,NA,NA,NA,"RPDv1b:2067",1112,"Brubaker, L.B.",1,"Brubaker","L.B.",NA,NA,NA,NA,NA,NA,NA,NA,NA,"RPDv1b:2067",1112,"RPDv1b",2067,17623,294,2.94,"m",0.02,"AMS","terrestrial plant macrofossil",8175,110,NA,NA,"AA-20316",TRUE,NA,"NA Date is in uncalibrated radiocarbon years.","Yahoo Lake core_SIEVED","counted","150-500",NA,NA,"",8175,8065,8285,8175,294,0.02,"NA Date is in uncalibrated radiocarbon years.",". Cal curve: NA. Source DB: RPDv1b","Lacustrine","Carbon-14","Radiocarbon",-43,14615.48,"Calibrated radiocarbon years BP","sedimentary charcoal","Data Sourcing: RPDv1b","Sample Age Source: GCDv4"
"1112",244,"charcoal | 150-500um num",258,258.5,259,1,8249.84,NA,NA,"GCDv4","Charcoal (sum)","150-500 µm",150,500,"False","False","number","Macroscopic charcoal (sieved)","direct",NA,"CHAR",89,NA,NA,"quant_raw",5,"volume","ml","RPDv1b","2067","charcoal","count","macrochar","wet_sieve","particle","150-500um num",NA,"150-500um","num","RPDv1b","measured",1,"RPDv1b","ELEMENT=150-500 µm","Yahoo Lake core",47.683333,-124.016667,710,"north","USA",NA,"sedlac",1112,1,2013,"Gavin, D.G., Brubaker, L.B., Greenwald, D.N., 2013. Postglacial climate and fire-mediated vegetation change on the western Olympic Peninsula, Washington (USA). Ecological Monographs 83, 471–489.","Postglacial climate and fire-mediated vegetation change on the western Olympic Peninsula, Washington (USA)","Ecological Monographs",83,NA,"471-489",NA,"10.1890/12-1742.1",NA,NA,NA,NA,NA,NA,NA,NA,NA,NA,NA,NA,NA,"RPDv1b:2067",1112,"Brubaker, L.B.",1,"Brubaker","L.B.",NA,NA,NA,NA,NA,NA,NA,NA,NA,"RPDv1b:2067",1112,"RPDv1b",2067,17623,294,2.94,"m",0.02,"AMS","terrestrial plant macrofossil",8175,110,NA,NA,"AA-20316",TRUE,NA,"NA Date is in uncalibrated radiocarbon years.","Yahoo Lake core_SIEVED","counted","150-500",NA,NA,"",8175,8065,8285,8175,294,0.02,"NA Date is in uncalibrated radiocarbon years.",". Cal curve: NA. Source DB: RPDv1b","Lacustrine","Carbon-14","Radiocarbon",-43,14615.48,"Calibrated radiocarbon years BP","sedimentary charcoal","Data Sourcing: RPDv1b","Sample Age Source: GCDv4"
"1112",245,"charcoal | 150-500um num",259,259.5,260,1,8271.58,NA,NA,"GCDv4","Charcoal (sum)","150-500 µm",150,500,"False","False","number","Macroscopic charcoal (sieved)","direct",NA,"CHAR",35,NA,NA,"quant_raw",5,"volume","ml","RPDv1b","2067","charcoal","count","macrochar","wet_sieve","particle","150-500um num",NA,"150-500um","num","RPDv1b","measured",1,"RPDv1b","ELEMENT=150-500 µm","Yahoo Lake core",47.683333,-124.016667,710,"north","USA",NA,"sedlac",1112,1,2013,"Gavin, D.G., Brubaker, L.B., Greenwald, D.N., 2013. Postglacial climate and fire-mediated vegetation change on the western Olympic Peninsula, Washington (USA). Ecological Monographs 83, 471–489.","Postglacial climate and fire-mediated vegetation change on the western Olympic Peninsula, Washington (USA)","Ecological Monographs",83,NA,"471-489",NA,"10.1890/12-1742.1",NA,NA,NA,NA,NA,NA,NA,NA,NA,NA,NA,NA,NA,"RPDv1b:2067",1112,"Brubaker, L.B.",1,"Brubaker","L.B.",NA,NA,NA,NA,NA,NA,NA,NA,NA,"RPDv1b:2067",1112,"RPDv1b",2067,17623,294,2.94,"m",0.02,"AMS","terrestrial plant macrofossil",8175,110,NA,NA,"AA-20316",TRUE,NA,"NA Date is in uncalibrated radiocarbon years.","Yahoo Lake core_SIEVED","counted","150-500",NA,NA,"",8175,8065,8285,8175,294,0.02,"NA Date is in uncalibrated radiocarbon years.",". Cal curve: NA. Source DB: RPDv1b","Lacustrine","Carbon-14","Radiocarbon",-43,14615.48,"Calibrated radiocarbon years BP","sedimentary charcoal","Data Sourcing: RPDv1b","Sample Age Source: GCDv4"
"1112",246,"charcoal | 150-500um num",260,260.5,261,1,8293.32,NA,NA,"GCDv4","Charcoal (sum)","150-500 µm",150,500,"False","False","number","Macroscopic charcoal (sieved)","direct",NA,"CHAR",39,NA,NA,"quant_raw",5,"volume","ml","RPDv1b","2067","charcoal","count","macrochar","wet_sieve","particle","150-500um num",NA,"150-500um","num","RPDv1b","measured",1,"RPDv1b","ELEMENT=150-500 µm","Yahoo Lake core",47.683333,-124.016667,710,"north","USA",NA,"sedlac",1112,1,2013,"Gavin, D.G., Brubaker, L.B., Greenwald, D.N., 2013. Postglacial climate and fire-mediated vegetation change on the western Olympic Peninsula, Washington (USA). Ecological Monographs 83, 471–489.","Postglacial climate and fire-mediated vegetation change on the western Olympic Peninsula, Washington (USA)","Ecological Monographs",83,NA,"471-489",NA,"10.1890/12-1742.1",NA,NA,NA,NA,NA,NA,NA,NA,NA,NA,NA,NA,NA,"RPDv1b:2067",1112,"Brubaker, L.B.",1,"Brubaker","L.B.",NA,NA,NA,NA,NA,NA,NA,NA,NA,"RPDv1b:2067",1112,"RPDv1b",2067,17623,294,2.94,"m",0.02,"AMS","terrestrial plant macrofossil",8175,110,NA,NA,"AA-20316",TRUE,NA,"NA Date is in uncalibrated radiocarbon years.","Yahoo Lake core_SIEVED","counted","150-500",NA,NA,"",8175,8065,8285,8175,294,0.02,"NA Date is in uncalibrated radiocarbon years.",". Cal curve: NA. Source DB: RPDv1b","Lacustrine","Carbon-14","Radiocarbon",-43,14615.48,"Calibrated radiocarbon years BP","sedimentary charcoal","Data Sourcing: RPDv1b","Sample Age Source: GCDv4"
"1112",247,"charcoal | 150-500um num",261,261.5,262,1,8315.05,NA,NA,"GCDv4","Charcoal (sum)","150-500 µm",150,500,"False","False","number","Macroscopic charcoal (sieved)","direct",NA,"CHAR",40,NA,NA,"quant_raw",5,"volume","ml","RPDv1b","2067","charcoal","count","macrochar","wet_sieve","particle","150-500um num",NA,"150-500um","num","RPDv1b","measured",1,"RPDv1b","ELEMENT=150-500 µm","Yahoo Lake core",47.683333,-124.016667,710,"north","USA",NA,"sedlac",1112,1,2013,"Gavin, D.G., Brubaker, L.B., Greenwald, D.N., 2013. Postglacial climate and fire-mediated vegetation change on the western Olympic Peninsula, Washington (USA). Ecological Monographs 83, 471–489.","Postglacial climate and fire-mediated vegetation change on the western Olympic Peninsula, Washington (USA)","Ecological Monographs",83,NA,"471-489",NA,"10.1890/12-1742.1",NA,NA,NA,NA,NA,NA,NA,NA,NA,NA,NA,NA,NA,"RPDv1b:2067",1112,"Brubaker, L.B.",1,"Brubaker","L.B.",NA,NA,NA,NA,NA,NA,NA,NA,NA,"RPDv1b:2067",1112,"RPDv1b",2067,17623,294,2.94,"m",0.02,"AMS","terrestrial plant macrofossil",8175,110,NA,NA,"AA-20316",TRUE,NA,"NA Date is in uncalibrated radiocarbon years.","Yahoo Lake core_SIEVED","counted","150-500",NA,NA,"",8175,8065,8285,8175,294,0.02,"NA Date is in uncalibrated radiocarbon years.",". Cal curve: NA. Source DB: RPDv1b","Lacustrine","Carbon-14","Radiocarbon",-43,14615.48,"Calibrated radiocarbon years BP","sedimentary charcoal","Data Sourcing: RPDv1b","Sample Age Source: GCDv4"
"1112",248,"charcoal | 150-500um num",262,262.5,263,1,8336.79,NA,NA,"GCDv4","Charcoal (sum)","150-500 µm",150,500,"False","False","number","Macroscopic charcoal (sieved)","direct",NA,"CHAR",47,NA,NA,"quant_raw",5,"volume","ml","RPDv1b","2067","charcoal","count","macrochar","wet_sieve","particle","150-500um num",NA,"150-500um","num","RPDv1b","measured",1,"RPDv1b","ELEMENT=150-500 µm","Yahoo Lake core",47.683333,-124.016667,710,"north","USA",NA,"sedlac",1112,1,2013,"Gavin, D.G., Brubaker, L.B., Greenwald, D.N., 2013. Postglacial climate and fire-mediated vegetation change on the western Olympic Peninsula, Washington (USA). Ecological Monographs 83, 471–489.","Postglacial climate and fire-mediated vegetation change on the western Olympic Peninsula, Washington (USA)","Ecological Monographs",83,NA,"471-489",NA,"10.1890/12-1742.1",NA,NA,NA,NA,NA,NA,NA,NA,NA,NA,NA,NA,NA,"RPDv1b:2067",1112,"Brubaker, L.B.",1,"Brubaker","L.B.",NA,NA,NA,NA,NA,NA,NA,NA,NA,"RPDv1b:2067",1112,"RPDv1b",2067,17623,294,2.94,"m",0.02,"AMS","terrestrial plant macrofossil",8175,110,NA,NA,"AA-20316",TRUE,NA,"NA Date is in uncalibrated radiocarbon years.","Yahoo Lake core_SIEVED","counted","150-500",NA,NA,"",8175,8065,8285,8175,294,0.02,"NA Date is in uncalibrated radiocarbon years.",". Cal curve: NA. Source DB: RPDv1b","Lacustrine","Carbon-14","Radiocarbon",-43,14615.48,"Calibrated radiocarbon years BP","sedimentary charcoal","Data Sourcing: RPDv1b","Sample Age Source: GCDv4"
"1112",249,"charcoal | 150-500um num",263,263.5,264,1,8358.57,NA,NA,"GCDv4","Charcoal (sum)","150-500 µm",150,500,"False","False","number","Macroscopic charcoal (sieved)","direct",NA,"CHAR",56,NA,NA,"quant_raw",5,"volume","ml","RPDv1b","2067","charcoal","count","macrochar","wet_sieve","particle","150-500um num",NA,"150-500um","num","RPDv1b","measured",1,"RPDv1b","ELEMENT=150-500 µm","Yahoo Lake core",47.683333,-124.016667,710,"north","USA",NA,"sedlac",1112,1,2013,"Gavin, D.G., Brubaker, L.B., Greenwald, D.N., 2013. Postglacial climate and fire-mediated vegetation change on the western Olympic Peninsula, Washington (USA). Ecological Monographs 83, 471–489.","Postglacial climate and fire-mediated vegetation change on the western Olympic Peninsula, Washington (USA)","Ecological Monographs",83,NA,"471-489",NA,"10.1890/12-1742.1",NA,NA,NA,NA,NA,NA,NA,NA,NA,NA,NA,NA,NA,"RPDv1b:2067",1112,"Brubaker, L.B.",1,"Brubaker","L.B.",NA,NA,NA,NA,NA,NA,NA,NA,NA,"RPDv1b:2067",1112,"RPDv1b",2067,17623,294,2.94,"m",0.02,"AMS","terrestrial plant macrofossil",8175,110,NA,NA,"AA-20316",TRUE,NA,"NA Date is in uncalibrated radiocarbon years.","Yahoo Lake core_SIEVED","counted","150-500",NA,NA,"",8175,8065,8285,8175,294,0.02,"NA Date is in uncalibrated radiocarbon years.",". Cal curve: NA. Source DB: RPDv1b","Lacustrine","Carbon-14","Radiocarbon",-43,14615.48,"Calibrated radiocarbon years BP","sedimentary charcoal","Data Sourcing: RPDv1b","Sample Age Source: GCDv4"
"1112",250,"charcoal | 150-500um num",264,264.5,265,1,8380.37,NA,NA,"GCDv4","Charcoal (sum)","150-500 µm",150,500,"False","False","number","Macroscopic charcoal (sieved)","direct",NA,"CHAR",42,NA,NA,"quant_raw",5,"volume","ml","RPDv1b","2067","charcoal","count","macrochar","wet_sieve","particle","150-500um num",NA,"150-500um","num","RPDv1b","measured",1,"RPDv1b","ELEMENT=150-500 µm","Yahoo Lake core",47.683333,-124.016667,710,"north","USA",NA,"sedlac",1112,1,2013,"Gavin, D.G., Brubaker, L.B., Greenwald, D.N., 2013. Postglacial climate and fire-mediated vegetation change on the western Olympic Peninsula, Washington (USA). Ecological Monographs 83, 471–489.","Postglacial climate and fire-mediated vegetation change on the western Olympic Peninsula, Washington (USA)","Ecological Monographs",83,NA,"471-489",NA,"10.1890/12-1742.1",NA,NA,NA,NA,NA,NA,NA,NA,NA,NA,NA,NA,NA,"RPDv1b:2067",1112,"Brubaker, L.B.",1,"Brubaker","L.B.",NA,NA,NA,NA,NA,NA,NA,NA,NA,"RPDv1b:2067",1112,"RPDv1b",2067,17623,294,2.94,"m",0.02,"AMS","terrestrial plant macrofossil",8175,110,NA,NA,"AA-20316",TRUE,NA,"NA Date is in uncalibrated radiocarbon years.","Yahoo Lake core_SIEVED","counted","150-500",NA,NA,"",8175,8065,8285,8175,294,0.02,"NA Date is in uncalibrated radiocarbon years.",". Cal curve: NA. Source DB: RPDv1b","Lacustrine","Carbon-14","Radiocarbon",-43,14615.48,"Calibrated radiocarbon years BP","sedimentary charcoal","Data Sourcing: RPDv1b","Sample Age Source: GCDv4"
"1112",251,"charcoal | 150-500um num",265,265.5,266,1,8402.23,NA,NA,"GCDv4","Charcoal (sum)","150-500 µm",150,500,"False","False","number","Macroscopic charcoal (sieved)","direct",NA,"CHAR",20,NA,NA,"quant_raw",5,"volume","ml","RPDv1b","2067","charcoal","count","macrochar","wet_sieve","particle","150-500um num",NA,"150-500um","num","RPDv1b","measured",1,"RPDv1b","ELEMENT=150-500 µm","Yahoo Lake core",47.683333,-124.016667,710,"north","USA",NA,"sedlac",1112,1,2013,"Gavin, D.G., Brubaker, L.B., Greenwald, D.N., 2013. Postglacial climate and fire-mediated vegetation change on the western Olympic Peninsula, Washington (USA). Ecological Monographs 83, 471–489.","Postglacial climate and fire-mediated vegetation change on the western Olympic Peninsula, Washington (USA)","Ecological Monographs",83,NA,"471-489",NA,"10.1890/12-1742.1",NA,NA,NA,NA,NA,NA,NA,NA,NA,NA,NA,NA,NA,"RPDv1b:2067",1112,"Brubaker, L.B.",1,"Brubaker","L.B.",NA,NA,NA,NA,NA,NA,NA,NA,NA,"RPDv1b:2067",1112,"RPDv1b",2067,17623,294,2.94,"m",0.02,"AMS","terrestrial plant macrofossil",8175,110,NA,NA,"AA-20316",TRUE,NA,"NA Date is in uncalibrated radiocarbon years.","Yahoo Lake core_SIEVED","counted","150-500",NA,NA,"",8175,8065,8285,8175,294,0.02,"NA Date is in uncalibrated radiocarbon years.",". Cal curve: NA. Source DB: RPDv1b","Lacustrine","Carbon-14","Radiocarbon",-43,14615.48,"Calibrated radiocarbon years BP","sedimentary charcoal","Data Sourcing: RPDv1b","Sample Age Source: GCDv4"
"1112",252,"charcoal | 150-500um num",266,266.5,267,1,8424.15,NA,NA,"GCDv4","Charcoal (sum)","150-500 µm",150,500,"False","False","number","Macroscopic charcoal (sieved)","direct",NA,"CHAR",40,NA,NA,"quant_raw",5,"volume","ml","RPDv1b","2067","charcoal","count","macrochar","wet_sieve","particle","150-500um num",NA,"150-500um","num","RPDv1b","measured",1,"RPDv1b","ELEMENT=150-500 µm","Yahoo Lake core",47.683333,-124.016667,710,"north","USA",NA,"sedlac",1112,1,2013,"Gavin, D.G., Brubaker, L.B., Greenwald, D.N., 2013. Postglacial climate and fire-mediated vegetation change on the western Olympic Peninsula, Washington (USA). Ecological Monographs 83, 471–489.","Postglacial climate and fire-mediated vegetation change on the western Olympic Peninsula, Washington (USA)","Ecological Monographs",83,NA,"471-489",NA,"10.1890/12-1742.1",NA,NA,NA,NA,NA,NA,NA,NA,NA,NA,NA,NA,NA,"RPDv1b:2067",1112,"Brubaker, L.B.",1,"Brubaker","L.B.",NA,NA,NA,NA,NA,NA,NA,NA,NA,"RPDv1b:2067",1112,"RPDv1b",2067,17623,294,2.94,"m",0.02,"AMS","terrestrial plant macrofossil",8175,110,NA,NA,"AA-20316",TRUE,NA,"NA Date is in uncalibrated radiocarbon years.","Yahoo Lake core_SIEVED","counted","150-500",NA,NA,"",8175,8065,8285,8175,294,0.02,"NA Date is in uncalibrated radiocarbon years.",". Cal curve: NA. Source DB: RPDv1b","Lacustrine","Carbon-14","Radiocarbon",-43,14615.48,"Calibrated radiocarbon years BP","sedimentary charcoal","Data Sourcing: RPDv1b","Sample Age Source: GCDv4"
"1112",253,"charcoal | 150-500um num",267,267.5,268,1,8446.15,NA,NA,"GCDv4","Charcoal (sum)","150-500 µm",150,500,"False","False","number","Macroscopic charcoal (sieved)","direct",NA,"CHAR",37,NA,NA,"quant_raw",5,"volume","ml","RPDv1b","2067","charcoal","count","macrochar","wet_sieve","particle","150-500um num",NA,"150-500um","num","RPDv1b","measured",1,"RPDv1b","ELEMENT=150-500 µm","Yahoo Lake core",47.683333,-124.016667,710,"north","USA",NA,"sedlac",1112,1,2013,"Gavin, D.G., Brubaker, L.B., Greenwald, D.N., 2013. Postglacial climate and fire-mediated vegetation change on the western Olympic Peninsula, Washington (USA). Ecological Monographs 83, 471–489.","Postglacial climate and fire-mediated vegetation change on the western Olympic Peninsula, Washington (USA)","Ecological Monographs",83,NA,"471-489",NA,"10.1890/12-1742.1",NA,NA,NA,NA,NA,NA,NA,NA,NA,NA,NA,NA,NA,"RPDv1b:2067",1112,"Brubaker, L.B.",1,"Brubaker","L.B.",NA,NA,NA,NA,NA,NA,NA,NA,NA,"RPDv1b:2067",1112,"RPDv1b",2067,17623,294,2.94,"m",0.02,"AMS","terrestrial plant macrofossil",8175,110,NA,NA,"AA-20316",TRUE,NA,"NA Date is in uncalibrated radiocarbon years.","Yahoo Lake core_SIEVED","counted","150-500",NA,NA,"",8175,8065,8285,8175,294,0.02,"NA Date is in uncalibrated radiocarbon years.",". Cal curve: NA. Source DB: RPDv1b","Lacustrine","Carbon-14","Radiocarbon",-43,14615.48,"Calibrated radiocarbon years BP","sedimentary charcoal","Data Sourcing: RPDv1b","Sample Age Source: GCDv4"
"1112",254,"charcoal | 150-500um num",268,268.5,269,1,8468.23,NA,NA,"GCDv4","Charcoal (sum)","150-500 µm",150,500,"False","False","number","Macroscopic charcoal (sieved)","direct",NA,"CHAR",48,NA,NA,"quant_raw",5,"volume","ml","RPDv1b","2067","charcoal","count","macrochar","wet_sieve","particle","150-500um num",NA,"150-500um","num","RPDv1b","measured",1,"RPDv1b","ELEMENT=150-500 µm","Yahoo Lake core",47.683333,-124.016667,710,"north","USA",NA,"sedlac",1112,1,2013,"Gavin, D.G., Brubaker, L.B., Greenwald, D.N., 2013. Postglacial climate and fire-mediated vegetation change on the western Olympic Peninsula, Washington (USA). Ecological Monographs 83, 471–489.","Postglacial climate and fire-mediated vegetation change on the western Olympic Peninsula, Washington (USA)","Ecological Monographs",83,NA,"471-489",NA,"10.1890/12-1742.1",NA,NA,NA,NA,NA,NA,NA,NA,NA,NA,NA,NA,NA,"RPDv1b:2067",1112,"Brubaker, L.B.",1,"Brubaker","L.B.",NA,NA,NA,NA,NA,NA,NA,NA,NA,"RPDv1b:2067",1112,"RPDv1b",2067,17623,294,2.94,"m",0.02,"AMS","terrestrial plant macrofossil",8175,110,NA,NA,"AA-20316",TRUE,NA,"NA Date is in uncalibrated radiocarbon years.","Yahoo Lake core_SIEVED","counted","150-500",NA,NA,"",8175,8065,8285,8175,294,0.02,"NA Date is in uncalibrated radiocarbon years.",". Cal curve: NA. Source DB: RPDv1b","Lacustrine","Carbon-14","Radiocarbon",-43,14615.48,"Calibrated radiocarbon years BP","sedimentary charcoal","Data Sourcing: RPDv1b","Sample Age Source: GCDv4"
"1112",255,"charcoal | 150-500um num",269,269.5,270,1,8490.41,NA,NA,"GCDv4","Charcoal (sum)","150-500 µm",150,500,"False","False","number","Macroscopic charcoal (sieved)","direct",NA,"CHAR",39,NA,NA,"quant_raw",5,"volume","ml","RPDv1b","2067","charcoal","count","macrochar","wet_sieve","particle","150-500um num",NA,"150-500um","num","RPDv1b","measured",1,"RPDv1b","ELEMENT=150-500 µm","Yahoo Lake core",47.683333,-124.016667,710,"north","USA",NA,"sedlac",1112,1,2013,"Gavin, D.G., Brubaker, L.B., Greenwald, D.N., 2013. Postglacial climate and fire-mediated vegetation change on the western Olympic Peninsula, Washington (USA). Ecological Monographs 83, 471–489.","Postglacial climate and fire-mediated vegetation change on the western Olympic Peninsula, Washington (USA)","Ecological Monographs",83,NA,"471-489",NA,"10.1890/12-1742.1",NA,NA,NA,NA,NA,NA,NA,NA,NA,NA,NA,NA,NA,"RPDv1b:2067",1112,"Brubaker, L.B.",1,"Brubaker","L.B.",NA,NA,NA,NA,NA,NA,NA,NA,NA,"RPDv1b:2067",1112,"RPDv1b",2067,17623,294,2.94,"m",0.02,"AMS","terrestrial plant macrofossil",8175,110,NA,NA,"AA-20316",TRUE,NA,"NA Date is in uncalibrated radiocarbon years.","Yahoo Lake core_SIEVED","counted","150-500",NA,NA,"",8175,8065,8285,8175,294,0.02,"NA Date is in uncalibrated radiocarbon years.",". Cal curve: NA. Source DB: RPDv1b","Lacustrine","Carbon-14","Radiocarbon",-43,14615.48,"Calibrated radiocarbon years BP","sedimentary charcoal","Data Sourcing: RPDv1b","Sample Age Source: GCDv4"
"1112",256,"charcoal | 150-500um num",270,270.5,271,1,8512.7,NA,NA,"GCDv4","Charcoal (sum)","150-500 µm",150,500,"False","False","number","Macroscopic charcoal (sieved)","direct",NA,"CHAR",34,NA,NA,"quant_raw",5,"volume","ml","RPDv1b","2067","charcoal","count","macrochar","wet_sieve","particle","150-500um num",NA,"150-500um","num","RPDv1b","measured",1,"RPDv1b","ELEMENT=150-500 µm","Yahoo Lake core",47.683333,-124.016667,710,"north","USA",NA,"sedlac",1112,1,2013,"Gavin, D.G., Brubaker, L.B., Greenwald, D.N., 2013. Postglacial climate and fire-mediated vegetation change on the western Olympic Peninsula, Washington (USA). Ecological Monographs 83, 471–489.","Postglacial climate and fire-mediated vegetation change on the western Olympic Peninsula, Washington (USA)","Ecological Monographs",83,NA,"471-489",NA,"10.1890/12-1742.1",NA,NA,NA,NA,NA,NA,NA,NA,NA,NA,NA,NA,NA,"RPDv1b:2067",1112,"Brubaker, L.B.",1,"Brubaker","L.B.",NA,NA,NA,NA,NA,NA,NA,NA,NA,"RPDv1b:2067",1112,"RPDv1b",2067,17623,294,2.94,"m",0.02,"AMS","terrestrial plant macrofossil",8175,110,NA,NA,"AA-20316",TRUE,NA,"NA Date is in uncalibrated radiocarbon years.","Yahoo Lake core_SIEVED","counted","150-500",NA,NA,"",8175,8065,8285,8175,294,0.02,"NA Date is in uncalibrated radiocarbon years.",". Cal curve: NA. Source DB: RPDv1b","Lacustrine","Carbon-14","Radiocarbon",-43,14615.48,"Calibrated radiocarbon years BP","sedimentary charcoal","Data Sourcing: RPDv1b","Sample Age Source: GCDv4"
"1112",257,"charcoal | 150-500um num",271,271.5,272,1,8535.12,NA,NA,"GCDv4","Charcoal (sum)","150-500 µm",150,500,"False","False","number","Macroscopic charcoal (sieved)","direct",NA,"CHAR",67,NA,NA,"quant_raw",5,"volume","ml","RPDv1b","2067","charcoal","count","macrochar","wet_sieve","particle","150-500um num",NA,"150-500um","num","RPDv1b","measured",1,"RPDv1b","ELEMENT=150-500 µm","Yahoo Lake core",47.683333,-124.016667,710,"north","USA",NA,"sedlac",1112,1,2013,"Gavin, D.G., Brubaker, L.B., Greenwald, D.N., 2013. Postglacial climate and fire-mediated vegetation change on the western Olympic Peninsula, Washington (USA). Ecological Monographs 83, 471–489.","Postglacial climate and fire-mediated vegetation change on the western Olympic Peninsula, Washington (USA)","Ecological Monographs",83,NA,"471-489",NA,"10.1890/12-1742.1",NA,NA,NA,NA,NA,NA,NA,NA,NA,NA,NA,NA,NA,"RPDv1b:2067",1112,"Brubaker, L.B.",1,"Brubaker","L.B.",NA,NA,NA,NA,NA,NA,NA,NA,NA,"RPDv1b:2067",1112,"RPDv1b",2067,17623,294,2.94,"m",0.02,"AMS","terrestrial plant macrofossil",8175,110,NA,NA,"AA-20316",TRUE,NA,"NA Date is in uncalibrated radiocarbon years.","Yahoo Lake core_SIEVED","counted","150-500",NA,NA,"",8175,8065,8285,8175,294,0.02,"NA Date is in uncalibrated radiocarbon years.",". Cal curve: NA. Source DB: RPDv1b","Lacustrine","Carbon-14","Radiocarbon",-43,14615.48,"Calibrated radiocarbon years BP","sedimentary charcoal","Data Sourcing: RPDv1b","Sample Age Source: GCDv4"
"1112",258,"charcoal | 150-500um num",272,272.5,273,1,8557.67,NA,NA,"GCDv4","Charcoal (sum)","150-500 µm",150,500,"False","False","number","Macroscopic charcoal (sieved)","direct",NA,"CHAR",87,NA,NA,"quant_raw",5,"volume","ml","RPDv1b","2067","charcoal","count","macrochar","wet_sieve","particle","150-500um num",NA,"150-500um","num","RPDv1b","measured",1,"RPDv1b","ELEMENT=150-500 µm","Yahoo Lake core",47.683333,-124.016667,710,"north","USA",NA,"sedlac",1112,1,2013,"Gavin, D.G., Brubaker, L.B., Greenwald, D.N., 2013. Postglacial climate and fire-mediated vegetation change on the western Olympic Peninsula, Washington (USA). Ecological Monographs 83, 471–489.","Postglacial climate and fire-mediated vegetation change on the western Olympic Peninsula, Washington (USA)","Ecological Monographs",83,NA,"471-489",NA,"10.1890/12-1742.1",NA,NA,NA,NA,NA,NA,NA,NA,NA,NA,NA,NA,NA,"RPDv1b:2067",1112,"Brubaker, L.B.",1,"Brubaker","L.B.",NA,NA,NA,NA,NA,NA,NA,NA,NA,"RPDv1b:2067",1112,"RPDv1b",2067,17623,294,2.94,"m",0.02,"AMS","terrestrial plant macrofossil",8175,110,NA,NA,"AA-20316",TRUE,NA,"NA Date is in uncalibrated radiocarbon years.","Yahoo Lake core_SIEVED","counted","150-500",NA,NA,"",8175,8065,8285,8175,294,0.02,"NA Date is in uncalibrated radiocarbon years.",". Cal curve: NA. Source DB: RPDv1b","Lacustrine","Carbon-14","Radiocarbon",-43,14615.48,"Calibrated radiocarbon years BP","sedimentary charcoal","Data Sourcing: RPDv1b","Sample Age Source: GCDv4"
"1112",259,"charcoal | 150-500um num",273,273.5,274,1,8580.37,NA,NA,"GCDv4","Charcoal (sum)","150-500 µm",150,500,"False","False","number","Macroscopic charcoal (sieved)","direct",NA,"CHAR",84,NA,NA,"quant_raw",5,"volume","ml","RPDv1b","2067","charcoal","count","macrochar","wet_sieve","particle","150-500um num",NA,"150-500um","num","RPDv1b","measured",1,"RPDv1b","ELEMENT=150-500 µm","Yahoo Lake core",47.683333,-124.016667,710,"north","USA",NA,"sedlac",1112,1,2013,"Gavin, D.G., Brubaker, L.B., Greenwald, D.N., 2013. Postglacial climate and fire-mediated vegetation change on the western Olympic Peninsula, Washington (USA). Ecological Monographs 83, 471–489.","Postglacial climate and fire-mediated vegetation change on the western Olympic Peninsula, Washington (USA)","Ecological Monographs",83,NA,"471-489",NA,"10.1890/12-1742.1",NA,NA,NA,NA,NA,NA,NA,NA,NA,NA,NA,NA,NA,"RPDv1b:2067",1112,"Brubaker, L.B.",1,"Brubaker","L.B.",NA,NA,NA,NA,NA,NA,NA,NA,NA,"RPDv1b:2067",1112,"RPDv1b",2067,17623,294,2.94,"m",0.02,"AMS","terrestrial plant macrofossil",8175,110,NA,NA,"AA-20316",TRUE,NA,"NA Date is in uncalibrated radiocarbon years.","Yahoo Lake core_SIEVED","counted","150-500",NA,NA,"",8175,8065,8285,8175,294,0.02,"NA Date is in uncalibrated radiocarbon years.",". Cal curve: NA. Source DB: RPDv1b","Lacustrine","Carbon-14","Radiocarbon",-43,14615.48,"Calibrated radiocarbon years BP","sedimentary charcoal","Data Sourcing: RPDv1b","Sample Age Source: GCDv4"
"1112",260,"charcoal | 150-500um num",274,274.5,275,1,8603.23,NA,NA,"GCDv4","Charcoal (sum)","150-500 µm",150,500,"False","False","number","Macroscopic charcoal (sieved)","direct",NA,"CHAR",40,NA,NA,"quant_raw",4.9,"volume","ml","RPDv1b","2067","charcoal","count","macrochar","wet_sieve","particle","150-500um num",NA,"150-500um","num","RPDv1b","measured",1,"RPDv1b","ELEMENT=150-500 µm","Yahoo Lake core",47.683333,-124.016667,710,"north","USA",NA,"sedlac",1112,1,2013,"Gavin, D.G., Brubaker, L.B., Greenwald, D.N., 2013. Postglacial climate and fire-mediated vegetation change on the western Olympic Peninsula, Washington (USA). Ecological Monographs 83, 471–489.","Postglacial climate and fire-mediated vegetation change on the western Olympic Peninsula, Washington (USA)","Ecological Monographs",83,NA,"471-489",NA,"10.1890/12-1742.1",NA,NA,NA,NA,NA,NA,NA,NA,NA,NA,NA,NA,NA,"RPDv1b:2067",1112,"Brubaker, L.B.",1,"Brubaker","L.B.",NA,NA,NA,NA,NA,NA,NA,NA,NA,"RPDv1b:2067",1112,"RPDv1b",2067,17623,294,2.94,"m",0.02,"AMS","terrestrial plant macrofossil",8175,110,NA,NA,"AA-20316",TRUE,NA,"NA Date is in uncalibrated radiocarbon years.","Yahoo Lake core_SIEVED","counted","150-500",NA,NA,"",8175,8065,8285,8175,294,0.02,"NA Date is in uncalibrated radiocarbon years.",". Cal curve: NA. Source DB: RPDv1b","Lacustrine","Carbon-14","Radiocarbon",-43,14615.48,"Calibrated radiocarbon years BP","sedimentary charcoal","Data Sourcing: RPDv1b","Sample Age Source: GCDv4"
"1112",261,"charcoal | 150-500um num",275,275.5,276,1,8626.26,NA,NA,"GCDv4","Charcoal (sum)","150-500 µm",150,500,"False","False","number","Macroscopic charcoal (sieved)","direct",NA,"CHAR",71,NA,NA,"quant_raw",5,"volume","ml","RPDv1b","2067","charcoal","count","macrochar","wet_sieve","particle","150-500um num",NA,"150-500um","num","RPDv1b","measured",1,"RPDv1b","ELEMENT=150-500 µm","Yahoo Lake core",47.683333,-124.016667,710,"north","USA",NA,"sedlac",1112,1,2013,"Gavin, D.G., Brubaker, L.B., Greenwald, D.N., 2013. Postglacial climate and fire-mediated vegetation change on the western Olympic Peninsula, Washington (USA). Ecological Monographs 83, 471–489.","Postglacial climate and fire-mediated vegetation change on the western Olympic Peninsula, Washington (USA)","Ecological Monographs",83,NA,"471-489",NA,"10.1890/12-1742.1",NA,NA,NA,NA,NA,NA,NA,NA,NA,NA,NA,NA,NA,"RPDv1b:2067",1112,"Brubaker, L.B.",1,"Brubaker","L.B.",NA,NA,NA,NA,NA,NA,NA,NA,NA,"RPDv1b:2067",1112,"RPDv1b",2067,17623,294,2.94,"m",0.02,"AMS","terrestrial plant macrofossil",8175,110,NA,NA,"AA-20316",TRUE,NA,"NA Date is in uncalibrated radiocarbon years.","Yahoo Lake core_SIEVED","counted","150-500",NA,NA,"",8175,8065,8285,8175,294,0.02,"NA Date is in uncalibrated radiocarbon years.",". Cal curve: NA. Source DB: RPDv1b","Lacustrine","Carbon-14","Radiocarbon",-43,14615.48,"Calibrated radiocarbon years BP","sedimentary charcoal","Data Sourcing: RPDv1b","Sample Age Source: GCDv4"
"1112",262,"charcoal | 150-500um num",276,276.5,277,1,8649.48,NA,NA,"GCDv4","Charcoal (sum)","150-500 µm",150,500,"False","False","number","Macroscopic charcoal (sieved)","direct",NA,"CHAR",85,NA,NA,"quant_raw",5,"volume","ml","RPDv1b","2067","charcoal","count","macrochar","wet_sieve","particle","150-500um num",NA,"150-500um","num","RPDv1b","measured",1,"RPDv1b","ELEMENT=150-500 µm","Yahoo Lake core",47.683333,-124.016667,710,"north","USA",NA,"sedlac",1112,1,2013,"Gavin, D.G., Brubaker, L.B., Greenwald, D.N., 2013. Postglacial climate and fire-mediated vegetation change on the western Olympic Peninsula, Washington (USA). Ecological Monographs 83, 471–489.","Postglacial climate and fire-mediated vegetation change on the western Olympic Peninsula, Washington (USA)","Ecological Monographs",83,NA,"471-489",NA,"10.1890/12-1742.1",NA,NA,NA,NA,NA,NA,NA,NA,NA,NA,NA,NA,NA,"RPDv1b:2067",1112,"Brubaker, L.B.",1,"Brubaker","L.B.",NA,NA,NA,NA,NA,NA,NA,NA,NA,"RPDv1b:2067",1112,"RPDv1b",2067,17623,294,2.94,"m",0.02,"AMS","terrestrial plant macrofossil",8175,110,NA,NA,"AA-20316",TRUE,NA,"NA Date is in uncalibrated radiocarbon years.","Yahoo Lake core_SIEVED","counted","150-500",NA,NA,"",8175,8065,8285,8175,294,0.02,"NA Date is in uncalibrated radiocarbon years.",". Cal curve: NA. Source DB: RPDv1b","Lacustrine","Carbon-14","Radiocarbon",-43,14615.48,"Calibrated radiocarbon years BP","sedimentary charcoal","Data Sourcing: RPDv1b","Sample Age Source: GCDv4"
"1112",263,"charcoal | 150-500um num",277,277.5,278,1,8672.89,NA,NA,"GCDv4","Charcoal (sum)","150-500 µm",150,500,"False","False","number","Macroscopic charcoal (sieved)","direct",NA,"CHAR",52,NA,NA,"quant_raw",5,"volume","ml","RPDv1b","2067","charcoal","count","macrochar","wet_sieve","particle","150-500um num",NA,"150-500um","num","RPDv1b","measured",1,"RPDv1b","ELEMENT=150-500 µm","Yahoo Lake core",47.683333,-124.016667,710,"north","USA",NA,"sedlac",1112,1,2013,"Gavin, D.G., Brubaker, L.B., Greenwald, D.N., 2013. Postglacial climate and fire-mediated vegetation change on the western Olympic Peninsula, Washington (USA). Ecological Monographs 83, 471–489.","Postglacial climate and fire-mediated vegetation change on the western Olympic Peninsula, Washington (USA)","Ecological Monographs",83,NA,"471-489",NA,"10.1890/12-1742.1",NA,NA,NA,NA,NA,NA,NA,NA,NA,NA,NA,NA,NA,"RPDv1b:2067",1112,"Brubaker, L.B.",1,"Brubaker","L.B.",NA,NA,NA,NA,NA,NA,NA,NA,NA,"RPDv1b:2067",1112,"RPDv1b",2067,17623,294,2.94,"m",0.02,"AMS","terrestrial plant macrofossil",8175,110,NA,NA,"AA-20316",TRUE,NA,"NA Date is in uncalibrated radiocarbon years.","Yahoo Lake core_SIEVED","counted","150-500",NA,NA,"",8175,8065,8285,8175,294,0.02,"NA Date is in uncalibrated radiocarbon years.",". Cal curve: NA. Source DB: RPDv1b","Lacustrine","Carbon-14","Radiocarbon",-43,14615.48,"Calibrated radiocarbon years BP","sedimentary charcoal","Data Sourcing: RPDv1b","Sample Age Source: GCDv4"
"1112",264,"charcoal | 150-500um num",278,278.5,279,1,8696.51,NA,NA,"GCDv4","Charcoal (sum)","150-500 µm",150,500,"False","False","number","Macroscopic charcoal (sieved)","direct",NA,"CHAR",78,NA,NA,"quant_raw",5,"volume","ml","RPDv1b","2067","charcoal","count","macrochar","wet_sieve","particle","150-500um num",NA,"150-500um","num","RPDv1b","measured",1,"RPDv1b","ELEMENT=150-500 µm","Yahoo Lake core",47.683333,-124.016667,710,"north","USA",NA,"sedlac",1112,1,2013,"Gavin, D.G., Brubaker, L.B., Greenwald, D.N., 2013. Postglacial climate and fire-mediated vegetation change on the western Olympic Peninsula, Washington (USA). Ecological Monographs 83, 471–489.","Postglacial climate and fire-mediated vegetation change on the western Olympic Peninsula, Washington (USA)","Ecological Monographs",83,NA,"471-489",NA,"10.1890/12-1742.1",NA,NA,NA,NA,NA,NA,NA,NA,NA,NA,NA,NA,NA,"RPDv1b:2067",1112,"Brubaker, L.B.",1,"Brubaker","L.B.",NA,NA,NA,NA,NA,NA,NA,NA,NA,"RPDv1b:2067",1112,"RPDv1b",2067,17623,294,2.94,"m",0.02,"AMS","terrestrial plant macrofossil",8175,110,NA,NA,"AA-20316",TRUE,NA,"NA Date is in uncalibrated radiocarbon years.","Yahoo Lake core_SIEVED","counted","150-500",NA,NA,"",8175,8065,8285,8175,294,0.02,"NA Date is in uncalibrated radiocarbon years.",". Cal curve: NA. Source DB: RPDv1b","Lacustrine","Carbon-14","Radiocarbon",-43,14615.48,"Calibrated radiocarbon years BP","sedimentary charcoal","Data Sourcing: RPDv1b","Sample Age Source: GCDv4"
"1112",265,"charcoal | 150-500um num",279,279.5,280,1,8720.36,NA,NA,"GCDv4","Charcoal (sum)","150-500 µm",150,500,"False","False","number","Macroscopic charcoal (sieved)","direct",NA,"CHAR",109,NA,NA,"quant_raw",5,"volume","ml","RPDv1b","2067","charcoal","count","macrochar","wet_sieve","particle","150-500um num",NA,"150-500um","num","RPDv1b","measured",1,"RPDv1b","ELEMENT=150-500 µm","Yahoo Lake core",47.683333,-124.016667,710,"north","USA",NA,"sedlac",1112,1,2013,"Gavin, D.G., Brubaker, L.B., Greenwald, D.N., 2013. Postglacial climate and fire-mediated vegetation change on the western Olympic Peninsula, Washington (USA). Ecological Monographs 83, 471–489.","Postglacial climate and fire-mediated vegetation change on the western Olympic Peninsula, Washington (USA)","Ecological Monographs",83,NA,"471-489",NA,"10.1890/12-1742.1",NA,NA,NA,NA,NA,NA,NA,NA,NA,NA,NA,NA,NA,"RPDv1b:2067",1112,"Brubaker, L.B.",1,"Brubaker","L.B.",NA,NA,NA,NA,NA,NA,NA,NA,NA,"RPDv1b:2067",1112,"RPDv1b",2067,17623,294,2.94,"m",0.02,"AMS","terrestrial plant macrofossil",8175,110,NA,NA,"AA-20316",TRUE,NA,"NA Date is in uncalibrated radiocarbon years.","Yahoo Lake core_SIEVED","counted","150-500",NA,NA,"",8175,8065,8285,8175,294,0.02,"NA Date is in uncalibrated radiocarbon years.",". Cal curve: NA. Source DB: RPDv1b","Lacustrine","Carbon-14","Radiocarbon",-43,14615.48,"Calibrated radiocarbon years BP","sedimentary charcoal","Data Sourcing: RPDv1b","Sample Age Source: GCDv4"
"1112",266,"charcoal | 150-500um num",280,280.5,281,1,8744.43,NA,NA,"GCDv4","Charcoal (sum)","150-500 µm",150,500,"False","False","number","Macroscopic charcoal (sieved)","direct",NA,"CHAR",211,NA,NA,"quant_raw",5,"volume","ml","RPDv1b","2067","charcoal","count","macrochar","wet_sieve","particle","150-500um num",NA,"150-500um","num","RPDv1b","measured",1,"RPDv1b","ELEMENT=150-500 µm","Yahoo Lake core",47.683333,-124.016667,710,"north","USA",NA,"sedlac",1112,1,2013,"Gavin, D.G., Brubaker, L.B., Greenwald, D.N., 2013. Postglacial climate and fire-mediated vegetation change on the western Olympic Peninsula, Washington (USA). Ecological Monographs 83, 471–489.","Postglacial climate and fire-mediated vegetation change on the western Olympic Peninsula, Washington (USA)","Ecological Monographs",83,NA,"471-489",NA,"10.1890/12-1742.1",NA,NA,NA,NA,NA,NA,NA,NA,NA,NA,NA,NA,NA,"RPDv1b:2067",1112,"Brubaker, L.B.",1,"Brubaker","L.B.",NA,NA,NA,NA,NA,NA,NA,NA,NA,"RPDv1b:2067",1112,"RPDv1b",2067,17623,294,2.94,"m",0.02,"AMS","terrestrial plant macrofossil",8175,110,NA,NA,"AA-20316",TRUE,NA,"NA Date is in uncalibrated radiocarbon years.","Yahoo Lake core_SIEVED","counted","150-500",NA,NA,"",8175,8065,8285,8175,294,0.02,"NA Date is in uncalibrated radiocarbon years.",". Cal curve: NA. Source DB: RPDv1b","Lacustrine","Carbon-14","Radiocarbon",-43,14615.48,"Calibrated radiocarbon years BP","sedimentary charcoal","Data Sourcing: RPDv1b","Sample Age Source: GCDv4"
"1112",267,"charcoal | 150-500um num",281,281.5,282,1,8768.76,NA,NA,"GCDv4","Charcoal (sum)","150-500 µm",150,500,"False","False","number","Macroscopic charcoal (sieved)","direct",NA,"CHAR",117,NA,NA,"quant_raw",5,"volume","ml","RPDv1b","2067","charcoal","count","macrochar","wet_sieve","particle","150-500um num",NA,"150-500um","num","RPDv1b","measured",1,"RPDv1b","ELEMENT=150-500 µm","Yahoo Lake core",47.683333,-124.016667,710,"north","USA",NA,"sedlac",1112,1,2013,"Gavin, D.G., Brubaker, L.B., Greenwald, D.N., 2013. Postglacial climate and fire-mediated vegetation change on the western Olympic Peninsula, Washington (USA). Ecological Monographs 83, 471–489.","Postglacial climate and fire-mediated vegetation change on the western Olympic Peninsula, Washington (USA)","Ecological Monographs",83,NA,"471-489",NA,"10.1890/12-1742.1",NA,NA,NA,NA,NA,NA,NA,NA,NA,NA,NA,NA,NA,"RPDv1b:2067",1112,"Brubaker, L.B.",1,"Brubaker","L.B.",NA,NA,NA,NA,NA,NA,NA,NA,NA,"RPDv1b:2067",1112,"RPDv1b",2067,17623,294,2.94,"m",0.02,"AMS","terrestrial plant macrofossil",8175,110,NA,NA,"AA-20316",TRUE,NA,"NA Date is in uncalibrated radiocarbon years.","Yahoo Lake core_SIEVED","counted","150-500",NA,NA,"",8175,8065,8285,8175,294,0.02,"NA Date is in uncalibrated radiocarbon years.",". Cal curve: NA. Source DB: RPDv1b","Lacustrine","Carbon-14","Radiocarbon",-43,14615.48,"Calibrated radiocarbon years BP","sedimentary charcoal","Data Sourcing: RPDv1b","Sample Age Source: GCDv4"
"1112",268,"charcoal | 150-500um num",282,282.5,283,1,8793.34,NA,NA,"GCDv4","Charcoal (sum)","150-500 µm",150,500,"False","False","number","Macroscopic charcoal (sieved)","direct",NA,"CHAR",92,NA,NA,"quant_raw",5,"volume","ml","RPDv1b","2067","charcoal","count","macrochar","wet_sieve","particle","150-500um num",NA,"150-500um","num","RPDv1b","measured",1,"RPDv1b","ELEMENT=150-500 µm","Yahoo Lake core",47.683333,-124.016667,710,"north","USA",NA,"sedlac",1112,1,2013,"Gavin, D.G., Brubaker, L.B., Greenwald, D.N., 2013. Postglacial climate and fire-mediated vegetation change on the western Olympic Peninsula, Washington (USA). Ecological Monographs 83, 471–489.","Postglacial climate and fire-mediated vegetation change on the western Olympic Peninsula, Washington (USA)","Ecological Monographs",83,NA,"471-489",NA,"10.1890/12-1742.1",NA,NA,NA,NA,NA,NA,NA,NA,NA,NA,NA,NA,NA,"RPDv1b:2067",1112,"Brubaker, L.B.",1,"Brubaker","L.B.",NA,NA,NA,NA,NA,NA,NA,NA,NA,"RPDv1b:2067",1112,"RPDv1b",2067,17623,294,2.94,"m",0.02,"AMS","terrestrial plant macrofossil",8175,110,NA,NA,"AA-20316",TRUE,NA,"NA Date is in uncalibrated radiocarbon years.","Yahoo Lake core_SIEVED","counted","150-500",NA,NA,"",8175,8065,8285,8175,294,0.02,"NA Date is in uncalibrated radiocarbon years.",". Cal curve: NA. Source DB: RPDv1b","Lacustrine","Carbon-14","Radiocarbon",-43,14615.48,"Calibrated radiocarbon years BP","sedimentary charcoal","Data Sourcing: RPDv1b","Sample Age Source: GCDv4"
"1112",269,"charcoal | 150-500um num",283,283.5,284,1,8818.19,NA,NA,"GCDv4","Charcoal (sum)","150-500 µm",150,500,"False","False","number","Macroscopic charcoal (sieved)","direct",NA,"CHAR",102,NA,NA,"quant_raw",5,"volume","ml","RPDv1b","2067","charcoal","count","macrochar","wet_sieve","particle","150-500um num",NA,"150-500um","num","RPDv1b","measured",1,"RPDv1b","ELEMENT=150-500 µm","Yahoo Lake core",47.683333,-124.016667,710,"north","USA",NA,"sedlac",1112,1,2013,"Gavin, D.G., Brubaker, L.B., Greenwald, D.N., 2013. Postglacial climate and fire-mediated vegetation change on the western Olympic Peninsula, Washington (USA). Ecological Monographs 83, 471–489.","Postglacial climate and fire-mediated vegetation change on the western Olympic Peninsula, Washington (USA)","Ecological Monographs",83,NA,"471-489",NA,"10.1890/12-1742.1",NA,NA,NA,NA,NA,NA,NA,NA,NA,NA,NA,NA,NA,"RPDv1b:2067",1112,"Brubaker, L.B.",1,"Brubaker","L.B.",NA,NA,NA,NA,NA,NA,NA,NA,NA,"RPDv1b:2067",1112,"RPDv1b",2067,17623,294,2.94,"m",0.02,"AMS","terrestrial plant macrofossil",8175,110,NA,NA,"AA-20316",TRUE,NA,"NA Date is in uncalibrated radiocarbon years.","Yahoo Lake core_SIEVED","counted","150-500",NA,NA,"",8175,8065,8285,8175,294,0.02,"NA Date is in uncalibrated radiocarbon years.",". Cal curve: NA. Source DB: RPDv1b","Lacustrine","Carbon-14","Radiocarbon",-43,14615.48,"Calibrated radiocarbon years BP","sedimentary charcoal","Data Sourcing: RPDv1b","Sample Age Source: GCDv4"
"1112",270,"charcoal | 150-500um num",284,284.5,285,1,8843.33,NA,NA,"GCDv4","Charcoal (sum)","150-500 µm",150,500,"False","False","number","Macroscopic charcoal (sieved)","direct",NA,"CHAR",48,NA,NA,"quant_raw",5,"volume","ml","RPDv1b","2067","charcoal","count","macrochar","wet_sieve","particle","150-500um num",NA,"150-500um","num","RPDv1b","measured",1,"RPDv1b","ELEMENT=150-500 µm","Yahoo Lake core",47.683333,-124.016667,710,"north","USA",NA,"sedlac",1112,1,2013,"Gavin, D.G., Brubaker, L.B., Greenwald, D.N., 2013. Postglacial climate and fire-mediated vegetation change on the western Olympic Peninsula, Washington (USA). Ecological Monographs 83, 471–489.","Postglacial climate and fire-mediated vegetation change on the western Olympic Peninsula, Washington (USA)","Ecological Monographs",83,NA,"471-489",NA,"10.1890/12-1742.1",NA,NA,NA,NA,NA,NA,NA,NA,NA,NA,NA,NA,NA,"RPDv1b:2067",1112,"Brubaker, L.B.",1,"Brubaker","L.B.",NA,NA,NA,NA,NA,NA,NA,NA,NA,"RPDv1b:2067",1112,"RPDv1b",2067,17623,294,2.94,"m",0.02,"AMS","terrestrial plant macrofossil",8175,110,NA,NA,"AA-20316",TRUE,NA,"NA Date is in uncalibrated radiocarbon years.","Yahoo Lake core_SIEVED","counted","150-500",NA,NA,"",8175,8065,8285,8175,294,0.02,"NA Date is in uncalibrated radiocarbon years.",". Cal curve: NA. Source DB: RPDv1b","Lacustrine","Carbon-14","Radiocarbon",-43,14615.48,"Calibrated radiocarbon years BP","sedimentary charcoal","Data Sourcing: RPDv1b","Sample Age Source: GCDv4"
"1112",271,"charcoal | 150-500um num",285,285.5,286,1,8868.76,NA,NA,"GCDv4","Charcoal (sum)","150-500 µm",150,500,"False","False","number","Macroscopic charcoal (sieved)","direct",NA,"CHAR",43,NA,NA,"quant_raw",5,"volume","ml","RPDv1b","2067","charcoal","count","macrochar","wet_sieve","particle","150-500um num",NA,"150-500um","num","RPDv1b","measured",1,"RPDv1b","ELEMENT=150-500 µm","Yahoo Lake core",47.683333,-124.016667,710,"north","USA",NA,"sedlac",1112,1,2013,"Gavin, D.G., Brubaker, L.B., Greenwald, D.N., 2013. Postglacial climate and fire-mediated vegetation change on the western Olympic Peninsula, Washington (USA). Ecological Monographs 83, 471–489.","Postglacial climate and fire-mediated vegetation change on the western Olympic Peninsula, Washington (USA)","Ecological Monographs",83,NA,"471-489",NA,"10.1890/12-1742.1",NA,NA,NA,NA,NA,NA,NA,NA,NA,NA,NA,NA,NA,"RPDv1b:2067",1112,"Brubaker, L.B.",1,"Brubaker","L.B.",NA,NA,NA,NA,NA,NA,NA,NA,NA,"RPDv1b:2067",1112,"RPDv1b",2067,17623,294,2.94,"m",0.02,"AMS","terrestrial plant macrofossil",8175,110,NA,NA,"AA-20316",TRUE,NA,"NA Date is in uncalibrated radiocarbon years.","Yahoo Lake core_SIEVED","counted","150-500",NA,NA,"",8175,8065,8285,8175,294,0.02,"NA Date is in uncalibrated radiocarbon years.",". Cal curve: NA. Source DB: RPDv1b","Lacustrine","Carbon-14","Radiocarbon",-43,14615.48,"Calibrated radiocarbon years BP","sedimentary charcoal","Data Sourcing: RPDv1b","Sample Age Source: GCDv4"
"1112",272,"charcoal | 150-500um num",286,286.5,287,1,8894.5,NA,NA,"GCDv4","Charcoal (sum)","150-500 µm",150,500,"False","False","number","Macroscopic charcoal (sieved)","direct",NA,"CHAR",46,NA,NA,"quant_raw",5,"volume","ml","RPDv1b","2067","charcoal","count","macrochar","wet_sieve","particle","150-500um num",NA,"150-500um","num","RPDv1b","measured",1,"RPDv1b","ELEMENT=150-500 µm","Yahoo Lake core",47.683333,-124.016667,710,"north","USA",NA,"sedlac",1112,1,2013,"Gavin, D.G., Brubaker, L.B., Greenwald, D.N., 2013. Postglacial climate and fire-mediated vegetation change on the western Olympic Peninsula, Washington (USA). Ecological Monographs 83, 471–489.","Postglacial climate and fire-mediated vegetation change on the western Olympic Peninsula, Washington (USA)","Ecological Monographs",83,NA,"471-489",NA,"10.1890/12-1742.1",NA,NA,NA,NA,NA,NA,NA,NA,NA,NA,NA,NA,NA,"RPDv1b:2067",1112,"Brubaker, L.B.",1,"Brubaker","L.B.",NA,NA,NA,NA,NA,NA,NA,NA,NA,"RPDv1b:2067",1112,"RPDv1b",2067,17623,294,2.94,"m",0.02,"AMS","terrestrial plant macrofossil",8175,110,NA,NA,"AA-20316",TRUE,NA,"NA Date is in uncalibrated radiocarbon years.","Yahoo Lake core_SIEVED","counted","150-500",NA,NA,"",8175,8065,8285,8175,294,0.02,"NA Date is in uncalibrated radiocarbon years.",". Cal curve: NA. Source DB: RPDv1b","Lacustrine","Carbon-14","Radiocarbon",-43,14615.48,"Calibrated radiocarbon years BP","sedimentary charcoal","Data Sourcing: RPDv1b","Sample Age Source: GCDv4"
"1112",273,"charcoal | 150-500um num",287,287.5,288,1,8920.56,NA,NA,"GCDv4","Charcoal (sum)","150-500 µm",150,500,"False","False","number","Macroscopic charcoal (sieved)","direct",NA,"CHAR",34,NA,NA,"quant_raw",4.9,"volume","ml","RPDv1b","2067","charcoal","count","macrochar","wet_sieve","particle","150-500um num",NA,"150-500um","num","RPDv1b","measured",1,"RPDv1b","ELEMENT=150-500 µm","Yahoo Lake core",47.683333,-124.016667,710,"north","USA",NA,"sedlac",1112,1,2013,"Gavin, D.G., Brubaker, L.B., Greenwald, D.N., 2013. Postglacial climate and fire-mediated vegetation change on the western Olympic Peninsula, Washington (USA). Ecological Monographs 83, 471–489.","Postglacial climate and fire-mediated vegetation change on the western Olympic Peninsula, Washington (USA)","Ecological Monographs",83,NA,"471-489",NA,"10.1890/12-1742.1",NA,NA,NA,NA,NA,NA,NA,NA,NA,NA,NA,NA,NA,"RPDv1b:2067",1112,"Brubaker, L.B.",1,"Brubaker","L.B.",NA,NA,NA,NA,NA,NA,NA,NA,NA,"RPDv1b:2067",1112,"RPDv1b",2067,17623,294,2.94,"m",0.02,"AMS","terrestrial plant macrofossil",8175,110,NA,NA,"AA-20316",TRUE,NA,"NA Date is in uncalibrated radiocarbon years.","Yahoo Lake core_SIEVED","counted","150-500",NA,NA,"",8175,8065,8285,8175,294,0.02,"NA Date is in uncalibrated radiocarbon years.",". Cal curve: NA. Source DB: RPDv1b","Lacustrine","Carbon-14","Radiocarbon",-43,14615.48,"Calibrated radiocarbon years BP","sedimentary charcoal","Data Sourcing: RPDv1b","Sample Age Source: GCDv4"
"1112",274,"charcoal | 150-500um num",288,288.5,289,1,8946.95,NA,NA,"GCDv4","Charcoal (sum)","150-500 µm",150,500,"False","False","number","Macroscopic charcoal (sieved)","direct",NA,"CHAR",29,NA,NA,"quant_raw",5,"volume","ml","RPDv1b","2067","charcoal","count","macrochar","wet_sieve","particle","150-500um num",NA,"150-500um","num","RPDv1b","measured",1,"RPDv1b","ELEMENT=150-500 µm","Yahoo Lake core",47.683333,-124.016667,710,"north","USA",NA,"sedlac",1112,1,2013,"Gavin, D.G., Brubaker, L.B., Greenwald, D.N., 2013. Postglacial climate and fire-mediated vegetation change on the western Olympic Peninsula, Washington (USA). Ecological Monographs 83, 471–489.","Postglacial climate and fire-mediated vegetation change on the western Olympic Peninsula, Washington (USA)","Ecological Monographs",83,NA,"471-489",NA,"10.1890/12-1742.1",NA,NA,NA,NA,NA,NA,NA,NA,NA,NA,NA,NA,NA,"RPDv1b:2067",1112,"Brubaker, L.B.",1,"Brubaker","L.B.",NA,NA,NA,NA,NA,NA,NA,NA,NA,"RPDv1b:2067",1112,"RPDv1b",2067,17623,294,2.94,"m",0.02,"AMS","terrestrial plant macrofossil",8175,110,NA,NA,"AA-20316",TRUE,NA,"NA Date is in uncalibrated radiocarbon years.","Yahoo Lake core_SIEVED","counted","150-500",NA,NA,"",8175,8065,8285,8175,294,0.02,"NA Date is in uncalibrated radiocarbon years.",". Cal curve: NA. Source DB: RPDv1b","Lacustrine","Carbon-14","Radiocarbon",-43,14615.48,"Calibrated radiocarbon years BP","sedimentary charcoal","Data Sourcing: RPDv1b","Sample Age Source: GCDv4"
"1112",275,"charcoal | 150-500um num",289,289.5,290,1,8973.68,NA,NA,"GCDv4","Charcoal (sum)","150-500 µm",150,500,"False","False","number","Macroscopic charcoal (sieved)","direct",NA,"CHAR",27,NA,NA,"quant_raw",5,"volume","ml","RPDv1b","2067","charcoal","count","macrochar","wet_sieve","particle","150-500um num",NA,"150-500um","num","RPDv1b","measured",1,"RPDv1b","ELEMENT=150-500 µm","Yahoo Lake core",47.683333,-124.016667,710,"north","USA",NA,"sedlac",1112,1,2013,"Gavin, D.G., Brubaker, L.B., Greenwald, D.N., 2013. Postglacial climate and fire-mediated vegetation change on the western Olympic Peninsula, Washington (USA). Ecological Monographs 83, 471–489.","Postglacial climate and fire-mediated vegetation change on the western Olympic Peninsula, Washington (USA)","Ecological Monographs",83,NA,"471-489",NA,"10.1890/12-1742.1",NA,NA,NA,NA,NA,NA,NA,NA,NA,NA,NA,NA,NA,"RPDv1b:2067",1112,"Brubaker, L.B.",1,"Brubaker","L.B.",NA,NA,NA,NA,NA,NA,NA,NA,NA,"RPDv1b:2067",1112,"RPDv1b",2067,17623,294,2.94,"m",0.02,"AMS","terrestrial plant macrofossil",8175,110,NA,NA,"AA-20316",TRUE,NA,"NA Date is in uncalibrated radiocarbon years.","Yahoo Lake core_SIEVED","counted","150-500",NA,NA,"",8175,8065,8285,8175,294,0.02,"NA Date is in uncalibrated radiocarbon years.",". Cal curve: NA. Source DB: RPDv1b","Lacustrine","Carbon-14","Radiocarbon",-43,14615.48,"Calibrated radiocarbon years BP","sedimentary charcoal","Data Sourcing: RPDv1b","Sample Age Source: GCDv4"
"1112",276,"charcoal | 150-500um num",290,290.5,291,1,9000.77,NA,NA,"GCDv4","Charcoal (sum)","150-500 µm",150,500,"False","False","number","Macroscopic charcoal (sieved)","direct",NA,"CHAR",11,NA,NA,"quant_raw",5,"volume","ml","RPDv1b","2067","charcoal","count","macrochar","wet_sieve","particle","150-500um num",NA,"150-500um","num","RPDv1b","measured",1,"RPDv1b","ELEMENT=150-500 µm","Yahoo Lake core",47.683333,-124.016667,710,"north","USA",NA,"sedlac",1112,1,2013,"Gavin, D.G., Brubaker, L.B., Greenwald, D.N., 2013. Postglacial climate and fire-mediated vegetation change on the western Olympic Peninsula, Washington (USA). Ecological Monographs 83, 471–489.","Postglacial climate and fire-mediated vegetation change on the western Olympic Peninsula, Washington (USA)","Ecological Monographs",83,NA,"471-489",NA,"10.1890/12-1742.1",NA,NA,NA,NA,NA,NA,NA,NA,NA,NA,NA,NA,NA,"RPDv1b:2067",1112,"Brubaker, L.B.",1,"Brubaker","L.B.",NA,NA,NA,NA,NA,NA,NA,NA,NA,"RPDv1b:2067",1112,"RPDv1b",2067,17623,294,2.94,"m",0.02,"AMS","terrestrial plant macrofossil",8175,110,NA,NA,"AA-20316",TRUE,NA,"NA Date is in uncalibrated radiocarbon years.","Yahoo Lake core_SIEVED","counted","150-500",NA,NA,"",8175,8065,8285,8175,294,0.02,"NA Date is in uncalibrated radiocarbon years.",". Cal curve: NA. Source DB: RPDv1b","Lacustrine","Carbon-14","Radiocarbon",-43,14615.48,"Calibrated radiocarbon years BP","sedimentary charcoal","Data Sourcing: RPDv1b","Sample Age Source: GCDv4"
"1112",277,"charcoal | 150-500um num",291,291.5,292,1,9028.23,NA,NA,"GCDv4","Charcoal (sum)","150-500 µm",150,500,"False","False","number","Macroscopic charcoal (sieved)","direct",NA,"CHAR",35,NA,NA,"quant_raw",5,"volume","ml","RPDv1b","2067","charcoal","count","macrochar","wet_sieve","particle","150-500um num",NA,"150-500um","num","RPDv1b","measured",1,"RPDv1b","ELEMENT=150-500 µm","Yahoo Lake core",47.683333,-124.016667,710,"north","USA",NA,"sedlac",1112,1,2013,"Gavin, D.G., Brubaker, L.B., Greenwald, D.N., 2013. Postglacial climate and fire-mediated vegetation change on the western Olympic Peninsula, Washington (USA). Ecological Monographs 83, 471–489.","Postglacial climate and fire-mediated vegetation change on the western Olympic Peninsula, Washington (USA)","Ecological Monographs",83,NA,"471-489",NA,"10.1890/12-1742.1",NA,NA,NA,NA,NA,NA,NA,NA,NA,NA,NA,NA,NA,"RPDv1b:2067",1112,"Brubaker, L.B.",1,"Brubaker","L.B.",NA,NA,NA,NA,NA,NA,NA,NA,NA,"RPDv1b:2067",1112,"RPDv1b",2067,17623,294,2.94,"m",0.02,"AMS","terrestrial plant macrofossil",8175,110,NA,NA,"AA-20316",TRUE,NA,"NA Date is in uncalibrated radiocarbon years.","Yahoo Lake core_SIEVED","counted","150-500",NA,NA,"",8175,8065,8285,8175,294,0.02,"NA Date is in uncalibrated radiocarbon years.",". Cal curve: NA. Source DB: RPDv1b","Lacustrine","Carbon-14","Radiocarbon",-43,14615.48,"Calibrated radiocarbon years BP","sedimentary charcoal","Data Sourcing: RPDv1b","Sample Age Source: GCDv4"
"1112",278,"charcoal | 150-500um num",292,292.5,293,1,9056.07,NA,NA,"GCDv4","Charcoal (sum)","150-500 µm",150,500,"False","False","number","Macroscopic charcoal (sieved)","direct",NA,"CHAR",63,NA,NA,"quant_raw",5,"volume","ml","RPDv1b","2067","charcoal","count","macrochar","wet_sieve","particle","150-500um num",NA,"150-500um","num","RPDv1b","measured",1,"RPDv1b","ELEMENT=150-500 µm","Yahoo Lake core",47.683333,-124.016667,710,"north","USA",NA,"sedlac",1112,1,2013,"Gavin, D.G., Brubaker, L.B., Greenwald, D.N., 2013. Postglacial climate and fire-mediated vegetation change on the western Olympic Peninsula, Washington (USA). Ecological Monographs 83, 471–489.","Postglacial climate and fire-mediated vegetation change on the western Olympic Peninsula, Washington (USA)","Ecological Monographs",83,NA,"471-489",NA,"10.1890/12-1742.1",NA,NA,NA,NA,NA,NA,NA,NA,NA,NA,NA,NA,NA,"RPDv1b:2067",1112,"Brubaker, L.B.",1,"Brubaker","L.B.",NA,NA,NA,NA,NA,NA,NA,NA,NA,"RPDv1b:2067",1112,"RPDv1b",2067,17623,294,2.94,"m",0.02,"AMS","terrestrial plant macrofossil",8175,110,NA,NA,"AA-20316",TRUE,NA,"NA Date is in uncalibrated radiocarbon years.","Yahoo Lake core_SIEVED","counted","150-500",NA,NA,"",8175,8065,8285,8175,294,0.02,"NA Date is in uncalibrated radiocarbon years.",". Cal curve: NA. Source DB: RPDv1b","Lacustrine","Carbon-14","Radiocarbon",-43,14615.48,"Calibrated radiocarbon years BP","sedimentary charcoal","Data Sourcing: RPDv1b","Sample Age Source: GCDv4"
"1112",279,"charcoal | 150-500um num",293,293.5,294,1,9084.3,NA,NA,"GCDv4","Charcoal (sum)","150-500 µm",150,500,"False","False","number","Macroscopic charcoal (sieved)","direct",NA,"CHAR",14,NA,NA,"quant_raw",2.4,"volume","ml","RPDv1b","2067","charcoal","count","macrochar","wet_sieve","particle","150-500um num",NA,"150-500um","num","RPDv1b","measured",1,"RPDv1b","ELEMENT=150-500 µm","Yahoo Lake core",47.683333,-124.016667,710,"north","USA",NA,"sedlac",1112,1,2013,"Gavin, D.G., Brubaker, L.B., Greenwald, D.N., 2013. Postglacial climate and fire-mediated vegetation change on the western Olympic Peninsula, Washington (USA). Ecological Monographs 83, 471–489.","Postglacial climate and fire-mediated vegetation change on the western Olympic Peninsula, Washington (USA)","Ecological Monographs",83,NA,"471-489",NA,"10.1890/12-1742.1",NA,NA,NA,NA,NA,NA,NA,NA,NA,NA,NA,NA,NA,"RPDv1b:2067",1112,"Brubaker, L.B.",1,"Brubaker","L.B.",NA,NA,NA,NA,NA,NA,NA,NA,NA,"RPDv1b:2067",1112,"RPDv1b",2067,17623,294,2.94,"m",0.02,"AMS","terrestrial plant macrofossil",8175,110,NA,NA,"AA-20316",TRUE,NA,"NA Date is in uncalibrated radiocarbon years.","Yahoo Lake core_SIEVED","counted","150-500",NA,NA,"",8175,8065,8285,8175,294,0.02,"NA Date is in uncalibrated radiocarbon years.",". Cal curve: NA. Source DB: RPDv1b","Lacustrine","Carbon-14","Radiocarbon",-43,14615.48,"Calibrated radiocarbon years BP","sedimentary charcoal","Data Sourcing: RPDv1b","Sample Age Source: GCDv4"
"1112",280,"charcoal | 150-500um num",294,294.5,295,1,9112.94,NA,NA,"GCDv4","Charcoal (sum)","150-500 µm",150,500,"False","False","number","Macroscopic charcoal (sieved)","direct",NA,"CHAR",53,NA,NA,"quant_raw",3.6,"volume","ml","RPDv1b","2067","charcoal","count","macrochar","wet_sieve","particle","150-500um num",NA,"150-500um","num","RPDv1b","measured",1,"RPDv1b","ELEMENT=150-500 µm","Yahoo Lake core",47.683333,-124.016667,710,"north","USA",NA,"sedlac",1112,1,2013,"Gavin, D.G., Brubaker, L.B., Greenwald, D.N., 2013. Postglacial climate and fire-mediated vegetation change on the western Olympic Peninsula, Washington (USA). Ecological Monographs 83, 471–489.","Postglacial climate and fire-mediated vegetation change on the western Olympic Peninsula, Washington (USA)","Ecological Monographs",83,NA,"471-489",NA,"10.1890/12-1742.1",NA,NA,NA,NA,NA,NA,NA,NA,NA,NA,NA,NA,NA,"RPDv1b:2067",1112,"Brubaker, L.B.",1,"Brubaker","L.B.",NA,NA,NA,NA,NA,NA,NA,NA,NA,"RPDv1b:2067",1112,"RPDv1b",2067,17623,294,2.94,"m",0.02,"AMS","terrestrial plant macrofossil",8175,110,NA,NA,"AA-20316",TRUE,NA,"NA Date is in uncalibrated radiocarbon years.","Yahoo Lake core_SIEVED","counted","150-500",NA,NA,"",8175,8065,8285,8175,294,0.02,"NA Date is in uncalibrated radiocarbon years.",". Cal curve: NA. Source DB: RPDv1b","Lacustrine","Carbon-14","Radiocarbon",-43,14615.48,"Calibrated radiocarbon years BP","sedimentary charcoal","Data Sourcing: RPDv1b","Sample Age Source: GCDv4"
"1112",281,"charcoal | 150-500um num",295,295.5,296,1,9157,NA,NA,"RPDv1b","Charcoal (sum)","150-500 µm",150,500,"False","False","number","Macroscopic charcoal (sieved)","direct",NA,"CHAR",310,NA,NA,"quant_raw",5,"volume","ml","RPDv1b","2067","charcoal","count","macrochar","wet_sieve","particle","150-500um num",NA,"150-500um","num","RPDv1b","measured",1,"RPDv1b","ELEMENT=150-500 µm","Yahoo Lake core",47.683333,-124.016667,710,"north","USA",NA,"sedlac",1112,1,2013,"Gavin, D.G., Brubaker, L.B., Greenwald, D.N., 2013. Postglacial climate and fire-mediated vegetation change on the western Olympic Peninsula, Washington (USA). Ecological Monographs 83, 471–489.","Postglacial climate and fire-mediated vegetation change on the western Olympic Peninsula, Washington (USA)","Ecological Monographs",83,NA,"471-489",NA,"10.1890/12-1742.1",NA,NA,NA,NA,NA,NA,NA,NA,NA,NA,NA,NA,NA,"RPDv1b:2067",1112,"Greenwald, D.N.",1,"Greenwald","D.N.",NA,NA,NA,NA,NA,NA,NA,NA,NA,"RPDv1b:2067",1112,"RPDv1b",2067,17623,294,2.94,"m",0.02,"AMS","terrestrial plant macrofossil",8175,110,NA,NA,"AA-20316",TRUE,NA,"NA Date is in uncalibrated radiocarbon years.","Yahoo Lake core_SIEVED","counted","150-500",NA,NA,"",8175,8065,8285,8175,294,0.02,"NA Date is in uncalibrated radiocarbon years.",". Cal curve: NA. Source DB: RPDv1b","Lacustrine","Carbon-14","Radiocarbon",-43,14615.48,"Calibrated radiocarbon years BP","sedimentary charcoal","Data Sourcing: RPDv1b","Sample Age Source: RPDv1b"
"1112",282,"charcoal | 150-500um num",296,296.5,297,1,9171.5,NA,NA,"GCDv4","Charcoal (sum)","150-500 µm",150,500,"False","False","number","Macroscopic charcoal (sieved)","direct",NA,"CHAR",150,NA,NA,"quant_raw",5,"volume","ml","RPDv1b","2067","charcoal","count","macrochar","wet_sieve","particle","150-500um num",NA,"150-500um","num","RPDv1b","measured",1,"RPDv1b","ELEMENT=150-500 µm","Yahoo Lake core",47.683333,-124.016667,710,"north","USA",NA,"sedlac",1112,1,2013,"Gavin, D.G., Brubaker, L.B., Greenwald, D.N., 2013. Postglacial climate and fire-mediated vegetation change on the western Olympic Peninsula, Washington (USA). Ecological Monographs 83, 471–489.","Postglacial climate and fire-mediated vegetation change on the western Olympic Peninsula, Washington (USA)","Ecological Monographs",83,NA,"471-489",NA,"10.1890/12-1742.1",NA,NA,NA,NA,NA,NA,NA,NA,NA,NA,NA,NA,NA,"RPDv1b:2067",1112,"Greenwald, D.N.",1,"Greenwald","D.N.",NA,NA,NA,NA,NA,NA,NA,NA,NA,"RPDv1b:2067",1112,"RPDv1b",2067,17623,294,2.94,"m",0.02,"AMS","terrestrial plant macrofossil",8175,110,NA,NA,"AA-20316",TRUE,NA,"NA Date is in uncalibrated radiocarbon years.","Yahoo Lake core_SIEVED","counted","150-500",NA,NA,"",8175,8065,8285,8175,294,0.02,"NA Date is in uncalibrated radiocarbon years.",". Cal curve: NA. Source DB: RPDv1b","Lacustrine","Carbon-14","Radiocarbon",-43,14615.48,"Calibrated radiocarbon years BP","sedimentary charcoal","Data Sourcing: RPDv1b","Sample Age Source: GCDv4"
"1112",283,"charcoal | 150-500um num",297,297.5,298,1,9201.44,NA,NA,"GCDv4","Charcoal (sum)","150-500 µm",150,500,"False","False","number","Macroscopic charcoal (sieved)","direct",NA,"CHAR",61,NA,NA,"quant_raw",1.9,"volume","ml","RPDv1b","2067","charcoal","count","macrochar","wet_sieve","particle","150-500um num",NA,"150-500um","num","RPDv1b","measured",1,"RPDv1b","ELEMENT=150-500 µm","Yahoo Lake core",47.683333,-124.016667,710,"north","USA",NA,"sedlac",1112,1,2013,"Gavin, D.G., Brubaker, L.B., Greenwald, D.N., 2013. Postglacial climate and fire-mediated vegetation change on the western Olympic Peninsula, Washington (USA). Ecological Monographs 83, 471–489.","Postglacial climate and fire-mediated vegetation change on the western Olympic Peninsula, Washington (USA)","Ecological Monographs",83,NA,"471-489",NA,"10.1890/12-1742.1",NA,NA,NA,NA,NA,NA,NA,NA,NA,NA,NA,NA,NA,"RPDv1b:2067",1112,"Greenwald, D.N.",1,"Greenwald","D.N.",NA,NA,NA,NA,NA,NA,NA,NA,NA,"RPDv1b:2067",1112,"RPDv1b",2067,17623,294,2.94,"m",0.02,"AMS","terrestrial plant macrofossil",8175,110,NA,NA,"AA-20316",TRUE,NA,"NA Date is in uncalibrated radiocarbon years.","Yahoo Lake core_SIEVED","counted","150-500",NA,NA,"",8175,8065,8285,8175,294,0.02,"NA Date is in uncalibrated radiocarbon years.",". Cal curve: NA. Source DB: RPDv1b","Lacustrine","Carbon-14","Radiocarbon",-43,14615.48,"Calibrated radiocarbon years BP","sedimentary charcoal","Data Sourcing: RPDv1b","Sample Age Source: GCDv4"
"1112",284,"charcoal | 150-500um num",298,298.5,299,1,9231.83,NA,NA,"GCDv4","Charcoal (sum)","150-500 µm",150,500,"False","False","number","Macroscopic charcoal (sieved)","direct",NA,"CHAR",29,NA,NA,"quant_raw",5,"volume","ml","RPDv1b","2067","charcoal","count","macrochar","wet_sieve","particle","150-500um num",NA,"150-500um","num","RPDv1b","measured",1,"RPDv1b","ELEMENT=150-500 µm","Yahoo Lake core",47.683333,-124.016667,710,"north","USA",NA,"sedlac",1112,1,2013,"Gavin, D.G., Brubaker, L.B., Greenwald, D.N., 2013. Postglacial climate and fire-mediated vegetation change on the western Olympic Peninsula, Washington (USA). Ecological Monographs 83, 471–489.","Postglacial climate and fire-mediated vegetation change on the western Olympic Peninsula, Washington (USA)","Ecological Monographs",83,NA,"471-489",NA,"10.1890/12-1742.1",NA,NA,NA,NA,NA,NA,NA,NA,NA,NA,NA,NA,NA,"RPDv1b:2067",1112,"Greenwald, D.N.",1,"Greenwald","D.N.",NA,NA,NA,NA,NA,NA,NA,NA,NA,"RPDv1b:2067",1112,"RPDv1b",2067,17623,294,2.94,"m",0.02,"AMS","terrestrial plant macrofossil",8175,110,NA,NA,"AA-20316",TRUE,NA,"NA Date is in uncalibrated radiocarbon years.","Yahoo Lake core_SIEVED","counted","150-500",NA,NA,"",8175,8065,8285,8175,294,0.02,"NA Date is in uncalibrated radiocarbon years.",". Cal curve: NA. Source DB: RPDv1b","Lacustrine","Carbon-14","Radiocarbon",-43,14615.48,"Calibrated radiocarbon years BP","sedimentary charcoal","Data Sourcing: RPDv1b","Sample Age Source: GCDv4"
"1112",285,"charcoal | 150-500um num",299,299.5,300,1,9262.65,NA,NA,"GCDv4","Charcoal (sum)","150-500 µm",150,500,"False","False","number","Macroscopic charcoal (sieved)","direct",NA,"CHAR",56,NA,NA,"quant_raw",5,"volume","ml","RPDv1b","2067","charcoal","count","macrochar","wet_sieve","particle","150-500um num",NA,"150-500um","num","RPDv1b","measured",1,"RPDv1b","ELEMENT=150-500 µm","Yahoo Lake core",47.683333,-124.016667,710,"north","USA",NA,"sedlac",1112,1,2013,"Gavin, D.G., Brubaker, L.B., Greenwald, D.N., 2013. Postglacial climate and fire-mediated vegetation change on the western Olympic Peninsula, Washington (USA). Ecological Monographs 83, 471–489.","Postglacial climate and fire-mediated vegetation change on the western Olympic Peninsula, Washington (USA)","Ecological Monographs",83,NA,"471-489",NA,"10.1890/12-1742.1",NA,NA,NA,NA,NA,NA,NA,NA,NA,NA,NA,NA,NA,"RPDv1b:2067",1112,"Greenwald, D.N.",1,"Greenwald","D.N.",NA,NA,NA,NA,NA,NA,NA,NA,NA,"RPDv1b:2067",1112,"RPDv1b",2067,17623,294,2.94,"m",0.02,"AMS","terrestrial plant macrofossil",8175,110,NA,NA,"AA-20316",TRUE,NA,"NA Date is in uncalibrated radiocarbon years.","Yahoo Lake core_SIEVED","counted","150-500",NA,NA,"",8175,8065,8285,8175,294,0.02,"NA Date is in uncalibrated radiocarbon years.",". Cal curve: NA. Source DB: RPDv1b","Lacustrine","Carbon-14","Radiocarbon",-43,14615.48,"Calibrated radiocarbon years BP","sedimentary charcoal","Data Sourcing: RPDv1b","Sample Age Source: GCDv4"
"1112",286,"charcoal | 150-500um num",300,300.5,301,1,9293.88,NA,NA,"GCDv4","Charcoal (sum)","150-500 µm",150,500,"False","False","number","Macroscopic charcoal (sieved)","direct",NA,"CHAR",91,NA,NA,"quant_raw",5,"volume","ml","RPDv1b","2067","charcoal","count","macrochar","wet_sieve","particle","150-500um num",NA,"150-500um","num","RPDv1b","measured",1,"RPDv1b","ELEMENT=150-500 µm","Yahoo Lake core",47.683333,-124.016667,710,"north","USA",NA,"sedlac",1112,1,2013,"Gavin, D.G., Brubaker, L.B., Greenwald, D.N., 2013. Postglacial climate and fire-mediated vegetation change on the western Olympic Peninsula, Washington (USA). Ecological Monographs 83, 471–489.","Postglacial climate and fire-mediated vegetation change on the western Olympic Peninsula, Washington (USA)","Ecological Monographs",83,NA,"471-489",NA,"10.1890/12-1742.1",NA,NA,NA,NA,NA,NA,NA,NA,NA,NA,NA,NA,NA,"RPDv1b:2067",1112,"Greenwald, D.N.",1,"Greenwald","D.N.",NA,NA,NA,NA,NA,NA,NA,NA,NA,"RPDv1b:2067",1112,"RPDv1b",2067,17623,294,2.94,"m",0.02,"AMS","terrestrial plant macrofossil",8175,110,NA,NA,"AA-20316",TRUE,NA,"NA Date is in uncalibrated radiocarbon years.","Yahoo Lake core_SIEVED","counted","150-500",NA,NA,"",8175,8065,8285,8175,294,0.02,"NA Date is in uncalibrated radiocarbon years.",". Cal curve: NA. Source DB: RPDv1b","Lacustrine","Carbon-14","Radiocarbon",-43,14615.48,"Calibrated radiocarbon years BP","sedimentary charcoal","Data Sourcing: RPDv1b","Sample Age Source: GCDv4"
"1112",287,"charcoal | 150-500um num",301,301.5,302,1,9325.54,NA,NA,"GCDv4","Charcoal (sum)","150-500 µm",150,500,"False","False","number","Macroscopic charcoal (sieved)","direct",NA,"CHAR",75,NA,NA,"quant_raw",5,"volume","ml","RPDv1b","2067","charcoal","count","macrochar","wet_sieve","particle","150-500um num",NA,"150-500um","num","RPDv1b","measured",1,"RPDv1b","ELEMENT=150-500 µm","Yahoo Lake core",47.683333,-124.016667,710,"north","USA",NA,"sedlac",1112,1,2013,"Gavin, D.G., Brubaker, L.B., Greenwald, D.N., 2013. Postglacial climate and fire-mediated vegetation change on the western Olympic Peninsula, Washington (USA). Ecological Monographs 83, 471–489.","Postglacial climate and fire-mediated vegetation change on the western Olympic Peninsula, Washington (USA)","Ecological Monographs",83,NA,"471-489",NA,"10.1890/12-1742.1",NA,NA,NA,NA,NA,NA,NA,NA,NA,NA,NA,NA,NA,"RPDv1b:2067",1112,"Greenwald, D.N.",1,"Greenwald","D.N.",NA,NA,NA,NA,NA,NA,NA,NA,NA,"RPDv1b:2067",1112,"RPDv1b",2067,17623,294,2.94,"m",0.02,"AMS","terrestrial plant macrofossil",8175,110,NA,NA,"AA-20316",TRUE,NA,"NA Date is in uncalibrated radiocarbon years.","Yahoo Lake core_SIEVED","counted","150-500",NA,NA,"",8175,8065,8285,8175,294,0.02,"NA Date is in uncalibrated radiocarbon years.",". Cal curve: NA. Source DB: RPDv1b","Lacustrine","Carbon-14","Radiocarbon",-43,14615.48,"Calibrated radiocarbon years BP","sedimentary charcoal","Data Sourcing: RPDv1b","Sample Age Source: GCDv4"
"1112",288,"charcoal | 150-500um num",302,302.5,303,1,9357.6,NA,NA,"GCDv4","Charcoal (sum)","150-500 µm",150,500,"False","False","number","Macroscopic charcoal (sieved)","direct",NA,"CHAR",108,NA,NA,"quant_raw",5,"volume","ml","RPDv1b","2067","charcoal","count","macrochar","wet_sieve","particle","150-500um num",NA,"150-500um","num","RPDv1b","measured",1,"RPDv1b","ELEMENT=150-500 µm","Yahoo Lake core",47.683333,-124.016667,710,"north","USA",NA,"sedlac",1112,1,2013,"Gavin, D.G., Brubaker, L.B., Greenwald, D.N., 2013. Postglacial climate and fire-mediated vegetation change on the western Olympic Peninsula, Washington (USA). Ecological Monographs 83, 471–489.","Postglacial climate and fire-mediated vegetation change on the western Olympic Peninsula, Washington (USA)","Ecological Monographs",83,NA,"471-489",NA,"10.1890/12-1742.1",NA,NA,NA,NA,NA,NA,NA,NA,NA,NA,NA,NA,NA,"RPDv1b:2067",1112,"Greenwald, D.N.",1,"Greenwald","D.N.",NA,NA,NA,NA,NA,NA,NA,NA,NA,"RPDv1b:2067",1112,"RPDv1b",2067,17623,294,2.94,"m",0.02,"AMS","terrestrial plant macrofossil",8175,110,NA,NA,"AA-20316",TRUE,NA,"NA Date is in uncalibrated radiocarbon years.","Yahoo Lake core_SIEVED","counted","150-500",NA,NA,"",8175,8065,8285,8175,294,0.02,"NA Date is in uncalibrated radiocarbon years.",". Cal curve: NA. Source DB: RPDv1b","Lacustrine","Carbon-14","Radiocarbon",-43,14615.48,"Calibrated radiocarbon years BP","sedimentary charcoal","Data Sourcing: RPDv1b","Sample Age Source: GCDv4"
"1112",289,"charcoal | 150-500um num",303,303.5,304,1,9390.05,NA,NA,"GCDv4","Charcoal (sum)","150-500 µm",150,500,"False","False","number","Macroscopic charcoal (sieved)","direct",NA,"CHAR",113,NA,NA,"quant_raw",5,"volume","ml","RPDv1b","2067","charcoal","count","macrochar","wet_sieve","particle","150-500um num",NA,"150-500um","num","RPDv1b","measured",1,"RPDv1b","ELEMENT=150-500 µm","Yahoo Lake core",47.683333,-124.016667,710,"north","USA",NA,"sedlac",1112,1,2013,"Gavin, D.G., Brubaker, L.B., Greenwald, D.N., 2013. Postglacial climate and fire-mediated vegetation change on the western Olympic Peninsula, Washington (USA). Ecological Monographs 83, 471–489.","Postglacial climate and fire-mediated vegetation change on the western Olympic Peninsula, Washington (USA)","Ecological Monographs",83,NA,"471-489",NA,"10.1890/12-1742.1",NA,NA,NA,NA,NA,NA,NA,NA,NA,NA,NA,NA,NA,"RPDv1b:2067",1112,"Greenwald, D.N.",1,"Greenwald","D.N.",NA,NA,NA,NA,NA,NA,NA,NA,NA,"RPDv1b:2067",1112,"RPDv1b",2067,17623,294,2.94,"m",0.02,"AMS","terrestrial plant macrofossil",8175,110,NA,NA,"AA-20316",TRUE,NA,"NA Date is in uncalibrated radiocarbon years.","Yahoo Lake core_SIEVED","counted","150-500",NA,NA,"",8175,8065,8285,8175,294,0.02,"NA Date is in uncalibrated radiocarbon years.",". Cal curve: NA. Source DB: RPDv1b","Lacustrine","Carbon-14","Radiocarbon",-43,14615.48,"Calibrated radiocarbon years BP","sedimentary charcoal","Data Sourcing: RPDv1b","Sample Age Source: GCDv4"
"1112",290,"charcoal | 150-500um num",304,304.5,305,1,9422.89,NA,NA,"GCDv4","Charcoal (sum)","150-500 µm",150,500,"False","False","number","Macroscopic charcoal (sieved)","direct",NA,"CHAR",128,NA,NA,"quant_raw",4.8,"volume","ml","RPDv1b","2067","charcoal","count","macrochar","wet_sieve","particle","150-500um num",NA,"150-500um","num","RPDv1b","measured",1,"RPDv1b","ELEMENT=150-500 µm","Yahoo Lake core",47.683333,-124.016667,710,"north","USA",NA,"sedlac",1112,1,2013,"Gavin, D.G., Brubaker, L.B., Greenwald, D.N., 2013. Postglacial climate and fire-mediated vegetation change on the western Olympic Peninsula, Washington (USA). Ecological Monographs 83, 471–489.","Postglacial climate and fire-mediated vegetation change on the western Olympic Peninsula, Washington (USA)","Ecological Monographs",83,NA,"471-489",NA,"10.1890/12-1742.1",NA,NA,NA,NA,NA,NA,NA,NA,NA,NA,NA,NA,NA,"RPDv1b:2067",1112,"Greenwald, D.N.",1,"Greenwald","D.N.",NA,NA,NA,NA,NA,NA,NA,NA,NA,"RPDv1b:2067",1112,"RPDv1b",2067,17623,294,2.94,"m",0.02,"AMS","terrestrial plant macrofossil",8175,110,NA,NA,"AA-20316",TRUE,NA,"NA Date is in uncalibrated radiocarbon years.","Yahoo Lake core_SIEVED","counted","150-500",NA,NA,"",8175,8065,8285,8175,294,0.02,"NA Date is in uncalibrated radiocarbon years.",". Cal curve: NA. Source DB: RPDv1b","Lacustrine","Carbon-14","Radiocarbon",-43,14615.48,"Calibrated radiocarbon years BP","sedimentary charcoal","Data Sourcing: RPDv1b","Sample Age Source: GCDv4"
"1112",291,"charcoal | 150-500um num",305,305.5,306,1,9456.11,NA,NA,"GCDv4","Charcoal (sum)","150-500 µm",150,500,"False","False","number","Macroscopic charcoal (sieved)","direct",NA,"CHAR",30,NA,NA,"quant_raw",5,"volume","ml","RPDv1b","2067","charcoal","count","macrochar","wet_sieve","particle","150-500um num",NA,"150-500um","num","RPDv1b","measured",1,"RPDv1b","ELEMENT=150-500 µm","Yahoo Lake core",47.683333,-124.016667,710,"north","USA",NA,"sedlac",1112,1,2013,"Gavin, D.G., Brubaker, L.B., Greenwald, D.N., 2013. Postglacial climate and fire-mediated vegetation change on the western Olympic Peninsula, Washington (USA). Ecological Monographs 83, 471–489.","Postglacial climate and fire-mediated vegetation change on the western Olympic Peninsula, Washington (USA)","Ecological Monographs",83,NA,"471-489",NA,"10.1890/12-1742.1",NA,NA,NA,NA,NA,NA,NA,NA,NA,NA,NA,NA,NA,"RPDv1b:2067",1112,"Greenwald, D.N.",1,"Greenwald","D.N.",NA,NA,NA,NA,NA,NA,NA,NA,NA,"RPDv1b:2067",1112,"RPDv1b",2067,17623,294,2.94,"m",0.02,"AMS","terrestrial plant macrofossil",8175,110,NA,NA,"AA-20316",TRUE,NA,"NA Date is in uncalibrated radiocarbon years.","Yahoo Lake core_SIEVED","counted","150-500",NA,NA,"",8175,8065,8285,8175,294,0.02,"NA Date is in uncalibrated radiocarbon years.",". Cal curve: NA. Source DB: RPDv1b","Lacustrine","Carbon-14","Radiocarbon",-43,14615.48,"Calibrated radiocarbon years BP","sedimentary charcoal","Data Sourcing: RPDv1b","Sample Age Source: GCDv4"
"1112",292,"charcoal | 150-500um num",306,306.5,307,1,9489.7,NA,NA,"GCDv4","Charcoal (sum)","150-500 µm",150,500,"False","False","number","Macroscopic charcoal (sieved)","direct",NA,"CHAR",50,NA,NA,"quant_raw",5,"volume","ml","RPDv1b","2067","charcoal","count","macrochar","wet_sieve","particle","150-500um num",NA,"150-500um","num","RPDv1b","measured",1,"RPDv1b","ELEMENT=150-500 µm","Yahoo Lake core",47.683333,-124.016667,710,"north","USA",NA,"sedlac",1112,1,2013,"Gavin, D.G., Brubaker, L.B., Greenwald, D.N., 2013. Postglacial climate and fire-mediated vegetation change on the western Olympic Peninsula, Washington (USA). Ecological Monographs 83, 471–489.","Postglacial climate and fire-mediated vegetation change on the western Olympic Peninsula, Washington (USA)","Ecological Monographs",83,NA,"471-489",NA,"10.1890/12-1742.1",NA,NA,NA,NA,NA,NA,NA,NA,NA,NA,NA,NA,NA,"RPDv1b:2067",1112,"Greenwald, D.N.",1,"Greenwald","D.N.",NA,NA,NA,NA,NA,NA,NA,NA,NA,"RPDv1b:2067",1112,"RPDv1b",2067,17623,294,2.94,"m",0.02,"AMS","terrestrial plant macrofossil",8175,110,NA,NA,"AA-20316",TRUE,NA,"NA Date is in uncalibrated radiocarbon years.","Yahoo Lake core_SIEVED","counted","150-500",NA,NA,"",8175,8065,8285,8175,294,0.02,"NA Date is in uncalibrated radiocarbon years.",". Cal curve: NA. Source DB: RPDv1b","Lacustrine","Carbon-14","Radiocarbon",-43,14615.48,"Calibrated radiocarbon years BP","sedimentary charcoal","Data Sourcing: RPDv1b","Sample Age Source: GCDv4"
"1112",293,"charcoal | 150-500um num",307,307.5,308,1,9523.65,NA,NA,"GCDv4","Charcoal (sum)","150-500 µm",150,500,"False","False","number","Macroscopic charcoal (sieved)","direct",NA,"CHAR",83,NA,NA,"quant_raw",4.9,"volume","ml","RPDv1b","2067","charcoal","count","macrochar","wet_sieve","particle","150-500um num",NA,"150-500um","num","RPDv1b","measured",1,"RPDv1b","ELEMENT=150-500 µm","Yahoo Lake core",47.683333,-124.016667,710,"north","USA",NA,"sedlac",1112,1,2013,"Gavin, D.G., Brubaker, L.B., Greenwald, D.N., 2013. Postglacial climate and fire-mediated vegetation change on the western Olympic Peninsula, Washington (USA). Ecological Monographs 83, 471–489.","Postglacial climate and fire-mediated vegetation change on the western Olympic Peninsula, Washington (USA)","Ecological Monographs",83,NA,"471-489",NA,"10.1890/12-1742.1",NA,NA,NA,NA,NA,NA,NA,NA,NA,NA,NA,NA,NA,"RPDv1b:2067",1112,"Greenwald, D.N.",1,"Greenwald","D.N.",NA,NA,NA,NA,NA,NA,NA,NA,NA,"RPDv1b:2067",1112,"RPDv1b",2067,17623,294,2.94,"m",0.02,"AMS","terrestrial plant macrofossil",8175,110,NA,NA,"AA-20316",TRUE,NA,"NA Date is in uncalibrated radiocarbon years.","Yahoo Lake core_SIEVED","counted","150-500",NA,NA,"",8175,8065,8285,8175,294,0.02,"NA Date is in uncalibrated radiocarbon years.",". Cal curve: NA. Source DB: RPDv1b","Lacustrine","Carbon-14","Radiocarbon",-43,14615.48,"Calibrated radiocarbon years BP","sedimentary charcoal","Data Sourcing: RPDv1b","Sample Age Source: GCDv4"
"1112",294,"charcoal | 150-500um num",308,308.5,309,1,9557.96,NA,NA,"GCDv4","Charcoal (sum)","150-500 µm",150,500,"False","False","number","Macroscopic charcoal (sieved)","direct",NA,"CHAR",226,NA,NA,"quant_raw",4.9,"volume","ml","RPDv1b","2067","charcoal","count","macrochar","wet_sieve","particle","150-500um num",NA,"150-500um","num","RPDv1b","measured",1,"RPDv1b","ELEMENT=150-500 µm","Yahoo Lake core",47.683333,-124.016667,710,"north","USA",NA,"sedlac",1112,1,2013,"Gavin, D.G., Brubaker, L.B., Greenwald, D.N., 2013. Postglacial climate and fire-mediated vegetation change on the western Olympic Peninsula, Washington (USA). Ecological Monographs 83, 471–489.","Postglacial climate and fire-mediated vegetation change on the western Olympic Peninsula, Washington (USA)","Ecological Monographs",83,NA,"471-489",NA,"10.1890/12-1742.1",NA,NA,NA,NA,NA,NA,NA,NA,NA,NA,NA,NA,NA,"RPDv1b:2067",1112,"Greenwald, D.N.",1,"Greenwald","D.N.",NA,NA,NA,NA,NA,NA,NA,NA,NA,"RPDv1b:2067",1112,"RPDv1b",2067,17623,294,2.94,"m",0.02,"AMS","terrestrial plant macrofossil",8175,110,NA,NA,"AA-20316",TRUE,NA,"NA Date is in uncalibrated radiocarbon years.","Yahoo Lake core_SIEVED","counted","150-500",NA,NA,"",8175,8065,8285,8175,294,0.02,"NA Date is in uncalibrated radiocarbon years.",". Cal curve: NA. Source DB: RPDv1b","Lacustrine","Carbon-14","Radiocarbon",-43,14615.48,"Calibrated radiocarbon years BP","sedimentary charcoal","Data Sourcing: RPDv1b","Sample Age Source: GCDv4"
"1112",295,"charcoal | 150-500um num",309,309.5,310,1,9592.6,NA,NA,"GCDv4","Charcoal (sum)","150-500 µm",150,500,"False","False","number","Macroscopic charcoal (sieved)","direct",NA,"CHAR",90,NA,NA,"quant_raw",4.9,"volume","ml","RPDv1b","2067","charcoal","count","macrochar","wet_sieve","particle","150-500um num",NA,"150-500um","num","RPDv1b","measured",1,"RPDv1b","ELEMENT=150-500 µm","Yahoo Lake core",47.683333,-124.016667,710,"north","USA",NA,"sedlac",1112,1,2013,"Gavin, D.G., Brubaker, L.B., Greenwald, D.N., 2013. Postglacial climate and fire-mediated vegetation change on the western Olympic Peninsula, Washington (USA). Ecological Monographs 83, 471–489.","Postglacial climate and fire-mediated vegetation change on the western Olympic Peninsula, Washington (USA)","Ecological Monographs",83,NA,"471-489",NA,"10.1890/12-1742.1",NA,NA,NA,NA,NA,NA,NA,NA,NA,NA,NA,NA,NA,"RPDv1b:2067",1112,"Greenwald, D.N.",1,"Greenwald","D.N.",NA,NA,NA,NA,NA,NA,NA,NA,NA,"RPDv1b:2067",1112,"RPDv1b",2067,17623,294,2.94,"m",0.02,"AMS","terrestrial plant macrofossil",8175,110,NA,NA,"AA-20316",TRUE,NA,"NA Date is in uncalibrated radiocarbon years.","Yahoo Lake core_SIEVED","counted","150-500",NA,NA,"",8175,8065,8285,8175,294,0.02,"NA Date is in uncalibrated radiocarbon years.",". Cal curve: NA. Source DB: RPDv1b","Lacustrine","Carbon-14","Radiocarbon",-43,14615.48,"Calibrated radiocarbon years BP","sedimentary charcoal","Data Sourcing: RPDv1b","Sample Age Source: GCDv4"
"1112",296,"charcoal | 150-500um num",310,310.5,311,1,9627.58,NA,NA,"GCDv4","Charcoal (sum)","150-500 µm",150,500,"False","False","number","Macroscopic charcoal (sieved)","direct",NA,"CHAR",21,NA,NA,"quant_raw",5,"volume","ml","RPDv1b","2067","charcoal","count","macrochar","wet_sieve","particle","150-500um num",NA,"150-500um","num","RPDv1b","measured",1,"RPDv1b","ELEMENT=150-500 µm","Yahoo Lake core",47.683333,-124.016667,710,"north","USA",NA,"sedlac",1112,1,2013,"Gavin, D.G., Brubaker, L.B., Greenwald, D.N., 2013. Postglacial climate and fire-mediated vegetation change on the western Olympic Peninsula, Washington (USA). Ecological Monographs 83, 471–489.","Postglacial climate and fire-mediated vegetation change on the western Olympic Peninsula, Washington (USA)","Ecological Monographs",83,NA,"471-489",NA,"10.1890/12-1742.1",NA,NA,NA,NA,NA,NA,NA,NA,NA,NA,NA,NA,NA,"RPDv1b:2067",1112,"Greenwald, D.N.",1,"Greenwald","D.N.",NA,NA,NA,NA,NA,NA,NA,NA,NA,"RPDv1b:2067",1112,"RPDv1b",2067,17623,294,2.94,"m",0.02,"AMS","terrestrial plant macrofossil",8175,110,NA,NA,"AA-20316",TRUE,NA,"NA Date is in uncalibrated radiocarbon years.","Yahoo Lake core_SIEVED","counted","150-500",NA,NA,"",8175,8065,8285,8175,294,0.02,"NA Date is in uncalibrated radiocarbon years.",". Cal curve: NA. Source DB: RPDv1b","Lacustrine","Carbon-14","Radiocarbon",-43,14615.48,"Calibrated radiocarbon years BP","sedimentary charcoal","Data Sourcing: RPDv1b","Sample Age Source: GCDv4"
"1112",297,"charcoal | 150-500um num",311,311.5,312,1,9662.89,NA,NA,"GCDv4","Charcoal (sum)","150-500 µm",150,500,"False","False","number","Macroscopic charcoal (sieved)","direct",NA,"CHAR",58,NA,NA,"quant_raw",4.8,"volume","ml","RPDv1b","2067","charcoal","count","macrochar","wet_sieve","particle","150-500um num",NA,"150-500um","num","RPDv1b","measured",1,"RPDv1b","ELEMENT=150-500 µm","Yahoo Lake core",47.683333,-124.016667,710,"north","USA",NA,"sedlac",1112,1,2013,"Gavin, D.G., Brubaker, L.B., Greenwald, D.N., 2013. Postglacial climate and fire-mediated vegetation change on the western Olympic Peninsula, Washington (USA). Ecological Monographs 83, 471–489.","Postglacial climate and fire-mediated vegetation change on the western Olympic Peninsula, Washington (USA)","Ecological Monographs",83,NA,"471-489",NA,"10.1890/12-1742.1",NA,NA,NA,NA,NA,NA,NA,NA,NA,NA,NA,NA,NA,"RPDv1b:2067",1112,"Greenwald, D.N.",1,"Greenwald","D.N.",NA,NA,NA,NA,NA,NA,NA,NA,NA,"RPDv1b:2067",1112,"RPDv1b",2067,17623,294,2.94,"m",0.02,"AMS","terrestrial plant macrofossil",8175,110,NA,NA,"AA-20316",TRUE,NA,"NA Date is in uncalibrated radiocarbon years.","Yahoo Lake core_SIEVED","counted","150-500",NA,NA,"",8175,8065,8285,8175,294,0.02,"NA Date is in uncalibrated radiocarbon years.",". Cal curve: NA. Source DB: RPDv1b","Lacustrine","Carbon-14","Radiocarbon",-43,14615.48,"Calibrated radiocarbon years BP","sedimentary charcoal","Data Sourcing: RPDv1b","Sample Age Source: GCDv4"
"1112",298,"charcoal | 150-500um num",312,312.5,313,1,9698.51,NA,NA,"GCDv4","Charcoal (sum)","150-500 µm",150,500,"False","False","number","Macroscopic charcoal (sieved)","direct",NA,"CHAR",44,NA,NA,"quant_raw",4.9,"volume","ml","RPDv1b","2067","charcoal","count","macrochar","wet_sieve","particle","150-500um num",NA,"150-500um","num","RPDv1b","measured",1,"RPDv1b","ELEMENT=150-500 µm","Yahoo Lake core",47.683333,-124.016667,710,"north","USA",NA,"sedlac",1112,1,2013,"Gavin, D.G., Brubaker, L.B., Greenwald, D.N., 2013. Postglacial climate and fire-mediated vegetation change on the western Olympic Peninsula, Washington (USA). Ecological Monographs 83, 471–489.","Postglacial climate and fire-mediated vegetation change on the western Olympic Peninsula, Washington (USA)","Ecological Monographs",83,NA,"471-489",NA,"10.1890/12-1742.1",NA,NA,NA,NA,NA,NA,NA,NA,NA,NA,NA,NA,NA,"RPDv1b:2067",1112,"Greenwald, D.N.",1,"Greenwald","D.N.",NA,NA,NA,NA,NA,NA,NA,NA,NA,"RPDv1b:2067",1112,"RPDv1b",2067,17623,294,2.94,"m",0.02,"AMS","terrestrial plant macrofossil",8175,110,NA,NA,"AA-20316",TRUE,NA,"NA Date is in uncalibrated radiocarbon years.","Yahoo Lake core_SIEVED","counted","150-500",NA,NA,"",8175,8065,8285,8175,294,0.02,"NA Date is in uncalibrated radiocarbon years.",". Cal curve: NA. Source DB: RPDv1b","Lacustrine","Carbon-14","Radiocarbon",-43,14615.48,"Calibrated radiocarbon years BP","sedimentary charcoal","Data Sourcing: RPDv1b","Sample Age Source: GCDv4"
"1112",299,"charcoal | 150-500um num",313,313.5,314,1,9734.45,NA,NA,"GCDv4","Charcoal (sum)","150-500 µm",150,500,"False","False","number","Macroscopic charcoal (sieved)","direct",NA,"CHAR",102,NA,NA,"quant_raw",4.9,"volume","ml","RPDv1b","2067","charcoal","count","macrochar","wet_sieve","particle","150-500um num",NA,"150-500um","num","RPDv1b","measured",1,"RPDv1b","ELEMENT=150-500 µm","Yahoo Lake core",47.683333,-124.016667,710,"north","USA",NA,"sedlac",1112,1,2013,"Gavin, D.G., Brubaker, L.B., Greenwald, D.N., 2013. Postglacial climate and fire-mediated vegetation change on the western Olympic Peninsula, Washington (USA). Ecological Monographs 83, 471–489.","Postglacial climate and fire-mediated vegetation change on the western Olympic Peninsula, Washington (USA)","Ecological Monographs",83,NA,"471-489",NA,"10.1890/12-1742.1",NA,NA,NA,NA,NA,NA,NA,NA,NA,NA,NA,NA,NA,"RPDv1b:2067",1112,"Greenwald, D.N.",1,"Greenwald","D.N.",NA,NA,NA,NA,NA,NA,NA,NA,NA,"RPDv1b:2067",1112,"RPDv1b",2067,17623,294,2.94,"m",0.02,"AMS","terrestrial plant macrofossil",8175,110,NA,NA,"AA-20316",TRUE,NA,"NA Date is in uncalibrated radiocarbon years.","Yahoo Lake core_SIEVED","counted","150-500",NA,NA,"",8175,8065,8285,8175,294,0.02,"NA Date is in uncalibrated radiocarbon years.",". Cal curve: NA. Source DB: RPDv1b","Lacustrine","Carbon-14","Radiocarbon",-43,14615.48,"Calibrated radiocarbon years BP","sedimentary charcoal","Data Sourcing: RPDv1b","Sample Age Source: GCDv4"
"1112",300,"charcoal | 150-500um num",314,314.5,315,1,9770.68,NA,NA,"GCDv4","Charcoal (sum)","150-500 µm",150,500,"False","False","number","Macroscopic charcoal (sieved)","direct",NA,"CHAR",260,NA,NA,"quant_raw",5,"volume","ml","RPDv1b","2067","charcoal","count","macrochar","wet_sieve","particle","150-500um num",NA,"150-500um","num","RPDv1b","measured",1,"RPDv1b","ELEMENT=150-500 µm","Yahoo Lake core",47.683333,-124.016667,710,"north","USA",NA,"sedlac",1112,1,2013,"Gavin, D.G., Brubaker, L.B., Greenwald, D.N., 2013. Postglacial climate and fire-mediated vegetation change on the western Olympic Peninsula, Washington (USA). Ecological Monographs 83, 471–489.","Postglacial climate and fire-mediated vegetation change on the western Olympic Peninsula, Washington (USA)","Ecological Monographs",83,NA,"471-489",NA,"10.1890/12-1742.1",NA,NA,NA,NA,NA,NA,NA,NA,NA,NA,NA,NA,NA,"RPDv1b:2067",1112,"Greenwald, D.N.",1,"Greenwald","D.N.",NA,NA,NA,NA,NA,NA,NA,NA,NA,"RPDv1b:2067",1112,"RPDv1b",2067,17624,356.5,3.565,"m",0.01,"AMS","wood",9980,115,NA,NA,"AA-20317",TRUE,NA,"NA Date is in uncalibrated radiocarbon years.","Yahoo Lake core_SIEVED","counted","150-500",NA,NA,"",9980,9865,10095,9980,356.5,0.01,"NA Date is in uncalibrated radiocarbon years.",". Cal curve: NA. Source DB: RPDv1b","Lacustrine","Carbon-14","Radiocarbon",-43,14615.48,"Calibrated radiocarbon years BP","sedimentary charcoal","Data Sourcing: RPDv1b","Sample Age Source: GCDv4"
"1112",301,"charcoal | 150-500um num",315,315.5,316,1,9807.2,NA,NA,"GCDv4","Charcoal (sum)","150-500 µm",150,500,"False","False","number","Macroscopic charcoal (sieved)","direct",NA,"CHAR",116,NA,NA,"quant_raw",4.9,"volume","ml","RPDv1b","2067","charcoal","count","macrochar","wet_sieve","particle","150-500um num",NA,"150-500um","num","RPDv1b","measured",1,"RPDv1b","ELEMENT=150-500 µm","Yahoo Lake core",47.683333,-124.016667,710,"north","USA",NA,"sedlac",1112,1,2013,"Gavin, D.G., Brubaker, L.B., Greenwald, D.N., 2013. Postglacial climate and fire-mediated vegetation change on the western Olympic Peninsula, Washington (USA). Ecological Monographs 83, 471–489.","Postglacial climate and fire-mediated vegetation change on the western Olympic Peninsula, Washington (USA)","Ecological Monographs",83,NA,"471-489",NA,"10.1890/12-1742.1",NA,NA,NA,NA,NA,NA,NA,NA,NA,NA,NA,NA,NA,"RPDv1b:2067",1112,"Greenwald, D.N.",1,"Greenwald","D.N.",NA,NA,NA,NA,NA,NA,NA,NA,NA,"RPDv1b:2067",1112,"RPDv1b",2067,17624,356.5,3.565,"m",0.01,"AMS","wood",9980,115,NA,NA,"AA-20317",TRUE,NA,"NA Date is in uncalibrated radiocarbon years.","Yahoo Lake core_SIEVED","counted","150-500",NA,NA,"",9980,9865,10095,9980,356.5,0.01,"NA Date is in uncalibrated radiocarbon years.",". Cal curve: NA. Source DB: RPDv1b","Lacustrine","Carbon-14","Radiocarbon",-43,14615.48,"Calibrated radiocarbon years BP","sedimentary charcoal","Data Sourcing: RPDv1b","Sample Age Source: GCDv4"
"1112",302,"charcoal | 150-500um num",316,316.5,317,1,9844.01,NA,NA,"GCDv4","Charcoal (sum)","150-500 µm",150,500,"False","False","number","Macroscopic charcoal (sieved)","direct",NA,"CHAR",45,NA,NA,"quant_raw",4.9,"volume","ml","RPDv1b","2067","charcoal","count","macrochar","wet_sieve","particle","150-500um num",NA,"150-500um","num","RPDv1b","measured",1,"RPDv1b","ELEMENT=150-500 µm","Yahoo Lake core",47.683333,-124.016667,710,"north","USA",NA,"sedlac",1112,1,2013,"Gavin, D.G., Brubaker, L.B., Greenwald, D.N., 2013. Postglacial climate and fire-mediated vegetation change on the western Olympic Peninsula, Washington (USA). Ecological Monographs 83, 471–489.","Postglacial climate and fire-mediated vegetation change on the western Olympic Peninsula, Washington (USA)","Ecological Monographs",83,NA,"471-489",NA,"10.1890/12-1742.1",NA,NA,NA,NA,NA,NA,NA,NA,NA,NA,NA,NA,NA,"RPDv1b:2067",1112,"Greenwald, D.N.",1,"Greenwald","D.N.",NA,NA,NA,NA,NA,NA,NA,NA,NA,"RPDv1b:2067",1112,"RPDv1b",2067,17624,356.5,3.565,"m",0.01,"AMS","wood",9980,115,NA,NA,"AA-20317",TRUE,NA,"NA Date is in uncalibrated radiocarbon years.","Yahoo Lake core_SIEVED","counted","150-500",NA,NA,"",9980,9865,10095,9980,356.5,0.01,"NA Date is in uncalibrated radiocarbon years.",". Cal curve: NA. Source DB: RPDv1b","Lacustrine","Carbon-14","Radiocarbon",-43,14615.48,"Calibrated radiocarbon years BP","sedimentary charcoal","Data Sourcing: RPDv1b","Sample Age Source: GCDv4"
"1112",303,"charcoal | 150-500um num",317,317.5,318,1,9881.09,NA,NA,"GCDv4","Charcoal (sum)","150-500 µm",150,500,"False","False","number","Macroscopic charcoal (sieved)","direct",NA,"CHAR",58,NA,NA,"quant_raw",4.9,"volume","ml","RPDv1b","2067","charcoal","count","macrochar","wet_sieve","particle","150-500um num",NA,"150-500um","num","RPDv1b","measured",1,"RPDv1b","ELEMENT=150-500 µm","Yahoo Lake core",47.683333,-124.016667,710,"north","USA",NA,"sedlac",1112,1,2013,"Gavin, D.G., Brubaker, L.B., Greenwald, D.N., 2013. Postglacial climate and fire-mediated vegetation change on the western Olympic Peninsula, Washington (USA). Ecological Monographs 83, 471–489.","Postglacial climate and fire-mediated vegetation change on the western Olympic Peninsula, Washington (USA)","Ecological Monographs",83,NA,"471-489",NA,"10.1890/12-1742.1",NA,NA,NA,NA,NA,NA,NA,NA,NA,NA,NA,NA,NA,"RPDv1b:2067",1112,"Greenwald, D.N.",1,"Greenwald","D.N.",NA,NA,NA,NA,NA,NA,NA,NA,NA,"RPDv1b:2067",1112,"RPDv1b",2067,17624,356.5,3.565,"m",0.01,"AMS","wood",9980,115,NA,NA,"AA-20317",TRUE,NA,"NA Date is in uncalibrated radiocarbon years.","Yahoo Lake core_SIEVED","counted","150-500",NA,NA,"",9980,9865,10095,9980,356.5,0.01,"NA Date is in uncalibrated radiocarbon years.",". Cal curve: NA. Source DB: RPDv1b","Lacustrine","Carbon-14","Radiocarbon",-43,14615.48,"Calibrated radiocarbon years BP","sedimentary charcoal","Data Sourcing: RPDv1b","Sample Age Source: GCDv4"
"1112",304,"charcoal | 150-500um num",318,318.5,319,1,9918.43,NA,NA,"GCDv4","Charcoal (sum)","150-500 µm",150,500,"False","False","number","Macroscopic charcoal (sieved)","direct",NA,"CHAR",33,NA,NA,"quant_raw",5,"volume","ml","RPDv1b","2067","charcoal","count","macrochar","wet_sieve","particle","150-500um num",NA,"150-500um","num","RPDv1b","measured",1,"RPDv1b","ELEMENT=150-500 µm","Yahoo Lake core",47.683333,-124.016667,710,"north","USA",NA,"sedlac",1112,1,2013,"Gavin, D.G., Brubaker, L.B., Greenwald, D.N., 2013. Postglacial climate and fire-mediated vegetation change on the western Olympic Peninsula, Washington (USA). Ecological Monographs 83, 471–489.","Postglacial climate and fire-mediated vegetation change on the western Olympic Peninsula, Washington (USA)","Ecological Monographs",83,NA,"471-489",NA,"10.1890/12-1742.1",NA,NA,NA,NA,NA,NA,NA,NA,NA,NA,NA,NA,NA,"RPDv1b:2067",1112,"Greenwald, D.N.",1,"Greenwald","D.N.",NA,NA,NA,NA,NA,NA,NA,NA,NA,"RPDv1b:2067",1112,"RPDv1b",2067,17624,356.5,3.565,"m",0.01,"AMS","wood",9980,115,NA,NA,"AA-20317",TRUE,NA,"NA Date is in uncalibrated radiocarbon years.","Yahoo Lake core_SIEVED","counted","150-500",NA,NA,"",9980,9865,10095,9980,356.5,0.01,"NA Date is in uncalibrated radiocarbon years.",". Cal curve: NA. Source DB: RPDv1b","Lacustrine","Carbon-14","Radiocarbon",-43,14615.48,"Calibrated radiocarbon years BP","sedimentary charcoal","Data Sourcing: RPDv1b","Sample Age Source: GCDv4"
"1112",305,"charcoal | 150-500um num",319,319.5,320,1,9956.03,NA,NA,"GCDv4","Charcoal (sum)","150-500 µm",150,500,"False","False","number","Macroscopic charcoal (sieved)","direct",NA,"CHAR",105,NA,NA,"quant_raw",5,"volume","ml","RPDv1b","2067","charcoal","count","macrochar","wet_sieve","particle","150-500um num",NA,"150-500um","num","RPDv1b","measured",1,"RPDv1b","ELEMENT=150-500 µm","Yahoo Lake core",47.683333,-124.016667,710,"north","USA",NA,"sedlac",1112,1,2013,"Gavin, D.G., Brubaker, L.B., Greenwald, D.N., 2013. Postglacial climate and fire-mediated vegetation change on the western Olympic Peninsula, Washington (USA). Ecological Monographs 83, 471–489.","Postglacial climate and fire-mediated vegetation change on the western Olympic Peninsula, Washington (USA)","Ecological Monographs",83,NA,"471-489",NA,"10.1890/12-1742.1",NA,NA,NA,NA,NA,NA,NA,NA,NA,NA,NA,NA,NA,"RPDv1b:2067",1112,"Greenwald, D.N.",1,"Greenwald","D.N.",NA,NA,NA,NA,NA,NA,NA,NA,NA,"RPDv1b:2067",1112,"RPDv1b",2067,17624,356.5,3.565,"m",0.01,"AMS","wood",9980,115,NA,NA,"AA-20317",TRUE,NA,"NA Date is in uncalibrated radiocarbon years.","Yahoo Lake core_SIEVED","counted","150-500",NA,NA,"",9980,9865,10095,9980,356.5,0.01,"NA Date is in uncalibrated radiocarbon years.",". Cal curve: NA. Source DB: RPDv1b","Lacustrine","Carbon-14","Radiocarbon",-43,14615.48,"Calibrated radiocarbon years BP","sedimentary charcoal","Data Sourcing: RPDv1b","Sample Age Source: GCDv4"
"1112",306,"charcoal | 150-500um num",320,320.5,321,1,9993.88,NA,NA,"GCDv4","Charcoal (sum)","150-500 µm",150,500,"False","False","number","Macroscopic charcoal (sieved)","direct",NA,"CHAR",483,NA,NA,"quant_raw",4.9,"volume","ml","RPDv1b","2067","charcoal","count","macrochar","wet_sieve","particle","150-500um num",NA,"150-500um","num","RPDv1b","measured",1,"RPDv1b","ELEMENT=150-500 µm","Yahoo Lake core",47.683333,-124.016667,710,"north","USA",NA,"sedlac",1112,1,2013,"Gavin, D.G., Brubaker, L.B., Greenwald, D.N., 2013. Postglacial climate and fire-mediated vegetation change on the western Olympic Peninsula, Washington (USA). Ecological Monographs 83, 471–489.","Postglacial climate and fire-mediated vegetation change on the western Olympic Peninsula, Washington (USA)","Ecological Monographs",83,NA,"471-489",NA,"10.1890/12-1742.1",NA,NA,NA,NA,NA,NA,NA,NA,NA,NA,NA,NA,NA,"RPDv1b:2067",1112,"Greenwald, D.N.",1,"Greenwald","D.N.",NA,NA,NA,NA,NA,NA,NA,NA,NA,"RPDv1b:2067",1112,"RPDv1b",2067,17624,356.5,3.565,"m",0.01,"AMS","wood",9980,115,NA,NA,"AA-20317",TRUE,NA,"NA Date is in uncalibrated radiocarbon years.","Yahoo Lake core_SIEVED","counted","150-500",NA,NA,"",9980,9865,10095,9980,356.5,0.01,"NA Date is in uncalibrated radiocarbon years.",". Cal curve: NA. Source DB: RPDv1b","Lacustrine","Carbon-14","Radiocarbon",-43,14615.48,"Calibrated radiocarbon years BP","sedimentary charcoal","Data Sourcing: RPDv1b","Sample Age Source: GCDv4"
"1112",307,"charcoal | 150-500um num",321,321.5,322,1,10031.96,NA,NA,"GCDv4","Charcoal (sum)","150-500 µm",150,500,"False","False","number","Macroscopic charcoal (sieved)","direct",NA,"CHAR",41,NA,NA,"quant_raw",4.9,"volume","ml","RPDv1b","2067","charcoal","count","macrochar","wet_sieve","particle","150-500um num",NA,"150-500um","num","RPDv1b","measured",1,"RPDv1b","ELEMENT=150-500 µm","Yahoo Lake core",47.683333,-124.016667,710,"north","USA",NA,"sedlac",1112,1,2013,"Gavin, D.G., Brubaker, L.B., Greenwald, D.N., 2013. Postglacial climate and fire-mediated vegetation change on the western Olympic Peninsula, Washington (USA). Ecological Monographs 83, 471–489.","Postglacial climate and fire-mediated vegetation change on the western Olympic Peninsula, Washington (USA)","Ecological Monographs",83,NA,"471-489",NA,"10.1890/12-1742.1",NA,NA,NA,NA,NA,NA,NA,NA,NA,NA,NA,NA,NA,"RPDv1b:2067",1112,"Greenwald, D.N.",1,"Greenwald","D.N.",NA,NA,NA,NA,NA,NA,NA,NA,NA,"RPDv1b:2067",1112,"RPDv1b",2067,17624,356.5,3.565,"m",0.01,"AMS","wood",9980,115,NA,NA,"AA-20317",TRUE,NA,"NA Date is in uncalibrated radiocarbon years.","Yahoo Lake core_SIEVED","counted","150-500",NA,NA,"",9980,9865,10095,9980,356.5,0.01,"NA Date is in uncalibrated radiocarbon years.",". Cal curve: NA. Source DB: RPDv1b","Lacustrine","Carbon-14","Radiocarbon",-43,14615.48,"Calibrated radiocarbon years BP","sedimentary charcoal","Data Sourcing: RPDv1b","Sample Age Source: GCDv4"
"1112",308,"charcoal | 150-500um num",322,322.5,323,1,10070.27,NA,NA,"GCDv4","Charcoal (sum)","150-500 µm",150,500,"False","False","number","Macroscopic charcoal (sieved)","direct",NA,"CHAR",59,NA,NA,"quant_raw",5,"volume","ml","RPDv1b","2067","charcoal","count","macrochar","wet_sieve","particle","150-500um num",NA,"150-500um","num","RPDv1b","measured",1,"RPDv1b","ELEMENT=150-500 µm","Yahoo Lake core",47.683333,-124.016667,710,"north","USA",NA,"sedlac",1112,1,2013,"Gavin, D.G., Brubaker, L.B., Greenwald, D.N., 2013. Postglacial climate and fire-mediated vegetation change on the western Olympic Peninsula, Washington (USA). Ecological Monographs 83, 471–489.","Postglacial climate and fire-mediated vegetation change on the western Olympic Peninsula, Washington (USA)","Ecological Monographs",83,NA,"471-489",NA,"10.1890/12-1742.1",NA,NA,NA,NA,NA,NA,NA,NA,NA,NA,NA,NA,NA,"RPDv1b:2067",1112,"Greenwald, D.N.",1,"Greenwald","D.N.",NA,NA,NA,NA,NA,NA,NA,NA,NA,"RPDv1b:2067",1112,"RPDv1b",2067,17624,356.5,3.565,"m",0.01,"AMS","wood",9980,115,NA,NA,"AA-20317",TRUE,NA,"NA Date is in uncalibrated radiocarbon years.","Yahoo Lake core_SIEVED","counted","150-500",NA,NA,"",9980,9865,10095,9980,356.5,0.01,"NA Date is in uncalibrated radiocarbon years.",". Cal curve: NA. Source DB: RPDv1b","Lacustrine","Carbon-14","Radiocarbon",-43,14615.48,"Calibrated radiocarbon years BP","sedimentary charcoal","Data Sourcing: RPDv1b","Sample Age Source: GCDv4"
"1112",309,"charcoal | 150-500um num",323,323.5,324,1,10108.81,NA,NA,"GCDv4","Charcoal (sum)","150-500 µm",150,500,"False","False","number","Macroscopic charcoal (sieved)","direct",NA,"CHAR",62,NA,NA,"quant_raw",4.9,"volume","ml","RPDv1b","2067","charcoal","count","macrochar","wet_sieve","particle","150-500um num",NA,"150-500um","num","RPDv1b","measured",1,"RPDv1b","ELEMENT=150-500 µm","Yahoo Lake core",47.683333,-124.016667,710,"north","USA",NA,"sedlac",1112,1,2013,"Gavin, D.G., Brubaker, L.B., Greenwald, D.N., 2013. Postglacial climate and fire-mediated vegetation change on the western Olympic Peninsula, Washington (USA). Ecological Monographs 83, 471–489.","Postglacial climate and fire-mediated vegetation change on the western Olympic Peninsula, Washington (USA)","Ecological Monographs",83,NA,"471-489",NA,"10.1890/12-1742.1",NA,NA,NA,NA,NA,NA,NA,NA,NA,NA,NA,NA,NA,"RPDv1b:2067",1112,"Greenwald, D.N.",1,"Greenwald","D.N.",NA,NA,NA,NA,NA,NA,NA,NA,NA,"RPDv1b:2067",1112,"RPDv1b",2067,17624,356.5,3.565,"m",0.01,"AMS","wood",9980,115,NA,NA,"AA-20317",TRUE,NA,"NA Date is in uncalibrated radiocarbon years.","Yahoo Lake core_SIEVED","counted","150-500",NA,NA,"",9980,9865,10095,9980,356.5,0.01,"NA Date is in uncalibrated radiocarbon years.",". Cal curve: NA. Source DB: RPDv1b","Lacustrine","Carbon-14","Radiocarbon",-43,14615.48,"Calibrated radiocarbon years BP","sedimentary charcoal","Data Sourcing: RPDv1b","Sample Age Source: GCDv4"
"1112",310,"charcoal | 150-500um num",324,324.5,325,1,10147.55,NA,NA,"GCDv4","Charcoal (sum)","150-500 µm",150,500,"False","False","number","Macroscopic charcoal (sieved)","direct",NA,"CHAR",40,NA,NA,"quant_raw",5,"volume","ml","RPDv1b","2067","charcoal","count","macrochar","wet_sieve","particle","150-500um num",NA,"150-500um","num","RPDv1b","measured",1,"RPDv1b","ELEMENT=150-500 µm","Yahoo Lake core",47.683333,-124.016667,710,"north","USA",NA,"sedlac",1112,1,2013,"Gavin, D.G., Brubaker, L.B., Greenwald, D.N., 2013. Postglacial climate and fire-mediated vegetation change on the western Olympic Peninsula, Washington (USA). Ecological Monographs 83, 471–489.","Postglacial climate and fire-mediated vegetation change on the western Olympic Peninsula, Washington (USA)","Ecological Monographs",83,NA,"471-489",NA,"10.1890/12-1742.1",NA,NA,NA,NA,NA,NA,NA,NA,NA,NA,NA,NA,NA,"RPDv1b:2067",1112,"Greenwald, D.N.",1,"Greenwald","D.N.",NA,NA,NA,NA,NA,NA,NA,NA,NA,"RPDv1b:2067",1112,"RPDv1b",2067,17624,356.5,3.565,"m",0.01,"AMS","wood",9980,115,NA,NA,"AA-20317",TRUE,NA,"NA Date is in uncalibrated radiocarbon years.","Yahoo Lake core_SIEVED","counted","150-500",NA,NA,"",9980,9865,10095,9980,356.5,0.01,"NA Date is in uncalibrated radiocarbon years.",". Cal curve: NA. Source DB: RPDv1b","Lacustrine","Carbon-14","Radiocarbon",-43,14615.48,"Calibrated radiocarbon years BP","sedimentary charcoal","Data Sourcing: RPDv1b","Sample Age Source: GCDv4"
"1112",311,"charcoal | 150-500um num",325,325.5,326,1,10186.5,NA,NA,"GCDv4","Charcoal (sum)","150-500 µm",150,500,"False","False","number","Macroscopic charcoal (sieved)","direct",NA,"CHAR",64,NA,NA,"quant_raw",4.9,"volume","ml","RPDv1b","2067","charcoal","count","macrochar","wet_sieve","particle","150-500um num",NA,"150-500um","num","RPDv1b","measured",1,"RPDv1b","ELEMENT=150-500 µm","Yahoo Lake core",47.683333,-124.016667,710,"north","USA",NA,"sedlac",1112,1,2013,"Gavin, D.G., Brubaker, L.B., Greenwald, D.N., 2013. Postglacial climate and fire-mediated vegetation change on the western Olympic Peninsula, Washington (USA). Ecological Monographs 83, 471–489.","Postglacial climate and fire-mediated vegetation change on the western Olympic Peninsula, Washington (USA)","Ecological Monographs",83,NA,"471-489",NA,"10.1890/12-1742.1",NA,NA,NA,NA,NA,NA,NA,NA,NA,NA,NA,NA,NA,"RPDv1b:2067",1112,"Greenwald, D.N.",1,"Greenwald","D.N.",NA,NA,NA,NA,NA,NA,NA,NA,NA,"RPDv1b:2067",1112,"RPDv1b",2067,17624,356.5,3.565,"m",0.01,"AMS","wood",9980,115,NA,NA,"AA-20317",TRUE,NA,"NA Date is in uncalibrated radiocarbon years.","Yahoo Lake core_SIEVED","counted","150-500",NA,NA,"",9980,9865,10095,9980,356.5,0.01,"NA Date is in uncalibrated radiocarbon years.",". Cal curve: NA. Source DB: RPDv1b","Lacustrine","Carbon-14","Radiocarbon",-43,14615.48,"Calibrated radiocarbon years BP","sedimentary charcoal","Data Sourcing: RPDv1b","Sample Age Source: GCDv4"
"1112",312,"charcoal | 150-500um num",326,326.5,327,1,10225.65,NA,NA,"GCDv4","Charcoal (sum)","150-500 µm",150,500,"False","False","number","Macroscopic charcoal (sieved)","direct",NA,"CHAR",84,NA,NA,"quant_raw",5,"volume","ml","RPDv1b","2067","charcoal","count","macrochar","wet_sieve","particle","150-500um num",NA,"150-500um","num","RPDv1b","measured",1,"RPDv1b","ELEMENT=150-500 µm","Yahoo Lake core",47.683333,-124.016667,710,"north","USA",NA,"sedlac",1112,1,2013,"Gavin, D.G., Brubaker, L.B., Greenwald, D.N., 2013. Postglacial climate and fire-mediated vegetation change on the western Olympic Peninsula, Washington (USA). Ecological Monographs 83, 471–489.","Postglacial climate and fire-mediated vegetation change on the western Olympic Peninsula, Washington (USA)","Ecological Monographs",83,NA,"471-489",NA,"10.1890/12-1742.1",NA,NA,NA,NA,NA,NA,NA,NA,NA,NA,NA,NA,NA,"RPDv1b:2067",1112,"Greenwald, D.N.",1,"Greenwald","D.N.",NA,NA,NA,NA,NA,NA,NA,NA,NA,"RPDv1b:2067",1112,"RPDv1b",2067,17624,356.5,3.565,"m",0.01,"AMS","wood",9980,115,NA,NA,"AA-20317",TRUE,NA,"NA Date is in uncalibrated radiocarbon years.","Yahoo Lake core_SIEVED","counted","150-500",NA,NA,"",9980,9865,10095,9980,356.5,0.01,"NA Date is in uncalibrated radiocarbon years.",". Cal curve: NA. Source DB: RPDv1b","Lacustrine","Carbon-14","Radiocarbon",-43,14615.48,"Calibrated radiocarbon years BP","sedimentary charcoal","Data Sourcing: RPDv1b","Sample Age Source: GCDv4"
"1112",313,"charcoal | 150-500um num",327,327.5,328,1,10264.98,NA,NA,"GCDv4","Charcoal (sum)","150-500 µm",150,500,"False","False","number","Macroscopic charcoal (sieved)","direct",NA,"CHAR",82,NA,NA,"quant_raw",4.9,"volume","ml","RPDv1b","2067","charcoal","count","macrochar","wet_sieve","particle","150-500um num",NA,"150-500um","num","RPDv1b","measured",1,"RPDv1b","ELEMENT=150-500 µm","Yahoo Lake core",47.683333,-124.016667,710,"north","USA",NA,"sedlac",1112,1,2013,"Gavin, D.G., Brubaker, L.B., Greenwald, D.N., 2013. Postglacial climate and fire-mediated vegetation change on the western Olympic Peninsula, Washington (USA). Ecological Monographs 83, 471–489.","Postglacial climate and fire-mediated vegetation change on the western Olympic Peninsula, Washington (USA)","Ecological Monographs",83,NA,"471-489",NA,"10.1890/12-1742.1",NA,NA,NA,NA,NA,NA,NA,NA,NA,NA,NA,NA,NA,"RPDv1b:2067",1112,"Greenwald, D.N.",1,"Greenwald","D.N.",NA,NA,NA,NA,NA,NA,NA,NA,NA,"RPDv1b:2067",1112,"RPDv1b",2067,17624,356.5,3.565,"m",0.01,"AMS","wood",9980,115,NA,NA,"AA-20317",TRUE,NA,"NA Date is in uncalibrated radiocarbon years.","Yahoo Lake core_SIEVED","counted","150-500",NA,NA,"",9980,9865,10095,9980,356.5,0.01,"NA Date is in uncalibrated radiocarbon years.",". Cal curve: NA. Source DB: RPDv1b","Lacustrine","Carbon-14","Radiocarbon",-43,14615.48,"Calibrated radiocarbon years BP","sedimentary charcoal","Data Sourcing: RPDv1b","Sample Age Source: GCDv4"
"1112",314,"charcoal | 150-500um num",328,328.5,329,1,10304.48,NA,NA,"GCDv4","Charcoal (sum)","150-500 µm",150,500,"False","False","number","Macroscopic charcoal (sieved)","direct",NA,"CHAR",29,NA,NA,"quant_raw",4.8,"volume","ml","RPDv1b","2067","charcoal","count","macrochar","wet_sieve","particle","150-500um num",NA,"150-500um","num","RPDv1b","measured",1,"RPDv1b","ELEMENT=150-500 µm","Yahoo Lake core",47.683333,-124.016667,710,"north","USA",NA,"sedlac",1112,1,2013,"Gavin, D.G., Brubaker, L.B., Greenwald, D.N., 2013. Postglacial climate and fire-mediated vegetation change on the western Olympic Peninsula, Washington (USA). Ecological Monographs 83, 471–489.","Postglacial climate and fire-mediated vegetation change on the western Olympic Peninsula, Washington (USA)","Ecological Monographs",83,NA,"471-489",NA,"10.1890/12-1742.1",NA,NA,NA,NA,NA,NA,NA,NA,NA,NA,NA,NA,NA,"RPDv1b:2067",1112,"Greenwald, D.N.",1,"Greenwald","D.N.",NA,NA,NA,NA,NA,NA,NA,NA,NA,"RPDv1b:2067",1112,"RPDv1b",2067,17624,356.5,3.565,"m",0.01,"AMS","wood",9980,115,NA,NA,"AA-20317",TRUE,NA,"NA Date is in uncalibrated radiocarbon years.","Yahoo Lake core_SIEVED","counted","150-500",NA,NA,"",9980,9865,10095,9980,356.5,0.01,"NA Date is in uncalibrated radiocarbon years.",". Cal curve: NA. Source DB: RPDv1b","Lacustrine","Carbon-14","Radiocarbon",-43,14615.48,"Calibrated radiocarbon years BP","sedimentary charcoal","Data Sourcing: RPDv1b","Sample Age Source: GCDv4"
"1112",315,"charcoal | 150-500um num",329,329.5,330,1,10344.16,NA,NA,"GCDv4","Charcoal (sum)","150-500 µm",150,500,"False","False","number","Macroscopic charcoal (sieved)","direct",NA,"CHAR",32,NA,NA,"quant_raw",4.9,"volume","ml","RPDv1b","2067","charcoal","count","macrochar","wet_sieve","particle","150-500um num",NA,"150-500um","num","RPDv1b","measured",1,"RPDv1b","ELEMENT=150-500 µm","Yahoo Lake core",47.683333,-124.016667,710,"north","USA",NA,"sedlac",1112,1,2013,"Gavin, D.G., Brubaker, L.B., Greenwald, D.N., 2013. Postglacial climate and fire-mediated vegetation change on the western Olympic Peninsula, Washington (USA). Ecological Monographs 83, 471–489.","Postglacial climate and fire-mediated vegetation change on the western Olympic Peninsula, Washington (USA)","Ecological Monographs",83,NA,"471-489",NA,"10.1890/12-1742.1",NA,NA,NA,NA,NA,NA,NA,NA,NA,NA,NA,NA,NA,"RPDv1b:2067",1112,"Greenwald, D.N.",1,"Greenwald","D.N.",NA,NA,NA,NA,NA,NA,NA,NA,NA,"RPDv1b:2067",1112,"RPDv1b",2067,17624,356.5,3.565,"m",0.01,"AMS","wood",9980,115,NA,NA,"AA-20317",TRUE,NA,"NA Date is in uncalibrated radiocarbon years.","Yahoo Lake core_SIEVED","counted","150-500",NA,NA,"",9980,9865,10095,9980,356.5,0.01,"NA Date is in uncalibrated radiocarbon years.",". Cal curve: NA. Source DB: RPDv1b","Lacustrine","Carbon-14","Radiocarbon",-43,14615.48,"Calibrated radiocarbon years BP","sedimentary charcoal","Data Sourcing: RPDv1b","Sample Age Source: GCDv4"
"1112",316,"charcoal | 150-500um num",330,330.5,331,1,10383.99,NA,NA,"GCDv4","Charcoal (sum)","150-500 µm",150,500,"False","False","number","Macroscopic charcoal (sieved)","direct",NA,"CHAR",86,NA,NA,"quant_raw",4.9,"volume","ml","RPDv1b","2067","charcoal","count","macrochar","wet_sieve","particle","150-500um num",NA,"150-500um","num","RPDv1b","measured",1,"RPDv1b","ELEMENT=150-500 µm","Yahoo Lake core",47.683333,-124.016667,710,"north","USA",NA,"sedlac",1112,1,2013,"Gavin, D.G., Brubaker, L.B., Greenwald, D.N., 2013. Postglacial climate and fire-mediated vegetation change on the western Olympic Peninsula, Washington (USA). Ecological Monographs 83, 471–489.","Postglacial climate and fire-mediated vegetation change on the western Olympic Peninsula, Washington (USA)","Ecological Monographs",83,NA,"471-489",NA,"10.1890/12-1742.1",NA,NA,NA,NA,NA,NA,NA,NA,NA,NA,NA,NA,NA,"RPDv1b:2067",1112,"Greenwald, D.N.",1,"Greenwald","D.N.",NA,NA,NA,NA,NA,NA,NA,NA,NA,"RPDv1b:2067",1112,"RPDv1b",2067,17624,356.5,3.565,"m",0.01,"AMS","wood",9980,115,NA,NA,"AA-20317",TRUE,NA,"NA Date is in uncalibrated radiocarbon years.","Yahoo Lake core_SIEVED","counted","150-500",NA,NA,"",9980,9865,10095,9980,356.5,0.01,"NA Date is in uncalibrated radiocarbon years.",". Cal curve: NA. Source DB: RPDv1b","Lacustrine","Carbon-14","Radiocarbon",-43,14615.48,"Calibrated radiocarbon years BP","sedimentary charcoal","Data Sourcing: RPDv1b","Sample Age Source: GCDv4"
"1112",317,"charcoal | 150-500um num",331,331.5,332,1,10423.97,NA,NA,"GCDv4","Charcoal (sum)","150-500 µm",150,500,"False","False","number","Macroscopic charcoal (sieved)","direct",NA,"CHAR",69,NA,NA,"quant_raw",4.2,"volume","ml","RPDv1b","2067","charcoal","count","macrochar","wet_sieve","particle","150-500um num",NA,"150-500um","num","RPDv1b","measured",1,"RPDv1b","ELEMENT=150-500 µm","Yahoo Lake core",47.683333,-124.016667,710,"north","USA",NA,"sedlac",1112,1,2013,"Gavin, D.G., Brubaker, L.B., Greenwald, D.N., 2013. Postglacial climate and fire-mediated vegetation change on the western Olympic Peninsula, Washington (USA). Ecological Monographs 83, 471–489.","Postglacial climate and fire-mediated vegetation change on the western Olympic Peninsula, Washington (USA)","Ecological Monographs",83,NA,"471-489",NA,"10.1890/12-1742.1",NA,NA,NA,NA,NA,NA,NA,NA,NA,NA,NA,NA,NA,"RPDv1b:2067",1112,"Greenwald, D.N.",1,"Greenwald","D.N.",NA,NA,NA,NA,NA,NA,NA,NA,NA,"RPDv1b:2067",1112,"RPDv1b",2067,17624,356.5,3.565,"m",0.01,"AMS","wood",9980,115,NA,NA,"AA-20317",TRUE,NA,"NA Date is in uncalibrated radiocarbon years.","Yahoo Lake core_SIEVED","counted","150-500",NA,NA,"",9980,9865,10095,9980,356.5,0.01,"NA Date is in uncalibrated radiocarbon years.",". Cal curve: NA. Source DB: RPDv1b","Lacustrine","Carbon-14","Radiocarbon",-43,14615.48,"Calibrated radiocarbon years BP","sedimentary charcoal","Data Sourcing: RPDv1b","Sample Age Source: GCDv4"
"1112",318,"charcoal | 150-500um num",332,332.5,333,1,10464.1,NA,NA,"GCDv4","Charcoal (sum)","150-500 µm",150,500,"False","False","number","Macroscopic charcoal (sieved)","direct",NA,"CHAR",42,NA,NA,"quant_raw",4.8,"volume","ml","RPDv1b","2067","charcoal","count","macrochar","wet_sieve","particle","150-500um num",NA,"150-500um","num","RPDv1b","measured",1,"RPDv1b","ELEMENT=150-500 µm","Yahoo Lake core",47.683333,-124.016667,710,"north","USA",NA,"sedlac",1112,1,2013,"Gavin, D.G., Brubaker, L.B., Greenwald, D.N., 2013. Postglacial climate and fire-mediated vegetation change on the western Olympic Peninsula, Washington (USA). Ecological Monographs 83, 471–489.","Postglacial climate and fire-mediated vegetation change on the western Olympic Peninsula, Washington (USA)","Ecological Monographs",83,NA,"471-489",NA,"10.1890/12-1742.1",NA,NA,NA,NA,NA,NA,NA,NA,NA,NA,NA,NA,NA,"RPDv1b:2067",1112,"Greenwald, D.N.",1,"Greenwald","D.N.",NA,NA,NA,NA,NA,NA,NA,NA,NA,"RPDv1b:2067",1112,"RPDv1b",2067,17624,356.5,3.565,"m",0.01,"AMS","wood",9980,115,NA,NA,"AA-20317",TRUE,NA,"NA Date is in uncalibrated radiocarbon years.","Yahoo Lake core_SIEVED","counted","150-500",NA,NA,"",9980,9865,10095,9980,356.5,0.01,"NA Date is in uncalibrated radiocarbon years.",". Cal curve: NA. Source DB: RPDv1b","Lacustrine","Carbon-14","Radiocarbon",-43,14615.48,"Calibrated radiocarbon years BP","sedimentary charcoal","Data Sourcing: RPDv1b","Sample Age Source: GCDv4"
"1112",319,"charcoal | 150-500um num",333,333.5,334,1,10504.36,NA,NA,"GCDv4","Charcoal (sum)","150-500 µm",150,500,"False","False","number","Macroscopic charcoal (sieved)","direct",NA,"CHAR",81,NA,NA,"quant_raw",4.9,"volume","ml","RPDv1b","2067","charcoal","count","macrochar","wet_sieve","particle","150-500um num",NA,"150-500um","num","RPDv1b","measured",1,"RPDv1b","ELEMENT=150-500 µm","Yahoo Lake core",47.683333,-124.016667,710,"north","USA",NA,"sedlac",1112,1,2013,"Gavin, D.G., Brubaker, L.B., Greenwald, D.N., 2013. Postglacial climate and fire-mediated vegetation change on the western Olympic Peninsula, Washington (USA). Ecological Monographs 83, 471–489.","Postglacial climate and fire-mediated vegetation change on the western Olympic Peninsula, Washington (USA)","Ecological Monographs",83,NA,"471-489",NA,"10.1890/12-1742.1",NA,NA,NA,NA,NA,NA,NA,NA,NA,NA,NA,NA,NA,"RPDv1b:2067",1112,"Greenwald, D.N.",1,"Greenwald","D.N.",NA,NA,NA,NA,NA,NA,NA,NA,NA,"RPDv1b:2067",1112,"RPDv1b",2067,17624,356.5,3.565,"m",0.01,"AMS","wood",9980,115,NA,NA,"AA-20317",TRUE,NA,"NA Date is in uncalibrated radiocarbon years.","Yahoo Lake core_SIEVED","counted","150-500",NA,NA,"",9980,9865,10095,9980,356.5,0.01,"NA Date is in uncalibrated radiocarbon years.",". Cal curve: NA. Source DB: RPDv1b","Lacustrine","Carbon-14","Radiocarbon",-43,14615.48,"Calibrated radiocarbon years BP","sedimentary charcoal","Data Sourcing: RPDv1b","Sample Age Source: GCDv4"
"1112",320,"charcoal | 150-500um num",334,334.5,335,1,10544.74,NA,NA,"GCDv4","Charcoal (sum)","150-500 µm",150,500,"False","False","number","Macroscopic charcoal (sieved)","direct",NA,"CHAR",43,NA,NA,"quant_raw",4.9,"volume","ml","RPDv1b","2067","charcoal","count","macrochar","wet_sieve","particle","150-500um num",NA,"150-500um","num","RPDv1b","measured",1,"RPDv1b","ELEMENT=150-500 µm","Yahoo Lake core",47.683333,-124.016667,710,"north","USA",NA,"sedlac",1112,1,2013,"Gavin, D.G., Brubaker, L.B., Greenwald, D.N., 2013. Postglacial climate and fire-mediated vegetation change on the western Olympic Peninsula, Washington (USA). Ecological Monographs 83, 471–489.","Postglacial climate and fire-mediated vegetation change on the western Olympic Peninsula, Washington (USA)","Ecological Monographs",83,NA,"471-489",NA,"10.1890/12-1742.1",NA,NA,NA,NA,NA,NA,NA,NA,NA,NA,NA,NA,NA,"RPDv1b:2067",1112,"Greenwald, D.N.",1,"Greenwald","D.N.",NA,NA,NA,NA,NA,NA,NA,NA,NA,"RPDv1b:2067",1112,"RPDv1b",2067,17624,356.5,3.565,"m",0.01,"AMS","wood",9980,115,NA,NA,"AA-20317",TRUE,NA,"NA Date is in uncalibrated radiocarbon years.","Yahoo Lake core_SIEVED","counted","150-500",NA,NA,"",9980,9865,10095,9980,356.5,0.01,"NA Date is in uncalibrated radiocarbon years.",". Cal curve: NA. Source DB: RPDv1b","Lacustrine","Carbon-14","Radiocarbon",-43,14615.48,"Calibrated radiocarbon years BP","sedimentary charcoal","Data Sourcing: RPDv1b","Sample Age Source: GCDv4"
"1112",321,"charcoal | 150-500um num",335,335.5,336,1,10585.24,NA,NA,"GCDv4","Charcoal (sum)","150-500 µm",150,500,"False","False","number","Macroscopic charcoal (sieved)","direct",NA,"CHAR",41,NA,NA,"quant_raw",5,"volume","ml","RPDv1b","2067","charcoal","count","macrochar","wet_sieve","particle","150-500um num",NA,"150-500um","num","RPDv1b","measured",1,"RPDv1b","ELEMENT=150-500 µm","Yahoo Lake core",47.683333,-124.016667,710,"north","USA",NA,"sedlac",1112,1,2013,"Gavin, D.G., Brubaker, L.B., Greenwald, D.N., 2013. Postglacial climate and fire-mediated vegetation change on the western Olympic Peninsula, Washington (USA). Ecological Monographs 83, 471–489.","Postglacial climate and fire-mediated vegetation change on the western Olympic Peninsula, Washington (USA)","Ecological Monographs",83,NA,"471-489",NA,"10.1890/12-1742.1",NA,NA,NA,NA,NA,NA,NA,NA,NA,NA,NA,NA,NA,"RPDv1b:2067",1112,"Greenwald, D.N.",1,"Greenwald","D.N.",NA,NA,NA,NA,NA,NA,NA,NA,NA,"RPDv1b:2067",1112,"RPDv1b",2067,17624,356.5,3.565,"m",0.01,"AMS","wood",9980,115,NA,NA,"AA-20317",TRUE,NA,"NA Date is in uncalibrated radiocarbon years.","Yahoo Lake core_SIEVED","counted","150-500",NA,NA,"",9980,9865,10095,9980,356.5,0.01,"NA Date is in uncalibrated radiocarbon years.",". Cal curve: NA. Source DB: RPDv1b","Lacustrine","Carbon-14","Radiocarbon",-43,14615.48,"Calibrated radiocarbon years BP","sedimentary charcoal","Data Sourcing: RPDv1b","Sample Age Source: GCDv4"
"1112",322,"charcoal | 150-500um num",336,336.5,337,1,10625.84,NA,NA,"GCDv4","Charcoal (sum)","150-500 µm",150,500,"False","False","number","Macroscopic charcoal (sieved)","direct",NA,"CHAR",99,NA,NA,"quant_raw",5,"volume","ml","RPDv1b","2067","charcoal","count","macrochar","wet_sieve","particle","150-500um num",NA,"150-500um","num","RPDv1b","measured",1,"RPDv1b","ELEMENT=150-500 µm","Yahoo Lake core",47.683333,-124.016667,710,"north","USA",NA,"sedlac",1112,1,2013,"Gavin, D.G., Brubaker, L.B., Greenwald, D.N., 2013. Postglacial climate and fire-mediated vegetation change on the western Olympic Peninsula, Washington (USA). Ecological Monographs 83, 471–489.","Postglacial climate and fire-mediated vegetation change on the western Olympic Peninsula, Washington (USA)","Ecological Monographs",83,NA,"471-489",NA,"10.1890/12-1742.1",NA,NA,NA,NA,NA,NA,NA,NA,NA,NA,NA,NA,NA,"RPDv1b:2067",1112,"Greenwald, D.N.",1,"Greenwald","D.N.",NA,NA,NA,NA,NA,NA,NA,NA,NA,"RPDv1b:2067",1112,"RPDv1b",2067,17624,356.5,3.565,"m",0.01,"AMS","wood",9980,115,NA,NA,"AA-20317",TRUE,NA,"NA Date is in uncalibrated radiocarbon years.","Yahoo Lake core_SIEVED","counted","150-500",NA,NA,"",9980,9865,10095,9980,356.5,0.01,"NA Date is in uncalibrated radiocarbon years.",". Cal curve: NA. Source DB: RPDv1b","Lacustrine","Carbon-14","Radiocarbon",-43,14615.48,"Calibrated radiocarbon years BP","sedimentary charcoal","Data Sourcing: RPDv1b","Sample Age Source: GCDv4"
"1112",323,"charcoal | 150-500um num",337,337.5,338,1,10666.54,NA,NA,"GCDv4","Charcoal (sum)","150-500 µm",150,500,"False","False","number","Macroscopic charcoal (sieved)","direct",NA,"CHAR",75,NA,NA,"quant_raw",4.8,"volume","ml","RPDv1b","2067","charcoal","count","macrochar","wet_sieve","particle","150-500um num",NA,"150-500um","num","RPDv1b","measured",1,"RPDv1b","ELEMENT=150-500 µm","Yahoo Lake core",47.683333,-124.016667,710,"north","USA",NA,"sedlac",1112,1,2013,"Gavin, D.G., Brubaker, L.B., Greenwald, D.N., 2013. Postglacial climate and fire-mediated vegetation change on the western Olympic Peninsula, Washington (USA). Ecological Monographs 83, 471–489.","Postglacial climate and fire-mediated vegetation change on the western Olympic Peninsula, Washington (USA)","Ecological Monographs",83,NA,"471-489",NA,"10.1890/12-1742.1",NA,NA,NA,NA,NA,NA,NA,NA,NA,NA,NA,NA,NA,"RPDv1b:2067",1112,"Greenwald, D.N.",1,"Greenwald","D.N.",NA,NA,NA,NA,NA,NA,NA,NA,NA,"RPDv1b:2067",1112,"RPDv1b",2067,17624,356.5,3.565,"m",0.01,"AMS","wood",9980,115,NA,NA,"AA-20317",TRUE,NA,"NA Date is in uncalibrated radiocarbon years.","Yahoo Lake core_SIEVED","counted","150-500",NA,NA,"",9980,9865,10095,9980,356.5,0.01,"NA Date is in uncalibrated radiocarbon years.",". Cal curve: NA. Source DB: RPDv1b","Lacustrine","Carbon-14","Radiocarbon",-43,14615.48,"Calibrated radiocarbon years BP","sedimentary charcoal","Data Sourcing: RPDv1b","Sample Age Source: GCDv4"
"1112",324,"charcoal | 150-500um num",338,338.5,339,1,10707.33,NA,NA,"GCDv4","Charcoal (sum)","150-500 µm",150,500,"False","False","number","Macroscopic charcoal (sieved)","direct",NA,"CHAR",53,NA,NA,"quant_raw",5,"volume","ml","RPDv1b","2067","charcoal","count","macrochar","wet_sieve","particle","150-500um num",NA,"150-500um","num","RPDv1b","measured",1,"RPDv1b","ELEMENT=150-500 µm","Yahoo Lake core",47.683333,-124.016667,710,"north","USA",NA,"sedlac",1112,1,2013,"Gavin, D.G., Brubaker, L.B., Greenwald, D.N., 2013. Postglacial climate and fire-mediated vegetation change on the western Olympic Peninsula, Washington (USA). Ecological Monographs 83, 471–489.","Postglacial climate and fire-mediated vegetation change on the western Olympic Peninsula, Washington (USA)","Ecological Monographs",83,NA,"471-489",NA,"10.1890/12-1742.1",NA,NA,NA,NA,NA,NA,NA,NA,NA,NA,NA,NA,NA,"RPDv1b:2067",1112,"Greenwald, D.N.",1,"Greenwald","D.N.",NA,NA,NA,NA,NA,NA,NA,NA,NA,"RPDv1b:2067",1112,"RPDv1b",2067,17624,356.5,3.565,"m",0.01,"AMS","wood",9980,115,NA,NA,"AA-20317",TRUE,NA,"NA Date is in uncalibrated radiocarbon years.","Yahoo Lake core_SIEVED","counted","150-500",NA,NA,"",9980,9865,10095,9980,356.5,0.01,"NA Date is in uncalibrated radiocarbon years.",". Cal curve: NA. Source DB: RPDv1b","Lacustrine","Carbon-14","Radiocarbon",-43,14615.48,"Calibrated radiocarbon years BP","sedimentary charcoal","Data Sourcing: RPDv1b","Sample Age Source: GCDv4"
"1112",325,"charcoal | 150-500um num",339,339.5,340,1,10748.21,NA,NA,"GCDv4","Charcoal (sum)","150-500 µm",150,500,"False","False","number","Macroscopic charcoal (sieved)","direct",NA,"CHAR",82,NA,NA,"quant_raw",5,"volume","ml","RPDv1b","2067","charcoal","count","macrochar","wet_sieve","particle","150-500um num",NA,"150-500um","num","RPDv1b","measured",1,"RPDv1b","ELEMENT=150-500 µm","Yahoo Lake core",47.683333,-124.016667,710,"north","USA",NA,"sedlac",1112,1,2013,"Gavin, D.G., Brubaker, L.B., Greenwald, D.N., 2013. Postglacial climate and fire-mediated vegetation change on the western Olympic Peninsula, Washington (USA). Ecological Monographs 83, 471–489.","Postglacial climate and fire-mediated vegetation change on the western Olympic Peninsula, Washington (USA)","Ecological Monographs",83,NA,"471-489",NA,"10.1890/12-1742.1",NA,NA,NA,NA,NA,NA,NA,NA,NA,NA,NA,NA,NA,"RPDv1b:2067",1112,"Greenwald, D.N.",1,"Greenwald","D.N.",NA,NA,NA,NA,NA,NA,NA,NA,NA,"RPDv1b:2067",1112,"RPDv1b",2067,17624,356.5,3.565,"m",0.01,"AMS","wood",9980,115,NA,NA,"AA-20317",TRUE,NA,"NA Date is in uncalibrated radiocarbon years.","Yahoo Lake core_SIEVED","counted","150-500",NA,NA,"",9980,9865,10095,9980,356.5,0.01,"NA Date is in uncalibrated radiocarbon years.",". Cal curve: NA. Source DB: RPDv1b","Lacustrine","Carbon-14","Radiocarbon",-43,14615.48,"Calibrated radiocarbon years BP","sedimentary charcoal","Data Sourcing: RPDv1b","Sample Age Source: GCDv4"
"1112",326,"charcoal | 150-500um num",340,340.5,341,1,10789.15,NA,NA,"GCDv4","Charcoal (sum)","150-500 µm",150,500,"False","False","number","Macroscopic charcoal (sieved)","direct",NA,"CHAR",135,NA,NA,"quant_raw",4.9,"volume","ml","RPDv1b","2067","charcoal","count","macrochar","wet_sieve","particle","150-500um num",NA,"150-500um","num","RPDv1b","measured",1,"RPDv1b","ELEMENT=150-500 µm","Yahoo Lake core",47.683333,-124.016667,710,"north","USA",NA,"sedlac",1112,1,2013,"Gavin, D.G., Brubaker, L.B., Greenwald, D.N., 2013. Postglacial climate and fire-mediated vegetation change on the western Olympic Peninsula, Washington (USA). Ecological Monographs 83, 471–489.","Postglacial climate and fire-mediated vegetation change on the western Olympic Peninsula, Washington (USA)","Ecological Monographs",83,NA,"471-489",NA,"10.1890/12-1742.1",NA,NA,NA,NA,NA,NA,NA,NA,NA,NA,NA,NA,NA,"RPDv1b:2067",1112,"Greenwald, D.N.",1,"Greenwald","D.N.",NA,NA,NA,NA,NA,NA,NA,NA,NA,"RPDv1b:2067",1112,"RPDv1b",2067,17624,356.5,3.565,"m",0.01,"AMS","wood",9980,115,NA,NA,"AA-20317",TRUE,NA,"NA Date is in uncalibrated radiocarbon years.","Yahoo Lake core_SIEVED","counted","150-500",NA,NA,"",9980,9865,10095,9980,356.5,0.01,"NA Date is in uncalibrated radiocarbon years.",". Cal curve: NA. Source DB: RPDv1b","Lacustrine","Carbon-14","Radiocarbon",-43,14615.48,"Calibrated radiocarbon years BP","sedimentary charcoal","Data Sourcing: RPDv1b","Sample Age Source: GCDv4"
"1112",327,"charcoal | 150-500um num",341,341.5,342,1,10830.15,NA,NA,"GCDv4","Charcoal (sum)","150-500 µm",150,500,"False","False","number","Macroscopic charcoal (sieved)","direct",NA,"CHAR",85,NA,NA,"quant_raw",5,"volume","ml","RPDv1b","2067","charcoal","count","macrochar","wet_sieve","particle","150-500um num",NA,"150-500um","num","RPDv1b","measured",1,"RPDv1b","ELEMENT=150-500 µm","Yahoo Lake core",47.683333,-124.016667,710,"north","USA",NA,"sedlac",1112,1,2013,"Gavin, D.G., Brubaker, L.B., Greenwald, D.N., 2013. Postglacial climate and fire-mediated vegetation change on the western Olympic Peninsula, Washington (USA). Ecological Monographs 83, 471–489.","Postglacial climate and fire-mediated vegetation change on the western Olympic Peninsula, Washington (USA)","Ecological Monographs",83,NA,"471-489",NA,"10.1890/12-1742.1",NA,NA,NA,NA,NA,NA,NA,NA,NA,NA,NA,NA,NA,"RPDv1b:2067",1112,"Greenwald, D.N.",1,"Greenwald","D.N.",NA,NA,NA,NA,NA,NA,NA,NA,NA,"RPDv1b:2067",1112,"RPDv1b",2067,17624,356.5,3.565,"m",0.01,"AMS","wood",9980,115,NA,NA,"AA-20317",TRUE,NA,"NA Date is in uncalibrated radiocarbon years.","Yahoo Lake core_SIEVED","counted","150-500",NA,NA,"",9980,9865,10095,9980,356.5,0.01,"NA Date is in uncalibrated radiocarbon years.",". Cal curve: NA. Source DB: RPDv1b","Lacustrine","Carbon-14","Radiocarbon",-43,14615.48,"Calibrated radiocarbon years BP","sedimentary charcoal","Data Sourcing: RPDv1b","Sample Age Source: GCDv4"
"1112",328,"charcoal | 150-500um num",342,342.5,343,1,10871.21,NA,NA,"GCDv4","Charcoal (sum)","150-500 µm",150,500,"False","False","number","Macroscopic charcoal (sieved)","direct",NA,"CHAR",42,NA,NA,"quant_raw",5,"volume","ml","RPDv1b","2067","charcoal","count","macrochar","wet_sieve","particle","150-500um num",NA,"150-500um","num","RPDv1b","measured",1,"RPDv1b","ELEMENT=150-500 µm","Yahoo Lake core",47.683333,-124.016667,710,"north","USA",NA,"sedlac",1112,1,2013,"Gavin, D.G., Brubaker, L.B., Greenwald, D.N., 2013. Postglacial climate and fire-mediated vegetation change on the western Olympic Peninsula, Washington (USA). Ecological Monographs 83, 471–489.","Postglacial climate and fire-mediated vegetation change on the western Olympic Peninsula, Washington (USA)","Ecological Monographs",83,NA,"471-489",NA,"10.1890/12-1742.1",NA,NA,NA,NA,NA,NA,NA,NA,NA,NA,NA,NA,NA,"RPDv1b:2067",1112,"Greenwald, D.N.",1,"Greenwald","D.N.",NA,NA,NA,NA,NA,NA,NA,NA,NA,"RPDv1b:2067",1112,"RPDv1b",2067,17624,356.5,3.565,"m",0.01,"AMS","wood",9980,115,NA,NA,"AA-20317",TRUE,NA,"NA Date is in uncalibrated radiocarbon years.","Yahoo Lake core_SIEVED","counted","150-500",NA,NA,"",9980,9865,10095,9980,356.5,0.01,"NA Date is in uncalibrated radiocarbon years.",". Cal curve: NA. Source DB: RPDv1b","Lacustrine","Carbon-14","Radiocarbon",-43,14615.48,"Calibrated radiocarbon years BP","sedimentary charcoal","Data Sourcing: RPDv1b","Sample Age Source: GCDv4"
"1112",329,"charcoal | 150-500um num",343,343.5,344,1,10912.32,NA,NA,"GCDv4","Charcoal (sum)","150-500 µm",150,500,"False","False","number","Macroscopic charcoal (sieved)","direct",NA,"CHAR",107,NA,NA,"quant_raw",5,"volume","ml","RPDv1b","2067","charcoal","count","macrochar","wet_sieve","particle","150-500um num",NA,"150-500um","num","RPDv1b","measured",1,"RPDv1b","ELEMENT=150-500 µm","Yahoo Lake core",47.683333,-124.016667,710,"north","USA",NA,"sedlac",1112,1,2013,"Gavin, D.G., Brubaker, L.B., Greenwald, D.N., 2013. Postglacial climate and fire-mediated vegetation change on the western Olympic Peninsula, Washington (USA). Ecological Monographs 83, 471–489.","Postglacial climate and fire-mediated vegetation change on the western Olympic Peninsula, Washington (USA)","Ecological Monographs",83,NA,"471-489",NA,"10.1890/12-1742.1",NA,NA,NA,NA,NA,NA,NA,NA,NA,NA,NA,NA,NA,"RPDv1b:2067",1112,"Greenwald, D.N.",1,"Greenwald","D.N.",NA,NA,NA,NA,NA,NA,NA,NA,NA,"RPDv1b:2067",1112,"RPDv1b",2067,17624,356.5,3.565,"m",0.01,"AMS","wood",9980,115,NA,NA,"AA-20317",TRUE,NA,"NA Date is in uncalibrated radiocarbon years.","Yahoo Lake core_SIEVED","counted","150-500",NA,NA,"",9980,9865,10095,9980,356.5,0.01,"NA Date is in uncalibrated radiocarbon years.",". Cal curve: NA. Source DB: RPDv1b","Lacustrine","Carbon-14","Radiocarbon",-43,14615.48,"Calibrated radiocarbon years BP","sedimentary charcoal","Data Sourcing: RPDv1b","Sample Age Source: GCDv4"
"1112",330,"charcoal | 150-500um num",344,344.5,345,1,10953.46,NA,NA,"GCDv4","Charcoal (sum)","150-500 µm",150,500,"False","False","number","Macroscopic charcoal (sieved)","direct",NA,"CHAR",29,NA,NA,"quant_raw",5,"volume","ml","RPDv1b","2067","charcoal","count","macrochar","wet_sieve","particle","150-500um num",NA,"150-500um","num","RPDv1b","measured",1,"RPDv1b","ELEMENT=150-500 µm","Yahoo Lake core",47.683333,-124.016667,710,"north","USA",NA,"sedlac",1112,1,2013,"Gavin, D.G., Brubaker, L.B., Greenwald, D.N., 2013. Postglacial climate and fire-mediated vegetation change on the western Olympic Peninsula, Washington (USA). Ecological Monographs 83, 471–489.","Postglacial climate and fire-mediated vegetation change on the western Olympic Peninsula, Washington (USA)","Ecological Monographs",83,NA,"471-489",NA,"10.1890/12-1742.1",NA,NA,NA,NA,NA,NA,NA,NA,NA,NA,NA,NA,NA,"RPDv1b:2067",1112,"Greenwald, D.N.",1,"Greenwald","D.N.",NA,NA,NA,NA,NA,NA,NA,NA,NA,"RPDv1b:2067",1112,"RPDv1b",2067,17624,356.5,3.565,"m",0.01,"AMS","wood",9980,115,NA,NA,"AA-20317",TRUE,NA,"NA Date is in uncalibrated radiocarbon years.","Yahoo Lake core_SIEVED","counted","150-500",NA,NA,"",9980,9865,10095,9980,356.5,0.01,"NA Date is in uncalibrated radiocarbon years.",". Cal curve: NA. Source DB: RPDv1b","Lacustrine","Carbon-14","Radiocarbon",-43,14615.48,"Calibrated radiocarbon years BP","sedimentary charcoal","Data Sourcing: RPDv1b","Sample Age Source: GCDv4"
"1112",331,"charcoal | 150-500um num",345,345.5,346,1,10994.63,NA,NA,"GCDv4","Charcoal (sum)","150-500 µm",150,500,"False","False","number","Macroscopic charcoal (sieved)","direct",NA,"CHAR",28,NA,NA,"quant_raw",5,"volume","ml","RPDv1b","2067","charcoal","count","macrochar","wet_sieve","particle","150-500um num",NA,"150-500um","num","RPDv1b","measured",1,"RPDv1b","ELEMENT=150-500 µm","Yahoo Lake core",47.683333,-124.016667,710,"north","USA",NA,"sedlac",1112,1,2013,"Gavin, D.G., Brubaker, L.B., Greenwald, D.N., 2013. Postglacial climate and fire-mediated vegetation change on the western Olympic Peninsula, Washington (USA). Ecological Monographs 83, 471–489.","Postglacial climate and fire-mediated vegetation change on the western Olympic Peninsula, Washington (USA)","Ecological Monographs",83,NA,"471-489",NA,"10.1890/12-1742.1",NA,NA,NA,NA,NA,NA,NA,NA,NA,NA,NA,NA,NA,"RPDv1b:2067",1112,"Greenwald, D.N.",1,"Greenwald","D.N.",NA,NA,NA,NA,NA,NA,NA,NA,NA,"RPDv1b:2067",1112,"RPDv1b",2067,17624,356.5,3.565,"m",0.01,"AMS","wood",9980,115,NA,NA,"AA-20317",TRUE,NA,"NA Date is in uncalibrated radiocarbon years.","Yahoo Lake core_SIEVED","counted","150-500",NA,NA,"",9980,9865,10095,9980,356.5,0.01,"NA Date is in uncalibrated radiocarbon years.",". Cal curve: NA. Source DB: RPDv1b","Lacustrine","Carbon-14","Radiocarbon",-43,14615.48,"Calibrated radiocarbon years BP","sedimentary charcoal","Data Sourcing: RPDv1b","Sample Age Source: GCDv4"
"1112",332,"charcoal | 150-500um num",346,346.5,347,1,11035.82,NA,NA,"GCDv4","Charcoal (sum)","150-500 µm",150,500,"False","False","number","Macroscopic charcoal (sieved)","direct",NA,"CHAR",107,NA,NA,"quant_raw",5,"volume","ml","RPDv1b","2067","charcoal","count","macrochar","wet_sieve","particle","150-500um num",NA,"150-500um","num","RPDv1b","measured",1,"RPDv1b","ELEMENT=150-500 µm","Yahoo Lake core",47.683333,-124.016667,710,"north","USA",NA,"sedlac",1112,1,2013,"Gavin, D.G., Brubaker, L.B., Greenwald, D.N., 2013. Postglacial climate and fire-mediated vegetation change on the western Olympic Peninsula, Washington (USA). Ecological Monographs 83, 471–489.","Postglacial climate and fire-mediated vegetation change on the western Olympic Peninsula, Washington (USA)","Ecological Monographs",83,NA,"471-489",NA,"10.1890/12-1742.1",NA,NA,NA,NA,NA,NA,NA,NA,NA,NA,NA,NA,NA,"RPDv1b:2067",1112,"Greenwald, D.N.",1,"Greenwald","D.N.",NA,NA,NA,NA,NA,NA,NA,NA,NA,"RPDv1b:2067",1112,"RPDv1b",2067,17624,356.5,3.565,"m",0.01,"AMS","wood",9980,115,NA,NA,"AA-20317",TRUE,NA,"NA Date is in uncalibrated radiocarbon years.","Yahoo Lake core_SIEVED","counted","150-500",NA,NA,"",9980,9865,10095,9980,356.5,0.01,"NA Date is in uncalibrated radiocarbon years.",". Cal curve: NA. Source DB: RPDv1b","Lacustrine","Carbon-14","Radiocarbon",-43,14615.48,"Calibrated radiocarbon years BP","sedimentary charcoal","Data Sourcing: RPDv1b","Sample Age Source: GCDv4"
"1112",333,"charcoal | 150-500um num",347,347.5,348,1,11077.02,NA,NA,"GCDv4","Charcoal (sum)","150-500 µm",150,500,"False","False","number","Macroscopic charcoal (sieved)","direct",NA,"CHAR",127,NA,NA,"quant_raw",5,"volume","ml","RPDv1b","2067","charcoal","count","macrochar","wet_sieve","particle","150-500um num",NA,"150-500um","num","RPDv1b","measured",1,"RPDv1b","ELEMENT=150-500 µm","Yahoo Lake core",47.683333,-124.016667,710,"north","USA",NA,"sedlac",1112,1,2013,"Gavin, D.G., Brubaker, L.B., Greenwald, D.N., 2013. Postglacial climate and fire-mediated vegetation change on the western Olympic Peninsula, Washington (USA). Ecological Monographs 83, 471–489.","Postglacial climate and fire-mediated vegetation change on the western Olympic Peninsula, Washington (USA)","Ecological Monographs",83,NA,"471-489",NA,"10.1890/12-1742.1",NA,NA,NA,NA,NA,NA,NA,NA,NA,NA,NA,NA,NA,"RPDv1b:2067",1112,"Greenwald, D.N.",1,"Greenwald","D.N.",NA,NA,NA,NA,NA,NA,NA,NA,NA,"RPDv1b:2067",1112,"RPDv1b",2067,17624,356.5,3.565,"m",0.01,"AMS","wood",9980,115,NA,NA,"AA-20317",TRUE,NA,"NA Date is in uncalibrated radiocarbon years.","Yahoo Lake core_SIEVED","counted","150-500",NA,NA,"",9980,9865,10095,9980,356.5,0.01,"NA Date is in uncalibrated radiocarbon years.",". Cal curve: NA. Source DB: RPDv1b","Lacustrine","Carbon-14","Radiocarbon",-43,14615.48,"Calibrated radiocarbon years BP","sedimentary charcoal","Data Sourcing: RPDv1b","Sample Age Source: GCDv4"
"1112",334,"charcoal | 150-500um num",348,348.5,349,1,11118.22,NA,NA,"GCDv4","Charcoal (sum)","150-500 µm",150,500,"False","False","number","Macroscopic charcoal (sieved)","direct",NA,"CHAR",244,NA,NA,"quant_raw",5,"volume","ml","RPDv1b","2067","charcoal","count","macrochar","wet_sieve","particle","150-500um num",NA,"150-500um","num","RPDv1b","measured",1,"RPDv1b","ELEMENT=150-500 µm","Yahoo Lake core",47.683333,-124.016667,710,"north","USA",NA,"sedlac",1112,1,2013,"Gavin, D.G., Brubaker, L.B., Greenwald, D.N., 2013. Postglacial climate and fire-mediated vegetation change on the western Olympic Peninsula, Washington (USA). Ecological Monographs 83, 471–489.","Postglacial climate and fire-mediated vegetation change on the western Olympic Peninsula, Washington (USA)","Ecological Monographs",83,NA,"471-489",NA,"10.1890/12-1742.1",NA,NA,NA,NA,NA,NA,NA,NA,NA,NA,NA,NA,NA,"RPDv1b:2067",1112,"Greenwald, D.N.",1,"Greenwald","D.N.",NA,NA,NA,NA,NA,NA,NA,NA,NA,"RPDv1b:2067",1112,"RPDv1b",2067,17624,356.5,3.565,"m",0.01,"AMS","wood",9980,115,NA,NA,"AA-20317",TRUE,NA,"NA Date is in uncalibrated radiocarbon years.","Yahoo Lake core_SIEVED","counted","150-500",NA,NA,"",9980,9865,10095,9980,356.5,0.01,"NA Date is in uncalibrated radiocarbon years.",". Cal curve: NA. Source DB: RPDv1b","Lacustrine","Carbon-14","Radiocarbon",-43,14615.48,"Calibrated radiocarbon years BP","sedimentary charcoal","Data Sourcing: RPDv1b","Sample Age Source: GCDv4"
"1112",335,"charcoal | 150-500um num",349,349.5,350,1,11159.41,NA,NA,"GCDv4","Charcoal (sum)","150-500 µm",150,500,"False","False","number","Macroscopic charcoal (sieved)","direct",NA,"CHAR",151,NA,NA,"quant_raw",5,"volume","ml","RPDv1b","2067","charcoal","count","macrochar","wet_sieve","particle","150-500um num",NA,"150-500um","num","RPDv1b","measured",1,"RPDv1b","ELEMENT=150-500 µm","Yahoo Lake core",47.683333,-124.016667,710,"north","USA",NA,"sedlac",1112,1,2013,"Gavin, D.G., Brubaker, L.B., Greenwald, D.N., 2013. Postglacial climate and fire-mediated vegetation change on the western Olympic Peninsula, Washington (USA). Ecological Monographs 83, 471–489.","Postglacial climate and fire-mediated vegetation change on the western Olympic Peninsula, Washington (USA)","Ecological Monographs",83,NA,"471-489",NA,"10.1890/12-1742.1",NA,NA,NA,NA,NA,NA,NA,NA,NA,NA,NA,NA,NA,"RPDv1b:2067",1112,"Greenwald, D.N.",1,"Greenwald","D.N.",NA,NA,NA,NA,NA,NA,NA,NA,NA,"RPDv1b:2067",1112,"RPDv1b",2067,17624,356.5,3.565,"m",0.01,"AMS","wood",9980,115,NA,NA,"AA-20317",TRUE,NA,"NA Date is in uncalibrated radiocarbon years.","Yahoo Lake core_SIEVED","counted","150-500",NA,NA,"",9980,9865,10095,9980,356.5,0.01,"NA Date is in uncalibrated radiocarbon years.",". Cal curve: NA. Source DB: RPDv1b","Lacustrine","Carbon-14","Radiocarbon",-43,14615.48,"Calibrated radiocarbon years BP","sedimentary charcoal","Data Sourcing: RPDv1b","Sample Age Source: GCDv4"
"1112",336,"charcoal | 150-500um num",350,350.5,351,1,11200.58,NA,NA,"GCDv4","Charcoal (sum)","150-500 µm",150,500,"False","False","number","Macroscopic charcoal (sieved)","direct",NA,"CHAR",195,NA,NA,"quant_raw",5,"volume","ml","RPDv1b","2067","charcoal","count","macrochar","wet_sieve","particle","150-500um num",NA,"150-500um","num","RPDv1b","measured",1,"RPDv1b","ELEMENT=150-500 µm","Yahoo Lake core",47.683333,-124.016667,710,"north","USA",NA,"sedlac",1112,1,2013,"Gavin, D.G., Brubaker, L.B., Greenwald, D.N., 2013. Postglacial climate and fire-mediated vegetation change on the western Olympic Peninsula, Washington (USA). Ecological Monographs 83, 471–489.","Postglacial climate and fire-mediated vegetation change on the western Olympic Peninsula, Washington (USA)","Ecological Monographs",83,NA,"471-489",NA,"10.1890/12-1742.1",NA,NA,NA,NA,NA,NA,NA,NA,NA,NA,NA,NA,NA,"RPDv1b:2067",1112,"Greenwald, D.N.",1,"Greenwald","D.N.",NA,NA,NA,NA,NA,NA,NA,NA,NA,"RPDv1b:2067",1112,"RPDv1b",2067,17624,356.5,3.565,"m",0.01,"AMS","wood",9980,115,NA,NA,"AA-20317",TRUE,NA,"NA Date is in uncalibrated radiocarbon years.","Yahoo Lake core_SIEVED","counted","150-500",NA,NA,"",9980,9865,10095,9980,356.5,0.01,"NA Date is in uncalibrated radiocarbon years.",". Cal curve: NA. Source DB: RPDv1b","Lacustrine","Carbon-14","Radiocarbon",-43,14615.48,"Calibrated radiocarbon years BP","sedimentary charcoal","Data Sourcing: RPDv1b","Sample Age Source: GCDv4"
"1112",337,"charcoal | 150-500um num",351,351.5,352,1,11241.73,NA,NA,"GCDv4","Charcoal (sum)","150-500 µm",150,500,"False","False","number","Macroscopic charcoal (sieved)","direct",NA,"CHAR",34,NA,NA,"quant_raw",5,"volume","ml","RPDv1b","2067","charcoal","count","macrochar","wet_sieve","particle","150-500um num",NA,"150-500um","num","RPDv1b","measured",1,"RPDv1b","ELEMENT=150-500 µm","Yahoo Lake core",47.683333,-124.016667,710,"north","USA",NA,"sedlac",1112,1,2013,"Gavin, D.G., Brubaker, L.B., Greenwald, D.N., 2013. Postglacial climate and fire-mediated vegetation change on the western Olympic Peninsula, Washington (USA). Ecological Monographs 83, 471–489.","Postglacial climate and fire-mediated vegetation change on the western Olympic Peninsula, Washington (USA)","Ecological Monographs",83,NA,"471-489",NA,"10.1890/12-1742.1",NA,NA,NA,NA,NA,NA,NA,NA,NA,NA,NA,NA,NA,"RPDv1b:2067",1112,"Greenwald, D.N.",1,"Greenwald","D.N.",NA,NA,NA,NA,NA,NA,NA,NA,NA,"RPDv1b:2067",1112,"RPDv1b",2067,17624,356.5,3.565,"m",0.01,"AMS","wood",9980,115,NA,NA,"AA-20317",TRUE,NA,"NA Date is in uncalibrated radiocarbon years.","Yahoo Lake core_SIEVED","counted","150-500",NA,NA,"",9980,9865,10095,9980,356.5,0.01,"NA Date is in uncalibrated radiocarbon years.",". Cal curve: NA. Source DB: RPDv1b","Lacustrine","Carbon-14","Radiocarbon",-43,14615.48,"Calibrated radiocarbon years BP","sedimentary charcoal","Data Sourcing: RPDv1b","Sample Age Source: GCDv4"
"1112",338,"charcoal | 150-500um num",352,352.5,353,1,11282.85,NA,NA,"GCDv4","Charcoal (sum)","150-500 µm",150,500,"False","False","number","Macroscopic charcoal (sieved)","direct",NA,"CHAR",115,NA,NA,"quant_raw",5,"volume","ml","RPDv1b","2067","charcoal","count","macrochar","wet_sieve","particle","150-500um num",NA,"150-500um","num","RPDv1b","measured",1,"RPDv1b","ELEMENT=150-500 µm","Yahoo Lake core",47.683333,-124.016667,710,"north","USA",NA,"sedlac",1112,1,2013,"Gavin, D.G., Brubaker, L.B., Greenwald, D.N., 2013. Postglacial climate and fire-mediated vegetation change on the western Olympic Peninsula, Washington (USA). Ecological Monographs 83, 471–489.","Postglacial climate and fire-mediated vegetation change on the western Olympic Peninsula, Washington (USA)","Ecological Monographs",83,NA,"471-489",NA,"10.1890/12-1742.1",NA,NA,NA,NA,NA,NA,NA,NA,NA,NA,NA,NA,NA,"RPDv1b:2067",1112,"Greenwald, D.N.",1,"Greenwald","D.N.",NA,NA,NA,NA,NA,NA,NA,NA,NA,"RPDv1b:2067",1112,"RPDv1b",2067,17624,356.5,3.565,"m",0.01,"AMS","wood",9980,115,NA,NA,"AA-20317",TRUE,NA,"NA Date is in uncalibrated radiocarbon years.","Yahoo Lake core_SIEVED","counted","150-500",NA,NA,"",9980,9865,10095,9980,356.5,0.01,"NA Date is in uncalibrated radiocarbon years.",". Cal curve: NA. Source DB: RPDv1b","Lacustrine","Carbon-14","Radiocarbon",-43,14615.48,"Calibrated radiocarbon years BP","sedimentary charcoal","Data Sourcing: RPDv1b","Sample Age Source: GCDv4"
"1112",339,"charcoal | 150-500um num",353,353.5,354,1,11323.93,NA,NA,"GCDv4","Charcoal (sum)","150-500 µm",150,500,"False","False","number","Macroscopic charcoal (sieved)","direct",NA,"CHAR",65,NA,NA,"quant_raw",5,"volume","ml","RPDv1b","2067","charcoal","count","macrochar","wet_sieve","particle","150-500um num",NA,"150-500um","num","RPDv1b","measured",1,"RPDv1b","ELEMENT=150-500 µm","Yahoo Lake core",47.683333,-124.016667,710,"north","USA",NA,"sedlac",1112,1,2013,"Gavin, D.G., Brubaker, L.B., Greenwald, D.N., 2013. Postglacial climate and fire-mediated vegetation change on the western Olympic Peninsula, Washington (USA). Ecological Monographs 83, 471–489.","Postglacial climate and fire-mediated vegetation change on the western Olympic Peninsula, Washington (USA)","Ecological Monographs",83,NA,"471-489",NA,"10.1890/12-1742.1",NA,NA,NA,NA,NA,NA,NA,NA,NA,NA,NA,NA,NA,"RPDv1b:2067",1112,"Greenwald, D.N.",1,"Greenwald","D.N.",NA,NA,NA,NA,NA,NA,NA,NA,NA,"RPDv1b:2067",1112,"RPDv1b",2067,17624,356.5,3.565,"m",0.01,"AMS","wood",9980,115,NA,NA,"AA-20317",TRUE,NA,"NA Date is in uncalibrated radiocarbon years.","Yahoo Lake core_SIEVED","counted","150-500",NA,NA,"",9980,9865,10095,9980,356.5,0.01,"NA Date is in uncalibrated radiocarbon years.",". Cal curve: NA. Source DB: RPDv1b","Lacustrine","Carbon-14","Radiocarbon",-43,14615.48,"Calibrated radiocarbon years BP","sedimentary charcoal","Data Sourcing: RPDv1b","Sample Age Source: GCDv4"
"1112",340,"charcoal | 150-500um num",354,354.5,355,1,11364.95,NA,NA,"GCDv4","Charcoal (sum)","150-500 µm",150,500,"False","False","number","Macroscopic charcoal (sieved)","direct",NA,"CHAR",105,NA,NA,"quant_raw",5,"volume","ml","RPDv1b","2067","charcoal","count","macrochar","wet_sieve","particle","150-500um num",NA,"150-500um","num","RPDv1b","measured",1,"RPDv1b","ELEMENT=150-500 µm","Yahoo Lake core",47.683333,-124.016667,710,"north","USA",NA,"sedlac",1112,1,2013,"Gavin, D.G., Brubaker, L.B., Greenwald, D.N., 2013. Postglacial climate and fire-mediated vegetation change on the western Olympic Peninsula, Washington (USA). Ecological Monographs 83, 471–489.","Postglacial climate and fire-mediated vegetation change on the western Olympic Peninsula, Washington (USA)","Ecological Monographs",83,NA,"471-489",NA,"10.1890/12-1742.1",NA,NA,NA,NA,NA,NA,NA,NA,NA,NA,NA,NA,NA,"RPDv1b:2067",1112,"Greenwald, D.N.",1,"Greenwald","D.N.",NA,NA,NA,NA,NA,NA,NA,NA,NA,"RPDv1b:2067",1112,"RPDv1b",2067,17624,356.5,3.565,"m",0.01,"AMS","wood",9980,115,NA,NA,"AA-20317",TRUE,NA,"NA Date is in uncalibrated radiocarbon years.","Yahoo Lake core_SIEVED","counted","150-500",NA,NA,"",9980,9865,10095,9980,356.5,0.01,"NA Date is in uncalibrated radiocarbon years.",". Cal curve: NA. Source DB: RPDv1b","Lacustrine","Carbon-14","Radiocarbon",-43,14615.48,"Calibrated radiocarbon years BP","sedimentary charcoal","Data Sourcing: RPDv1b","Sample Age Source: GCDv4"
"1112",341,"charcoal | 150-500um num",355,355.5,356,1,11405.91,NA,NA,"GCDv4","Charcoal (sum)","150-500 µm",150,500,"False","False","number","Macroscopic charcoal (sieved)","direct",NA,"CHAR",142,NA,NA,"quant_raw",5,"volume","ml","RPDv1b","2067","charcoal","count","macrochar","wet_sieve","particle","150-500um num",NA,"150-500um","num","RPDv1b","measured",1,"RPDv1b","ELEMENT=150-500 µm","Yahoo Lake core",47.683333,-124.016667,710,"north","USA",NA,"sedlac",1112,1,2013,"Gavin, D.G., Brubaker, L.B., Greenwald, D.N., 2013. Postglacial climate and fire-mediated vegetation change on the western Olympic Peninsula, Washington (USA). Ecological Monographs 83, 471–489.","Postglacial climate and fire-mediated vegetation change on the western Olympic Peninsula, Washington (USA)","Ecological Monographs",83,NA,"471-489",NA,"10.1890/12-1742.1",NA,NA,NA,NA,NA,NA,NA,NA,NA,NA,NA,NA,NA,"RPDv1b:2067",1112,"Greenwald, D.N.",1,"Greenwald","D.N.",NA,NA,NA,NA,NA,NA,NA,NA,NA,"RPDv1b:2067",1112,"RPDv1b",2067,17624,356.5,3.565,"m",0.01,"AMS","wood",9980,115,NA,NA,"AA-20317",TRUE,NA,"NA Date is in uncalibrated radiocarbon years.","Yahoo Lake core_SIEVED","counted","150-500",NA,NA,"",9980,9865,10095,9980,356.5,0.01,"NA Date is in uncalibrated radiocarbon years.",". Cal curve: NA. Source DB: RPDv1b","Lacustrine","Carbon-14","Radiocarbon",-43,14615.48,"Calibrated radiocarbon years BP","sedimentary charcoal","Data Sourcing: RPDv1b","Sample Age Source: GCDv4"
"1112",342,"charcoal | 150-500um num",356,356.5,357,1,11446.81,NA,NA,"GCDv4","Charcoal (sum)","150-500 µm",150,500,"False","False","number","Macroscopic charcoal (sieved)","direct",NA,"CHAR",244,NA,NA,"quant_raw",5,"volume","ml","RPDv1b","2067","charcoal","count","macrochar","wet_sieve","particle","150-500um num",NA,"150-500um","num","RPDv1b","measured",1,"RPDv1b","ELEMENT=150-500 µm","Yahoo Lake core",47.683333,-124.016667,710,"north","USA",NA,"sedlac",1112,1,2013,"Gavin, D.G., Brubaker, L.B., Greenwald, D.N., 2013. Postglacial climate and fire-mediated vegetation change on the western Olympic Peninsula, Washington (USA). Ecological Monographs 83, 471–489.","Postglacial climate and fire-mediated vegetation change on the western Olympic Peninsula, Washington (USA)","Ecological Monographs",83,NA,"471-489",NA,"10.1890/12-1742.1",NA,NA,NA,NA,NA,NA,NA,NA,NA,NA,NA,NA,NA,"RPDv1b:2067",1112,"Greenwald, D.N.",1,"Greenwald","D.N.",NA,NA,NA,NA,NA,NA,NA,NA,NA,"RPDv1b:2067",1112,"RPDv1b",2067,17624,356.5,3.565,"m",0.01,"AMS","wood",9980,115,NA,NA,"AA-20317",TRUE,NA,"NA Date is in uncalibrated radiocarbon years.","Yahoo Lake core_SIEVED","counted","150-500",NA,NA,"",9980,9865,10095,9980,356.5,0.01,"NA Date is in uncalibrated radiocarbon years.",". Cal curve: NA. Source DB: RPDv1b","Lacustrine","Carbon-14","Radiocarbon",-43,14615.48,"Calibrated radiocarbon years BP","sedimentary charcoal","Data Sourcing: RPDv1b","Sample Age Source: GCDv4"
"1112",343,"charcoal | 150-500um num",357,357.5,358,1,11487.62,NA,NA,"GCDv4","Charcoal (sum)","150-500 µm",150,500,"False","False","number","Macroscopic charcoal (sieved)","direct",NA,"CHAR",205,NA,NA,"quant_raw",5,"volume","ml","RPDv1b","2067","charcoal","count","macrochar","wet_sieve","particle","150-500um num",NA,"150-500um","num","RPDv1b","measured",1,"RPDv1b","ELEMENT=150-500 µm","Yahoo Lake core",47.683333,-124.016667,710,"north","USA",NA,"sedlac",1112,1,2013,"Gavin, D.G., Brubaker, L.B., Greenwald, D.N., 2013. Postglacial climate and fire-mediated vegetation change on the western Olympic Peninsula, Washington (USA). Ecological Monographs 83, 471–489.","Postglacial climate and fire-mediated vegetation change on the western Olympic Peninsula, Washington (USA)","Ecological Monographs",83,NA,"471-489",NA,"10.1890/12-1742.1",NA,NA,NA,NA,NA,NA,NA,NA,NA,NA,NA,NA,NA,"RPDv1b:2067",1112,"Greenwald, D.N.",1,"Greenwald","D.N.",NA,NA,NA,NA,NA,NA,NA,NA,NA,"RPDv1b:2067",1112,"RPDv1b",2067,17624,356.5,3.565,"m",0.01,"AMS","wood",9980,115,NA,NA,"AA-20317",TRUE,NA,"NA Date is in uncalibrated radiocarbon years.","Yahoo Lake core_SIEVED","counted","150-500",NA,NA,"",9980,9865,10095,9980,356.5,0.01,"NA Date is in uncalibrated radiocarbon years.",". Cal curve: NA. Source DB: RPDv1b","Lacustrine","Carbon-14","Radiocarbon",-43,14615.48,"Calibrated radiocarbon years BP","sedimentary charcoal","Data Sourcing: RPDv1b","Sample Age Source: GCDv4"
"1112",344,"charcoal | 150-500um num",358,358.5,359,1,11528.39,NA,NA,"GCDv4","Charcoal (sum)","150-500 µm",150,500,"False","False","number","Macroscopic charcoal (sieved)","direct",NA,"CHAR",217,NA,NA,"quant_raw",5,"volume","ml","RPDv1b","2067","charcoal","count","macrochar","wet_sieve","particle","150-500um num",NA,"150-500um","num","RPDv1b","measured",1,"RPDv1b","ELEMENT=150-500 µm","Yahoo Lake core",47.683333,-124.016667,710,"north","USA",NA,"sedlac",1112,1,2013,"Gavin, D.G., Brubaker, L.B., Greenwald, D.N., 2013. Postglacial climate and fire-mediated vegetation change on the western Olympic Peninsula, Washington (USA). Ecological Monographs 83, 471–489.","Postglacial climate and fire-mediated vegetation change on the western Olympic Peninsula, Washington (USA)","Ecological Monographs",83,NA,"471-489",NA,"10.1890/12-1742.1",NA,NA,NA,NA,NA,NA,NA,NA,NA,NA,NA,NA,NA,"RPDv1b:2067",1112,"Greenwald, D.N.",1,"Greenwald","D.N.",NA,NA,NA,NA,NA,NA,NA,NA,NA,"RPDv1b:2067",1112,"RPDv1b",2067,17624,356.5,3.565,"m",0.01,"AMS","wood",9980,115,NA,NA,"AA-20317",TRUE,NA,"NA Date is in uncalibrated radiocarbon years.","Yahoo Lake core_SIEVED","counted","150-500",NA,NA,"",9980,9865,10095,9980,356.5,0.01,"NA Date is in uncalibrated radiocarbon years.",". Cal curve: NA. Source DB: RPDv1b","Lacustrine","Carbon-14","Radiocarbon",-43,14615.48,"Calibrated radiocarbon years BP","sedimentary charcoal","Data Sourcing: RPDv1b","Sample Age Source: GCDv4"
"1112",345,"charcoal | 150-500um num",359,359.5,360,1,11569.31,NA,NA,"GCDv4","Charcoal (sum)","150-500 µm",150,500,"False","False","number","Macroscopic charcoal (sieved)","direct",NA,"CHAR",95,NA,NA,"quant_raw",5,"volume","ml","RPDv1b","2067","charcoal","count","macrochar","wet_sieve","particle","150-500um num",NA,"150-500um","num","RPDv1b","measured",1,"RPDv1b","ELEMENT=150-500 µm","Yahoo Lake core",47.683333,-124.016667,710,"north","USA",NA,"sedlac",1112,1,2013,"Gavin, D.G., Brubaker, L.B., Greenwald, D.N., 2013. Postglacial climate and fire-mediated vegetation change on the western Olympic Peninsula, Washington (USA). Ecological Monographs 83, 471–489.","Postglacial climate and fire-mediated vegetation change on the western Olympic Peninsula, Washington (USA)","Ecological Monographs",83,NA,"471-489",NA,"10.1890/12-1742.1",NA,NA,NA,NA,NA,NA,NA,NA,NA,NA,NA,NA,NA,"RPDv1b:2067",1112,"Greenwald, D.N.",1,"Greenwald","D.N.",NA,NA,NA,NA,NA,NA,NA,NA,NA,"RPDv1b:2067",1112,"RPDv1b",2067,17624,356.5,3.565,"m",0.01,"AMS","wood",9980,115,NA,NA,"AA-20317",TRUE,NA,"NA Date is in uncalibrated radiocarbon years.","Yahoo Lake core_SIEVED","counted","150-500",NA,NA,"",9980,9865,10095,9980,356.5,0.01,"NA Date is in uncalibrated radiocarbon years.",". Cal curve: NA. Source DB: RPDv1b","Lacustrine","Carbon-14","Radiocarbon",-43,14615.48,"Calibrated radiocarbon years BP","sedimentary charcoal","Data Sourcing: RPDv1b","Sample Age Source: GCDv4"
"1112",346,"charcoal | 150-500um num",360,360.5,361,1,11610.43,NA,NA,"GCDv4","Charcoal (sum)","150-500 µm",150,500,"False","False","number","Macroscopic charcoal (sieved)","direct",NA,"CHAR",43,NA,NA,"quant_raw",5,"volume","ml","RPDv1b","2067","charcoal","count","macrochar","wet_sieve","particle","150-500um num",NA,"150-500um","num","RPDv1b","measured",1,"RPDv1b","ELEMENT=150-500 µm","Yahoo Lake core",47.683333,-124.016667,710,"north","USA",NA,"sedlac",1112,1,2013,"Gavin, D.G., Brubaker, L.B., Greenwald, D.N., 2013. Postglacial climate and fire-mediated vegetation change on the western Olympic Peninsula, Washington (USA). Ecological Monographs 83, 471–489.","Postglacial climate and fire-mediated vegetation change on the western Olympic Peninsula, Washington (USA)","Ecological Monographs",83,NA,"471-489",NA,"10.1890/12-1742.1",NA,NA,NA,NA,NA,NA,NA,NA,NA,NA,NA,NA,NA,"RPDv1b:2067",1112,"Greenwald, D.N.",1,"Greenwald","D.N.",NA,NA,NA,NA,NA,NA,NA,NA,NA,"RPDv1b:2067",1112,"RPDv1b",2067,17624,356.5,3.565,"m",0.01,"AMS","wood",9980,115,NA,NA,"AA-20317",TRUE,NA,"NA Date is in uncalibrated radiocarbon years.","Yahoo Lake core_SIEVED","counted","150-500",NA,NA,"",9980,9865,10095,9980,356.5,0.01,"NA Date is in uncalibrated radiocarbon years.",". Cal curve: NA. Source DB: RPDv1b","Lacustrine","Carbon-14","Radiocarbon",-43,14615.48,"Calibrated radiocarbon years BP","sedimentary charcoal","Data Sourcing: RPDv1b","Sample Age Source: GCDv4"
"1112",347,"charcoal | 150-500um num",361,361.5,362,1,11651.72,NA,NA,"GCDv4","Charcoal (sum)","150-500 µm",150,500,"False","False","number","Macroscopic charcoal (sieved)","direct",NA,"CHAR",37,NA,NA,"quant_raw",5,"volume","ml","RPDv1b","2067","charcoal","count","macrochar","wet_sieve","particle","150-500um num",NA,"150-500um","num","RPDv1b","measured",1,"RPDv1b","ELEMENT=150-500 µm","Yahoo Lake core",47.683333,-124.016667,710,"north","USA",NA,"sedlac",1112,1,2013,"Gavin, D.G., Brubaker, L.B., Greenwald, D.N., 2013. Postglacial climate and fire-mediated vegetation change on the western Olympic Peninsula, Washington (USA). Ecological Monographs 83, 471–489.","Postglacial climate and fire-mediated vegetation change on the western Olympic Peninsula, Washington (USA)","Ecological Monographs",83,NA,"471-489",NA,"10.1890/12-1742.1",NA,NA,NA,NA,NA,NA,NA,NA,NA,NA,NA,NA,NA,"RPDv1b:2067",1112,"Greenwald, D.N.",1,"Greenwald","D.N.",NA,NA,NA,NA,NA,NA,NA,NA,NA,"RPDv1b:2067",1112,"RPDv1b",2067,17624,356.5,3.565,"m",0.01,"AMS","wood",9980,115,NA,NA,"AA-20317",TRUE,NA,"NA Date is in uncalibrated radiocarbon years.","Yahoo Lake core_SIEVED","counted","150-500",NA,NA,"",9980,9865,10095,9980,356.5,0.01,"NA Date is in uncalibrated radiocarbon years.",". Cal curve: NA. Source DB: RPDv1b","Lacustrine","Carbon-14","Radiocarbon",-43,14615.48,"Calibrated radiocarbon years BP","sedimentary charcoal","Data Sourcing: RPDv1b","Sample Age Source: GCDv4"
"1112",348,"charcoal | 150-500um num",362,362.5,363,1,11693.2,NA,NA,"GCDv4","Charcoal (sum)","150-500 µm",150,500,"False","False","number","Macroscopic charcoal (sieved)","direct",NA,"CHAR",79,NA,NA,"quant_raw",5,"volume","ml","RPDv1b","2067","charcoal","count","macrochar","wet_sieve","particle","150-500um num",NA,"150-500um","num","RPDv1b","measured",1,"RPDv1b","ELEMENT=150-500 µm","Yahoo Lake core",47.683333,-124.016667,710,"north","USA",NA,"sedlac",1112,1,2013,"Gavin, D.G., Brubaker, L.B., Greenwald, D.N., 2013. Postglacial climate and fire-mediated vegetation change on the western Olympic Peninsula, Washington (USA). Ecological Monographs 83, 471–489.","Postglacial climate and fire-mediated vegetation change on the western Olympic Peninsula, Washington (USA)","Ecological Monographs",83,NA,"471-489",NA,"10.1890/12-1742.1",NA,NA,NA,NA,NA,NA,NA,NA,NA,NA,NA,NA,NA,"RPDv1b:2067",1112,"Greenwald, D.N.",1,"Greenwald","D.N.",NA,NA,NA,NA,NA,NA,NA,NA,NA,"RPDv1b:2067",1112,"RPDv1b",2067,17624,356.5,3.565,"m",0.01,"AMS","wood",9980,115,NA,NA,"AA-20317",TRUE,NA,"NA Date is in uncalibrated radiocarbon years.","Yahoo Lake core_SIEVED","counted","150-500",NA,NA,"",9980,9865,10095,9980,356.5,0.01,"NA Date is in uncalibrated radiocarbon years.",". Cal curve: NA. Source DB: RPDv1b","Lacustrine","Carbon-14","Radiocarbon",-43,14615.48,"Calibrated radiocarbon years BP","sedimentary charcoal","Data Sourcing: RPDv1b","Sample Age Source: GCDv4"
"1112",349,"charcoal | 150-500um num",363,363.5,364,1,11734.86,NA,NA,"GCDv4","Charcoal (sum)","150-500 µm",150,500,"False","False","number","Macroscopic charcoal (sieved)","direct",NA,"CHAR",48,NA,NA,"quant_raw",5,"volume","ml","RPDv1b","2067","charcoal","count","macrochar","wet_sieve","particle","150-500um num",NA,"150-500um","num","RPDv1b","measured",1,"RPDv1b","ELEMENT=150-500 µm","Yahoo Lake core",47.683333,-124.016667,710,"north","USA",NA,"sedlac",1112,1,2013,"Gavin, D.G., Brubaker, L.B., Greenwald, D.N., 2013. Postglacial climate and fire-mediated vegetation change on the western Olympic Peninsula, Washington (USA). Ecological Monographs 83, 471–489.","Postglacial climate and fire-mediated vegetation change on the western Olympic Peninsula, Washington (USA)","Ecological Monographs",83,NA,"471-489",NA,"10.1890/12-1742.1",NA,NA,NA,NA,NA,NA,NA,NA,NA,NA,NA,NA,NA,"RPDv1b:2067",1112,"Greenwald, D.N.",1,"Greenwald","D.N.",NA,NA,NA,NA,NA,NA,NA,NA,NA,"RPDv1b:2067",1112,"RPDv1b",2067,17624,356.5,3.565,"m",0.01,"AMS","wood",9980,115,NA,NA,"AA-20317",TRUE,NA,"NA Date is in uncalibrated radiocarbon years.","Yahoo Lake core_SIEVED","counted","150-500",NA,NA,"",9980,9865,10095,9980,356.5,0.01,"NA Date is in uncalibrated radiocarbon years.",". Cal curve: NA. Source DB: RPDv1b","Lacustrine","Carbon-14","Radiocarbon",-43,14615.48,"Calibrated radiocarbon years BP","sedimentary charcoal","Data Sourcing: RPDv1b","Sample Age Source: GCDv4"
"1112",350,"charcoal | 150-500um num",364,364.5,365,1,11776.69,NA,NA,"GCDv4","Charcoal (sum)","150-500 µm",150,500,"False","False","number","Macroscopic charcoal (sieved)","direct",NA,"CHAR",49,NA,NA,"quant_raw",5,"volume","ml","RPDv1b","2067","charcoal","count","macrochar","wet_sieve","particle","150-500um num",NA,"150-500um","num","RPDv1b","measured",1,"RPDv1b","ELEMENT=150-500 µm","Yahoo Lake core",47.683333,-124.016667,710,"north","USA",NA,"sedlac",1112,1,2013,"Gavin, D.G., Brubaker, L.B., Greenwald, D.N., 2013. Postglacial climate and fire-mediated vegetation change on the western Olympic Peninsula, Washington (USA). Ecological Monographs 83, 471–489.","Postglacial climate and fire-mediated vegetation change on the western Olympic Peninsula, Washington (USA)","Ecological Monographs",83,NA,"471-489",NA,"10.1890/12-1742.1",NA,NA,NA,NA,NA,NA,NA,NA,NA,NA,NA,NA,NA,"RPDv1b:2067",1112,"Greenwald, D.N.",1,"Greenwald","D.N.",NA,NA,NA,NA,NA,NA,NA,NA,NA,"RPDv1b:2067",1112,"RPDv1b",2067,17624,356.5,3.565,"m",0.01,"AMS","wood",9980,115,NA,NA,"AA-20317",TRUE,NA,"NA Date is in uncalibrated radiocarbon years.","Yahoo Lake core_SIEVED","counted","150-500",NA,NA,"",9980,9865,10095,9980,356.5,0.01,"NA Date is in uncalibrated radiocarbon years.",". Cal curve: NA. Source DB: RPDv1b","Lacustrine","Carbon-14","Radiocarbon",-43,14615.48,"Calibrated radiocarbon years BP","sedimentary charcoal","Data Sourcing: RPDv1b","Sample Age Source: GCDv4"
"1112",351,"charcoal | 150-500um num",365,365.5,366,1,11818.7,NA,NA,"GCDv4","Charcoal (sum)","150-500 µm",150,500,"False","False","number","Macroscopic charcoal (sieved)","direct",NA,"CHAR",56,NA,NA,"quant_raw",5,"volume","ml","RPDv1b","2067","charcoal","count","macrochar","wet_sieve","particle","150-500um num",NA,"150-500um","num","RPDv1b","measured",1,"RPDv1b","ELEMENT=150-500 µm","Yahoo Lake core",47.683333,-124.016667,710,"north","USA",NA,"sedlac",1112,1,2013,"Gavin, D.G., Brubaker, L.B., Greenwald, D.N., 2013. Postglacial climate and fire-mediated vegetation change on the western Olympic Peninsula, Washington (USA). Ecological Monographs 83, 471–489.","Postglacial climate and fire-mediated vegetation change on the western Olympic Peninsula, Washington (USA)","Ecological Monographs",83,NA,"471-489",NA,"10.1890/12-1742.1",NA,NA,NA,NA,NA,NA,NA,NA,NA,NA,NA,NA,NA,"RPDv1b:2067",1112,"Greenwald, D.N.",1,"Greenwald","D.N.",NA,NA,NA,NA,NA,NA,NA,NA,NA,"RPDv1b:2067",1112,"RPDv1b",2067,17624,356.5,3.565,"m",0.01,"AMS","wood",9980,115,NA,NA,"AA-20317",TRUE,NA,"NA Date is in uncalibrated radiocarbon years.","Yahoo Lake core_SIEVED","counted","150-500",NA,NA,"",9980,9865,10095,9980,356.5,0.01,"NA Date is in uncalibrated radiocarbon years.",". Cal curve: NA. Source DB: RPDv1b","Lacustrine","Carbon-14","Radiocarbon",-43,14615.48,"Calibrated radiocarbon years BP","sedimentary charcoal","Data Sourcing: RPDv1b","Sample Age Source: GCDv4"
"1112",352,"charcoal | 150-500um num",366,366.5,367,1,11860.87,NA,NA,"GCDv4","Charcoal (sum)","150-500 µm",150,500,"False","False","number","Macroscopic charcoal (sieved)","direct",NA,"CHAR",43,NA,NA,"quant_raw",5,"volume","ml","RPDv1b","2067","charcoal","count","macrochar","wet_sieve","particle","150-500um num",NA,"150-500um","num","RPDv1b","measured",1,"RPDv1b","ELEMENT=150-500 µm","Yahoo Lake core",47.683333,-124.016667,710,"north","USA",NA,"sedlac",1112,1,2013,"Gavin, D.G., Brubaker, L.B., Greenwald, D.N., 2013. Postglacial climate and fire-mediated vegetation change on the western Olympic Peninsula, Washington (USA). Ecological Monographs 83, 471–489.","Postglacial climate and fire-mediated vegetation change on the western Olympic Peninsula, Washington (USA)","Ecological Monographs",83,NA,"471-489",NA,"10.1890/12-1742.1",NA,NA,NA,NA,NA,NA,NA,NA,NA,NA,NA,NA,NA,"RPDv1b:2067",1112,"Greenwald, D.N.",1,"Greenwald","D.N.",NA,NA,NA,NA,NA,NA,NA,NA,NA,"RPDv1b:2067",1112,"RPDv1b",2067,17624,356.5,3.565,"m",0.01,"AMS","wood",9980,115,NA,NA,"AA-20317",TRUE,NA,"NA Date is in uncalibrated radiocarbon years.","Yahoo Lake core_SIEVED","counted","150-500",NA,NA,"",9980,9865,10095,9980,356.5,0.01,"NA Date is in uncalibrated radiocarbon years.",". Cal curve: NA. Source DB: RPDv1b","Lacustrine","Carbon-14","Radiocarbon",-43,14615.48,"Calibrated radiocarbon years BP","sedimentary charcoal","Data Sourcing: RPDv1b","Sample Age Source: GCDv4"
"1112",353,"charcoal | 150-500um num",367,367.5,368,1,11903.2,NA,NA,"GCDv4","Charcoal (sum)","150-500 µm",150,500,"False","False","number","Macroscopic charcoal (sieved)","direct",NA,"CHAR",62,NA,NA,"quant_raw",5,"volume","ml","RPDv1b","2067","charcoal","count","macrochar","wet_sieve","particle","150-500um num",NA,"150-500um","num","RPDv1b","measured",1,"RPDv1b","ELEMENT=150-500 µm","Yahoo Lake core",47.683333,-124.016667,710,"north","USA",NA,"sedlac",1112,1,2013,"Gavin, D.G., Brubaker, L.B., Greenwald, D.N., 2013. Postglacial climate and fire-mediated vegetation change on the western Olympic Peninsula, Washington (USA). Ecological Monographs 83, 471–489.","Postglacial climate and fire-mediated vegetation change on the western Olympic Peninsula, Washington (USA)","Ecological Monographs",83,NA,"471-489",NA,"10.1890/12-1742.1",NA,NA,NA,NA,NA,NA,NA,NA,NA,NA,NA,NA,NA,"RPDv1b:2067",1112,"Greenwald, D.N.",1,"Greenwald","D.N.",NA,NA,NA,NA,NA,NA,NA,NA,NA,"RPDv1b:2067",1112,"RPDv1b",2067,17624,356.5,3.565,"m",0.01,"AMS","wood",9980,115,NA,NA,"AA-20317",TRUE,NA,"NA Date is in uncalibrated radiocarbon years.","Yahoo Lake core_SIEVED","counted","150-500",NA,NA,"",9980,9865,10095,9980,356.5,0.01,"NA Date is in uncalibrated radiocarbon years.",". Cal curve: NA. Source DB: RPDv1b","Lacustrine","Carbon-14","Radiocarbon",-43,14615.48,"Calibrated radiocarbon years BP","sedimentary charcoal","Data Sourcing: RPDv1b","Sample Age Source: GCDv4"
"1112",354,"charcoal | 150-500um num",368,368.5,369,1,11945.69,NA,NA,"GCDv4","Charcoal (sum)","150-500 µm",150,500,"False","False","number","Macroscopic charcoal (sieved)","direct",NA,"CHAR",57,NA,NA,"quant_raw",4.8,"volume","ml","RPDv1b","2067","charcoal","count","macrochar","wet_sieve","particle","150-500um num",NA,"150-500um","num","RPDv1b","measured",1,"RPDv1b","ELEMENT=150-500 µm","Yahoo Lake core",47.683333,-124.016667,710,"north","USA",NA,"sedlac",1112,1,2013,"Gavin, D.G., Brubaker, L.B., Greenwald, D.N., 2013. Postglacial climate and fire-mediated vegetation change on the western Olympic Peninsula, Washington (USA). Ecological Monographs 83, 471–489.","Postglacial climate and fire-mediated vegetation change on the western Olympic Peninsula, Washington (USA)","Ecological Monographs",83,NA,"471-489",NA,"10.1890/12-1742.1",NA,NA,NA,NA,NA,NA,NA,NA,NA,NA,NA,NA,NA,"RPDv1b:2067",1112,"Greenwald, D.N.",1,"Greenwald","D.N.",NA,NA,NA,NA,NA,NA,NA,NA,NA,"RPDv1b:2067",1112,"RPDv1b",2067,17624,356.5,3.565,"m",0.01,"AMS","wood",9980,115,NA,NA,"AA-20317",TRUE,NA,"NA Date is in uncalibrated radiocarbon years.","Yahoo Lake core_SIEVED","counted","150-500",NA,NA,"",9980,9865,10095,9980,356.5,0.01,"NA Date is in uncalibrated radiocarbon years.",". Cal curve: NA. Source DB: RPDv1b","Lacustrine","Carbon-14","Radiocarbon",-43,14615.48,"Calibrated radiocarbon years BP","sedimentary charcoal","Data Sourcing: RPDv1b","Sample Age Source: GCDv4"
"1112",355,"charcoal | 150-500um num",369,369.5,370,1,11988.34,NA,NA,"GCDv4","Charcoal (sum)","150-500 µm",150,500,"False","False","number","Macroscopic charcoal (sieved)","direct",NA,"CHAR",111,NA,NA,"quant_raw",5,"volume","ml","RPDv1b","2067","charcoal","count","macrochar","wet_sieve","particle","150-500um num",NA,"150-500um","num","RPDv1b","measured",1,"RPDv1b","ELEMENT=150-500 µm","Yahoo Lake core",47.683333,-124.016667,710,"north","USA",NA,"sedlac",1112,1,2013,"Gavin, D.G., Brubaker, L.B., Greenwald, D.N., 2013. Postglacial climate and fire-mediated vegetation change on the western Olympic Peninsula, Washington (USA). Ecological Monographs 83, 471–489.","Postglacial climate and fire-mediated vegetation change on the western Olympic Peninsula, Washington (USA)","Ecological Monographs",83,NA,"471-489",NA,"10.1890/12-1742.1",NA,NA,NA,NA,NA,NA,NA,NA,NA,NA,NA,NA,NA,"RPDv1b:2067",1112,"Greenwald, D.N.",1,"Greenwald","D.N.",NA,NA,NA,NA,NA,NA,NA,NA,NA,"RPDv1b:2067",1112,"RPDv1b",2067,17624,356.5,3.565,"m",0.01,"AMS","wood",9980,115,NA,NA,"AA-20317",TRUE,NA,"NA Date is in uncalibrated radiocarbon years.","Yahoo Lake core_SIEVED","counted","150-500",NA,NA,"",9980,9865,10095,9980,356.5,0.01,"NA Date is in uncalibrated radiocarbon years.",". Cal curve: NA. Source DB: RPDv1b","Lacustrine","Carbon-14","Radiocarbon",-43,14615.48,"Calibrated radiocarbon years BP","sedimentary charcoal","Data Sourcing: RPDv1b","Sample Age Source: GCDv4"
"1112",356,"charcoal | 150-500um num",370,370.5,371,1,12031.13,NA,NA,"GCDv4","Charcoal (sum)","150-500 µm",150,500,"False","False","number","Macroscopic charcoal (sieved)","direct",NA,"CHAR",82,NA,NA,"quant_raw",5,"volume","ml","RPDv1b","2067","charcoal","count","macrochar","wet_sieve","particle","150-500um num",NA,"150-500um","num","RPDv1b","measured",1,"RPDv1b","ELEMENT=150-500 µm","Yahoo Lake core",47.683333,-124.016667,710,"north","USA",NA,"sedlac",1112,1,2013,"Gavin, D.G., Brubaker, L.B., Greenwald, D.N., 2013. Postglacial climate and fire-mediated vegetation change on the western Olympic Peninsula, Washington (USA). Ecological Monographs 83, 471–489.","Postglacial climate and fire-mediated vegetation change on the western Olympic Peninsula, Washington (USA)","Ecological Monographs",83,NA,"471-489",NA,"10.1890/12-1742.1",NA,NA,NA,NA,NA,NA,NA,NA,NA,NA,NA,NA,NA,"RPDv1b:2067",1112,"Greenwald, D.N.",1,"Greenwald","D.N.",NA,NA,NA,NA,NA,NA,NA,NA,NA,"RPDv1b:2067",1112,"RPDv1b",2067,17624,356.5,3.565,"m",0.01,"AMS","wood",9980,115,NA,NA,"AA-20317",TRUE,NA,"NA Date is in uncalibrated radiocarbon years.","Yahoo Lake core_SIEVED","counted","150-500",NA,NA,"",9980,9865,10095,9980,356.5,0.01,"NA Date is in uncalibrated radiocarbon years.",". Cal curve: NA. Source DB: RPDv1b","Lacustrine","Carbon-14","Radiocarbon",-43,14615.48,"Calibrated radiocarbon years BP","sedimentary charcoal","Data Sourcing: RPDv1b","Sample Age Source: GCDv4"
"1112",357,"charcoal | 150-500um num",371,371.5,372,1,12074.08,NA,NA,"GCDv4","Charcoal (sum)","150-500 µm",150,500,"False","False","number","Macroscopic charcoal (sieved)","direct",NA,"CHAR",110,NA,NA,"quant_raw",5,"volume","ml","RPDv1b","2067","charcoal","count","macrochar","wet_sieve","particle","150-500um num",NA,"150-500um","num","RPDv1b","measured",1,"RPDv1b","ELEMENT=150-500 µm","Yahoo Lake core",47.683333,-124.016667,710,"north","USA",NA,"sedlac",1112,1,2013,"Gavin, D.G., Brubaker, L.B., Greenwald, D.N., 2013. Postglacial climate and fire-mediated vegetation change on the western Olympic Peninsula, Washington (USA). Ecological Monographs 83, 471–489.","Postglacial climate and fire-mediated vegetation change on the western Olympic Peninsula, Washington (USA)","Ecological Monographs",83,NA,"471-489",NA,"10.1890/12-1742.1",NA,NA,NA,NA,NA,NA,NA,NA,NA,NA,NA,NA,NA,"RPDv1b:2067",1112,"Greenwald, D.N.",1,"Greenwald","D.N.",NA,NA,NA,NA,NA,NA,NA,NA,NA,"RPDv1b:2067",1112,"RPDv1b",2067,17624,356.5,3.565,"m",0.01,"AMS","wood",9980,115,NA,NA,"AA-20317",TRUE,NA,"NA Date is in uncalibrated radiocarbon years.","Yahoo Lake core_SIEVED","counted","150-500",NA,NA,"",9980,9865,10095,9980,356.5,0.01,"NA Date is in uncalibrated radiocarbon years.",". Cal curve: NA. Source DB: RPDv1b","Lacustrine","Carbon-14","Radiocarbon",-43,14615.48,"Calibrated radiocarbon years BP","sedimentary charcoal","Data Sourcing: RPDv1b","Sample Age Source: GCDv4"
"1112",358,"charcoal | 150-500um num",372,372.5,373,1,12117.17,NA,NA,"GCDv4","Charcoal (sum)","150-500 µm",150,500,"False","False","number","Macroscopic charcoal (sieved)","direct",NA,"CHAR",206,NA,NA,"quant_raw",5,"volume","ml","RPDv1b","2067","charcoal","count","macrochar","wet_sieve","particle","150-500um num",NA,"150-500um","num","RPDv1b","measured",1,"RPDv1b","ELEMENT=150-500 µm","Yahoo Lake core",47.683333,-124.016667,710,"north","USA",NA,"sedlac",1112,1,2013,"Gavin, D.G., Brubaker, L.B., Greenwald, D.N., 2013. Postglacial climate and fire-mediated vegetation change on the western Olympic Peninsula, Washington (USA). Ecological Monographs 83, 471–489.","Postglacial climate and fire-mediated vegetation change on the western Olympic Peninsula, Washington (USA)","Ecological Monographs",83,NA,"471-489",NA,"10.1890/12-1742.1",NA,NA,NA,NA,NA,NA,NA,NA,NA,NA,NA,NA,NA,"RPDv1b:2067",1112,"Greenwald, D.N.",1,"Greenwald","D.N.",NA,NA,NA,NA,NA,NA,NA,NA,NA,"RPDv1b:2067",1112,"RPDv1b",2067,17625,408,4.08,"m",0.02,"AMS","terrestrial plant macrofossil",11915,95,NA,NA,"AA-20318",TRUE,NA,"NA Date is in uncalibrated radiocarbon years.","Yahoo Lake core_SIEVED","counted","150-500",NA,NA,"",11915,11820,12010,11915,408,0.02,"NA Date is in uncalibrated radiocarbon years.",". Cal curve: NA. Source DB: RPDv1b","Lacustrine","Carbon-14","Radiocarbon",-43,14615.48,"Calibrated radiocarbon years BP","sedimentary charcoal","Data Sourcing: RPDv1b","Sample Age Source: GCDv4"
"1112",359,"charcoal | 150-500um num",373,373.5,374,1,12160.4,NA,NA,"GCDv4","Charcoal (sum)","150-500 µm",150,500,"False","False","number","Macroscopic charcoal (sieved)","direct",NA,"CHAR",237,NA,NA,"quant_raw",4,"volume","ml","RPDv1b","2067","charcoal","count","macrochar","wet_sieve","particle","150-500um num",NA,"150-500um","num","RPDv1b","measured",1,"RPDv1b","ELEMENT=150-500 µm","Yahoo Lake core",47.683333,-124.016667,710,"north","USA",NA,"sedlac",1112,1,2013,"Gavin, D.G., Brubaker, L.B., Greenwald, D.N., 2013. Postglacial climate and fire-mediated vegetation change on the western Olympic Peninsula, Washington (USA). Ecological Monographs 83, 471–489.","Postglacial climate and fire-mediated vegetation change on the western Olympic Peninsula, Washington (USA)","Ecological Monographs",83,NA,"471-489",NA,"10.1890/12-1742.1",NA,NA,NA,NA,NA,NA,NA,NA,NA,NA,NA,NA,NA,"RPDv1b:2067",1112,"Greenwald, D.N.",1,"Greenwald","D.N.",NA,NA,NA,NA,NA,NA,NA,NA,NA,"RPDv1b:2067",1112,"RPDv1b",2067,17625,408,4.08,"m",0.02,"AMS","terrestrial plant macrofossil",11915,95,NA,NA,"AA-20318",TRUE,NA,"NA Date is in uncalibrated radiocarbon years.","Yahoo Lake core_SIEVED","counted","150-500",NA,NA,"",11915,11820,12010,11915,408,0.02,"NA Date is in uncalibrated radiocarbon years.",". Cal curve: NA. Source DB: RPDv1b","Lacustrine","Carbon-14","Radiocarbon",-43,14615.48,"Calibrated radiocarbon years BP","sedimentary charcoal","Data Sourcing: RPDv1b","Sample Age Source: GCDv4"
"1112",360,"charcoal | 150-500um num",374,374.5,375,1,12203.76,NA,NA,"GCDv4","Charcoal (sum)","150-500 µm",150,500,"False","False","number","Macroscopic charcoal (sieved)","direct",NA,"CHAR",115,NA,NA,"quant_raw",5,"volume","ml","RPDv1b","2067","charcoal","count","macrochar","wet_sieve","particle","150-500um num",NA,"150-500um","num","RPDv1b","measured",1,"RPDv1b","ELEMENT=150-500 µm","Yahoo Lake core",47.683333,-124.016667,710,"north","USA",NA,"sedlac",1112,1,2013,"Gavin, D.G., Brubaker, L.B., Greenwald, D.N., 2013. Postglacial climate and fire-mediated vegetation change on the western Olympic Peninsula, Washington (USA). Ecological Monographs 83, 471–489.","Postglacial climate and fire-mediated vegetation change on the western Olympic Peninsula, Washington (USA)","Ecological Monographs",83,NA,"471-489",NA,"10.1890/12-1742.1",NA,NA,NA,NA,NA,NA,NA,NA,NA,NA,NA,NA,NA,"RPDv1b:2067",1112,"Greenwald, D.N.",1,"Greenwald","D.N.",NA,NA,NA,NA,NA,NA,NA,NA,NA,"RPDv1b:2067",1112,"RPDv1b",2067,17625,408,4.08,"m",0.02,"AMS","terrestrial plant macrofossil",11915,95,NA,NA,"AA-20318",TRUE,NA,"NA Date is in uncalibrated radiocarbon years.","Yahoo Lake core_SIEVED","counted","150-500",NA,NA,"",11915,11820,12010,11915,408,0.02,"NA Date is in uncalibrated radiocarbon years.",". Cal curve: NA. Source DB: RPDv1b","Lacustrine","Carbon-14","Radiocarbon",-43,14615.48,"Calibrated radiocarbon years BP","sedimentary charcoal","Data Sourcing: RPDv1b","Sample Age Source: GCDv4"
"1112",361,"charcoal | 150-500um num",375,375.5,376,1,12247.26,NA,NA,"GCDv4","Charcoal (sum)","150-500 µm",150,500,"False","False","number","Macroscopic charcoal (sieved)","direct",NA,"CHAR",49,NA,NA,"quant_raw",5,"volume","ml","RPDv1b","2067","charcoal","count","macrochar","wet_sieve","particle","150-500um num",NA,"150-500um","num","RPDv1b","measured",1,"RPDv1b","ELEMENT=150-500 µm","Yahoo Lake core",47.683333,-124.016667,710,"north","USA",NA,"sedlac",1112,1,2013,"Gavin, D.G., Brubaker, L.B., Greenwald, D.N., 2013. Postglacial climate and fire-mediated vegetation change on the western Olympic Peninsula, Washington (USA). Ecological Monographs 83, 471–489.","Postglacial climate and fire-mediated vegetation change on the western Olympic Peninsula, Washington (USA)","Ecological Monographs",83,NA,"471-489",NA,"10.1890/12-1742.1",NA,NA,NA,NA,NA,NA,NA,NA,NA,NA,NA,NA,NA,"RPDv1b:2067",1112,"Greenwald, D.N.",1,"Greenwald","D.N.",NA,NA,NA,NA,NA,NA,NA,NA,NA,"RPDv1b:2067",1112,"RPDv1b",2067,17625,408,4.08,"m",0.02,"AMS","terrestrial plant macrofossil",11915,95,NA,NA,"AA-20318",TRUE,NA,"NA Date is in uncalibrated radiocarbon years.","Yahoo Lake core_SIEVED","counted","150-500",NA,NA,"",11915,11820,12010,11915,408,0.02,"NA Date is in uncalibrated radiocarbon years.",". Cal curve: NA. Source DB: RPDv1b","Lacustrine","Carbon-14","Radiocarbon",-43,14615.48,"Calibrated radiocarbon years BP","sedimentary charcoal","Data Sourcing: RPDv1b","Sample Age Source: GCDv4"
"1112",362,"charcoal | 150-500um num",376,376.5,377,1,12290.89,NA,NA,"GCDv4","Charcoal (sum)","150-500 µm",150,500,"False","False","number","Macroscopic charcoal (sieved)","direct",NA,"CHAR",77,NA,NA,"quant_raw",5,"volume","ml","RPDv1b","2067","charcoal","count","macrochar","wet_sieve","particle","150-500um num",NA,"150-500um","num","RPDv1b","measured",1,"RPDv1b","ELEMENT=150-500 µm","Yahoo Lake core",47.683333,-124.016667,710,"north","USA",NA,"sedlac",1112,1,2013,"Gavin, D.G., Brubaker, L.B., Greenwald, D.N., 2013. Postglacial climate and fire-mediated vegetation change on the western Olympic Peninsula, Washington (USA). Ecological Monographs 83, 471–489.","Postglacial climate and fire-mediated vegetation change on the western Olympic Peninsula, Washington (USA)","Ecological Monographs",83,NA,"471-489",NA,"10.1890/12-1742.1",NA,NA,NA,NA,NA,NA,NA,NA,NA,NA,NA,NA,NA,"RPDv1b:2067",1112,"Greenwald, D.N.",1,"Greenwald","D.N.",NA,NA,NA,NA,NA,NA,NA,NA,NA,"RPDv1b:2067",1112,"RPDv1b",2067,17625,408,4.08,"m",0.02,"AMS","terrestrial plant macrofossil",11915,95,NA,NA,"AA-20318",TRUE,NA,"NA Date is in uncalibrated radiocarbon years.","Yahoo Lake core_SIEVED","counted","150-500",NA,NA,"",11915,11820,12010,11915,408,0.02,"NA Date is in uncalibrated radiocarbon years.",". Cal curve: NA. Source DB: RPDv1b","Lacustrine","Carbon-14","Radiocarbon",-43,14615.48,"Calibrated radiocarbon years BP","sedimentary charcoal","Data Sourcing: RPDv1b","Sample Age Source: GCDv4"
"1112",363,"charcoal | 150-500um num",377,377.5,378,1,12334.64,NA,NA,"GCDv4","Charcoal (sum)","150-500 µm",150,500,"False","False","number","Macroscopic charcoal (sieved)","direct",NA,"CHAR",81,NA,NA,"quant_raw",4.6,"volume","ml","RPDv1b","2067","charcoal","count","macrochar","wet_sieve","particle","150-500um num",NA,"150-500um","num","RPDv1b","measured",1,"RPDv1b","ELEMENT=150-500 µm","Yahoo Lake core",47.683333,-124.016667,710,"north","USA",NA,"sedlac",1112,1,2013,"Gavin, D.G., Brubaker, L.B., Greenwald, D.N., 2013. Postglacial climate and fire-mediated vegetation change on the western Olympic Peninsula, Washington (USA). Ecological Monographs 83, 471–489.","Postglacial climate and fire-mediated vegetation change on the western Olympic Peninsula, Washington (USA)","Ecological Monographs",83,NA,"471-489",NA,"10.1890/12-1742.1",NA,NA,NA,NA,NA,NA,NA,NA,NA,NA,NA,NA,NA,"RPDv1b:2067",1112,"Greenwald, D.N.",1,"Greenwald","D.N.",NA,NA,NA,NA,NA,NA,NA,NA,NA,"RPDv1b:2067",1112,"RPDv1b",2067,17625,408,4.08,"m",0.02,"AMS","terrestrial plant macrofossil",11915,95,NA,NA,"AA-20318",TRUE,NA,"NA Date is in uncalibrated radiocarbon years.","Yahoo Lake core_SIEVED","counted","150-500",NA,NA,"",11915,11820,12010,11915,408,0.02,"NA Date is in uncalibrated radiocarbon years.",". Cal curve: NA. Source DB: RPDv1b","Lacustrine","Carbon-14","Radiocarbon",-43,14615.48,"Calibrated radiocarbon years BP","sedimentary charcoal","Data Sourcing: RPDv1b","Sample Age Source: GCDv4"
"1112",364,"charcoal | 150-500um num",378,378.5,379,1,12378.51,NA,NA,"GCDv4","Charcoal (sum)","150-500 µm",150,500,"False","False","number","Macroscopic charcoal (sieved)","direct",NA,"CHAR",110,NA,NA,"quant_raw",5,"volume","ml","RPDv1b","2067","charcoal","count","macrochar","wet_sieve","particle","150-500um num",NA,"150-500um","num","RPDv1b","measured",1,"RPDv1b","ELEMENT=150-500 µm","Yahoo Lake core",47.683333,-124.016667,710,"north","USA",NA,"sedlac",1112,1,2013,"Gavin, D.G., Brubaker, L.B., Greenwald, D.N., 2013. Postglacial climate and fire-mediated vegetation change on the western Olympic Peninsula, Washington (USA). Ecological Monographs 83, 471–489.","Postglacial climate and fire-mediated vegetation change on the western Olympic Peninsula, Washington (USA)","Ecological Monographs",83,NA,"471-489",NA,"10.1890/12-1742.1",NA,NA,NA,NA,NA,NA,NA,NA,NA,NA,NA,NA,NA,"RPDv1b:2067",1112,"Greenwald, D.N.",1,"Greenwald","D.N.",NA,NA,NA,NA,NA,NA,NA,NA,NA,"RPDv1b:2067",1112,"RPDv1b",2067,17625,408,4.08,"m",0.02,"AMS","terrestrial plant macrofossil",11915,95,NA,NA,"AA-20318",TRUE,NA,"NA Date is in uncalibrated radiocarbon years.","Yahoo Lake core_SIEVED","counted","150-500",NA,NA,"",11915,11820,12010,11915,408,0.02,"NA Date is in uncalibrated radiocarbon years.",". Cal curve: NA. Source DB: RPDv1b","Lacustrine","Carbon-14","Radiocarbon",-43,14615.48,"Calibrated radiocarbon years BP","sedimentary charcoal","Data Sourcing: RPDv1b","Sample Age Source: GCDv4"
"1112",365,"charcoal | 150-500um num",379,379.5,380,1,12422.5,NA,NA,"GCDv4","Charcoal (sum)","150-500 µm",150,500,"False","False","number","Macroscopic charcoal (sieved)","direct",NA,"CHAR",343,NA,NA,"quant_raw",5,"volume","ml","RPDv1b","2067","charcoal","count","macrochar","wet_sieve","particle","150-500um num",NA,"150-500um","num","RPDv1b","measured",1,"RPDv1b","ELEMENT=150-500 µm","Yahoo Lake core",47.683333,-124.016667,710,"north","USA",NA,"sedlac",1112,1,2013,"Gavin, D.G., Brubaker, L.B., Greenwald, D.N., 2013. Postglacial climate and fire-mediated vegetation change on the western Olympic Peninsula, Washington (USA). Ecological Monographs 83, 471–489.","Postglacial climate and fire-mediated vegetation change on the western Olympic Peninsula, Washington (USA)","Ecological Monographs",83,NA,"471-489",NA,"10.1890/12-1742.1",NA,NA,NA,NA,NA,NA,NA,NA,NA,NA,NA,NA,NA,"RPDv1b:2067",1112,"Greenwald, D.N.",1,"Greenwald","D.N.",NA,NA,NA,NA,NA,NA,NA,NA,NA,"RPDv1b:2067",1112,"RPDv1b",2067,17625,408,4.08,"m",0.02,"AMS","terrestrial plant macrofossil",11915,95,NA,NA,"AA-20318",TRUE,NA,"NA Date is in uncalibrated radiocarbon years.","Yahoo Lake core_SIEVED","counted","150-500",NA,NA,"",11915,11820,12010,11915,408,0.02,"NA Date is in uncalibrated radiocarbon years.",". Cal curve: NA. Source DB: RPDv1b","Lacustrine","Carbon-14","Radiocarbon",-43,14615.48,"Calibrated radiocarbon years BP","sedimentary charcoal","Data Sourcing: RPDv1b","Sample Age Source: GCDv4"
"1112",366,"charcoal | 150-500um num",380,380.5,381,1,12466.6,NA,NA,"GCDv4","Charcoal (sum)","150-500 µm",150,500,"False","False","number","Macroscopic charcoal (sieved)","direct",NA,"CHAR",88,NA,NA,"quant_raw",5,"volume","ml","RPDv1b","2067","charcoal","count","macrochar","wet_sieve","particle","150-500um num",NA,"150-500um","num","RPDv1b","measured",1,"RPDv1b","ELEMENT=150-500 µm","Yahoo Lake core",47.683333,-124.016667,710,"north","USA",NA,"sedlac",1112,1,2013,"Gavin, D.G., Brubaker, L.B., Greenwald, D.N., 2013. Postglacial climate and fire-mediated vegetation change on the western Olympic Peninsula, Washington (USA). Ecological Monographs 83, 471–489.","Postglacial climate and fire-mediated vegetation change on the western Olympic Peninsula, Washington (USA)","Ecological Monographs",83,NA,"471-489",NA,"10.1890/12-1742.1",NA,NA,NA,NA,NA,NA,NA,NA,NA,NA,NA,NA,NA,"RPDv1b:2067",1112,"Greenwald, D.N.",1,"Greenwald","D.N.",NA,NA,NA,NA,NA,NA,NA,NA,NA,"RPDv1b:2067",1112,"RPDv1b",2067,17625,408,4.08,"m",0.02,"AMS","terrestrial plant macrofossil",11915,95,NA,NA,"AA-20318",TRUE,NA,"NA Date is in uncalibrated radiocarbon years.","Yahoo Lake core_SIEVED","counted","150-500",NA,NA,"",11915,11820,12010,11915,408,0.02,"NA Date is in uncalibrated radiocarbon years.",". Cal curve: NA. Source DB: RPDv1b","Lacustrine","Carbon-14","Radiocarbon",-43,14615.48,"Calibrated radiocarbon years BP","sedimentary charcoal","Data Sourcing: RPDv1b","Sample Age Source: GCDv4"
"1112",367,"charcoal | 150-500um num",381,381.5,382,1,12510.82,NA,NA,"GCDv4","Charcoal (sum)","150-500 µm",150,500,"False","False","number","Macroscopic charcoal (sieved)","direct",NA,"CHAR",166,NA,NA,"quant_raw",5,"volume","ml","RPDv1b","2067","charcoal","count","macrochar","wet_sieve","particle","150-500um num",NA,"150-500um","num","RPDv1b","measured",1,"RPDv1b","ELEMENT=150-500 µm","Yahoo Lake core",47.683333,-124.016667,710,"north","USA",NA,"sedlac",1112,1,2013,"Gavin, D.G., Brubaker, L.B., Greenwald, D.N., 2013. Postglacial climate and fire-mediated vegetation change on the western Olympic Peninsula, Washington (USA). Ecological Monographs 83, 471–489.","Postglacial climate and fire-mediated vegetation change on the western Olympic Peninsula, Washington (USA)","Ecological Monographs",83,NA,"471-489",NA,"10.1890/12-1742.1",NA,NA,NA,NA,NA,NA,NA,NA,NA,NA,NA,NA,NA,"RPDv1b:2067",1112,"Greenwald, D.N.",1,"Greenwald","D.N.",NA,NA,NA,NA,NA,NA,NA,NA,NA,"RPDv1b:2067",1112,"RPDv1b",2067,17625,408,4.08,"m",0.02,"AMS","terrestrial plant macrofossil",11915,95,NA,NA,"AA-20318",TRUE,NA,"NA Date is in uncalibrated radiocarbon years.","Yahoo Lake core_SIEVED","counted","150-500",NA,NA,"",11915,11820,12010,11915,408,0.02,"NA Date is in uncalibrated radiocarbon years.",". Cal curve: NA. Source DB: RPDv1b","Lacustrine","Carbon-14","Radiocarbon",-43,14615.48,"Calibrated radiocarbon years BP","sedimentary charcoal","Data Sourcing: RPDv1b","Sample Age Source: GCDv4"
"1112",368,"charcoal | 150-500um num",382,382.5,383,1,12555.14,NA,NA,"GCDv4","Charcoal (sum)","150-500 µm",150,500,"False","False","number","Macroscopic charcoal (sieved)","direct",NA,"CHAR",127,NA,NA,"quant_raw",5,"volume","ml","RPDv1b","2067","charcoal","count","macrochar","wet_sieve","particle","150-500um num",NA,"150-500um","num","RPDv1b","measured",1,"RPDv1b","ELEMENT=150-500 µm","Yahoo Lake core",47.683333,-124.016667,710,"north","USA",NA,"sedlac",1112,1,2013,"Gavin, D.G., Brubaker, L.B., Greenwald, D.N., 2013. Postglacial climate and fire-mediated vegetation change on the western Olympic Peninsula, Washington (USA). Ecological Monographs 83, 471–489.","Postglacial climate and fire-mediated vegetation change on the western Olympic Peninsula, Washington (USA)","Ecological Monographs",83,NA,"471-489",NA,"10.1890/12-1742.1",NA,NA,NA,NA,NA,NA,NA,NA,NA,NA,NA,NA,NA,"RPDv1b:2067",1112,"Greenwald, D.N.",1,"Greenwald","D.N.",NA,NA,NA,NA,NA,NA,NA,NA,NA,"RPDv1b:2067",1112,"RPDv1b",2067,17625,408,4.08,"m",0.02,"AMS","terrestrial plant macrofossil",11915,95,NA,NA,"AA-20318",TRUE,NA,"NA Date is in uncalibrated radiocarbon years.","Yahoo Lake core_SIEVED","counted","150-500",NA,NA,"",11915,11820,12010,11915,408,0.02,"NA Date is in uncalibrated radiocarbon years.",". Cal curve: NA. Source DB: RPDv1b","Lacustrine","Carbon-14","Radiocarbon",-43,14615.48,"Calibrated radiocarbon years BP","sedimentary charcoal","Data Sourcing: RPDv1b","Sample Age Source: GCDv4"
"1112",369,"charcoal | 150-500um num",383,383.5,384,1,12599.56,NA,NA,"GCDv4","Charcoal (sum)","150-500 µm",150,500,"False","False","number","Macroscopic charcoal (sieved)","direct",NA,"CHAR",75,NA,NA,"quant_raw",5,"volume","ml","RPDv1b","2067","charcoal","count","macrochar","wet_sieve","particle","150-500um num",NA,"150-500um","num","RPDv1b","measured",1,"RPDv1b","ELEMENT=150-500 µm","Yahoo Lake core",47.683333,-124.016667,710,"north","USA",NA,"sedlac",1112,1,2013,"Gavin, D.G., Brubaker, L.B., Greenwald, D.N., 2013. Postglacial climate and fire-mediated vegetation change on the western Olympic Peninsula, Washington (USA). Ecological Monographs 83, 471–489.","Postglacial climate and fire-mediated vegetation change on the western Olympic Peninsula, Washington (USA)","Ecological Monographs",83,NA,"471-489",NA,"10.1890/12-1742.1",NA,NA,NA,NA,NA,NA,NA,NA,NA,NA,NA,NA,NA,"RPDv1b:2067",1112,"Greenwald, D.N.",1,"Greenwald","D.N.",NA,NA,NA,NA,NA,NA,NA,NA,NA,"RPDv1b:2067",1112,"RPDv1b",2067,17625,408,4.08,"m",0.02,"AMS","terrestrial plant macrofossil",11915,95,NA,NA,"AA-20318",TRUE,NA,"NA Date is in uncalibrated radiocarbon years.","Yahoo Lake core_SIEVED","counted","150-500",NA,NA,"",11915,11820,12010,11915,408,0.02,"NA Date is in uncalibrated radiocarbon years.",". Cal curve: NA. Source DB: RPDv1b","Lacustrine","Carbon-14","Radiocarbon",-43,14615.48,"Calibrated radiocarbon years BP","sedimentary charcoal","Data Sourcing: RPDv1b","Sample Age Source: GCDv4"
"1112",370,"charcoal | 150-500um num",384,384.5,385,1,12644.08,NA,NA,"GCDv4","Charcoal (sum)","150-500 µm",150,500,"False","False","number","Macroscopic charcoal (sieved)","direct",NA,"CHAR",83,NA,NA,"quant_raw",5,"volume","ml","RPDv1b","2067","charcoal","count","macrochar","wet_sieve","particle","150-500um num",NA,"150-500um","num","RPDv1b","measured",1,"RPDv1b","ELEMENT=150-500 µm","Yahoo Lake core",47.683333,-124.016667,710,"north","USA",NA,"sedlac",1112,1,2013,"Gavin, D.G., Brubaker, L.B., Greenwald, D.N., 2013. Postglacial climate and fire-mediated vegetation change on the western Olympic Peninsula, Washington (USA). Ecological Monographs 83, 471–489.","Postglacial climate and fire-mediated vegetation change on the western Olympic Peninsula, Washington (USA)","Ecological Monographs",83,NA,"471-489",NA,"10.1890/12-1742.1",NA,NA,NA,NA,NA,NA,NA,NA,NA,NA,NA,NA,NA,"RPDv1b:2067",1112,"Greenwald, D.N.",1,"Greenwald","D.N.",NA,NA,NA,NA,NA,NA,NA,NA,NA,"RPDv1b:2067",1112,"RPDv1b",2067,17625,408,4.08,"m",0.02,"AMS","terrestrial plant macrofossil",11915,95,NA,NA,"AA-20318",TRUE,NA,"NA Date is in uncalibrated radiocarbon years.","Yahoo Lake core_SIEVED","counted","150-500",NA,NA,"",11915,11820,12010,11915,408,0.02,"NA Date is in uncalibrated radiocarbon years.",". Cal curve: NA. Source DB: RPDv1b","Lacustrine","Carbon-14","Radiocarbon",-43,14615.48,"Calibrated radiocarbon years BP","sedimentary charcoal","Data Sourcing: RPDv1b","Sample Age Source: GCDv4"
"1112",371,"charcoal | 150-500um num",385,385.5,386,1,12688.69,NA,NA,"GCDv4","Charcoal (sum)","150-500 µm",150,500,"False","False","number","Macroscopic charcoal (sieved)","direct",NA,"CHAR",150,NA,NA,"quant_raw",5,"volume","ml","RPDv1b","2067","charcoal","count","macrochar","wet_sieve","particle","150-500um num",NA,"150-500um","num","RPDv1b","measured",1,"RPDv1b","ELEMENT=150-500 µm","Yahoo Lake core",47.683333,-124.016667,710,"north","USA",NA,"sedlac",1112,1,2013,"Gavin, D.G., Brubaker, L.B., Greenwald, D.N., 2013. Postglacial climate and fire-mediated vegetation change on the western Olympic Peninsula, Washington (USA). Ecological Monographs 83, 471–489.","Postglacial climate and fire-mediated vegetation change on the western Olympic Peninsula, Washington (USA)","Ecological Monographs",83,NA,"471-489",NA,"10.1890/12-1742.1",NA,NA,NA,NA,NA,NA,NA,NA,NA,NA,NA,NA,NA,"RPDv1b:2067",1112,"Greenwald, D.N.",1,"Greenwald","D.N.",NA,NA,NA,NA,NA,NA,NA,NA,NA,"RPDv1b:2067",1112,"RPDv1b",2067,17625,408,4.08,"m",0.02,"AMS","terrestrial plant macrofossil",11915,95,NA,NA,"AA-20318",TRUE,NA,"NA Date is in uncalibrated radiocarbon years.","Yahoo Lake core_SIEVED","counted","150-500",NA,NA,"",11915,11820,12010,11915,408,0.02,"NA Date is in uncalibrated radiocarbon years.",". Cal curve: NA. Source DB: RPDv1b","Lacustrine","Carbon-14","Radiocarbon",-43,14615.48,"Calibrated radiocarbon years BP","sedimentary charcoal","Data Sourcing: RPDv1b","Sample Age Source: GCDv4"
"1112",372,"charcoal | 150-500um num",386,386.5,387,1,12733.4,NA,NA,"GCDv4","Charcoal (sum)","150-500 µm",150,500,"False","False","number","Macroscopic charcoal (sieved)","direct",NA,"CHAR",142,NA,NA,"quant_raw",5,"volume","ml","RPDv1b","2067","charcoal","count","macrochar","wet_sieve","particle","150-500um num",NA,"150-500um","num","RPDv1b","measured",1,"RPDv1b","ELEMENT=150-500 µm","Yahoo Lake core",47.683333,-124.016667,710,"north","USA",NA,"sedlac",1112,1,2013,"Gavin, D.G., Brubaker, L.B., Greenwald, D.N., 2013. Postglacial climate and fire-mediated vegetation change on the western Olympic Peninsula, Washington (USA). Ecological Monographs 83, 471–489.","Postglacial climate and fire-mediated vegetation change on the western Olympic Peninsula, Washington (USA)","Ecological Monographs",83,NA,"471-489",NA,"10.1890/12-1742.1",NA,NA,NA,NA,NA,NA,NA,NA,NA,NA,NA,NA,NA,"RPDv1b:2067",1112,"Greenwald, D.N.",1,"Greenwald","D.N.",NA,NA,NA,NA,NA,NA,NA,NA,NA,"RPDv1b:2067",1112,"RPDv1b",2067,17625,408,4.08,"m",0.02,"AMS","terrestrial plant macrofossil",11915,95,NA,NA,"AA-20318",TRUE,NA,"NA Date is in uncalibrated radiocarbon years.","Yahoo Lake core_SIEVED","counted","150-500",NA,NA,"",11915,11820,12010,11915,408,0.02,"NA Date is in uncalibrated radiocarbon years.",". Cal curve: NA. Source DB: RPDv1b","Lacustrine","Carbon-14","Radiocarbon",-43,14615.48,"Calibrated radiocarbon years BP","sedimentary charcoal","Data Sourcing: RPDv1b","Sample Age Source: GCDv4"
"1112",373,"charcoal | 150-500um num",387,387.5,388,1,12778.19,NA,NA,"GCDv4","Charcoal (sum)","150-500 µm",150,500,"False","False","number","Macroscopic charcoal (sieved)","direct",NA,"CHAR",132,NA,NA,"quant_raw",5,"volume","ml","RPDv1b","2067","charcoal","count","macrochar","wet_sieve","particle","150-500um num",NA,"150-500um","num","RPDv1b","measured",1,"RPDv1b","ELEMENT=150-500 µm","Yahoo Lake core",47.683333,-124.016667,710,"north","USA",NA,"sedlac",1112,1,2013,"Gavin, D.G., Brubaker, L.B., Greenwald, D.N., 2013. Postglacial climate and fire-mediated vegetation change on the western Olympic Peninsula, Washington (USA). Ecological Monographs 83, 471–489.","Postglacial climate and fire-mediated vegetation change on the western Olympic Peninsula, Washington (USA)","Ecological Monographs",83,NA,"471-489",NA,"10.1890/12-1742.1",NA,NA,NA,NA,NA,NA,NA,NA,NA,NA,NA,NA,NA,"RPDv1b:2067",1112,"Greenwald, D.N.",1,"Greenwald","D.N.",NA,NA,NA,NA,NA,NA,NA,NA,NA,"RPDv1b:2067",1112,"RPDv1b",2067,17625,408,4.08,"m",0.02,"AMS","terrestrial plant macrofossil",11915,95,NA,NA,"AA-20318",TRUE,NA,"NA Date is in uncalibrated radiocarbon years.","Yahoo Lake core_SIEVED","counted","150-500",NA,NA,"",11915,11820,12010,11915,408,0.02,"NA Date is in uncalibrated radiocarbon years.",". Cal curve: NA. Source DB: RPDv1b","Lacustrine","Carbon-14","Radiocarbon",-43,14615.48,"Calibrated radiocarbon years BP","sedimentary charcoal","Data Sourcing: RPDv1b","Sample Age Source: GCDv4"
"1112",374,"charcoal | 150-500um num",388,388.5,389,1,12823.07,NA,NA,"GCDv4","Charcoal (sum)","150-500 µm",150,500,"False","False","number","Macroscopic charcoal (sieved)","direct",NA,"CHAR",124,NA,NA,"quant_raw",5,"volume","ml","RPDv1b","2067","charcoal","count","macrochar","wet_sieve","particle","150-500um num",NA,"150-500um","num","RPDv1b","measured",1,"RPDv1b","ELEMENT=150-500 µm","Yahoo Lake core",47.683333,-124.016667,710,"north","USA",NA,"sedlac",1112,1,2013,"Gavin, D.G., Brubaker, L.B., Greenwald, D.N., 2013. Postglacial climate and fire-mediated vegetation change on the western Olympic Peninsula, Washington (USA). Ecological Monographs 83, 471–489.","Postglacial climate and fire-mediated vegetation change on the western Olympic Peninsula, Washington (USA)","Ecological Monographs",83,NA,"471-489",NA,"10.1890/12-1742.1",NA,NA,NA,NA,NA,NA,NA,NA,NA,NA,NA,NA,NA,"RPDv1b:2067",1112,"Greenwald, D.N.",1,"Greenwald","D.N.",NA,NA,NA,NA,NA,NA,NA,NA,NA,"RPDv1b:2067",1112,"RPDv1b",2067,17625,408,4.08,"m",0.02,"AMS","terrestrial plant macrofossil",11915,95,NA,NA,"AA-20318",TRUE,NA,"NA Date is in uncalibrated radiocarbon years.","Yahoo Lake core_SIEVED","counted","150-500",NA,NA,"",11915,11820,12010,11915,408,0.02,"NA Date is in uncalibrated radiocarbon years.",". Cal curve: NA. Source DB: RPDv1b","Lacustrine","Carbon-14","Radiocarbon",-43,14615.48,"Calibrated radiocarbon years BP","sedimentary charcoal","Data Sourcing: RPDv1b","Sample Age Source: GCDv4"
"1112",375,"charcoal | 150-500um num",389,389.5,390,1,12868.02,NA,NA,"GCDv4","Charcoal (sum)","150-500 µm",150,500,"False","False","number","Macroscopic charcoal (sieved)","direct",NA,"CHAR",120,NA,NA,"quant_raw",5,"volume","ml","RPDv1b","2067","charcoal","count","macrochar","wet_sieve","particle","150-500um num",NA,"150-500um","num","RPDv1b","measured",1,"RPDv1b","ELEMENT=150-500 µm","Yahoo Lake core",47.683333,-124.016667,710,"north","USA",NA,"sedlac",1112,1,2013,"Gavin, D.G., Brubaker, L.B., Greenwald, D.N., 2013. Postglacial climate and fire-mediated vegetation change on the western Olympic Peninsula, Washington (USA). Ecological Monographs 83, 471–489.","Postglacial climate and fire-mediated vegetation change on the western Olympic Peninsula, Washington (USA)","Ecological Monographs",83,NA,"471-489",NA,"10.1890/12-1742.1",NA,NA,NA,NA,NA,NA,NA,NA,NA,NA,NA,NA,NA,"RPDv1b:2067",1112,"Greenwald, D.N.",1,"Greenwald","D.N.",NA,NA,NA,NA,NA,NA,NA,NA,NA,"RPDv1b:2067",1112,"RPDv1b",2067,17625,408,4.08,"m",0.02,"AMS","terrestrial plant macrofossil",11915,95,NA,NA,"AA-20318",TRUE,NA,"NA Date is in uncalibrated radiocarbon years.","Yahoo Lake core_SIEVED","counted","150-500",NA,NA,"",11915,11820,12010,11915,408,0.02,"NA Date is in uncalibrated radiocarbon years.",". Cal curve: NA. Source DB: RPDv1b","Lacustrine","Carbon-14","Radiocarbon",-43,14615.48,"Calibrated radiocarbon years BP","sedimentary charcoal","Data Sourcing: RPDv1b","Sample Age Source: GCDv4"
"1112",376,"charcoal | 150-500um num",390,390.5,391,1,12913.06,NA,NA,"GCDv4","Charcoal (sum)","150-500 µm",150,500,"False","False","number","Macroscopic charcoal (sieved)","direct",NA,"CHAR",195,NA,NA,"quant_raw",5,"volume","ml","RPDv1b","2067","charcoal","count","macrochar","wet_sieve","particle","150-500um num",NA,"150-500um","num","RPDv1b","measured",1,"RPDv1b","ELEMENT=150-500 µm","Yahoo Lake core",47.683333,-124.016667,710,"north","USA",NA,"sedlac",1112,1,2013,"Gavin, D.G., Brubaker, L.B., Greenwald, D.N., 2013. Postglacial climate and fire-mediated vegetation change on the western Olympic Peninsula, Washington (USA). Ecological Monographs 83, 471–489.","Postglacial climate and fire-mediated vegetation change on the western Olympic Peninsula, Washington (USA)","Ecological Monographs",83,NA,"471-489",NA,"10.1890/12-1742.1",NA,NA,NA,NA,NA,NA,NA,NA,NA,NA,NA,NA,NA,"RPDv1b:2067",1112,"Greenwald, D.N.",1,"Greenwald","D.N.",NA,NA,NA,NA,NA,NA,NA,NA,NA,"RPDv1b:2067",1112,"RPDv1b",2067,17625,408,4.08,"m",0.02,"AMS","terrestrial plant macrofossil",11915,95,NA,NA,"AA-20318",TRUE,NA,"NA Date is in uncalibrated radiocarbon years.","Yahoo Lake core_SIEVED","counted","150-500",NA,NA,"",11915,11820,12010,11915,408,0.02,"NA Date is in uncalibrated radiocarbon years.",". Cal curve: NA. Source DB: RPDv1b","Lacustrine","Carbon-14","Radiocarbon",-43,14615.48,"Calibrated radiocarbon years BP","sedimentary charcoal","Data Sourcing: RPDv1b","Sample Age Source: GCDv4"
"1112",377,"charcoal | 150-500um num",391,391.5,392,1,12958.16,NA,NA,"GCDv4","Charcoal (sum)","150-500 µm",150,500,"False","False","number","Macroscopic charcoal (sieved)","direct",NA,"CHAR",98,NA,NA,"quant_raw",5,"volume","ml","RPDv1b","2067","charcoal","count","macrochar","wet_sieve","particle","150-500um num",NA,"150-500um","num","RPDv1b","measured",1,"RPDv1b","ELEMENT=150-500 µm","Yahoo Lake core",47.683333,-124.016667,710,"north","USA",NA,"sedlac",1112,1,2013,"Gavin, D.G., Brubaker, L.B., Greenwald, D.N., 2013. Postglacial climate and fire-mediated vegetation change on the western Olympic Peninsula, Washington (USA). Ecological Monographs 83, 471–489.","Postglacial climate and fire-mediated vegetation change on the western Olympic Peninsula, Washington (USA)","Ecological Monographs",83,NA,"471-489",NA,"10.1890/12-1742.1",NA,NA,NA,NA,NA,NA,NA,NA,NA,NA,NA,NA,NA,"RPDv1b:2067",1112,"Greenwald, D.N.",1,"Greenwald","D.N.",NA,NA,NA,NA,NA,NA,NA,NA,NA,"RPDv1b:2067",1112,"RPDv1b",2067,17625,408,4.08,"m",0.02,"AMS","terrestrial plant macrofossil",11915,95,NA,NA,"AA-20318",TRUE,NA,"NA Date is in uncalibrated radiocarbon years.","Yahoo Lake core_SIEVED","counted","150-500",NA,NA,"",11915,11820,12010,11915,408,0.02,"NA Date is in uncalibrated radiocarbon years.",". Cal curve: NA. Source DB: RPDv1b","Lacustrine","Carbon-14","Radiocarbon",-43,14615.48,"Calibrated radiocarbon years BP","sedimentary charcoal","Data Sourcing: RPDv1b","Sample Age Source: GCDv4"
"1112",378,"charcoal | 150-500um num",392,392.5,393,1,13003.33,NA,NA,"GCDv4","Charcoal (sum)","150-500 µm",150,500,"False","False","number","Macroscopic charcoal (sieved)","direct",NA,"CHAR",69,NA,NA,"quant_raw",5,"volume","ml","RPDv1b","2067","charcoal","count","macrochar","wet_sieve","particle","150-500um num",NA,"150-500um","num","RPDv1b","measured",1,"RPDv1b","ELEMENT=150-500 µm","Yahoo Lake core",47.683333,-124.016667,710,"north","USA",NA,"sedlac",1112,1,2013,"Gavin, D.G., Brubaker, L.B., Greenwald, D.N., 2013. Postglacial climate and fire-mediated vegetation change on the western Olympic Peninsula, Washington (USA). Ecological Monographs 83, 471–489.","Postglacial climate and fire-mediated vegetation change on the western Olympic Peninsula, Washington (USA)","Ecological Monographs",83,NA,"471-489",NA,"10.1890/12-1742.1",NA,NA,NA,NA,NA,NA,NA,NA,NA,NA,NA,NA,NA,"RPDv1b:2067",1112,"Greenwald, D.N.",1,"Greenwald","D.N.",NA,NA,NA,NA,NA,NA,NA,NA,NA,"RPDv1b:2067",1112,"RPDv1b",2067,17625,408,4.08,"m",0.02,"AMS","terrestrial plant macrofossil",11915,95,NA,NA,"AA-20318",TRUE,NA,"NA Date is in uncalibrated radiocarbon years.","Yahoo Lake core_SIEVED","counted","150-500",NA,NA,"",11915,11820,12010,11915,408,0.02,"NA Date is in uncalibrated radiocarbon years.",". Cal curve: NA. Source DB: RPDv1b","Lacustrine","Carbon-14","Radiocarbon",-43,14615.48,"Calibrated radiocarbon years BP","sedimentary charcoal","Data Sourcing: RPDv1b","Sample Age Source: GCDv4"
"1112",379,"charcoal | 150-500um num",393,393.5,394,1,13048.57,NA,NA,"GCDv4","Charcoal (sum)","150-500 µm",150,500,"False","False","number","Macroscopic charcoal (sieved)","direct",NA,"CHAR",61,NA,NA,"quant_raw",5,"volume","ml","RPDv1b","2067","charcoal","count","macrochar","wet_sieve","particle","150-500um num",NA,"150-500um","num","RPDv1b","measured",1,"RPDv1b","ELEMENT=150-500 µm","Yahoo Lake core",47.683333,-124.016667,710,"north","USA",NA,"sedlac",1112,1,2013,"Gavin, D.G., Brubaker, L.B., Greenwald, D.N., 2013. Postglacial climate and fire-mediated vegetation change on the western Olympic Peninsula, Washington (USA). Ecological Monographs 83, 471–489.","Postglacial climate and fire-mediated vegetation change on the western Olympic Peninsula, Washington (USA)","Ecological Monographs",83,NA,"471-489",NA,"10.1890/12-1742.1",NA,NA,NA,NA,NA,NA,NA,NA,NA,NA,NA,NA,NA,"RPDv1b:2067",1112,"Greenwald, D.N.",1,"Greenwald","D.N.",NA,NA,NA,NA,NA,NA,NA,NA,NA,"RPDv1b:2067",1112,"RPDv1b",2067,17625,408,4.08,"m",0.02,"AMS","terrestrial plant macrofossil",11915,95,NA,NA,"AA-20318",TRUE,NA,"NA Date is in uncalibrated radiocarbon years.","Yahoo Lake core_SIEVED","counted","150-500",NA,NA,"",11915,11820,12010,11915,408,0.02,"NA Date is in uncalibrated radiocarbon years.",". Cal curve: NA. Source DB: RPDv1b","Lacustrine","Carbon-14","Radiocarbon",-43,14615.48,"Calibrated radiocarbon years BP","sedimentary charcoal","Data Sourcing: RPDv1b","Sample Age Source: GCDv4"
"1112",380,"charcoal | 150-500um num",394,394.5,395,1,13093.86,NA,NA,"GCDv4","Charcoal (sum)","150-500 µm",150,500,"False","False","number","Macroscopic charcoal (sieved)","direct",NA,"CHAR",83,NA,NA,"quant_raw",5,"volume","ml","RPDv1b","2067","charcoal","count","macrochar","wet_sieve","particle","150-500um num",NA,"150-500um","num","RPDv1b","measured",1,"RPDv1b","ELEMENT=150-500 µm","Yahoo Lake core",47.683333,-124.016667,710,"north","USA",NA,"sedlac",1112,1,2013,"Gavin, D.G., Brubaker, L.B., Greenwald, D.N., 2013. Postglacial climate and fire-mediated vegetation change on the western Olympic Peninsula, Washington (USA). Ecological Monographs 83, 471–489.","Postglacial climate and fire-mediated vegetation change on the western Olympic Peninsula, Washington (USA)","Ecological Monographs",83,NA,"471-489",NA,"10.1890/12-1742.1",NA,NA,NA,NA,NA,NA,NA,NA,NA,NA,NA,NA,NA,"RPDv1b:2067",1112,"Greenwald, D.N.",1,"Greenwald","D.N.",NA,NA,NA,NA,NA,NA,NA,NA,NA,"RPDv1b:2067",1112,"RPDv1b",2067,17625,408,4.08,"m",0.02,"AMS","terrestrial plant macrofossil",11915,95,NA,NA,"AA-20318",TRUE,NA,"NA Date is in uncalibrated radiocarbon years.","Yahoo Lake core_SIEVED","counted","150-500",NA,NA,"",11915,11820,12010,11915,408,0.02,"NA Date is in uncalibrated radiocarbon years.",". Cal curve: NA. Source DB: RPDv1b","Lacustrine","Carbon-14","Radiocarbon",-43,14615.48,"Calibrated radiocarbon years BP","sedimentary charcoal","Data Sourcing: RPDv1b","Sample Age Source: GCDv4"
"1112",381,"charcoal | 150-500um num",395,395.5,396,1,13139.21,NA,NA,"GCDv4","Charcoal (sum)","150-500 µm",150,500,"False","False","number","Macroscopic charcoal (sieved)","direct",NA,"CHAR",56,NA,NA,"quant_raw",5,"volume","ml","RPDv1b","2067","charcoal","count","macrochar","wet_sieve","particle","150-500um num",NA,"150-500um","num","RPDv1b","measured",1,"RPDv1b","ELEMENT=150-500 µm","Yahoo Lake core",47.683333,-124.016667,710,"north","USA",NA,"sedlac",1112,1,2013,"Gavin, D.G., Brubaker, L.B., Greenwald, D.N., 2013. Postglacial climate and fire-mediated vegetation change on the western Olympic Peninsula, Washington (USA). Ecological Monographs 83, 471–489.","Postglacial climate and fire-mediated vegetation change on the western Olympic Peninsula, Washington (USA)","Ecological Monographs",83,NA,"471-489",NA,"10.1890/12-1742.1",NA,NA,NA,NA,NA,NA,NA,NA,NA,NA,NA,NA,NA,"RPDv1b:2067",1112,"Greenwald, D.N.",1,"Greenwald","D.N.",NA,NA,NA,NA,NA,NA,NA,NA,NA,"RPDv1b:2067",1112,"RPDv1b",2067,17625,408,4.08,"m",0.02,"AMS","terrestrial plant macrofossil",11915,95,NA,NA,"AA-20318",TRUE,NA,"NA Date is in uncalibrated radiocarbon years.","Yahoo Lake core_SIEVED","counted","150-500",NA,NA,"",11915,11820,12010,11915,408,0.02,"NA Date is in uncalibrated radiocarbon years.",". Cal curve: NA. Source DB: RPDv1b","Lacustrine","Carbon-14","Radiocarbon",-43,14615.48,"Calibrated radiocarbon years BP","sedimentary charcoal","Data Sourcing: RPDv1b","Sample Age Source: GCDv4"
"1112",382,"charcoal | 150-500um num",396,396.5,397,1,13184.62,NA,NA,"GCDv4","Charcoal (sum)","150-500 µm",150,500,"False","False","number","Macroscopic charcoal (sieved)","direct",NA,"CHAR",37,NA,NA,"quant_raw",5,"volume","ml","RPDv1b","2067","charcoal","count","macrochar","wet_sieve","particle","150-500um num",NA,"150-500um","num","RPDv1b","measured",1,"RPDv1b","ELEMENT=150-500 µm","Yahoo Lake core",47.683333,-124.016667,710,"north","USA",NA,"sedlac",1112,1,2013,"Gavin, D.G., Brubaker, L.B., Greenwald, D.N., 2013. Postglacial climate and fire-mediated vegetation change on the western Olympic Peninsula, Washington (USA). Ecological Monographs 83, 471–489.","Postglacial climate and fire-mediated vegetation change on the western Olympic Peninsula, Washington (USA)","Ecological Monographs",83,NA,"471-489",NA,"10.1890/12-1742.1",NA,NA,NA,NA,NA,NA,NA,NA,NA,NA,NA,NA,NA,"RPDv1b:2067",1112,"Greenwald, D.N.",1,"Greenwald","D.N.",NA,NA,NA,NA,NA,NA,NA,NA,NA,"RPDv1b:2067",1112,"RPDv1b",2067,17625,408,4.08,"m",0.02,"AMS","terrestrial plant macrofossil",11915,95,NA,NA,"AA-20318",TRUE,NA,"NA Date is in uncalibrated radiocarbon years.","Yahoo Lake core_SIEVED","counted","150-500",NA,NA,"",11915,11820,12010,11915,408,0.02,"NA Date is in uncalibrated radiocarbon years.",". Cal curve: NA. Source DB: RPDv1b","Lacustrine","Carbon-14","Radiocarbon",-43,14615.48,"Calibrated radiocarbon years BP","sedimentary charcoal","Data Sourcing: RPDv1b","Sample Age Source: GCDv4"
"1112",383,"charcoal | 150-500um num",397,397.5,398,1,13230.08,NA,NA,"GCDv4","Charcoal (sum)","150-500 µm",150,500,"False","False","number","Macroscopic charcoal (sieved)","direct",NA,"CHAR",65,NA,NA,"quant_raw",5,"volume","ml","RPDv1b","2067","charcoal","count","macrochar","wet_sieve","particle","150-500um num",NA,"150-500um","num","RPDv1b","measured",1,"RPDv1b","ELEMENT=150-500 µm","Yahoo Lake core",47.683333,-124.016667,710,"north","USA",NA,"sedlac",1112,1,2013,"Gavin, D.G., Brubaker, L.B., Greenwald, D.N., 2013. Postglacial climate and fire-mediated vegetation change on the western Olympic Peninsula, Washington (USA). Ecological Monographs 83, 471–489.","Postglacial climate and fire-mediated vegetation change on the western Olympic Peninsula, Washington (USA)","Ecological Monographs",83,NA,"471-489",NA,"10.1890/12-1742.1",NA,NA,NA,NA,NA,NA,NA,NA,NA,NA,NA,NA,NA,"RPDv1b:2067",1112,"Greenwald, D.N.",1,"Greenwald","D.N.",NA,NA,NA,NA,NA,NA,NA,NA,NA,"RPDv1b:2067",1112,"RPDv1b",2067,17625,408,4.08,"m",0.02,"AMS","terrestrial plant macrofossil",11915,95,NA,NA,"AA-20318",TRUE,NA,"NA Date is in uncalibrated radiocarbon years.","Yahoo Lake core_SIEVED","counted","150-500",NA,NA,"",11915,11820,12010,11915,408,0.02,"NA Date is in uncalibrated radiocarbon years.",". Cal curve: NA. Source DB: RPDv1b","Lacustrine","Carbon-14","Radiocarbon",-43,14615.48,"Calibrated radiocarbon years BP","sedimentary charcoal","Data Sourcing: RPDv1b","Sample Age Source: GCDv4"
"1112",384,"charcoal | 150-500um num",398,398.5,399,1,13275.58,NA,NA,"GCDv4","Charcoal (sum)","150-500 µm",150,500,"False","False","number","Macroscopic charcoal (sieved)","direct",NA,"CHAR",59,NA,NA,"quant_raw",5,"volume","ml","RPDv1b","2067","charcoal","count","macrochar","wet_sieve","particle","150-500um num",NA,"150-500um","num","RPDv1b","measured",1,"RPDv1b","ELEMENT=150-500 µm","Yahoo Lake core",47.683333,-124.016667,710,"north","USA",NA,"sedlac",1112,1,2013,"Gavin, D.G., Brubaker, L.B., Greenwald, D.N., 2013. Postglacial climate and fire-mediated vegetation change on the western Olympic Peninsula, Washington (USA). Ecological Monographs 83, 471–489.","Postglacial climate and fire-mediated vegetation change on the western Olympic Peninsula, Washington (USA)","Ecological Monographs",83,NA,"471-489",NA,"10.1890/12-1742.1",NA,NA,NA,NA,NA,NA,NA,NA,NA,NA,NA,NA,NA,"RPDv1b:2067",1112,"Greenwald, D.N.",1,"Greenwald","D.N.",NA,NA,NA,NA,NA,NA,NA,NA,NA,"RPDv1b:2067",1112,"RPDv1b",2067,17625,408,4.08,"m",0.02,"AMS","terrestrial plant macrofossil",11915,95,NA,NA,"AA-20318",TRUE,NA,"NA Date is in uncalibrated radiocarbon years.","Yahoo Lake core_SIEVED","counted","150-500",NA,NA,"",11915,11820,12010,11915,408,0.02,"NA Date is in uncalibrated radiocarbon years.",". Cal curve: NA. Source DB: RPDv1b","Lacustrine","Carbon-14","Radiocarbon",-43,14615.48,"Calibrated radiocarbon years BP","sedimentary charcoal","Data Sourcing: RPDv1b","Sample Age Source: GCDv4"
"1112",385,"charcoal | 150-500um num",399,399.5,400,1,13321.12,NA,NA,"GCDv4","Charcoal (sum)","150-500 µm",150,500,"False","False","number","Macroscopic charcoal (sieved)","direct",NA,"CHAR",121,NA,NA,"quant_raw",5,"volume","ml","RPDv1b","2067","charcoal","count","macrochar","wet_sieve","particle","150-500um num",NA,"150-500um","num","RPDv1b","measured",1,"RPDv1b","ELEMENT=150-500 µm","Yahoo Lake core",47.683333,-124.016667,710,"north","USA",NA,"sedlac",1112,1,2013,"Gavin, D.G., Brubaker, L.B., Greenwald, D.N., 2013. Postglacial climate and fire-mediated vegetation change on the western Olympic Peninsula, Washington (USA). Ecological Monographs 83, 471–489.","Postglacial climate and fire-mediated vegetation change on the western Olympic Peninsula, Washington (USA)","Ecological Monographs",83,NA,"471-489",NA,"10.1890/12-1742.1",NA,NA,NA,NA,NA,NA,NA,NA,NA,NA,NA,NA,NA,"RPDv1b:2067",1112,"Greenwald, D.N.",1,"Greenwald","D.N.",NA,NA,NA,NA,NA,NA,NA,NA,NA,"RPDv1b:2067",1112,"RPDv1b",2067,17625,408,4.08,"m",0.02,"AMS","terrestrial plant macrofossil",11915,95,NA,NA,"AA-20318",TRUE,NA,"NA Date is in uncalibrated radiocarbon years.","Yahoo Lake core_SIEVED","counted","150-500",NA,NA,"",11915,11820,12010,11915,408,0.02,"NA Date is in uncalibrated radiocarbon years.",". Cal curve: NA. Source DB: RPDv1b","Lacustrine","Carbon-14","Radiocarbon",-43,14615.48,"Calibrated radiocarbon years BP","sedimentary charcoal","Data Sourcing: RPDv1b","Sample Age Source: GCDv4"
"1112",386,"charcoal | 150-500um num",400,400.5,401,1,13366.7,NA,NA,"GCDv4","Charcoal (sum)","150-500 µm",150,500,"False","False","number","Macroscopic charcoal (sieved)","direct",NA,"CHAR",279,NA,NA,"quant_raw",5,"volume","ml","RPDv1b","2067","charcoal","count","macrochar","wet_sieve","particle","150-500um num",NA,"150-500um","num","RPDv1b","measured",1,"RPDv1b","ELEMENT=150-500 µm","Yahoo Lake core",47.683333,-124.016667,710,"north","USA",NA,"sedlac",1112,1,2013,"Gavin, D.G., Brubaker, L.B., Greenwald, D.N., 2013. Postglacial climate and fire-mediated vegetation change on the western Olympic Peninsula, Washington (USA). Ecological Monographs 83, 471–489.","Postglacial climate and fire-mediated vegetation change on the western Olympic Peninsula, Washington (USA)","Ecological Monographs",83,NA,"471-489",NA,"10.1890/12-1742.1",NA,NA,NA,NA,NA,NA,NA,NA,NA,NA,NA,NA,NA,"RPDv1b:2067",1112,"Greenwald, D.N.",1,"Greenwald","D.N.",NA,NA,NA,NA,NA,NA,NA,NA,NA,"RPDv1b:2067",1112,"RPDv1b",2067,17625,408,4.08,"m",0.02,"AMS","terrestrial plant macrofossil",11915,95,NA,NA,"AA-20318",TRUE,NA,"NA Date is in uncalibrated radiocarbon years.","Yahoo Lake core_SIEVED","counted","150-500",NA,NA,"",11915,11820,12010,11915,408,0.02,"NA Date is in uncalibrated radiocarbon years.",". Cal curve: NA. Source DB: RPDv1b","Lacustrine","Carbon-14","Radiocarbon",-43,14615.48,"Calibrated radiocarbon years BP","sedimentary charcoal","Data Sourcing: RPDv1b","Sample Age Source: GCDv4"
"1112",387,"charcoal | 150-500um num",401,401.5,402,1,13412.31,NA,NA,"GCDv4","Charcoal (sum)","150-500 µm",150,500,"False","False","number","Macroscopic charcoal (sieved)","direct",NA,"CHAR",336,NA,NA,"quant_raw",5,"volume","ml","RPDv1b","2067","charcoal","count","macrochar","wet_sieve","particle","150-500um num",NA,"150-500um","num","RPDv1b","measured",1,"RPDv1b","ELEMENT=150-500 µm","Yahoo Lake core",47.683333,-124.016667,710,"north","USA",NA,"sedlac",1112,1,2013,"Gavin, D.G., Brubaker, L.B., Greenwald, D.N., 2013. Postglacial climate and fire-mediated vegetation change on the western Olympic Peninsula, Washington (USA). Ecological Monographs 83, 471–489.","Postglacial climate and fire-mediated vegetation change on the western Olympic Peninsula, Washington (USA)","Ecological Monographs",83,NA,"471-489",NA,"10.1890/12-1742.1",NA,NA,NA,NA,NA,NA,NA,NA,NA,NA,NA,NA,NA,"RPDv1b:2067",1112,"Greenwald, D.N.",1,"Greenwald","D.N.",NA,NA,NA,NA,NA,NA,NA,NA,NA,"RPDv1b:2067",1112,"RPDv1b",2067,17625,408,4.08,"m",0.02,"AMS","terrestrial plant macrofossil",11915,95,NA,NA,"AA-20318",TRUE,NA,"NA Date is in uncalibrated radiocarbon years.","Yahoo Lake core_SIEVED","counted","150-500",NA,NA,"",11915,11820,12010,11915,408,0.02,"NA Date is in uncalibrated radiocarbon years.",". Cal curve: NA. Source DB: RPDv1b","Lacustrine","Carbon-14","Radiocarbon",-43,14615.48,"Calibrated radiocarbon years BP","sedimentary charcoal","Data Sourcing: RPDv1b","Sample Age Source: GCDv4"
"1112",388,"charcoal | 150-500um num",402,402.5,403,1,13457.96,NA,NA,"GCDv4","Charcoal (sum)","150-500 µm",150,500,"False","False","number","Macroscopic charcoal (sieved)","direct",NA,"CHAR",194,NA,NA,"quant_raw",5,"volume","ml","RPDv1b","2067","charcoal","count","macrochar","wet_sieve","particle","150-500um num",NA,"150-500um","num","RPDv1b","measured",1,"RPDv1b","ELEMENT=150-500 µm","Yahoo Lake core",47.683333,-124.016667,710,"north","USA",NA,"sedlac",1112,1,2013,"Gavin, D.G., Brubaker, L.B., Greenwald, D.N., 2013. Postglacial climate and fire-mediated vegetation change on the western Olympic Peninsula, Washington (USA). Ecological Monographs 83, 471–489.","Postglacial climate and fire-mediated vegetation change on the western Olympic Peninsula, Washington (USA)","Ecological Monographs",83,NA,"471-489",NA,"10.1890/12-1742.1",NA,NA,NA,NA,NA,NA,NA,NA,NA,NA,NA,NA,NA,"RPDv1b:2067",1112,"Greenwald, D.N.",1,"Greenwald","D.N.",NA,NA,NA,NA,NA,NA,NA,NA,NA,"RPDv1b:2067",1112,"RPDv1b",2067,17625,408,4.08,"m",0.02,"AMS","terrestrial plant macrofossil",11915,95,NA,NA,"AA-20318",TRUE,NA,"NA Date is in uncalibrated radiocarbon years.","Yahoo Lake core_SIEVED","counted","150-500",NA,NA,"",11915,11820,12010,11915,408,0.02,"NA Date is in uncalibrated radiocarbon years.",". Cal curve: NA. Source DB: RPDv1b","Lacustrine","Carbon-14","Radiocarbon",-43,14615.48,"Calibrated radiocarbon years BP","sedimentary charcoal","Data Sourcing: RPDv1b","Sample Age Source: GCDv4"
"1112",389,"charcoal | 150-500um num",403,403.5,404,1,13503.63,NA,NA,"GCDv4","Charcoal (sum)","150-500 µm",150,500,"False","False","number","Macroscopic charcoal (sieved)","direct",NA,"CHAR",213,NA,NA,"quant_raw",5,"volume","ml","RPDv1b","2067","charcoal","count","macrochar","wet_sieve","particle","150-500um num",NA,"150-500um","num","RPDv1b","measured",1,"RPDv1b","ELEMENT=150-500 µm","Yahoo Lake core",47.683333,-124.016667,710,"north","USA",NA,"sedlac",1112,1,2013,"Gavin, D.G., Brubaker, L.B., Greenwald, D.N., 2013. Postglacial climate and fire-mediated vegetation change on the western Olympic Peninsula, Washington (USA). Ecological Monographs 83, 471–489.","Postglacial climate and fire-mediated vegetation change on the western Olympic Peninsula, Washington (USA)","Ecological Monographs",83,NA,"471-489",NA,"10.1890/12-1742.1",NA,NA,NA,NA,NA,NA,NA,NA,NA,NA,NA,NA,NA,"RPDv1b:2067",1112,"Greenwald, D.N.",1,"Greenwald","D.N.",NA,NA,NA,NA,NA,NA,NA,NA,NA,"RPDv1b:2067",1112,"RPDv1b",2067,17625,408,4.08,"m",0.02,"AMS","terrestrial plant macrofossil",11915,95,NA,NA,"AA-20318",TRUE,NA,"NA Date is in uncalibrated radiocarbon years.","Yahoo Lake core_SIEVED","counted","150-500",NA,NA,"",11915,11820,12010,11915,408,0.02,"NA Date is in uncalibrated radiocarbon years.",". Cal curve: NA. Source DB: RPDv1b","Lacustrine","Carbon-14","Radiocarbon",-43,14615.48,"Calibrated radiocarbon years BP","sedimentary charcoal","Data Sourcing: RPDv1b","Sample Age Source: GCDv4"
"1112",390,"charcoal | 150-500um num",404,404.5,405,1,13549.32,NA,NA,"GCDv4","Charcoal (sum)","150-500 µm",150,500,"False","False","number","Macroscopic charcoal (sieved)","direct",NA,"CHAR",224,NA,NA,"quant_raw",5,"volume","ml","RPDv1b","2067","charcoal","count","macrochar","wet_sieve","particle","150-500um num",NA,"150-500um","num","RPDv1b","measured",1,"RPDv1b","ELEMENT=150-500 µm","Yahoo Lake core",47.683333,-124.016667,710,"north","USA",NA,"sedlac",1112,1,2013,"Gavin, D.G., Brubaker, L.B., Greenwald, D.N., 2013. Postglacial climate and fire-mediated vegetation change on the western Olympic Peninsula, Washington (USA). Ecological Monographs 83, 471–489.","Postglacial climate and fire-mediated vegetation change on the western Olympic Peninsula, Washington (USA)","Ecological Monographs",83,NA,"471-489",NA,"10.1890/12-1742.1",NA,NA,NA,NA,NA,NA,NA,NA,NA,NA,NA,NA,NA,"RPDv1b:2067",1112,"Greenwald, D.N.",1,"Greenwald","D.N.",NA,NA,NA,NA,NA,NA,NA,NA,NA,"RPDv1b:2067",1112,"RPDv1b",2067,17625,408,4.08,"m",0.02,"AMS","terrestrial plant macrofossil",11915,95,NA,NA,"AA-20318",TRUE,NA,"NA Date is in uncalibrated radiocarbon years.","Yahoo Lake core_SIEVED","counted","150-500",NA,NA,"",11915,11820,12010,11915,408,0.02,"NA Date is in uncalibrated radiocarbon years.",". Cal curve: NA. Source DB: RPDv1b","Lacustrine","Carbon-14","Radiocarbon",-43,14615.48,"Calibrated radiocarbon years BP","sedimentary charcoal","Data Sourcing: RPDv1b","Sample Age Source: GCDv4"
"1112",391,"charcoal | 150-500um num",405,405.5,406,1,13595.04,NA,NA,"GCDv4","Charcoal (sum)","150-500 µm",150,500,"False","False","number","Macroscopic charcoal (sieved)","direct",NA,"CHAR",169,NA,NA,"quant_raw",5,"volume","ml","RPDv1b","2067","charcoal","count","macrochar","wet_sieve","particle","150-500um num",NA,"150-500um","num","RPDv1b","measured",1,"RPDv1b","ELEMENT=150-500 µm","Yahoo Lake core",47.683333,-124.016667,710,"north","USA",NA,"sedlac",1112,1,2013,"Gavin, D.G., Brubaker, L.B., Greenwald, D.N., 2013. Postglacial climate and fire-mediated vegetation change on the western Olympic Peninsula, Washington (USA). Ecological Monographs 83, 471–489.","Postglacial climate and fire-mediated vegetation change on the western Olympic Peninsula, Washington (USA)","Ecological Monographs",83,NA,"471-489",NA,"10.1890/12-1742.1",NA,NA,NA,NA,NA,NA,NA,NA,NA,NA,NA,NA,NA,"RPDv1b:2067",1112,"Greenwald, D.N.",1,"Greenwald","D.N.",NA,NA,NA,NA,NA,NA,NA,NA,NA,"RPDv1b:2067",1112,"RPDv1b",2067,17625,408,4.08,"m",0.02,"AMS","terrestrial plant macrofossil",11915,95,NA,NA,"AA-20318",TRUE,NA,"NA Date is in uncalibrated radiocarbon years.","Yahoo Lake core_SIEVED","counted","150-500",NA,NA,"",11915,11820,12010,11915,408,0.02,"NA Date is in uncalibrated radiocarbon years.",". Cal curve: NA. Source DB: RPDv1b","Lacustrine","Carbon-14","Radiocarbon",-43,14615.48,"Calibrated radiocarbon years BP","sedimentary charcoal","Data Sourcing: RPDv1b","Sample Age Source: GCDv4"
"1112",392,"charcoal | 150-500um num",406,406.5,407,1,13640.76,NA,NA,"GCDv4","Charcoal (sum)","150-500 µm",150,500,"False","False","number","Macroscopic charcoal (sieved)","direct",NA,"CHAR",148,NA,NA,"quant_raw",5,"volume","ml","RPDv1b","2067","charcoal","count","macrochar","wet_sieve","particle","150-500um num",NA,"150-500um","num","RPDv1b","measured",1,"RPDv1b","ELEMENT=150-500 µm","Yahoo Lake core",47.683333,-124.016667,710,"north","USA",NA,"sedlac",1112,1,2013,"Gavin, D.G., Brubaker, L.B., Greenwald, D.N., 2013. Postglacial climate and fire-mediated vegetation change on the western Olympic Peninsula, Washington (USA). Ecological Monographs 83, 471–489.","Postglacial climate and fire-mediated vegetation change on the western Olympic Peninsula, Washington (USA)","Ecological Monographs",83,NA,"471-489",NA,"10.1890/12-1742.1",NA,NA,NA,NA,NA,NA,NA,NA,NA,NA,NA,NA,NA,"RPDv1b:2067",1112,"Greenwald, D.N.",1,"Greenwald","D.N.",NA,NA,NA,NA,NA,NA,NA,NA,NA,"RPDv1b:2067",1112,"RPDv1b",2067,17625,408,4.08,"m",0.02,"AMS","terrestrial plant macrofossil",11915,95,NA,NA,"AA-20318",TRUE,NA,"NA Date is in uncalibrated radiocarbon years.","Yahoo Lake core_SIEVED","counted","150-500",NA,NA,"",11915,11820,12010,11915,408,0.02,"NA Date is in uncalibrated radiocarbon years.",". Cal curve: NA. Source DB: RPDv1b","Lacustrine","Carbon-14","Radiocarbon",-43,14615.48,"Calibrated radiocarbon years BP","sedimentary charcoal","Data Sourcing: RPDv1b","Sample Age Source: GCDv4"
"1112",393,"charcoal | 150-500um num",413,413.5,414,1,13954.31,NA,NA,"GCDv4","Charcoal (sum)","150-500 µm",150,500,"False","False","number","Macroscopic charcoal (sieved)","direct",NA,"CHAR",0,NA,NA,"quant_raw",5,"volume","ml","RPDv1b","2067","charcoal","count","macrochar","wet_sieve","particle","150-500um num",NA,"150-500um","num","RPDv1b","measured",1,"RPDv1b","ELEMENT=150-500 µm","Yahoo Lake core",47.683333,-124.016667,710,"north","USA",NA,"sedlac",1112,1,2013,"Gavin, D.G., Brubaker, L.B., Greenwald, D.N., 2013. Postglacial climate and fire-mediated vegetation change on the western Olympic Peninsula, Washington (USA). Ecological Monographs 83, 471–489.","Postglacial climate and fire-mediated vegetation change on the western Olympic Peninsula, Washington (USA)","Ecological Monographs",83,NA,"471-489",NA,"10.1890/12-1742.1",NA,NA,NA,NA,NA,NA,NA,NA,NA,NA,NA,NA,NA,"RPDv1b:2067",1112,"Greenwald, D.N.",1,"Greenwald","D.N.",NA,NA,NA,NA,NA,NA,NA,NA,NA,"RPDv1b:2067",1112,"RPDv1b",2067,17625,408,4.08,"m",0.02,"AMS","terrestrial plant macrofossil",11915,95,NA,NA,"AA-20318",TRUE,NA,"NA Date is in uncalibrated radiocarbon years.","Yahoo Lake core_SIEVED","counted","150-500",NA,NA,"",11915,11820,12010,11915,408,0.02,"NA Date is in uncalibrated radiocarbon years.",". Cal curve: NA. Source DB: RPDv1b","Lacustrine","Carbon-14","Radiocarbon",-43,14615.48,"Calibrated radiocarbon years BP","sedimentary charcoal","Data Sourcing: RPDv1b","Sample Age Source: GCDv4"
"1112",394,"charcoal | 150-500um num",414,414.5,415,1,13998.39,NA,NA,"GCDv4","Charcoal (sum)","150-500 µm",150,500,"False","False","number","Macroscopic charcoal (sieved)","direct",NA,"CHAR",2,NA,NA,"quant_raw",5,"volume","ml","RPDv1b","2067","charcoal","count","macrochar","wet_sieve","particle","150-500um num",NA,"150-500um","num","RPDv1b","measured",1,"RPDv1b","ELEMENT=150-500 µm","Yahoo Lake core",47.683333,-124.016667,710,"north","USA",NA,"sedlac",1112,1,2013,"Gavin, D.G., Brubaker, L.B., Greenwald, D.N., 2013. Postglacial climate and fire-mediated vegetation change on the western Olympic Peninsula, Washington (USA). Ecological Monographs 83, 471–489.","Postglacial climate and fire-mediated vegetation change on the western Olympic Peninsula, Washington (USA)","Ecological Monographs",83,NA,"471-489",NA,"10.1890/12-1742.1",NA,NA,NA,NA,NA,NA,NA,NA,NA,NA,NA,NA,NA,"RPDv1b:2067",1112,"Greenwald, D.N.",1,"Greenwald","D.N.",NA,NA,NA,NA,NA,NA,NA,NA,NA,"RPDv1b:2067",1112,"RPDv1b",2067,17625,408,4.08,"m",0.02,"AMS","terrestrial plant macrofossil",11915,95,NA,NA,"AA-20318",TRUE,NA,"NA Date is in uncalibrated radiocarbon years.","Yahoo Lake core_SIEVED","counted","150-500",NA,NA,"",11915,11820,12010,11915,408,0.02,"NA Date is in uncalibrated radiocarbon years.",". Cal curve: NA. Source DB: RPDv1b","Lacustrine","Carbon-14","Radiocarbon",-43,14615.48,"Calibrated radiocarbon years BP","sedimentary charcoal","Data Sourcing: RPDv1b","Sample Age Source: GCDv4"
"1112",395,"charcoal | 150-500um num",415,415.5,416,1,14042.47,NA,NA,"GCDv4","Charcoal (sum)","150-500 µm",150,500,"False","False","number","Macroscopic charcoal (sieved)","direct",NA,"CHAR",1,NA,NA,"quant_raw",5,"volume","ml","RPDv1b","2067","charcoal","count","macrochar","wet_sieve","particle","150-500um num",NA,"150-500um","num","RPDv1b","measured",1,"RPDv1b","ELEMENT=150-500 µm","Yahoo Lake core",47.683333,-124.016667,710,"north","USA",NA,"sedlac",1112,1,2013,"Gavin, D.G., Brubaker, L.B., Greenwald, D.N., 2013. Postglacial climate and fire-mediated vegetation change on the western Olympic Peninsula, Washington (USA). Ecological Monographs 83, 471–489.","Postglacial climate and fire-mediated vegetation change on the western Olympic Peninsula, Washington (USA)","Ecological Monographs",83,NA,"471-489",NA,"10.1890/12-1742.1",NA,NA,NA,NA,NA,NA,NA,NA,NA,NA,NA,NA,NA,"RPDv1b:2067",1112,"Greenwald, D.N.",1,"Greenwald","D.N.",NA,NA,NA,NA,NA,NA,NA,NA,NA,"RPDv1b:2067",1112,"RPDv1b",2067,17625,408,4.08,"m",0.02,"AMS","terrestrial plant macrofossil",11915,95,NA,NA,"AA-20318",TRUE,NA,"NA Date is in uncalibrated radiocarbon years.","Yahoo Lake core_SIEVED","counted","150-500",NA,NA,"",11915,11820,12010,11915,408,0.02,"NA Date is in uncalibrated radiocarbon years.",". Cal curve: NA. Source DB: RPDv1b","Lacustrine","Carbon-14","Radiocarbon",-43,14615.48,"Calibrated radiocarbon years BP","sedimentary charcoal","Data Sourcing: RPDv1b","Sample Age Source: GCDv4"
"1112",396,"charcoal | 150-500um num",416,416.5,417,1,14086.54,NA,NA,"GCDv4","Charcoal (sum)","150-500 µm",150,500,"False","False","number","Macroscopic charcoal (sieved)","direct",NA,"CHAR",5,NA,NA,"quant_raw",5,"volume","ml","RPDv1b","2067","charcoal","count","macrochar","wet_sieve","particle","150-500um num",NA,"150-500um","num","RPDv1b","measured",1,"RPDv1b","ELEMENT=150-500 µm","Yahoo Lake core",47.683333,-124.016667,710,"north","USA",NA,"sedlac",1112,1,2013,"Gavin, D.G., Brubaker, L.B., Greenwald, D.N., 2013. Postglacial climate and fire-mediated vegetation change on the western Olympic Peninsula, Washington (USA). Ecological Monographs 83, 471–489.","Postglacial climate and fire-mediated vegetation change on the western Olympic Peninsula, Washington (USA)","Ecological Monographs",83,NA,"471-489",NA,"10.1890/12-1742.1",NA,NA,NA,NA,NA,NA,NA,NA,NA,NA,NA,NA,NA,"RPDv1b:2067",1112,"Greenwald, D.N.",1,"Greenwald","D.N.",NA,NA,NA,NA,NA,NA,NA,NA,NA,"RPDv1b:2067",1112,"RPDv1b",2067,17625,408,4.08,"m",0.02,"AMS","terrestrial plant macrofossil",11915,95,NA,NA,"AA-20318",TRUE,NA,"NA Date is in uncalibrated radiocarbon years.","Yahoo Lake core_SIEVED","counted","150-500",NA,NA,"",11915,11820,12010,11915,408,0.02,"NA Date is in uncalibrated radiocarbon years.",". Cal curve: NA. Source DB: RPDv1b","Lacustrine","Carbon-14","Radiocarbon",-43,14615.48,"Calibrated radiocarbon years BP","sedimentary charcoal","Data Sourcing: RPDv1b","Sample Age Source: GCDv4"
"1112",397,"charcoal | 150-500um num",417,417.5,418,1,14130.62,NA,NA,"GCDv4","Charcoal (sum)","150-500 µm",150,500,"False","False","number","Macroscopic charcoal (sieved)","direct",NA,"CHAR",4,NA,NA,"quant_raw",5,"volume","ml","RPDv1b","2067","charcoal","count","macrochar","wet_sieve","particle","150-500um num",NA,"150-500um","num","RPDv1b","measured",1,"RPDv1b","ELEMENT=150-500 µm","Yahoo Lake core",47.683333,-124.016667,710,"north","USA",NA,"sedlac",1112,1,2013,"Gavin, D.G., Brubaker, L.B., Greenwald, D.N., 2013. Postglacial climate and fire-mediated vegetation change on the western Olympic Peninsula, Washington (USA). Ecological Monographs 83, 471–489.","Postglacial climate and fire-mediated vegetation change on the western Olympic Peninsula, Washington (USA)","Ecological Monographs",83,NA,"471-489",NA,"10.1890/12-1742.1",NA,NA,NA,NA,NA,NA,NA,NA,NA,NA,NA,NA,NA,"RPDv1b:2067",1112,"Greenwald, D.N.",1,"Greenwald","D.N.",NA,NA,NA,NA,NA,NA,NA,NA,NA,"RPDv1b:2067",1112,"RPDv1b",2067,17625,408,4.08,"m",0.02,"AMS","terrestrial plant macrofossil",11915,95,NA,NA,"AA-20318",TRUE,NA,"NA Date is in uncalibrated radiocarbon years.","Yahoo Lake core_SIEVED","counted","150-500",NA,NA,"",11915,11820,12010,11915,408,0.02,"NA Date is in uncalibrated radiocarbon years.",". Cal curve: NA. Source DB: RPDv1b","Lacustrine","Carbon-14","Radiocarbon",-43,14615.48,"Calibrated radiocarbon years BP","sedimentary charcoal","Data Sourcing: RPDv1b","Sample Age Source: GCDv4"
"1112",398,"charcoal | 150-500um num",418,418.5,419,1,14174.7,NA,NA,"GCDv4","Charcoal (sum)","150-500 µm",150,500,"False","False","number","Macroscopic charcoal (sieved)","direct",NA,"CHAR",12,NA,NA,"quant_raw",5,"volume","ml","RPDv1b","2067","charcoal","count","macrochar","wet_sieve","particle","150-500um num",NA,"150-500um","num","RPDv1b","measured",1,"RPDv1b","ELEMENT=150-500 µm","Yahoo Lake core",47.683333,-124.016667,710,"north","USA",NA,"sedlac",1112,1,2013,"Gavin, D.G., Brubaker, L.B., Greenwald, D.N., 2013. Postglacial climate and fire-mediated vegetation change on the western Olympic Peninsula, Washington (USA). Ecological Monographs 83, 471–489.","Postglacial climate and fire-mediated vegetation change on the western Olympic Peninsula, Washington (USA)","Ecological Monographs",83,NA,"471-489",NA,"10.1890/12-1742.1",NA,NA,NA,NA,NA,NA,NA,NA,NA,NA,NA,NA,NA,"RPDv1b:2067",1112,"Greenwald, D.N.",1,"Greenwald","D.N.",NA,NA,NA,NA,NA,NA,NA,NA,NA,"RPDv1b:2067",1112,"RPDv1b",2067,17625,408,4.08,"m",0.02,"AMS","terrestrial plant macrofossil",11915,95,NA,NA,"AA-20318",TRUE,NA,"NA Date is in uncalibrated radiocarbon years.","Yahoo Lake core_SIEVED","counted","150-500",NA,NA,"",11915,11820,12010,11915,408,0.02,"NA Date is in uncalibrated radiocarbon years.",". Cal curve: NA. Source DB: RPDv1b","Lacustrine","Carbon-14","Radiocarbon",-43,14615.48,"Calibrated radiocarbon years BP","sedimentary charcoal","Data Sourcing: RPDv1b","Sample Age Source: GCDv4"
"1112",399,"charcoal | 150-500um num",419,419.5,420,1,14218.78,NA,NA,"GCDv4","Charcoal (sum)","150-500 µm",150,500,"False","False","number","Macroscopic charcoal (sieved)","direct",NA,"CHAR",13,NA,NA,"quant_raw",5,"volume","ml","RPDv1b","2067","charcoal","count","macrochar","wet_sieve","particle","150-500um num",NA,"150-500um","num","RPDv1b","measured",1,"RPDv1b","ELEMENT=150-500 µm","Yahoo Lake core",47.683333,-124.016667,710,"north","USA",NA,"sedlac",1112,1,2013,"Gavin, D.G., Brubaker, L.B., Greenwald, D.N., 2013. Postglacial climate and fire-mediated vegetation change on the western Olympic Peninsula, Washington (USA). Ecological Monographs 83, 471–489.","Postglacial climate and fire-mediated vegetation change on the western Olympic Peninsula, Washington (USA)","Ecological Monographs",83,NA,"471-489",NA,"10.1890/12-1742.1",NA,NA,NA,NA,NA,NA,NA,NA,NA,NA,NA,NA,NA,"RPDv1b:2067",1112,"Greenwald, D.N.",1,"Greenwald","D.N.",NA,NA,NA,NA,NA,NA,NA,NA,NA,"RPDv1b:2067",1112,"RPDv1b",2067,17625,408,4.08,"m",0.02,"AMS","terrestrial plant macrofossil",11915,95,NA,NA,"AA-20318",TRUE,NA,"NA Date is in uncalibrated radiocarbon years.","Yahoo Lake core_SIEVED","counted","150-500",NA,NA,"",11915,11820,12010,11915,408,0.02,"NA Date is in uncalibrated radiocarbon years.",". Cal curve: NA. Source DB: RPDv1b","Lacustrine","Carbon-14","Radiocarbon",-43,14615.48,"Calibrated radiocarbon years BP","sedimentary charcoal","Data Sourcing: RPDv1b","Sample Age Source: GCDv4"
"1112",400,"charcoal | 150-500um num",420,420.5,421,1,14262.85,NA,NA,"GCDv4","Charcoal (sum)","150-500 µm",150,500,"False","False","number","Macroscopic charcoal (sieved)","direct",NA,"CHAR",5,NA,NA,"quant_raw",5,"volume","ml","RPDv1b","2067","charcoal","count","macrochar","wet_sieve","particle","150-500um num",NA,"150-500um","num","RPDv1b","measured",1,"RPDv1b","ELEMENT=150-500 µm","Yahoo Lake core",47.683333,-124.016667,710,"north","USA",NA,"sedlac",1112,1,2013,"Gavin, D.G., Brubaker, L.B., Greenwald, D.N., 2013. Postglacial climate and fire-mediated vegetation change on the western Olympic Peninsula, Washington (USA). Ecological Monographs 83, 471–489.","Postglacial climate and fire-mediated vegetation change on the western Olympic Peninsula, Washington (USA)","Ecological Monographs",83,NA,"471-489",NA,"10.1890/12-1742.1",NA,NA,NA,NA,NA,NA,NA,NA,NA,NA,NA,NA,NA,"RPDv1b:2067",1112,"Greenwald, D.N.",1,"Greenwald","D.N.",NA,NA,NA,NA,NA,NA,NA,NA,NA,"RPDv1b:2067",1112,"RPDv1b",2067,17625,408,4.08,"m",0.02,"AMS","terrestrial plant macrofossil",11915,95,NA,NA,"AA-20318",TRUE,NA,"NA Date is in uncalibrated radiocarbon years.","Yahoo Lake core_SIEVED","counted","150-500",NA,NA,"",11915,11820,12010,11915,408,0.02,"NA Date is in uncalibrated radiocarbon years.",". Cal curve: NA. Source DB: RPDv1b","Lacustrine","Carbon-14","Radiocarbon",-43,14615.48,"Calibrated radiocarbon years BP","sedimentary charcoal","Data Sourcing: RPDv1b","Sample Age Source: GCDv4"
"1112",401,"charcoal | 150-500um num",421,421.5,422,1,14306.93,NA,NA,"GCDv4","Charcoal (sum)","150-500 µm",150,500,"False","False","number","Macroscopic charcoal (sieved)","direct",NA,"CHAR",13,NA,NA,"quant_raw",5,"volume","ml","RPDv1b","2067","charcoal","count","macrochar","wet_sieve","particle","150-500um num",NA,"150-500um","num","RPDv1b","measured",1,"RPDv1b","ELEMENT=150-500 µm","Yahoo Lake core",47.683333,-124.016667,710,"north","USA",NA,"sedlac",1112,1,2013,"Gavin, D.G., Brubaker, L.B., Greenwald, D.N., 2013. Postglacial climate and fire-mediated vegetation change on the western Olympic Peninsula, Washington (USA). Ecological Monographs 83, 471–489.","Postglacial climate and fire-mediated vegetation change on the western Olympic Peninsula, Washington (USA)","Ecological Monographs",83,NA,"471-489",NA,"10.1890/12-1742.1",NA,NA,NA,NA,NA,NA,NA,NA,NA,NA,NA,NA,NA,"RPDv1b:2067",1112,"Greenwald, D.N.",1,"Greenwald","D.N.",NA,NA,NA,NA,NA,NA,NA,NA,NA,"RPDv1b:2067",1112,"RPDv1b",2067,17625,408,4.08,"m",0.02,"AMS","terrestrial plant macrofossil",11915,95,NA,NA,"AA-20318",TRUE,NA,"NA Date is in uncalibrated radiocarbon years.","Yahoo Lake core_SIEVED","counted","150-500",NA,NA,"",11915,11820,12010,11915,408,0.02,"NA Date is in uncalibrated radiocarbon years.",". Cal curve: NA. Source DB: RPDv1b","Lacustrine","Carbon-14","Radiocarbon",-43,14615.48,"Calibrated radiocarbon years BP","sedimentary charcoal","Data Sourcing: RPDv1b","Sample Age Source: GCDv4"
"1112",402,"charcoal | 150-500um num",422,422.5,423,1,14351.01,NA,NA,"GCDv4","Charcoal (sum)","150-500 µm",150,500,"False","False","number","Macroscopic charcoal (sieved)","direct",NA,"CHAR",6,NA,NA,"quant_raw",5,"volume","ml","RPDv1b","2067","charcoal","count","macrochar","wet_sieve","particle","150-500um num",NA,"150-500um","num","RPDv1b","measured",1,"RPDv1b","ELEMENT=150-500 µm","Yahoo Lake core",47.683333,-124.016667,710,"north","USA",NA,"sedlac",1112,1,2013,"Gavin, D.G., Brubaker, L.B., Greenwald, D.N., 2013. Postglacial climate and fire-mediated vegetation change on the western Olympic Peninsula, Washington (USA). Ecological Monographs 83, 471–489.","Postglacial climate and fire-mediated vegetation change on the western Olympic Peninsula, Washington (USA)","Ecological Monographs",83,NA,"471-489",NA,"10.1890/12-1742.1",NA,NA,NA,NA,NA,NA,NA,NA,NA,NA,NA,NA,NA,"RPDv1b:2067",1112,"Greenwald, D.N.",1,"Greenwald","D.N.",NA,NA,NA,NA,NA,NA,NA,NA,NA,"RPDv1b:2067",1112,"RPDv1b",2067,17625,408,4.08,"m",0.02,"AMS","terrestrial plant macrofossil",11915,95,NA,NA,"AA-20318",TRUE,NA,"NA Date is in uncalibrated radiocarbon years.","Yahoo Lake core_SIEVED","counted","150-500",NA,NA,"",11915,11820,12010,11915,408,0.02,"NA Date is in uncalibrated radiocarbon years.",". Cal curve: NA. Source DB: RPDv1b","Lacustrine","Carbon-14","Radiocarbon",-43,14615.48,"Calibrated radiocarbon years BP","sedimentary charcoal","Data Sourcing: RPDv1b","Sample Age Source: GCDv4"
"1112",403,"charcoal | 150-500um num",423,423.5,424,1,14395.09,NA,NA,"GCDv4","Charcoal (sum)","150-500 µm",150,500,"False","False","number","Macroscopic charcoal (sieved)","direct",NA,"CHAR",1,NA,NA,"quant_raw",5,"volume","ml","RPDv1b","2067","charcoal","count","macrochar","wet_sieve","particle","150-500um num",NA,"150-500um","num","RPDv1b","measured",1,"RPDv1b","ELEMENT=150-500 µm","Yahoo Lake core",47.683333,-124.016667,710,"north","USA",NA,"sedlac",1112,1,2013,"Gavin, D.G., Brubaker, L.B., Greenwald, D.N., 2013. Postglacial climate and fire-mediated vegetation change on the western Olympic Peninsula, Washington (USA). Ecological Monographs 83, 471–489.","Postglacial climate and fire-mediated vegetation change on the western Olympic Peninsula, Washington (USA)","Ecological Monographs",83,NA,"471-489",NA,"10.1890/12-1742.1",NA,NA,NA,NA,NA,NA,NA,NA,NA,NA,NA,NA,NA,"RPDv1b:2067",1112,"Greenwald, D.N.",1,"Greenwald","D.N.",NA,NA,NA,NA,NA,NA,NA,NA,NA,"RPDv1b:2067",1112,"RPDv1b",2067,17625,408,4.08,"m",0.02,"AMS","terrestrial plant macrofossil",11915,95,NA,NA,"AA-20318",TRUE,NA,"NA Date is in uncalibrated radiocarbon years.","Yahoo Lake core_SIEVED","counted","150-500",NA,NA,"",11915,11820,12010,11915,408,0.02,"NA Date is in uncalibrated radiocarbon years.",". Cal curve: NA. Source DB: RPDv1b","Lacustrine","Carbon-14","Radiocarbon",-43,14615.48,"Calibrated radiocarbon years BP","sedimentary charcoal","Data Sourcing: RPDv1b","Sample Age Source: GCDv4"
"1112",404,"charcoal | 150-500um num",424,424.5,425,1,14439.17,NA,NA,"GCDv4","Charcoal (sum)","150-500 µm",150,500,"False","False","number","Macroscopic charcoal (sieved)","direct",NA,"CHAR",3,NA,NA,"quant_raw",5,"volume","ml","RPDv1b","2067","charcoal","count","macrochar","wet_sieve","particle","150-500um num",NA,"150-500um","num","RPDv1b","measured",1,"RPDv1b","ELEMENT=150-500 µm","Yahoo Lake core",47.683333,-124.016667,710,"north","USA",NA,"sedlac",1112,1,2013,"Gavin, D.G., Brubaker, L.B., Greenwald, D.N., 2013. Postglacial climate and fire-mediated vegetation change on the western Olympic Peninsula, Washington (USA). Ecological Monographs 83, 471–489.","Postglacial climate and fire-mediated vegetation change on the western Olympic Peninsula, Washington (USA)","Ecological Monographs",83,NA,"471-489",NA,"10.1890/12-1742.1",NA,NA,NA,NA,NA,NA,NA,NA,NA,NA,NA,NA,NA,"RPDv1b:2067",1112,"Greenwald, D.N.",1,"Greenwald","D.N.",NA,NA,NA,NA,NA,NA,NA,NA,NA,"RPDv1b:2067",1112,"RPDv1b",2067,17625,408,4.08,"m",0.02,"AMS","terrestrial plant macrofossil",11915,95,NA,NA,"AA-20318",TRUE,NA,"NA Date is in uncalibrated radiocarbon years.","Yahoo Lake core_SIEVED","counted","150-500",NA,NA,"",11915,11820,12010,11915,408,0.02,"NA Date is in uncalibrated radiocarbon years.",". Cal curve: NA. Source DB: RPDv1b","Lacustrine","Carbon-14","Radiocarbon",-43,14615.48,"Calibrated radiocarbon years BP","sedimentary charcoal","Data Sourcing: RPDv1b","Sample Age Source: GCDv4"
"1112",405,"charcoal | 150-500um num",425,425.5,426,1,14483.24,NA,NA,"GCDv4","Charcoal (sum)","150-500 µm",150,500,"False","False","number","Macroscopic charcoal (sieved)","direct",NA,"CHAR",8,NA,NA,"quant_raw",5,"volume","ml","RPDv1b","2067","charcoal","count","macrochar","wet_sieve","particle","150-500um num",NA,"150-500um","num","RPDv1b","measured",1,"RPDv1b","ELEMENT=150-500 µm","Yahoo Lake core",47.683333,-124.016667,710,"north","USA",NA,"sedlac",1112,1,2013,"Gavin, D.G., Brubaker, L.B., Greenwald, D.N., 2013. Postglacial climate and fire-mediated vegetation change on the western Olympic Peninsula, Washington (USA). Ecological Monographs 83, 471–489.","Postglacial climate and fire-mediated vegetation change on the western Olympic Peninsula, Washington (USA)","Ecological Monographs",83,NA,"471-489",NA,"10.1890/12-1742.1",NA,NA,NA,NA,NA,NA,NA,NA,NA,NA,NA,NA,NA,"RPDv1b:2067",1112,"Greenwald, D.N.",1,"Greenwald","D.N.",NA,NA,NA,NA,NA,NA,NA,NA,NA,"RPDv1b:2067",1112,"RPDv1b",2067,17625,408,4.08,"m",0.02,"AMS","terrestrial plant macrofossil",11915,95,NA,NA,"AA-20318",TRUE,NA,"NA Date is in uncalibrated radiocarbon years.","Yahoo Lake core_SIEVED","counted","150-500",NA,NA,"",11915,11820,12010,11915,408,0.02,"NA Date is in uncalibrated radiocarbon years.",". Cal curve: NA. Source DB: RPDv1b","Lacustrine","Carbon-14","Radiocarbon",-43,14615.48,"Calibrated radiocarbon years BP","sedimentary charcoal","Data Sourcing: RPDv1b","Sample Age Source: GCDv4"
"1112",406,"charcoal | 150-500um num",426,426.5,427,1,14527.32,NA,NA,"GCDv4","Charcoal (sum)","150-500 µm",150,500,"False","False","number","Macroscopic charcoal (sieved)","direct",NA,"CHAR",3,NA,NA,"quant_raw",5,"volume","ml","RPDv1b","2067","charcoal","count","macrochar","wet_sieve","particle","150-500um num",NA,"150-500um","num","RPDv1b","measured",1,"RPDv1b","ELEMENT=150-500 µm","Yahoo Lake core",47.683333,-124.016667,710,"north","USA",NA,"sedlac",1112,1,2013,"Gavin, D.G., Brubaker, L.B., Greenwald, D.N., 2013. Postglacial climate and fire-mediated vegetation change on the western Olympic Peninsula, Washington (USA). Ecological Monographs 83, 471–489.","Postglacial climate and fire-mediated vegetation change on the western Olympic Peninsula, Washington (USA)","Ecological Monographs",83,NA,"471-489",NA,"10.1890/12-1742.1",NA,NA,NA,NA,NA,NA,NA,NA,NA,NA,NA,NA,NA,"RPDv1b:2067",1112,"Greenwald, D.N.",1,"Greenwald","D.N.",NA,NA,NA,NA,NA,NA,NA,NA,NA,"RPDv1b:2067",1112,"RPDv1b",2067,17625,408,4.08,"m",0.02,"AMS","terrestrial plant macrofossil",11915,95,NA,NA,"AA-20318",TRUE,NA,"NA Date is in uncalibrated radiocarbon years.","Yahoo Lake core_SIEVED","counted","150-500",NA,NA,"",11915,11820,12010,11915,408,0.02,"NA Date is in uncalibrated radiocarbon years.",". Cal curve: NA. Source DB: RPDv1b","Lacustrine","Carbon-14","Radiocarbon",-43,14615.48,"Calibrated radiocarbon years BP","sedimentary charcoal","Data Sourcing: RPDv1b","Sample Age Source: GCDv4"
"1112",407,"charcoal | 150-500um num",427,427.5,428,1,14571.4,NA,NA,"GCDv4","Charcoal (sum)","150-500 µm",150,500,"False","False","number","Macroscopic charcoal (sieved)","direct",NA,"CHAR",3,NA,NA,"quant_raw",5,"volume","ml","RPDv1b","2067","charcoal","count","macrochar","wet_sieve","particle","150-500um num",NA,"150-500um","num","RPDv1b","measured",1,"RPDv1b","ELEMENT=150-500 µm","Yahoo Lake core",47.683333,-124.016667,710,"north","USA",NA,"sedlac",1112,1,2013,"Gavin, D.G., Brubaker, L.B., Greenwald, D.N., 2013. Postglacial climate and fire-mediated vegetation change on the western Olympic Peninsula, Washington (USA). Ecological Monographs 83, 471–489.","Postglacial climate and fire-mediated vegetation change on the western Olympic Peninsula, Washington (USA)","Ecological Monographs",83,NA,"471-489",NA,"10.1890/12-1742.1",NA,NA,NA,NA,NA,NA,NA,NA,NA,NA,NA,NA,NA,"RPDv1b:2067",1112,"Greenwald, D.N.",1,"Greenwald","D.N.",NA,NA,NA,NA,NA,NA,NA,NA,NA,"RPDv1b:2067",1112,"RPDv1b",2067,17625,408,4.08,"m",0.02,"AMS","terrestrial plant macrofossil",11915,95,NA,NA,"AA-20318",TRUE,NA,"NA Date is in uncalibrated radiocarbon years.","Yahoo Lake core_SIEVED","counted","150-500",NA,NA,"",11915,11820,12010,11915,408,0.02,"NA Date is in uncalibrated radiocarbon years.",". Cal curve: NA. Source DB: RPDv1b","Lacustrine","Carbon-14","Radiocarbon",-43,14615.48,"Calibrated radiocarbon years BP","sedimentary charcoal","Data Sourcing: RPDv1b","Sample Age Source: GCDv4"
"1112",408,"charcoal | 150-500um num",428,428.5,429,1,14615.48,NA,NA,"GCDv4","Charcoal (sum)","150-500 µm",150,500,"False","False","number","Macroscopic charcoal (sieved)","direct",NA,"CHAR",24,NA,NA,"quant_raw",5,"volume","ml","RPDv1b","2067","charcoal","count","macrochar","wet_sieve","particle","150-500um num",NA,"150-500um","num","RPDv1b","measured",1,"RPDv1b","ELEMENT=150-500 µm","Yahoo Lake core",47.683333,-124.016667,710,"north","USA",NA,"sedlac",1112,1,2013,"Gavin, D.G., Brubaker, L.B., Greenwald, D.N., 2013. Postglacial climate and fire-mediated vegetation change on the western Olympic Peninsula, Washington (USA). Ecological Monographs 83, 471–489.","Postglacial climate and fire-mediated vegetation change on the western Olympic Peninsula, Washington (USA)","Ecological Monographs",83,NA,"471-489",NA,"10.1890/12-1742.1",NA,NA,NA,NA,NA,NA,NA,NA,NA,NA,NA,NA,NA,"RPDv1b:2067",1112,"Greenwald, D.N.",1,"Greenwald","D.N.",NA,NA,NA,NA,NA,NA,NA,NA,NA,"RPDv1b:2067",1112,"RPDv1b",2067,17625,408,4.08,"m",0.02,"AMS","terrestrial plant macrofossil",11915,95,NA,NA,"AA-20318",TRUE,NA,"NA Date is in uncalibrated radiocarbon years.","Yahoo Lake core_SIEVED","counted","150-500",NA,NA,"",11915,11820,12010,11915,408,0.02,"NA Date is in uncalibrated radiocarbon years.",". Cal curve: NA. Source DB: RPDv1b","Lacustrine","Carbon-14","Radiocarbon",-43,14615.48,"Calibrated radiocarbon years BP","sedimentary charcoal","Data Sourcing: RPDv1b","Sample Age Source: GCDv4"
