"cluster_id_entity","usample","channel","depth_top_cm","depth_mid_cm","depth_bot_cm","thick_cm","age_mid_cal_yr_bp","age_top_cal_yr_bp","age_bot_cal_yr_bp","age_source","NAME","ELEMENT","size_min_um","size_max_um","size_min_open","size_max_open","UNITS","CONTEXT","context_source","TAPHONOMY","GROUP","value","value_orig","value_conversion","value_source_column","sample_quantity_value","sample_quantity_ELEMENT","sample_quantity_UNITS","data_source","data_entity","original_fire_proxy","original_meas_type","original_meas_detail","original_meas_method","original_proxy_class","original_quant_units","original_quant_units_raw","parsed_size_token","parsed_unit_token","depth_source","depth_repair_method","n_db_contrib","db_contrib","vocab_flags","entity_name","lat_dd_north","lon_dd_east","elev_m","hemisphere","country_entity","location_desc","depo_context","cluster_id","pubtypeid","year","citation","articletitle","journal","volume","issue","pages","citationnumber","doi","booktitle","numvolumes","edition","volumetitle","seriestitle","seriesvolume","publisher","url_pub","city","state","country","originallanguage","notes_pub","pub_source","cluster_id_contact","contactname","contactstatusid","familyname","leadinginitials","givennames","suffix","title","phone","fax","email","url","address","notes","contact_source","cluster_id_geo","db_geo","source_entity","date_id","depth_cm_geo","depth_orig_geo","depth_unit_geo","thick_cm_geo","date_type","material","age_14C","error","cal_age_geo","cal_curve","lab_number","included","exclude_reason","notes_geo","datasetname","controlled_units","controlled_element","X","X.1","X.2","age_geo","chroncontrol_limityounger","chroncontrol_limitolder","chroncontrol_age","chroncontrol_depth","chroncontrol_thickness","chroncontrol_comments","chronology_notes_full","controlled_dep","neotoma_geochrontype","neotoma_chroncontroltypes","ageboundyounger","ageboundolder","agetype","datasettype","datasetnotes_full","samplenotes_full"
"1299",0,"charcoal | num",969.5,970,970.5,1,0,NA,NA,"RPDv1b","Charcoal (sum)","(additional options)",NA,NA,"False","False","number","Microscopic charcoal (pollen slide)","direct",NA,"CHAR",30,NA,NA,"quant_raw",1,"volume","cm^3","RPDv1b",2278,"charcoal","count","unspec","pollen_slide","particle","num",NA,"no_size","num","RPDv1b","measured",1,"RPDv1b",NA,"Svartvatnet core",63.35138,8.87777,183,"north",NA,NA,"sedlac",1299,1,2012,"Birks, H.H., Birks, H.J.B., Bjune, A.E., Felde, V.A., 2012. Internal report. XXXVI international bog (’moor’) excursion of the Institute of Plant Sciences, University of Bern, southern and south-eastern Norway, 8-13 September 2012, Excursion Guide. Bjerknes Centre for Climate Research, University of Bergen, Bergen, Norway.","Internal report","XXXVI international bog (’moor’) excursion of the Institute of Plant Sciences, University of Bern, southern and south-eastern Norway, 8-13 September 2012, Excursion Guide. Bjerknes Centre for Climate Research, University of Bergen, Bergen, Norway",NA,NA,NA,NA,NA,NA,NA,NA,NA,NA,NA,NA,NA,NA,NA,NA,NA,NA,"RPDv1b:2278",1299,"Birks, H.H.",1,"Birks","H.H.",NA,NA,NA,NA,NA,NA,NA,NA,NA,"RPDv1b:2278",1299,"RPDv1b",2278,20557,970,9.7,"m",NA,"Top of core known","-888888",NA,1,0,NA,-888888,TRUE,NA,"NA Date is calibrated.","Svartvatnet core_POLLENSLIDE","counted","NaN-NaN",NA,NA,"",0,-1,1,0,970,NA,"NA Date is calibrated.",". Cal curve: NA. Source DB: RPDv1b","Lacustrine","","Core top",0,10598,"Calibrated radiocarbon years BP","sedimentary charcoal","Data Sourcing: RPDv1b","Sample Age Source: RPDv1b"
"1299",1,"charcoal | num",971.5,972,972.5,1,58,NA,NA,"RPDv1b","Charcoal (sum)","(additional options)",NA,NA,"False","False","number","Microscopic charcoal (pollen slide)","direct",NA,"CHAR",59,NA,NA,"quant_raw",1,"volume","cm^3","RPDv1b",2278,"charcoal","count","unspec","pollen_slide","particle","num",NA,"no_size","num","RPDv1b","measured",1,"RPDv1b",NA,"Svartvatnet core",63.35138,8.87777,183,"north",NA,NA,"sedlac",1299,1,2012,"Birks, H.H., Birks, H.J.B., Bjune, A.E., Felde, V.A., 2012. Internal report. XXXVI international bog (’moor’) excursion of the Institute of Plant Sciences, University of Bern, southern and south-eastern Norway, 8-13 September 2012, Excursion Guide. Bjerknes Centre for Climate Research, University of Bergen, Bergen, Norway.","Internal report","XXXVI international bog (’moor’) excursion of the Institute of Plant Sciences, University of Bern, southern and south-eastern Norway, 8-13 September 2012, Excursion Guide. Bjerknes Centre for Climate Research, University of Bergen, Bergen, Norway",NA,NA,NA,NA,NA,NA,NA,NA,NA,NA,NA,NA,NA,NA,NA,NA,NA,NA,"RPDv1b:2278",1299,"Birks, H.H.",1,"Birks","H.H.",NA,NA,NA,NA,NA,NA,NA,NA,NA,"RPDv1b:2278",1299,"RPDv1b",2278,20557,970,9.7,"m",NA,"Top of core known","-888888",NA,1,0,NA,-888888,TRUE,NA,"NA Date is calibrated.","Svartvatnet core_POLLENSLIDE","counted","NaN-NaN",NA,NA,"",0,-1,1,0,970,NA,"NA Date is calibrated.",". Cal curve: NA. Source DB: RPDv1b","Lacustrine","","Core top",0,10598,"Calibrated radiocarbon years BP","sedimentary charcoal","Data Sourcing: RPDv1b","Sample Age Source: RPDv1b"
"1299",2,"charcoal | num",973.5,974,974.5,1,116,NA,NA,"RPDv1b","Charcoal (sum)","(additional options)",NA,NA,"False","False","number","Microscopic charcoal (pollen slide)","direct",NA,"CHAR",34,NA,NA,"quant_raw",1,"volume","cm^3","RPDv1b",2278,"charcoal","count","unspec","pollen_slide","particle","num",NA,"no_size","num","RPDv1b","measured",1,"RPDv1b",NA,"Svartvatnet core",63.35138,8.87777,183,"north",NA,NA,"sedlac",1299,1,2012,"Birks, H.H., Birks, H.J.B., Bjune, A.E., Felde, V.A., 2012. Internal report. XXXVI international bog (’moor’) excursion of the Institute of Plant Sciences, University of Bern, southern and south-eastern Norway, 8-13 September 2012, Excursion Guide. Bjerknes Centre for Climate Research, University of Bergen, Bergen, Norway.","Internal report","XXXVI international bog (’moor’) excursion of the Institute of Plant Sciences, University of Bern, southern and south-eastern Norway, 8-13 September 2012, Excursion Guide. Bjerknes Centre for Climate Research, University of Bergen, Bergen, Norway",NA,NA,NA,NA,NA,NA,NA,NA,NA,NA,NA,NA,NA,NA,NA,NA,NA,NA,"RPDv1b:2278",1299,"Birks, H.H.",1,"Birks","H.H.",NA,NA,NA,NA,NA,NA,NA,NA,NA,"RPDv1b:2278",1299,"RPDv1b",2278,20557,970,9.7,"m",NA,"Top of core known","-888888",NA,1,0,NA,-888888,TRUE,NA,"NA Date is calibrated.","Svartvatnet core_POLLENSLIDE","counted","NaN-NaN",NA,NA,"",0,-1,1,0,970,NA,"NA Date is calibrated.",". Cal curve: NA. Source DB: RPDv1b","Lacustrine","","Core top",0,10598,"Calibrated radiocarbon years BP","sedimentary charcoal","Data Sourcing: RPDv1b","Sample Age Source: RPDv1b"
"1299",3,"charcoal | num",977.5,978,978.5,1,232,NA,NA,"RPDv1b","Charcoal (sum)","(additional options)",NA,NA,"False","False","number","Microscopic charcoal (pollen slide)","direct",NA,"CHAR",31,NA,NA,"quant_raw",1,"volume","cm^3","RPDv1b",2278,"charcoal","count","unspec","pollen_slide","particle","num",NA,"no_size","num","RPDv1b","measured",1,"RPDv1b",NA,"Svartvatnet core",63.35138,8.87777,183,"north",NA,NA,"sedlac",1299,1,2012,"Birks, H.H., Birks, H.J.B., Bjune, A.E., Felde, V.A., 2012. Internal report. XXXVI international bog (’moor’) excursion of the Institute of Plant Sciences, University of Bern, southern and south-eastern Norway, 8-13 September 2012, Excursion Guide. Bjerknes Centre for Climate Research, University of Bergen, Bergen, Norway.","Internal report","XXXVI international bog (’moor’) excursion of the Institute of Plant Sciences, University of Bern, southern and south-eastern Norway, 8-13 September 2012, Excursion Guide. Bjerknes Centre for Climate Research, University of Bergen, Bergen, Norway",NA,NA,NA,NA,NA,NA,NA,NA,NA,NA,NA,NA,NA,NA,NA,NA,NA,NA,"RPDv1b:2278",1299,"Birks, H.H.",1,"Birks","H.H.",NA,NA,NA,NA,NA,NA,NA,NA,NA,"RPDv1b:2278",1299,"RPDv1b",2278,20557,970,9.7,"m",NA,"Top of core known","-888888",NA,1,0,NA,-888888,TRUE,NA,"NA Date is calibrated.","Svartvatnet core_POLLENSLIDE","counted","NaN-NaN",NA,NA,"",0,-1,1,0,970,NA,"NA Date is calibrated.",". Cal curve: NA. Source DB: RPDv1b","Lacustrine","","Core top",0,10598,"Calibrated radiocarbon years BP","sedimentary charcoal","Data Sourcing: RPDv1b","Sample Age Source: RPDv1b"
"1299",4,"charcoal | num",981.5,982,982.5,1,348,NA,NA,"RPDv1b","Charcoal (sum)","(additional options)",NA,NA,"False","False","number","Microscopic charcoal (pollen slide)","direct",NA,"CHAR",28,NA,NA,"quant_raw",1,"volume","cm^3","RPDv1b",2278,"charcoal","count","unspec","pollen_slide","particle","num",NA,"no_size","num","RPDv1b","measured",1,"RPDv1b",NA,"Svartvatnet core",63.35138,8.87777,183,"north",NA,NA,"sedlac",1299,1,2012,"Birks, H.H., Birks, H.J.B., Bjune, A.E., Felde, V.A., 2012. Internal report. XXXVI international bog (’moor’) excursion of the Institute of Plant Sciences, University of Bern, southern and south-eastern Norway, 8-13 September 2012, Excursion Guide. Bjerknes Centre for Climate Research, University of Bergen, Bergen, Norway.","Internal report","XXXVI international bog (’moor’) excursion of the Institute of Plant Sciences, University of Bern, southern and south-eastern Norway, 8-13 September 2012, Excursion Guide. Bjerknes Centre for Climate Research, University of Bergen, Bergen, Norway",NA,NA,NA,NA,NA,NA,NA,NA,NA,NA,NA,NA,NA,NA,NA,NA,NA,NA,"RPDv1b:2278",1299,"Birks, H.H.",1,"Birks","H.H.",NA,NA,NA,NA,NA,NA,NA,NA,NA,"RPDv1b:2278",1299,"RPDv1b",2278,20557,970,9.7,"m",NA,"Top of core known","-888888",NA,1,0,NA,-888888,TRUE,NA,"NA Date is calibrated.","Svartvatnet core_POLLENSLIDE","counted","NaN-NaN",NA,NA,"",0,-1,1,0,970,NA,"NA Date is calibrated.",". Cal curve: NA. Source DB: RPDv1b","Lacustrine","","Core top",0,10598,"Calibrated radiocarbon years BP","sedimentary charcoal","Data Sourcing: RPDv1b","Sample Age Source: RPDv1b"
"1299",5,"charcoal | num",985.5,986,986.5,1,464,NA,NA,"RPDv1b","Charcoal (sum)","(additional options)",NA,NA,"False","False","number","Microscopic charcoal (pollen slide)","direct",NA,"CHAR",29,NA,NA,"quant_raw",1,"volume","cm^3","RPDv1b",2278,"charcoal","count","unspec","pollen_slide","particle","num",NA,"no_size","num","RPDv1b","measured",1,"RPDv1b",NA,"Svartvatnet core",63.35138,8.87777,183,"north",NA,NA,"sedlac",1299,1,2012,"Birks, H.H., Birks, H.J.B., Bjune, A.E., Felde, V.A., 2012. Internal report. XXXVI international bog (’moor’) excursion of the Institute of Plant Sciences, University of Bern, southern and south-eastern Norway, 8-13 September 2012, Excursion Guide. Bjerknes Centre for Climate Research, University of Bergen, Bergen, Norway.","Internal report","XXXVI international bog (’moor’) excursion of the Institute of Plant Sciences, University of Bern, southern and south-eastern Norway, 8-13 September 2012, Excursion Guide. Bjerknes Centre for Climate Research, University of Bergen, Bergen, Norway",NA,NA,NA,NA,NA,NA,NA,NA,NA,NA,NA,NA,NA,NA,NA,NA,NA,NA,"RPDv1b:2278",1299,"Birks, H.H.",1,"Birks","H.H.",NA,NA,NA,NA,NA,NA,NA,NA,NA,"RPDv1b:2278",1299,"RPDv1b",2278,20557,970,9.7,"m",NA,"Top of core known","-888888",NA,1,0,NA,-888888,TRUE,NA,"NA Date is calibrated.","Svartvatnet core_POLLENSLIDE","counted","NaN-NaN",NA,NA,"",0,-1,1,0,970,NA,"NA Date is calibrated.",". Cal curve: NA. Source DB: RPDv1b","Lacustrine","","Core top",0,10598,"Calibrated radiocarbon years BP","sedimentary charcoal","Data Sourcing: RPDv1b","Sample Age Source: RPDv1b"
"1299",6,"charcoal | num",989.5,990,990.5,1,580,NA,NA,"RPDv1b","Charcoal (sum)","(additional options)",NA,NA,"False","False","number","Microscopic charcoal (pollen slide)","direct",NA,"CHAR",40,NA,NA,"quant_raw",1,"volume","cm^3","RPDv1b",2278,"charcoal","count","unspec","pollen_slide","particle","num",NA,"no_size","num","RPDv1b","measured",1,"RPDv1b",NA,"Svartvatnet core",63.35138,8.87777,183,"north",NA,NA,"sedlac",1299,1,2012,"Birks, H.H., Birks, H.J.B., Bjune, A.E., Felde, V.A., 2012. Internal report. XXXVI international bog (’moor’) excursion of the Institute of Plant Sciences, University of Bern, southern and south-eastern Norway, 8-13 September 2012, Excursion Guide. Bjerknes Centre for Climate Research, University of Bergen, Bergen, Norway.","Internal report","XXXVI international bog (’moor’) excursion of the Institute of Plant Sciences, University of Bern, southern and south-eastern Norway, 8-13 September 2012, Excursion Guide. Bjerknes Centre for Climate Research, University of Bergen, Bergen, Norway",NA,NA,NA,NA,NA,NA,NA,NA,NA,NA,NA,NA,NA,NA,NA,NA,NA,NA,"RPDv1b:2278",1299,"Birks, H.H.",1,"Birks","H.H.",NA,NA,NA,NA,NA,NA,NA,NA,NA,"RPDv1b:2278",1299,"RPDv1b",2278,20558,1000,10,"m",NA,"Radiocarbon date","bulk sediment",870,40,NA,NA,-999999,TRUE,NA,"NA Date is in uncalibrated radiocarbon years.","Svartvatnet core_POLLENSLIDE","counted","NaN-NaN",NA,NA,"",870,830,910,870,1000,NA,"NA Date is in uncalibrated radiocarbon years.",". Cal curve: NA. Source DB: RPDv1b","Lacustrine","Carbon-14","Radiocarbon",0,10598,"Calibrated radiocarbon years BP","sedimentary charcoal","Data Sourcing: RPDv1b","Sample Age Source: RPDv1b"
"1299",7,"charcoal | num",993.5,994,994.5,1,696,NA,NA,"RPDv1b","Charcoal (sum)","(additional options)",NA,NA,"False","False","number","Microscopic charcoal (pollen slide)","direct",NA,"CHAR",15,NA,NA,"quant_raw",1,"volume","cm^3","RPDv1b",2278,"charcoal","count","unspec","pollen_slide","particle","num",NA,"no_size","num","RPDv1b","measured",1,"RPDv1b",NA,"Svartvatnet core",63.35138,8.87777,183,"north",NA,NA,"sedlac",1299,1,2012,"Birks, H.H., Birks, H.J.B., Bjune, A.E., Felde, V.A., 2012. Internal report. XXXVI international bog (’moor’) excursion of the Institute of Plant Sciences, University of Bern, southern and south-eastern Norway, 8-13 September 2012, Excursion Guide. Bjerknes Centre for Climate Research, University of Bergen, Bergen, Norway.","Internal report","XXXVI international bog (’moor’) excursion of the Institute of Plant Sciences, University of Bern, southern and south-eastern Norway, 8-13 September 2012, Excursion Guide. Bjerknes Centre for Climate Research, University of Bergen, Bergen, Norway",NA,NA,NA,NA,NA,NA,NA,NA,NA,NA,NA,NA,NA,NA,NA,NA,NA,NA,"RPDv1b:2278",1299,"Birks, H.H.",1,"Birks","H.H.",NA,NA,NA,NA,NA,NA,NA,NA,NA,"RPDv1b:2278",1299,"RPDv1b",2278,20558,1000,10,"m",NA,"Radiocarbon date","bulk sediment",870,40,NA,NA,-999999,TRUE,NA,"NA Date is in uncalibrated radiocarbon years.","Svartvatnet core_POLLENSLIDE","counted","NaN-NaN",NA,NA,"",870,830,910,870,1000,NA,"NA Date is in uncalibrated radiocarbon years.",". Cal curve: NA. Source DB: RPDv1b","Lacustrine","Carbon-14","Radiocarbon",0,10598,"Calibrated radiocarbon years BP","sedimentary charcoal","Data Sourcing: RPDv1b","Sample Age Source: RPDv1b"
"1299",8,"charcoal | num",997.5,998,998.5,1,812,NA,NA,"RPDv1b","Charcoal (sum)","(additional options)",NA,NA,"False","False","number","Microscopic charcoal (pollen slide)","direct",NA,"CHAR",17,NA,NA,"quant_raw",1,"volume","cm^3","RPDv1b",2278,"charcoal","count","unspec","pollen_slide","particle","num",NA,"no_size","num","RPDv1b","measured",1,"RPDv1b",NA,"Svartvatnet core",63.35138,8.87777,183,"north",NA,NA,"sedlac",1299,1,2012,"Birks, H.H., Birks, H.J.B., Bjune, A.E., Felde, V.A., 2012. Internal report. XXXVI international bog (’moor’) excursion of the Institute of Plant Sciences, University of Bern, southern and south-eastern Norway, 8-13 September 2012, Excursion Guide. Bjerknes Centre for Climate Research, University of Bergen, Bergen, Norway.","Internal report","XXXVI international bog (’moor’) excursion of the Institute of Plant Sciences, University of Bern, southern and south-eastern Norway, 8-13 September 2012, Excursion Guide. Bjerknes Centre for Climate Research, University of Bergen, Bergen, Norway",NA,NA,NA,NA,NA,NA,NA,NA,NA,NA,NA,NA,NA,NA,NA,NA,NA,NA,"RPDv1b:2278",1299,"Birks, H.H.",1,"Birks","H.H.",NA,NA,NA,NA,NA,NA,NA,NA,NA,"RPDv1b:2278",1299,"RPDv1b",2278,20558,1000,10,"m",NA,"Radiocarbon date","bulk sediment",870,40,NA,NA,-999999,TRUE,NA,"NA Date is in uncalibrated radiocarbon years.","Svartvatnet core_POLLENSLIDE","counted","NaN-NaN",NA,NA,"",870,830,910,870,1000,NA,"NA Date is in uncalibrated radiocarbon years.",". Cal curve: NA. Source DB: RPDv1b","Lacustrine","Carbon-14","Radiocarbon",0,10598,"Calibrated radiocarbon years BP","sedimentary charcoal","Data Sourcing: RPDv1b","Sample Age Source: RPDv1b"
"1299",9,"charcoal | num",1001.5,1002,1002.5,1,959,NA,NA,"RPDv1b","Charcoal (sum)","(additional options)",NA,NA,"False","False","number","Microscopic charcoal (pollen slide)","direct",NA,"CHAR",159,NA,NA,"quant_raw",1,"volume","cm^3","RPDv1b",2278,"charcoal","count","unspec","pollen_slide","particle","num",NA,"no_size","num","RPDv1b","measured",1,"RPDv1b",NA,"Svartvatnet core",63.35138,8.87777,183,"north",NA,NA,"sedlac",1299,1,2012,"Birks, H.H., Birks, H.J.B., Bjune, A.E., Felde, V.A., 2012. Internal report. XXXVI international bog (’moor’) excursion of the Institute of Plant Sciences, University of Bern, southern and south-eastern Norway, 8-13 September 2012, Excursion Guide. Bjerknes Centre for Climate Research, University of Bergen, Bergen, Norway.","Internal report","XXXVI international bog (’moor’) excursion of the Institute of Plant Sciences, University of Bern, southern and south-eastern Norway, 8-13 September 2012, Excursion Guide. Bjerknes Centre for Climate Research, University of Bergen, Bergen, Norway",NA,NA,NA,NA,NA,NA,NA,NA,NA,NA,NA,NA,NA,NA,NA,NA,NA,NA,"RPDv1b:2278",1299,"Birks, H.H.",1,"Birks","H.H.",NA,NA,NA,NA,NA,NA,NA,NA,NA,"RPDv1b:2278",1299,"RPDv1b",2278,20558,1000,10,"m",NA,"Radiocarbon date","bulk sediment",870,40,NA,NA,-999999,TRUE,NA,"NA Date is in uncalibrated radiocarbon years.","Svartvatnet core_POLLENSLIDE","counted","NaN-NaN",NA,NA,"",870,830,910,870,1000,NA,"NA Date is in uncalibrated radiocarbon years.",". Cal curve: NA. Source DB: RPDv1b","Lacustrine","Carbon-14","Radiocarbon",0,10598,"Calibrated radiocarbon years BP","sedimentary charcoal","Data Sourcing: RPDv1b","Sample Age Source: RPDv1b"
"1299",10,"charcoal | num",1005.5,1006,1006.5,1,1136,NA,NA,"RPDv1b","Charcoal (sum)","(additional options)",NA,NA,"False","False","number","Microscopic charcoal (pollen slide)","direct",NA,"CHAR",12,NA,NA,"quant_raw",1,"volume","cm^3","RPDv1b",2278,"charcoal","count","unspec","pollen_slide","particle","num",NA,"no_size","num","RPDv1b","measured",1,"RPDv1b",NA,"Svartvatnet core",63.35138,8.87777,183,"north",NA,NA,"sedlac",1299,1,2012,"Birks, H.H., Birks, H.J.B., Bjune, A.E., Felde, V.A., 2012. Internal report. XXXVI international bog (’moor’) excursion of the Institute of Plant Sciences, University of Bern, southern and south-eastern Norway, 8-13 September 2012, Excursion Guide. Bjerknes Centre for Climate Research, University of Bergen, Bergen, Norway.","Internal report","XXXVI international bog (’moor’) excursion of the Institute of Plant Sciences, University of Bern, southern and south-eastern Norway, 8-13 September 2012, Excursion Guide. Bjerknes Centre for Climate Research, University of Bergen, Bergen, Norway",NA,NA,NA,NA,NA,NA,NA,NA,NA,NA,NA,NA,NA,NA,NA,NA,NA,NA,"RPDv1b:2278",1299,"Birks, H.H.",1,"Birks","H.H.",NA,NA,NA,NA,NA,NA,NA,NA,NA,"RPDv1b:2278",1299,"RPDv1b",2278,20558,1000,10,"m",NA,"Radiocarbon date","bulk sediment",870,40,NA,NA,-999999,TRUE,NA,"NA Date is in uncalibrated radiocarbon years.","Svartvatnet core_POLLENSLIDE","counted","NaN-NaN",NA,NA,"",870,830,910,870,1000,NA,"NA Date is in uncalibrated radiocarbon years.",". Cal curve: NA. Source DB: RPDv1b","Lacustrine","Carbon-14","Radiocarbon",0,10598,"Calibrated radiocarbon years BP","sedimentary charcoal","Data Sourcing: RPDv1b","Sample Age Source: RPDv1b"
"1299",11,"charcoal | num",1009.5,1010,1010.5,1,1313,NA,NA,"RPDv1b","Charcoal (sum)","(additional options)",NA,NA,"False","False","number","Microscopic charcoal (pollen slide)","direct",NA,"CHAR",24,NA,NA,"quant_raw",1,"volume","cm^3","RPDv1b",2278,"charcoal","count","unspec","pollen_slide","particle","num",NA,"no_size","num","RPDv1b","measured",1,"RPDv1b",NA,"Svartvatnet core",63.35138,8.87777,183,"north",NA,NA,"sedlac",1299,1,2012,"Birks, H.H., Birks, H.J.B., Bjune, A.E., Felde, V.A., 2012. Internal report. XXXVI international bog (’moor’) excursion of the Institute of Plant Sciences, University of Bern, southern and south-eastern Norway, 8-13 September 2012, Excursion Guide. Bjerknes Centre for Climate Research, University of Bergen, Bergen, Norway.","Internal report","XXXVI international bog (’moor’) excursion of the Institute of Plant Sciences, University of Bern, southern and south-eastern Norway, 8-13 September 2012, Excursion Guide. Bjerknes Centre for Climate Research, University of Bergen, Bergen, Norway",NA,NA,NA,NA,NA,NA,NA,NA,NA,NA,NA,NA,NA,NA,NA,NA,NA,NA,"RPDv1b:2278",1299,"Birks, H.H.",1,"Birks","H.H.",NA,NA,NA,NA,NA,NA,NA,NA,NA,"RPDv1b:2278",1299,"RPDv1b",2278,20558,1000,10,"m",NA,"Radiocarbon date","bulk sediment",870,40,NA,NA,-999999,TRUE,NA,"NA Date is in uncalibrated radiocarbon years.","Svartvatnet core_POLLENSLIDE","counted","NaN-NaN",NA,NA,"",870,830,910,870,1000,NA,"NA Date is in uncalibrated radiocarbon years.",". Cal curve: NA. Source DB: RPDv1b","Lacustrine","Carbon-14","Radiocarbon",0,10598,"Calibrated radiocarbon years BP","sedimentary charcoal","Data Sourcing: RPDv1b","Sample Age Source: RPDv1b"
"1299",12,"charcoal | num",1013.5,1014,1014.5,1,1491,NA,NA,"RPDv1b","Charcoal (sum)","(additional options)",NA,NA,"False","False","number","Microscopic charcoal (pollen slide)","direct",NA,"CHAR",24,NA,NA,"quant_raw",1,"volume","cm^3","RPDv1b",2278,"charcoal","count","unspec","pollen_slide","particle","num",NA,"no_size","num","RPDv1b","measured",1,"RPDv1b",NA,"Svartvatnet core",63.35138,8.87777,183,"north",NA,NA,"sedlac",1299,1,2012,"Birks, H.H., Birks, H.J.B., Bjune, A.E., Felde, V.A., 2012. Internal report. XXXVI international bog (’moor’) excursion of the Institute of Plant Sciences, University of Bern, southern and south-eastern Norway, 8-13 September 2012, Excursion Guide. Bjerknes Centre for Climate Research, University of Bergen, Bergen, Norway.","Internal report","XXXVI international bog (’moor’) excursion of the Institute of Plant Sciences, University of Bern, southern and south-eastern Norway, 8-13 September 2012, Excursion Guide. Bjerknes Centre for Climate Research, University of Bergen, Bergen, Norway",NA,NA,NA,NA,NA,NA,NA,NA,NA,NA,NA,NA,NA,NA,NA,NA,NA,NA,"RPDv1b:2278",1299,"Birks, H.H.",1,"Birks","H.H.",NA,NA,NA,NA,NA,NA,NA,NA,NA,"RPDv1b:2278",1299,"RPDv1b",2278,20559,1030,10.3,"m",NA,"Radiocarbon date","bulk sediment",2200,35,NA,NA,-999999,TRUE,NA,"NA Date is in uncalibrated radiocarbon years.","Svartvatnet core_POLLENSLIDE","counted","NaN-NaN",NA,NA,"",2200,2165,2235,2200,1030,NA,"NA Date is in uncalibrated radiocarbon years.",". Cal curve: NA. Source DB: RPDv1b","Lacustrine","Carbon-14","Radiocarbon",0,10598,"Calibrated radiocarbon years BP","sedimentary charcoal","Data Sourcing: RPDv1b","Sample Age Source: RPDv1b"
"1299",13,"charcoal | num",1017.5,1018,1018.5,1,1668,NA,NA,"RPDv1b","Charcoal (sum)","(additional options)",NA,NA,"False","False","number","Microscopic charcoal (pollen slide)","direct",NA,"CHAR",27,NA,NA,"quant_raw",1,"volume","cm^3","RPDv1b",2278,"charcoal","count","unspec","pollen_slide","particle","num",NA,"no_size","num","RPDv1b","measured",1,"RPDv1b",NA,"Svartvatnet core",63.35138,8.87777,183,"north",NA,NA,"sedlac",1299,1,2012,"Birks, H.H., Birks, H.J.B., Bjune, A.E., Felde, V.A., 2012. Internal report. XXXVI international bog (’moor’) excursion of the Institute of Plant Sciences, University of Bern, southern and south-eastern Norway, 8-13 September 2012, Excursion Guide. Bjerknes Centre for Climate Research, University of Bergen, Bergen, Norway.","Internal report","XXXVI international bog (’moor’) excursion of the Institute of Plant Sciences, University of Bern, southern and south-eastern Norway, 8-13 September 2012, Excursion Guide. Bjerknes Centre for Climate Research, University of Bergen, Bergen, Norway",NA,NA,NA,NA,NA,NA,NA,NA,NA,NA,NA,NA,NA,NA,NA,NA,NA,NA,"RPDv1b:2278",1299,"Birks, H.H.",1,"Birks","H.H.",NA,NA,NA,NA,NA,NA,NA,NA,NA,"RPDv1b:2278",1299,"RPDv1b",2278,20559,1030,10.3,"m",NA,"Radiocarbon date","bulk sediment",2200,35,NA,NA,-999999,TRUE,NA,"NA Date is in uncalibrated radiocarbon years.","Svartvatnet core_POLLENSLIDE","counted","NaN-NaN",NA,NA,"",2200,2165,2235,2200,1030,NA,"NA Date is in uncalibrated radiocarbon years.",". Cal curve: NA. Source DB: RPDv1b","Lacustrine","Carbon-14","Radiocarbon",0,10598,"Calibrated radiocarbon years BP","sedimentary charcoal","Data Sourcing: RPDv1b","Sample Age Source: RPDv1b"
"1299",14,"charcoal | num",1021.5,1022,1022.5,1,1845,NA,NA,"RPDv1b","Charcoal (sum)","(additional options)",NA,NA,"False","False","number","Microscopic charcoal (pollen slide)","direct",NA,"CHAR",15,NA,NA,"quant_raw",1,"volume","cm^3","RPDv1b",2278,"charcoal","count","unspec","pollen_slide","particle","num",NA,"no_size","num","RPDv1b","measured",1,"RPDv1b",NA,"Svartvatnet core",63.35138,8.87777,183,"north",NA,NA,"sedlac",1299,1,2012,"Birks, H.H., Birks, H.J.B., Bjune, A.E., Felde, V.A., 2012. Internal report. XXXVI international bog (’moor’) excursion of the Institute of Plant Sciences, University of Bern, southern and south-eastern Norway, 8-13 September 2012, Excursion Guide. Bjerknes Centre for Climate Research, University of Bergen, Bergen, Norway.","Internal report","XXXVI international bog (’moor’) excursion of the Institute of Plant Sciences, University of Bern, southern and south-eastern Norway, 8-13 September 2012, Excursion Guide. Bjerknes Centre for Climate Research, University of Bergen, Bergen, Norway",NA,NA,NA,NA,NA,NA,NA,NA,NA,NA,NA,NA,NA,NA,NA,NA,NA,NA,"RPDv1b:2278",1299,"Birks, H.H.",1,"Birks","H.H.",NA,NA,NA,NA,NA,NA,NA,NA,NA,"RPDv1b:2278",1299,"RPDv1b",2278,20559,1030,10.3,"m",NA,"Radiocarbon date","bulk sediment",2200,35,NA,NA,-999999,TRUE,NA,"NA Date is in uncalibrated radiocarbon years.","Svartvatnet core_POLLENSLIDE","counted","NaN-NaN",NA,NA,"",2200,2165,2235,2200,1030,NA,"NA Date is in uncalibrated radiocarbon years.",". Cal curve: NA. Source DB: RPDv1b","Lacustrine","Carbon-14","Radiocarbon",0,10598,"Calibrated radiocarbon years BP","sedimentary charcoal","Data Sourcing: RPDv1b","Sample Age Source: RPDv1b"
"1299",15,"charcoal | num",1025.5,1026,1026.5,1,2023,NA,NA,"RPDv1b","Charcoal (sum)","(additional options)",NA,NA,"False","False","number","Microscopic charcoal (pollen slide)","direct",NA,"CHAR",16,NA,NA,"quant_raw",1,"volume","cm^3","RPDv1b",2278,"charcoal","count","unspec","pollen_slide","particle","num",NA,"no_size","num","RPDv1b","measured",1,"RPDv1b",NA,"Svartvatnet core",63.35138,8.87777,183,"north",NA,NA,"sedlac",1299,1,2012,"Birks, H.H., Birks, H.J.B., Bjune, A.E., Felde, V.A., 2012. Internal report. XXXVI international bog (’moor’) excursion of the Institute of Plant Sciences, University of Bern, southern and south-eastern Norway, 8-13 September 2012, Excursion Guide. Bjerknes Centre for Climate Research, University of Bergen, Bergen, Norway.","Internal report","XXXVI international bog (’moor’) excursion of the Institute of Plant Sciences, University of Bern, southern and south-eastern Norway, 8-13 September 2012, Excursion Guide. Bjerknes Centre for Climate Research, University of Bergen, Bergen, Norway",NA,NA,NA,NA,NA,NA,NA,NA,NA,NA,NA,NA,NA,NA,NA,NA,NA,NA,"RPDv1b:2278",1299,"Birks, H.H.",1,"Birks","H.H.",NA,NA,NA,NA,NA,NA,NA,NA,NA,"RPDv1b:2278",1299,"RPDv1b",2278,20559,1030,10.3,"m",NA,"Radiocarbon date","bulk sediment",2200,35,NA,NA,-999999,TRUE,NA,"NA Date is in uncalibrated radiocarbon years.","Svartvatnet core_POLLENSLIDE","counted","NaN-NaN",NA,NA,"",2200,2165,2235,2200,1030,NA,"NA Date is in uncalibrated radiocarbon years.",". Cal curve: NA. Source DB: RPDv1b","Lacustrine","Carbon-14","Radiocarbon",0,10598,"Calibrated radiocarbon years BP","sedimentary charcoal","Data Sourcing: RPDv1b","Sample Age Source: RPDv1b"
"1299",16,"charcoal | num",1029.5,1030,1030.5,1,2200,NA,NA,"RPDv1b","Charcoal (sum)","(additional options)",NA,NA,"False","False","number","Microscopic charcoal (pollen slide)","direct",NA,"CHAR",53,NA,NA,"quant_raw",1,"volume","cm^3","RPDv1b",2278,"charcoal","count","unspec","pollen_slide","particle","num",NA,"no_size","num","RPDv1b","measured",1,"RPDv1b",NA,"Svartvatnet core",63.35138,8.87777,183,"north",NA,NA,"sedlac",1299,1,2012,"Birks, H.H., Birks, H.J.B., Bjune, A.E., Felde, V.A., 2012. Internal report. XXXVI international bog (’moor’) excursion of the Institute of Plant Sciences, University of Bern, southern and south-eastern Norway, 8-13 September 2012, Excursion Guide. Bjerknes Centre for Climate Research, University of Bergen, Bergen, Norway.","Internal report","XXXVI international bog (’moor’) excursion of the Institute of Plant Sciences, University of Bern, southern and south-eastern Norway, 8-13 September 2012, Excursion Guide. Bjerknes Centre for Climate Research, University of Bergen, Bergen, Norway",NA,NA,NA,NA,NA,NA,NA,NA,NA,NA,NA,NA,NA,NA,NA,NA,NA,NA,"RPDv1b:2278",1299,"Birks, H.J.B.",1,"Birks","H.J.B.",NA,NA,NA,NA,NA,NA,NA,NA,NA,"RPDv1b:2278",1299,"RPDv1b",2278,20559,1030,10.3,"m",NA,"Radiocarbon date","bulk sediment",2200,35,NA,NA,-999999,TRUE,NA,"NA Date is in uncalibrated radiocarbon years.","Svartvatnet core_POLLENSLIDE","counted","NaN-NaN",NA,NA,"",2200,2165,2235,2200,1030,NA,"NA Date is in uncalibrated radiocarbon years.",". Cal curve: NA. Source DB: RPDv1b","Lacustrine","Carbon-14","Radiocarbon",0,10598,"Calibrated radiocarbon years BP","sedimentary charcoal","Data Sourcing: RPDv1b","Sample Age Source: RPDv1b"
"1299",17,"charcoal | num",1033.5,1034,1034.5,1,2389,NA,NA,"RPDv1b","Charcoal (sum)","(additional options)",NA,NA,"False","False","number","Microscopic charcoal (pollen slide)","direct",NA,"CHAR",21,NA,NA,"quant_raw",1,"volume","cm^3","RPDv1b",2278,"charcoal","count","unspec","pollen_slide","particle","num",NA,"no_size","num","RPDv1b","measured",1,"RPDv1b",NA,"Svartvatnet core",63.35138,8.87777,183,"north",NA,NA,"sedlac",1299,1,2012,"Birks, H.H., Birks, H.J.B., Bjune, A.E., Felde, V.A., 2012. Internal report. XXXVI international bog (’moor’) excursion of the Institute of Plant Sciences, University of Bern, southern and south-eastern Norway, 8-13 September 2012, Excursion Guide. Bjerknes Centre for Climate Research, University of Bergen, Bergen, Norway.","Internal report","XXXVI international bog (’moor’) excursion of the Institute of Plant Sciences, University of Bern, southern and south-eastern Norway, 8-13 September 2012, Excursion Guide. Bjerknes Centre for Climate Research, University of Bergen, Bergen, Norway",NA,NA,NA,NA,NA,NA,NA,NA,NA,NA,NA,NA,NA,NA,NA,NA,NA,NA,"RPDv1b:2278",1299,"Birks, H.J.B.",1,"Birks","H.J.B.",NA,NA,NA,NA,NA,NA,NA,NA,NA,"RPDv1b:2278",1299,"RPDv1b",2278,20559,1030,10.3,"m",NA,"Radiocarbon date","bulk sediment",2200,35,NA,NA,-999999,TRUE,NA,"NA Date is in uncalibrated radiocarbon years.","Svartvatnet core_POLLENSLIDE","counted","NaN-NaN",NA,NA,"",2200,2165,2235,2200,1030,NA,"NA Date is in uncalibrated radiocarbon years.",". Cal curve: NA. Source DB: RPDv1b","Lacustrine","Carbon-14","Radiocarbon",0,10598,"Calibrated radiocarbon years BP","sedimentary charcoal","Data Sourcing: RPDv1b","Sample Age Source: RPDv1b"
"1299",18,"charcoal | num",1037.5,1038,1038.5,1,2579,NA,NA,"RPDv1b","Charcoal (sum)","(additional options)",NA,NA,"False","False","number","Microscopic charcoal (pollen slide)","direct",NA,"CHAR",16,NA,NA,"quant_raw",1,"volume","cm^3","RPDv1b",2278,"charcoal","count","unspec","pollen_slide","particle","num",NA,"no_size","num","RPDv1b","measured",1,"RPDv1b",NA,"Svartvatnet core",63.35138,8.87777,183,"north",NA,NA,"sedlac",1299,1,2012,"Birks, H.H., Birks, H.J.B., Bjune, A.E., Felde, V.A., 2012. Internal report. XXXVI international bog (’moor’) excursion of the Institute of Plant Sciences, University of Bern, southern and south-eastern Norway, 8-13 September 2012, Excursion Guide. Bjerknes Centre for Climate Research, University of Bergen, Bergen, Norway.","Internal report","XXXVI international bog (’moor’) excursion of the Institute of Plant Sciences, University of Bern, southern and south-eastern Norway, 8-13 September 2012, Excursion Guide. Bjerknes Centre for Climate Research, University of Bergen, Bergen, Norway",NA,NA,NA,NA,NA,NA,NA,NA,NA,NA,NA,NA,NA,NA,NA,NA,NA,NA,"RPDv1b:2278",1299,"Birks, H.J.B.",1,"Birks","H.J.B.",NA,NA,NA,NA,NA,NA,NA,NA,NA,"RPDv1b:2278",1299,"RPDv1b",2278,20560,1060,10.6,"m",NA,"Radiocarbon date","bulk sediment",3620,40,NA,NA,-999999,TRUE,NA,"NA Date is in uncalibrated radiocarbon years.","Svartvatnet core_POLLENSLIDE","counted","NaN-NaN",NA,NA,"",3620,3580,3660,3620,1060,NA,"NA Date is in uncalibrated radiocarbon years.",". Cal curve: NA. Source DB: RPDv1b","Lacustrine","Carbon-14","Radiocarbon",0,10598,"Calibrated radiocarbon years BP","sedimentary charcoal","Data Sourcing: RPDv1b","Sample Age Source: RPDv1b"
"1299",19,"charcoal | num",1041.5,1042,1042.5,1,2768,NA,NA,"RPDv1b","Charcoal (sum)","(additional options)",NA,NA,"False","False","number","Microscopic charcoal (pollen slide)","direct",NA,"CHAR",14,NA,NA,"quant_raw",1,"volume","cm^3","RPDv1b",2278,"charcoal","count","unspec","pollen_slide","particle","num",NA,"no_size","num","RPDv1b","measured",1,"RPDv1b",NA,"Svartvatnet core",63.35138,8.87777,183,"north",NA,NA,"sedlac",1299,1,2012,"Birks, H.H., Birks, H.J.B., Bjune, A.E., Felde, V.A., 2012. Internal report. XXXVI international bog (’moor’) excursion of the Institute of Plant Sciences, University of Bern, southern and south-eastern Norway, 8-13 September 2012, Excursion Guide. Bjerknes Centre for Climate Research, University of Bergen, Bergen, Norway.","Internal report","XXXVI international bog (’moor’) excursion of the Institute of Plant Sciences, University of Bern, southern and south-eastern Norway, 8-13 September 2012, Excursion Guide. Bjerknes Centre for Climate Research, University of Bergen, Bergen, Norway",NA,NA,NA,NA,NA,NA,NA,NA,NA,NA,NA,NA,NA,NA,NA,NA,NA,NA,"RPDv1b:2278",1299,"Birks, H.J.B.",1,"Birks","H.J.B.",NA,NA,NA,NA,NA,NA,NA,NA,NA,"RPDv1b:2278",1299,"RPDv1b",2278,20560,1060,10.6,"m",NA,"Radiocarbon date","bulk sediment",3620,40,NA,NA,-999999,TRUE,NA,"NA Date is in uncalibrated radiocarbon years.","Svartvatnet core_POLLENSLIDE","counted","NaN-NaN",NA,NA,"",3620,3580,3660,3620,1060,NA,"NA Date is in uncalibrated radiocarbon years.",". Cal curve: NA. Source DB: RPDv1b","Lacustrine","Carbon-14","Radiocarbon",0,10598,"Calibrated radiocarbon years BP","sedimentary charcoal","Data Sourcing: RPDv1b","Sample Age Source: RPDv1b"
"1299",20,"charcoal | num",1045.5,1046,1046.5,1,2957,NA,NA,"RPDv1b","Charcoal (sum)","(additional options)",NA,NA,"False","False","number","Microscopic charcoal (pollen slide)","direct",NA,"CHAR",18,NA,NA,"quant_raw",1,"volume","cm^3","RPDv1b",2278,"charcoal","count","unspec","pollen_slide","particle","num",NA,"no_size","num","RPDv1b","measured",1,"RPDv1b",NA,"Svartvatnet core",63.35138,8.87777,183,"north",NA,NA,"sedlac",1299,1,2012,"Birks, H.H., Birks, H.J.B., Bjune, A.E., Felde, V.A., 2012. Internal report. XXXVI international bog (’moor’) excursion of the Institute of Plant Sciences, University of Bern, southern and south-eastern Norway, 8-13 September 2012, Excursion Guide. Bjerknes Centre for Climate Research, University of Bergen, Bergen, Norway.","Internal report","XXXVI international bog (’moor’) excursion of the Institute of Plant Sciences, University of Bern, southern and south-eastern Norway, 8-13 September 2012, Excursion Guide. Bjerknes Centre for Climate Research, University of Bergen, Bergen, Norway",NA,NA,NA,NA,NA,NA,NA,NA,NA,NA,NA,NA,NA,NA,NA,NA,NA,NA,"RPDv1b:2278",1299,"Birks, H.J.B.",1,"Birks","H.J.B.",NA,NA,NA,NA,NA,NA,NA,NA,NA,"RPDv1b:2278",1299,"RPDv1b",2278,20560,1060,10.6,"m",NA,"Radiocarbon date","bulk sediment",3620,40,NA,NA,-999999,TRUE,NA,"NA Date is in uncalibrated radiocarbon years.","Svartvatnet core_POLLENSLIDE","counted","NaN-NaN",NA,NA,"",3620,3580,3660,3620,1060,NA,"NA Date is in uncalibrated radiocarbon years.",". Cal curve: NA. Source DB: RPDv1b","Lacustrine","Carbon-14","Radiocarbon",0,10598,"Calibrated radiocarbon years BP","sedimentary charcoal","Data Sourcing: RPDv1b","Sample Age Source: RPDv1b"
"1299",21,"charcoal | num",1049.5,1050,1050.5,1,3147,NA,NA,"RPDv1b","Charcoal (sum)","(additional options)",NA,NA,"False","False","number","Microscopic charcoal (pollen slide)","direct",NA,"CHAR",34,NA,NA,"quant_raw",1,"volume","cm^3","RPDv1b",2278,"charcoal","count","unspec","pollen_slide","particle","num",NA,"no_size","num","RPDv1b","measured",1,"RPDv1b",NA,"Svartvatnet core",63.35138,8.87777,183,"north",NA,NA,"sedlac",1299,1,2012,"Birks, H.H., Birks, H.J.B., Bjune, A.E., Felde, V.A., 2012. Internal report. XXXVI international bog (’moor’) excursion of the Institute of Plant Sciences, University of Bern, southern and south-eastern Norway, 8-13 September 2012, Excursion Guide. Bjerknes Centre for Climate Research, University of Bergen, Bergen, Norway.","Internal report","XXXVI international bog (’moor’) excursion of the Institute of Plant Sciences, University of Bern, southern and south-eastern Norway, 8-13 September 2012, Excursion Guide. Bjerknes Centre for Climate Research, University of Bergen, Bergen, Norway",NA,NA,NA,NA,NA,NA,NA,NA,NA,NA,NA,NA,NA,NA,NA,NA,NA,NA,"RPDv1b:2278",1299,"Birks, H.J.B.",1,"Birks","H.J.B.",NA,NA,NA,NA,NA,NA,NA,NA,NA,"RPDv1b:2278",1299,"RPDv1b",2278,20560,1060,10.6,"m",NA,"Radiocarbon date","bulk sediment",3620,40,NA,NA,-999999,TRUE,NA,"NA Date is in uncalibrated radiocarbon years.","Svartvatnet core_POLLENSLIDE","counted","NaN-NaN",NA,NA,"",3620,3580,3660,3620,1060,NA,"NA Date is in uncalibrated radiocarbon years.",". Cal curve: NA. Source DB: RPDv1b","Lacustrine","Carbon-14","Radiocarbon",0,10598,"Calibrated radiocarbon years BP","sedimentary charcoal","Data Sourcing: RPDv1b","Sample Age Source: RPDv1b"
"1299",22,"charcoal | num",1053.5,1054,1054.5,1,3336,NA,NA,"RPDv1b","Charcoal (sum)","(additional options)",NA,NA,"False","False","number","Microscopic charcoal (pollen slide)","direct",NA,"CHAR",6,NA,NA,"quant_raw",1,"volume","cm^3","RPDv1b",2278,"charcoal","count","unspec","pollen_slide","particle","num",NA,"no_size","num","RPDv1b","measured",1,"RPDv1b",NA,"Svartvatnet core",63.35138,8.87777,183,"north",NA,NA,"sedlac",1299,1,2012,"Birks, H.H., Birks, H.J.B., Bjune, A.E., Felde, V.A., 2012. Internal report. XXXVI international bog (’moor’) excursion of the Institute of Plant Sciences, University of Bern, southern and south-eastern Norway, 8-13 September 2012, Excursion Guide. Bjerknes Centre for Climate Research, University of Bergen, Bergen, Norway.","Internal report","XXXVI international bog (’moor’) excursion of the Institute of Plant Sciences, University of Bern, southern and south-eastern Norway, 8-13 September 2012, Excursion Guide. Bjerknes Centre for Climate Research, University of Bergen, Bergen, Norway",NA,NA,NA,NA,NA,NA,NA,NA,NA,NA,NA,NA,NA,NA,NA,NA,NA,NA,"RPDv1b:2278",1299,"Birks, H.J.B.",1,"Birks","H.J.B.",NA,NA,NA,NA,NA,NA,NA,NA,NA,"RPDv1b:2278",1299,"RPDv1b",2278,20560,1060,10.6,"m",NA,"Radiocarbon date","bulk sediment",3620,40,NA,NA,-999999,TRUE,NA,"NA Date is in uncalibrated radiocarbon years.","Svartvatnet core_POLLENSLIDE","counted","NaN-NaN",NA,NA,"",3620,3580,3660,3620,1060,NA,"NA Date is in uncalibrated radiocarbon years.",". Cal curve: NA. Source DB: RPDv1b","Lacustrine","Carbon-14","Radiocarbon",0,10598,"Calibrated radiocarbon years BP","sedimentary charcoal","Data Sourcing: RPDv1b","Sample Age Source: RPDv1b"
"1299",23,"charcoal | num",1057.5,1058,1058.5,1,3525,NA,NA,"RPDv1b","Charcoal (sum)","(additional options)",NA,NA,"False","False","number","Microscopic charcoal (pollen slide)","direct",NA,"CHAR",16,NA,NA,"quant_raw",1,"volume","cm^3","RPDv1b",2278,"charcoal","count","unspec","pollen_slide","particle","num",NA,"no_size","num","RPDv1b","measured",1,"RPDv1b",NA,"Svartvatnet core",63.35138,8.87777,183,"north",NA,NA,"sedlac",1299,1,2012,"Birks, H.H., Birks, H.J.B., Bjune, A.E., Felde, V.A., 2012. Internal report. XXXVI international bog (’moor’) excursion of the Institute of Plant Sciences, University of Bern, southern and south-eastern Norway, 8-13 September 2012, Excursion Guide. Bjerknes Centre for Climate Research, University of Bergen, Bergen, Norway.","Internal report","XXXVI international bog (’moor’) excursion of the Institute of Plant Sciences, University of Bern, southern and south-eastern Norway, 8-13 September 2012, Excursion Guide. Bjerknes Centre for Climate Research, University of Bergen, Bergen, Norway",NA,NA,NA,NA,NA,NA,NA,NA,NA,NA,NA,NA,NA,NA,NA,NA,NA,NA,"RPDv1b:2278",1299,"Birks, H.J.B.",1,"Birks","H.J.B.",NA,NA,NA,NA,NA,NA,NA,NA,NA,"RPDv1b:2278",1299,"RPDv1b",2278,20560,1060,10.6,"m",NA,"Radiocarbon date","bulk sediment",3620,40,NA,NA,-999999,TRUE,NA,"NA Date is in uncalibrated radiocarbon years.","Svartvatnet core_POLLENSLIDE","counted","NaN-NaN",NA,NA,"",3620,3580,3660,3620,1060,NA,"NA Date is in uncalibrated radiocarbon years.",". Cal curve: NA. Source DB: RPDv1b","Lacustrine","Carbon-14","Radiocarbon",0,10598,"Calibrated radiocarbon years BP","sedimentary charcoal","Data Sourcing: RPDv1b","Sample Age Source: RPDv1b"
"1299",24,"charcoal | num",1061.5,1062,1062.5,1,3688,NA,NA,"RPDv1b","Charcoal (sum)","(additional options)",NA,NA,"False","False","number","Microscopic charcoal (pollen slide)","direct",NA,"CHAR",8,NA,NA,"quant_raw",1,"volume","cm^3","RPDv1b",2278,"charcoal","count","unspec","pollen_slide","particle","num",NA,"no_size","num","RPDv1b","measured",1,"RPDv1b",NA,"Svartvatnet core",63.35138,8.87777,183,"north",NA,NA,"sedlac",1299,1,2012,"Birks, H.H., Birks, H.J.B., Bjune, A.E., Felde, V.A., 2012. Internal report. XXXVI international bog (’moor’) excursion of the Institute of Plant Sciences, University of Bern, southern and south-eastern Norway, 8-13 September 2012, Excursion Guide. Bjerknes Centre for Climate Research, University of Bergen, Bergen, Norway.","Internal report","XXXVI international bog (’moor’) excursion of the Institute of Plant Sciences, University of Bern, southern and south-eastern Norway, 8-13 September 2012, Excursion Guide. Bjerknes Centre for Climate Research, University of Bergen, Bergen, Norway",NA,NA,NA,NA,NA,NA,NA,NA,NA,NA,NA,NA,NA,NA,NA,NA,NA,NA,"RPDv1b:2278",1299,"Birks, H.J.B.",1,"Birks","H.J.B.",NA,NA,NA,NA,NA,NA,NA,NA,NA,"RPDv1b:2278",1299,"RPDv1b",2278,20561,1092,10.92,"m",NA,"Radiocarbon date","bulk sediment",4715,45,NA,NA,-999999,TRUE,NA,"NA Date is in uncalibrated radiocarbon years.","Svartvatnet core_POLLENSLIDE","counted","NaN-NaN",NA,NA,"",4715,4670,4760,4715,1092,NA,"NA Date is in uncalibrated radiocarbon years.",". Cal curve: NA. Source DB: RPDv1b","Lacustrine","Carbon-14","Radiocarbon",0,10598,"Calibrated radiocarbon years BP","sedimentary charcoal","Data Sourcing: RPDv1b","Sample Age Source: RPDv1b"
"1299",25,"charcoal | num",1065.5,1066,1066.5,1,3825,NA,NA,"RPDv1b","Charcoal (sum)","(additional options)",NA,NA,"False","False","number","Microscopic charcoal (pollen slide)","direct",NA,"CHAR",10,NA,NA,"quant_raw",1,"volume","cm^3","RPDv1b",2278,"charcoal","count","unspec","pollen_slide","particle","num",NA,"no_size","num","RPDv1b","measured",1,"RPDv1b",NA,"Svartvatnet core",63.35138,8.87777,183,"north",NA,NA,"sedlac",1299,1,2012,"Birks, H.H., Birks, H.J.B., Bjune, A.E., Felde, V.A., 2012. Internal report. XXXVI international bog (’moor’) excursion of the Institute of Plant Sciences, University of Bern, southern and south-eastern Norway, 8-13 September 2012, Excursion Guide. Bjerknes Centre for Climate Research, University of Bergen, Bergen, Norway.","Internal report","XXXVI international bog (’moor’) excursion of the Institute of Plant Sciences, University of Bern, southern and south-eastern Norway, 8-13 September 2012, Excursion Guide. Bjerknes Centre for Climate Research, University of Bergen, Bergen, Norway",NA,NA,NA,NA,NA,NA,NA,NA,NA,NA,NA,NA,NA,NA,NA,NA,NA,NA,"RPDv1b:2278",1299,"Birks, H.J.B.",1,"Birks","H.J.B.",NA,NA,NA,NA,NA,NA,NA,NA,NA,"RPDv1b:2278",1299,"RPDv1b",2278,20561,1092,10.92,"m",NA,"Radiocarbon date","bulk sediment",4715,45,NA,NA,-999999,TRUE,NA,"NA Date is in uncalibrated radiocarbon years.","Svartvatnet core_POLLENSLIDE","counted","NaN-NaN",NA,NA,"",4715,4670,4760,4715,1092,NA,"NA Date is in uncalibrated radiocarbon years.",". Cal curve: NA. Source DB: RPDv1b","Lacustrine","Carbon-14","Radiocarbon",0,10598,"Calibrated radiocarbon years BP","sedimentary charcoal","Data Sourcing: RPDv1b","Sample Age Source: RPDv1b"
"1299",26,"charcoal | num",1069.5,1070,1070.5,1,3962,NA,NA,"RPDv1b","Charcoal (sum)","(additional options)",NA,NA,"False","False","number","Microscopic charcoal (pollen slide)","direct",NA,"CHAR",30,NA,NA,"quant_raw",1,"volume","cm^3","RPDv1b",2278,"charcoal","count","unspec","pollen_slide","particle","num",NA,"no_size","num","RPDv1b","measured",1,"RPDv1b",NA,"Svartvatnet core",63.35138,8.87777,183,"north",NA,NA,"sedlac",1299,1,2012,"Birks, H.H., Birks, H.J.B., Bjune, A.E., Felde, V.A., 2012. Internal report. XXXVI international bog (’moor’) excursion of the Institute of Plant Sciences, University of Bern, southern and south-eastern Norway, 8-13 September 2012, Excursion Guide. Bjerknes Centre for Climate Research, University of Bergen, Bergen, Norway.","Internal report","XXXVI international bog (’moor’) excursion of the Institute of Plant Sciences, University of Bern, southern and south-eastern Norway, 8-13 September 2012, Excursion Guide. Bjerknes Centre for Climate Research, University of Bergen, Bergen, Norway",NA,NA,NA,NA,NA,NA,NA,NA,NA,NA,NA,NA,NA,NA,NA,NA,NA,NA,"RPDv1b:2278",1299,"Birks, H.J.B.",1,"Birks","H.J.B.",NA,NA,NA,NA,NA,NA,NA,NA,NA,"RPDv1b:2278",1299,"RPDv1b",2278,20561,1092,10.92,"m",NA,"Radiocarbon date","bulk sediment",4715,45,NA,NA,-999999,TRUE,NA,"NA Date is in uncalibrated radiocarbon years.","Svartvatnet core_POLLENSLIDE","counted","NaN-NaN",NA,NA,"",4715,4670,4760,4715,1092,NA,"NA Date is in uncalibrated radiocarbon years.",". Cal curve: NA. Source DB: RPDv1b","Lacustrine","Carbon-14","Radiocarbon",0,10598,"Calibrated radiocarbon years BP","sedimentary charcoal","Data Sourcing: RPDv1b","Sample Age Source: RPDv1b"
"1299",27,"charcoal | num",1073.5,1074,1074.5,1,4099,NA,NA,"RPDv1b","Charcoal (sum)","(additional options)",NA,NA,"False","False","number","Microscopic charcoal (pollen slide)","direct",NA,"CHAR",18,NA,NA,"quant_raw",1,"volume","cm^3","RPDv1b",2278,"charcoal","count","unspec","pollen_slide","particle","num",NA,"no_size","num","RPDv1b","measured",1,"RPDv1b",NA,"Svartvatnet core",63.35138,8.87777,183,"north",NA,NA,"sedlac",1299,1,2012,"Birks, H.H., Birks, H.J.B., Bjune, A.E., Felde, V.A., 2012. Internal report. XXXVI international bog (’moor’) excursion of the Institute of Plant Sciences, University of Bern, southern and south-eastern Norway, 8-13 September 2012, Excursion Guide. Bjerknes Centre for Climate Research, University of Bergen, Bergen, Norway.","Internal report","XXXVI international bog (’moor’) excursion of the Institute of Plant Sciences, University of Bern, southern and south-eastern Norway, 8-13 September 2012, Excursion Guide. Bjerknes Centre for Climate Research, University of Bergen, Bergen, Norway",NA,NA,NA,NA,NA,NA,NA,NA,NA,NA,NA,NA,NA,NA,NA,NA,NA,NA,"RPDv1b:2278",1299,"Birks, H.J.B.",1,"Birks","H.J.B.",NA,NA,NA,NA,NA,NA,NA,NA,NA,"RPDv1b:2278",1299,"RPDv1b",2278,20561,1092,10.92,"m",NA,"Radiocarbon date","bulk sediment",4715,45,NA,NA,-999999,TRUE,NA,"NA Date is in uncalibrated radiocarbon years.","Svartvatnet core_POLLENSLIDE","counted","NaN-NaN",NA,NA,"",4715,4670,4760,4715,1092,NA,"NA Date is in uncalibrated radiocarbon years.",". Cal curve: NA. Source DB: RPDv1b","Lacustrine","Carbon-14","Radiocarbon",0,10598,"Calibrated radiocarbon years BP","sedimentary charcoal","Data Sourcing: RPDv1b","Sample Age Source: RPDv1b"
"1299",28,"charcoal | num",1077.5,1078,1078.5,1,4236,NA,NA,"RPDv1b","Charcoal (sum)","(additional options)",NA,NA,"False","False","number","Microscopic charcoal (pollen slide)","direct",NA,"CHAR",19,NA,NA,"quant_raw",1,"volume","cm^3","RPDv1b",2278,"charcoal","count","unspec","pollen_slide","particle","num",NA,"no_size","num","RPDv1b","measured",1,"RPDv1b",NA,"Svartvatnet core",63.35138,8.87777,183,"north",NA,NA,"sedlac",1299,1,2012,"Birks, H.H., Birks, H.J.B., Bjune, A.E., Felde, V.A., 2012. Internal report. XXXVI international bog (’moor’) excursion of the Institute of Plant Sciences, University of Bern, southern and south-eastern Norway, 8-13 September 2012, Excursion Guide. Bjerknes Centre for Climate Research, University of Bergen, Bergen, Norway.","Internal report","XXXVI international bog (’moor’) excursion of the Institute of Plant Sciences, University of Bern, southern and south-eastern Norway, 8-13 September 2012, Excursion Guide. Bjerknes Centre for Climate Research, University of Bergen, Bergen, Norway",NA,NA,NA,NA,NA,NA,NA,NA,NA,NA,NA,NA,NA,NA,NA,NA,NA,NA,"RPDv1b:2278",1299,"Birks, H.J.B.",1,"Birks","H.J.B.",NA,NA,NA,NA,NA,NA,NA,NA,NA,"RPDv1b:2278",1299,"RPDv1b",2278,20561,1092,10.92,"m",NA,"Radiocarbon date","bulk sediment",4715,45,NA,NA,-999999,TRUE,NA,"NA Date is in uncalibrated radiocarbon years.","Svartvatnet core_POLLENSLIDE","counted","NaN-NaN",NA,NA,"",4715,4670,4760,4715,1092,NA,"NA Date is in uncalibrated radiocarbon years.",". Cal curve: NA. Source DB: RPDv1b","Lacustrine","Carbon-14","Radiocarbon",0,10598,"Calibrated radiocarbon years BP","sedimentary charcoal","Data Sourcing: RPDv1b","Sample Age Source: RPDv1b"
"1299",29,"charcoal | num",1081.5,1082,1082.5,1,4373,NA,NA,"RPDv1b","Charcoal (sum)","(additional options)",NA,NA,"False","False","number","Microscopic charcoal (pollen slide)","direct",NA,"CHAR",7,NA,NA,"quant_raw",1,"volume","cm^3","RPDv1b",2278,"charcoal","count","unspec","pollen_slide","particle","num",NA,"no_size","num","RPDv1b","measured",1,"RPDv1b",NA,"Svartvatnet core",63.35138,8.87777,183,"north",NA,NA,"sedlac",1299,1,2012,"Birks, H.H., Birks, H.J.B., Bjune, A.E., Felde, V.A., 2012. Internal report. XXXVI international bog (’moor’) excursion of the Institute of Plant Sciences, University of Bern, southern and south-eastern Norway, 8-13 September 2012, Excursion Guide. Bjerknes Centre for Climate Research, University of Bergen, Bergen, Norway.","Internal report","XXXVI international bog (’moor’) excursion of the Institute of Plant Sciences, University of Bern, southern and south-eastern Norway, 8-13 September 2012, Excursion Guide. Bjerknes Centre for Climate Research, University of Bergen, Bergen, Norway",NA,NA,NA,NA,NA,NA,NA,NA,NA,NA,NA,NA,NA,NA,NA,NA,NA,NA,"RPDv1b:2278",1299,"Birks, H.J.B.",1,"Birks","H.J.B.",NA,NA,NA,NA,NA,NA,NA,NA,NA,"RPDv1b:2278",1299,"RPDv1b",2278,20561,1092,10.92,"m",NA,"Radiocarbon date","bulk sediment",4715,45,NA,NA,-999999,TRUE,NA,"NA Date is in uncalibrated radiocarbon years.","Svartvatnet core_POLLENSLIDE","counted","NaN-NaN",NA,NA,"",4715,4670,4760,4715,1092,NA,"NA Date is in uncalibrated radiocarbon years.",". Cal curve: NA. Source DB: RPDv1b","Lacustrine","Carbon-14","Radiocarbon",0,10598,"Calibrated radiocarbon years BP","sedimentary charcoal","Data Sourcing: RPDv1b","Sample Age Source: RPDv1b"
"1299",30,"charcoal | num",1085.5,1086,1086.5,1,4510,NA,NA,"RPDv1b","Charcoal (sum)","(additional options)",NA,NA,"False","False","number","Microscopic charcoal (pollen slide)","direct",NA,"CHAR",15,NA,NA,"quant_raw",1,"volume","cm^3","RPDv1b",2278,"charcoal","count","unspec","pollen_slide","particle","num",NA,"no_size","num","RPDv1b","measured",1,"RPDv1b",NA,"Svartvatnet core",63.35138,8.87777,183,"north",NA,NA,"sedlac",1299,1,2012,"Birks, H.H., Birks, H.J.B., Bjune, A.E., Felde, V.A., 2012. Internal report. XXXVI international bog (’moor’) excursion of the Institute of Plant Sciences, University of Bern, southern and south-eastern Norway, 8-13 September 2012, Excursion Guide. Bjerknes Centre for Climate Research, University of Bergen, Bergen, Norway.","Internal report","XXXVI international bog (’moor’) excursion of the Institute of Plant Sciences, University of Bern, southern and south-eastern Norway, 8-13 September 2012, Excursion Guide. Bjerknes Centre for Climate Research, University of Bergen, Bergen, Norway",NA,NA,NA,NA,NA,NA,NA,NA,NA,NA,NA,NA,NA,NA,NA,NA,NA,NA,"RPDv1b:2278",1299,"Birks, H.J.B.",1,"Birks","H.J.B.",NA,NA,NA,NA,NA,NA,NA,NA,NA,"RPDv1b:2278",1299,"RPDv1b",2278,20562,1120,11.2,"m",NA,"Radiocarbon date","bulk sediment",5960,80,NA,NA,-999999,TRUE,NA,"NA Date is in uncalibrated radiocarbon years.","Svartvatnet core_POLLENSLIDE","counted","NaN-NaN",NA,NA,"",5960,5880,6040,5960,1120,NA,"NA Date is in uncalibrated radiocarbon years.",". Cal curve: NA. Source DB: RPDv1b","Lacustrine","Carbon-14","Radiocarbon",0,10598,"Calibrated radiocarbon years BP","sedimentary charcoal","Data Sourcing: RPDv1b","Sample Age Source: RPDv1b"
"1299",31,"charcoal | num",1089.5,1090,1090.5,1,4647,NA,NA,"RPDv1b","Charcoal (sum)","(additional options)",NA,NA,"False","False","number","Microscopic charcoal (pollen slide)","direct",NA,"CHAR",9,NA,NA,"quant_raw",1,"volume","cm^3","RPDv1b",2278,"charcoal","count","unspec","pollen_slide","particle","num",NA,"no_size","num","RPDv1b","measured",1,"RPDv1b",NA,"Svartvatnet core",63.35138,8.87777,183,"north",NA,NA,"sedlac",1299,1,2012,"Birks, H.H., Birks, H.J.B., Bjune, A.E., Felde, V.A., 2012. Internal report. XXXVI international bog (’moor’) excursion of the Institute of Plant Sciences, University of Bern, southern and south-eastern Norway, 8-13 September 2012, Excursion Guide. Bjerknes Centre for Climate Research, University of Bergen, Bergen, Norway.","Internal report","XXXVI international bog (’moor’) excursion of the Institute of Plant Sciences, University of Bern, southern and south-eastern Norway, 8-13 September 2012, Excursion Guide. Bjerknes Centre for Climate Research, University of Bergen, Bergen, Norway",NA,NA,NA,NA,NA,NA,NA,NA,NA,NA,NA,NA,NA,NA,NA,NA,NA,NA,"RPDv1b:2278",1299,"Birks, H.J.B.",1,"Birks","H.J.B.",NA,NA,NA,NA,NA,NA,NA,NA,NA,"RPDv1b:2278",1299,"RPDv1b",2278,20562,1120,11.2,"m",NA,"Radiocarbon date","bulk sediment",5960,80,NA,NA,-999999,TRUE,NA,"NA Date is in uncalibrated radiocarbon years.","Svartvatnet core_POLLENSLIDE","counted","NaN-NaN",NA,NA,"",5960,5880,6040,5960,1120,NA,"NA Date is in uncalibrated radiocarbon years.",". Cal curve: NA. Source DB: RPDv1b","Lacustrine","Carbon-14","Radiocarbon",0,10598,"Calibrated radiocarbon years BP","sedimentary charcoal","Data Sourcing: RPDv1b","Sample Age Source: RPDv1b"
"1299",32,"charcoal | num",1093.5,1094,1094.5,1,4804,NA,NA,"RPDv1b","Charcoal (sum)","(additional options)",NA,NA,"False","False","number","Microscopic charcoal (pollen slide)","direct",NA,"CHAR",23,NA,NA,"quant_raw",1,"volume","cm^3","RPDv1b",2278,"charcoal","count","unspec","pollen_slide","particle","num",NA,"no_size","num","RPDv1b","measured",1,"RPDv1b",NA,"Svartvatnet core",63.35138,8.87777,183,"north",NA,NA,"sedlac",1299,1,2012,"Birks, H.H., Birks, H.J.B., Bjune, A.E., Felde, V.A., 2012. Internal report. XXXVI international bog (’moor’) excursion of the Institute of Plant Sciences, University of Bern, southern and south-eastern Norway, 8-13 September 2012, Excursion Guide. Bjerknes Centre for Climate Research, University of Bergen, Bergen, Norway.","Internal report","XXXVI international bog (’moor’) excursion of the Institute of Plant Sciences, University of Bern, southern and south-eastern Norway, 8-13 September 2012, Excursion Guide. Bjerknes Centre for Climate Research, University of Bergen, Bergen, Norway",NA,NA,NA,NA,NA,NA,NA,NA,NA,NA,NA,NA,NA,NA,NA,NA,NA,NA,"RPDv1b:2278",1299,"Bjune, A.E.",1,"Bjune","A.E.",NA,NA,NA,NA,NA,NA,NA,NA,NA,"RPDv1b:2278",1299,"RPDv1b",2278,20562,1120,11.2,"m",NA,"Radiocarbon date","bulk sediment",5960,80,NA,NA,-999999,TRUE,NA,"NA Date is in uncalibrated radiocarbon years.","Svartvatnet core_POLLENSLIDE","counted","NaN-NaN",NA,NA,"",5960,5880,6040,5960,1120,NA,"NA Date is in uncalibrated radiocarbon years.",". Cal curve: NA. Source DB: RPDv1b","Lacustrine","Carbon-14","Radiocarbon",0,10598,"Calibrated radiocarbon years BP","sedimentary charcoal","Data Sourcing: RPDv1b","Sample Age Source: RPDv1b"
"1299",33,"charcoal | num",1097.5,1098,1098.5,1,4982,NA,NA,"RPDv1b","Charcoal (sum)","(additional options)",NA,NA,"False","False","number","Microscopic charcoal (pollen slide)","direct",NA,"CHAR",16,NA,NA,"quant_raw",1,"volume","cm^3","RPDv1b",2278,"charcoal","count","unspec","pollen_slide","particle","num",NA,"no_size","num","RPDv1b","measured",1,"RPDv1b",NA,"Svartvatnet core",63.35138,8.87777,183,"north",NA,NA,"sedlac",1299,1,2012,"Birks, H.H., Birks, H.J.B., Bjune, A.E., Felde, V.A., 2012. Internal report. XXXVI international bog (’moor’) excursion of the Institute of Plant Sciences, University of Bern, southern and south-eastern Norway, 8-13 September 2012, Excursion Guide. Bjerknes Centre for Climate Research, University of Bergen, Bergen, Norway.","Internal report","XXXVI international bog (’moor’) excursion of the Institute of Plant Sciences, University of Bern, southern and south-eastern Norway, 8-13 September 2012, Excursion Guide. Bjerknes Centre for Climate Research, University of Bergen, Bergen, Norway",NA,NA,NA,NA,NA,NA,NA,NA,NA,NA,NA,NA,NA,NA,NA,NA,NA,NA,"RPDv1b:2278",1299,"Bjune, A.E.",1,"Bjune","A.E.",NA,NA,NA,NA,NA,NA,NA,NA,NA,"RPDv1b:2278",1299,"RPDv1b",2278,20562,1120,11.2,"m",NA,"Radiocarbon date","bulk sediment",5960,80,NA,NA,-999999,TRUE,NA,"NA Date is in uncalibrated radiocarbon years.","Svartvatnet core_POLLENSLIDE","counted","NaN-NaN",NA,NA,"",5960,5880,6040,5960,1120,NA,"NA Date is in uncalibrated radiocarbon years.",". Cal curve: NA. Source DB: RPDv1b","Lacustrine","Carbon-14","Radiocarbon",0,10598,"Calibrated radiocarbon years BP","sedimentary charcoal","Data Sourcing: RPDv1b","Sample Age Source: RPDv1b"
"1299",34,"charcoal | num",1101.5,1102,1102.5,1,5160,NA,NA,"RPDv1b","Charcoal (sum)","(additional options)",NA,NA,"False","False","number","Microscopic charcoal (pollen slide)","direct",NA,"CHAR",12,NA,NA,"quant_raw",1,"volume","cm^3","RPDv1b",2278,"charcoal","count","unspec","pollen_slide","particle","num",NA,"no_size","num","RPDv1b","measured",1,"RPDv1b",NA,"Svartvatnet core",63.35138,8.87777,183,"north",NA,NA,"sedlac",1299,1,2012,"Birks, H.H., Birks, H.J.B., Bjune, A.E., Felde, V.A., 2012. Internal report. XXXVI international bog (’moor’) excursion of the Institute of Plant Sciences, University of Bern, southern and south-eastern Norway, 8-13 September 2012, Excursion Guide. Bjerknes Centre for Climate Research, University of Bergen, Bergen, Norway.","Internal report","XXXVI international bog (’moor’) excursion of the Institute of Plant Sciences, University of Bern, southern and south-eastern Norway, 8-13 September 2012, Excursion Guide. Bjerknes Centre for Climate Research, University of Bergen, Bergen, Norway",NA,NA,NA,NA,NA,NA,NA,NA,NA,NA,NA,NA,NA,NA,NA,NA,NA,NA,"RPDv1b:2278",1299,"Bjune, A.E.",1,"Bjune","A.E.",NA,NA,NA,NA,NA,NA,NA,NA,NA,"RPDv1b:2278",1299,"RPDv1b",2278,20562,1120,11.2,"m",NA,"Radiocarbon date","bulk sediment",5960,80,NA,NA,-999999,TRUE,NA,"NA Date is in uncalibrated radiocarbon years.","Svartvatnet core_POLLENSLIDE","counted","NaN-NaN",NA,NA,"",5960,5880,6040,5960,1120,NA,"NA Date is in uncalibrated radiocarbon years.",". Cal curve: NA. Source DB: RPDv1b","Lacustrine","Carbon-14","Radiocarbon",0,10598,"Calibrated radiocarbon years BP","sedimentary charcoal","Data Sourcing: RPDv1b","Sample Age Source: RPDv1b"
"1299",35,"charcoal | num",1105.5,1106,1106.5,1,5338,NA,NA,"RPDv1b","Charcoal (sum)","(additional options)",NA,NA,"False","False","number","Microscopic charcoal (pollen slide)","direct",NA,"CHAR",5,NA,NA,"quant_raw",1,"volume","cm^3","RPDv1b",2278,"charcoal","count","unspec","pollen_slide","particle","num",NA,"no_size","num","RPDv1b","measured",1,"RPDv1b",NA,"Svartvatnet core",63.35138,8.87777,183,"north",NA,NA,"sedlac",1299,1,2012,"Birks, H.H., Birks, H.J.B., Bjune, A.E., Felde, V.A., 2012. Internal report. XXXVI international bog (’moor’) excursion of the Institute of Plant Sciences, University of Bern, southern and south-eastern Norway, 8-13 September 2012, Excursion Guide. Bjerknes Centre for Climate Research, University of Bergen, Bergen, Norway.","Internal report","XXXVI international bog (’moor’) excursion of the Institute of Plant Sciences, University of Bern, southern and south-eastern Norway, 8-13 September 2012, Excursion Guide. Bjerknes Centre for Climate Research, University of Bergen, Bergen, Norway",NA,NA,NA,NA,NA,NA,NA,NA,NA,NA,NA,NA,NA,NA,NA,NA,NA,NA,"RPDv1b:2278",1299,"Bjune, A.E.",1,"Bjune","A.E.",NA,NA,NA,NA,NA,NA,NA,NA,NA,"RPDv1b:2278",1299,"RPDv1b",2278,20562,1120,11.2,"m",NA,"Radiocarbon date","bulk sediment",5960,80,NA,NA,-999999,TRUE,NA,"NA Date is in uncalibrated radiocarbon years.","Svartvatnet core_POLLENSLIDE","counted","NaN-NaN",NA,NA,"",5960,5880,6040,5960,1120,NA,"NA Date is in uncalibrated radiocarbon years.",". Cal curve: NA. Source DB: RPDv1b","Lacustrine","Carbon-14","Radiocarbon",0,10598,"Calibrated radiocarbon years BP","sedimentary charcoal","Data Sourcing: RPDv1b","Sample Age Source: RPDv1b"
"1299",36,"charcoal | num",1109.5,1110,1110.5,1,5515,NA,NA,"RPDv1b","Charcoal (sum)","(additional options)",NA,NA,"False","False","number","Microscopic charcoal (pollen slide)","direct",NA,"CHAR",19,NA,NA,"quant_raw",1,"volume","cm^3","RPDv1b",2278,"charcoal","count","unspec","pollen_slide","particle","num",NA,"no_size","num","RPDv1b","measured",1,"RPDv1b",NA,"Svartvatnet core",63.35138,8.87777,183,"north",NA,NA,"sedlac",1299,1,2012,"Birks, H.H., Birks, H.J.B., Bjune, A.E., Felde, V.A., 2012. Internal report. XXXVI international bog (’moor’) excursion of the Institute of Plant Sciences, University of Bern, southern and south-eastern Norway, 8-13 September 2012, Excursion Guide. Bjerknes Centre for Climate Research, University of Bergen, Bergen, Norway.","Internal report","XXXVI international bog (’moor’) excursion of the Institute of Plant Sciences, University of Bern, southern and south-eastern Norway, 8-13 September 2012, Excursion Guide. Bjerknes Centre for Climate Research, University of Bergen, Bergen, Norway",NA,NA,NA,NA,NA,NA,NA,NA,NA,NA,NA,NA,NA,NA,NA,NA,NA,NA,"RPDv1b:2278",1299,"Bjune, A.E.",1,"Bjune","A.E.",NA,NA,NA,NA,NA,NA,NA,NA,NA,"RPDv1b:2278",1299,"RPDv1b",2278,20563,1147,11.47,"m",NA,"Radiocarbon date","bulk sediment",7825,55,NA,NA,-999999,TRUE,NA,"NA Date is in uncalibrated radiocarbon years.","Svartvatnet core_POLLENSLIDE","counted","NaN-NaN",NA,NA,"",7825,7770,7880,7825,1147,NA,"NA Date is in uncalibrated radiocarbon years.",". Cal curve: NA. Source DB: RPDv1b","Lacustrine","Carbon-14","Radiocarbon",0,10598,"Calibrated radiocarbon years BP","sedimentary charcoal","Data Sourcing: RPDv1b","Sample Age Source: RPDv1b"
"1299",37,"charcoal | num",1113.5,1114,1114.5,1,5693,NA,NA,"RPDv1b","Charcoal (sum)","(additional options)",NA,NA,"False","False","number","Microscopic charcoal (pollen slide)","direct",NA,"CHAR",4,NA,NA,"quant_raw",1,"volume","cm^3","RPDv1b",2278,"charcoal","count","unspec","pollen_slide","particle","num",NA,"no_size","num","RPDv1b","measured",1,"RPDv1b",NA,"Svartvatnet core",63.35138,8.87777,183,"north",NA,NA,"sedlac",1299,1,2012,"Birks, H.H., Birks, H.J.B., Bjune, A.E., Felde, V.A., 2012. Internal report. XXXVI international bog (’moor’) excursion of the Institute of Plant Sciences, University of Bern, southern and south-eastern Norway, 8-13 September 2012, Excursion Guide. Bjerknes Centre for Climate Research, University of Bergen, Bergen, Norway.","Internal report","XXXVI international bog (’moor’) excursion of the Institute of Plant Sciences, University of Bern, southern and south-eastern Norway, 8-13 September 2012, Excursion Guide. Bjerknes Centre for Climate Research, University of Bergen, Bergen, Norway",NA,NA,NA,NA,NA,NA,NA,NA,NA,NA,NA,NA,NA,NA,NA,NA,NA,NA,"RPDv1b:2278",1299,"Bjune, A.E.",1,"Bjune","A.E.",NA,NA,NA,NA,NA,NA,NA,NA,NA,"RPDv1b:2278",1299,"RPDv1b",2278,20563,1147,11.47,"m",NA,"Radiocarbon date","bulk sediment",7825,55,NA,NA,-999999,TRUE,NA,"NA Date is in uncalibrated radiocarbon years.","Svartvatnet core_POLLENSLIDE","counted","NaN-NaN",NA,NA,"",7825,7770,7880,7825,1147,NA,"NA Date is in uncalibrated radiocarbon years.",". Cal curve: NA. Source DB: RPDv1b","Lacustrine","Carbon-14","Radiocarbon",0,10598,"Calibrated radiocarbon years BP","sedimentary charcoal","Data Sourcing: RPDv1b","Sample Age Source: RPDv1b"
"1299",38,"charcoal | num",1117.5,1118,1118.5,1,5871,NA,NA,"RPDv1b","Charcoal (sum)","(additional options)",NA,NA,"False","False","number","Microscopic charcoal (pollen slide)","direct",NA,"CHAR",10,NA,NA,"quant_raw",1,"volume","cm^3","RPDv1b",2278,"charcoal","count","unspec","pollen_slide","particle","num",NA,"no_size","num","RPDv1b","measured",1,"RPDv1b",NA,"Svartvatnet core",63.35138,8.87777,183,"north",NA,NA,"sedlac",1299,1,2012,"Birks, H.H., Birks, H.J.B., Bjune, A.E., Felde, V.A., 2012. Internal report. XXXVI international bog (’moor’) excursion of the Institute of Plant Sciences, University of Bern, southern and south-eastern Norway, 8-13 September 2012, Excursion Guide. Bjerknes Centre for Climate Research, University of Bergen, Bergen, Norway.","Internal report","XXXVI international bog (’moor’) excursion of the Institute of Plant Sciences, University of Bern, southern and south-eastern Norway, 8-13 September 2012, Excursion Guide. Bjerknes Centre for Climate Research, University of Bergen, Bergen, Norway",NA,NA,NA,NA,NA,NA,NA,NA,NA,NA,NA,NA,NA,NA,NA,NA,NA,NA,"RPDv1b:2278",1299,"Bjune, A.E.",1,"Bjune","A.E.",NA,NA,NA,NA,NA,NA,NA,NA,NA,"RPDv1b:2278",1299,"RPDv1b",2278,20563,1147,11.47,"m",NA,"Radiocarbon date","bulk sediment",7825,55,NA,NA,-999999,TRUE,NA,"NA Date is in uncalibrated radiocarbon years.","Svartvatnet core_POLLENSLIDE","counted","NaN-NaN",NA,NA,"",7825,7770,7880,7825,1147,NA,"NA Date is in uncalibrated radiocarbon years.",". Cal curve: NA. Source DB: RPDv1b","Lacustrine","Carbon-14","Radiocarbon",0,10598,"Calibrated radiocarbon years BP","sedimentary charcoal","Data Sourcing: RPDv1b","Sample Age Source: RPDv1b"
"1299",39,"charcoal | num",1121.5,1122,1122.5,1,6098,NA,NA,"RPDv1b","Charcoal (sum)","(additional options)",NA,NA,"False","False","number","Microscopic charcoal (pollen slide)","direct",NA,"CHAR",7,NA,NA,"quant_raw",1,"volume","cm^3","RPDv1b",2278,"charcoal","count","unspec","pollen_slide","particle","num",NA,"no_size","num","RPDv1b","measured",1,"RPDv1b",NA,"Svartvatnet core",63.35138,8.87777,183,"north",NA,NA,"sedlac",1299,1,2012,"Birks, H.H., Birks, H.J.B., Bjune, A.E., Felde, V.A., 2012. Internal report. XXXVI international bog (’moor’) excursion of the Institute of Plant Sciences, University of Bern, southern and south-eastern Norway, 8-13 September 2012, Excursion Guide. Bjerknes Centre for Climate Research, University of Bergen, Bergen, Norway.","Internal report","XXXVI international bog (’moor’) excursion of the Institute of Plant Sciences, University of Bern, southern and south-eastern Norway, 8-13 September 2012, Excursion Guide. Bjerknes Centre for Climate Research, University of Bergen, Bergen, Norway",NA,NA,NA,NA,NA,NA,NA,NA,NA,NA,NA,NA,NA,NA,NA,NA,NA,NA,"RPDv1b:2278",1299,"Bjune, A.E.",1,"Bjune","A.E.",NA,NA,NA,NA,NA,NA,NA,NA,NA,"RPDv1b:2278",1299,"RPDv1b",2278,20563,1147,11.47,"m",NA,"Radiocarbon date","bulk sediment",7825,55,NA,NA,-999999,TRUE,NA,"NA Date is in uncalibrated radiocarbon years.","Svartvatnet core_POLLENSLIDE","counted","NaN-NaN",NA,NA,"",7825,7770,7880,7825,1147,NA,"NA Date is in uncalibrated radiocarbon years.",". Cal curve: NA. Source DB: RPDv1b","Lacustrine","Carbon-14","Radiocarbon",0,10598,"Calibrated radiocarbon years BP","sedimentary charcoal","Data Sourcing: RPDv1b","Sample Age Source: RPDv1b"
"1299",40,"charcoal | num",1125.5,1126,1126.5,1,6374,NA,NA,"RPDv1b","Charcoal (sum)","(additional options)",NA,NA,"False","False","number","Microscopic charcoal (pollen slide)","direct",NA,"CHAR",6,NA,NA,"quant_raw",1,"volume","cm^3","RPDv1b",2278,"charcoal","count","unspec","pollen_slide","particle","num",NA,"no_size","num","RPDv1b","measured",1,"RPDv1b",NA,"Svartvatnet core",63.35138,8.87777,183,"north",NA,NA,"sedlac",1299,1,2012,"Birks, H.H., Birks, H.J.B., Bjune, A.E., Felde, V.A., 2012. Internal report. XXXVI international bog (’moor’) excursion of the Institute of Plant Sciences, University of Bern, southern and south-eastern Norway, 8-13 September 2012, Excursion Guide. Bjerknes Centre for Climate Research, University of Bergen, Bergen, Norway.","Internal report","XXXVI international bog (’moor’) excursion of the Institute of Plant Sciences, University of Bern, southern and south-eastern Norway, 8-13 September 2012, Excursion Guide. Bjerknes Centre for Climate Research, University of Bergen, Bergen, Norway",NA,NA,NA,NA,NA,NA,NA,NA,NA,NA,NA,NA,NA,NA,NA,NA,NA,NA,"RPDv1b:2278",1299,"Bjune, A.E.",1,"Bjune","A.E.",NA,NA,NA,NA,NA,NA,NA,NA,NA,"RPDv1b:2278",1299,"RPDv1b",2278,20563,1147,11.47,"m",NA,"Radiocarbon date","bulk sediment",7825,55,NA,NA,-999999,TRUE,NA,"NA Date is in uncalibrated radiocarbon years.","Svartvatnet core_POLLENSLIDE","counted","NaN-NaN",NA,NA,"",7825,7770,7880,7825,1147,NA,"NA Date is in uncalibrated radiocarbon years.",". Cal curve: NA. Source DB: RPDv1b","Lacustrine","Carbon-14","Radiocarbon",0,10598,"Calibrated radiocarbon years BP","sedimentary charcoal","Data Sourcing: RPDv1b","Sample Age Source: RPDv1b"
"1299",41,"charcoal | num",1129.5,1130,1130.5,1,6651,NA,NA,"RPDv1b","Charcoal (sum)","(additional options)",NA,NA,"False","False","number","Microscopic charcoal (pollen slide)","direct",NA,"CHAR",4,NA,NA,"quant_raw",1,"volume","cm^3","RPDv1b",2278,"charcoal","count","unspec","pollen_slide","particle","num",NA,"no_size","num","RPDv1b","measured",1,"RPDv1b",NA,"Svartvatnet core",63.35138,8.87777,183,"north",NA,NA,"sedlac",1299,1,2012,"Birks, H.H., Birks, H.J.B., Bjune, A.E., Felde, V.A., 2012. Internal report. XXXVI international bog (’moor’) excursion of the Institute of Plant Sciences, University of Bern, southern and south-eastern Norway, 8-13 September 2012, Excursion Guide. Bjerknes Centre for Climate Research, University of Bergen, Bergen, Norway.","Internal report","XXXVI international bog (’moor’) excursion of the Institute of Plant Sciences, University of Bern, southern and south-eastern Norway, 8-13 September 2012, Excursion Guide. Bjerknes Centre for Climate Research, University of Bergen, Bergen, Norway",NA,NA,NA,NA,NA,NA,NA,NA,NA,NA,NA,NA,NA,NA,NA,NA,NA,NA,"RPDv1b:2278",1299,"Bjune, A.E.",1,"Bjune","A.E.",NA,NA,NA,NA,NA,NA,NA,NA,NA,"RPDv1b:2278",1299,"RPDv1b",2278,20563,1147,11.47,"m",NA,"Radiocarbon date","bulk sediment",7825,55,NA,NA,-999999,TRUE,NA,"NA Date is in uncalibrated radiocarbon years.","Svartvatnet core_POLLENSLIDE","counted","NaN-NaN",NA,NA,"",7825,7770,7880,7825,1147,NA,"NA Date is in uncalibrated radiocarbon years.",". Cal curve: NA. Source DB: RPDv1b","Lacustrine","Carbon-14","Radiocarbon",0,10598,"Calibrated radiocarbon years BP","sedimentary charcoal","Data Sourcing: RPDv1b","Sample Age Source: RPDv1b"
"1299",42,"charcoal | num",1133.5,1134,1134.5,1,6927,NA,NA,"RPDv1b","Charcoal (sum)","(additional options)",NA,NA,"False","False","number","Microscopic charcoal (pollen slide)","direct",NA,"CHAR",5,NA,NA,"quant_raw",1,"volume","cm^3","RPDv1b",2278,"charcoal","count","unspec","pollen_slide","particle","num",NA,"no_size","num","RPDv1b","measured",1,"RPDv1b",NA,"Svartvatnet core",63.35138,8.87777,183,"north",NA,NA,"sedlac",1299,1,2012,"Birks, H.H., Birks, H.J.B., Bjune, A.E., Felde, V.A., 2012. Internal report. XXXVI international bog (’moor’) excursion of the Institute of Plant Sciences, University of Bern, southern and south-eastern Norway, 8-13 September 2012, Excursion Guide. Bjerknes Centre for Climate Research, University of Bergen, Bergen, Norway.","Internal report","XXXVI international bog (’moor’) excursion of the Institute of Plant Sciences, University of Bern, southern and south-eastern Norway, 8-13 September 2012, Excursion Guide. Bjerknes Centre for Climate Research, University of Bergen, Bergen, Norway",NA,NA,NA,NA,NA,NA,NA,NA,NA,NA,NA,NA,NA,NA,NA,NA,NA,NA,"RPDv1b:2278",1299,"Bjune, A.E.",1,"Bjune","A.E.",NA,NA,NA,NA,NA,NA,NA,NA,NA,"RPDv1b:2278",1299,"RPDv1b",2278,20564,1158,11.58,"m",NA,"Radiocarbon date","bulk sediment",8645,60,NA,NA,-999999,TRUE,NA,"NA Date is in uncalibrated radiocarbon years.","Svartvatnet core_POLLENSLIDE","counted","NaN-NaN",NA,NA,"",8645,8585,8705,8645,1158,NA,"NA Date is in uncalibrated radiocarbon years.",". Cal curve: NA. Source DB: RPDv1b","Lacustrine","Carbon-14","Radiocarbon",0,10598,"Calibrated radiocarbon years BP","sedimentary charcoal","Data Sourcing: RPDv1b","Sample Age Source: RPDv1b"
"1299",43,"charcoal | num",1137.5,1138,1138.5,1,7203,NA,NA,"RPDv1b","Charcoal (sum)","(additional options)",NA,NA,"False","False","number","Microscopic charcoal (pollen slide)","direct",NA,"CHAR",8,NA,NA,"quant_raw",1,"volume","cm^3","RPDv1b",2278,"charcoal","count","unspec","pollen_slide","particle","num",NA,"no_size","num","RPDv1b","measured",1,"RPDv1b",NA,"Svartvatnet core",63.35138,8.87777,183,"north",NA,NA,"sedlac",1299,1,2012,"Birks, H.H., Birks, H.J.B., Bjune, A.E., Felde, V.A., 2012. Internal report. XXXVI international bog (’moor’) excursion of the Institute of Plant Sciences, University of Bern, southern and south-eastern Norway, 8-13 September 2012, Excursion Guide. Bjerknes Centre for Climate Research, University of Bergen, Bergen, Norway.","Internal report","XXXVI international bog (’moor’) excursion of the Institute of Plant Sciences, University of Bern, southern and south-eastern Norway, 8-13 September 2012, Excursion Guide. Bjerknes Centre for Climate Research, University of Bergen, Bergen, Norway",NA,NA,NA,NA,NA,NA,NA,NA,NA,NA,NA,NA,NA,NA,NA,NA,NA,NA,"RPDv1b:2278",1299,"Bjune, A.E.",1,"Bjune","A.E.",NA,NA,NA,NA,NA,NA,NA,NA,NA,"RPDv1b:2278",1299,"RPDv1b",2278,20564,1158,11.58,"m",NA,"Radiocarbon date","bulk sediment",8645,60,NA,NA,-999999,TRUE,NA,"NA Date is in uncalibrated radiocarbon years.","Svartvatnet core_POLLENSLIDE","counted","NaN-NaN",NA,NA,"",8645,8585,8705,8645,1158,NA,"NA Date is in uncalibrated radiocarbon years.",". Cal curve: NA. Source DB: RPDv1b","Lacustrine","Carbon-14","Radiocarbon",0,10598,"Calibrated radiocarbon years BP","sedimentary charcoal","Data Sourcing: RPDv1b","Sample Age Source: RPDv1b"
"1299",44,"charcoal | num",1139.5,1140,1140.5,1,7341,NA,NA,"RPDv1b","Charcoal (sum)","(additional options)",NA,NA,"False","False","number","Microscopic charcoal (pollen slide)","direct",NA,"CHAR",18,NA,NA,"quant_raw",1,"volume","cm^3","RPDv1b",2278,"charcoal","count","unspec","pollen_slide","particle","num",NA,"no_size","num","RPDv1b","measured",1,"RPDv1b",NA,"Svartvatnet core",63.35138,8.87777,183,"north",NA,NA,"sedlac",1299,1,2012,"Birks, H.H., Birks, H.J.B., Bjune, A.E., Felde, V.A., 2012. Internal report. XXXVI international bog (’moor’) excursion of the Institute of Plant Sciences, University of Bern, southern and south-eastern Norway, 8-13 September 2012, Excursion Guide. Bjerknes Centre for Climate Research, University of Bergen, Bergen, Norway.","Internal report","XXXVI international bog (’moor’) excursion of the Institute of Plant Sciences, University of Bern, southern and south-eastern Norway, 8-13 September 2012, Excursion Guide. Bjerknes Centre for Climate Research, University of Bergen, Bergen, Norway",NA,NA,NA,NA,NA,NA,NA,NA,NA,NA,NA,NA,NA,NA,NA,NA,NA,NA,"RPDv1b:2278",1299,"Bjune, A.E.",1,"Bjune","A.E.",NA,NA,NA,NA,NA,NA,NA,NA,NA,"RPDv1b:2278",1299,"RPDv1b",2278,20564,1158,11.58,"m",NA,"Radiocarbon date","bulk sediment",8645,60,NA,NA,-999999,TRUE,NA,"NA Date is in uncalibrated radiocarbon years.","Svartvatnet core_POLLENSLIDE","counted","NaN-NaN",NA,NA,"",8645,8585,8705,8645,1158,NA,"NA Date is in uncalibrated radiocarbon years.",". Cal curve: NA. Source DB: RPDv1b","Lacustrine","Carbon-14","Radiocarbon",0,10598,"Calibrated radiocarbon years BP","sedimentary charcoal","Data Sourcing: RPDv1b","Sample Age Source: RPDv1b"
"1299",45,"charcoal | num",1141.5,1142,1142.5,1,7480,NA,NA,"RPDv1b","Charcoal (sum)","(additional options)",NA,NA,"False","False","number","Microscopic charcoal (pollen slide)","direct",NA,"CHAR",8,NA,NA,"quant_raw",1,"volume","cm^3","RPDv1b",2278,"charcoal","count","unspec","pollen_slide","particle","num",NA,"no_size","num","RPDv1b","measured",1,"RPDv1b",NA,"Svartvatnet core",63.35138,8.87777,183,"north",NA,NA,"sedlac",1299,1,2012,"Birks, H.H., Birks, H.J.B., Bjune, A.E., Felde, V.A., 2012. Internal report. XXXVI international bog (’moor’) excursion of the Institute of Plant Sciences, University of Bern, southern and south-eastern Norway, 8-13 September 2012, Excursion Guide. Bjerknes Centre for Climate Research, University of Bergen, Bergen, Norway.","Internal report","XXXVI international bog (’moor’) excursion of the Institute of Plant Sciences, University of Bern, southern and south-eastern Norway, 8-13 September 2012, Excursion Guide. Bjerknes Centre for Climate Research, University of Bergen, Bergen, Norway",NA,NA,NA,NA,NA,NA,NA,NA,NA,NA,NA,NA,NA,NA,NA,NA,NA,NA,"RPDv1b:2278",1299,"Bjune, A.E.",1,"Bjune","A.E.",NA,NA,NA,NA,NA,NA,NA,NA,NA,"RPDv1b:2278",1299,"RPDv1b",2278,20564,1158,11.58,"m",NA,"Radiocarbon date","bulk sediment",8645,60,NA,NA,-999999,TRUE,NA,"NA Date is in uncalibrated radiocarbon years.","Svartvatnet core_POLLENSLIDE","counted","NaN-NaN",NA,NA,"",8645,8585,8705,8645,1158,NA,"NA Date is in uncalibrated radiocarbon years.",". Cal curve: NA. Source DB: RPDv1b","Lacustrine","Carbon-14","Radiocarbon",0,10598,"Calibrated radiocarbon years BP","sedimentary charcoal","Data Sourcing: RPDv1b","Sample Age Source: RPDv1b"
"1299",46,"charcoal | num",1143.5,1144,1144.5,1,7618,NA,NA,"RPDv1b","Charcoal (sum)","(additional options)",NA,NA,"False","False","number","Microscopic charcoal (pollen slide)","direct",NA,"CHAR",15,NA,NA,"quant_raw",1,"volume","cm^3","RPDv1b",2278,"charcoal","count","unspec","pollen_slide","particle","num",NA,"no_size","num","RPDv1b","measured",1,"RPDv1b",NA,"Svartvatnet core",63.35138,8.87777,183,"north",NA,NA,"sedlac",1299,1,2012,"Birks, H.H., Birks, H.J.B., Bjune, A.E., Felde, V.A., 2012. Internal report. XXXVI international bog (’moor’) excursion of the Institute of Plant Sciences, University of Bern, southern and south-eastern Norway, 8-13 September 2012, Excursion Guide. Bjerknes Centre for Climate Research, University of Bergen, Bergen, Norway.","Internal report","XXXVI international bog (’moor’) excursion of the Institute of Plant Sciences, University of Bern, southern and south-eastern Norway, 8-13 September 2012, Excursion Guide. Bjerknes Centre for Climate Research, University of Bergen, Bergen, Norway",NA,NA,NA,NA,NA,NA,NA,NA,NA,NA,NA,NA,NA,NA,NA,NA,NA,NA,"RPDv1b:2278",1299,"Bjune, A.E.",1,"Bjune","A.E.",NA,NA,NA,NA,NA,NA,NA,NA,NA,"RPDv1b:2278",1299,"RPDv1b",2278,20564,1158,11.58,"m",NA,"Radiocarbon date","bulk sediment",8645,60,NA,NA,-999999,TRUE,NA,"NA Date is in uncalibrated radiocarbon years.","Svartvatnet core_POLLENSLIDE","counted","NaN-NaN",NA,NA,"",8645,8585,8705,8645,1158,NA,"NA Date is in uncalibrated radiocarbon years.",". Cal curve: NA. Source DB: RPDv1b","Lacustrine","Carbon-14","Radiocarbon",0,10598,"Calibrated radiocarbon years BP","sedimentary charcoal","Data Sourcing: RPDv1b","Sample Age Source: RPDv1b"
"1299",47,"charcoal | num",1145.5,1146,1146.5,1,7756,NA,NA,"RPDv1b","Charcoal (sum)","(additional options)",NA,NA,"False","False","number","Microscopic charcoal (pollen slide)","direct",NA,"CHAR",14,NA,NA,"quant_raw",1,"volume","cm^3","RPDv1b",2278,"charcoal","count","unspec","pollen_slide","particle","num",NA,"no_size","num","RPDv1b","measured",1,"RPDv1b",NA,"Svartvatnet core",63.35138,8.87777,183,"north",NA,NA,"sedlac",1299,1,2012,"Birks, H.H., Birks, H.J.B., Bjune, A.E., Felde, V.A., 2012. Internal report. XXXVI international bog (’moor’) excursion of the Institute of Plant Sciences, University of Bern, southern and south-eastern Norway, 8-13 September 2012, Excursion Guide. Bjerknes Centre for Climate Research, University of Bergen, Bergen, Norway.","Internal report","XXXVI international bog (’moor’) excursion of the Institute of Plant Sciences, University of Bern, southern and south-eastern Norway, 8-13 September 2012, Excursion Guide. Bjerknes Centre for Climate Research, University of Bergen, Bergen, Norway",NA,NA,NA,NA,NA,NA,NA,NA,NA,NA,NA,NA,NA,NA,NA,NA,NA,NA,"RPDv1b:2278",1299,"Bjune, A.E.",1,"Bjune","A.E.",NA,NA,NA,NA,NA,NA,NA,NA,NA,"RPDv1b:2278",1299,"RPDv1b",2278,20564,1158,11.58,"m",NA,"Radiocarbon date","bulk sediment",8645,60,NA,NA,-999999,TRUE,NA,"NA Date is in uncalibrated radiocarbon years.","Svartvatnet core_POLLENSLIDE","counted","NaN-NaN",NA,NA,"",8645,8585,8705,8645,1158,NA,"NA Date is in uncalibrated radiocarbon years.",". Cal curve: NA. Source DB: RPDv1b","Lacustrine","Carbon-14","Radiocarbon",0,10598,"Calibrated radiocarbon years BP","sedimentary charcoal","Data Sourcing: RPDv1b","Sample Age Source: RPDv1b"
"1299",48,"charcoal | num",1147.5,1148,1148.5,1,7900,NA,NA,"RPDv1b","Charcoal (sum)","(additional options)",NA,NA,"False","False","number","Microscopic charcoal (pollen slide)","direct",NA,"CHAR",76,NA,NA,"quant_raw",1,"volume","cm^3","RPDv1b",2278,"charcoal","count","unspec","pollen_slide","particle","num",NA,"no_size","num","RPDv1b","measured",1,"RPDv1b",NA,"Svartvatnet core",63.35138,8.87777,183,"north",NA,NA,"sedlac",1299,1,2012,"Birks, H.H., Birks, H.J.B., Bjune, A.E., Felde, V.A., 2012. Internal report. XXXVI international bog (’moor’) excursion of the Institute of Plant Sciences, University of Bern, southern and south-eastern Norway, 8-13 September 2012, Excursion Guide. Bjerknes Centre for Climate Research, University of Bergen, Bergen, Norway.","Internal report","XXXVI international bog (’moor’) excursion of the Institute of Plant Sciences, University of Bern, southern and south-eastern Norway, 8-13 September 2012, Excursion Guide. Bjerknes Centre for Climate Research, University of Bergen, Bergen, Norway",NA,NA,NA,NA,NA,NA,NA,NA,NA,NA,NA,NA,NA,NA,NA,NA,NA,NA,"RPDv1b:2278",1299,"Felde, V.A.",1,"Felde","V.A.",NA,NA,NA,NA,NA,NA,NA,NA,NA,"RPDv1b:2278",1299,"RPDv1b",2278,20565,1168,11.68,"m",NA,"Radiocarbon date","bulk sediment",9190,60,NA,NA,-999999,TRUE,NA,"NA Date is in uncalibrated radiocarbon years.","Svartvatnet core_POLLENSLIDE","counted","NaN-NaN",NA,NA,"",9190,9130,9250,9190,1168,NA,"NA Date is in uncalibrated radiocarbon years.",". Cal curve: NA. Source DB: RPDv1b","Lacustrine","Carbon-14","Radiocarbon",0,10598,"Calibrated radiocarbon years BP","sedimentary charcoal","Data Sourcing: RPDv1b","Sample Age Source: RPDv1b"
"1299",49,"charcoal | num",1149.5,1150,1150.5,1,8049,NA,NA,"RPDv1b","Charcoal (sum)","(additional options)",NA,NA,"False","False","number","Microscopic charcoal (pollen slide)","direct",NA,"CHAR",9,NA,NA,"quant_raw",1,"volume","cm^3","RPDv1b",2278,"charcoal","count","unspec","pollen_slide","particle","num",NA,"no_size","num","RPDv1b","measured",1,"RPDv1b",NA,"Svartvatnet core",63.35138,8.87777,183,"north",NA,NA,"sedlac",1299,1,2012,"Birks, H.H., Birks, H.J.B., Bjune, A.E., Felde, V.A., 2012. Internal report. XXXVI international bog (’moor’) excursion of the Institute of Plant Sciences, University of Bern, southern and south-eastern Norway, 8-13 September 2012, Excursion Guide. Bjerknes Centre for Climate Research, University of Bergen, Bergen, Norway.","Internal report","XXXVI international bog (’moor’) excursion of the Institute of Plant Sciences, University of Bern, southern and south-eastern Norway, 8-13 September 2012, Excursion Guide. Bjerknes Centre for Climate Research, University of Bergen, Bergen, Norway",NA,NA,NA,NA,NA,NA,NA,NA,NA,NA,NA,NA,NA,NA,NA,NA,NA,NA,"RPDv1b:2278",1299,"Felde, V.A.",1,"Felde","V.A.",NA,NA,NA,NA,NA,NA,NA,NA,NA,"RPDv1b:2278",1299,"RPDv1b",2278,20565,1168,11.68,"m",NA,"Radiocarbon date","bulk sediment",9190,60,NA,NA,-999999,TRUE,NA,"NA Date is in uncalibrated radiocarbon years.","Svartvatnet core_POLLENSLIDE","counted","NaN-NaN",NA,NA,"",9190,9130,9250,9190,1168,NA,"NA Date is in uncalibrated radiocarbon years.",". Cal curve: NA. Source DB: RPDv1b","Lacustrine","Carbon-14","Radiocarbon",0,10598,"Calibrated radiocarbon years BP","sedimentary charcoal","Data Sourcing: RPDv1b","Sample Age Source: RPDv1b"
"1299",50,"charcoal | num",1151.5,1152,1152.5,1,8198,NA,NA,"RPDv1b","Charcoal (sum)","(additional options)",NA,NA,"False","False","number","Microscopic charcoal (pollen slide)","direct",NA,"CHAR",5,NA,NA,"quant_raw",1,"volume","cm^3","RPDv1b",2278,"charcoal","count","unspec","pollen_slide","particle","num",NA,"no_size","num","RPDv1b","measured",1,"RPDv1b",NA,"Svartvatnet core",63.35138,8.87777,183,"north",NA,NA,"sedlac",1299,1,2012,"Birks, H.H., Birks, H.J.B., Bjune, A.E., Felde, V.A., 2012. Internal report. XXXVI international bog (’moor’) excursion of the Institute of Plant Sciences, University of Bern, southern and south-eastern Norway, 8-13 September 2012, Excursion Guide. Bjerknes Centre for Climate Research, University of Bergen, Bergen, Norway.","Internal report","XXXVI international bog (’moor’) excursion of the Institute of Plant Sciences, University of Bern, southern and south-eastern Norway, 8-13 September 2012, Excursion Guide. Bjerknes Centre for Climate Research, University of Bergen, Bergen, Norway",NA,NA,NA,NA,NA,NA,NA,NA,NA,NA,NA,NA,NA,NA,NA,NA,NA,NA,"RPDv1b:2278",1299,"Felde, V.A.",1,"Felde","V.A.",NA,NA,NA,NA,NA,NA,NA,NA,NA,"RPDv1b:2278",1299,"RPDv1b",2278,20565,1168,11.68,"m",NA,"Radiocarbon date","bulk sediment",9190,60,NA,NA,-999999,TRUE,NA,"NA Date is in uncalibrated radiocarbon years.","Svartvatnet core_POLLENSLIDE","counted","NaN-NaN",NA,NA,"",9190,9130,9250,9190,1168,NA,"NA Date is in uncalibrated radiocarbon years.",". Cal curve: NA. Source DB: RPDv1b","Lacustrine","Carbon-14","Radiocarbon",0,10598,"Calibrated radiocarbon years BP","sedimentary charcoal","Data Sourcing: RPDv1b","Sample Age Source: RPDv1b"
"1299",51,"charcoal | num",1153.5,1154,1154.5,1,8347,NA,NA,"RPDv1b","Charcoal (sum)","(additional options)",NA,NA,"False","False","number","Microscopic charcoal (pollen slide)","direct",NA,"CHAR",30,NA,NA,"quant_raw",1,"volume","cm^3","RPDv1b",2278,"charcoal","count","unspec","pollen_slide","particle","num",NA,"no_size","num","RPDv1b","measured",1,"RPDv1b",NA,"Svartvatnet core",63.35138,8.87777,183,"north",NA,NA,"sedlac",1299,1,2012,"Birks, H.H., Birks, H.J.B., Bjune, A.E., Felde, V.A., 2012. Internal report. XXXVI international bog (’moor’) excursion of the Institute of Plant Sciences, University of Bern, southern and south-eastern Norway, 8-13 September 2012, Excursion Guide. Bjerknes Centre for Climate Research, University of Bergen, Bergen, Norway.","Internal report","XXXVI international bog (’moor’) excursion of the Institute of Plant Sciences, University of Bern, southern and south-eastern Norway, 8-13 September 2012, Excursion Guide. Bjerknes Centre for Climate Research, University of Bergen, Bergen, Norway",NA,NA,NA,NA,NA,NA,NA,NA,NA,NA,NA,NA,NA,NA,NA,NA,NA,NA,"RPDv1b:2278",1299,"Felde, V.A.",1,"Felde","V.A.",NA,NA,NA,NA,NA,NA,NA,NA,NA,"RPDv1b:2278",1299,"RPDv1b",2278,20565,1168,11.68,"m",NA,"Radiocarbon date","bulk sediment",9190,60,NA,NA,-999999,TRUE,NA,"NA Date is in uncalibrated radiocarbon years.","Svartvatnet core_POLLENSLIDE","counted","NaN-NaN",NA,NA,"",9190,9130,9250,9190,1168,NA,"NA Date is in uncalibrated radiocarbon years.",". Cal curve: NA. Source DB: RPDv1b","Lacustrine","Carbon-14","Radiocarbon",0,10598,"Calibrated radiocarbon years BP","sedimentary charcoal","Data Sourcing: RPDv1b","Sample Age Source: RPDv1b"
"1299",52,"charcoal | num",1155.5,1156,1156.5,1,8496,NA,NA,"RPDv1b","Charcoal (sum)","(additional options)",NA,NA,"False","False","number","Microscopic charcoal (pollen slide)","direct",NA,"CHAR",4,NA,NA,"quant_raw",1,"volume","cm^3","RPDv1b",2278,"charcoal","count","unspec","pollen_slide","particle","num",NA,"no_size","num","RPDv1b","measured",1,"RPDv1b",NA,"Svartvatnet core",63.35138,8.87777,183,"north",NA,NA,"sedlac",1299,1,2012,"Birks, H.H., Birks, H.J.B., Bjune, A.E., Felde, V.A., 2012. Internal report. XXXVI international bog (’moor’) excursion of the Institute of Plant Sciences, University of Bern, southern and south-eastern Norway, 8-13 September 2012, Excursion Guide. Bjerknes Centre for Climate Research, University of Bergen, Bergen, Norway.","Internal report","XXXVI international bog (’moor’) excursion of the Institute of Plant Sciences, University of Bern, southern and south-eastern Norway, 8-13 September 2012, Excursion Guide. Bjerknes Centre for Climate Research, University of Bergen, Bergen, Norway",NA,NA,NA,NA,NA,NA,NA,NA,NA,NA,NA,NA,NA,NA,NA,NA,NA,NA,"RPDv1b:2278",1299,"Felde, V.A.",1,"Felde","V.A.",NA,NA,NA,NA,NA,NA,NA,NA,NA,"RPDv1b:2278",1299,"RPDv1b",2278,20565,1168,11.68,"m",NA,"Radiocarbon date","bulk sediment",9190,60,NA,NA,-999999,TRUE,NA,"NA Date is in uncalibrated radiocarbon years.","Svartvatnet core_POLLENSLIDE","counted","NaN-NaN",NA,NA,"",9190,9130,9250,9190,1168,NA,"NA Date is in uncalibrated radiocarbon years.",". Cal curve: NA. Source DB: RPDv1b","Lacustrine","Carbon-14","Radiocarbon",0,10598,"Calibrated radiocarbon years BP","sedimentary charcoal","Data Sourcing: RPDv1b","Sample Age Source: RPDv1b"
"1299",53,"charcoal | num",1157.5,1158,1158.5,1,8645,NA,NA,"RPDv1b","Charcoal (sum)","(additional options)",NA,NA,"False","False","number","Microscopic charcoal (pollen slide)","direct",NA,"CHAR",5,NA,NA,"quant_raw",1,"volume","cm^3","RPDv1b",2278,"charcoal","count","unspec","pollen_slide","particle","num",NA,"no_size","num","RPDv1b","measured",1,"RPDv1b",NA,"Svartvatnet core",63.35138,8.87777,183,"north",NA,NA,"sedlac",1299,1,2012,"Birks, H.H., Birks, H.J.B., Bjune, A.E., Felde, V.A., 2012. Internal report. XXXVI international bog (’moor’) excursion of the Institute of Plant Sciences, University of Bern, southern and south-eastern Norway, 8-13 September 2012, Excursion Guide. Bjerknes Centre for Climate Research, University of Bergen, Bergen, Norway.","Internal report","XXXVI international bog (’moor’) excursion of the Institute of Plant Sciences, University of Bern, southern and south-eastern Norway, 8-13 September 2012, Excursion Guide. Bjerknes Centre for Climate Research, University of Bergen, Bergen, Norway",NA,NA,NA,NA,NA,NA,NA,NA,NA,NA,NA,NA,NA,NA,NA,NA,NA,NA,"RPDv1b:2278",1299,"Felde, V.A.",1,"Felde","V.A.",NA,NA,NA,NA,NA,NA,NA,NA,NA,"RPDv1b:2278",1299,"RPDv1b",2278,20565,1168,11.68,"m",NA,"Radiocarbon date","bulk sediment",9190,60,NA,NA,-999999,TRUE,NA,"NA Date is in uncalibrated radiocarbon years.","Svartvatnet core_POLLENSLIDE","counted","NaN-NaN",NA,NA,"",9190,9130,9250,9190,1168,NA,"NA Date is in uncalibrated radiocarbon years.",". Cal curve: NA. Source DB: RPDv1b","Lacustrine","Carbon-14","Radiocarbon",0,10598,"Calibrated radiocarbon years BP","sedimentary charcoal","Data Sourcing: RPDv1b","Sample Age Source: RPDv1b"
"1299",54,"charcoal | num",1159.5,1160,1160.5,1,8754,NA,NA,"RPDv1b","Charcoal (sum)","(additional options)",NA,NA,"False","False","number","Microscopic charcoal (pollen slide)","direct",NA,"CHAR",7,NA,NA,"quant_raw",1,"volume","cm^3","RPDv1b",2278,"charcoal","count","unspec","pollen_slide","particle","num",NA,"no_size","num","RPDv1b","measured",1,"RPDv1b",NA,"Svartvatnet core",63.35138,8.87777,183,"north",NA,NA,"sedlac",1299,1,2012,"Birks, H.H., Birks, H.J.B., Bjune, A.E., Felde, V.A., 2012. Internal report. XXXVI international bog (’moor’) excursion of the Institute of Plant Sciences, University of Bern, southern and south-eastern Norway, 8-13 September 2012, Excursion Guide. Bjerknes Centre for Climate Research, University of Bergen, Bergen, Norway.","Internal report","XXXVI international bog (’moor’) excursion of the Institute of Plant Sciences, University of Bern, southern and south-eastern Norway, 8-13 September 2012, Excursion Guide. Bjerknes Centre for Climate Research, University of Bergen, Bergen, Norway",NA,NA,NA,NA,NA,NA,NA,NA,NA,NA,NA,NA,NA,NA,NA,NA,NA,NA,"RPDv1b:2278",1299,"Felde, V.A.",1,"Felde","V.A.",NA,NA,NA,NA,NA,NA,NA,NA,NA,"RPDv1b:2278",1299,"RPDv1b",2278,20566,1175,11.75,"m",NA,"Radiocarbon date","bulk sediment",9725,65,NA,NA,-999999,TRUE,NA,"NA Date is in uncalibrated radiocarbon years.","Svartvatnet core_POLLENSLIDE","counted","NaN-NaN",NA,NA,"",9725,9660,9790,9725,1175,NA,"NA Date is in uncalibrated radiocarbon years.",". Cal curve: NA. Source DB: RPDv1b","Lacustrine","Carbon-14","Radiocarbon",0,10598,"Calibrated radiocarbon years BP","sedimentary charcoal","Data Sourcing: RPDv1b","Sample Age Source: RPDv1b"
"1299",55,"charcoal | num",1161.5,1162,1162.5,1,8863,NA,NA,"RPDv1b","Charcoal (sum)","(additional options)",NA,NA,"False","False","number","Microscopic charcoal (pollen slide)","direct",NA,"CHAR",7,NA,NA,"quant_raw",1,"volume","cm^3","RPDv1b",2278,"charcoal","count","unspec","pollen_slide","particle","num",NA,"no_size","num","RPDv1b","measured",1,"RPDv1b",NA,"Svartvatnet core",63.35138,8.87777,183,"north",NA,NA,"sedlac",1299,1,2012,"Birks, H.H., Birks, H.J.B., Bjune, A.E., Felde, V.A., 2012. Internal report. XXXVI international bog (’moor’) excursion of the Institute of Plant Sciences, University of Bern, southern and south-eastern Norway, 8-13 September 2012, Excursion Guide. Bjerknes Centre for Climate Research, University of Bergen, Bergen, Norway.","Internal report","XXXVI international bog (’moor’) excursion of the Institute of Plant Sciences, University of Bern, southern and south-eastern Norway, 8-13 September 2012, Excursion Guide. Bjerknes Centre for Climate Research, University of Bergen, Bergen, Norway",NA,NA,NA,NA,NA,NA,NA,NA,NA,NA,NA,NA,NA,NA,NA,NA,NA,NA,"RPDv1b:2278",1299,"Felde, V.A.",1,"Felde","V.A.",NA,NA,NA,NA,NA,NA,NA,NA,NA,"RPDv1b:2278",1299,"RPDv1b",2278,20566,1175,11.75,"m",NA,"Radiocarbon date","bulk sediment",9725,65,NA,NA,-999999,TRUE,NA,"NA Date is in uncalibrated radiocarbon years.","Svartvatnet core_POLLENSLIDE","counted","NaN-NaN",NA,NA,"",9725,9660,9790,9725,1175,NA,"NA Date is in uncalibrated radiocarbon years.",". Cal curve: NA. Source DB: RPDv1b","Lacustrine","Carbon-14","Radiocarbon",0,10598,"Calibrated radiocarbon years BP","sedimentary charcoal","Data Sourcing: RPDv1b","Sample Age Source: RPDv1b"
"1299",56,"charcoal | num",1163.5,1164,1164.5,1,8972,NA,NA,"RPDv1b","Charcoal (sum)","(additional options)",NA,NA,"False","False","number","Microscopic charcoal (pollen slide)","direct",NA,"CHAR",18,NA,NA,"quant_raw",1,"volume","cm^3","RPDv1b",2278,"charcoal","count","unspec","pollen_slide","particle","num",NA,"no_size","num","RPDv1b","measured",1,"RPDv1b",NA,"Svartvatnet core",63.35138,8.87777,183,"north",NA,NA,"sedlac",1299,1,2012,"Birks, H.H., Birks, H.J.B., Bjune, A.E., Felde, V.A., 2012. Internal report. XXXVI international bog (’moor’) excursion of the Institute of Plant Sciences, University of Bern, southern and south-eastern Norway, 8-13 September 2012, Excursion Guide. Bjerknes Centre for Climate Research, University of Bergen, Bergen, Norway.","Internal report","XXXVI international bog (’moor’) excursion of the Institute of Plant Sciences, University of Bern, southern and south-eastern Norway, 8-13 September 2012, Excursion Guide. Bjerknes Centre for Climate Research, University of Bergen, Bergen, Norway",NA,NA,NA,NA,NA,NA,NA,NA,NA,NA,NA,NA,NA,NA,NA,NA,NA,NA,"RPDv1b:2278",1299,"Felde, V.A.",1,"Felde","V.A.",NA,NA,NA,NA,NA,NA,NA,NA,NA,"RPDv1b:2278",1299,"RPDv1b",2278,20566,1175,11.75,"m",NA,"Radiocarbon date","bulk sediment",9725,65,NA,NA,-999999,TRUE,NA,"NA Date is in uncalibrated radiocarbon years.","Svartvatnet core_POLLENSLIDE","counted","NaN-NaN",NA,NA,"",9725,9660,9790,9725,1175,NA,"NA Date is in uncalibrated radiocarbon years.",". Cal curve: NA. Source DB: RPDv1b","Lacustrine","Carbon-14","Radiocarbon",0,10598,"Calibrated radiocarbon years BP","sedimentary charcoal","Data Sourcing: RPDv1b","Sample Age Source: RPDv1b"
"1299",57,"charcoal | num",1165.5,1166,1166.5,1,9081,NA,NA,"RPDv1b","Charcoal (sum)","(additional options)",NA,NA,"False","False","number","Microscopic charcoal (pollen slide)","direct",NA,"CHAR",8,NA,NA,"quant_raw",1,"volume","cm^3","RPDv1b",2278,"charcoal","count","unspec","pollen_slide","particle","num",NA,"no_size","num","RPDv1b","measured",1,"RPDv1b",NA,"Svartvatnet core",63.35138,8.87777,183,"north",NA,NA,"sedlac",1299,1,2012,"Birks, H.H., Birks, H.J.B., Bjune, A.E., Felde, V.A., 2012. Internal report. XXXVI international bog (’moor’) excursion of the Institute of Plant Sciences, University of Bern, southern and south-eastern Norway, 8-13 September 2012, Excursion Guide. Bjerknes Centre for Climate Research, University of Bergen, Bergen, Norway.","Internal report","XXXVI international bog (’moor’) excursion of the Institute of Plant Sciences, University of Bern, southern and south-eastern Norway, 8-13 September 2012, Excursion Guide. Bjerknes Centre for Climate Research, University of Bergen, Bergen, Norway",NA,NA,NA,NA,NA,NA,NA,NA,NA,NA,NA,NA,NA,NA,NA,NA,NA,NA,"RPDv1b:2278",1299,"Felde, V.A.",1,"Felde","V.A.",NA,NA,NA,NA,NA,NA,NA,NA,NA,"RPDv1b:2278",1299,"RPDv1b",2278,20566,1175,11.75,"m",NA,"Radiocarbon date","bulk sediment",9725,65,NA,NA,-999999,TRUE,NA,"NA Date is in uncalibrated radiocarbon years.","Svartvatnet core_POLLENSLIDE","counted","NaN-NaN",NA,NA,"",9725,9660,9790,9725,1175,NA,"NA Date is in uncalibrated radiocarbon years.",". Cal curve: NA. Source DB: RPDv1b","Lacustrine","Carbon-14","Radiocarbon",0,10598,"Calibrated radiocarbon years BP","sedimentary charcoal","Data Sourcing: RPDv1b","Sample Age Source: RPDv1b"
"1299",58,"charcoal | num",1167.5,1168,1168.5,1,9190,NA,NA,"RPDv1b","Charcoal (sum)","(additional options)",NA,NA,"False","False","number","Microscopic charcoal (pollen slide)","direct",NA,"CHAR",5,NA,NA,"quant_raw",1,"volume","cm^3","RPDv1b",2278,"charcoal","count","unspec","pollen_slide","particle","num",NA,"no_size","num","RPDv1b","measured",1,"RPDv1b",NA,"Svartvatnet core",63.35138,8.87777,183,"north",NA,NA,"sedlac",1299,1,2012,"Birks, H.H., Birks, H.J.B., Bjune, A.E., Felde, V.A., 2012. Internal report. XXXVI international bog (’moor’) excursion of the Institute of Plant Sciences, University of Bern, southern and south-eastern Norway, 8-13 September 2012, Excursion Guide. Bjerknes Centre for Climate Research, University of Bergen, Bergen, Norway.","Internal report","XXXVI international bog (’moor’) excursion of the Institute of Plant Sciences, University of Bern, southern and south-eastern Norway, 8-13 September 2012, Excursion Guide. Bjerknes Centre for Climate Research, University of Bergen, Bergen, Norway",NA,NA,NA,NA,NA,NA,NA,NA,NA,NA,NA,NA,NA,NA,NA,NA,NA,NA,"RPDv1b:2278",1299,"Felde, V.A.",1,"Felde","V.A.",NA,NA,NA,NA,NA,NA,NA,NA,NA,"RPDv1b:2278",1299,"RPDv1b",2278,20566,1175,11.75,"m",NA,"Radiocarbon date","bulk sediment",9725,65,NA,NA,-999999,TRUE,NA,"NA Date is in uncalibrated radiocarbon years.","Svartvatnet core_POLLENSLIDE","counted","NaN-NaN",NA,NA,"",9725,9660,9790,9725,1175,NA,"NA Date is in uncalibrated radiocarbon years.",". Cal curve: NA. Source DB: RPDv1b","Lacustrine","Carbon-14","Radiocarbon",0,10598,"Calibrated radiocarbon years BP","sedimentary charcoal","Data Sourcing: RPDv1b","Sample Age Source: RPDv1b"
"1299",59,"charcoal | num",1169.5,1170,1170.5,1,9343,NA,NA,"RPDv1b","Charcoal (sum)","(additional options)",NA,NA,"False","False","number","Microscopic charcoal (pollen slide)","direct",NA,"CHAR",3,NA,NA,"quant_raw",1,"volume","cm^3","RPDv1b",2278,"charcoal","count","unspec","pollen_slide","particle","num",NA,"no_size","num","RPDv1b","measured",1,"RPDv1b",NA,"Svartvatnet core",63.35138,8.87777,183,"north",NA,NA,"sedlac",1299,1,2012,"Birks, H.H., Birks, H.J.B., Bjune, A.E., Felde, V.A., 2012. Internal report. XXXVI international bog (’moor’) excursion of the Institute of Plant Sciences, University of Bern, southern and south-eastern Norway, 8-13 September 2012, Excursion Guide. Bjerknes Centre for Climate Research, University of Bergen, Bergen, Norway.","Internal report","XXXVI international bog (’moor’) excursion of the Institute of Plant Sciences, University of Bern, southern and south-eastern Norway, 8-13 September 2012, Excursion Guide. Bjerknes Centre for Climate Research, University of Bergen, Bergen, Norway",NA,NA,NA,NA,NA,NA,NA,NA,NA,NA,NA,NA,NA,NA,NA,NA,NA,NA,"RPDv1b:2278",1299,"Felde, V.A.",1,"Felde","V.A.",NA,NA,NA,NA,NA,NA,NA,NA,NA,"RPDv1b:2278",1299,"RPDv1b",2278,20566,1175,11.75,"m",NA,"Radiocarbon date","bulk sediment",9725,65,NA,NA,-999999,TRUE,NA,"NA Date is in uncalibrated radiocarbon years.","Svartvatnet core_POLLENSLIDE","counted","NaN-NaN",NA,NA,"",9725,9660,9790,9725,1175,NA,"NA Date is in uncalibrated radiocarbon years.",". Cal curve: NA. Source DB: RPDv1b","Lacustrine","Carbon-14","Radiocarbon",0,10598,"Calibrated radiocarbon years BP","sedimentary charcoal","Data Sourcing: RPDv1b","Sample Age Source: RPDv1b"
"1299",60,"charcoal | num",1171.5,1172,1172.5,1,9496,NA,NA,"RPDv1b","Charcoal (sum)","(additional options)",NA,NA,"False","False","number","Microscopic charcoal (pollen slide)","direct",NA,"CHAR",12,NA,NA,"quant_raw",1,"volume","cm^3","RPDv1b",2278,"charcoal","count","unspec","pollen_slide","particle","num",NA,"no_size","num","RPDv1b","measured",1,"RPDv1b",NA,"Svartvatnet core",63.35138,8.87777,183,"north",NA,NA,"sedlac",1299,1,2012,"Birks, H.H., Birks, H.J.B., Bjune, A.E., Felde, V.A., 2012. Internal report. XXXVI international bog (’moor’) excursion of the Institute of Plant Sciences, University of Bern, southern and south-eastern Norway, 8-13 September 2012, Excursion Guide. Bjerknes Centre for Climate Research, University of Bergen, Bergen, Norway.","Internal report","XXXVI international bog (’moor’) excursion of the Institute of Plant Sciences, University of Bern, southern and south-eastern Norway, 8-13 September 2012, Excursion Guide. Bjerknes Centre for Climate Research, University of Bergen, Bergen, Norway",NA,NA,NA,NA,NA,NA,NA,NA,NA,NA,NA,NA,NA,NA,NA,NA,NA,NA,"RPDv1b:2278",1299,"Felde, V.A.",1,"Felde","V.A.",NA,NA,NA,NA,NA,NA,NA,NA,NA,"RPDv1b:2278",1299,"RPDv1b",2278,20567,1185,11.85,"m",NA,"Radiocarbon date","bulk sediment",10695,65,NA,NA,-999999,TRUE,NA,"NA Date is in uncalibrated radiocarbon years.","Svartvatnet core_POLLENSLIDE","counted","NaN-NaN",NA,NA,"",10695,10630,10760,10695,1185,NA,"NA Date is in uncalibrated radiocarbon years.",". Cal curve: NA. Source DB: RPDv1b","Lacustrine","Carbon-14","Radiocarbon",0,10598,"Calibrated radiocarbon years BP","sedimentary charcoal","Data Sourcing: RPDv1b","Sample Age Source: RPDv1b"
"1299",61,"charcoal | num",1173.5,1174,1174.5,1,9649,NA,NA,"RPDv1b","Charcoal (sum)","(additional options)",NA,NA,"False","False","number","Microscopic charcoal (pollen slide)","direct",NA,"CHAR",4,NA,NA,"quant_raw",1,"volume","cm^3","RPDv1b",2278,"charcoal","count","unspec","pollen_slide","particle","num",NA,"no_size","num","RPDv1b","measured",1,"RPDv1b",NA,"Svartvatnet core",63.35138,8.87777,183,"north",NA,NA,"sedlac",1299,1,2012,"Birks, H.H., Birks, H.J.B., Bjune, A.E., Felde, V.A., 2012. Internal report. XXXVI international bog (’moor’) excursion of the Institute of Plant Sciences, University of Bern, southern and south-eastern Norway, 8-13 September 2012, Excursion Guide. Bjerknes Centre for Climate Research, University of Bergen, Bergen, Norway.","Internal report","XXXVI international bog (’moor’) excursion of the Institute of Plant Sciences, University of Bern, southern and south-eastern Norway, 8-13 September 2012, Excursion Guide. Bjerknes Centre for Climate Research, University of Bergen, Bergen, Norway",NA,NA,NA,NA,NA,NA,NA,NA,NA,NA,NA,NA,NA,NA,NA,NA,NA,NA,"RPDv1b:2278",1299,"Felde, V.A.",1,"Felde","V.A.",NA,NA,NA,NA,NA,NA,NA,NA,NA,"RPDv1b:2278",1299,"RPDv1b",2278,20567,1185,11.85,"m",NA,"Radiocarbon date","bulk sediment",10695,65,NA,NA,-999999,TRUE,NA,"NA Date is in uncalibrated radiocarbon years.","Svartvatnet core_POLLENSLIDE","counted","NaN-NaN",NA,NA,"",10695,10630,10760,10695,1185,NA,"NA Date is in uncalibrated radiocarbon years.",". Cal curve: NA. Source DB: RPDv1b","Lacustrine","Carbon-14","Radiocarbon",0,10598,"Calibrated radiocarbon years BP","sedimentary charcoal","Data Sourcing: RPDv1b","Sample Age Source: RPDv1b"
"1299",62,"charcoal | num",1175.5,1176,1176.5,1,9822,NA,NA,"RPDv1b","Charcoal (sum)","(additional options)",NA,NA,"False","False","number","Microscopic charcoal (pollen slide)","direct",NA,"CHAR",4,NA,NA,"quant_raw",1,"volume","cm^3","RPDv1b",2278,"charcoal","count","unspec","pollen_slide","particle","num",NA,"no_size","num","RPDv1b","measured",1,"RPDv1b",NA,"Svartvatnet core",63.35138,8.87777,183,"north",NA,NA,"sedlac",1299,1,2012,"Birks, H.H., Birks, H.J.B., Bjune, A.E., Felde, V.A., 2012. Internal report. XXXVI international bog (’moor’) excursion of the Institute of Plant Sciences, University of Bern, southern and south-eastern Norway, 8-13 September 2012, Excursion Guide. Bjerknes Centre for Climate Research, University of Bergen, Bergen, Norway.","Internal report","XXXVI international bog (’moor’) excursion of the Institute of Plant Sciences, University of Bern, southern and south-eastern Norway, 8-13 September 2012, Excursion Guide. Bjerknes Centre for Climate Research, University of Bergen, Bergen, Norway",NA,NA,NA,NA,NA,NA,NA,NA,NA,NA,NA,NA,NA,NA,NA,NA,NA,NA,"RPDv1b:2278",1299,"Felde, V.A.",1,"Felde","V.A.",NA,NA,NA,NA,NA,NA,NA,NA,NA,"RPDv1b:2278",1299,"RPDv1b",2278,20567,1185,11.85,"m",NA,"Radiocarbon date","bulk sediment",10695,65,NA,NA,-999999,TRUE,NA,"NA Date is in uncalibrated radiocarbon years.","Svartvatnet core_POLLENSLIDE","counted","NaN-NaN",NA,NA,"",10695,10630,10760,10695,1185,NA,"NA Date is in uncalibrated radiocarbon years.",". Cal curve: NA. Source DB: RPDv1b","Lacustrine","Carbon-14","Radiocarbon",0,10598,"Calibrated radiocarbon years BP","sedimentary charcoal","Data Sourcing: RPDv1b","Sample Age Source: RPDv1b"
"1299",63,"charcoal | num",1177.5,1178,1178.5,1,10016,NA,NA,"RPDv1b","Charcoal (sum)","(additional options)",NA,NA,"False","False","number","Microscopic charcoal (pollen slide)","direct",NA,"CHAR",9,NA,NA,"quant_raw",1,"volume","cm^3","RPDv1b",2278,"charcoal","count","unspec","pollen_slide","particle","num",NA,"no_size","num","RPDv1b","measured",1,"RPDv1b",NA,"Svartvatnet core",63.35138,8.87777,183,"north",NA,NA,"sedlac",1299,1,2012,"Birks, H.H., Birks, H.J.B., Bjune, A.E., Felde, V.A., 2012. Internal report. XXXVI international bog (’moor’) excursion of the Institute of Plant Sciences, University of Bern, southern and south-eastern Norway, 8-13 September 2012, Excursion Guide. Bjerknes Centre for Climate Research, University of Bergen, Bergen, Norway.","Internal report","XXXVI international bog (’moor’) excursion of the Institute of Plant Sciences, University of Bern, southern and south-eastern Norway, 8-13 September 2012, Excursion Guide. Bjerknes Centre for Climate Research, University of Bergen, Bergen, Norway",NA,NA,NA,NA,NA,NA,NA,NA,NA,NA,NA,NA,NA,NA,NA,NA,NA,NA,"RPDv1b:2278",1299,"Felde, V.A.",1,"Felde","V.A.",NA,NA,NA,NA,NA,NA,NA,NA,NA,"RPDv1b:2278",1299,"RPDv1b",2278,20567,1185,11.85,"m",NA,"Radiocarbon date","bulk sediment",10695,65,NA,NA,-999999,TRUE,NA,"NA Date is in uncalibrated radiocarbon years.","Svartvatnet core_POLLENSLIDE","counted","NaN-NaN",NA,NA,"",10695,10630,10760,10695,1185,NA,"NA Date is in uncalibrated radiocarbon years.",". Cal curve: NA. Source DB: RPDv1b","Lacustrine","Carbon-14","Radiocarbon",0,10598,"Calibrated radiocarbon years BP","sedimentary charcoal","Data Sourcing: RPDv1b","Sample Age Source: RPDv1b"
"1299",64,"charcoal | num",1179.5,1180,1180.5,1,10210,NA,NA,"RPDv1b","Charcoal (sum)","(additional options)",NA,NA,"False","False","number","Microscopic charcoal (pollen slide)","direct",NA,"CHAR",8,NA,NA,"quant_raw",1,"volume","cm^3","RPDv1b",2278,"charcoal","count","unspec","pollen_slide","particle","num",NA,"no_size","num","RPDv1b","measured",1,"RPDv1b",NA,"Svartvatnet core",63.35138,8.87777,183,"north",NA,NA,"sedlac",1299,1,2012,"Birks, H.H., Birks, H.J.B., Bjune, A.E., Felde, V.A., 2012. Internal report. XXXVI international bog (’moor’) excursion of the Institute of Plant Sciences, University of Bern, southern and south-eastern Norway, 8-13 September 2012, Excursion Guide. Bjerknes Centre for Climate Research, University of Bergen, Bergen, Norway.","Internal report","XXXVI international bog (’moor’) excursion of the Institute of Plant Sciences, University of Bern, southern and south-eastern Norway, 8-13 September 2012, Excursion Guide. Bjerknes Centre for Climate Research, University of Bergen, Bergen, Norway",NA,NA,NA,NA,NA,NA,NA,NA,NA,NA,NA,NA,NA,NA,NA,NA,NA,NA,"RPDv1b:2278",1299,"Birks, H.H.",1,"Birks","H.H.",NA,NA,NA,NA,NA,NA,NA,NA,NA,"RPDv1b:2278",1299,"RPDv1b",2278,20567,1185,11.85,"m",NA,"Radiocarbon date","bulk sediment",10695,65,NA,NA,-999999,TRUE,NA,"NA Date is in uncalibrated radiocarbon years.","Svartvatnet core_POLLENSLIDE","counted","NaN-NaN",NA,NA,"",10695,10630,10760,10695,1185,NA,"NA Date is in uncalibrated radiocarbon years.",". Cal curve: NA. Source DB: RPDv1b","Lacustrine","Carbon-14","Radiocarbon",0,10598,"Calibrated radiocarbon years BP","sedimentary charcoal","Data Sourcing: RPDv1b","Sample Age Source: RPDv1b"
"1299",65,"charcoal | num",1181.5,1182,1182.5,1,10404,NA,NA,"RPDv1b","Charcoal (sum)","(additional options)",NA,NA,"False","False","number","Microscopic charcoal (pollen slide)","direct",NA,"CHAR",5,NA,NA,"quant_raw",1,"volume","cm^3","RPDv1b",2278,"charcoal","count","unspec","pollen_slide","particle","num",NA,"no_size","num","RPDv1b","measured",1,"RPDv1b",NA,"Svartvatnet core",63.35138,8.87777,183,"north",NA,NA,"sedlac",1299,1,2012,"Birks, H.H., Birks, H.J.B., Bjune, A.E., Felde, V.A., 2012. Internal report. XXXVI international bog (’moor’) excursion of the Institute of Plant Sciences, University of Bern, southern and south-eastern Norway, 8-13 September 2012, Excursion Guide. Bjerknes Centre for Climate Research, University of Bergen, Bergen, Norway.","Internal report","XXXVI international bog (’moor’) excursion of the Institute of Plant Sciences, University of Bern, southern and south-eastern Norway, 8-13 September 2012, Excursion Guide. Bjerknes Centre for Climate Research, University of Bergen, Bergen, Norway",NA,NA,NA,NA,NA,NA,NA,NA,NA,NA,NA,NA,NA,NA,NA,NA,NA,NA,"RPDv1b:2278",1299,"Birks, H.J.B.",1,"Birks","H.J.B.",NA,NA,NA,NA,NA,NA,NA,NA,NA,"RPDv1b:2278",1299,"RPDv1b",2278,20567,1185,11.85,"m",NA,"Radiocarbon date","bulk sediment",10695,65,NA,NA,-999999,TRUE,NA,"NA Date is in uncalibrated radiocarbon years.","Svartvatnet core_POLLENSLIDE","counted","NaN-NaN",NA,NA,"",10695,10630,10760,10695,1185,NA,"NA Date is in uncalibrated radiocarbon years.",". Cal curve: NA. Source DB: RPDv1b","Lacustrine","Carbon-14","Radiocarbon",0,10598,"Calibrated radiocarbon years BP","sedimentary charcoal","Data Sourcing: RPDv1b","Sample Age Source: RPDv1b"
"1299",66,"charcoal | num",1183.5,1184,1184.5,1,10598,NA,NA,"RPDv1b","Charcoal (sum)","(additional options)",NA,NA,"False","False","number","Microscopic charcoal (pollen slide)","direct",NA,"CHAR",10,NA,NA,"quant_raw",1,"volume","cm^3","RPDv1b",2278,"charcoal","count","unspec","pollen_slide","particle","num",NA,"no_size","num","RPDv1b","measured",1,"RPDv1b",NA,"Svartvatnet core",63.35138,8.87777,183,"north",NA,NA,"sedlac",1299,1,2012,"Birks, H.H., Birks, H.J.B., Bjune, A.E., Felde, V.A., 2012. Internal report. XXXVI international bog (’moor’) excursion of the Institute of Plant Sciences, University of Bern, southern and south-eastern Norway, 8-13 September 2012, Excursion Guide. Bjerknes Centre for Climate Research, University of Bergen, Bergen, Norway.","Internal report","XXXVI international bog (’moor’) excursion of the Institute of Plant Sciences, University of Bern, southern and south-eastern Norway, 8-13 September 2012, Excursion Guide. Bjerknes Centre for Climate Research, University of Bergen, Bergen, Norway",NA,NA,NA,NA,NA,NA,NA,NA,NA,NA,NA,NA,NA,NA,NA,NA,NA,NA,"RPDv1b:2278",1299,"Bjune, A.E.",1,"Bjune","A.E.",NA,NA,NA,NA,NA,NA,NA,NA,NA,"RPDv1b:2278",1299,"RPDv1b",2278,20557,970,9.7,"m",NA,"Top of core known","-888888",NA,1,0,NA,-888888,TRUE,NA,"NA Date is calibrated.","Svartvatnet core_POLLENSLIDE","counted","NaN-NaN",NA,NA,"",0,-1,1,0,970,NA,"NA Date is calibrated.",". Cal curve: NA. Source DB: RPDv1b","Lacustrine","","Core top",0,10598,"Calibrated radiocarbon years BP","sedimentary charcoal","Data Sourcing: RPDv1b","Sample Age Source: RPDv1b"
