"cluster_id_entity","usample","channel","depth_top_cm","depth_mid_cm","depth_bot_cm","thick_cm","age_mid_cal_yr_bp","age_top_cal_yr_bp","age_bot_cal_yr_bp","age_source","NAME","ELEMENT","size_min_um","size_max_um","size_min_open","size_max_open","UNITS","CONTEXT","context_source","TAPHONOMY","GROUP","value","value_orig","value_conversion","value_source_column","sample_quantity_value","sample_quantity_ELEMENT","sample_quantity_UNITS","data_source","data_entity","original_fire_proxy","original_meas_type","original_meas_detail","original_meas_method","original_proxy_class","original_quant_units","original_quant_units_raw","parsed_size_token","parsed_unit_token","depth_source","depth_repair_method","n_db_contrib","db_contrib","vocab_flags","entity_name","lat_dd_north","lon_dd_east","elev_m","hemisphere","country_entity","location_desc","depo_context","cluster_id","pubtypeid","year","citation","articletitle","journal","volume","issue","pages","citationnumber","doi","booktitle","numvolumes","edition","volumetitle","seriestitle","seriesvolume","publisher","url_pub","city","state","country","originallanguage","notes_pub","pub_source","cluster_id_contact","contactname","contactstatusid","familyname","leadinginitials","givennames","suffix","title","phone","fax","email","url","address","notes","contact_source","cluster_id_geo","db_geo","source_entity","date_id","depth_cm_geo","depth_orig_geo","depth_unit_geo","thick_cm_geo","date_type","material","age_14C","error","cal_age_geo","cal_curve","lab_number","included","exclude_reason","notes_geo","datasetname","controlled_units","controlled_element","X","X.1","X.2","age_geo","chroncontrol_limityounger","chroncontrol_limitolder","chroncontrol_age","chroncontrol_depth","chroncontrol_thickness","chroncontrol_comments","chronology_notes_full","controlled_dep","neotoma_geochrontype","neotoma_chroncontroltypes","ageboundyounger","ageboundolder","agetype","datasettype","datasetnotes_full","samplenotes_full"
"1300",0,"charcoal | num",732.5,733,733.5,1,0,NA,NA,"RPDv1b","Charcoal (sum)","(additional options)",NA,NA,"False","False","number","Microscopic charcoal (pollen slide)","direct",NA,"CHAR",65,NA,NA,"quant_raw",1,"volume","cm^3","RPDv1b",2279,"charcoal","count","unspec","pollen_slide","particle","num",NA,"no_size","num","RPDv1b","measured",1,"RPDv1b",NA,"Tiavatnet core",63.05972,9.41694,464,"north",NA,NA,"sedlac",1300,1,2012,"Birks, H.H., Birks, H.J.B., Bjune, A.E., Felde, V.A., 2012. Internal report. XXXVI international bog (’moor’) excursion of the Institute of Plant Sciences, University of Bern, southern and south-eastern Norway, 8-13 September 2012, Excursion Guide. Bjerknes Centre for Climate Research, University of Bergen, Bergen, Norway.","Internal report","XXXVI international bog (’moor’) excursion of the Institute of Plant Sciences, University of Bern, southern and south-eastern Norway, 8-13 September 2012, Excursion Guide. Bjerknes Centre for Climate Research, University of Bergen, Bergen, Norway",NA,NA,NA,NA,NA,NA,NA,NA,NA,NA,NA,NA,NA,NA,NA,NA,NA,NA,"RPDv1b:2279",1300,"Birks, H.H.",1,"Birks","H.H.",NA,NA,NA,NA,NA,NA,NA,NA,NA,"RPDv1b:2279",1300,"RPDv1b",2279,20568,733,7.33,"m",NA,"Top of core known","-888888",NA,1,0,NA,"-888888",TRUE,NA,"NA Date is calibrated.","Tiavatnet core_POLLENSLIDE","counted","NaN-NaN",NA,NA,"",0,-1,1,0,733,NA,"NA Date is calibrated.",". Cal curve: NA. Source DB: RPDv1b","Lacustrine","","Core top",0,10432,"Calibrated radiocarbon years BP","sedimentary charcoal","Data Sourcing: RPDv1b","Sample Age Source: RPDv1b"
"1300",1,"charcoal | num",735.5,736,736.5,1,80,NA,NA,"RPDv1b","Charcoal (sum)","(additional options)",NA,NA,"False","False","number","Microscopic charcoal (pollen slide)","direct",NA,"CHAR",17,NA,NA,"quant_raw",1,"volume","cm^3","RPDv1b",2279,"charcoal","count","unspec","pollen_slide","particle","num",NA,"no_size","num","RPDv1b","measured",1,"RPDv1b",NA,"Tiavatnet core",63.05972,9.41694,464,"north",NA,NA,"sedlac",1300,1,2012,"Birks, H.H., Birks, H.J.B., Bjune, A.E., Felde, V.A., 2012. Internal report. XXXVI international bog (’moor’) excursion of the Institute of Plant Sciences, University of Bern, southern and south-eastern Norway, 8-13 September 2012, Excursion Guide. Bjerknes Centre for Climate Research, University of Bergen, Bergen, Norway.","Internal report","XXXVI international bog (’moor’) excursion of the Institute of Plant Sciences, University of Bern, southern and south-eastern Norway, 8-13 September 2012, Excursion Guide. Bjerknes Centre for Climate Research, University of Bergen, Bergen, Norway",NA,NA,NA,NA,NA,NA,NA,NA,NA,NA,NA,NA,NA,NA,NA,NA,NA,NA,"RPDv1b:2279",1300,"Birks, H.H.",1,"Birks","H.H.",NA,NA,NA,NA,NA,NA,NA,NA,NA,"RPDv1b:2279",1300,"RPDv1b",2279,20568,733,7.33,"m",NA,"Top of core known","-888888",NA,1,0,NA,"-888888",TRUE,NA,"NA Date is calibrated.","Tiavatnet core_POLLENSLIDE","counted","NaN-NaN",NA,NA,"",0,-1,1,0,733,NA,"NA Date is calibrated.",". Cal curve: NA. Source DB: RPDv1b","Lacustrine","","Core top",0,10432,"Calibrated radiocarbon years BP","sedimentary charcoal","Data Sourcing: RPDv1b","Sample Age Source: RPDv1b"
"1300",2,"charcoal | num",739.5,740,740.5,1,187,NA,NA,"RPDv1b","Charcoal (sum)","(additional options)",NA,NA,"False","False","number","Microscopic charcoal (pollen slide)","direct",NA,"CHAR",9,NA,NA,"quant_raw",1,"volume","cm^3","RPDv1b",2279,"charcoal","count","unspec","pollen_slide","particle","num",NA,"no_size","num","RPDv1b","measured",1,"RPDv1b",NA,"Tiavatnet core",63.05972,9.41694,464,"north",NA,NA,"sedlac",1300,1,2012,"Birks, H.H., Birks, H.J.B., Bjune, A.E., Felde, V.A., 2012. Internal report. XXXVI international bog (’moor’) excursion of the Institute of Plant Sciences, University of Bern, southern and south-eastern Norway, 8-13 September 2012, Excursion Guide. Bjerknes Centre for Climate Research, University of Bergen, Bergen, Norway.","Internal report","XXXVI international bog (’moor’) excursion of the Institute of Plant Sciences, University of Bern, southern and south-eastern Norway, 8-13 September 2012, Excursion Guide. Bjerknes Centre for Climate Research, University of Bergen, Bergen, Norway",NA,NA,NA,NA,NA,NA,NA,NA,NA,NA,NA,NA,NA,NA,NA,NA,NA,NA,"RPDv1b:2279",1300,"Birks, H.H.",1,"Birks","H.H.",NA,NA,NA,NA,NA,NA,NA,NA,NA,"RPDv1b:2279",1300,"RPDv1b",2279,20568,733,7.33,"m",NA,"Top of core known","-888888",NA,1,0,NA,"-888888",TRUE,NA,"NA Date is calibrated.","Tiavatnet core_POLLENSLIDE","counted","NaN-NaN",NA,NA,"",0,-1,1,0,733,NA,"NA Date is calibrated.",". Cal curve: NA. Source DB: RPDv1b","Lacustrine","","Core top",0,10432,"Calibrated radiocarbon years BP","sedimentary charcoal","Data Sourcing: RPDv1b","Sample Age Source: RPDv1b"
"1300",3,"charcoal | num",743.5,744,744.5,1,294,NA,NA,"RPDv1b","Charcoal (sum)","(additional options)",NA,NA,"False","False","number","Microscopic charcoal (pollen slide)","direct",NA,"CHAR",16,NA,NA,"quant_raw",1,"volume","cm^3","RPDv1b",2279,"charcoal","count","unspec","pollen_slide","particle","num",NA,"no_size","num","RPDv1b","measured",1,"RPDv1b",NA,"Tiavatnet core",63.05972,9.41694,464,"north",NA,NA,"sedlac",1300,1,2012,"Birks, H.H., Birks, H.J.B., Bjune, A.E., Felde, V.A., 2012. Internal report. XXXVI international bog (’moor’) excursion of the Institute of Plant Sciences, University of Bern, southern and south-eastern Norway, 8-13 September 2012, Excursion Guide. Bjerknes Centre for Climate Research, University of Bergen, Bergen, Norway.","Internal report","XXXVI international bog (’moor’) excursion of the Institute of Plant Sciences, University of Bern, southern and south-eastern Norway, 8-13 September 2012, Excursion Guide. Bjerknes Centre for Climate Research, University of Bergen, Bergen, Norway",NA,NA,NA,NA,NA,NA,NA,NA,NA,NA,NA,NA,NA,NA,NA,NA,NA,NA,"RPDv1b:2279",1300,"Birks, H.H.",1,"Birks","H.H.",NA,NA,NA,NA,NA,NA,NA,NA,NA,"RPDv1b:2279",1300,"RPDv1b",2279,20568,733,7.33,"m",NA,"Top of core known","-888888",NA,1,0,NA,"-888888",TRUE,NA,"NA Date is calibrated.","Tiavatnet core_POLLENSLIDE","counted","NaN-NaN",NA,NA,"",0,-1,1,0,733,NA,"NA Date is calibrated.",". Cal curve: NA. Source DB: RPDv1b","Lacustrine","","Core top",0,10432,"Calibrated radiocarbon years BP","sedimentary charcoal","Data Sourcing: RPDv1b","Sample Age Source: RPDv1b"
"1300",4,"charcoal | num",747.5,748,748.5,1,400,NA,NA,"RPDv1b","Charcoal (sum)","(additional options)",NA,NA,"False","False","number","Microscopic charcoal (pollen slide)","direct",NA,"CHAR",15,NA,NA,"quant_raw",1,"volume","cm^3","RPDv1b",2279,"charcoal","count","unspec","pollen_slide","particle","num",NA,"no_size","num","RPDv1b","measured",1,"RPDv1b",NA,"Tiavatnet core",63.05972,9.41694,464,"north",NA,NA,"sedlac",1300,1,2012,"Birks, H.H., Birks, H.J.B., Bjune, A.E., Felde, V.A., 2012. Internal report. XXXVI international bog (’moor’) excursion of the Institute of Plant Sciences, University of Bern, southern and south-eastern Norway, 8-13 September 2012, Excursion Guide. Bjerknes Centre for Climate Research, University of Bergen, Bergen, Norway.","Internal report","XXXVI international bog (’moor’) excursion of the Institute of Plant Sciences, University of Bern, southern and south-eastern Norway, 8-13 September 2012, Excursion Guide. Bjerknes Centre for Climate Research, University of Bergen, Bergen, Norway",NA,NA,NA,NA,NA,NA,NA,NA,NA,NA,NA,NA,NA,NA,NA,NA,NA,NA,"RPDv1b:2279",1300,"Birks, H.H.",1,"Birks","H.H.",NA,NA,NA,NA,NA,NA,NA,NA,NA,"RPDv1b:2279",1300,"RPDv1b",2279,20568,733,7.33,"m",NA,"Top of core known","-888888",NA,1,0,NA,"-888888",TRUE,NA,"NA Date is calibrated.","Tiavatnet core_POLLENSLIDE","counted","NaN-NaN",NA,NA,"",0,-1,1,0,733,NA,"NA Date is calibrated.",". Cal curve: NA. Source DB: RPDv1b","Lacustrine","","Core top",0,10432,"Calibrated radiocarbon years BP","sedimentary charcoal","Data Sourcing: RPDv1b","Sample Age Source: RPDv1b"
"1300",5,"charcoal | num",751.5,752,752.5,1,507,NA,NA,"RPDv1b","Charcoal (sum)","(additional options)",NA,NA,"False","False","number","Microscopic charcoal (pollen slide)","direct",NA,"CHAR",20,NA,NA,"quant_raw",1,"volume","cm^3","RPDv1b",2279,"charcoal","count","unspec","pollen_slide","particle","num",NA,"no_size","num","RPDv1b","measured",1,"RPDv1b",NA,"Tiavatnet core",63.05972,9.41694,464,"north",NA,NA,"sedlac",1300,1,2012,"Birks, H.H., Birks, H.J.B., Bjune, A.E., Felde, V.A., 2012. Internal report. XXXVI international bog (’moor’) excursion of the Institute of Plant Sciences, University of Bern, southern and south-eastern Norway, 8-13 September 2012, Excursion Guide. Bjerknes Centre for Climate Research, University of Bergen, Bergen, Norway.","Internal report","XXXVI international bog (’moor’) excursion of the Institute of Plant Sciences, University of Bern, southern and south-eastern Norway, 8-13 September 2012, Excursion Guide. Bjerknes Centre for Climate Research, University of Bergen, Bergen, Norway",NA,NA,NA,NA,NA,NA,NA,NA,NA,NA,NA,NA,NA,NA,NA,NA,NA,NA,"RPDv1b:2279",1300,"Birks, H.H.",1,"Birks","H.H.",NA,NA,NA,NA,NA,NA,NA,NA,NA,"RPDv1b:2279",1300,"RPDv1b",2279,20568,733,7.33,"m",NA,"Top of core known","-888888",NA,1,0,NA,"-888888",TRUE,NA,"NA Date is calibrated.","Tiavatnet core_POLLENSLIDE","counted","NaN-NaN",NA,NA,"",0,-1,1,0,733,NA,"NA Date is calibrated.",". Cal curve: NA. Source DB: RPDv1b","Lacustrine","","Core top",0,10432,"Calibrated radiocarbon years BP","sedimentary charcoal","Data Sourcing: RPDv1b","Sample Age Source: RPDv1b"
"1300",6,"charcoal | num",755.5,756,756.5,1,614,NA,NA,"RPDv1b","Charcoal (sum)","(additional options)",NA,NA,"False","False","number","Microscopic charcoal (pollen slide)","direct",NA,"CHAR",20,NA,NA,"quant_raw",1,"volume","cm^3","RPDv1b",2279,"charcoal","count","unspec","pollen_slide","particle","num",NA,"no_size","num","RPDv1b","measured",1,"RPDv1b",NA,"Tiavatnet core",63.05972,9.41694,464,"north",NA,NA,"sedlac",1300,1,2012,"Birks, H.H., Birks, H.J.B., Bjune, A.E., Felde, V.A., 2012. Internal report. XXXVI international bog (’moor’) excursion of the Institute of Plant Sciences, University of Bern, southern and south-eastern Norway, 8-13 September 2012, Excursion Guide. Bjerknes Centre for Climate Research, University of Bergen, Bergen, Norway.","Internal report","XXXVI international bog (’moor’) excursion of the Institute of Plant Sciences, University of Bern, southern and south-eastern Norway, 8-13 September 2012, Excursion Guide. Bjerknes Centre for Climate Research, University of Bergen, Bergen, Norway",NA,NA,NA,NA,NA,NA,NA,NA,NA,NA,NA,NA,NA,NA,NA,NA,NA,NA,"RPDv1b:2279",1300,"Birks, H.H.",1,"Birks","H.H.",NA,NA,NA,NA,NA,NA,NA,NA,NA,"RPDv1b:2279",1300,"RPDv1b",2279,20568,733,7.33,"m",NA,"Top of core known","-888888",NA,1,0,NA,"-888888",TRUE,NA,"NA Date is calibrated.","Tiavatnet core_POLLENSLIDE","counted","NaN-NaN",NA,NA,"",0,-1,1,0,733,NA,"NA Date is calibrated.",". Cal curve: NA. Source DB: RPDv1b","Lacustrine","","Core top",0,10432,"Calibrated radiocarbon years BP","sedimentary charcoal","Data Sourcing: RPDv1b","Sample Age Source: RPDv1b"
"1300",7,"charcoal | num",759.5,760,760.5,1,721,NA,NA,"RPDv1b","Charcoal (sum)","(additional options)",NA,NA,"False","False","number","Microscopic charcoal (pollen slide)","direct",NA,"CHAR",11,NA,NA,"quant_raw",1,"volume","cm^3","RPDv1b",2279,"charcoal","count","unspec","pollen_slide","particle","num",NA,"no_size","num","RPDv1b","measured",1,"RPDv1b",NA,"Tiavatnet core",63.05972,9.41694,464,"north",NA,NA,"sedlac",1300,1,2012,"Birks, H.H., Birks, H.J.B., Bjune, A.E., Felde, V.A., 2012. Internal report. XXXVI international bog (’moor’) excursion of the Institute of Plant Sciences, University of Bern, southern and south-eastern Norway, 8-13 September 2012, Excursion Guide. Bjerknes Centre for Climate Research, University of Bergen, Bergen, Norway.","Internal report","XXXVI international bog (’moor’) excursion of the Institute of Plant Sciences, University of Bern, southern and south-eastern Norway, 8-13 September 2012, Excursion Guide. Bjerknes Centre for Climate Research, University of Bergen, Bergen, Norway",NA,NA,NA,NA,NA,NA,NA,NA,NA,NA,NA,NA,NA,NA,NA,NA,NA,NA,"RPDv1b:2279",1300,"Birks, H.H.",1,"Birks","H.H.",NA,NA,NA,NA,NA,NA,NA,NA,NA,"RPDv1b:2279",1300,"RPDv1b",2279,20568,733,7.33,"m",NA,"Top of core known","-888888",NA,1,0,NA,"-888888",TRUE,NA,"NA Date is calibrated.","Tiavatnet core_POLLENSLIDE","counted","NaN-NaN",NA,NA,"",0,-1,1,0,733,NA,"NA Date is calibrated.",". Cal curve: NA. Source DB: RPDv1b","Lacustrine","","Core top",0,10432,"Calibrated radiocarbon years BP","sedimentary charcoal","Data Sourcing: RPDv1b","Sample Age Source: RPDv1b"
"1300",8,"charcoal | num",763.5,764,764.5,1,827,NA,NA,"RPDv1b","Charcoal (sum)","(additional options)",NA,NA,"False","False","number","Microscopic charcoal (pollen slide)","direct",NA,"CHAR",12,NA,NA,"quant_raw",1,"volume","cm^3","RPDv1b",2279,"charcoal","count","unspec","pollen_slide","particle","num",NA,"no_size","num","RPDv1b","measured",1,"RPDv1b",NA,"Tiavatnet core",63.05972,9.41694,464,"north",NA,NA,"sedlac",1300,1,2012,"Birks, H.H., Birks, H.J.B., Bjune, A.E., Felde, V.A., 2012. Internal report. XXXVI international bog (’moor’) excursion of the Institute of Plant Sciences, University of Bern, southern and south-eastern Norway, 8-13 September 2012, Excursion Guide. Bjerknes Centre for Climate Research, University of Bergen, Bergen, Norway.","Internal report","XXXVI international bog (’moor’) excursion of the Institute of Plant Sciences, University of Bern, southern and south-eastern Norway, 8-13 September 2012, Excursion Guide. Bjerknes Centre for Climate Research, University of Bergen, Bergen, Norway",NA,NA,NA,NA,NA,NA,NA,NA,NA,NA,NA,NA,NA,NA,NA,NA,NA,NA,"RPDv1b:2279",1300,"Birks, H.H.",1,"Birks","H.H.",NA,NA,NA,NA,NA,NA,NA,NA,NA,"RPDv1b:2279",1300,"RPDv1b",2279,20568,733,7.33,"m",NA,"Top of core known","-888888",NA,1,0,NA,"-888888",TRUE,NA,"NA Date is calibrated.","Tiavatnet core_POLLENSLIDE","counted","NaN-NaN",NA,NA,"",0,-1,1,0,733,NA,"NA Date is calibrated.",". Cal curve: NA. Source DB: RPDv1b","Lacustrine","","Core top",0,10432,"Calibrated radiocarbon years BP","sedimentary charcoal","Data Sourcing: RPDv1b","Sample Age Source: RPDv1b"
"1300",9,"charcoal | num",767.5,768,768.5,1,934,NA,NA,"RPDv1b","Charcoal (sum)","(additional options)",NA,NA,"False","False","number","Microscopic charcoal (pollen slide)","direct",NA,"CHAR",12,NA,NA,"quant_raw",1,"volume","cm^3","RPDv1b",2279,"charcoal","count","unspec","pollen_slide","particle","num",NA,"no_size","num","RPDv1b","measured",1,"RPDv1b",NA,"Tiavatnet core",63.05972,9.41694,464,"north",NA,NA,"sedlac",1300,1,2012,"Birks, H.H., Birks, H.J.B., Bjune, A.E., Felde, V.A., 2012. Internal report. XXXVI international bog (’moor’) excursion of the Institute of Plant Sciences, University of Bern, southern and south-eastern Norway, 8-13 September 2012, Excursion Guide. Bjerknes Centre for Climate Research, University of Bergen, Bergen, Norway.","Internal report","XXXVI international bog (’moor’) excursion of the Institute of Plant Sciences, University of Bern, southern and south-eastern Norway, 8-13 September 2012, Excursion Guide. Bjerknes Centre for Climate Research, University of Bergen, Bergen, Norway",NA,NA,NA,NA,NA,NA,NA,NA,NA,NA,NA,NA,NA,NA,NA,NA,NA,NA,"RPDv1b:2279",1300,"Birks, H.H.",1,"Birks","H.H.",NA,NA,NA,NA,NA,NA,NA,NA,NA,"RPDv1b:2279",1300,"RPDv1b",2279,20569,815.75,8.1575,"m",0.005,"Radiocarbon date","bulk sediment",2210,40,NA,NA,"TUa-3694A",TRUE,NA,"NA Date is in uncalibrated radiocarbon years.","Tiavatnet core_POLLENSLIDE","counted","NaN-NaN",NA,NA,"",2210,2170,2250,2210,815.75,0.005,"NA Date is in uncalibrated radiocarbon years.",". Cal curve: NA. Source DB: RPDv1b","Lacustrine","Carbon-14","Radiocarbon",0,10432,"Calibrated radiocarbon years BP","sedimentary charcoal","Data Sourcing: RPDv1b","Sample Age Source: RPDv1b"
"1300",10,"charcoal | num",771.5,772,772.5,1,1041,NA,NA,"RPDv1b","Charcoal (sum)","(additional options)",NA,NA,"False","False","number","Microscopic charcoal (pollen slide)","direct",NA,"CHAR",10,NA,NA,"quant_raw",1,"volume","cm^3","RPDv1b",2279,"charcoal","count","unspec","pollen_slide","particle","num",NA,"no_size","num","RPDv1b","measured",1,"RPDv1b",NA,"Tiavatnet core",63.05972,9.41694,464,"north",NA,NA,"sedlac",1300,1,2012,"Birks, H.H., Birks, H.J.B., Bjune, A.E., Felde, V.A., 2012. Internal report. XXXVI international bog (’moor’) excursion of the Institute of Plant Sciences, University of Bern, southern and south-eastern Norway, 8-13 September 2012, Excursion Guide. Bjerknes Centre for Climate Research, University of Bergen, Bergen, Norway.","Internal report","XXXVI international bog (’moor’) excursion of the Institute of Plant Sciences, University of Bern, southern and south-eastern Norway, 8-13 September 2012, Excursion Guide. Bjerknes Centre for Climate Research, University of Bergen, Bergen, Norway",NA,NA,NA,NA,NA,NA,NA,NA,NA,NA,NA,NA,NA,NA,NA,NA,NA,NA,"RPDv1b:2279",1300,"Birks, H.H.",1,"Birks","H.H.",NA,NA,NA,NA,NA,NA,NA,NA,NA,"RPDv1b:2279",1300,"RPDv1b",2279,20569,815.75,8.1575,"m",0.005,"Radiocarbon date","bulk sediment",2210,40,NA,NA,"TUa-3694A",TRUE,NA,"NA Date is in uncalibrated radiocarbon years.","Tiavatnet core_POLLENSLIDE","counted","NaN-NaN",NA,NA,"",2210,2170,2250,2210,815.75,0.005,"NA Date is in uncalibrated radiocarbon years.",". Cal curve: NA. Source DB: RPDv1b","Lacustrine","Carbon-14","Radiocarbon",0,10432,"Calibrated radiocarbon years BP","sedimentary charcoal","Data Sourcing: RPDv1b","Sample Age Source: RPDv1b"
"1300",11,"charcoal | num",775.5,776,776.5,1,1148,NA,NA,"RPDv1b","Charcoal (sum)","(additional options)",NA,NA,"False","False","number","Microscopic charcoal (pollen slide)","direct",NA,"CHAR",16,NA,NA,"quant_raw",1,"volume","cm^3","RPDv1b",2279,"charcoal","count","unspec","pollen_slide","particle","num",NA,"no_size","num","RPDv1b","measured",1,"RPDv1b",NA,"Tiavatnet core",63.05972,9.41694,464,"north",NA,NA,"sedlac",1300,1,2012,"Birks, H.H., Birks, H.J.B., Bjune, A.E., Felde, V.A., 2012. Internal report. XXXVI international bog (’moor’) excursion of the Institute of Plant Sciences, University of Bern, southern and south-eastern Norway, 8-13 September 2012, Excursion Guide. Bjerknes Centre for Climate Research, University of Bergen, Bergen, Norway.","Internal report","XXXVI international bog (’moor’) excursion of the Institute of Plant Sciences, University of Bern, southern and south-eastern Norway, 8-13 September 2012, Excursion Guide. Bjerknes Centre for Climate Research, University of Bergen, Bergen, Norway",NA,NA,NA,NA,NA,NA,NA,NA,NA,NA,NA,NA,NA,NA,NA,NA,NA,NA,"RPDv1b:2279",1300,"Birks, H.H.",1,"Birks","H.H.",NA,NA,NA,NA,NA,NA,NA,NA,NA,"RPDv1b:2279",1300,"RPDv1b",2279,20569,815.75,8.1575,"m",0.005,"Radiocarbon date","bulk sediment",2210,40,NA,NA,"TUa-3694A",TRUE,NA,"NA Date is in uncalibrated radiocarbon years.","Tiavatnet core_POLLENSLIDE","counted","NaN-NaN",NA,NA,"",2210,2170,2250,2210,815.75,0.005,"NA Date is in uncalibrated radiocarbon years.",". Cal curve: NA. Source DB: RPDv1b","Lacustrine","Carbon-14","Radiocarbon",0,10432,"Calibrated radiocarbon years BP","sedimentary charcoal","Data Sourcing: RPDv1b","Sample Age Source: RPDv1b"
"1300",12,"charcoal | num",779.5,780,780.5,1,1254,NA,NA,"RPDv1b","Charcoal (sum)","(additional options)",NA,NA,"False","False","number","Microscopic charcoal (pollen slide)","direct",NA,"CHAR",10,NA,NA,"quant_raw",1,"volume","cm^3","RPDv1b",2279,"charcoal","count","unspec","pollen_slide","particle","num",NA,"no_size","num","RPDv1b","measured",1,"RPDv1b",NA,"Tiavatnet core",63.05972,9.41694,464,"north",NA,NA,"sedlac",1300,1,2012,"Birks, H.H., Birks, H.J.B., Bjune, A.E., Felde, V.A., 2012. Internal report. XXXVI international bog (’moor’) excursion of the Institute of Plant Sciences, University of Bern, southern and south-eastern Norway, 8-13 September 2012, Excursion Guide. Bjerknes Centre for Climate Research, University of Bergen, Bergen, Norway.","Internal report","XXXVI international bog (’moor’) excursion of the Institute of Plant Sciences, University of Bern, southern and south-eastern Norway, 8-13 September 2012, Excursion Guide. Bjerknes Centre for Climate Research, University of Bergen, Bergen, Norway",NA,NA,NA,NA,NA,NA,NA,NA,NA,NA,NA,NA,NA,NA,NA,NA,NA,NA,"RPDv1b:2279",1300,"Birks, H.H.",1,"Birks","H.H.",NA,NA,NA,NA,NA,NA,NA,NA,NA,"RPDv1b:2279",1300,"RPDv1b",2279,20569,815.75,8.1575,"m",0.005,"Radiocarbon date","bulk sediment",2210,40,NA,NA,"TUa-3694A",TRUE,NA,"NA Date is in uncalibrated radiocarbon years.","Tiavatnet core_POLLENSLIDE","counted","NaN-NaN",NA,NA,"",2210,2170,2250,2210,815.75,0.005,"NA Date is in uncalibrated radiocarbon years.",". Cal curve: NA. Source DB: RPDv1b","Lacustrine","Carbon-14","Radiocarbon",0,10432,"Calibrated radiocarbon years BP","sedimentary charcoal","Data Sourcing: RPDv1b","Sample Age Source: RPDv1b"
"1300",13,"charcoal | num",783.5,784,784.5,1,1361,NA,NA,"RPDv1b","Charcoal (sum)","(additional options)",NA,NA,"False","False","number","Microscopic charcoal (pollen slide)","direct",NA,"CHAR",10,NA,NA,"quant_raw",1,"volume","cm^3","RPDv1b",2279,"charcoal","count","unspec","pollen_slide","particle","num",NA,"no_size","num","RPDv1b","measured",1,"RPDv1b",NA,"Tiavatnet core",63.05972,9.41694,464,"north",NA,NA,"sedlac",1300,1,2012,"Birks, H.H., Birks, H.J.B., Bjune, A.E., Felde, V.A., 2012. Internal report. XXXVI international bog (’moor’) excursion of the Institute of Plant Sciences, University of Bern, southern and south-eastern Norway, 8-13 September 2012, Excursion Guide. Bjerknes Centre for Climate Research, University of Bergen, Bergen, Norway.","Internal report","XXXVI international bog (’moor’) excursion of the Institute of Plant Sciences, University of Bern, southern and south-eastern Norway, 8-13 September 2012, Excursion Guide. Bjerknes Centre for Climate Research, University of Bergen, Bergen, Norway",NA,NA,NA,NA,NA,NA,NA,NA,NA,NA,NA,NA,NA,NA,NA,NA,NA,NA,"RPDv1b:2279",1300,"Birks, H.H.",1,"Birks","H.H.",NA,NA,NA,NA,NA,NA,NA,NA,NA,"RPDv1b:2279",1300,"RPDv1b",2279,20569,815.75,8.1575,"m",0.005,"Radiocarbon date","bulk sediment",2210,40,NA,NA,"TUa-3694A",TRUE,NA,"NA Date is in uncalibrated radiocarbon years.","Tiavatnet core_POLLENSLIDE","counted","NaN-NaN",NA,NA,"",2210,2170,2250,2210,815.75,0.005,"NA Date is in uncalibrated radiocarbon years.",". Cal curve: NA. Source DB: RPDv1b","Lacustrine","Carbon-14","Radiocarbon",0,10432,"Calibrated radiocarbon years BP","sedimentary charcoal","Data Sourcing: RPDv1b","Sample Age Source: RPDv1b"
"1300",14,"charcoal | num",787.5,788,788.5,1,1468,NA,NA,"RPDv1b","Charcoal (sum)","(additional options)",NA,NA,"False","False","number","Microscopic charcoal (pollen slide)","direct",NA,"CHAR",17,NA,NA,"quant_raw",1,"volume","cm^3","RPDv1b",2279,"charcoal","count","unspec","pollen_slide","particle","num",NA,"no_size","num","RPDv1b","measured",1,"RPDv1b",NA,"Tiavatnet core",63.05972,9.41694,464,"north",NA,NA,"sedlac",1300,1,2012,"Birks, H.H., Birks, H.J.B., Bjune, A.E., Felde, V.A., 2012. Internal report. XXXVI international bog (’moor’) excursion of the Institute of Plant Sciences, University of Bern, southern and south-eastern Norway, 8-13 September 2012, Excursion Guide. Bjerknes Centre for Climate Research, University of Bergen, Bergen, Norway.","Internal report","XXXVI international bog (’moor’) excursion of the Institute of Plant Sciences, University of Bern, southern and south-eastern Norway, 8-13 September 2012, Excursion Guide. Bjerknes Centre for Climate Research, University of Bergen, Bergen, Norway",NA,NA,NA,NA,NA,NA,NA,NA,NA,NA,NA,NA,NA,NA,NA,NA,NA,NA,"RPDv1b:2279",1300,"Birks, H.H.",1,"Birks","H.H.",NA,NA,NA,NA,NA,NA,NA,NA,NA,"RPDv1b:2279",1300,"RPDv1b",2279,20569,815.75,8.1575,"m",0.005,"Radiocarbon date","bulk sediment",2210,40,NA,NA,"TUa-3694A",TRUE,NA,"NA Date is in uncalibrated radiocarbon years.","Tiavatnet core_POLLENSLIDE","counted","NaN-NaN",NA,NA,"",2210,2170,2250,2210,815.75,0.005,"NA Date is in uncalibrated radiocarbon years.",". Cal curve: NA. Source DB: RPDv1b","Lacustrine","Carbon-14","Radiocarbon",0,10432,"Calibrated radiocarbon years BP","sedimentary charcoal","Data Sourcing: RPDv1b","Sample Age Source: RPDv1b"
"1300",15,"charcoal | num",791.5,792,792.5,1,1575,NA,NA,"RPDv1b","Charcoal (sum)","(additional options)",NA,NA,"False","False","number","Microscopic charcoal (pollen slide)","direct",NA,"CHAR",17,NA,NA,"quant_raw",1,"volume","cm^3","RPDv1b",2279,"charcoal","count","unspec","pollen_slide","particle","num",NA,"no_size","num","RPDv1b","measured",1,"RPDv1b",NA,"Tiavatnet core",63.05972,9.41694,464,"north",NA,NA,"sedlac",1300,1,2012,"Birks, H.H., Birks, H.J.B., Bjune, A.E., Felde, V.A., 2012. Internal report. XXXVI international bog (’moor’) excursion of the Institute of Plant Sciences, University of Bern, southern and south-eastern Norway, 8-13 September 2012, Excursion Guide. Bjerknes Centre for Climate Research, University of Bergen, Bergen, Norway.","Internal report","XXXVI international bog (’moor’) excursion of the Institute of Plant Sciences, University of Bern, southern and south-eastern Norway, 8-13 September 2012, Excursion Guide. Bjerknes Centre for Climate Research, University of Bergen, Bergen, Norway",NA,NA,NA,NA,NA,NA,NA,NA,NA,NA,NA,NA,NA,NA,NA,NA,NA,NA,"RPDv1b:2279",1300,"Birks, H.H.",1,"Birks","H.H.",NA,NA,NA,NA,NA,NA,NA,NA,NA,"RPDv1b:2279",1300,"RPDv1b",2279,20569,815.75,8.1575,"m",0.005,"Radiocarbon date","bulk sediment",2210,40,NA,NA,"TUa-3694A",TRUE,NA,"NA Date is in uncalibrated radiocarbon years.","Tiavatnet core_POLLENSLIDE","counted","NaN-NaN",NA,NA,"",2210,2170,2250,2210,815.75,0.005,"NA Date is in uncalibrated radiocarbon years.",". Cal curve: NA. Source DB: RPDv1b","Lacustrine","Carbon-14","Radiocarbon",0,10432,"Calibrated radiocarbon years BP","sedimentary charcoal","Data Sourcing: RPDv1b","Sample Age Source: RPDv1b"
"1300",16,"charcoal | num",795.5,796,796.5,1,1682,NA,NA,"RPDv1b","Charcoal (sum)","(additional options)",NA,NA,"False","False","number","Microscopic charcoal (pollen slide)","direct",NA,"CHAR",11,NA,NA,"quant_raw",1,"volume","cm^3","RPDv1b",2279,"charcoal","count","unspec","pollen_slide","particle","num",NA,"no_size","num","RPDv1b","measured",1,"RPDv1b",NA,"Tiavatnet core",63.05972,9.41694,464,"north",NA,NA,"sedlac",1300,1,2012,"Birks, H.H., Birks, H.J.B., Bjune, A.E., Felde, V.A., 2012. Internal report. XXXVI international bog (’moor’) excursion of the Institute of Plant Sciences, University of Bern, southern and south-eastern Norway, 8-13 September 2012, Excursion Guide. Bjerknes Centre for Climate Research, University of Bergen, Bergen, Norway.","Internal report","XXXVI international bog (’moor’) excursion of the Institute of Plant Sciences, University of Bern, southern and south-eastern Norway, 8-13 September 2012, Excursion Guide. Bjerknes Centre for Climate Research, University of Bergen, Bergen, Norway",NA,NA,NA,NA,NA,NA,NA,NA,NA,NA,NA,NA,NA,NA,NA,NA,NA,NA,"RPDv1b:2279",1300,"Birks, H.H.",1,"Birks","H.H.",NA,NA,NA,NA,NA,NA,NA,NA,NA,"RPDv1b:2279",1300,"RPDv1b",2279,20569,815.75,8.1575,"m",0.005,"Radiocarbon date","bulk sediment",2210,40,NA,NA,"TUa-3694A",TRUE,NA,"NA Date is in uncalibrated radiocarbon years.","Tiavatnet core_POLLENSLIDE","counted","NaN-NaN",NA,NA,"",2210,2170,2250,2210,815.75,0.005,"NA Date is in uncalibrated radiocarbon years.",". Cal curve: NA. Source DB: RPDv1b","Lacustrine","Carbon-14","Radiocarbon",0,10432,"Calibrated radiocarbon years BP","sedimentary charcoal","Data Sourcing: RPDv1b","Sample Age Source: RPDv1b"
"1300",17,"charcoal | num",798.5,799,799.5,1,1762,NA,NA,"RPDv1b","Charcoal (sum)","(additional options)",NA,NA,"False","False","number","Microscopic charcoal (pollen slide)","direct",NA,"CHAR",36,NA,NA,"quant_raw",1,"volume","cm^3","RPDv1b",2279,"charcoal","count","unspec","pollen_slide","particle","num",NA,"no_size","num","RPDv1b","measured",1,"RPDv1b",NA,"Tiavatnet core",63.05972,9.41694,464,"north",NA,NA,"sedlac",1300,1,2012,"Birks, H.H., Birks, H.J.B., Bjune, A.E., Felde, V.A., 2012. Internal report. XXXVI international bog (’moor’) excursion of the Institute of Plant Sciences, University of Bern, southern and south-eastern Norway, 8-13 September 2012, Excursion Guide. Bjerknes Centre for Climate Research, University of Bergen, Bergen, Norway.","Internal report","XXXVI international bog (’moor’) excursion of the Institute of Plant Sciences, University of Bern, southern and south-eastern Norway, 8-13 September 2012, Excursion Guide. Bjerknes Centre for Climate Research, University of Bergen, Bergen, Norway",NA,NA,NA,NA,NA,NA,NA,NA,NA,NA,NA,NA,NA,NA,NA,NA,NA,NA,"RPDv1b:2279",1300,"Birks, H.H.",1,"Birks","H.H.",NA,NA,NA,NA,NA,NA,NA,NA,NA,"RPDv1b:2279",1300,"RPDv1b",2279,20569,815.75,8.1575,"m",0.005,"Radiocarbon date","bulk sediment",2210,40,NA,NA,"TUa-3694A",TRUE,NA,"NA Date is in uncalibrated radiocarbon years.","Tiavatnet core_POLLENSLIDE","counted","NaN-NaN",NA,NA,"",2210,2170,2250,2210,815.75,0.005,"NA Date is in uncalibrated radiocarbon years.",". Cal curve: NA. Source DB: RPDv1b","Lacustrine","Carbon-14","Radiocarbon",0,10432,"Calibrated radiocarbon years BP","sedimentary charcoal","Data Sourcing: RPDv1b","Sample Age Source: RPDv1b"
"1300",18,"charcoal | num",803.5,804,804.5,1,1895,NA,NA,"RPDv1b","Charcoal (sum)","(additional options)",NA,NA,"False","False","number","Microscopic charcoal (pollen slide)","direct",NA,"CHAR",10,NA,NA,"quant_raw",1,"volume","cm^3","RPDv1b",2279,"charcoal","count","unspec","pollen_slide","particle","num",NA,"no_size","num","RPDv1b","measured",1,"RPDv1b",NA,"Tiavatnet core",63.05972,9.41694,464,"north",NA,NA,"sedlac",1300,1,2012,"Birks, H.H., Birks, H.J.B., Bjune, A.E., Felde, V.A., 2012. Internal report. XXXVI international bog (’moor’) excursion of the Institute of Plant Sciences, University of Bern, southern and south-eastern Norway, 8-13 September 2012, Excursion Guide. Bjerknes Centre for Climate Research, University of Bergen, Bergen, Norway.","Internal report","XXXVI international bog (’moor’) excursion of the Institute of Plant Sciences, University of Bern, southern and south-eastern Norway, 8-13 September 2012, Excursion Guide. Bjerknes Centre for Climate Research, University of Bergen, Bergen, Norway",NA,NA,NA,NA,NA,NA,NA,NA,NA,NA,NA,NA,NA,NA,NA,NA,NA,NA,"RPDv1b:2279",1300,"Birks, H.H.",1,"Birks","H.H.",NA,NA,NA,NA,NA,NA,NA,NA,NA,"RPDv1b:2279",1300,"RPDv1b",2279,20570,854.75,8.5475,"m",0.005,"Radiocarbon date","bulk sediment",2985,45,NA,NA,"TUa-3654A",TRUE,NA,"NA Date is in uncalibrated radiocarbon years.","Tiavatnet core_POLLENSLIDE","counted","NaN-NaN",NA,NA,"",2985,2940,3030,2985,854.75,0.005,"NA Date is in uncalibrated radiocarbon years.",". Cal curve: NA. Source DB: RPDv1b","Lacustrine","Carbon-14","Radiocarbon",0,10432,"Calibrated radiocarbon years BP","sedimentary charcoal","Data Sourcing: RPDv1b","Sample Age Source: RPDv1b"
"1300",19,"charcoal | num",806.5,807,807.5,1,1975,NA,NA,"RPDv1b","Charcoal (sum)","(additional options)",NA,NA,"False","False","number","Microscopic charcoal (pollen slide)","direct",NA,"CHAR",16,NA,NA,"quant_raw",1,"volume","cm^3","RPDv1b",2279,"charcoal","count","unspec","pollen_slide","particle","num",NA,"no_size","num","RPDv1b","measured",1,"RPDv1b",NA,"Tiavatnet core",63.05972,9.41694,464,"north",NA,NA,"sedlac",1300,1,2012,"Birks, H.H., Birks, H.J.B., Bjune, A.E., Felde, V.A., 2012. Internal report. XXXVI international bog (’moor’) excursion of the Institute of Plant Sciences, University of Bern, southern and south-eastern Norway, 8-13 September 2012, Excursion Guide. Bjerknes Centre for Climate Research, University of Bergen, Bergen, Norway.","Internal report","XXXVI international bog (’moor’) excursion of the Institute of Plant Sciences, University of Bern, southern and south-eastern Norway, 8-13 September 2012, Excursion Guide. Bjerknes Centre for Climate Research, University of Bergen, Bergen, Norway",NA,NA,NA,NA,NA,NA,NA,NA,NA,NA,NA,NA,NA,NA,NA,NA,NA,NA,"RPDv1b:2279",1300,"Birks, H.H.",1,"Birks","H.H.",NA,NA,NA,NA,NA,NA,NA,NA,NA,"RPDv1b:2279",1300,"RPDv1b",2279,20570,854.75,8.5475,"m",0.005,"Radiocarbon date","bulk sediment",2985,45,NA,NA,"TUa-3654A",TRUE,NA,"NA Date is in uncalibrated radiocarbon years.","Tiavatnet core_POLLENSLIDE","counted","NaN-NaN",NA,NA,"",2985,2940,3030,2985,854.75,0.005,"NA Date is in uncalibrated radiocarbon years.",". Cal curve: NA. Source DB: RPDv1b","Lacustrine","Carbon-14","Radiocarbon",0,10432,"Calibrated radiocarbon years BP","sedimentary charcoal","Data Sourcing: RPDv1b","Sample Age Source: RPDv1b"
"1300",20,"charcoal | num",809.5,810,810.5,1,2055,NA,NA,"RPDv1b","Charcoal (sum)","(additional options)",NA,NA,"False","False","number","Microscopic charcoal (pollen slide)","direct",NA,"CHAR",11,NA,NA,"quant_raw",1,"volume","cm^3","RPDv1b",2279,"charcoal","count","unspec","pollen_slide","particle","num",NA,"no_size","num","RPDv1b","measured",1,"RPDv1b",NA,"Tiavatnet core",63.05972,9.41694,464,"north",NA,NA,"sedlac",1300,1,2012,"Birks, H.H., Birks, H.J.B., Bjune, A.E., Felde, V.A., 2012. Internal report. XXXVI international bog (’moor’) excursion of the Institute of Plant Sciences, University of Bern, southern and south-eastern Norway, 8-13 September 2012, Excursion Guide. Bjerknes Centre for Climate Research, University of Bergen, Bergen, Norway.","Internal report","XXXVI international bog (’moor’) excursion of the Institute of Plant Sciences, University of Bern, southern and south-eastern Norway, 8-13 September 2012, Excursion Guide. Bjerknes Centre for Climate Research, University of Bergen, Bergen, Norway",NA,NA,NA,NA,NA,NA,NA,NA,NA,NA,NA,NA,NA,NA,NA,NA,NA,NA,"RPDv1b:2279",1300,"Birks, H.H.",1,"Birks","H.H.",NA,NA,NA,NA,NA,NA,NA,NA,NA,"RPDv1b:2279",1300,"RPDv1b",2279,20570,854.75,8.5475,"m",0.005,"Radiocarbon date","bulk sediment",2985,45,NA,NA,"TUa-3654A",TRUE,NA,"NA Date is in uncalibrated radiocarbon years.","Tiavatnet core_POLLENSLIDE","counted","NaN-NaN",NA,NA,"",2985,2940,3030,2985,854.75,0.005,"NA Date is in uncalibrated radiocarbon years.",". Cal curve: NA. Source DB: RPDv1b","Lacustrine","Carbon-14","Radiocarbon",0,10432,"Calibrated radiocarbon years BP","sedimentary charcoal","Data Sourcing: RPDv1b","Sample Age Source: RPDv1b"
"1300",21,"charcoal | num",813.5,814,814.5,1,2162,NA,NA,"RPDv1b","Charcoal (sum)","(additional options)",NA,NA,"False","False","number","Microscopic charcoal (pollen slide)","direct",NA,"CHAR",15,NA,NA,"quant_raw",1,"volume","cm^3","RPDv1b",2279,"charcoal","count","unspec","pollen_slide","particle","num",NA,"no_size","num","RPDv1b","measured",1,"RPDv1b",NA,"Tiavatnet core",63.05972,9.41694,464,"north",NA,NA,"sedlac",1300,1,2012,"Birks, H.H., Birks, H.J.B., Bjune, A.E., Felde, V.A., 2012. Internal report. XXXVI international bog (’moor’) excursion of the Institute of Plant Sciences, University of Bern, southern and south-eastern Norway, 8-13 September 2012, Excursion Guide. Bjerknes Centre for Climate Research, University of Bergen, Bergen, Norway.","Internal report","XXXVI international bog (’moor’) excursion of the Institute of Plant Sciences, University of Bern, southern and south-eastern Norway, 8-13 September 2012, Excursion Guide. Bjerknes Centre for Climate Research, University of Bergen, Bergen, Norway",NA,NA,NA,NA,NA,NA,NA,NA,NA,NA,NA,NA,NA,NA,NA,NA,NA,NA,"RPDv1b:2279",1300,"Birks, H.J.B.",1,"Birks","H.J.B.",NA,NA,NA,NA,NA,NA,NA,NA,NA,"RPDv1b:2279",1300,"RPDv1b",2279,20570,854.75,8.5475,"m",0.005,"Radiocarbon date","bulk sediment",2985,45,NA,NA,"TUa-3654A",TRUE,NA,"NA Date is in uncalibrated radiocarbon years.","Tiavatnet core_POLLENSLIDE","counted","NaN-NaN",NA,NA,"",2985,2940,3030,2985,854.75,0.005,"NA Date is in uncalibrated radiocarbon years.",". Cal curve: NA. Source DB: RPDv1b","Lacustrine","Carbon-14","Radiocarbon",0,10432,"Calibrated radiocarbon years BP","sedimentary charcoal","Data Sourcing: RPDv1b","Sample Age Source: RPDv1b"
"1300",22,"charcoal | num",817.5,818,818.5,1,2254,NA,NA,"RPDv1b","Charcoal (sum)","(additional options)",NA,NA,"False","False","number","Microscopic charcoal (pollen slide)","direct",NA,"CHAR",6,NA,NA,"quant_raw",1,"volume","cm^3","RPDv1b",2279,"charcoal","count","unspec","pollen_slide","particle","num",NA,"no_size","num","RPDv1b","measured",1,"RPDv1b",NA,"Tiavatnet core",63.05972,9.41694,464,"north",NA,NA,"sedlac",1300,1,2012,"Birks, H.H., Birks, H.J.B., Bjune, A.E., Felde, V.A., 2012. Internal report. XXXVI international bog (’moor’) excursion of the Institute of Plant Sciences, University of Bern, southern and south-eastern Norway, 8-13 September 2012, Excursion Guide. Bjerknes Centre for Climate Research, University of Bergen, Bergen, Norway.","Internal report","XXXVI international bog (’moor’) excursion of the Institute of Plant Sciences, University of Bern, southern and south-eastern Norway, 8-13 September 2012, Excursion Guide. Bjerknes Centre for Climate Research, University of Bergen, Bergen, Norway",NA,NA,NA,NA,NA,NA,NA,NA,NA,NA,NA,NA,NA,NA,NA,NA,NA,NA,"RPDv1b:2279",1300,"Birks, H.J.B.",1,"Birks","H.J.B.",NA,NA,NA,NA,NA,NA,NA,NA,NA,"RPDv1b:2279",1300,"RPDv1b",2279,20570,854.75,8.5475,"m",0.005,"Radiocarbon date","bulk sediment",2985,45,NA,NA,"TUa-3654A",TRUE,NA,"NA Date is in uncalibrated radiocarbon years.","Tiavatnet core_POLLENSLIDE","counted","NaN-NaN",NA,NA,"",2985,2940,3030,2985,854.75,0.005,"NA Date is in uncalibrated radiocarbon years.",". Cal curve: NA. Source DB: RPDv1b","Lacustrine","Carbon-14","Radiocarbon",0,10432,"Calibrated radiocarbon years BP","sedimentary charcoal","Data Sourcing: RPDv1b","Sample Age Source: RPDv1b"
"1300",23,"charcoal | num",821.5,822,822.5,1,2333,NA,NA,"RPDv1b","Charcoal (sum)","(additional options)",NA,NA,"False","False","number","Microscopic charcoal (pollen slide)","direct",NA,"CHAR",13,NA,NA,"quant_raw",1,"volume","cm^3","RPDv1b",2279,"charcoal","count","unspec","pollen_slide","particle","num",NA,"no_size","num","RPDv1b","measured",1,"RPDv1b",NA,"Tiavatnet core",63.05972,9.41694,464,"north",NA,NA,"sedlac",1300,1,2012,"Birks, H.H., Birks, H.J.B., Bjune, A.E., Felde, V.A., 2012. Internal report. XXXVI international bog (’moor’) excursion of the Institute of Plant Sciences, University of Bern, southern and south-eastern Norway, 8-13 September 2012, Excursion Guide. Bjerknes Centre for Climate Research, University of Bergen, Bergen, Norway.","Internal report","XXXVI international bog (’moor’) excursion of the Institute of Plant Sciences, University of Bern, southern and south-eastern Norway, 8-13 September 2012, Excursion Guide. Bjerknes Centre for Climate Research, University of Bergen, Bergen, Norway",NA,NA,NA,NA,NA,NA,NA,NA,NA,NA,NA,NA,NA,NA,NA,NA,NA,NA,"RPDv1b:2279",1300,"Birks, H.J.B.",1,"Birks","H.J.B.",NA,NA,NA,NA,NA,NA,NA,NA,NA,"RPDv1b:2279",1300,"RPDv1b",2279,20570,854.75,8.5475,"m",0.005,"Radiocarbon date","bulk sediment",2985,45,NA,NA,"TUa-3654A",TRUE,NA,"NA Date is in uncalibrated radiocarbon years.","Tiavatnet core_POLLENSLIDE","counted","NaN-NaN",NA,NA,"",2985,2940,3030,2985,854.75,0.005,"NA Date is in uncalibrated radiocarbon years.",". Cal curve: NA. Source DB: RPDv1b","Lacustrine","Carbon-14","Radiocarbon",0,10432,"Calibrated radiocarbon years BP","sedimentary charcoal","Data Sourcing: RPDv1b","Sample Age Source: RPDv1b"
"1300",24,"charcoal | num",825.5,826,826.5,1,2413,NA,NA,"RPDv1b","Charcoal (sum)","(additional options)",NA,NA,"False","False","number","Microscopic charcoal (pollen slide)","direct",NA,"CHAR",11,NA,NA,"quant_raw",1,"volume","cm^3","RPDv1b",2279,"charcoal","count","unspec","pollen_slide","particle","num",NA,"no_size","num","RPDv1b","measured",1,"RPDv1b",NA,"Tiavatnet core",63.05972,9.41694,464,"north",NA,NA,"sedlac",1300,1,2012,"Birks, H.H., Birks, H.J.B., Bjune, A.E., Felde, V.A., 2012. Internal report. XXXVI international bog (’moor’) excursion of the Institute of Plant Sciences, University of Bern, southern and south-eastern Norway, 8-13 September 2012, Excursion Guide. Bjerknes Centre for Climate Research, University of Bergen, Bergen, Norway.","Internal report","XXXVI international bog (’moor’) excursion of the Institute of Plant Sciences, University of Bern, southern and south-eastern Norway, 8-13 September 2012, Excursion Guide. Bjerknes Centre for Climate Research, University of Bergen, Bergen, Norway",NA,NA,NA,NA,NA,NA,NA,NA,NA,NA,NA,NA,NA,NA,NA,NA,NA,NA,"RPDv1b:2279",1300,"Birks, H.J.B.",1,"Birks","H.J.B.",NA,NA,NA,NA,NA,NA,NA,NA,NA,"RPDv1b:2279",1300,"RPDv1b",2279,20570,854.75,8.5475,"m",0.005,"Radiocarbon date","bulk sediment",2985,45,NA,NA,"TUa-3654A",TRUE,NA,"NA Date is in uncalibrated radiocarbon years.","Tiavatnet core_POLLENSLIDE","counted","NaN-NaN",NA,NA,"",2985,2940,3030,2985,854.75,0.005,"NA Date is in uncalibrated radiocarbon years.",". Cal curve: NA. Source DB: RPDv1b","Lacustrine","Carbon-14","Radiocarbon",0,10432,"Calibrated radiocarbon years BP","sedimentary charcoal","Data Sourcing: RPDv1b","Sample Age Source: RPDv1b"
"1300",25,"charcoal | num",829.5,830,830.5,1,2492,NA,NA,"RPDv1b","Charcoal (sum)","(additional options)",NA,NA,"False","False","number","Microscopic charcoal (pollen slide)","direct",NA,"CHAR",2,NA,NA,"quant_raw",1,"volume","cm^3","RPDv1b",2279,"charcoal","count","unspec","pollen_slide","particle","num",NA,"no_size","num","RPDv1b","measured",1,"RPDv1b",NA,"Tiavatnet core",63.05972,9.41694,464,"north",NA,NA,"sedlac",1300,1,2012,"Birks, H.H., Birks, H.J.B., Bjune, A.E., Felde, V.A., 2012. Internal report. XXXVI international bog (’moor’) excursion of the Institute of Plant Sciences, University of Bern, southern and south-eastern Norway, 8-13 September 2012, Excursion Guide. Bjerknes Centre for Climate Research, University of Bergen, Bergen, Norway.","Internal report","XXXVI international bog (’moor’) excursion of the Institute of Plant Sciences, University of Bern, southern and south-eastern Norway, 8-13 September 2012, Excursion Guide. Bjerknes Centre for Climate Research, University of Bergen, Bergen, Norway",NA,NA,NA,NA,NA,NA,NA,NA,NA,NA,NA,NA,NA,NA,NA,NA,NA,NA,"RPDv1b:2279",1300,"Birks, H.J.B.",1,"Birks","H.J.B.",NA,NA,NA,NA,NA,NA,NA,NA,NA,"RPDv1b:2279",1300,"RPDv1b",2279,20570,854.75,8.5475,"m",0.005,"Radiocarbon date","bulk sediment",2985,45,NA,NA,"TUa-3654A",TRUE,NA,"NA Date is in uncalibrated radiocarbon years.","Tiavatnet core_POLLENSLIDE","counted","NaN-NaN",NA,NA,"",2985,2940,3030,2985,854.75,0.005,"NA Date is in uncalibrated radiocarbon years.",". Cal curve: NA. Source DB: RPDv1b","Lacustrine","Carbon-14","Radiocarbon",0,10432,"Calibrated radiocarbon years BP","sedimentary charcoal","Data Sourcing: RPDv1b","Sample Age Source: RPDv1b"
"1300",26,"charcoal | num",833.5,834,834.5,1,2572,NA,NA,"RPDv1b","Charcoal (sum)","(additional options)",NA,NA,"False","False","number","Microscopic charcoal (pollen slide)","direct",NA,"CHAR",9,NA,NA,"quant_raw",1,"volume","cm^3","RPDv1b",2279,"charcoal","count","unspec","pollen_slide","particle","num",NA,"no_size","num","RPDv1b","measured",1,"RPDv1b",NA,"Tiavatnet core",63.05972,9.41694,464,"north",NA,NA,"sedlac",1300,1,2012,"Birks, H.H., Birks, H.J.B., Bjune, A.E., Felde, V.A., 2012. Internal report. XXXVI international bog (’moor’) excursion of the Institute of Plant Sciences, University of Bern, southern and south-eastern Norway, 8-13 September 2012, Excursion Guide. Bjerknes Centre for Climate Research, University of Bergen, Bergen, Norway.","Internal report","XXXVI international bog (’moor’) excursion of the Institute of Plant Sciences, University of Bern, southern and south-eastern Norway, 8-13 September 2012, Excursion Guide. Bjerknes Centre for Climate Research, University of Bergen, Bergen, Norway",NA,NA,NA,NA,NA,NA,NA,NA,NA,NA,NA,NA,NA,NA,NA,NA,NA,NA,"RPDv1b:2279",1300,"Birks, H.J.B.",1,"Birks","H.J.B.",NA,NA,NA,NA,NA,NA,NA,NA,NA,"RPDv1b:2279",1300,"RPDv1b",2279,20570,854.75,8.5475,"m",0.005,"Radiocarbon date","bulk sediment",2985,45,NA,NA,"TUa-3654A",TRUE,NA,"NA Date is in uncalibrated radiocarbon years.","Tiavatnet core_POLLENSLIDE","counted","NaN-NaN",NA,NA,"",2985,2940,3030,2985,854.75,0.005,"NA Date is in uncalibrated radiocarbon years.",". Cal curve: NA. Source DB: RPDv1b","Lacustrine","Carbon-14","Radiocarbon",0,10432,"Calibrated radiocarbon years BP","sedimentary charcoal","Data Sourcing: RPDv1b","Sample Age Source: RPDv1b"
"1300",27,"charcoal | num",837.5,838,838.5,1,2651,NA,NA,"RPDv1b","Charcoal (sum)","(additional options)",NA,NA,"False","False","number","Microscopic charcoal (pollen slide)","direct",NA,"CHAR",19,NA,NA,"quant_raw",1,"volume","cm^3","RPDv1b",2279,"charcoal","count","unspec","pollen_slide","particle","num",NA,"no_size","num","RPDv1b","measured",1,"RPDv1b",NA,"Tiavatnet core",63.05972,9.41694,464,"north",NA,NA,"sedlac",1300,1,2012,"Birks, H.H., Birks, H.J.B., Bjune, A.E., Felde, V.A., 2012. Internal report. XXXVI international bog (’moor’) excursion of the Institute of Plant Sciences, University of Bern, southern and south-eastern Norway, 8-13 September 2012, Excursion Guide. Bjerknes Centre for Climate Research, University of Bergen, Bergen, Norway.","Internal report","XXXVI international bog (’moor’) excursion of the Institute of Plant Sciences, University of Bern, southern and south-eastern Norway, 8-13 September 2012, Excursion Guide. Bjerknes Centre for Climate Research, University of Bergen, Bergen, Norway",NA,NA,NA,NA,NA,NA,NA,NA,NA,NA,NA,NA,NA,NA,NA,NA,NA,NA,"RPDv1b:2279",1300,"Birks, H.J.B.",1,"Birks","H.J.B.",NA,NA,NA,NA,NA,NA,NA,NA,NA,"RPDv1b:2279",1300,"RPDv1b",2279,20571,916,9.16,"m",0.01,"Radiocarbon date","bulk sediment",3800,45,NA,NA,"TUa-3696A",TRUE,NA,"NA Date is in uncalibrated radiocarbon years.","Tiavatnet core_POLLENSLIDE","counted","NaN-NaN",NA,NA,"",3800,3755,3845,3800,916,0.01,"NA Date is in uncalibrated radiocarbon years.",". Cal curve: NA. Source DB: RPDv1b","Lacustrine","Carbon-14","Radiocarbon",0,10432,"Calibrated radiocarbon years BP","sedimentary charcoal","Data Sourcing: RPDv1b","Sample Age Source: RPDv1b"
"1300",28,"charcoal | num",841.5,842,842.5,1,2731,NA,NA,"RPDv1b","Charcoal (sum)","(additional options)",NA,NA,"False","False","number","Microscopic charcoal (pollen slide)","direct",NA,"CHAR",3,NA,NA,"quant_raw",1,"volume","cm^3","RPDv1b",2279,"charcoal","count","unspec","pollen_slide","particle","num",NA,"no_size","num","RPDv1b","measured",1,"RPDv1b",NA,"Tiavatnet core",63.05972,9.41694,464,"north",NA,NA,"sedlac",1300,1,2012,"Birks, H.H., Birks, H.J.B., Bjune, A.E., Felde, V.A., 2012. Internal report. XXXVI international bog (’moor’) excursion of the Institute of Plant Sciences, University of Bern, southern and south-eastern Norway, 8-13 September 2012, Excursion Guide. Bjerknes Centre for Climate Research, University of Bergen, Bergen, Norway.","Internal report","XXXVI international bog (’moor’) excursion of the Institute of Plant Sciences, University of Bern, southern and south-eastern Norway, 8-13 September 2012, Excursion Guide. Bjerknes Centre for Climate Research, University of Bergen, Bergen, Norway",NA,NA,NA,NA,NA,NA,NA,NA,NA,NA,NA,NA,NA,NA,NA,NA,NA,NA,"RPDv1b:2279",1300,"Birks, H.J.B.",1,"Birks","H.J.B.",NA,NA,NA,NA,NA,NA,NA,NA,NA,"RPDv1b:2279",1300,"RPDv1b",2279,20571,916,9.16,"m",0.01,"Radiocarbon date","bulk sediment",3800,45,NA,NA,"TUa-3696A",TRUE,NA,"NA Date is in uncalibrated radiocarbon years.","Tiavatnet core_POLLENSLIDE","counted","NaN-NaN",NA,NA,"",3800,3755,3845,3800,916,0.01,"NA Date is in uncalibrated radiocarbon years.",". Cal curve: NA. Source DB: RPDv1b","Lacustrine","Carbon-14","Radiocarbon",0,10432,"Calibrated radiocarbon years BP","sedimentary charcoal","Data Sourcing: RPDv1b","Sample Age Source: RPDv1b"
"1300",29,"charcoal | num",845.5,846,846.5,1,2810,NA,NA,"RPDv1b","Charcoal (sum)","(additional options)",NA,NA,"False","False","number","Microscopic charcoal (pollen slide)","direct",NA,"CHAR",6,NA,NA,"quant_raw",1,"volume","cm^3","RPDv1b",2279,"charcoal","count","unspec","pollen_slide","particle","num",NA,"no_size","num","RPDv1b","measured",1,"RPDv1b",NA,"Tiavatnet core",63.05972,9.41694,464,"north",NA,NA,"sedlac",1300,1,2012,"Birks, H.H., Birks, H.J.B., Bjune, A.E., Felde, V.A., 2012. Internal report. XXXVI international bog (’moor’) excursion of the Institute of Plant Sciences, University of Bern, southern and south-eastern Norway, 8-13 September 2012, Excursion Guide. Bjerknes Centre for Climate Research, University of Bergen, Bergen, Norway.","Internal report","XXXVI international bog (’moor’) excursion of the Institute of Plant Sciences, University of Bern, southern and south-eastern Norway, 8-13 September 2012, Excursion Guide. Bjerknes Centre for Climate Research, University of Bergen, Bergen, Norway",NA,NA,NA,NA,NA,NA,NA,NA,NA,NA,NA,NA,NA,NA,NA,NA,NA,NA,"RPDv1b:2279",1300,"Birks, H.J.B.",1,"Birks","H.J.B.",NA,NA,NA,NA,NA,NA,NA,NA,NA,"RPDv1b:2279",1300,"RPDv1b",2279,20571,916,9.16,"m",0.01,"Radiocarbon date","bulk sediment",3800,45,NA,NA,"TUa-3696A",TRUE,NA,"NA Date is in uncalibrated radiocarbon years.","Tiavatnet core_POLLENSLIDE","counted","NaN-NaN",NA,NA,"",3800,3755,3845,3800,916,0.01,"NA Date is in uncalibrated radiocarbon years.",". Cal curve: NA. Source DB: RPDv1b","Lacustrine","Carbon-14","Radiocarbon",0,10432,"Calibrated radiocarbon years BP","sedimentary charcoal","Data Sourcing: RPDv1b","Sample Age Source: RPDv1b"
"1300",30,"charcoal | num",849.5,850,850.5,1,2890,NA,NA,"RPDv1b","Charcoal (sum)","(additional options)",NA,NA,"False","False","number","Microscopic charcoal (pollen slide)","direct",NA,"CHAR",14,NA,NA,"quant_raw",1,"volume","cm^3","RPDv1b",2279,"charcoal","count","unspec","pollen_slide","particle","num",NA,"no_size","num","RPDv1b","measured",1,"RPDv1b",NA,"Tiavatnet core",63.05972,9.41694,464,"north",NA,NA,"sedlac",1300,1,2012,"Birks, H.H., Birks, H.J.B., Bjune, A.E., Felde, V.A., 2012. Internal report. XXXVI international bog (’moor’) excursion of the Institute of Plant Sciences, University of Bern, southern and south-eastern Norway, 8-13 September 2012, Excursion Guide. Bjerknes Centre for Climate Research, University of Bergen, Bergen, Norway.","Internal report","XXXVI international bog (’moor’) excursion of the Institute of Plant Sciences, University of Bern, southern and south-eastern Norway, 8-13 September 2012, Excursion Guide. Bjerknes Centre for Climate Research, University of Bergen, Bergen, Norway",NA,NA,NA,NA,NA,NA,NA,NA,NA,NA,NA,NA,NA,NA,NA,NA,NA,NA,"RPDv1b:2279",1300,"Birks, H.J.B.",1,"Birks","H.J.B.",NA,NA,NA,NA,NA,NA,NA,NA,NA,"RPDv1b:2279",1300,"RPDv1b",2279,20571,916,9.16,"m",0.01,"Radiocarbon date","bulk sediment",3800,45,NA,NA,"TUa-3696A",TRUE,NA,"NA Date is in uncalibrated radiocarbon years.","Tiavatnet core_POLLENSLIDE","counted","NaN-NaN",NA,NA,"",3800,3755,3845,3800,916,0.01,"NA Date is in uncalibrated radiocarbon years.",". Cal curve: NA. Source DB: RPDv1b","Lacustrine","Carbon-14","Radiocarbon",0,10432,"Calibrated radiocarbon years BP","sedimentary charcoal","Data Sourcing: RPDv1b","Sample Age Source: RPDv1b"
"1300",31,"charcoal | num",853.5,854,854.5,1,2969,NA,NA,"RPDv1b","Charcoal (sum)","(additional options)",NA,NA,"False","False","number","Microscopic charcoal (pollen slide)","direct",NA,"CHAR",6,NA,NA,"quant_raw",1,"volume","cm^3","RPDv1b",2279,"charcoal","count","unspec","pollen_slide","particle","num",NA,"no_size","num","RPDv1b","measured",1,"RPDv1b",NA,"Tiavatnet core",63.05972,9.41694,464,"north",NA,NA,"sedlac",1300,1,2012,"Birks, H.H., Birks, H.J.B., Bjune, A.E., Felde, V.A., 2012. Internal report. XXXVI international bog (’moor’) excursion of the Institute of Plant Sciences, University of Bern, southern and south-eastern Norway, 8-13 September 2012, Excursion Guide. Bjerknes Centre for Climate Research, University of Bergen, Bergen, Norway.","Internal report","XXXVI international bog (’moor’) excursion of the Institute of Plant Sciences, University of Bern, southern and south-eastern Norway, 8-13 September 2012, Excursion Guide. Bjerknes Centre for Climate Research, University of Bergen, Bergen, Norway",NA,NA,NA,NA,NA,NA,NA,NA,NA,NA,NA,NA,NA,NA,NA,NA,NA,NA,"RPDv1b:2279",1300,"Birks, H.J.B.",1,"Birks","H.J.B.",NA,NA,NA,NA,NA,NA,NA,NA,NA,"RPDv1b:2279",1300,"RPDv1b",2279,20571,916,9.16,"m",0.01,"Radiocarbon date","bulk sediment",3800,45,NA,NA,"TUa-3696A",TRUE,NA,"NA Date is in uncalibrated radiocarbon years.","Tiavatnet core_POLLENSLIDE","counted","NaN-NaN",NA,NA,"",3800,3755,3845,3800,916,0.01,"NA Date is in uncalibrated radiocarbon years.",". Cal curve: NA. Source DB: RPDv1b","Lacustrine","Carbon-14","Radiocarbon",0,10432,"Calibrated radiocarbon years BP","sedimentary charcoal","Data Sourcing: RPDv1b","Sample Age Source: RPDv1b"
"1300",32,"charcoal | num",857.5,858,858.5,1,3028,NA,NA,"RPDv1b","Charcoal (sum)","(additional options)",NA,NA,"False","False","number","Microscopic charcoal (pollen slide)","direct",NA,"CHAR",9,NA,NA,"quant_raw",1,"volume","cm^3","RPDv1b",2279,"charcoal","count","unspec","pollen_slide","particle","num",NA,"no_size","num","RPDv1b","measured",1,"RPDv1b",NA,"Tiavatnet core",63.05972,9.41694,464,"north",NA,NA,"sedlac",1300,1,2012,"Birks, H.H., Birks, H.J.B., Bjune, A.E., Felde, V.A., 2012. Internal report. XXXVI international bog (’moor’) excursion of the Institute of Plant Sciences, University of Bern, southern and south-eastern Norway, 8-13 September 2012, Excursion Guide. Bjerknes Centre for Climate Research, University of Bergen, Bergen, Norway.","Internal report","XXXVI international bog (’moor’) excursion of the Institute of Plant Sciences, University of Bern, southern and south-eastern Norway, 8-13 September 2012, Excursion Guide. Bjerknes Centre for Climate Research, University of Bergen, Bergen, Norway",NA,NA,NA,NA,NA,NA,NA,NA,NA,NA,NA,NA,NA,NA,NA,NA,NA,NA,"RPDv1b:2279",1300,"Birks, H.J.B.",1,"Birks","H.J.B.",NA,NA,NA,NA,NA,NA,NA,NA,NA,"RPDv1b:2279",1300,"RPDv1b",2279,20571,916,9.16,"m",0.01,"Radiocarbon date","bulk sediment",3800,45,NA,NA,"TUa-3696A",TRUE,NA,"NA Date is in uncalibrated radiocarbon years.","Tiavatnet core_POLLENSLIDE","counted","NaN-NaN",NA,NA,"",3800,3755,3845,3800,916,0.01,"NA Date is in uncalibrated radiocarbon years.",". Cal curve: NA. Source DB: RPDv1b","Lacustrine","Carbon-14","Radiocarbon",0,10432,"Calibrated radiocarbon years BP","sedimentary charcoal","Data Sourcing: RPDv1b","Sample Age Source: RPDv1b"
"1300",33,"charcoal | num",861.5,862,862.5,1,3081,NA,NA,"RPDv1b","Charcoal (sum)","(additional options)",NA,NA,"False","False","number","Microscopic charcoal (pollen slide)","direct",NA,"CHAR",4,NA,NA,"quant_raw",1,"volume","cm^3","RPDv1b",2279,"charcoal","count","unspec","pollen_slide","particle","num",NA,"no_size","num","RPDv1b","measured",1,"RPDv1b",NA,"Tiavatnet core",63.05972,9.41694,464,"north",NA,NA,"sedlac",1300,1,2012,"Birks, H.H., Birks, H.J.B., Bjune, A.E., Felde, V.A., 2012. Internal report. XXXVI international bog (’moor’) excursion of the Institute of Plant Sciences, University of Bern, southern and south-eastern Norway, 8-13 September 2012, Excursion Guide. Bjerknes Centre for Climate Research, University of Bergen, Bergen, Norway.","Internal report","XXXVI international bog (’moor’) excursion of the Institute of Plant Sciences, University of Bern, southern and south-eastern Norway, 8-13 September 2012, Excursion Guide. Bjerknes Centre for Climate Research, University of Bergen, Bergen, Norway",NA,NA,NA,NA,NA,NA,NA,NA,NA,NA,NA,NA,NA,NA,NA,NA,NA,NA,"RPDv1b:2279",1300,"Birks, H.J.B.",1,"Birks","H.J.B.",NA,NA,NA,NA,NA,NA,NA,NA,NA,"RPDv1b:2279",1300,"RPDv1b",2279,20571,916,9.16,"m",0.01,"Radiocarbon date","bulk sediment",3800,45,NA,NA,"TUa-3696A",TRUE,NA,"NA Date is in uncalibrated radiocarbon years.","Tiavatnet core_POLLENSLIDE","counted","NaN-NaN",NA,NA,"",3800,3755,3845,3800,916,0.01,"NA Date is in uncalibrated radiocarbon years.",". Cal curve: NA. Source DB: RPDv1b","Lacustrine","Carbon-14","Radiocarbon",0,10432,"Calibrated radiocarbon years BP","sedimentary charcoal","Data Sourcing: RPDv1b","Sample Age Source: RPDv1b"
"1300",34,"charcoal | num",865.5,866,866.5,1,3134,NA,NA,"RPDv1b","Charcoal (sum)","(additional options)",NA,NA,"False","False","number","Microscopic charcoal (pollen slide)","direct",NA,"CHAR",14,NA,NA,"quant_raw",1,"volume","cm^3","RPDv1b",2279,"charcoal","count","unspec","pollen_slide","particle","num",NA,"no_size","num","RPDv1b","measured",1,"RPDv1b",NA,"Tiavatnet core",63.05972,9.41694,464,"north",NA,NA,"sedlac",1300,1,2012,"Birks, H.H., Birks, H.J.B., Bjune, A.E., Felde, V.A., 2012. Internal report. XXXVI international bog (’moor’) excursion of the Institute of Plant Sciences, University of Bern, southern and south-eastern Norway, 8-13 September 2012, Excursion Guide. Bjerknes Centre for Climate Research, University of Bergen, Bergen, Norway.","Internal report","XXXVI international bog (’moor’) excursion of the Institute of Plant Sciences, University of Bern, southern and south-eastern Norway, 8-13 September 2012, Excursion Guide. Bjerknes Centre for Climate Research, University of Bergen, Bergen, Norway",NA,NA,NA,NA,NA,NA,NA,NA,NA,NA,NA,NA,NA,NA,NA,NA,NA,NA,"RPDv1b:2279",1300,"Birks, H.J.B.",1,"Birks","H.J.B.",NA,NA,NA,NA,NA,NA,NA,NA,NA,"RPDv1b:2279",1300,"RPDv1b",2279,20571,916,9.16,"m",0.01,"Radiocarbon date","bulk sediment",3800,45,NA,NA,"TUa-3696A",TRUE,NA,"NA Date is in uncalibrated radiocarbon years.","Tiavatnet core_POLLENSLIDE","counted","NaN-NaN",NA,NA,"",3800,3755,3845,3800,916,0.01,"NA Date is in uncalibrated radiocarbon years.",". Cal curve: NA. Source DB: RPDv1b","Lacustrine","Carbon-14","Radiocarbon",0,10432,"Calibrated radiocarbon years BP","sedimentary charcoal","Data Sourcing: RPDv1b","Sample Age Source: RPDv1b"
"1300",35,"charcoal | num",869.5,870,870.5,1,3187,NA,NA,"RPDv1b","Charcoal (sum)","(additional options)",NA,NA,"False","False","number","Microscopic charcoal (pollen slide)","direct",NA,"CHAR",3,NA,NA,"quant_raw",1,"volume","cm^3","RPDv1b",2279,"charcoal","count","unspec","pollen_slide","particle","num",NA,"no_size","num","RPDv1b","measured",1,"RPDv1b",NA,"Tiavatnet core",63.05972,9.41694,464,"north",NA,NA,"sedlac",1300,1,2012,"Birks, H.H., Birks, H.J.B., Bjune, A.E., Felde, V.A., 2012. Internal report. XXXVI international bog (’moor’) excursion of the Institute of Plant Sciences, University of Bern, southern and south-eastern Norway, 8-13 September 2012, Excursion Guide. Bjerknes Centre for Climate Research, University of Bergen, Bergen, Norway.","Internal report","XXXVI international bog (’moor’) excursion of the Institute of Plant Sciences, University of Bern, southern and south-eastern Norway, 8-13 September 2012, Excursion Guide. Bjerknes Centre for Climate Research, University of Bergen, Bergen, Norway",NA,NA,NA,NA,NA,NA,NA,NA,NA,NA,NA,NA,NA,NA,NA,NA,NA,NA,"RPDv1b:2279",1300,"Birks, H.J.B.",1,"Birks","H.J.B.",NA,NA,NA,NA,NA,NA,NA,NA,NA,"RPDv1b:2279",1300,"RPDv1b",2279,20571,916,9.16,"m",0.01,"Radiocarbon date","bulk sediment",3800,45,NA,NA,"TUa-3696A",TRUE,NA,"NA Date is in uncalibrated radiocarbon years.","Tiavatnet core_POLLENSLIDE","counted","NaN-NaN",NA,NA,"",3800,3755,3845,3800,916,0.01,"NA Date is in uncalibrated radiocarbon years.",". Cal curve: NA. Source DB: RPDv1b","Lacustrine","Carbon-14","Radiocarbon",0,10432,"Calibrated radiocarbon years BP","sedimentary charcoal","Data Sourcing: RPDv1b","Sample Age Source: RPDv1b"
"1300",36,"charcoal | num",873.5,874,874.5,1,3241,NA,NA,"RPDv1b","Charcoal (sum)","(additional options)",NA,NA,"False","False","number","Microscopic charcoal (pollen slide)","direct",NA,"CHAR",9,NA,NA,"quant_raw",1,"volume","cm^3","RPDv1b",2279,"charcoal","count","unspec","pollen_slide","particle","num",NA,"no_size","num","RPDv1b","measured",1,"RPDv1b",NA,"Tiavatnet core",63.05972,9.41694,464,"north",NA,NA,"sedlac",1300,1,2012,"Birks, H.H., Birks, H.J.B., Bjune, A.E., Felde, V.A., 2012. Internal report. XXXVI international bog (’moor’) excursion of the Institute of Plant Sciences, University of Bern, southern and south-eastern Norway, 8-13 September 2012, Excursion Guide. Bjerknes Centre for Climate Research, University of Bergen, Bergen, Norway.","Internal report","XXXVI international bog (’moor’) excursion of the Institute of Plant Sciences, University of Bern, southern and south-eastern Norway, 8-13 September 2012, Excursion Guide. Bjerknes Centre for Climate Research, University of Bergen, Bergen, Norway",NA,NA,NA,NA,NA,NA,NA,NA,NA,NA,NA,NA,NA,NA,NA,NA,NA,NA,"RPDv1b:2279",1300,"Birks, H.J.B.",1,"Birks","H.J.B.",NA,NA,NA,NA,NA,NA,NA,NA,NA,"RPDv1b:2279",1300,"RPDv1b",2279,20572,984,9.84,"m",0.01,"Radiocarbon date","bulk sediment",6025,50,NA,NA,"TUa-3697A",TRUE,NA,"NA Date is in uncalibrated radiocarbon years.","Tiavatnet core_POLLENSLIDE","counted","NaN-NaN",NA,NA,"",6025,5975,6075,6025,984,0.01,"NA Date is in uncalibrated radiocarbon years.",". Cal curve: NA. Source DB: RPDv1b","Lacustrine","Carbon-14","Radiocarbon",0,10432,"Calibrated radiocarbon years BP","sedimentary charcoal","Data Sourcing: RPDv1b","Sample Age Source: RPDv1b"
"1300",37,"charcoal | num",877.5,878,878.5,1,3294,NA,NA,"RPDv1b","Charcoal (sum)","(additional options)",NA,NA,"False","False","number","Microscopic charcoal (pollen slide)","direct",NA,"CHAR",8,NA,NA,"quant_raw",1,"volume","cm^3","RPDv1b",2279,"charcoal","count","unspec","pollen_slide","particle","num",NA,"no_size","num","RPDv1b","measured",1,"RPDv1b",NA,"Tiavatnet core",63.05972,9.41694,464,"north",NA,NA,"sedlac",1300,1,2012,"Birks, H.H., Birks, H.J.B., Bjune, A.E., Felde, V.A., 2012. Internal report. XXXVI international bog (’moor’) excursion of the Institute of Plant Sciences, University of Bern, southern and south-eastern Norway, 8-13 September 2012, Excursion Guide. Bjerknes Centre for Climate Research, University of Bergen, Bergen, Norway.","Internal report","XXXVI international bog (’moor’) excursion of the Institute of Plant Sciences, University of Bern, southern and south-eastern Norway, 8-13 September 2012, Excursion Guide. Bjerknes Centre for Climate Research, University of Bergen, Bergen, Norway",NA,NA,NA,NA,NA,NA,NA,NA,NA,NA,NA,NA,NA,NA,NA,NA,NA,NA,"RPDv1b:2279",1300,"Birks, H.J.B.",1,"Birks","H.J.B.",NA,NA,NA,NA,NA,NA,NA,NA,NA,"RPDv1b:2279",1300,"RPDv1b",2279,20572,984,9.84,"m",0.01,"Radiocarbon date","bulk sediment",6025,50,NA,NA,"TUa-3697A",TRUE,NA,"NA Date is in uncalibrated radiocarbon years.","Tiavatnet core_POLLENSLIDE","counted","NaN-NaN",NA,NA,"",6025,5975,6075,6025,984,0.01,"NA Date is in uncalibrated radiocarbon years.",". Cal curve: NA. Source DB: RPDv1b","Lacustrine","Carbon-14","Radiocarbon",0,10432,"Calibrated radiocarbon years BP","sedimentary charcoal","Data Sourcing: RPDv1b","Sample Age Source: RPDv1b"
"1300",38,"charcoal | num",881.5,882,882.5,1,3347,NA,NA,"RPDv1b","Charcoal (sum)","(additional options)",NA,NA,"False","False","number","Microscopic charcoal (pollen slide)","direct",NA,"CHAR",3,NA,NA,"quant_raw",1,"volume","cm^3","RPDv1b",2279,"charcoal","count","unspec","pollen_slide","particle","num",NA,"no_size","num","RPDv1b","measured",1,"RPDv1b",NA,"Tiavatnet core",63.05972,9.41694,464,"north",NA,NA,"sedlac",1300,1,2012,"Birks, H.H., Birks, H.J.B., Bjune, A.E., Felde, V.A., 2012. Internal report. XXXVI international bog (’moor’) excursion of the Institute of Plant Sciences, University of Bern, southern and south-eastern Norway, 8-13 September 2012, Excursion Guide. Bjerknes Centre for Climate Research, University of Bergen, Bergen, Norway.","Internal report","XXXVI international bog (’moor’) excursion of the Institute of Plant Sciences, University of Bern, southern and south-eastern Norway, 8-13 September 2012, Excursion Guide. Bjerknes Centre for Climate Research, University of Bergen, Bergen, Norway",NA,NA,NA,NA,NA,NA,NA,NA,NA,NA,NA,NA,NA,NA,NA,NA,NA,NA,"RPDv1b:2279",1300,"Birks, H.J.B.",1,"Birks","H.J.B.",NA,NA,NA,NA,NA,NA,NA,NA,NA,"RPDv1b:2279",1300,"RPDv1b",2279,20572,984,9.84,"m",0.01,"Radiocarbon date","bulk sediment",6025,50,NA,NA,"TUa-3697A",TRUE,NA,"NA Date is in uncalibrated radiocarbon years.","Tiavatnet core_POLLENSLIDE","counted","NaN-NaN",NA,NA,"",6025,5975,6075,6025,984,0.01,"NA Date is in uncalibrated radiocarbon years.",". Cal curve: NA. Source DB: RPDv1b","Lacustrine","Carbon-14","Radiocarbon",0,10432,"Calibrated radiocarbon years BP","sedimentary charcoal","Data Sourcing: RPDv1b","Sample Age Source: RPDv1b"
"1300",39,"charcoal | num",885.5,886,886.5,1,3400,NA,NA,"RPDv1b","Charcoal (sum)","(additional options)",NA,NA,"False","False","number","Microscopic charcoal (pollen slide)","direct",NA,"CHAR",10,NA,NA,"quant_raw",1,"volume","cm^3","RPDv1b",2279,"charcoal","count","unspec","pollen_slide","particle","num",NA,"no_size","num","RPDv1b","measured",1,"RPDv1b",NA,"Tiavatnet core",63.05972,9.41694,464,"north",NA,NA,"sedlac",1300,1,2012,"Birks, H.H., Birks, H.J.B., Bjune, A.E., Felde, V.A., 2012. Internal report. XXXVI international bog (’moor’) excursion of the Institute of Plant Sciences, University of Bern, southern and south-eastern Norway, 8-13 September 2012, Excursion Guide. Bjerknes Centre for Climate Research, University of Bergen, Bergen, Norway.","Internal report","XXXVI international bog (’moor’) excursion of the Institute of Plant Sciences, University of Bern, southern and south-eastern Norway, 8-13 September 2012, Excursion Guide. Bjerknes Centre for Climate Research, University of Bergen, Bergen, Norway",NA,NA,NA,NA,NA,NA,NA,NA,NA,NA,NA,NA,NA,NA,NA,NA,NA,NA,"RPDv1b:2279",1300,"Birks, H.J.B.",1,"Birks","H.J.B.",NA,NA,NA,NA,NA,NA,NA,NA,NA,"RPDv1b:2279",1300,"RPDv1b",2279,20572,984,9.84,"m",0.01,"Radiocarbon date","bulk sediment",6025,50,NA,NA,"TUa-3697A",TRUE,NA,"NA Date is in uncalibrated radiocarbon years.","Tiavatnet core_POLLENSLIDE","counted","NaN-NaN",NA,NA,"",6025,5975,6075,6025,984,0.01,"NA Date is in uncalibrated radiocarbon years.",". Cal curve: NA. Source DB: RPDv1b","Lacustrine","Carbon-14","Radiocarbon",0,10432,"Calibrated radiocarbon years BP","sedimentary charcoal","Data Sourcing: RPDv1b","Sample Age Source: RPDv1b"
"1300",40,"charcoal | num",889.5,890,890.5,1,3454,NA,NA,"RPDv1b","Charcoal (sum)","(additional options)",NA,NA,"False","False","number","Microscopic charcoal (pollen slide)","direct",NA,"CHAR",3,NA,NA,"quant_raw",1,"volume","cm^3","RPDv1b",2279,"charcoal","count","unspec","pollen_slide","particle","num",NA,"no_size","num","RPDv1b","measured",1,"RPDv1b",NA,"Tiavatnet core",63.05972,9.41694,464,"north",NA,NA,"sedlac",1300,1,2012,"Birks, H.H., Birks, H.J.B., Bjune, A.E., Felde, V.A., 2012. Internal report. XXXVI international bog (’moor’) excursion of the Institute of Plant Sciences, University of Bern, southern and south-eastern Norway, 8-13 September 2012, Excursion Guide. Bjerknes Centre for Climate Research, University of Bergen, Bergen, Norway.","Internal report","XXXVI international bog (’moor’) excursion of the Institute of Plant Sciences, University of Bern, southern and south-eastern Norway, 8-13 September 2012, Excursion Guide. Bjerknes Centre for Climate Research, University of Bergen, Bergen, Norway",NA,NA,NA,NA,NA,NA,NA,NA,NA,NA,NA,NA,NA,NA,NA,NA,NA,NA,"RPDv1b:2279",1300,"Birks, H.J.B.",1,"Birks","H.J.B.",NA,NA,NA,NA,NA,NA,NA,NA,NA,"RPDv1b:2279",1300,"RPDv1b",2279,20572,984,9.84,"m",0.01,"Radiocarbon date","bulk sediment",6025,50,NA,NA,"TUa-3697A",TRUE,NA,"NA Date is in uncalibrated radiocarbon years.","Tiavatnet core_POLLENSLIDE","counted","NaN-NaN",NA,NA,"",6025,5975,6075,6025,984,0.01,"NA Date is in uncalibrated radiocarbon years.",". Cal curve: NA. Source DB: RPDv1b","Lacustrine","Carbon-14","Radiocarbon",0,10432,"Calibrated radiocarbon years BP","sedimentary charcoal","Data Sourcing: RPDv1b","Sample Age Source: RPDv1b"
"1300",41,"charcoal | num",893.5,894,894.5,1,3507,NA,NA,"RPDv1b","Charcoal (sum)","(additional options)",NA,NA,"False","False","number","Microscopic charcoal (pollen slide)","direct",NA,"CHAR",14,NA,NA,"quant_raw",1,"volume","cm^3","RPDv1b",2279,"charcoal","count","unspec","pollen_slide","particle","num",NA,"no_size","num","RPDv1b","measured",1,"RPDv1b",NA,"Tiavatnet core",63.05972,9.41694,464,"north",NA,NA,"sedlac",1300,1,2012,"Birks, H.H., Birks, H.J.B., Bjune, A.E., Felde, V.A., 2012. Internal report. XXXVI international bog (’moor’) excursion of the Institute of Plant Sciences, University of Bern, southern and south-eastern Norway, 8-13 September 2012, Excursion Guide. Bjerknes Centre for Climate Research, University of Bergen, Bergen, Norway.","Internal report","XXXVI international bog (’moor’) excursion of the Institute of Plant Sciences, University of Bern, southern and south-eastern Norway, 8-13 September 2012, Excursion Guide. Bjerknes Centre for Climate Research, University of Bergen, Bergen, Norway",NA,NA,NA,NA,NA,NA,NA,NA,NA,NA,NA,NA,NA,NA,NA,NA,NA,NA,"RPDv1b:2279",1300,"Birks, H.J.B.",1,"Birks","H.J.B.",NA,NA,NA,NA,NA,NA,NA,NA,NA,"RPDv1b:2279",1300,"RPDv1b",2279,20572,984,9.84,"m",0.01,"Radiocarbon date","bulk sediment",6025,50,NA,NA,"TUa-3697A",TRUE,NA,"NA Date is in uncalibrated radiocarbon years.","Tiavatnet core_POLLENSLIDE","counted","NaN-NaN",NA,NA,"",6025,5975,6075,6025,984,0.01,"NA Date is in uncalibrated radiocarbon years.",". Cal curve: NA. Source DB: RPDv1b","Lacustrine","Carbon-14","Radiocarbon",0,10432,"Calibrated radiocarbon years BP","sedimentary charcoal","Data Sourcing: RPDv1b","Sample Age Source: RPDv1b"
"1300",42,"charcoal | num",897.5,898,898.5,1,3560,NA,NA,"RPDv1b","Charcoal (sum)","(additional options)",NA,NA,"False","False","number","Microscopic charcoal (pollen slide)","direct",NA,"CHAR",3,NA,NA,"quant_raw",1,"volume","cm^3","RPDv1b",2279,"charcoal","count","unspec","pollen_slide","particle","num",NA,"no_size","num","RPDv1b","measured",1,"RPDv1b",NA,"Tiavatnet core",63.05972,9.41694,464,"north",NA,NA,"sedlac",1300,1,2012,"Birks, H.H., Birks, H.J.B., Bjune, A.E., Felde, V.A., 2012. Internal report. XXXVI international bog (’moor’) excursion of the Institute of Plant Sciences, University of Bern, southern and south-eastern Norway, 8-13 September 2012, Excursion Guide. Bjerknes Centre for Climate Research, University of Bergen, Bergen, Norway.","Internal report","XXXVI international bog (’moor’) excursion of the Institute of Plant Sciences, University of Bern, southern and south-eastern Norway, 8-13 September 2012, Excursion Guide. Bjerknes Centre for Climate Research, University of Bergen, Bergen, Norway",NA,NA,NA,NA,NA,NA,NA,NA,NA,NA,NA,NA,NA,NA,NA,NA,NA,NA,"RPDv1b:2279",1300,"Bjune, A.E.",1,"Bjune","A.E.",NA,NA,NA,NA,NA,NA,NA,NA,NA,"RPDv1b:2279",1300,"RPDv1b",2279,20572,984,9.84,"m",0.01,"Radiocarbon date","bulk sediment",6025,50,NA,NA,"TUa-3697A",TRUE,NA,"NA Date is in uncalibrated radiocarbon years.","Tiavatnet core_POLLENSLIDE","counted","NaN-NaN",NA,NA,"",6025,5975,6075,6025,984,0.01,"NA Date is in uncalibrated radiocarbon years.",". Cal curve: NA. Source DB: RPDv1b","Lacustrine","Carbon-14","Radiocarbon",0,10432,"Calibrated radiocarbon years BP","sedimentary charcoal","Data Sourcing: RPDv1b","Sample Age Source: RPDv1b"
"1300",43,"charcoal | num",902.5,903,903.5,1,3627,NA,NA,"RPDv1b","Charcoal (sum)","(additional options)",NA,NA,"False","False","number","Microscopic charcoal (pollen slide)","direct",NA,"CHAR",3,NA,NA,"quant_raw",1,"volume","cm^3","RPDv1b",2279,"charcoal","count","unspec","pollen_slide","particle","num",NA,"no_size","num","RPDv1b","measured",1,"RPDv1b",NA,"Tiavatnet core",63.05972,9.41694,464,"north",NA,NA,"sedlac",1300,1,2012,"Birks, H.H., Birks, H.J.B., Bjune, A.E., Felde, V.A., 2012. Internal report. XXXVI international bog (’moor’) excursion of the Institute of Plant Sciences, University of Bern, southern and south-eastern Norway, 8-13 September 2012, Excursion Guide. Bjerknes Centre for Climate Research, University of Bergen, Bergen, Norway.","Internal report","XXXVI international bog (’moor’) excursion of the Institute of Plant Sciences, University of Bern, southern and south-eastern Norway, 8-13 September 2012, Excursion Guide. Bjerknes Centre for Climate Research, University of Bergen, Bergen, Norway",NA,NA,NA,NA,NA,NA,NA,NA,NA,NA,NA,NA,NA,NA,NA,NA,NA,NA,"RPDv1b:2279",1300,"Bjune, A.E.",1,"Bjune","A.E.",NA,NA,NA,NA,NA,NA,NA,NA,NA,"RPDv1b:2279",1300,"RPDv1b",2279,20572,984,9.84,"m",0.01,"Radiocarbon date","bulk sediment",6025,50,NA,NA,"TUa-3697A",TRUE,NA,"NA Date is in uncalibrated radiocarbon years.","Tiavatnet core_POLLENSLIDE","counted","NaN-NaN",NA,NA,"",6025,5975,6075,6025,984,0.01,"NA Date is in uncalibrated radiocarbon years.",". Cal curve: NA. Source DB: RPDv1b","Lacustrine","Carbon-14","Radiocarbon",0,10432,"Calibrated radiocarbon years BP","sedimentary charcoal","Data Sourcing: RPDv1b","Sample Age Source: RPDv1b"
"1300",44,"charcoal | num",905.5,906,906.5,1,3667,NA,NA,"RPDv1b","Charcoal (sum)","(additional options)",NA,NA,"False","False","number","Microscopic charcoal (pollen slide)","direct",NA,"CHAR",4,NA,NA,"quant_raw",1,"volume","cm^3","RPDv1b",2279,"charcoal","count","unspec","pollen_slide","particle","num",NA,"no_size","num","RPDv1b","measured",1,"RPDv1b",NA,"Tiavatnet core",63.05972,9.41694,464,"north",NA,NA,"sedlac",1300,1,2012,"Birks, H.H., Birks, H.J.B., Bjune, A.E., Felde, V.A., 2012. Internal report. XXXVI international bog (’moor’) excursion of the Institute of Plant Sciences, University of Bern, southern and south-eastern Norway, 8-13 September 2012, Excursion Guide. Bjerknes Centre for Climate Research, University of Bergen, Bergen, Norway.","Internal report","XXXVI international bog (’moor’) excursion of the Institute of Plant Sciences, University of Bern, southern and south-eastern Norway, 8-13 September 2012, Excursion Guide. Bjerknes Centre for Climate Research, University of Bergen, Bergen, Norway",NA,NA,NA,NA,NA,NA,NA,NA,NA,NA,NA,NA,NA,NA,NA,NA,NA,NA,"RPDv1b:2279",1300,"Bjune, A.E.",1,"Bjune","A.E.",NA,NA,NA,NA,NA,NA,NA,NA,NA,"RPDv1b:2279",1300,"RPDv1b",2279,20572,984,9.84,"m",0.01,"Radiocarbon date","bulk sediment",6025,50,NA,NA,"TUa-3697A",TRUE,NA,"NA Date is in uncalibrated radiocarbon years.","Tiavatnet core_POLLENSLIDE","counted","NaN-NaN",NA,NA,"",6025,5975,6075,6025,984,0.01,"NA Date is in uncalibrated radiocarbon years.",". Cal curve: NA. Source DB: RPDv1b","Lacustrine","Carbon-14","Radiocarbon",0,10432,"Calibrated radiocarbon years BP","sedimentary charcoal","Data Sourcing: RPDv1b","Sample Age Source: RPDv1b"
"1300",45,"charcoal | num",909.5,910,910.5,1,3720,NA,NA,"RPDv1b","Charcoal (sum)","(additional options)",NA,NA,"False","False","number","Microscopic charcoal (pollen slide)","direct",NA,"CHAR",2,NA,NA,"quant_raw",1,"volume","cm^3","RPDv1b",2279,"charcoal","count","unspec","pollen_slide","particle","num",NA,"no_size","num","RPDv1b","measured",1,"RPDv1b",NA,"Tiavatnet core",63.05972,9.41694,464,"north",NA,NA,"sedlac",1300,1,2012,"Birks, H.H., Birks, H.J.B., Bjune, A.E., Felde, V.A., 2012. Internal report. XXXVI international bog (’moor’) excursion of the Institute of Plant Sciences, University of Bern, southern and south-eastern Norway, 8-13 September 2012, Excursion Guide. Bjerknes Centre for Climate Research, University of Bergen, Bergen, Norway.","Internal report","XXXVI international bog (’moor’) excursion of the Institute of Plant Sciences, University of Bern, southern and south-eastern Norway, 8-13 September 2012, Excursion Guide. Bjerknes Centre for Climate Research, University of Bergen, Bergen, Norway",NA,NA,NA,NA,NA,NA,NA,NA,NA,NA,NA,NA,NA,NA,NA,NA,NA,NA,"RPDv1b:2279",1300,"Bjune, A.E.",1,"Bjune","A.E.",NA,NA,NA,NA,NA,NA,NA,NA,NA,"RPDv1b:2279",1300,"RPDv1b",2279,20573,1028,10.28,"m",0.01,"Radiocarbon date","bulk sediment",7830,80,NA,NA,"TUa-3698A",TRUE,NA,"NA Date is in uncalibrated radiocarbon years.","Tiavatnet core_POLLENSLIDE","counted","NaN-NaN",NA,NA,"",7830,7750,7910,7830,1028,0.01,"NA Date is in uncalibrated radiocarbon years.",". Cal curve: NA. Source DB: RPDv1b","Lacustrine","Carbon-14","Radiocarbon",0,10432,"Calibrated radiocarbon years BP","sedimentary charcoal","Data Sourcing: RPDv1b","Sample Age Source: RPDv1b"
"1300",46,"charcoal | num",913.5,914,914.5,1,3773,NA,NA,"RPDv1b","Charcoal (sum)","(additional options)",NA,NA,"False","False","number","Microscopic charcoal (pollen slide)","direct",NA,"CHAR",3,NA,NA,"quant_raw",1,"volume","cm^3","RPDv1b",2279,"charcoal","count","unspec","pollen_slide","particle","num",NA,"no_size","num","RPDv1b","measured",1,"RPDv1b",NA,"Tiavatnet core",63.05972,9.41694,464,"north",NA,NA,"sedlac",1300,1,2012,"Birks, H.H., Birks, H.J.B., Bjune, A.E., Felde, V.A., 2012. Internal report. XXXVI international bog (’moor’) excursion of the Institute of Plant Sciences, University of Bern, southern and south-eastern Norway, 8-13 September 2012, Excursion Guide. Bjerknes Centre for Climate Research, University of Bergen, Bergen, Norway.","Internal report","XXXVI international bog (’moor’) excursion of the Institute of Plant Sciences, University of Bern, southern and south-eastern Norway, 8-13 September 2012, Excursion Guide. Bjerknes Centre for Climate Research, University of Bergen, Bergen, Norway",NA,NA,NA,NA,NA,NA,NA,NA,NA,NA,NA,NA,NA,NA,NA,NA,NA,NA,"RPDv1b:2279",1300,"Bjune, A.E.",1,"Bjune","A.E.",NA,NA,NA,NA,NA,NA,NA,NA,NA,"RPDv1b:2279",1300,"RPDv1b",2279,20573,1028,10.28,"m",0.01,"Radiocarbon date","bulk sediment",7830,80,NA,NA,"TUa-3698A",TRUE,NA,"NA Date is in uncalibrated radiocarbon years.","Tiavatnet core_POLLENSLIDE","counted","NaN-NaN",NA,NA,"",7830,7750,7910,7830,1028,0.01,"NA Date is in uncalibrated radiocarbon years.",". Cal curve: NA. Source DB: RPDv1b","Lacustrine","Carbon-14","Radiocarbon",0,10432,"Calibrated radiocarbon years BP","sedimentary charcoal","Data Sourcing: RPDv1b","Sample Age Source: RPDv1b"
"1300",47,"charcoal | num",917.5,918,918.5,1,3865,NA,NA,"RPDv1b","Charcoal (sum)","(additional options)",NA,NA,"False","False","number","Microscopic charcoal (pollen slide)","direct",NA,"CHAR",18,NA,NA,"quant_raw",1,"volume","cm^3","RPDv1b",2279,"charcoal","count","unspec","pollen_slide","particle","num",NA,"no_size","num","RPDv1b","measured",1,"RPDv1b",NA,"Tiavatnet core",63.05972,9.41694,464,"north",NA,NA,"sedlac",1300,1,2012,"Birks, H.H., Birks, H.J.B., Bjune, A.E., Felde, V.A., 2012. Internal report. XXXVI international bog (’moor’) excursion of the Institute of Plant Sciences, University of Bern, southern and south-eastern Norway, 8-13 September 2012, Excursion Guide. Bjerknes Centre for Climate Research, University of Bergen, Bergen, Norway.","Internal report","XXXVI international bog (’moor’) excursion of the Institute of Plant Sciences, University of Bern, southern and south-eastern Norway, 8-13 September 2012, Excursion Guide. Bjerknes Centre for Climate Research, University of Bergen, Bergen, Norway",NA,NA,NA,NA,NA,NA,NA,NA,NA,NA,NA,NA,NA,NA,NA,NA,NA,NA,"RPDv1b:2279",1300,"Bjune, A.E.",1,"Bjune","A.E.",NA,NA,NA,NA,NA,NA,NA,NA,NA,"RPDv1b:2279",1300,"RPDv1b",2279,20573,1028,10.28,"m",0.01,"Radiocarbon date","bulk sediment",7830,80,NA,NA,"TUa-3698A",TRUE,NA,"NA Date is in uncalibrated radiocarbon years.","Tiavatnet core_POLLENSLIDE","counted","NaN-NaN",NA,NA,"",7830,7750,7910,7830,1028,0.01,"NA Date is in uncalibrated radiocarbon years.",". Cal curve: NA. Source DB: RPDv1b","Lacustrine","Carbon-14","Radiocarbon",0,10432,"Calibrated radiocarbon years BP","sedimentary charcoal","Data Sourcing: RPDv1b","Sample Age Source: RPDv1b"
"1300",48,"charcoal | num",921.5,922,922.5,1,3996,NA,NA,"RPDv1b","Charcoal (sum)","(additional options)",NA,NA,"False","False","number","Microscopic charcoal (pollen slide)","direct",NA,"CHAR",4,NA,NA,"quant_raw",1,"volume","cm^3","RPDv1b",2279,"charcoal","count","unspec","pollen_slide","particle","num",NA,"no_size","num","RPDv1b","measured",1,"RPDv1b",NA,"Tiavatnet core",63.05972,9.41694,464,"north",NA,NA,"sedlac",1300,1,2012,"Birks, H.H., Birks, H.J.B., Bjune, A.E., Felde, V.A., 2012. Internal report. XXXVI international bog (’moor’) excursion of the Institute of Plant Sciences, University of Bern, southern and south-eastern Norway, 8-13 September 2012, Excursion Guide. Bjerknes Centre for Climate Research, University of Bergen, Bergen, Norway.","Internal report","XXXVI international bog (’moor’) excursion of the Institute of Plant Sciences, University of Bern, southern and south-eastern Norway, 8-13 September 2012, Excursion Guide. Bjerknes Centre for Climate Research, University of Bergen, Bergen, Norway",NA,NA,NA,NA,NA,NA,NA,NA,NA,NA,NA,NA,NA,NA,NA,NA,NA,NA,"RPDv1b:2279",1300,"Bjune, A.E.",1,"Bjune","A.E.",NA,NA,NA,NA,NA,NA,NA,NA,NA,"RPDv1b:2279",1300,"RPDv1b",2279,20573,1028,10.28,"m",0.01,"Radiocarbon date","bulk sediment",7830,80,NA,NA,"TUa-3698A",TRUE,NA,"NA Date is in uncalibrated radiocarbon years.","Tiavatnet core_POLLENSLIDE","counted","NaN-NaN",NA,NA,"",7830,7750,7910,7830,1028,0.01,"NA Date is in uncalibrated radiocarbon years.",". Cal curve: NA. Source DB: RPDv1b","Lacustrine","Carbon-14","Radiocarbon",0,10432,"Calibrated radiocarbon years BP","sedimentary charcoal","Data Sourcing: RPDv1b","Sample Age Source: RPDv1b"
"1300",49,"charcoal | num",925.5,926,926.5,1,4127,NA,NA,"RPDv1b","Charcoal (sum)","(additional options)",NA,NA,"False","False","number","Microscopic charcoal (pollen slide)","direct",NA,"CHAR",2,NA,NA,"quant_raw",1,"volume","cm^3","RPDv1b",2279,"charcoal","count","unspec","pollen_slide","particle","num",NA,"no_size","num","RPDv1b","measured",1,"RPDv1b",NA,"Tiavatnet core",63.05972,9.41694,464,"north",NA,NA,"sedlac",1300,1,2012,"Birks, H.H., Birks, H.J.B., Bjune, A.E., Felde, V.A., 2012. Internal report. XXXVI international bog (’moor’) excursion of the Institute of Plant Sciences, University of Bern, southern and south-eastern Norway, 8-13 September 2012, Excursion Guide. Bjerknes Centre for Climate Research, University of Bergen, Bergen, Norway.","Internal report","XXXVI international bog (’moor’) excursion of the Institute of Plant Sciences, University of Bern, southern and south-eastern Norway, 8-13 September 2012, Excursion Guide. Bjerknes Centre for Climate Research, University of Bergen, Bergen, Norway",NA,NA,NA,NA,NA,NA,NA,NA,NA,NA,NA,NA,NA,NA,NA,NA,NA,NA,"RPDv1b:2279",1300,"Bjune, A.E.",1,"Bjune","A.E.",NA,NA,NA,NA,NA,NA,NA,NA,NA,"RPDv1b:2279",1300,"RPDv1b",2279,20573,1028,10.28,"m",0.01,"Radiocarbon date","bulk sediment",7830,80,NA,NA,"TUa-3698A",TRUE,NA,"NA Date is in uncalibrated radiocarbon years.","Tiavatnet core_POLLENSLIDE","counted","NaN-NaN",NA,NA,"",7830,7750,7910,7830,1028,0.01,"NA Date is in uncalibrated radiocarbon years.",". Cal curve: NA. Source DB: RPDv1b","Lacustrine","Carbon-14","Radiocarbon",0,10432,"Calibrated radiocarbon years BP","sedimentary charcoal","Data Sourcing: RPDv1b","Sample Age Source: RPDv1b"
"1300",50,"charcoal | num",929.5,930,930.5,1,4258,NA,NA,"RPDv1b","Charcoal (sum)","(additional options)",NA,NA,"False","False","number","Microscopic charcoal (pollen slide)","direct",NA,"CHAR",5,NA,NA,"quant_raw",1,"volume","cm^3","RPDv1b",2279,"charcoal","count","unspec","pollen_slide","particle","num",NA,"no_size","num","RPDv1b","measured",1,"RPDv1b",NA,"Tiavatnet core",63.05972,9.41694,464,"north",NA,NA,"sedlac",1300,1,2012,"Birks, H.H., Birks, H.J.B., Bjune, A.E., Felde, V.A., 2012. Internal report. XXXVI international bog (’moor’) excursion of the Institute of Plant Sciences, University of Bern, southern and south-eastern Norway, 8-13 September 2012, Excursion Guide. Bjerknes Centre for Climate Research, University of Bergen, Bergen, Norway.","Internal report","XXXVI international bog (’moor’) excursion of the Institute of Plant Sciences, University of Bern, southern and south-eastern Norway, 8-13 September 2012, Excursion Guide. Bjerknes Centre for Climate Research, University of Bergen, Bergen, Norway",NA,NA,NA,NA,NA,NA,NA,NA,NA,NA,NA,NA,NA,NA,NA,NA,NA,NA,"RPDv1b:2279",1300,"Bjune, A.E.",1,"Bjune","A.E.",NA,NA,NA,NA,NA,NA,NA,NA,NA,"RPDv1b:2279",1300,"RPDv1b",2279,20573,1028,10.28,"m",0.01,"Radiocarbon date","bulk sediment",7830,80,NA,NA,"TUa-3698A",TRUE,NA,"NA Date is in uncalibrated radiocarbon years.","Tiavatnet core_POLLENSLIDE","counted","NaN-NaN",NA,NA,"",7830,7750,7910,7830,1028,0.01,"NA Date is in uncalibrated radiocarbon years.",". Cal curve: NA. Source DB: RPDv1b","Lacustrine","Carbon-14","Radiocarbon",0,10432,"Calibrated radiocarbon years BP","sedimentary charcoal","Data Sourcing: RPDv1b","Sample Age Source: RPDv1b"
"1300",51,"charcoal | num",933.5,934,934.5,1,4389,NA,NA,"RPDv1b","Charcoal (sum)","(additional options)",NA,NA,"False","False","number","Microscopic charcoal (pollen slide)","direct",NA,"CHAR",2,NA,NA,"quant_raw",1,"volume","cm^3","RPDv1b",2279,"charcoal","count","unspec","pollen_slide","particle","num",NA,"no_size","num","RPDv1b","measured",1,"RPDv1b",NA,"Tiavatnet core",63.05972,9.41694,464,"north",NA,NA,"sedlac",1300,1,2012,"Birks, H.H., Birks, H.J.B., Bjune, A.E., Felde, V.A., 2012. Internal report. XXXVI international bog (’moor’) excursion of the Institute of Plant Sciences, University of Bern, southern and south-eastern Norway, 8-13 September 2012, Excursion Guide. Bjerknes Centre for Climate Research, University of Bergen, Bergen, Norway.","Internal report","XXXVI international bog (’moor’) excursion of the Institute of Plant Sciences, University of Bern, southern and south-eastern Norway, 8-13 September 2012, Excursion Guide. Bjerknes Centre for Climate Research, University of Bergen, Bergen, Norway",NA,NA,NA,NA,NA,NA,NA,NA,NA,NA,NA,NA,NA,NA,NA,NA,NA,NA,"RPDv1b:2279",1300,"Bjune, A.E.",1,"Bjune","A.E.",NA,NA,NA,NA,NA,NA,NA,NA,NA,"RPDv1b:2279",1300,"RPDv1b",2279,20573,1028,10.28,"m",0.01,"Radiocarbon date","bulk sediment",7830,80,NA,NA,"TUa-3698A",TRUE,NA,"NA Date is in uncalibrated radiocarbon years.","Tiavatnet core_POLLENSLIDE","counted","NaN-NaN",NA,NA,"",7830,7750,7910,7830,1028,0.01,"NA Date is in uncalibrated radiocarbon years.",". Cal curve: NA. Source DB: RPDv1b","Lacustrine","Carbon-14","Radiocarbon",0,10432,"Calibrated radiocarbon years BP","sedimentary charcoal","Data Sourcing: RPDv1b","Sample Age Source: RPDv1b"
"1300",52,"charcoal | num",937.5,938,938.5,1,4520,NA,NA,"RPDv1b","Charcoal (sum)","(additional options)",NA,NA,"False","False","number","Microscopic charcoal (pollen slide)","direct",NA,"CHAR",11,NA,NA,"quant_raw",1,"volume","cm^3","RPDv1b",2279,"charcoal","count","unspec","pollen_slide","particle","num",NA,"no_size","num","RPDv1b","measured",1,"RPDv1b",NA,"Tiavatnet core",63.05972,9.41694,464,"north",NA,NA,"sedlac",1300,1,2012,"Birks, H.H., Birks, H.J.B., Bjune, A.E., Felde, V.A., 2012. Internal report. XXXVI international bog (’moor’) excursion of the Institute of Plant Sciences, University of Bern, southern and south-eastern Norway, 8-13 September 2012, Excursion Guide. Bjerknes Centre for Climate Research, University of Bergen, Bergen, Norway.","Internal report","XXXVI international bog (’moor’) excursion of the Institute of Plant Sciences, University of Bern, southern and south-eastern Norway, 8-13 September 2012, Excursion Guide. Bjerknes Centre for Climate Research, University of Bergen, Bergen, Norway",NA,NA,NA,NA,NA,NA,NA,NA,NA,NA,NA,NA,NA,NA,NA,NA,NA,NA,"RPDv1b:2279",1300,"Bjune, A.E.",1,"Bjune","A.E.",NA,NA,NA,NA,NA,NA,NA,NA,NA,"RPDv1b:2279",1300,"RPDv1b",2279,20573,1028,10.28,"m",0.01,"Radiocarbon date","bulk sediment",7830,80,NA,NA,"TUa-3698A",TRUE,NA,"NA Date is in uncalibrated radiocarbon years.","Tiavatnet core_POLLENSLIDE","counted","NaN-NaN",NA,NA,"",7830,7750,7910,7830,1028,0.01,"NA Date is in uncalibrated radiocarbon years.",". Cal curve: NA. Source DB: RPDv1b","Lacustrine","Carbon-14","Radiocarbon",0,10432,"Calibrated radiocarbon years BP","sedimentary charcoal","Data Sourcing: RPDv1b","Sample Age Source: RPDv1b"
"1300",53,"charcoal | num",941.5,942,942.5,1,4651,NA,NA,"RPDv1b","Charcoal (sum)","(additional options)",NA,NA,"False","False","number","Microscopic charcoal (pollen slide)","direct",NA,"CHAR",3,NA,NA,"quant_raw",1,"volume","cm^3","RPDv1b",2279,"charcoal","count","unspec","pollen_slide","particle","num",NA,"no_size","num","RPDv1b","measured",1,"RPDv1b",NA,"Tiavatnet core",63.05972,9.41694,464,"north",NA,NA,"sedlac",1300,1,2012,"Birks, H.H., Birks, H.J.B., Bjune, A.E., Felde, V.A., 2012. Internal report. XXXVI international bog (’moor’) excursion of the Institute of Plant Sciences, University of Bern, southern and south-eastern Norway, 8-13 September 2012, Excursion Guide. Bjerknes Centre for Climate Research, University of Bergen, Bergen, Norway.","Internal report","XXXVI international bog (’moor’) excursion of the Institute of Plant Sciences, University of Bern, southern and south-eastern Norway, 8-13 September 2012, Excursion Guide. Bjerknes Centre for Climate Research, University of Bergen, Bergen, Norway",NA,NA,NA,NA,NA,NA,NA,NA,NA,NA,NA,NA,NA,NA,NA,NA,NA,NA,"RPDv1b:2279",1300,"Bjune, A.E.",1,"Bjune","A.E.",NA,NA,NA,NA,NA,NA,NA,NA,NA,"RPDv1b:2279",1300,"RPDv1b",2279,20573,1028,10.28,"m",0.01,"Radiocarbon date","bulk sediment",7830,80,NA,NA,"TUa-3698A",TRUE,NA,"NA Date is in uncalibrated radiocarbon years.","Tiavatnet core_POLLENSLIDE","counted","NaN-NaN",NA,NA,"",7830,7750,7910,7830,1028,0.01,"NA Date is in uncalibrated radiocarbon years.",". Cal curve: NA. Source DB: RPDv1b","Lacustrine","Carbon-14","Radiocarbon",0,10432,"Calibrated radiocarbon years BP","sedimentary charcoal","Data Sourcing: RPDv1b","Sample Age Source: RPDv1b"
"1300",54,"charcoal | num",949.5,950,950.5,1,4912,NA,NA,"RPDv1b","Charcoal (sum)","(additional options)",NA,NA,"False","False","number","Microscopic charcoal (pollen slide)","direct",NA,"CHAR",2,NA,NA,"quant_raw",1,"volume","cm^3","RPDv1b",2279,"charcoal","count","unspec","pollen_slide","particle","num",NA,"no_size","num","RPDv1b","measured",1,"RPDv1b",NA,"Tiavatnet core",63.05972,9.41694,464,"north",NA,NA,"sedlac",1300,1,2012,"Birks, H.H., Birks, H.J.B., Bjune, A.E., Felde, V.A., 2012. Internal report. XXXVI international bog (’moor’) excursion of the Institute of Plant Sciences, University of Bern, southern and south-eastern Norway, 8-13 September 2012, Excursion Guide. Bjerknes Centre for Climate Research, University of Bergen, Bergen, Norway.","Internal report","XXXVI international bog (’moor’) excursion of the Institute of Plant Sciences, University of Bern, southern and south-eastern Norway, 8-13 September 2012, Excursion Guide. Bjerknes Centre for Climate Research, University of Bergen, Bergen, Norway",NA,NA,NA,NA,NA,NA,NA,NA,NA,NA,NA,NA,NA,NA,NA,NA,NA,NA,"RPDv1b:2279",1300,"Bjune, A.E.",1,"Bjune","A.E.",NA,NA,NA,NA,NA,NA,NA,NA,NA,"RPDv1b:2279",1300,"RPDv1b",2279,20574,1044,10.44,"m",0.01,"Radiocarbon date","bulk sediment",8970,90,NA,NA,"TUa-3699A",TRUE,NA,"NA Date is in uncalibrated radiocarbon years.","Tiavatnet core_POLLENSLIDE","counted","NaN-NaN",NA,NA,"",8970,8880,9060,8970,1044,0.01,"NA Date is in uncalibrated radiocarbon years.",". Cal curve: NA. Source DB: RPDv1b","Lacustrine","Carbon-14","Radiocarbon",0,10432,"Calibrated radiocarbon years BP","sedimentary charcoal","Data Sourcing: RPDv1b","Sample Age Source: RPDv1b"
"1300",55,"charcoal | num",953.5,954,954.5,1,5043,NA,NA,"RPDv1b","Charcoal (sum)","(additional options)",NA,NA,"False","False","number","Microscopic charcoal (pollen slide)","direct",NA,"CHAR",3,NA,NA,"quant_raw",1,"volume","cm^3","RPDv1b",2279,"charcoal","count","unspec","pollen_slide","particle","num",NA,"no_size","num","RPDv1b","measured",1,"RPDv1b",NA,"Tiavatnet core",63.05972,9.41694,464,"north",NA,NA,"sedlac",1300,1,2012,"Birks, H.H., Birks, H.J.B., Bjune, A.E., Felde, V.A., 2012. Internal report. XXXVI international bog (’moor’) excursion of the Institute of Plant Sciences, University of Bern, southern and south-eastern Norway, 8-13 September 2012, Excursion Guide. Bjerknes Centre for Climate Research, University of Bergen, Bergen, Norway.","Internal report","XXXVI international bog (’moor’) excursion of the Institute of Plant Sciences, University of Bern, southern and south-eastern Norway, 8-13 September 2012, Excursion Guide. Bjerknes Centre for Climate Research, University of Bergen, Bergen, Norway",NA,NA,NA,NA,NA,NA,NA,NA,NA,NA,NA,NA,NA,NA,NA,NA,NA,NA,"RPDv1b:2279",1300,"Bjune, A.E.",1,"Bjune","A.E.",NA,NA,NA,NA,NA,NA,NA,NA,NA,"RPDv1b:2279",1300,"RPDv1b",2279,20574,1044,10.44,"m",0.01,"Radiocarbon date","bulk sediment",8970,90,NA,NA,"TUa-3699A",TRUE,NA,"NA Date is in uncalibrated radiocarbon years.","Tiavatnet core_POLLENSLIDE","counted","NaN-NaN",NA,NA,"",8970,8880,9060,8970,1044,0.01,"NA Date is in uncalibrated radiocarbon years.",". Cal curve: NA. Source DB: RPDv1b","Lacustrine","Carbon-14","Radiocarbon",0,10432,"Calibrated radiocarbon years BP","sedimentary charcoal","Data Sourcing: RPDv1b","Sample Age Source: RPDv1b"
"1300",56,"charcoal | num",957.5,958,958.5,1,5174,NA,NA,"RPDv1b","Charcoal (sum)","(additional options)",NA,NA,"False","False","number","Microscopic charcoal (pollen slide)","direct",NA,"CHAR",4,NA,NA,"quant_raw",1,"volume","cm^3","RPDv1b",2279,"charcoal","count","unspec","pollen_slide","particle","num",NA,"no_size","num","RPDv1b","measured",1,"RPDv1b",NA,"Tiavatnet core",63.05972,9.41694,464,"north",NA,NA,"sedlac",1300,1,2012,"Birks, H.H., Birks, H.J.B., Bjune, A.E., Felde, V.A., 2012. Internal report. XXXVI international bog (’moor’) excursion of the Institute of Plant Sciences, University of Bern, southern and south-eastern Norway, 8-13 September 2012, Excursion Guide. Bjerknes Centre for Climate Research, University of Bergen, Bergen, Norway.","Internal report","XXXVI international bog (’moor’) excursion of the Institute of Plant Sciences, University of Bern, southern and south-eastern Norway, 8-13 September 2012, Excursion Guide. Bjerknes Centre for Climate Research, University of Bergen, Bergen, Norway",NA,NA,NA,NA,NA,NA,NA,NA,NA,NA,NA,NA,NA,NA,NA,NA,NA,NA,"RPDv1b:2279",1300,"Bjune, A.E.",1,"Bjune","A.E.",NA,NA,NA,NA,NA,NA,NA,NA,NA,"RPDv1b:2279",1300,"RPDv1b",2279,20574,1044,10.44,"m",0.01,"Radiocarbon date","bulk sediment",8970,90,NA,NA,"TUa-3699A",TRUE,NA,"NA Date is in uncalibrated radiocarbon years.","Tiavatnet core_POLLENSLIDE","counted","NaN-NaN",NA,NA,"",8970,8880,9060,8970,1044,0.01,"NA Date is in uncalibrated radiocarbon years.",". Cal curve: NA. Source DB: RPDv1b","Lacustrine","Carbon-14","Radiocarbon",0,10432,"Calibrated radiocarbon years BP","sedimentary charcoal","Data Sourcing: RPDv1b","Sample Age Source: RPDv1b"
"1300",57,"charcoal | num",961.5,962,962.5,1,5305,NA,NA,"RPDv1b","Charcoal (sum)","(additional options)",NA,NA,"False","False","number","Microscopic charcoal (pollen slide)","direct",NA,"CHAR",3,NA,NA,"quant_raw",1,"volume","cm^3","RPDv1b",2279,"charcoal","count","unspec","pollen_slide","particle","num",NA,"no_size","num","RPDv1b","measured",1,"RPDv1b",NA,"Tiavatnet core",63.05972,9.41694,464,"north",NA,NA,"sedlac",1300,1,2012,"Birks, H.H., Birks, H.J.B., Bjune, A.E., Felde, V.A., 2012. Internal report. XXXVI international bog (’moor’) excursion of the Institute of Plant Sciences, University of Bern, southern and south-eastern Norway, 8-13 September 2012, Excursion Guide. Bjerknes Centre for Climate Research, University of Bergen, Bergen, Norway.","Internal report","XXXVI international bog (’moor’) excursion of the Institute of Plant Sciences, University of Bern, southern and south-eastern Norway, 8-13 September 2012, Excursion Guide. Bjerknes Centre for Climate Research, University of Bergen, Bergen, Norway",NA,NA,NA,NA,NA,NA,NA,NA,NA,NA,NA,NA,NA,NA,NA,NA,NA,NA,"RPDv1b:2279",1300,"Bjune, A.E.",1,"Bjune","A.E.",NA,NA,NA,NA,NA,NA,NA,NA,NA,"RPDv1b:2279",1300,"RPDv1b",2279,20574,1044,10.44,"m",0.01,"Radiocarbon date","bulk sediment",8970,90,NA,NA,"TUa-3699A",TRUE,NA,"NA Date is in uncalibrated radiocarbon years.","Tiavatnet core_POLLENSLIDE","counted","NaN-NaN",NA,NA,"",8970,8880,9060,8970,1044,0.01,"NA Date is in uncalibrated radiocarbon years.",". Cal curve: NA. Source DB: RPDv1b","Lacustrine","Carbon-14","Radiocarbon",0,10432,"Calibrated radiocarbon years BP","sedimentary charcoal","Data Sourcing: RPDv1b","Sample Age Source: RPDv1b"
"1300",58,"charcoal | num",965.5,966,966.5,1,5436,NA,NA,"RPDv1b","Charcoal (sum)","(additional options)",NA,NA,"False","False","number","Microscopic charcoal (pollen slide)","direct",NA,"CHAR",3,NA,NA,"quant_raw",1,"volume","cm^3","RPDv1b",2279,"charcoal","count","unspec","pollen_slide","particle","num",NA,"no_size","num","RPDv1b","measured",1,"RPDv1b",NA,"Tiavatnet core",63.05972,9.41694,464,"north",NA,NA,"sedlac",1300,1,2012,"Birks, H.H., Birks, H.J.B., Bjune, A.E., Felde, V.A., 2012. Internal report. XXXVI international bog (’moor’) excursion of the Institute of Plant Sciences, University of Bern, southern and south-eastern Norway, 8-13 September 2012, Excursion Guide. Bjerknes Centre for Climate Research, University of Bergen, Bergen, Norway.","Internal report","XXXVI international bog (’moor’) excursion of the Institute of Plant Sciences, University of Bern, southern and south-eastern Norway, 8-13 September 2012, Excursion Guide. Bjerknes Centre for Climate Research, University of Bergen, Bergen, Norway",NA,NA,NA,NA,NA,NA,NA,NA,NA,NA,NA,NA,NA,NA,NA,NA,NA,NA,"RPDv1b:2279",1300,"Bjune, A.E.",1,"Bjune","A.E.",NA,NA,NA,NA,NA,NA,NA,NA,NA,"RPDv1b:2279",1300,"RPDv1b",2279,20574,1044,10.44,"m",0.01,"Radiocarbon date","bulk sediment",8970,90,NA,NA,"TUa-3699A",TRUE,NA,"NA Date is in uncalibrated radiocarbon years.","Tiavatnet core_POLLENSLIDE","counted","NaN-NaN",NA,NA,"",8970,8880,9060,8970,1044,0.01,"NA Date is in uncalibrated radiocarbon years.",". Cal curve: NA. Source DB: RPDv1b","Lacustrine","Carbon-14","Radiocarbon",0,10432,"Calibrated radiocarbon years BP","sedimentary charcoal","Data Sourcing: RPDv1b","Sample Age Source: RPDv1b"
"1300",59,"charcoal | num",969.5,970,970.5,1,5567,NA,NA,"RPDv1b","Charcoal (sum)","(additional options)",NA,NA,"False","False","number","Microscopic charcoal (pollen slide)","direct",NA,"CHAR",3,NA,NA,"quant_raw",1,"volume","cm^3","RPDv1b",2279,"charcoal","count","unspec","pollen_slide","particle","num",NA,"no_size","num","RPDv1b","measured",1,"RPDv1b",NA,"Tiavatnet core",63.05972,9.41694,464,"north",NA,NA,"sedlac",1300,1,2012,"Birks, H.H., Birks, H.J.B., Bjune, A.E., Felde, V.A., 2012. Internal report. XXXVI international bog (’moor’) excursion of the Institute of Plant Sciences, University of Bern, southern and south-eastern Norway, 8-13 September 2012, Excursion Guide. Bjerknes Centre for Climate Research, University of Bergen, Bergen, Norway.","Internal report","XXXVI international bog (’moor’) excursion of the Institute of Plant Sciences, University of Bern, southern and south-eastern Norway, 8-13 September 2012, Excursion Guide. Bjerknes Centre for Climate Research, University of Bergen, Bergen, Norway",NA,NA,NA,NA,NA,NA,NA,NA,NA,NA,NA,NA,NA,NA,NA,NA,NA,NA,"RPDv1b:2279",1300,"Bjune, A.E.",1,"Bjune","A.E.",NA,NA,NA,NA,NA,NA,NA,NA,NA,"RPDv1b:2279",1300,"RPDv1b",2279,20574,1044,10.44,"m",0.01,"Radiocarbon date","bulk sediment",8970,90,NA,NA,"TUa-3699A",TRUE,NA,"NA Date is in uncalibrated radiocarbon years.","Tiavatnet core_POLLENSLIDE","counted","NaN-NaN",NA,NA,"",8970,8880,9060,8970,1044,0.01,"NA Date is in uncalibrated radiocarbon years.",". Cal curve: NA. Source DB: RPDv1b","Lacustrine","Carbon-14","Radiocarbon",0,10432,"Calibrated radiocarbon years BP","sedimentary charcoal","Data Sourcing: RPDv1b","Sample Age Source: RPDv1b"
"1300",60,"charcoal | num",973.5,974,974.5,1,5698,NA,NA,"RPDv1b","Charcoal (sum)","(additional options)",NA,NA,"False","False","number","Microscopic charcoal (pollen slide)","direct",NA,"CHAR",3,NA,NA,"quant_raw",1,"volume","cm^3","RPDv1b",2279,"charcoal","count","unspec","pollen_slide","particle","num",NA,"no_size","num","RPDv1b","measured",1,"RPDv1b",NA,"Tiavatnet core",63.05972,9.41694,464,"north",NA,NA,"sedlac",1300,1,2012,"Birks, H.H., Birks, H.J.B., Bjune, A.E., Felde, V.A., 2012. Internal report. XXXVI international bog (’moor’) excursion of the Institute of Plant Sciences, University of Bern, southern and south-eastern Norway, 8-13 September 2012, Excursion Guide. Bjerknes Centre for Climate Research, University of Bergen, Bergen, Norway.","Internal report","XXXVI international bog (’moor’) excursion of the Institute of Plant Sciences, University of Bern, southern and south-eastern Norway, 8-13 September 2012, Excursion Guide. Bjerknes Centre for Climate Research, University of Bergen, Bergen, Norway",NA,NA,NA,NA,NA,NA,NA,NA,NA,NA,NA,NA,NA,NA,NA,NA,NA,NA,"RPDv1b:2279",1300,"Bjune, A.E.",1,"Bjune","A.E.",NA,NA,NA,NA,NA,NA,NA,NA,NA,"RPDv1b:2279",1300,"RPDv1b",2279,20574,1044,10.44,"m",0.01,"Radiocarbon date","bulk sediment",8970,90,NA,NA,"TUa-3699A",TRUE,NA,"NA Date is in uncalibrated radiocarbon years.","Tiavatnet core_POLLENSLIDE","counted","NaN-NaN",NA,NA,"",8970,8880,9060,8970,1044,0.01,"NA Date is in uncalibrated radiocarbon years.",". Cal curve: NA. Source DB: RPDv1b","Lacustrine","Carbon-14","Radiocarbon",0,10432,"Calibrated radiocarbon years BP","sedimentary charcoal","Data Sourcing: RPDv1b","Sample Age Source: RPDv1b"
"1300",61,"charcoal | num",977.5,978,978.5,1,5829,NA,NA,"RPDv1b","Charcoal (sum)","(additional options)",NA,NA,"False","False","number","Microscopic charcoal (pollen slide)","direct",NA,"CHAR",3,NA,NA,"quant_raw",1,"volume","cm^3","RPDv1b",2279,"charcoal","count","unspec","pollen_slide","particle","num",NA,"no_size","num","RPDv1b","measured",1,"RPDv1b",NA,"Tiavatnet core",63.05972,9.41694,464,"north",NA,NA,"sedlac",1300,1,2012,"Birks, H.H., Birks, H.J.B., Bjune, A.E., Felde, V.A., 2012. Internal report. XXXVI international bog (’moor’) excursion of the Institute of Plant Sciences, University of Bern, southern and south-eastern Norway, 8-13 September 2012, Excursion Guide. Bjerknes Centre for Climate Research, University of Bergen, Bergen, Norway.","Internal report","XXXVI international bog (’moor’) excursion of the Institute of Plant Sciences, University of Bern, southern and south-eastern Norway, 8-13 September 2012, Excursion Guide. Bjerknes Centre for Climate Research, University of Bergen, Bergen, Norway",NA,NA,NA,NA,NA,NA,NA,NA,NA,NA,NA,NA,NA,NA,NA,NA,NA,NA,"RPDv1b:2279",1300,"Bjune, A.E.",1,"Bjune","A.E.",NA,NA,NA,NA,NA,NA,NA,NA,NA,"RPDv1b:2279",1300,"RPDv1b",2279,20574,1044,10.44,"m",0.01,"Radiocarbon date","bulk sediment",8970,90,NA,NA,"TUa-3699A",TRUE,NA,"NA Date is in uncalibrated radiocarbon years.","Tiavatnet core_POLLENSLIDE","counted","NaN-NaN",NA,NA,"",8970,8880,9060,8970,1044,0.01,"NA Date is in uncalibrated radiocarbon years.",". Cal curve: NA. Source DB: RPDv1b","Lacustrine","Carbon-14","Radiocarbon",0,10432,"Calibrated radiocarbon years BP","sedimentary charcoal","Data Sourcing: RPDv1b","Sample Age Source: RPDv1b"
"1300",62,"charcoal | num",981.5,982,982.5,1,5960,NA,NA,"RPDv1b","Charcoal (sum)","(additional options)",NA,NA,"False","False","number","Microscopic charcoal (pollen slide)","direct",NA,"CHAR",3,NA,NA,"quant_raw",1,"volume","cm^3","RPDv1b",2279,"charcoal","count","unspec","pollen_slide","particle","num",NA,"no_size","num","RPDv1b","measured",1,"RPDv1b",NA,"Tiavatnet core",63.05972,9.41694,464,"north",NA,NA,"sedlac",1300,1,2012,"Birks, H.H., Birks, H.J.B., Bjune, A.E., Felde, V.A., 2012. Internal report. XXXVI international bog (’moor’) excursion of the Institute of Plant Sciences, University of Bern, southern and south-eastern Norway, 8-13 September 2012, Excursion Guide. Bjerknes Centre for Climate Research, University of Bergen, Bergen, Norway.","Internal report","XXXVI international bog (’moor’) excursion of the Institute of Plant Sciences, University of Bern, southern and south-eastern Norway, 8-13 September 2012, Excursion Guide. Bjerknes Centre for Climate Research, University of Bergen, Bergen, Norway",NA,NA,NA,NA,NA,NA,NA,NA,NA,NA,NA,NA,NA,NA,NA,NA,NA,NA,"RPDv1b:2279",1300,"Bjune, A.E.",1,"Bjune","A.E.",NA,NA,NA,NA,NA,NA,NA,NA,NA,"RPDv1b:2279",1300,"RPDv1b",2279,20574,1044,10.44,"m",0.01,"Radiocarbon date","bulk sediment",8970,90,NA,NA,"TUa-3699A",TRUE,NA,"NA Date is in uncalibrated radiocarbon years.","Tiavatnet core_POLLENSLIDE","counted","NaN-NaN",NA,NA,"",8970,8880,9060,8970,1044,0.01,"NA Date is in uncalibrated radiocarbon years.",". Cal curve: NA. Source DB: RPDv1b","Lacustrine","Carbon-14","Radiocarbon",0,10432,"Calibrated radiocarbon years BP","sedimentary charcoal","Data Sourcing: RPDv1b","Sample Age Source: RPDv1b"
"1300",63,"charcoal | num",985.5,986,986.5,1,6107,NA,NA,"RPDv1b","Charcoal (sum)","(additional options)",NA,NA,"False","False","number","Microscopic charcoal (pollen slide)","direct",NA,"CHAR",4,NA,NA,"quant_raw",1,"volume","cm^3","RPDv1b",2279,"charcoal","count","unspec","pollen_slide","particle","num",NA,"no_size","num","RPDv1b","measured",1,"RPDv1b",NA,"Tiavatnet core",63.05972,9.41694,464,"north",NA,NA,"sedlac",1300,1,2012,"Birks, H.H., Birks, H.J.B., Bjune, A.E., Felde, V.A., 2012. Internal report. XXXVI international bog (’moor’) excursion of the Institute of Plant Sciences, University of Bern, southern and south-eastern Norway, 8-13 September 2012, Excursion Guide. Bjerknes Centre for Climate Research, University of Bergen, Bergen, Norway.","Internal report","XXXVI international bog (’moor’) excursion of the Institute of Plant Sciences, University of Bern, southern and south-eastern Norway, 8-13 September 2012, Excursion Guide. Bjerknes Centre for Climate Research, University of Bergen, Bergen, Norway",NA,NA,NA,NA,NA,NA,NA,NA,NA,NA,NA,NA,NA,NA,NA,NA,NA,NA,"RPDv1b:2279",1300,"Felde, V.A.",1,"Felde","V.A.",NA,NA,NA,NA,NA,NA,NA,NA,NA,"RPDv1b:2279",1300,"RPDv1b",2279,20575,1060,10.6,"m",0.01,"Radiocarbon date","bulk sediment",9860,90,NA,NA,"TUa-3700A",TRUE,NA,"NA Date is in uncalibrated radiocarbon years.","Tiavatnet core_POLLENSLIDE","counted","NaN-NaN",NA,NA,"",9860,9770,9950,9860,1060,0.01,"NA Date is in uncalibrated radiocarbon years.",". Cal curve: NA. Source DB: RPDv1b","Lacustrine","Carbon-14","Radiocarbon",0,10432,"Calibrated radiocarbon years BP","sedimentary charcoal","Data Sourcing: RPDv1b","Sample Age Source: RPDv1b"
"1300",64,"charcoal | num",989.5,990,990.5,1,6271,NA,NA,"RPDv1b","Charcoal (sum)","(additional options)",NA,NA,"False","False","number","Microscopic charcoal (pollen slide)","direct",NA,"CHAR",2,NA,NA,"quant_raw",1,"volume","cm^3","RPDv1b",2279,"charcoal","count","unspec","pollen_slide","particle","num",NA,"no_size","num","RPDv1b","measured",1,"RPDv1b",NA,"Tiavatnet core",63.05972,9.41694,464,"north",NA,NA,"sedlac",1300,1,2012,"Birks, H.H., Birks, H.J.B., Bjune, A.E., Felde, V.A., 2012. Internal report. XXXVI international bog (’moor’) excursion of the Institute of Plant Sciences, University of Bern, southern and south-eastern Norway, 8-13 September 2012, Excursion Guide. Bjerknes Centre for Climate Research, University of Bergen, Bergen, Norway.","Internal report","XXXVI international bog (’moor’) excursion of the Institute of Plant Sciences, University of Bern, southern and south-eastern Norway, 8-13 September 2012, Excursion Guide. Bjerknes Centre for Climate Research, University of Bergen, Bergen, Norway",NA,NA,NA,NA,NA,NA,NA,NA,NA,NA,NA,NA,NA,NA,NA,NA,NA,NA,"RPDv1b:2279",1300,"Felde, V.A.",1,"Felde","V.A.",NA,NA,NA,NA,NA,NA,NA,NA,NA,"RPDv1b:2279",1300,"RPDv1b",2279,20575,1060,10.6,"m",0.01,"Radiocarbon date","bulk sediment",9860,90,NA,NA,"TUa-3700A",TRUE,NA,"NA Date is in uncalibrated radiocarbon years.","Tiavatnet core_POLLENSLIDE","counted","NaN-NaN",NA,NA,"",9860,9770,9950,9860,1060,0.01,"NA Date is in uncalibrated radiocarbon years.",". Cal curve: NA. Source DB: RPDv1b","Lacustrine","Carbon-14","Radiocarbon",0,10432,"Calibrated radiocarbon years BP","sedimentary charcoal","Data Sourcing: RPDv1b","Sample Age Source: RPDv1b"
"1300",65,"charcoal | num",993.5,994,994.5,1,6435,NA,NA,"RPDv1b","Charcoal (sum)","(additional options)",NA,NA,"False","False","number","Microscopic charcoal (pollen slide)","direct",NA,"CHAR",2,NA,NA,"quant_raw",1,"volume","cm^3","RPDv1b",2279,"charcoal","count","unspec","pollen_slide","particle","num",NA,"no_size","num","RPDv1b","measured",1,"RPDv1b",NA,"Tiavatnet core",63.05972,9.41694,464,"north",NA,NA,"sedlac",1300,1,2012,"Birks, H.H., Birks, H.J.B., Bjune, A.E., Felde, V.A., 2012. Internal report. XXXVI international bog (’moor’) excursion of the Institute of Plant Sciences, University of Bern, southern and south-eastern Norway, 8-13 September 2012, Excursion Guide. Bjerknes Centre for Climate Research, University of Bergen, Bergen, Norway.","Internal report","XXXVI international bog (’moor’) excursion of the Institute of Plant Sciences, University of Bern, southern and south-eastern Norway, 8-13 September 2012, Excursion Guide. Bjerknes Centre for Climate Research, University of Bergen, Bergen, Norway",NA,NA,NA,NA,NA,NA,NA,NA,NA,NA,NA,NA,NA,NA,NA,NA,NA,NA,"RPDv1b:2279",1300,"Felde, V.A.",1,"Felde","V.A.",NA,NA,NA,NA,NA,NA,NA,NA,NA,"RPDv1b:2279",1300,"RPDv1b",2279,20575,1060,10.6,"m",0.01,"Radiocarbon date","bulk sediment",9860,90,NA,NA,"TUa-3700A",TRUE,NA,"NA Date is in uncalibrated radiocarbon years.","Tiavatnet core_POLLENSLIDE","counted","NaN-NaN",NA,NA,"",9860,9770,9950,9860,1060,0.01,"NA Date is in uncalibrated radiocarbon years.",". Cal curve: NA. Source DB: RPDv1b","Lacustrine","Carbon-14","Radiocarbon",0,10432,"Calibrated radiocarbon years BP","sedimentary charcoal","Data Sourcing: RPDv1b","Sample Age Source: RPDv1b"
"1300",66,"charcoal | num",997.5,998,998.5,1,6599,NA,NA,"RPDv1b","Charcoal (sum)","(additional options)",NA,NA,"False","False","number","Microscopic charcoal (pollen slide)","direct",NA,"CHAR",4,NA,NA,"quant_raw",1,"volume","cm^3","RPDv1b",2279,"charcoal","count","unspec","pollen_slide","particle","num",NA,"no_size","num","RPDv1b","measured",1,"RPDv1b",NA,"Tiavatnet core",63.05972,9.41694,464,"north",NA,NA,"sedlac",1300,1,2012,"Birks, H.H., Birks, H.J.B., Bjune, A.E., Felde, V.A., 2012. Internal report. XXXVI international bog (’moor’) excursion of the Institute of Plant Sciences, University of Bern, southern and south-eastern Norway, 8-13 September 2012, Excursion Guide. Bjerknes Centre for Climate Research, University of Bergen, Bergen, Norway.","Internal report","XXXVI international bog (’moor’) excursion of the Institute of Plant Sciences, University of Bern, southern and south-eastern Norway, 8-13 September 2012, Excursion Guide. Bjerknes Centre for Climate Research, University of Bergen, Bergen, Norway",NA,NA,NA,NA,NA,NA,NA,NA,NA,NA,NA,NA,NA,NA,NA,NA,NA,NA,"RPDv1b:2279",1300,"Felde, V.A.",1,"Felde","V.A.",NA,NA,NA,NA,NA,NA,NA,NA,NA,"RPDv1b:2279",1300,"RPDv1b",2279,20575,1060,10.6,"m",0.01,"Radiocarbon date","bulk sediment",9860,90,NA,NA,"TUa-3700A",TRUE,NA,"NA Date is in uncalibrated radiocarbon years.","Tiavatnet core_POLLENSLIDE","counted","NaN-NaN",NA,NA,"",9860,9770,9950,9860,1060,0.01,"NA Date is in uncalibrated radiocarbon years.",". Cal curve: NA. Source DB: RPDv1b","Lacustrine","Carbon-14","Radiocarbon",0,10432,"Calibrated radiocarbon years BP","sedimentary charcoal","Data Sourcing: RPDv1b","Sample Age Source: RPDv1b"
"1300",67,"charcoal | num",1001.5,1002,1002.5,1,6763,NA,NA,"RPDv1b","Charcoal (sum)","(additional options)",NA,NA,"False","False","number","Microscopic charcoal (pollen slide)","direct",NA,"CHAR",2,NA,NA,"quant_raw",1,"volume","cm^3","RPDv1b",2279,"charcoal","count","unspec","pollen_slide","particle","num",NA,"no_size","num","RPDv1b","measured",1,"RPDv1b",NA,"Tiavatnet core",63.05972,9.41694,464,"north",NA,NA,"sedlac",1300,1,2012,"Birks, H.H., Birks, H.J.B., Bjune, A.E., Felde, V.A., 2012. Internal report. XXXVI international bog (’moor’) excursion of the Institute of Plant Sciences, University of Bern, southern and south-eastern Norway, 8-13 September 2012, Excursion Guide. Bjerknes Centre for Climate Research, University of Bergen, Bergen, Norway.","Internal report","XXXVI international bog (’moor’) excursion of the Institute of Plant Sciences, University of Bern, southern and south-eastern Norway, 8-13 September 2012, Excursion Guide. Bjerknes Centre for Climate Research, University of Bergen, Bergen, Norway",NA,NA,NA,NA,NA,NA,NA,NA,NA,NA,NA,NA,NA,NA,NA,NA,NA,NA,"RPDv1b:2279",1300,"Felde, V.A.",1,"Felde","V.A.",NA,NA,NA,NA,NA,NA,NA,NA,NA,"RPDv1b:2279",1300,"RPDv1b",2279,20575,1060,10.6,"m",0.01,"Radiocarbon date","bulk sediment",9860,90,NA,NA,"TUa-3700A",TRUE,NA,"NA Date is in uncalibrated radiocarbon years.","Tiavatnet core_POLLENSLIDE","counted","NaN-NaN",NA,NA,"",9860,9770,9950,9860,1060,0.01,"NA Date is in uncalibrated radiocarbon years.",". Cal curve: NA. Source DB: RPDv1b","Lacustrine","Carbon-14","Radiocarbon",0,10432,"Calibrated radiocarbon years BP","sedimentary charcoal","Data Sourcing: RPDv1b","Sample Age Source: RPDv1b"
"1300",68,"charcoal | num",1005.5,1006,1006.5,1,6928,NA,NA,"RPDv1b","Charcoal (sum)","(additional options)",NA,NA,"False","False","number","Microscopic charcoal (pollen slide)","direct",NA,"CHAR",2,NA,NA,"quant_raw",1,"volume","cm^3","RPDv1b",2279,"charcoal","count","unspec","pollen_slide","particle","num",NA,"no_size","num","RPDv1b","measured",1,"RPDv1b",NA,"Tiavatnet core",63.05972,9.41694,464,"north",NA,NA,"sedlac",1300,1,2012,"Birks, H.H., Birks, H.J.B., Bjune, A.E., Felde, V.A., 2012. Internal report. XXXVI international bog (’moor’) excursion of the Institute of Plant Sciences, University of Bern, southern and south-eastern Norway, 8-13 September 2012, Excursion Guide. Bjerknes Centre for Climate Research, University of Bergen, Bergen, Norway.","Internal report","XXXVI international bog (’moor’) excursion of the Institute of Plant Sciences, University of Bern, southern and south-eastern Norway, 8-13 September 2012, Excursion Guide. Bjerknes Centre for Climate Research, University of Bergen, Bergen, Norway",NA,NA,NA,NA,NA,NA,NA,NA,NA,NA,NA,NA,NA,NA,NA,NA,NA,NA,"RPDv1b:2279",1300,"Felde, V.A.",1,"Felde","V.A.",NA,NA,NA,NA,NA,NA,NA,NA,NA,"RPDv1b:2279",1300,"RPDv1b",2279,20575,1060,10.6,"m",0.01,"Radiocarbon date","bulk sediment",9860,90,NA,NA,"TUa-3700A",TRUE,NA,"NA Date is in uncalibrated radiocarbon years.","Tiavatnet core_POLLENSLIDE","counted","NaN-NaN",NA,NA,"",9860,9770,9950,9860,1060,0.01,"NA Date is in uncalibrated radiocarbon years.",". Cal curve: NA. Source DB: RPDv1b","Lacustrine","Carbon-14","Radiocarbon",0,10432,"Calibrated radiocarbon years BP","sedimentary charcoal","Data Sourcing: RPDv1b","Sample Age Source: RPDv1b"
"1300",69,"charcoal | num",1009.5,1010,1010.5,1,7092,NA,NA,"RPDv1b","Charcoal (sum)","(additional options)",NA,NA,"False","False","number","Microscopic charcoal (pollen slide)","direct",NA,"CHAR",1,NA,NA,"quant_raw",1,"volume","cm^3","RPDv1b",2279,"charcoal","count","unspec","pollen_slide","particle","num",NA,"no_size","num","RPDv1b","measured",1,"RPDv1b",NA,"Tiavatnet core",63.05972,9.41694,464,"north",NA,NA,"sedlac",1300,1,2012,"Birks, H.H., Birks, H.J.B., Bjune, A.E., Felde, V.A., 2012. Internal report. XXXVI international bog (’moor’) excursion of the Institute of Plant Sciences, University of Bern, southern and south-eastern Norway, 8-13 September 2012, Excursion Guide. Bjerknes Centre for Climate Research, University of Bergen, Bergen, Norway.","Internal report","XXXVI international bog (’moor’) excursion of the Institute of Plant Sciences, University of Bern, southern and south-eastern Norway, 8-13 September 2012, Excursion Guide. Bjerknes Centre for Climate Research, University of Bergen, Bergen, Norway",NA,NA,NA,NA,NA,NA,NA,NA,NA,NA,NA,NA,NA,NA,NA,NA,NA,NA,"RPDv1b:2279",1300,"Felde, V.A.",1,"Felde","V.A.",NA,NA,NA,NA,NA,NA,NA,NA,NA,"RPDv1b:2279",1300,"RPDv1b",2279,20575,1060,10.6,"m",0.01,"Radiocarbon date","bulk sediment",9860,90,NA,NA,"TUa-3700A",TRUE,NA,"NA Date is in uncalibrated radiocarbon years.","Tiavatnet core_POLLENSLIDE","counted","NaN-NaN",NA,NA,"",9860,9770,9950,9860,1060,0.01,"NA Date is in uncalibrated radiocarbon years.",". Cal curve: NA. Source DB: RPDv1b","Lacustrine","Carbon-14","Radiocarbon",0,10432,"Calibrated radiocarbon years BP","sedimentary charcoal","Data Sourcing: RPDv1b","Sample Age Source: RPDv1b"
"1300",70,"charcoal | num",1013.5,1014,1014.5,1,7256,NA,NA,"RPDv1b","Charcoal (sum)","(additional options)",NA,NA,"False","False","number","Microscopic charcoal (pollen slide)","direct",NA,"CHAR",3,NA,NA,"quant_raw",1,"volume","cm^3","RPDv1b",2279,"charcoal","count","unspec","pollen_slide","particle","num",NA,"no_size","num","RPDv1b","measured",1,"RPDv1b",NA,"Tiavatnet core",63.05972,9.41694,464,"north",NA,NA,"sedlac",1300,1,2012,"Birks, H.H., Birks, H.J.B., Bjune, A.E., Felde, V.A., 2012. Internal report. XXXVI international bog (’moor’) excursion of the Institute of Plant Sciences, University of Bern, southern and south-eastern Norway, 8-13 September 2012, Excursion Guide. Bjerknes Centre for Climate Research, University of Bergen, Bergen, Norway.","Internal report","XXXVI international bog (’moor’) excursion of the Institute of Plant Sciences, University of Bern, southern and south-eastern Norway, 8-13 September 2012, Excursion Guide. Bjerknes Centre for Climate Research, University of Bergen, Bergen, Norway",NA,NA,NA,NA,NA,NA,NA,NA,NA,NA,NA,NA,NA,NA,NA,NA,NA,NA,"RPDv1b:2279",1300,"Felde, V.A.",1,"Felde","V.A.",NA,NA,NA,NA,NA,NA,NA,NA,NA,"RPDv1b:2279",1300,"RPDv1b",2279,20575,1060,10.6,"m",0.01,"Radiocarbon date","bulk sediment",9860,90,NA,NA,"TUa-3700A",TRUE,NA,"NA Date is in uncalibrated radiocarbon years.","Tiavatnet core_POLLENSLIDE","counted","NaN-NaN",NA,NA,"",9860,9770,9950,9860,1060,0.01,"NA Date is in uncalibrated radiocarbon years.",". Cal curve: NA. Source DB: RPDv1b","Lacustrine","Carbon-14","Radiocarbon",0,10432,"Calibrated radiocarbon years BP","sedimentary charcoal","Data Sourcing: RPDv1b","Sample Age Source: RPDv1b"
"1300",71,"charcoal | num",1017.25,1017.75,1018.25,1,7410,NA,NA,"RPDv1b","Charcoal (sum)","(additional options)",NA,NA,"False","False","number","Microscopic charcoal (pollen slide)","direct",NA,"CHAR",2,NA,NA,"quant_raw",1,"volume","cm^3","RPDv1b",2279,"charcoal","count","unspec","pollen_slide","particle","num",NA,"no_size","num","RPDv1b","measured",1,"RPDv1b",NA,"Tiavatnet core",63.05972,9.41694,464,"north",NA,NA,"sedlac",1300,1,2012,"Birks, H.H., Birks, H.J.B., Bjune, A.E., Felde, V.A., 2012. Internal report. XXXVI international bog (’moor’) excursion of the Institute of Plant Sciences, University of Bern, southern and south-eastern Norway, 8-13 September 2012, Excursion Guide. Bjerknes Centre for Climate Research, University of Bergen, Bergen, Norway.","Internal report","XXXVI international bog (’moor’) excursion of the Institute of Plant Sciences, University of Bern, southern and south-eastern Norway, 8-13 September 2012, Excursion Guide. Bjerknes Centre for Climate Research, University of Bergen, Bergen, Norway",NA,NA,NA,NA,NA,NA,NA,NA,NA,NA,NA,NA,NA,NA,NA,NA,NA,NA,"RPDv1b:2279",1300,"Felde, V.A.",1,"Felde","V.A.",NA,NA,NA,NA,NA,NA,NA,NA,NA,"RPDv1b:2279",1300,"RPDv1b",2279,20575,1060,10.6,"m",0.01,"Radiocarbon date","bulk sediment",9860,90,NA,NA,"TUa-3700A",TRUE,NA,"NA Date is in uncalibrated radiocarbon years.","Tiavatnet core_POLLENSLIDE","counted","NaN-NaN",NA,NA,"",9860,9770,9950,9860,1060,0.01,"NA Date is in uncalibrated radiocarbon years.",". Cal curve: NA. Source DB: RPDv1b","Lacustrine","Carbon-14","Radiocarbon",0,10432,"Calibrated radiocarbon years BP","sedimentary charcoal","Data Sourcing: RPDv1b","Sample Age Source: RPDv1b"
"1300",72,"charcoal | num",1021.5,1022,1022.5,1,7584,NA,NA,"RPDv1b","Charcoal (sum)","(additional options)",NA,NA,"False","False","number","Microscopic charcoal (pollen slide)","direct",NA,"CHAR",5,NA,NA,"quant_raw",1,"volume","cm^3","RPDv1b",2279,"charcoal","count","unspec","pollen_slide","particle","num",NA,"no_size","num","RPDv1b","measured",1,"RPDv1b",NA,"Tiavatnet core",63.05972,9.41694,464,"north",NA,NA,"sedlac",1300,1,2012,"Birks, H.H., Birks, H.J.B., Bjune, A.E., Felde, V.A., 2012. Internal report. XXXVI international bog (’moor’) excursion of the Institute of Plant Sciences, University of Bern, southern and south-eastern Norway, 8-13 September 2012, Excursion Guide. Bjerknes Centre for Climate Research, University of Bergen, Bergen, Norway.","Internal report","XXXVI international bog (’moor’) excursion of the Institute of Plant Sciences, University of Bern, southern and south-eastern Norway, 8-13 September 2012, Excursion Guide. Bjerknes Centre for Climate Research, University of Bergen, Bergen, Norway",NA,NA,NA,NA,NA,NA,NA,NA,NA,NA,NA,NA,NA,NA,NA,NA,NA,NA,"RPDv1b:2279",1300,"Felde, V.A.",1,"Felde","V.A.",NA,NA,NA,NA,NA,NA,NA,NA,NA,"RPDv1b:2279",1300,"RPDv1b",2279,20576,1072,10.72,"m",0.01,"Radiocarbon date","bulk sediment",10350,90,NA,NA,"TUa-3701A",TRUE,NA,"NA Date is in uncalibrated radiocarbon years.","Tiavatnet core_POLLENSLIDE","counted","NaN-NaN",NA,NA,"",10350,10260,10440,10350,1072,0.01,"NA Date is in uncalibrated radiocarbon years.",". Cal curve: NA. Source DB: RPDv1b","Lacustrine","Carbon-14","Radiocarbon",0,10432,"Calibrated radiocarbon years BP","sedimentary charcoal","Data Sourcing: RPDv1b","Sample Age Source: RPDv1b"
"1300",73,"charcoal | num",1025.5,1026,1026.5,1,7748,NA,NA,"RPDv1b","Charcoal (sum)","(additional options)",NA,NA,"False","False","number","Microscopic charcoal (pollen slide)","direct",NA,"CHAR",2,NA,NA,"quant_raw",1,"volume","cm^3","RPDv1b",2279,"charcoal","count","unspec","pollen_slide","particle","num",NA,"no_size","num","RPDv1b","measured",1,"RPDv1b",NA,"Tiavatnet core",63.05972,9.41694,464,"north",NA,NA,"sedlac",1300,1,2012,"Birks, H.H., Birks, H.J.B., Bjune, A.E., Felde, V.A., 2012. Internal report. XXXVI international bog (’moor’) excursion of the Institute of Plant Sciences, University of Bern, southern and south-eastern Norway, 8-13 September 2012, Excursion Guide. Bjerknes Centre for Climate Research, University of Bergen, Bergen, Norway.","Internal report","XXXVI international bog (’moor’) excursion of the Institute of Plant Sciences, University of Bern, southern and south-eastern Norway, 8-13 September 2012, Excursion Guide. Bjerknes Centre for Climate Research, University of Bergen, Bergen, Norway",NA,NA,NA,NA,NA,NA,NA,NA,NA,NA,NA,NA,NA,NA,NA,NA,NA,NA,"RPDv1b:2279",1300,"Felde, V.A.",1,"Felde","V.A.",NA,NA,NA,NA,NA,NA,NA,NA,NA,"RPDv1b:2279",1300,"RPDv1b",2279,20576,1072,10.72,"m",0.01,"Radiocarbon date","bulk sediment",10350,90,NA,NA,"TUa-3701A",TRUE,NA,"NA Date is in uncalibrated radiocarbon years.","Tiavatnet core_POLLENSLIDE","counted","NaN-NaN",NA,NA,"",10350,10260,10440,10350,1072,0.01,"NA Date is in uncalibrated radiocarbon years.",". Cal curve: NA. Source DB: RPDv1b","Lacustrine","Carbon-14","Radiocarbon",0,10432,"Calibrated radiocarbon years BP","sedimentary charcoal","Data Sourcing: RPDv1b","Sample Age Source: RPDv1b"
"1300",74,"charcoal | num",1029.5,1030,1030.5,1,7972,NA,NA,"RPDv1b","Charcoal (sum)","(additional options)",NA,NA,"False","False","number","Microscopic charcoal (pollen slide)","direct",NA,"CHAR",3,NA,NA,"quant_raw",1,"volume","cm^3","RPDv1b",2279,"charcoal","count","unspec","pollen_slide","particle","num",NA,"no_size","num","RPDv1b","measured",1,"RPDv1b",NA,"Tiavatnet core",63.05972,9.41694,464,"north",NA,NA,"sedlac",1300,1,2012,"Birks, H.H., Birks, H.J.B., Bjune, A.E., Felde, V.A., 2012. Internal report. XXXVI international bog (’moor’) excursion of the Institute of Plant Sciences, University of Bern, southern and south-eastern Norway, 8-13 September 2012, Excursion Guide. Bjerknes Centre for Climate Research, University of Bergen, Bergen, Norway.","Internal report","XXXVI international bog (’moor’) excursion of the Institute of Plant Sciences, University of Bern, southern and south-eastern Norway, 8-13 September 2012, Excursion Guide. Bjerknes Centre for Climate Research, University of Bergen, Bergen, Norway",NA,NA,NA,NA,NA,NA,NA,NA,NA,NA,NA,NA,NA,NA,NA,NA,NA,NA,"RPDv1b:2279",1300,"Felde, V.A.",1,"Felde","V.A.",NA,NA,NA,NA,NA,NA,NA,NA,NA,"RPDv1b:2279",1300,"RPDv1b",2279,20576,1072,10.72,"m",0.01,"Radiocarbon date","bulk sediment",10350,90,NA,NA,"TUa-3701A",TRUE,NA,"NA Date is in uncalibrated radiocarbon years.","Tiavatnet core_POLLENSLIDE","counted","NaN-NaN",NA,NA,"",10350,10260,10440,10350,1072,0.01,"NA Date is in uncalibrated radiocarbon years.",". Cal curve: NA. Source DB: RPDv1b","Lacustrine","Carbon-14","Radiocarbon",0,10432,"Calibrated radiocarbon years BP","sedimentary charcoal","Data Sourcing: RPDv1b","Sample Age Source: RPDv1b"
"1300",75,"charcoal | num",1033.5,1034,1034.5,1,8258,NA,NA,"RPDv1b","Charcoal (sum)","(additional options)",NA,NA,"False","False","number","Microscopic charcoal (pollen slide)","direct",NA,"CHAR",3,NA,NA,"quant_raw",1,"volume","cm^3","RPDv1b",2279,"charcoal","count","unspec","pollen_slide","particle","num",NA,"no_size","num","RPDv1b","measured",1,"RPDv1b",NA,"Tiavatnet core",63.05972,9.41694,464,"north",NA,NA,"sedlac",1300,1,2012,"Birks, H.H., Birks, H.J.B., Bjune, A.E., Felde, V.A., 2012. Internal report. XXXVI international bog (’moor’) excursion of the Institute of Plant Sciences, University of Bern, southern and south-eastern Norway, 8-13 September 2012, Excursion Guide. Bjerknes Centre for Climate Research, University of Bergen, Bergen, Norway.","Internal report","XXXVI international bog (’moor’) excursion of the Institute of Plant Sciences, University of Bern, southern and south-eastern Norway, 8-13 September 2012, Excursion Guide. Bjerknes Centre for Climate Research, University of Bergen, Bergen, Norway",NA,NA,NA,NA,NA,NA,NA,NA,NA,NA,NA,NA,NA,NA,NA,NA,NA,NA,"RPDv1b:2279",1300,"Felde, V.A.",1,"Felde","V.A.",NA,NA,NA,NA,NA,NA,NA,NA,NA,"RPDv1b:2279",1300,"RPDv1b",2279,20576,1072,10.72,"m",0.01,"Radiocarbon date","bulk sediment",10350,90,NA,NA,"TUa-3701A",TRUE,NA,"NA Date is in uncalibrated radiocarbon years.","Tiavatnet core_POLLENSLIDE","counted","NaN-NaN",NA,NA,"",10350,10260,10440,10350,1072,0.01,"NA Date is in uncalibrated radiocarbon years.",". Cal curve: NA. Source DB: RPDv1b","Lacustrine","Carbon-14","Radiocarbon",0,10432,"Calibrated radiocarbon years BP","sedimentary charcoal","Data Sourcing: RPDv1b","Sample Age Source: RPDv1b"
"1300",76,"charcoal | num",1037.5,1038,1038.5,1,8542,NA,NA,"RPDv1b","Charcoal (sum)","(additional options)",NA,NA,"False","False","number","Microscopic charcoal (pollen slide)","direct",NA,"CHAR",2,NA,NA,"quant_raw",1,"volume","cm^3","RPDv1b",2279,"charcoal","count","unspec","pollen_slide","particle","num",NA,"no_size","num","RPDv1b","measured",1,"RPDv1b",NA,"Tiavatnet core",63.05972,9.41694,464,"north",NA,NA,"sedlac",1300,1,2012,"Birks, H.H., Birks, H.J.B., Bjune, A.E., Felde, V.A., 2012. Internal report. XXXVI international bog (’moor’) excursion of the Institute of Plant Sciences, University of Bern, southern and south-eastern Norway, 8-13 September 2012, Excursion Guide. Bjerknes Centre for Climate Research, University of Bergen, Bergen, Norway.","Internal report","XXXVI international bog (’moor’) excursion of the Institute of Plant Sciences, University of Bern, southern and south-eastern Norway, 8-13 September 2012, Excursion Guide. Bjerknes Centre for Climate Research, University of Bergen, Bergen, Norway",NA,NA,NA,NA,NA,NA,NA,NA,NA,NA,NA,NA,NA,NA,NA,NA,NA,NA,"RPDv1b:2279",1300,"Felde, V.A.",1,"Felde","V.A.",NA,NA,NA,NA,NA,NA,NA,NA,NA,"RPDv1b:2279",1300,"RPDv1b",2279,20576,1072,10.72,"m",0.01,"Radiocarbon date","bulk sediment",10350,90,NA,NA,"TUa-3701A",TRUE,NA,"NA Date is in uncalibrated radiocarbon years.","Tiavatnet core_POLLENSLIDE","counted","NaN-NaN",NA,NA,"",10350,10260,10440,10350,1072,0.01,"NA Date is in uncalibrated radiocarbon years.",". Cal curve: NA. Source DB: RPDv1b","Lacustrine","Carbon-14","Radiocarbon",0,10432,"Calibrated radiocarbon years BP","sedimentary charcoal","Data Sourcing: RPDv1b","Sample Age Source: RPDv1b"
"1300",77,"charcoal | num",1041.5,1042,1042.5,1,8828,NA,NA,"RPDv1b","Charcoal (sum)","(additional options)",NA,NA,"False","False","number","Microscopic charcoal (pollen slide)","direct",NA,"CHAR",5,NA,NA,"quant_raw",1,"volume","cm^3","RPDv1b",2279,"charcoal","count","unspec","pollen_slide","particle","num",NA,"no_size","num","RPDv1b","measured",1,"RPDv1b",NA,"Tiavatnet core",63.05972,9.41694,464,"north",NA,NA,"sedlac",1300,1,2012,"Birks, H.H., Birks, H.J.B., Bjune, A.E., Felde, V.A., 2012. Internal report. XXXVI international bog (’moor’) excursion of the Institute of Plant Sciences, University of Bern, southern and south-eastern Norway, 8-13 September 2012, Excursion Guide. Bjerknes Centre for Climate Research, University of Bergen, Bergen, Norway.","Internal report","XXXVI international bog (’moor’) excursion of the Institute of Plant Sciences, University of Bern, southern and south-eastern Norway, 8-13 September 2012, Excursion Guide. Bjerknes Centre for Climate Research, University of Bergen, Bergen, Norway",NA,NA,NA,NA,NA,NA,NA,NA,NA,NA,NA,NA,NA,NA,NA,NA,NA,NA,"RPDv1b:2279",1300,"Felde, V.A.",1,"Felde","V.A.",NA,NA,NA,NA,NA,NA,NA,NA,NA,"RPDv1b:2279",1300,"RPDv1b",2279,20576,1072,10.72,"m",0.01,"Radiocarbon date","bulk sediment",10350,90,NA,NA,"TUa-3701A",TRUE,NA,"NA Date is in uncalibrated radiocarbon years.","Tiavatnet core_POLLENSLIDE","counted","NaN-NaN",NA,NA,"",10350,10260,10440,10350,1072,0.01,"NA Date is in uncalibrated radiocarbon years.",". Cal curve: NA. Source DB: RPDv1b","Lacustrine","Carbon-14","Radiocarbon",0,10432,"Calibrated radiocarbon years BP","sedimentary charcoal","Data Sourcing: RPDv1b","Sample Age Source: RPDv1b"
"1300",78,"charcoal | num",1045.5,1046,1046.5,1,9081,NA,NA,"RPDv1b","Charcoal (sum)","(additional options)",NA,NA,"False","False","number","Microscopic charcoal (pollen slide)","direct",NA,"CHAR",3,NA,NA,"quant_raw",1,"volume","cm^3","RPDv1b",2279,"charcoal","count","unspec","pollen_slide","particle","num",NA,"no_size","num","RPDv1b","measured",1,"RPDv1b",NA,"Tiavatnet core",63.05972,9.41694,464,"north",NA,NA,"sedlac",1300,1,2012,"Birks, H.H., Birks, H.J.B., Bjune, A.E., Felde, V.A., 2012. Internal report. XXXVI international bog (’moor’) excursion of the Institute of Plant Sciences, University of Bern, southern and south-eastern Norway, 8-13 September 2012, Excursion Guide. Bjerknes Centre for Climate Research, University of Bergen, Bergen, Norway.","Internal report","XXXVI international bog (’moor’) excursion of the Institute of Plant Sciences, University of Bern, southern and south-eastern Norway, 8-13 September 2012, Excursion Guide. Bjerknes Centre for Climate Research, University of Bergen, Bergen, Norway",NA,NA,NA,NA,NA,NA,NA,NA,NA,NA,NA,NA,NA,NA,NA,NA,NA,NA,"RPDv1b:2279",1300,"Felde, V.A.",1,"Felde","V.A.",NA,NA,NA,NA,NA,NA,NA,NA,NA,"RPDv1b:2279",1300,"RPDv1b",2279,20576,1072,10.72,"m",0.01,"Radiocarbon date","bulk sediment",10350,90,NA,NA,"TUa-3701A",TRUE,NA,"NA Date is in uncalibrated radiocarbon years.","Tiavatnet core_POLLENSLIDE","counted","NaN-NaN",NA,NA,"",10350,10260,10440,10350,1072,0.01,"NA Date is in uncalibrated radiocarbon years.",". Cal curve: NA. Source DB: RPDv1b","Lacustrine","Carbon-14","Radiocarbon",0,10432,"Calibrated radiocarbon years BP","sedimentary charcoal","Data Sourcing: RPDv1b","Sample Age Source: RPDv1b"
"1300",79,"charcoal | num",1049.5,1050,1050.5,1,9304,NA,NA,"RPDv1b","Charcoal (sum)","(additional options)",NA,NA,"False","False","number","Microscopic charcoal (pollen slide)","direct",NA,"CHAR",4,NA,NA,"quant_raw",1,"volume","cm^3","RPDv1b",2279,"charcoal","count","unspec","pollen_slide","particle","num",NA,"no_size","num","RPDv1b","measured",1,"RPDv1b",NA,"Tiavatnet core",63.05972,9.41694,464,"north",NA,NA,"sedlac",1300,1,2012,"Birks, H.H., Birks, H.J.B., Bjune, A.E., Felde, V.A., 2012. Internal report. XXXVI international bog (’moor’) excursion of the Institute of Plant Sciences, University of Bern, southern and south-eastern Norway, 8-13 September 2012, Excursion Guide. Bjerknes Centre for Climate Research, University of Bergen, Bergen, Norway.","Internal report","XXXVI international bog (’moor’) excursion of the Institute of Plant Sciences, University of Bern, southern and south-eastern Norway, 8-13 September 2012, Excursion Guide. Bjerknes Centre for Climate Research, University of Bergen, Bergen, Norway",NA,NA,NA,NA,NA,NA,NA,NA,NA,NA,NA,NA,NA,NA,NA,NA,NA,NA,"RPDv1b:2279",1300,"Felde, V.A.",1,"Felde","V.A.",NA,NA,NA,NA,NA,NA,NA,NA,NA,"RPDv1b:2279",1300,"RPDv1b",2279,20576,1072,10.72,"m",0.01,"Radiocarbon date","bulk sediment",10350,90,NA,NA,"TUa-3701A",TRUE,NA,"NA Date is in uncalibrated radiocarbon years.","Tiavatnet core_POLLENSLIDE","counted","NaN-NaN",NA,NA,"",10350,10260,10440,10350,1072,0.01,"NA Date is in uncalibrated radiocarbon years.",". Cal curve: NA. Source DB: RPDv1b","Lacustrine","Carbon-14","Radiocarbon",0,10432,"Calibrated radiocarbon years BP","sedimentary charcoal","Data Sourcing: RPDv1b","Sample Age Source: RPDv1b"
"1300",80,"charcoal | num",1053.5,1054,1054.5,1,9526,NA,NA,"RPDv1b","Charcoal (sum)","(additional options)",NA,NA,"False","False","number","Microscopic charcoal (pollen slide)","direct",NA,"CHAR",1,NA,NA,"quant_raw",1,"volume","cm^3","RPDv1b",2279,"charcoal","count","unspec","pollen_slide","particle","num",NA,"no_size","num","RPDv1b","measured",1,"RPDv1b",NA,"Tiavatnet core",63.05972,9.41694,464,"north",NA,NA,"sedlac",1300,1,2012,"Birks, H.H., Birks, H.J.B., Bjune, A.E., Felde, V.A., 2012. Internal report. XXXVI international bog (’moor’) excursion of the Institute of Plant Sciences, University of Bern, southern and south-eastern Norway, 8-13 September 2012, Excursion Guide. Bjerknes Centre for Climate Research, University of Bergen, Bergen, Norway.","Internal report","XXXVI international bog (’moor’) excursion of the Institute of Plant Sciences, University of Bern, southern and south-eastern Norway, 8-13 September 2012, Excursion Guide. Bjerknes Centre for Climate Research, University of Bergen, Bergen, Norway",NA,NA,NA,NA,NA,NA,NA,NA,NA,NA,NA,NA,NA,NA,NA,NA,NA,NA,"RPDv1b:2279",1300,"Felde, V.A.",1,"Felde","V.A.",NA,NA,NA,NA,NA,NA,NA,NA,NA,"RPDv1b:2279",1300,"RPDv1b",2279,20576,1072,10.72,"m",0.01,"Radiocarbon date","bulk sediment",10350,90,NA,NA,"TUa-3701A",TRUE,NA,"NA Date is in uncalibrated radiocarbon years.","Tiavatnet core_POLLENSLIDE","counted","NaN-NaN",NA,NA,"",10350,10260,10440,10350,1072,0.01,"NA Date is in uncalibrated radiocarbon years.",". Cal curve: NA. Source DB: RPDv1b","Lacustrine","Carbon-14","Radiocarbon",0,10432,"Calibrated radiocarbon years BP","sedimentary charcoal","Data Sourcing: RPDv1b","Sample Age Source: RPDv1b"
"1300",81,"charcoal | num",1057.5,1058,1058.5,1,9749,NA,NA,"RPDv1b","Charcoal (sum)","(additional options)",NA,NA,"False","False","number","Microscopic charcoal (pollen slide)","direct",NA,"CHAR",2,NA,NA,"quant_raw",1,"volume","cm^3","RPDv1b",2279,"charcoal","count","unspec","pollen_slide","particle","num",NA,"no_size","num","RPDv1b","measured",1,"RPDv1b",NA,"Tiavatnet core",63.05972,9.41694,464,"north",NA,NA,"sedlac",1300,1,2012,"Birks, H.H., Birks, H.J.B., Bjune, A.E., Felde, V.A., 2012. Internal report. XXXVI international bog (’moor’) excursion of the Institute of Plant Sciences, University of Bern, southern and south-eastern Norway, 8-13 September 2012, Excursion Guide. Bjerknes Centre for Climate Research, University of Bergen, Bergen, Norway.","Internal report","XXXVI international bog (’moor’) excursion of the Institute of Plant Sciences, University of Bern, southern and south-eastern Norway, 8-13 September 2012, Excursion Guide. Bjerknes Centre for Climate Research, University of Bergen, Bergen, Norway",NA,NA,NA,NA,NA,NA,NA,NA,NA,NA,NA,NA,NA,NA,NA,NA,NA,NA,"RPDv1b:2279",1300,"Felde, V.A.",1,"Felde","V.A.",NA,NA,NA,NA,NA,NA,NA,NA,NA,"RPDv1b:2279",1300,"RPDv1b",2279,20568,733,7.33,"m",NA,"Top of core known","-888888",NA,1,0,NA,"-888888",TRUE,NA,"NA Date is calibrated.","Tiavatnet core_POLLENSLIDE","counted","NaN-NaN",NA,NA,"",0,-1,1,0,733,NA,"NA Date is calibrated.",". Cal curve: NA. Source DB: RPDv1b","Lacustrine","","Core top",0,10432,"Calibrated radiocarbon years BP","sedimentary charcoal","Data Sourcing: RPDv1b","Sample Age Source: RPDv1b"
"1300",82,"charcoal | num",1061.5,1062,1062.5,1,9942,NA,NA,"RPDv1b","Charcoal (sum)","(additional options)",NA,NA,"False","False","number","Microscopic charcoal (pollen slide)","direct",NA,"CHAR",4,NA,NA,"quant_raw",1,"volume","cm^3","RPDv1b",2279,"charcoal","count","unspec","pollen_slide","particle","num",NA,"no_size","num","RPDv1b","measured",1,"RPDv1b",NA,"Tiavatnet core",63.05972,9.41694,464,"north",NA,NA,"sedlac",1300,1,2012,"Birks, H.H., Birks, H.J.B., Bjune, A.E., Felde, V.A., 2012. Internal report. XXXVI international bog (’moor’) excursion of the Institute of Plant Sciences, University of Bern, southern and south-eastern Norway, 8-13 September 2012, Excursion Guide. Bjerknes Centre for Climate Research, University of Bergen, Bergen, Norway.","Internal report","XXXVI international bog (’moor’) excursion of the Institute of Plant Sciences, University of Bern, southern and south-eastern Norway, 8-13 September 2012, Excursion Guide. Bjerknes Centre for Climate Research, University of Bergen, Bergen, Norway",NA,NA,NA,NA,NA,NA,NA,NA,NA,NA,NA,NA,NA,NA,NA,NA,NA,NA,"RPDv1b:2279",1300,"Felde, V.A.",1,"Felde","V.A.",NA,NA,NA,NA,NA,NA,NA,NA,NA,"RPDv1b:2279",1300,"RPDv1b",2279,20569,815.75,8.1575,"m",0.005,"Radiocarbon date","bulk sediment",2210,40,NA,NA,"TUa-3694A",TRUE,NA,"NA Date is in uncalibrated radiocarbon years.","Tiavatnet core_POLLENSLIDE","counted","NaN-NaN",NA,NA,"",2210,2170,2250,2210,815.75,0.005,"NA Date is in uncalibrated radiocarbon years.",". Cal curve: NA. Source DB: RPDv1b","Lacustrine","Carbon-14","Radiocarbon",0,10432,"Calibrated radiocarbon years BP","sedimentary charcoal","Data Sourcing: RPDv1b","Sample Age Source: RPDv1b"
"1300",83,"charcoal | num",1065.5,1066,1066.5,1,10105,NA,NA,"RPDv1b","Charcoal (sum)","(additional options)",NA,NA,"False","False","number","Microscopic charcoal (pollen slide)","direct",NA,"CHAR",3,NA,NA,"quant_raw",1,"volume","cm^3","RPDv1b",2279,"charcoal","count","unspec","pollen_slide","particle","num",NA,"no_size","num","RPDv1b","measured",1,"RPDv1b",NA,"Tiavatnet core",63.05972,9.41694,464,"north",NA,NA,"sedlac",1300,1,2012,"Birks, H.H., Birks, H.J.B., Bjune, A.E., Felde, V.A., 2012. Internal report. XXXVI international bog (’moor’) excursion of the Institute of Plant Sciences, University of Bern, southern and south-eastern Norway, 8-13 September 2012, Excursion Guide. Bjerknes Centre for Climate Research, University of Bergen, Bergen, Norway.","Internal report","XXXVI international bog (’moor’) excursion of the Institute of Plant Sciences, University of Bern, southern and south-eastern Norway, 8-13 September 2012, Excursion Guide. Bjerknes Centre for Climate Research, University of Bergen, Bergen, Norway",NA,NA,NA,NA,NA,NA,NA,NA,NA,NA,NA,NA,NA,NA,NA,NA,NA,NA,"RPDv1b:2279",1300,"Felde, V.A.",1,"Felde","V.A.",NA,NA,NA,NA,NA,NA,NA,NA,NA,"RPDv1b:2279",1300,"RPDv1b",2279,20570,854.75,8.5475,"m",0.005,"Radiocarbon date","bulk sediment",2985,45,NA,NA,"TUa-3654A",TRUE,NA,"NA Date is in uncalibrated radiocarbon years.","Tiavatnet core_POLLENSLIDE","counted","NaN-NaN",NA,NA,"",2985,2940,3030,2985,854.75,0.005,"NA Date is in uncalibrated radiocarbon years.",". Cal curve: NA. Source DB: RPDv1b","Lacustrine","Carbon-14","Radiocarbon",0,10432,"Calibrated radiocarbon years BP","sedimentary charcoal","Data Sourcing: RPDv1b","Sample Age Source: RPDv1b"
"1300",84,"charcoal | num",1069.5,1070,1070.5,1,10268,NA,NA,"RPDv1b","Charcoal (sum)","(additional options)",NA,NA,"False","False","number","Microscopic charcoal (pollen slide)","direct",NA,"CHAR",2,NA,NA,"quant_raw",1,"volume","cm^3","RPDv1b",2279,"charcoal","count","unspec","pollen_slide","particle","num",NA,"no_size","num","RPDv1b","measured",1,"RPDv1b",NA,"Tiavatnet core",63.05972,9.41694,464,"north",NA,NA,"sedlac",1300,1,2012,"Birks, H.H., Birks, H.J.B., Bjune, A.E., Felde, V.A., 2012. Internal report. XXXVI international bog (’moor’) excursion of the Institute of Plant Sciences, University of Bern, southern and south-eastern Norway, 8-13 September 2012, Excursion Guide. Bjerknes Centre for Climate Research, University of Bergen, Bergen, Norway.","Internal report","XXXVI international bog (’moor’) excursion of the Institute of Plant Sciences, University of Bern, southern and south-eastern Norway, 8-13 September 2012, Excursion Guide. Bjerknes Centre for Climate Research, University of Bergen, Bergen, Norway",NA,NA,NA,NA,NA,NA,NA,NA,NA,NA,NA,NA,NA,NA,NA,NA,NA,NA,"RPDv1b:2279",1300,"Birks, H.H.",1,"Birks","H.H.",NA,NA,NA,NA,NA,NA,NA,NA,NA,"RPDv1b:2279",1300,"RPDv1b",2279,20571,916,9.16,"m",0.01,"Radiocarbon date","bulk sediment",3800,45,NA,NA,"TUa-3696A",TRUE,NA,"NA Date is in uncalibrated radiocarbon years.","Tiavatnet core_POLLENSLIDE","counted","NaN-NaN",NA,NA,"",3800,3755,3845,3800,916,0.01,"NA Date is in uncalibrated radiocarbon years.",". Cal curve: NA. Source DB: RPDv1b","Lacustrine","Carbon-14","Radiocarbon",0,10432,"Calibrated radiocarbon years BP","sedimentary charcoal","Data Sourcing: RPDv1b","Sample Age Source: RPDv1b"
"1300",85,"charcoal | num",1073.5,1074,1074.5,1,10432,NA,NA,"RPDv1b","Charcoal (sum)","(additional options)",NA,NA,"False","False","number","Microscopic charcoal (pollen slide)","direct",NA,"CHAR",5,NA,NA,"quant_raw",1,"volume","cm^3","RPDv1b",2279,"charcoal","count","unspec","pollen_slide","particle","num",NA,"no_size","num","RPDv1b","measured",1,"RPDv1b",NA,"Tiavatnet core",63.05972,9.41694,464,"north",NA,NA,"sedlac",1300,1,2012,"Birks, H.H., Birks, H.J.B., Bjune, A.E., Felde, V.A., 2012. Internal report. XXXVI international bog (’moor’) excursion of the Institute of Plant Sciences, University of Bern, southern and south-eastern Norway, 8-13 September 2012, Excursion Guide. Bjerknes Centre for Climate Research, University of Bergen, Bergen, Norway.","Internal report","XXXVI international bog (’moor’) excursion of the Institute of Plant Sciences, University of Bern, southern and south-eastern Norway, 8-13 September 2012, Excursion Guide. Bjerknes Centre for Climate Research, University of Bergen, Bergen, Norway",NA,NA,NA,NA,NA,NA,NA,NA,NA,NA,NA,NA,NA,NA,NA,NA,NA,NA,"RPDv1b:2279",1300,"Birks, H.J.B.",1,"Birks","H.J.B.",NA,NA,NA,NA,NA,NA,NA,NA,NA,"RPDv1b:2279",1300,"RPDv1b",2279,20572,984,9.84,"m",0.01,"Radiocarbon date","bulk sediment",6025,50,NA,NA,"TUa-3697A",TRUE,NA,"NA Date is in uncalibrated radiocarbon years.","Tiavatnet core_POLLENSLIDE","counted","NaN-NaN",NA,NA,"",6025,5975,6075,6025,984,0.01,"NA Date is in uncalibrated radiocarbon years.",". Cal curve: NA. Source DB: RPDv1b","Lacustrine","Carbon-14","Radiocarbon",0,10432,"Calibrated radiocarbon years BP","sedimentary charcoal","Data Sourcing: RPDv1b","Sample Age Source: RPDv1b"
