"cluster_id_entity","usample","channel","depth_top_cm","depth_mid_cm","depth_bot_cm","thick_cm","age_mid_cal_yr_bp","age_top_cal_yr_bp","age_bot_cal_yr_bp","age_source","NAME","ELEMENT","size_min_um","size_max_um","size_min_open","size_max_open","UNITS","CONTEXT","context_source","TAPHONOMY","GROUP","value","value_orig","value_conversion","value_source_column","sample_quantity_value","sample_quantity_ELEMENT","sample_quantity_UNITS","data_source","data_entity","original_fire_proxy","original_meas_type","original_meas_detail","original_meas_method","original_proxy_class","original_quant_units","original_quant_units_raw","parsed_size_token","parsed_unit_token","depth_source","depth_repair_method","n_db_contrib","db_contrib","vocab_flags","entity_name","lat_dd_north","lon_dd_east","elev_m","hemisphere","country_entity","location_desc","depo_context","cluster_id","pubtypeid","year","citation","articletitle","journal","volume","issue","pages","citationnumber","doi","booktitle","numvolumes","edition","volumetitle","seriestitle","seriesvolume","publisher","url_pub","city","state","country","originallanguage","notes_pub","pub_source","cluster_id_contact","contactname","contactstatusid","familyname","leadinginitials","givennames","suffix","title","phone","fax","email","url","address","notes","contact_source","cluster_id_geo","db_geo","source_entity","date_id","depth_cm_geo","depth_orig_geo","depth_unit_geo","thick_cm_geo","date_type","material","age_14C","error","cal_age_geo","cal_curve","lab_number","included","exclude_reason","notes_geo","datasetname","controlled_units","controlled_element","X","X.1","X.2","age_geo","chroncontrol_limityounger","chroncontrol_limitolder","chroncontrol_age","chroncontrol_depth","chroncontrol_thickness","chroncontrol_comments","chronology_notes_full","controlled_dep","neotoma_geochrontype","neotoma_chroncontroltypes","ageboundyounger","ageboundolder","agetype","datasettype","datasetnotes_full","samplenotes_full"
"1404",0,"charcoal | >100um num",NA,0,NA,NA,NA,NA,NA,NA,"Charcoal (sum)",">100 µm",100,NA,"False","True","number","Microscopic charcoal (pollen slide)","direct",NA,"CHAR",0,NA,NA,"quant_raw",0.5,"volume","cm^3","RPDv1b",2418,"charcoal","count","unspec","pollen_slide","particle",">100um num",NA,">100um","num","RPDv1b","measured",1,"RPDv1b","ELEMENT=>100 µm","ANT micro",-0.965767,-78.406617,3984,"south",NA,NA,"sedswamp",1404,1,2015,"Villota, A., León-Yánez, S., Behling, H., 2015. Mid-and late Holocene vegetation and environmental dynamics in the Llanganates National Park, Anteojos Valley, central Ecuadorian Andes. Palynology 39, 350–361.","Mid-and late Holocene vegetation and environmental dynamics in the Llanganates National Park, Anteojos Valley, central Ecuadorian Andes","Palynology",39,NA,"350-361",NA,"10.1080/01916122.2014.977404",NA,NA,NA,NA,NA,NA,NA,NA,NA,NA,NA,NA,NA,"RPDv1b:2417|RPDv1b:2418",1404,"Villota, A.",1,"Villota","A.",NA,NA,NA,NA,NA,NA,NA,NA,NA,"RPDv1b:2417",1404,"RPDv1b",2417,27021,0,0,"m",NA,"Top of core known","-888888",NA,1,0,NA,"-888888",TRUE,NA,"NA Date is calibrated.","ANT micro_POLLENSLIDE","counted","100-NaN",NA,NA,"",0,-1,1,0,0,NA,"NA Date is calibrated.",". Cal curve: NA. Source DB: RPDv1b","Swamp","","Core top",NA,NA,"Calibrated radiocarbon years BP","sedimentary charcoal","Data Sourcing: RPDv1b","Sample Age Source: NA"
"1404",1,"charcoal | >100um num",NA,8,NA,NA,NA,NA,NA,NA,"Charcoal (sum)",">100 µm",100,NA,"False","True","number","Microscopic charcoal (pollen slide)","direct",NA,"CHAR",0,NA,NA,"quant_raw",0.5,"volume","cm^3","RPDv1b",2418,"charcoal","count","unspec","pollen_slide","particle",">100um num",NA,">100um","num","RPDv1b","measured",1,"RPDv1b","ELEMENT=>100 µm","ANT micro",-0.965767,-78.406617,3984,"south",NA,NA,"sedswamp",1404,1,2015,"Villota, A., León-Yánez, S., Behling, H., 2015. Mid-and late Holocene vegetation and environmental dynamics in the Llanganates National Park, Anteojos Valley, central Ecuadorian Andes. Palynology 39, 350–361.","Mid-and late Holocene vegetation and environmental dynamics in the Llanganates National Park, Anteojos Valley, central Ecuadorian Andes","Palynology",39,NA,"350-361",NA,"10.1080/01916122.2014.977404",NA,NA,NA,NA,NA,NA,NA,NA,NA,NA,NA,NA,NA,"RPDv1b:2417|RPDv1b:2418",1404,"Villota, A.",1,"Villota","A.",NA,NA,NA,NA,NA,NA,NA,NA,NA,"RPDv1b:2417",1404,"RPDv1b",2417,27021,0,0,"m",NA,"Top of core known","-888888",NA,1,0,NA,"-888888",TRUE,NA,"NA Date is calibrated.","ANT micro_POLLENSLIDE","counted","100-NaN",NA,NA,"",0,-1,1,0,0,NA,"NA Date is calibrated.",". Cal curve: NA. Source DB: RPDv1b","Swamp","","Core top",NA,NA,"Calibrated radiocarbon years BP","sedimentary charcoal","Data Sourcing: RPDv1b","Sample Age Source: NA"
"1404",2,"charcoal | >100um num",NA,16,NA,NA,NA,NA,NA,NA,"Charcoal (sum)",">100 µm",100,NA,"False","True","number","Microscopic charcoal (pollen slide)","direct",NA,"CHAR",86727.68,NA,NA,"quant_raw",0.5,"volume","cm^3","RPDv1b",2418,"charcoal","count","unspec","pollen_slide","particle",">100um num",NA,">100um","num","RPDv1b","measured",1,"RPDv1b","ELEMENT=>100 µm","ANT micro",-0.965767,-78.406617,3984,"south",NA,NA,"sedswamp",1404,1,2015,"Villota, A., León-Yánez, S., Behling, H., 2015. Mid-and late Holocene vegetation and environmental dynamics in the Llanganates National Park, Anteojos Valley, central Ecuadorian Andes. Palynology 39, 350–361.","Mid-and late Holocene vegetation and environmental dynamics in the Llanganates National Park, Anteojos Valley, central Ecuadorian Andes","Palynology",39,NA,"350-361",NA,"10.1080/01916122.2014.977404",NA,NA,NA,NA,NA,NA,NA,NA,NA,NA,NA,NA,NA,"RPDv1b:2417|RPDv1b:2418",1404,"Villota, A.",1,"Villota","A.",NA,NA,NA,NA,NA,NA,NA,NA,NA,"RPDv1b:2417",1404,"RPDv1b",2417,27021,0,0,"m",NA,"Top of core known","-888888",NA,1,0,NA,"-888888",TRUE,NA,"NA Date is calibrated.","ANT micro_POLLENSLIDE","counted","100-NaN",NA,NA,"",0,-1,1,0,0,NA,"NA Date is calibrated.",". Cal curve: NA. Source DB: RPDv1b","Swamp","","Core top",NA,NA,"Calibrated radiocarbon years BP","sedimentary charcoal","Data Sourcing: RPDv1b","Sample Age Source: NA"
"1404",3,"charcoal | >100um num",NA,24,NA,NA,NA,NA,NA,NA,"Charcoal (sum)",">100 µm",100,NA,"False","True","number","Microscopic charcoal (pollen slide)","direct",NA,"CHAR",86727.68,NA,NA,"quant_raw",0.5,"volume","cm^3","RPDv1b",2418,"charcoal","count","unspec","pollen_slide","particle",">100um num",NA,">100um","num","RPDv1b","measured",1,"RPDv1b","ELEMENT=>100 µm","ANT micro",-0.965767,-78.406617,3984,"south",NA,NA,"sedswamp",1404,1,2015,"Villota, A., León-Yánez, S., Behling, H., 2015. Mid-and late Holocene vegetation and environmental dynamics in the Llanganates National Park, Anteojos Valley, central Ecuadorian Andes. Palynology 39, 350–361.","Mid-and late Holocene vegetation and environmental dynamics in the Llanganates National Park, Anteojos Valley, central Ecuadorian Andes","Palynology",39,NA,"350-361",NA,"10.1080/01916122.2014.977404",NA,NA,NA,NA,NA,NA,NA,NA,NA,NA,NA,NA,NA,"RPDv1b:2417|RPDv1b:2418",1404,"Villota, A.",1,"Villota","A.",NA,NA,NA,NA,NA,NA,NA,NA,NA,"RPDv1b:2417",1404,"RPDv1b",2417,27021,0,0,"m",NA,"Top of core known","-888888",NA,1,0,NA,"-888888",TRUE,NA,"NA Date is calibrated.","ANT micro_POLLENSLIDE","counted","100-NaN",NA,NA,"",0,-1,1,0,0,NA,"NA Date is calibrated.",". Cal curve: NA. Source DB: RPDv1b","Swamp","","Core top",NA,NA,"Calibrated radiocarbon years BP","sedimentary charcoal","Data Sourcing: RPDv1b","Sample Age Source: NA"
"1404",4,"charcoal | >100um num",NA,32,NA,NA,NA,NA,NA,NA,"Charcoal (sum)",">100 µm",100,NA,"False","True","number","Microscopic charcoal (pollen slide)","direct",NA,"CHAR",0,NA,NA,"quant_raw",0.5,"volume","cm^3","RPDv1b",2418,"charcoal","count","unspec","pollen_slide","particle",">100um num",NA,">100um","num","RPDv1b","measured",1,"RPDv1b","ELEMENT=>100 µm","ANT micro",-0.965767,-78.406617,3984,"south",NA,NA,"sedswamp",1404,1,2015,"Villota, A., León-Yánez, S., Behling, H., 2015. Mid-and late Holocene vegetation and environmental dynamics in the Llanganates National Park, Anteojos Valley, central Ecuadorian Andes. Palynology 39, 350–361.","Mid-and late Holocene vegetation and environmental dynamics in the Llanganates National Park, Anteojos Valley, central Ecuadorian Andes","Palynology",39,NA,"350-361",NA,"10.1080/01916122.2014.977404",NA,NA,NA,NA,NA,NA,NA,NA,NA,NA,NA,NA,NA,"RPDv1b:2417|RPDv1b:2418",1404,"Villota, A.",1,"Villota","A.",NA,NA,NA,NA,NA,NA,NA,NA,NA,"RPDv1b:2417",1404,"RPDv1b",2417,27021,0,0,"m",NA,"Top of core known","-888888",NA,1,0,NA,"-888888",TRUE,NA,"NA Date is calibrated.","ANT micro_POLLENSLIDE","counted","100-NaN",NA,NA,"",0,-1,1,0,0,NA,"NA Date is calibrated.",". Cal curve: NA. Source DB: RPDv1b","Swamp","","Core top",NA,NA,"Calibrated radiocarbon years BP","sedimentary charcoal","Data Sourcing: RPDv1b","Sample Age Source: NA"
"1404",5,"charcoal | >100um num",NA,40,NA,NA,NA,NA,NA,NA,"Charcoal (sum)",">100 µm",100,NA,"False","True","number","Microscopic charcoal (pollen slide)","direct",NA,"CHAR",0,NA,NA,"quant_raw",0.5,"volume","cm^3","RPDv1b",2418,"charcoal","count","unspec","pollen_slide","particle",">100um num",NA,">100um","num","RPDv1b","measured",1,"RPDv1b","ELEMENT=>100 µm","ANT micro",-0.965767,-78.406617,3984,"south",NA,NA,"sedswamp",1404,1,2015,"Villota, A., León-Yánez, S., Behling, H., 2015. Mid-and late Holocene vegetation and environmental dynamics in the Llanganates National Park, Anteojos Valley, central Ecuadorian Andes. Palynology 39, 350–361.","Mid-and late Holocene vegetation and environmental dynamics in the Llanganates National Park, Anteojos Valley, central Ecuadorian Andes","Palynology",39,NA,"350-361",NA,"10.1080/01916122.2014.977404",NA,NA,NA,NA,NA,NA,NA,NA,NA,NA,NA,NA,NA,"RPDv1b:2417|RPDv1b:2418",1404,"Villota, A.",1,"Villota","A.",NA,NA,NA,NA,NA,NA,NA,NA,NA,"RPDv1b:2417",1404,"RPDv1b",2417,27021,0,0,"m",NA,"Top of core known","-888888",NA,1,0,NA,"-888888",TRUE,NA,"NA Date is calibrated.","ANT micro_POLLENSLIDE","counted","100-NaN",NA,NA,"",0,-1,1,0,0,NA,"NA Date is calibrated.",". Cal curve: NA. Source DB: RPDv1b","Swamp","","Core top",NA,NA,"Calibrated radiocarbon years BP","sedimentary charcoal","Data Sourcing: RPDv1b","Sample Age Source: NA"
"1404",6,"charcoal | >100um num",NA,48,NA,NA,NA,NA,NA,NA,"Charcoal (sum)",">100 µm",100,NA,"False","True","number","Microscopic charcoal (pollen slide)","direct",NA,"CHAR",0,NA,NA,"quant_raw",0.5,"volume","cm^3","RPDv1b",2418,"charcoal","count","unspec","pollen_slide","particle",">100um num",NA,">100um","num","RPDv1b","measured",1,"RPDv1b","ELEMENT=>100 µm","ANT micro",-0.965767,-78.406617,3984,"south",NA,NA,"sedswamp",1404,1,2015,"Villota, A., León-Yánez, S., Behling, H., 2015. Mid-and late Holocene vegetation and environmental dynamics in the Llanganates National Park, Anteojos Valley, central Ecuadorian Andes. Palynology 39, 350–361.","Mid-and late Holocene vegetation and environmental dynamics in the Llanganates National Park, Anteojos Valley, central Ecuadorian Andes","Palynology",39,NA,"350-361",NA,"10.1080/01916122.2014.977404",NA,NA,NA,NA,NA,NA,NA,NA,NA,NA,NA,NA,NA,"RPDv1b:2417|RPDv1b:2418",1404,"Villota, A.",1,"Villota","A.",NA,NA,NA,NA,NA,NA,NA,NA,NA,"RPDv1b:2417",1404,"RPDv1b",2417,27021,0,0,"m",NA,"Top of core known","-888888",NA,1,0,NA,"-888888",TRUE,NA,"NA Date is calibrated.","ANT micro_POLLENSLIDE","counted","100-NaN",NA,NA,"",0,-1,1,0,0,NA,"NA Date is calibrated.",". Cal curve: NA. Source DB: RPDv1b","Swamp","","Core top",NA,NA,"Calibrated radiocarbon years BP","sedimentary charcoal","Data Sourcing: RPDv1b","Sample Age Source: NA"
"1404",7,"charcoal | >100um num",NA,56,NA,NA,NA,NA,NA,NA,"Charcoal (sum)",">100 µm",100,NA,"False","True","number","Microscopic charcoal (pollen slide)","direct",NA,"CHAR",0,NA,NA,"quant_raw",0.5,"volume","cm^3","RPDv1b",2418,"charcoal","count","unspec","pollen_slide","particle",">100um num",NA,">100um","num","RPDv1b","measured",1,"RPDv1b","ELEMENT=>100 µm","ANT micro",-0.965767,-78.406617,3984,"south",NA,NA,"sedswamp",1404,1,2015,"Villota, A., León-Yánez, S., Behling, H., 2015. Mid-and late Holocene vegetation and environmental dynamics in the Llanganates National Park, Anteojos Valley, central Ecuadorian Andes. Palynology 39, 350–361.","Mid-and late Holocene vegetation and environmental dynamics in the Llanganates National Park, Anteojos Valley, central Ecuadorian Andes","Palynology",39,NA,"350-361",NA,"10.1080/01916122.2014.977404",NA,NA,NA,NA,NA,NA,NA,NA,NA,NA,NA,NA,NA,"RPDv1b:2417|RPDv1b:2418",1404,"Villota, A.",1,"Villota","A.",NA,NA,NA,NA,NA,NA,NA,NA,NA,"RPDv1b:2417",1404,"RPDv1b",2417,27021,0,0,"m",NA,"Top of core known","-888888",NA,1,0,NA,"-888888",TRUE,NA,"NA Date is calibrated.","ANT micro_POLLENSLIDE","counted","100-NaN",NA,NA,"",0,-1,1,0,0,NA,"NA Date is calibrated.",". Cal curve: NA. Source DB: RPDv1b","Swamp","","Core top",NA,NA,"Calibrated radiocarbon years BP","sedimentary charcoal","Data Sourcing: RPDv1b","Sample Age Source: NA"
"1404",8,"charcoal | >100um num",NA,64,NA,NA,NA,NA,NA,NA,"Charcoal (sum)",">100 µm",100,NA,"False","True","number","Microscopic charcoal (pollen slide)","direct",NA,"CHAR",86727.68,NA,NA,"quant_raw",0.5,"volume","cm^3","RPDv1b",2418,"charcoal","count","unspec","pollen_slide","particle",">100um num",NA,">100um","num","RPDv1b","measured",1,"RPDv1b","ELEMENT=>100 µm","ANT micro",-0.965767,-78.406617,3984,"south",NA,NA,"sedswamp",1404,1,2015,"Villota, A., León-Yánez, S., Behling, H., 2015. Mid-and late Holocene vegetation and environmental dynamics in the Llanganates National Park, Anteojos Valley, central Ecuadorian Andes. Palynology 39, 350–361.","Mid-and late Holocene vegetation and environmental dynamics in the Llanganates National Park, Anteojos Valley, central Ecuadorian Andes","Palynology",39,NA,"350-361",NA,"10.1080/01916122.2014.977404",NA,NA,NA,NA,NA,NA,NA,NA,NA,NA,NA,NA,NA,"RPDv1b:2417|RPDv1b:2418",1404,"Villota, A.",1,"Villota","A.",NA,NA,NA,NA,NA,NA,NA,NA,NA,"RPDv1b:2417",1404,"RPDv1b",2417,27022,99.5,0.995,"m",0.01,"AMS","bulk sediment, peat",265,48,NA,NA,"Erl-16076",TRUE,NA,"NA Date is in uncalibrated radiocarbon years.","ANT micro_POLLENSLIDE","counted","100-NaN",NA,NA,"",265,217,313,265,99.5,0.01,"NA Date is in uncalibrated radiocarbon years.",". Cal curve: NA. Source DB: RPDv1b","Swamp","Carbon-14","Radiocarbon",NA,NA,"Calibrated radiocarbon years BP","sedimentary charcoal","Data Sourcing: RPDv1b","Sample Age Source: NA"
"1404",9,"charcoal | >100um num",NA,72,NA,NA,NA,NA,NA,NA,"Charcoal (sum)",">100 µm",100,NA,"False","True","number","Microscopic charcoal (pollen slide)","direct",NA,"CHAR",0,NA,NA,"quant_raw",0.5,"volume","cm^3","RPDv1b",2418,"charcoal","count","unspec","pollen_slide","particle",">100um num",NA,">100um","num","RPDv1b","measured",1,"RPDv1b","ELEMENT=>100 µm","ANT micro",-0.965767,-78.406617,3984,"south",NA,NA,"sedswamp",1404,1,2015,"Villota, A., León-Yánez, S., Behling, H., 2015. Mid-and late Holocene vegetation and environmental dynamics in the Llanganates National Park, Anteojos Valley, central Ecuadorian Andes. Palynology 39, 350–361.","Mid-and late Holocene vegetation and environmental dynamics in the Llanganates National Park, Anteojos Valley, central Ecuadorian Andes","Palynology",39,NA,"350-361",NA,"10.1080/01916122.2014.977404",NA,NA,NA,NA,NA,NA,NA,NA,NA,NA,NA,NA,NA,"RPDv1b:2417|RPDv1b:2418",1404,"Villota, A.",1,"Villota","A.",NA,NA,NA,NA,NA,NA,NA,NA,NA,"RPDv1b:2417",1404,"RPDv1b",2417,27022,99.5,0.995,"m",0.01,"AMS","bulk sediment, peat",265,48,NA,NA,"Erl-16076",TRUE,NA,"NA Date is in uncalibrated radiocarbon years.","ANT micro_POLLENSLIDE","counted","100-NaN",NA,NA,"",265,217,313,265,99.5,0.01,"NA Date is in uncalibrated radiocarbon years.",". Cal curve: NA. Source DB: RPDv1b","Swamp","Carbon-14","Radiocarbon",NA,NA,"Calibrated radiocarbon years BP","sedimentary charcoal","Data Sourcing: RPDv1b","Sample Age Source: NA"
"1404",10,"charcoal | >100um num",NA,76,NA,NA,NA,NA,NA,NA,"Charcoal (sum)",">100 µm",100,NA,"False","True","number","Microscopic charcoal (pollen slide)","direct",NA,"CHAR",260600,NA,NA,"quant_raw",0.5,"volume","cm^3","RPDv1b",2418,"charcoal","count","unspec","pollen_slide","particle",">100um num",NA,">100um","num","RPDv1b","measured",1,"RPDv1b","ELEMENT=>100 µm","ANT micro",-0.965767,-78.406617,3984,"south",NA,NA,"sedswamp",1404,1,2015,"Villota, A., León-Yánez, S., Behling, H., 2015. Mid-and late Holocene vegetation and environmental dynamics in the Llanganates National Park, Anteojos Valley, central Ecuadorian Andes. Palynology 39, 350–361.","Mid-and late Holocene vegetation and environmental dynamics in the Llanganates National Park, Anteojos Valley, central Ecuadorian Andes","Palynology",39,NA,"350-361",NA,"10.1080/01916122.2014.977404",NA,NA,NA,NA,NA,NA,NA,NA,NA,NA,NA,NA,NA,"RPDv1b:2417|RPDv1b:2418",1404,"Villota, A.",1,"Villota","A.",NA,NA,NA,NA,NA,NA,NA,NA,NA,"RPDv1b:2417",1404,"RPDv1b",2417,27022,99.5,0.995,"m",0.01,"AMS","bulk sediment, peat",265,48,NA,NA,"Erl-16076",TRUE,NA,"NA Date is in uncalibrated radiocarbon years.","ANT micro_POLLENSLIDE","counted","100-NaN",NA,NA,"",265,217,313,265,99.5,0.01,"NA Date is in uncalibrated radiocarbon years.",". Cal curve: NA. Source DB: RPDv1b","Swamp","Carbon-14","Radiocarbon",NA,NA,"Calibrated radiocarbon years BP","sedimentary charcoal","Data Sourcing: RPDv1b","Sample Age Source: NA"
"1404",11,"charcoal | >100um num",NA,80,NA,NA,NA,NA,NA,NA,"Charcoal (sum)",">100 µm",100,NA,"False","True","number","Microscopic charcoal (pollen slide)","direct",NA,"CHAR",86727.68,NA,NA,"quant_raw",0.5,"volume","cm^3","RPDv1b",2418,"charcoal","count","unspec","pollen_slide","particle",">100um num",NA,">100um","num","RPDv1b","measured",1,"RPDv1b","ELEMENT=>100 µm","ANT micro",-0.965767,-78.406617,3984,"south",NA,NA,"sedswamp",1404,1,2015,"Villota, A., León-Yánez, S., Behling, H., 2015. Mid-and late Holocene vegetation and environmental dynamics in the Llanganates National Park, Anteojos Valley, central Ecuadorian Andes. Palynology 39, 350–361.","Mid-and late Holocene vegetation and environmental dynamics in the Llanganates National Park, Anteojos Valley, central Ecuadorian Andes","Palynology",39,NA,"350-361",NA,"10.1080/01916122.2014.977404",NA,NA,NA,NA,NA,NA,NA,NA,NA,NA,NA,NA,NA,"RPDv1b:2417|RPDv1b:2418",1404,"Villota, A.",1,"Villota","A.",NA,NA,NA,NA,NA,NA,NA,NA,NA,"RPDv1b:2417",1404,"RPDv1b",2417,27022,99.5,0.995,"m",0.01,"AMS","bulk sediment, peat",265,48,NA,NA,"Erl-16076",TRUE,NA,"NA Date is in uncalibrated radiocarbon years.","ANT micro_POLLENSLIDE","counted","100-NaN",NA,NA,"",265,217,313,265,99.5,0.01,"NA Date is in uncalibrated radiocarbon years.",". Cal curve: NA. Source DB: RPDv1b","Swamp","Carbon-14","Radiocarbon",NA,NA,"Calibrated radiocarbon years BP","sedimentary charcoal","Data Sourcing: RPDv1b","Sample Age Source: NA"
"1404",12,"charcoal | >100um num",NA,84,NA,NA,NA,NA,NA,NA,"Charcoal (sum)",">100 µm",100,NA,"False","True","number","Microscopic charcoal (pollen slide)","direct",NA,"CHAR",260600,NA,NA,"quant_raw",0.5,"volume","cm^3","RPDv1b",2418,"charcoal","count","unspec","pollen_slide","particle",">100um num",NA,">100um","num","RPDv1b","measured",1,"RPDv1b","ELEMENT=>100 µm","ANT micro",-0.965767,-78.406617,3984,"south",NA,NA,"sedswamp",1404,1,2015,"Villota, A., León-Yánez, S., Behling, H., 2015. Mid-and late Holocene vegetation and environmental dynamics in the Llanganates National Park, Anteojos Valley, central Ecuadorian Andes. Palynology 39, 350–361.","Mid-and late Holocene vegetation and environmental dynamics in the Llanganates National Park, Anteojos Valley, central Ecuadorian Andes","Palynology",39,NA,"350-361",NA,"10.1080/01916122.2014.977404",NA,NA,NA,NA,NA,NA,NA,NA,NA,NA,NA,NA,NA,"RPDv1b:2417|RPDv1b:2418",1404,"Villota, A.",1,"Villota","A.",NA,NA,NA,NA,NA,NA,NA,NA,NA,"RPDv1b:2417",1404,"RPDv1b",2417,27022,99.5,0.995,"m",0.01,"AMS","bulk sediment, peat",265,48,NA,NA,"Erl-16076",TRUE,NA,"NA Date is in uncalibrated radiocarbon years.","ANT micro_POLLENSLIDE","counted","100-NaN",NA,NA,"",265,217,313,265,99.5,0.01,"NA Date is in uncalibrated radiocarbon years.",". Cal curve: NA. Source DB: RPDv1b","Swamp","Carbon-14","Radiocarbon",NA,NA,"Calibrated radiocarbon years BP","sedimentary charcoal","Data Sourcing: RPDv1b","Sample Age Source: NA"
"1404",13,"charcoal | >100um num",NA,88,NA,NA,NA,NA,NA,NA,"Charcoal (sum)",">100 µm",100,NA,"False","True","number","Microscopic charcoal (pollen slide)","direct",NA,"CHAR",86727.68,NA,NA,"quant_raw",0.5,"volume","cm^3","RPDv1b",2418,"charcoal","count","unspec","pollen_slide","particle",">100um num",NA,">100um","num","RPDv1b","measured",1,"RPDv1b","ELEMENT=>100 µm","ANT micro",-0.965767,-78.406617,3984,"south",NA,NA,"sedswamp",1404,1,2015,"Villota, A., León-Yánez, S., Behling, H., 2015. Mid-and late Holocene vegetation and environmental dynamics in the Llanganates National Park, Anteojos Valley, central Ecuadorian Andes. Palynology 39, 350–361.","Mid-and late Holocene vegetation and environmental dynamics in the Llanganates National Park, Anteojos Valley, central Ecuadorian Andes","Palynology",39,NA,"350-361",NA,"10.1080/01916122.2014.977404",NA,NA,NA,NA,NA,NA,NA,NA,NA,NA,NA,NA,NA,"RPDv1b:2417|RPDv1b:2418",1404,"Villota, A.",1,"Villota","A.",NA,NA,NA,NA,NA,NA,NA,NA,NA,"RPDv1b:2417",1404,"RPDv1b",2417,27022,99.5,0.995,"m",0.01,"AMS","bulk sediment, peat",265,48,NA,NA,"Erl-16076",TRUE,NA,"NA Date is in uncalibrated radiocarbon years.","ANT micro_POLLENSLIDE","counted","100-NaN",NA,NA,"",265,217,313,265,99.5,0.01,"NA Date is in uncalibrated radiocarbon years.",". Cal curve: NA. Source DB: RPDv1b","Swamp","Carbon-14","Radiocarbon",NA,NA,"Calibrated radiocarbon years BP","sedimentary charcoal","Data Sourcing: RPDv1b","Sample Age Source: NA"
"1404",14,"charcoal | >100um num",NA,92,NA,NA,NA,NA,NA,NA,"Charcoal (sum)",">100 µm",100,NA,"False","True","number","Microscopic charcoal (pollen slide)","direct",NA,"CHAR",173872.32,NA,NA,"quant_raw",0.5,"volume","cm^3","RPDv1b",2418,"charcoal","count","unspec","pollen_slide","particle",">100um num",NA,">100um","num","RPDv1b","measured",1,"RPDv1b","ELEMENT=>100 µm","ANT micro",-0.965767,-78.406617,3984,"south",NA,NA,"sedswamp",1404,1,2015,"Villota, A., León-Yánez, S., Behling, H., 2015. Mid-and late Holocene vegetation and environmental dynamics in the Llanganates National Park, Anteojos Valley, central Ecuadorian Andes. Palynology 39, 350–361.","Mid-and late Holocene vegetation and environmental dynamics in the Llanganates National Park, Anteojos Valley, central Ecuadorian Andes","Palynology",39,NA,"350-361",NA,"10.1080/01916122.2014.977404",NA,NA,NA,NA,NA,NA,NA,NA,NA,NA,NA,NA,NA,"RPDv1b:2417|RPDv1b:2418",1404,"Villota, A.",1,"Villota","A.",NA,NA,NA,NA,NA,NA,NA,NA,NA,"RPDv1b:2417",1404,"RPDv1b",2417,27022,99.5,0.995,"m",0.01,"AMS","bulk sediment, peat",265,48,NA,NA,"Erl-16076",TRUE,NA,"NA Date is in uncalibrated radiocarbon years.","ANT micro_POLLENSLIDE","counted","100-NaN",NA,NA,"",265,217,313,265,99.5,0.01,"NA Date is in uncalibrated radiocarbon years.",". Cal curve: NA. Source DB: RPDv1b","Swamp","Carbon-14","Radiocarbon",NA,NA,"Calibrated radiocarbon years BP","sedimentary charcoal","Data Sourcing: RPDv1b","Sample Age Source: NA"
"1404",15,"charcoal | >100um num",NA,96,NA,NA,NA,NA,NA,NA,"Charcoal (sum)",">100 µm",100,NA,"False","True","number","Microscopic charcoal (pollen slide)","direct",NA,"CHAR",0,NA,NA,"quant_raw",0.5,"volume","cm^3","RPDv1b",2418,"charcoal","count","unspec","pollen_slide","particle",">100um num",NA,">100um","num","RPDv1b","measured",1,"RPDv1b","ELEMENT=>100 µm","ANT micro",-0.965767,-78.406617,3984,"south",NA,NA,"sedswamp",1404,1,2015,"Villota, A., León-Yánez, S., Behling, H., 2015. Mid-and late Holocene vegetation and environmental dynamics in the Llanganates National Park, Anteojos Valley, central Ecuadorian Andes. Palynology 39, 350–361.","Mid-and late Holocene vegetation and environmental dynamics in the Llanganates National Park, Anteojos Valley, central Ecuadorian Andes","Palynology",39,NA,"350-361",NA,"10.1080/01916122.2014.977404",NA,NA,NA,NA,NA,NA,NA,NA,NA,NA,NA,NA,NA,"RPDv1b:2417|RPDv1b:2418",1404,"Villota, A.",1,"Villota","A.",NA,NA,NA,NA,NA,NA,NA,NA,NA,"RPDv1b:2417",1404,"RPDv1b",2417,27022,99.5,0.995,"m",0.01,"AMS","bulk sediment, peat",265,48,NA,NA,"Erl-16076",TRUE,NA,"NA Date is in uncalibrated radiocarbon years.","ANT micro_POLLENSLIDE","counted","100-NaN",NA,NA,"",265,217,313,265,99.5,0.01,"NA Date is in uncalibrated radiocarbon years.",". Cal curve: NA. Source DB: RPDv1b","Swamp","Carbon-14","Radiocarbon",NA,NA,"Calibrated radiocarbon years BP","sedimentary charcoal","Data Sourcing: RPDv1b","Sample Age Source: NA"
"1404",16,"charcoal | >100um num",NA,100,NA,NA,NA,NA,NA,NA,"Charcoal (sum)",">100 µm",100,NA,"False","True","number","Microscopic charcoal (pollen slide)","direct",NA,"CHAR",173872.32,NA,NA,"quant_raw",0.5,"volume","cm^3","RPDv1b",2418,"charcoal","count","unspec","pollen_slide","particle",">100um num",NA,">100um","num","RPDv1b","measured",1,"RPDv1b","ELEMENT=>100 µm","ANT micro",-0.965767,-78.406617,3984,"south",NA,NA,"sedswamp",1404,1,2015,"Villota, A., León-Yánez, S., Behling, H., 2015. Mid-and late Holocene vegetation and environmental dynamics in the Llanganates National Park, Anteojos Valley, central Ecuadorian Andes. Palynology 39, 350–361.","Mid-and late Holocene vegetation and environmental dynamics in the Llanganates National Park, Anteojos Valley, central Ecuadorian Andes","Palynology",39,NA,"350-361",NA,"10.1080/01916122.2014.977404",NA,NA,NA,NA,NA,NA,NA,NA,NA,NA,NA,NA,NA,"RPDv1b:2417|RPDv1b:2418",1404,"Villota, A.",1,"Villota","A.",NA,NA,NA,NA,NA,NA,NA,NA,NA,"RPDv1b:2417",1404,"RPDv1b",2417,27023,199.5,1.995,"m",0.01,"AMS","bulk sediment, peat",1296,57,NA,NA,"Erl-16077",TRUE,NA,"NA Date is in uncalibrated radiocarbon years.","ANT micro_POLLENSLIDE","counted","100-NaN",NA,NA,"",1296,1239,1353,1296,199.5,0.01,"NA Date is in uncalibrated radiocarbon years.",". Cal curve: NA. Source DB: RPDv1b","Swamp","Carbon-14","Radiocarbon",NA,NA,"Calibrated radiocarbon years BP","sedimentary charcoal","Data Sourcing: RPDv1b","Sample Age Source: NA"
"1404",17,"charcoal | >100um num",NA,104,NA,NA,NA,NA,NA,NA,"Charcoal (sum)",">100 µm",100,NA,"False","True","number","Microscopic charcoal (pollen slide)","direct",NA,"CHAR",173872.32,NA,NA,"quant_raw",0.5,"volume","cm^3","RPDv1b",2418,"charcoal","count","unspec","pollen_slide","particle",">100um num",NA,">100um","num","RPDv1b","measured",1,"RPDv1b","ELEMENT=>100 µm","ANT micro",-0.965767,-78.406617,3984,"south",NA,NA,"sedswamp",1404,1,2015,"Villota, A., León-Yánez, S., Behling, H., 2015. Mid-and late Holocene vegetation and environmental dynamics in the Llanganates National Park, Anteojos Valley, central Ecuadorian Andes. Palynology 39, 350–361.","Mid-and late Holocene vegetation and environmental dynamics in the Llanganates National Park, Anteojos Valley, central Ecuadorian Andes","Palynology",39,NA,"350-361",NA,"10.1080/01916122.2014.977404",NA,NA,NA,NA,NA,NA,NA,NA,NA,NA,NA,NA,NA,"RPDv1b:2417|RPDv1b:2418",1404,"Villota, A.",1,"Villota","A.",NA,NA,NA,NA,NA,NA,NA,NA,NA,"RPDv1b:2417",1404,"RPDv1b",2417,27023,199.5,1.995,"m",0.01,"AMS","bulk sediment, peat",1296,57,NA,NA,"Erl-16077",TRUE,NA,"NA Date is in uncalibrated radiocarbon years.","ANT micro_POLLENSLIDE","counted","100-NaN",NA,NA,"",1296,1239,1353,1296,199.5,0.01,"NA Date is in uncalibrated radiocarbon years.",". Cal curve: NA. Source DB: RPDv1b","Swamp","Carbon-14","Radiocarbon",NA,NA,"Calibrated radiocarbon years BP","sedimentary charcoal","Data Sourcing: RPDv1b","Sample Age Source: NA"
"1404",18,"charcoal | >100um num",NA,108,NA,NA,NA,NA,NA,NA,"Charcoal (sum)",">100 µm",100,NA,"False","True","number","Microscopic charcoal (pollen slide)","direct",NA,"CHAR",260600,NA,NA,"quant_raw",0.5,"volume","cm^3","RPDv1b",2418,"charcoal","count","unspec","pollen_slide","particle",">100um num",NA,">100um","num","RPDv1b","measured",1,"RPDv1b","ELEMENT=>100 µm","ANT micro",-0.965767,-78.406617,3984,"south",NA,NA,"sedswamp",1404,1,2015,"Villota, A., León-Yánez, S., Behling, H., 2015. Mid-and late Holocene vegetation and environmental dynamics in the Llanganates National Park, Anteojos Valley, central Ecuadorian Andes. Palynology 39, 350–361.","Mid-and late Holocene vegetation and environmental dynamics in the Llanganates National Park, Anteojos Valley, central Ecuadorian Andes","Palynology",39,NA,"350-361",NA,"10.1080/01916122.2014.977404",NA,NA,NA,NA,NA,NA,NA,NA,NA,NA,NA,NA,NA,"RPDv1b:2417|RPDv1b:2418",1404,"Villota, A.",1,"Villota","A.",NA,NA,NA,NA,NA,NA,NA,NA,NA,"RPDv1b:2417",1404,"RPDv1b",2417,27023,199.5,1.995,"m",0.01,"AMS","bulk sediment, peat",1296,57,NA,NA,"Erl-16077",TRUE,NA,"NA Date is in uncalibrated radiocarbon years.","ANT micro_POLLENSLIDE","counted","100-NaN",NA,NA,"",1296,1239,1353,1296,199.5,0.01,"NA Date is in uncalibrated radiocarbon years.",". Cal curve: NA. Source DB: RPDv1b","Swamp","Carbon-14","Radiocarbon",NA,NA,"Calibrated radiocarbon years BP","sedimentary charcoal","Data Sourcing: RPDv1b","Sample Age Source: NA"
"1404",19,"charcoal | >100um num",NA,112,NA,NA,NA,NA,NA,NA,"Charcoal (sum)",">100 µm",100,NA,"False","True","number","Microscopic charcoal (pollen slide)","direct",NA,"CHAR",86727.68,NA,NA,"quant_raw",0.5,"volume","cm^3","RPDv1b",2418,"charcoal","count","unspec","pollen_slide","particle",">100um num",NA,">100um","num","RPDv1b","measured",1,"RPDv1b","ELEMENT=>100 µm","ANT micro",-0.965767,-78.406617,3984,"south",NA,NA,"sedswamp",1404,1,2015,"Villota, A., León-Yánez, S., Behling, H., 2015. Mid-and late Holocene vegetation and environmental dynamics in the Llanganates National Park, Anteojos Valley, central Ecuadorian Andes. Palynology 39, 350–361.","Mid-and late Holocene vegetation and environmental dynamics in the Llanganates National Park, Anteojos Valley, central Ecuadorian Andes","Palynology",39,NA,"350-361",NA,"10.1080/01916122.2014.977404",NA,NA,NA,NA,NA,NA,NA,NA,NA,NA,NA,NA,NA,"RPDv1b:2417|RPDv1b:2418",1404,"Villota, A.",1,"Villota","A.",NA,NA,NA,NA,NA,NA,NA,NA,NA,"RPDv1b:2417",1404,"RPDv1b",2417,27023,199.5,1.995,"m",0.01,"AMS","bulk sediment, peat",1296,57,NA,NA,"Erl-16077",TRUE,NA,"NA Date is in uncalibrated radiocarbon years.","ANT micro_POLLENSLIDE","counted","100-NaN",NA,NA,"",1296,1239,1353,1296,199.5,0.01,"NA Date is in uncalibrated radiocarbon years.",". Cal curve: NA. Source DB: RPDv1b","Swamp","Carbon-14","Radiocarbon",NA,NA,"Calibrated radiocarbon years BP","sedimentary charcoal","Data Sourcing: RPDv1b","Sample Age Source: NA"
"1404",20,"charcoal | >100um num",NA,116,NA,NA,NA,NA,NA,NA,"Charcoal (sum)",">100 µm",100,NA,"False","True","number","Microscopic charcoal (pollen slide)","direct",NA,"CHAR",86727.68,NA,NA,"quant_raw",0.5,"volume","cm^3","RPDv1b",2418,"charcoal","count","unspec","pollen_slide","particle",">100um num",NA,">100um","num","RPDv1b","measured",1,"RPDv1b","ELEMENT=>100 µm","ANT micro",-0.965767,-78.406617,3984,"south",NA,NA,"sedswamp",1404,1,2015,"Villota, A., León-Yánez, S., Behling, H., 2015. Mid-and late Holocene vegetation and environmental dynamics in the Llanganates National Park, Anteojos Valley, central Ecuadorian Andes. Palynology 39, 350–361.","Mid-and late Holocene vegetation and environmental dynamics in the Llanganates National Park, Anteojos Valley, central Ecuadorian Andes","Palynology",39,NA,"350-361",NA,"10.1080/01916122.2014.977404",NA,NA,NA,NA,NA,NA,NA,NA,NA,NA,NA,NA,NA,"RPDv1b:2417|RPDv1b:2418",1404,"Villota, A.",1,"Villota","A.",NA,NA,NA,NA,NA,NA,NA,NA,NA,"RPDv1b:2417",1404,"RPDv1b",2417,27023,199.5,1.995,"m",0.01,"AMS","bulk sediment, peat",1296,57,NA,NA,"Erl-16077",TRUE,NA,"NA Date is in uncalibrated radiocarbon years.","ANT micro_POLLENSLIDE","counted","100-NaN",NA,NA,"",1296,1239,1353,1296,199.5,0.01,"NA Date is in uncalibrated radiocarbon years.",". Cal curve: NA. Source DB: RPDv1b","Swamp","Carbon-14","Radiocarbon",NA,NA,"Calibrated radiocarbon years BP","sedimentary charcoal","Data Sourcing: RPDv1b","Sample Age Source: NA"
"1404",21,"charcoal | >100um num",NA,120,NA,NA,NA,NA,NA,NA,"Charcoal (sum)",">100 µm",100,NA,"False","True","number","Microscopic charcoal (pollen slide)","direct",NA,"CHAR",260600,NA,NA,"quant_raw",0.5,"volume","cm^3","RPDv1b",2418,"charcoal","count","unspec","pollen_slide","particle",">100um num",NA,">100um","num","RPDv1b","measured",1,"RPDv1b","ELEMENT=>100 µm","ANT micro",-0.965767,-78.406617,3984,"south",NA,NA,"sedswamp",1404,1,2015,"Villota, A., León-Yánez, S., Behling, H., 2015. Mid-and late Holocene vegetation and environmental dynamics in the Llanganates National Park, Anteojos Valley, central Ecuadorian Andes. Palynology 39, 350–361.","Mid-and late Holocene vegetation and environmental dynamics in the Llanganates National Park, Anteojos Valley, central Ecuadorian Andes","Palynology",39,NA,"350-361",NA,"10.1080/01916122.2014.977404",NA,NA,NA,NA,NA,NA,NA,NA,NA,NA,NA,NA,NA,"RPDv1b:2417|RPDv1b:2418",1404,"Villota, A.",1,"Villota","A.",NA,NA,NA,NA,NA,NA,NA,NA,NA,"RPDv1b:2417",1404,"RPDv1b",2417,27023,199.5,1.995,"m",0.01,"AMS","bulk sediment, peat",1296,57,NA,NA,"Erl-16077",TRUE,NA,"NA Date is in uncalibrated radiocarbon years.","ANT micro_POLLENSLIDE","counted","100-NaN",NA,NA,"",1296,1239,1353,1296,199.5,0.01,"NA Date is in uncalibrated radiocarbon years.",". Cal curve: NA. Source DB: RPDv1b","Swamp","Carbon-14","Radiocarbon",NA,NA,"Calibrated radiocarbon years BP","sedimentary charcoal","Data Sourcing: RPDv1b","Sample Age Source: NA"
"1404",22,"charcoal | >100um num",NA,124,NA,NA,NA,NA,NA,NA,"Charcoal (sum)",">100 µm",100,NA,"False","True","number","Microscopic charcoal (pollen slide)","direct",NA,"CHAR",0,NA,NA,"quant_raw",0.5,"volume","cm^3","RPDv1b",2418,"charcoal","count","unspec","pollen_slide","particle",">100um num",NA,">100um","num","RPDv1b","measured",1,"RPDv1b","ELEMENT=>100 µm","ANT micro",-0.965767,-78.406617,3984,"south",NA,NA,"sedswamp",1404,1,2015,"Villota, A., León-Yánez, S., Behling, H., 2015. Mid-and late Holocene vegetation and environmental dynamics in the Llanganates National Park, Anteojos Valley, central Ecuadorian Andes. Palynology 39, 350–361.","Mid-and late Holocene vegetation and environmental dynamics in the Llanganates National Park, Anteojos Valley, central Ecuadorian Andes","Palynology",39,NA,"350-361",NA,"10.1080/01916122.2014.977404",NA,NA,NA,NA,NA,NA,NA,NA,NA,NA,NA,NA,NA,"RPDv1b:2417|RPDv1b:2418",1404,"Villota, A.",1,"Villota","A.",NA,NA,NA,NA,NA,NA,NA,NA,NA,"RPDv1b:2417",1404,"RPDv1b",2417,27023,199.5,1.995,"m",0.01,"AMS","bulk sediment, peat",1296,57,NA,NA,"Erl-16077",TRUE,NA,"NA Date is in uncalibrated radiocarbon years.","ANT micro_POLLENSLIDE","counted","100-NaN",NA,NA,"",1296,1239,1353,1296,199.5,0.01,"NA Date is in uncalibrated radiocarbon years.",". Cal curve: NA. Source DB: RPDv1b","Swamp","Carbon-14","Radiocarbon",NA,NA,"Calibrated radiocarbon years BP","sedimentary charcoal","Data Sourcing: RPDv1b","Sample Age Source: NA"
"1404",23,"charcoal | >100um num",NA,128,NA,NA,NA,NA,NA,NA,"Charcoal (sum)",">100 µm",100,NA,"False","True","number","Microscopic charcoal (pollen slide)","direct",NA,"CHAR",0,NA,NA,"quant_raw",0.5,"volume","cm^3","RPDv1b",2418,"charcoal","count","unspec","pollen_slide","particle",">100um num",NA,">100um","num","RPDv1b","measured",1,"RPDv1b","ELEMENT=>100 µm","ANT micro",-0.965767,-78.406617,3984,"south",NA,NA,"sedswamp",1404,1,2015,"Villota, A., León-Yánez, S., Behling, H., 2015. Mid-and late Holocene vegetation and environmental dynamics in the Llanganates National Park, Anteojos Valley, central Ecuadorian Andes. Palynology 39, 350–361.","Mid-and late Holocene vegetation and environmental dynamics in the Llanganates National Park, Anteojos Valley, central Ecuadorian Andes","Palynology",39,NA,"350-361",NA,"10.1080/01916122.2014.977404",NA,NA,NA,NA,NA,NA,NA,NA,NA,NA,NA,NA,NA,"RPDv1b:2417|RPDv1b:2418",1404,"Villota, A.",1,"Villota","A.",NA,NA,NA,NA,NA,NA,NA,NA,NA,"RPDv1b:2417",1404,"RPDv1b",2417,27023,199.5,1.995,"m",0.01,"AMS","bulk sediment, peat",1296,57,NA,NA,"Erl-16077",TRUE,NA,"NA Date is in uncalibrated radiocarbon years.","ANT micro_POLLENSLIDE","counted","100-NaN",NA,NA,"",1296,1239,1353,1296,199.5,0.01,"NA Date is in uncalibrated radiocarbon years.",". Cal curve: NA. Source DB: RPDv1b","Swamp","Carbon-14","Radiocarbon",NA,NA,"Calibrated radiocarbon years BP","sedimentary charcoal","Data Sourcing: RPDv1b","Sample Age Source: NA"
"1404",24,"charcoal | >100um num",NA,132,NA,NA,NA,NA,NA,NA,"Charcoal (sum)",">100 µm",100,NA,"False","True","number","Microscopic charcoal (pollen slide)","direct",NA,"CHAR",86727.68,NA,NA,"quant_raw",0.5,"volume","cm^3","RPDv1b",2418,"charcoal","count","unspec","pollen_slide","particle",">100um num",NA,">100um","num","RPDv1b","measured",1,"RPDv1b","ELEMENT=>100 µm","ANT micro",-0.965767,-78.406617,3984,"south",NA,NA,"sedswamp",1404,1,2015,"Villota, A., León-Yánez, S., Behling, H., 2015. Mid-and late Holocene vegetation and environmental dynamics in the Llanganates National Park, Anteojos Valley, central Ecuadorian Andes. Palynology 39, 350–361.","Mid-and late Holocene vegetation and environmental dynamics in the Llanganates National Park, Anteojos Valley, central Ecuadorian Andes","Palynology",39,NA,"350-361",NA,"10.1080/01916122.2014.977404",NA,NA,NA,NA,NA,NA,NA,NA,NA,NA,NA,NA,NA,"RPDv1b:2417|RPDv1b:2418",1404,"Villota, A.",1,"Villota","A.",NA,NA,NA,NA,NA,NA,NA,NA,NA,"RPDv1b:2417",1404,"RPDv1b",2417,27024,299.5,2.995,"m",0.01,"AMS","bulk sediment, peat",2598,58,NA,NA,"Erl-16078",TRUE,NA,"NA Date is in uncalibrated radiocarbon years.","ANT micro_POLLENSLIDE","counted","100-NaN",NA,NA,"",2598,2540,2656,2598,299.5,0.01,"NA Date is in uncalibrated radiocarbon years.",". Cal curve: NA. Source DB: RPDv1b","Swamp","Carbon-14","Radiocarbon",NA,NA,"Calibrated radiocarbon years BP","sedimentary charcoal","Data Sourcing: RPDv1b","Sample Age Source: NA"
"1404",25,"charcoal | >100um num",NA,136,NA,NA,NA,NA,NA,NA,"Charcoal (sum)",">100 µm",100,NA,"False","True","number","Microscopic charcoal (pollen slide)","direct",NA,"CHAR",86727.68,NA,NA,"quant_raw",0.5,"volume","cm^3","RPDv1b",2418,"charcoal","count","unspec","pollen_slide","particle",">100um num",NA,">100um","num","RPDv1b","measured",1,"RPDv1b","ELEMENT=>100 µm","ANT micro",-0.965767,-78.406617,3984,"south",NA,NA,"sedswamp",1404,1,2015,"Villota, A., León-Yánez, S., Behling, H., 2015. Mid-and late Holocene vegetation and environmental dynamics in the Llanganates National Park, Anteojos Valley, central Ecuadorian Andes. Palynology 39, 350–361.","Mid-and late Holocene vegetation and environmental dynamics in the Llanganates National Park, Anteojos Valley, central Ecuadorian Andes","Palynology",39,NA,"350-361",NA,"10.1080/01916122.2014.977404",NA,NA,NA,NA,NA,NA,NA,NA,NA,NA,NA,NA,NA,"RPDv1b:2417|RPDv1b:2418",1404,"Villota, A.",1,"Villota","A.",NA,NA,NA,NA,NA,NA,NA,NA,NA,"RPDv1b:2417",1404,"RPDv1b",2417,27024,299.5,2.995,"m",0.01,"AMS","bulk sediment, peat",2598,58,NA,NA,"Erl-16078",TRUE,NA,"NA Date is in uncalibrated radiocarbon years.","ANT micro_POLLENSLIDE","counted","100-NaN",NA,NA,"",2598,2540,2656,2598,299.5,0.01,"NA Date is in uncalibrated radiocarbon years.",". Cal curve: NA. Source DB: RPDv1b","Swamp","Carbon-14","Radiocarbon",NA,NA,"Calibrated radiocarbon years BP","sedimentary charcoal","Data Sourcing: RPDv1b","Sample Age Source: NA"
"1404",26,"charcoal | >100um num",NA,140,NA,NA,NA,NA,NA,NA,"Charcoal (sum)",">100 µm",100,NA,"False","True","number","Microscopic charcoal (pollen slide)","direct",NA,"CHAR",173872.32,NA,NA,"quant_raw",0.5,"volume","cm^3","RPDv1b",2418,"charcoal","count","unspec","pollen_slide","particle",">100um num",NA,">100um","num","RPDv1b","measured",1,"RPDv1b","ELEMENT=>100 µm","ANT micro",-0.965767,-78.406617,3984,"south",NA,NA,"sedswamp",1404,1,2015,"Villota, A., León-Yánez, S., Behling, H., 2015. Mid-and late Holocene vegetation and environmental dynamics in the Llanganates National Park, Anteojos Valley, central Ecuadorian Andes. Palynology 39, 350–361.","Mid-and late Holocene vegetation and environmental dynamics in the Llanganates National Park, Anteojos Valley, central Ecuadorian Andes","Palynology",39,NA,"350-361",NA,"10.1080/01916122.2014.977404",NA,NA,NA,NA,NA,NA,NA,NA,NA,NA,NA,NA,NA,"RPDv1b:2417|RPDv1b:2418",1404,"Villota, A.",1,"Villota","A.",NA,NA,NA,NA,NA,NA,NA,NA,NA,"RPDv1b:2417",1404,"RPDv1b",2417,27024,299.5,2.995,"m",0.01,"AMS","bulk sediment, peat",2598,58,NA,NA,"Erl-16078",TRUE,NA,"NA Date is in uncalibrated radiocarbon years.","ANT micro_POLLENSLIDE","counted","100-NaN",NA,NA,"",2598,2540,2656,2598,299.5,0.01,"NA Date is in uncalibrated radiocarbon years.",". Cal curve: NA. Source DB: RPDv1b","Swamp","Carbon-14","Radiocarbon",NA,NA,"Calibrated radiocarbon years BP","sedimentary charcoal","Data Sourcing: RPDv1b","Sample Age Source: NA"
"1404",27,"charcoal | >100um num",NA,144,NA,NA,NA,NA,NA,NA,"Charcoal (sum)",">100 µm",100,NA,"False","True","number","Microscopic charcoal (pollen slide)","direct",NA,"CHAR",260600,NA,NA,"quant_raw",0.5,"volume","cm^3","RPDv1b",2418,"charcoal","count","unspec","pollen_slide","particle",">100um num",NA,">100um","num","RPDv1b","measured",1,"RPDv1b","ELEMENT=>100 µm","ANT micro",-0.965767,-78.406617,3984,"south",NA,NA,"sedswamp",1404,1,2015,"Villota, A., León-Yánez, S., Behling, H., 2015. Mid-and late Holocene vegetation and environmental dynamics in the Llanganates National Park, Anteojos Valley, central Ecuadorian Andes. Palynology 39, 350–361.","Mid-and late Holocene vegetation and environmental dynamics in the Llanganates National Park, Anteojos Valley, central Ecuadorian Andes","Palynology",39,NA,"350-361",NA,"10.1080/01916122.2014.977404",NA,NA,NA,NA,NA,NA,NA,NA,NA,NA,NA,NA,NA,"RPDv1b:2417|RPDv1b:2418",1404,"Villota, A.",1,"Villota","A.",NA,NA,NA,NA,NA,NA,NA,NA,NA,"RPDv1b:2417",1404,"RPDv1b",2417,27024,299.5,2.995,"m",0.01,"AMS","bulk sediment, peat",2598,58,NA,NA,"Erl-16078",TRUE,NA,"NA Date is in uncalibrated radiocarbon years.","ANT micro_POLLENSLIDE","counted","100-NaN",NA,NA,"",2598,2540,2656,2598,299.5,0.01,"NA Date is in uncalibrated radiocarbon years.",". Cal curve: NA. Source DB: RPDv1b","Swamp","Carbon-14","Radiocarbon",NA,NA,"Calibrated radiocarbon years BP","sedimentary charcoal","Data Sourcing: RPDv1b","Sample Age Source: NA"
"1404",28,"charcoal | >100um num",NA,148,NA,NA,NA,NA,NA,NA,"Charcoal (sum)",">100 µm",100,NA,"False","True","number","Microscopic charcoal (pollen slide)","direct",NA,"CHAR",173872.32,NA,NA,"quant_raw",0.5,"volume","cm^3","RPDv1b",2418,"charcoal","count","unspec","pollen_slide","particle",">100um num",NA,">100um","num","RPDv1b","measured",1,"RPDv1b","ELEMENT=>100 µm","ANT micro",-0.965767,-78.406617,3984,"south",NA,NA,"sedswamp",1404,1,2015,"Villota, A., León-Yánez, S., Behling, H., 2015. Mid-and late Holocene vegetation and environmental dynamics in the Llanganates National Park, Anteojos Valley, central Ecuadorian Andes. Palynology 39, 350–361.","Mid-and late Holocene vegetation and environmental dynamics in the Llanganates National Park, Anteojos Valley, central Ecuadorian Andes","Palynology",39,NA,"350-361",NA,"10.1080/01916122.2014.977404",NA,NA,NA,NA,NA,NA,NA,NA,NA,NA,NA,NA,NA,"RPDv1b:2417|RPDv1b:2418",1404,"Villota, A.",1,"Villota","A.",NA,NA,NA,NA,NA,NA,NA,NA,NA,"RPDv1b:2417",1404,"RPDv1b",2417,27024,299.5,2.995,"m",0.01,"AMS","bulk sediment, peat",2598,58,NA,NA,"Erl-16078",TRUE,NA,"NA Date is in uncalibrated radiocarbon years.","ANT micro_POLLENSLIDE","counted","100-NaN",NA,NA,"",2598,2540,2656,2598,299.5,0.01,"NA Date is in uncalibrated radiocarbon years.",". Cal curve: NA. Source DB: RPDv1b","Swamp","Carbon-14","Radiocarbon",NA,NA,"Calibrated radiocarbon years BP","sedimentary charcoal","Data Sourcing: RPDv1b","Sample Age Source: NA"
"1404",29,"charcoal | >100um num",NA,152,NA,NA,NA,NA,NA,NA,"Charcoal (sum)",">100 µm",100,NA,"False","True","number","Microscopic charcoal (pollen slide)","direct",NA,"CHAR",347744.64,NA,NA,"quant_raw",0.5,"volume","cm^3","RPDv1b",2418,"charcoal","count","unspec","pollen_slide","particle",">100um num",NA,">100um","num","RPDv1b","measured",1,"RPDv1b","ELEMENT=>100 µm","ANT micro",-0.965767,-78.406617,3984,"south",NA,NA,"sedswamp",1404,1,2015,"Villota, A., León-Yánez, S., Behling, H., 2015. Mid-and late Holocene vegetation and environmental dynamics in the Llanganates National Park, Anteojos Valley, central Ecuadorian Andes. Palynology 39, 350–361.","Mid-and late Holocene vegetation and environmental dynamics in the Llanganates National Park, Anteojos Valley, central Ecuadorian Andes","Palynology",39,NA,"350-361",NA,"10.1080/01916122.2014.977404",NA,NA,NA,NA,NA,NA,NA,NA,NA,NA,NA,NA,NA,"RPDv1b:2417|RPDv1b:2418",1404,"León-Yánez, S.",1,"León-Yánez","S.",NA,NA,NA,NA,NA,NA,NA,NA,NA,"RPDv1b:2417",1404,"RPDv1b",2417,27024,299.5,2.995,"m",0.01,"AMS","bulk sediment, peat",2598,58,NA,NA,"Erl-16078",TRUE,NA,"NA Date is in uncalibrated radiocarbon years.","ANT micro_POLLENSLIDE","counted","100-NaN",NA,NA,"",2598,2540,2656,2598,299.5,0.01,"NA Date is in uncalibrated radiocarbon years.",". Cal curve: NA. Source DB: RPDv1b","Swamp","Carbon-14","Radiocarbon",NA,NA,"Calibrated radiocarbon years BP","sedimentary charcoal","Data Sourcing: RPDv1b","Sample Age Source: NA"
"1404",30,"charcoal | >100um num",NA,156,NA,NA,NA,NA,NA,NA,"Charcoal (sum)",">100 µm",100,NA,"False","True","number","Microscopic charcoal (pollen slide)","direct",NA,"CHAR",695489.28,NA,NA,"quant_raw",0.5,"volume","cm^3","RPDv1b",2418,"charcoal","count","unspec","pollen_slide","particle",">100um num",NA,">100um","num","RPDv1b","measured",1,"RPDv1b","ELEMENT=>100 µm","ANT micro",-0.965767,-78.406617,3984,"south",NA,NA,"sedswamp",1404,1,2015,"Villota, A., León-Yánez, S., Behling, H., 2015. Mid-and late Holocene vegetation and environmental dynamics in the Llanganates National Park, Anteojos Valley, central Ecuadorian Andes. Palynology 39, 350–361.","Mid-and late Holocene vegetation and environmental dynamics in the Llanganates National Park, Anteojos Valley, central Ecuadorian Andes","Palynology",39,NA,"350-361",NA,"10.1080/01916122.2014.977404",NA,NA,NA,NA,NA,NA,NA,NA,NA,NA,NA,NA,NA,"RPDv1b:2417|RPDv1b:2418",1404,"León-Yánez, S.",1,"León-Yánez","S.",NA,NA,NA,NA,NA,NA,NA,NA,NA,"RPDv1b:2417",1404,"RPDv1b",2417,27024,299.5,2.995,"m",0.01,"AMS","bulk sediment, peat",2598,58,NA,NA,"Erl-16078",TRUE,NA,"NA Date is in uncalibrated radiocarbon years.","ANT micro_POLLENSLIDE","counted","100-NaN",NA,NA,"",2598,2540,2656,2598,299.5,0.01,"NA Date is in uncalibrated radiocarbon years.",". Cal curve: NA. Source DB: RPDv1b","Swamp","Carbon-14","Radiocarbon",NA,NA,"Calibrated radiocarbon years BP","sedimentary charcoal","Data Sourcing: RPDv1b","Sample Age Source: NA"
"1404",31,"charcoal | >100um num",NA,160,NA,NA,NA,NA,NA,NA,"Charcoal (sum)",">100 µm",100,NA,"False","True","number","Microscopic charcoal (pollen slide)","direct",NA,"CHAR",347744.64,NA,NA,"quant_raw",0.5,"volume","cm^3","RPDv1b",2418,"charcoal","count","unspec","pollen_slide","particle",">100um num",NA,">100um","num","RPDv1b","measured",1,"RPDv1b","ELEMENT=>100 µm","ANT micro",-0.965767,-78.406617,3984,"south",NA,NA,"sedswamp",1404,1,2015,"Villota, A., León-Yánez, S., Behling, H., 2015. Mid-and late Holocene vegetation and environmental dynamics in the Llanganates National Park, Anteojos Valley, central Ecuadorian Andes. Palynology 39, 350–361.","Mid-and late Holocene vegetation and environmental dynamics in the Llanganates National Park, Anteojos Valley, central Ecuadorian Andes","Palynology",39,NA,"350-361",NA,"10.1080/01916122.2014.977404",NA,NA,NA,NA,NA,NA,NA,NA,NA,NA,NA,NA,NA,"RPDv1b:2417|RPDv1b:2418",1404,"León-Yánez, S.",1,"León-Yánez","S.",NA,NA,NA,NA,NA,NA,NA,NA,NA,"RPDv1b:2417",1404,"RPDv1b",2417,27024,299.5,2.995,"m",0.01,"AMS","bulk sediment, peat",2598,58,NA,NA,"Erl-16078",TRUE,NA,"NA Date is in uncalibrated radiocarbon years.","ANT micro_POLLENSLIDE","counted","100-NaN",NA,NA,"",2598,2540,2656,2598,299.5,0.01,"NA Date is in uncalibrated radiocarbon years.",". Cal curve: NA. Source DB: RPDv1b","Swamp","Carbon-14","Radiocarbon",NA,NA,"Calibrated radiocarbon years BP","sedimentary charcoal","Data Sourcing: RPDv1b","Sample Age Source: NA"
"1404",32,"charcoal | >100um num",NA,164,NA,NA,NA,NA,NA,NA,"Charcoal (sum)",">100 µm",100,NA,"False","True","number","Microscopic charcoal (pollen slide)","direct",NA,"CHAR",0,NA,NA,"quant_raw",0.5,"volume","cm^3","RPDv1b",2418,"charcoal","count","unspec","pollen_slide","particle",">100um num",NA,">100um","num","RPDv1b","measured",1,"RPDv1b","ELEMENT=>100 µm","ANT micro",-0.965767,-78.406617,3984,"south",NA,NA,"sedswamp",1404,1,2015,"Villota, A., León-Yánez, S., Behling, H., 2015. Mid-and late Holocene vegetation and environmental dynamics in the Llanganates National Park, Anteojos Valley, central Ecuadorian Andes. Palynology 39, 350–361.","Mid-and late Holocene vegetation and environmental dynamics in the Llanganates National Park, Anteojos Valley, central Ecuadorian Andes","Palynology",39,NA,"350-361",NA,"10.1080/01916122.2014.977404",NA,NA,NA,NA,NA,NA,NA,NA,NA,NA,NA,NA,NA,"RPDv1b:2417|RPDv1b:2418",1404,"León-Yánez, S.",1,"León-Yánez","S.",NA,NA,NA,NA,NA,NA,NA,NA,NA,"RPDv1b:2417",1404,"RPDv1b",2417,27025,399.5,3.995,"m",0.01,"AMS","bulk sediment, peat",3782,95,NA,NA,"Erl-16079",TRUE,NA,"NA Date is in uncalibrated radiocarbon years.","ANT micro_POLLENSLIDE","counted","100-NaN",NA,NA,"",3782,3687,3877,3782,399.5,0.01,"NA Date is in uncalibrated radiocarbon years.",". Cal curve: NA. Source DB: RPDv1b","Swamp","Carbon-14","Radiocarbon",NA,NA,"Calibrated radiocarbon years BP","sedimentary charcoal","Data Sourcing: RPDv1b","Sample Age Source: NA"
"1404",33,"charcoal | >100um num",NA,168,NA,NA,NA,NA,NA,NA,"Charcoal (sum)",">100 µm",100,NA,"False","True","number","Microscopic charcoal (pollen slide)","direct",NA,"CHAR",0,NA,NA,"quant_raw",0.5,"volume","cm^3","RPDv1b",2418,"charcoal","count","unspec","pollen_slide","particle",">100um num",NA,">100um","num","RPDv1b","measured",1,"RPDv1b","ELEMENT=>100 µm","ANT micro",-0.965767,-78.406617,3984,"south",NA,NA,"sedswamp",1404,1,2015,"Villota, A., León-Yánez, S., Behling, H., 2015. Mid-and late Holocene vegetation and environmental dynamics in the Llanganates National Park, Anteojos Valley, central Ecuadorian Andes. Palynology 39, 350–361.","Mid-and late Holocene vegetation and environmental dynamics in the Llanganates National Park, Anteojos Valley, central Ecuadorian Andes","Palynology",39,NA,"350-361",NA,"10.1080/01916122.2014.977404",NA,NA,NA,NA,NA,NA,NA,NA,NA,NA,NA,NA,NA,"RPDv1b:2417|RPDv1b:2418",1404,"León-Yánez, S.",1,"León-Yánez","S.",NA,NA,NA,NA,NA,NA,NA,NA,NA,"RPDv1b:2417",1404,"RPDv1b",2417,27025,399.5,3.995,"m",0.01,"AMS","bulk sediment, peat",3782,95,NA,NA,"Erl-16079",TRUE,NA,"NA Date is in uncalibrated radiocarbon years.","ANT micro_POLLENSLIDE","counted","100-NaN",NA,NA,"",3782,3687,3877,3782,399.5,0.01,"NA Date is in uncalibrated radiocarbon years.",". Cal curve: NA. Source DB: RPDv1b","Swamp","Carbon-14","Radiocarbon",NA,NA,"Calibrated radiocarbon years BP","sedimentary charcoal","Data Sourcing: RPDv1b","Sample Age Source: NA"
"1404",34,"charcoal | >100um num",NA,172,NA,NA,NA,NA,NA,NA,"Charcoal (sum)",">100 µm",100,NA,"False","True","number","Microscopic charcoal (pollen slide)","direct",NA,"CHAR",86727.68,NA,NA,"quant_raw",0.5,"volume","cm^3","RPDv1b",2418,"charcoal","count","unspec","pollen_slide","particle",">100um num",NA,">100um","num","RPDv1b","measured",1,"RPDv1b","ELEMENT=>100 µm","ANT micro",-0.965767,-78.406617,3984,"south",NA,NA,"sedswamp",1404,1,2015,"Villota, A., León-Yánez, S., Behling, H., 2015. Mid-and late Holocene vegetation and environmental dynamics in the Llanganates National Park, Anteojos Valley, central Ecuadorian Andes. Palynology 39, 350–361.","Mid-and late Holocene vegetation and environmental dynamics in the Llanganates National Park, Anteojos Valley, central Ecuadorian Andes","Palynology",39,NA,"350-361",NA,"10.1080/01916122.2014.977404",NA,NA,NA,NA,NA,NA,NA,NA,NA,NA,NA,NA,NA,"RPDv1b:2417|RPDv1b:2418",1404,"León-Yánez, S.",1,"León-Yánez","S.",NA,NA,NA,NA,NA,NA,NA,NA,NA,"RPDv1b:2417",1404,"RPDv1b",2417,27025,399.5,3.995,"m",0.01,"AMS","bulk sediment, peat",3782,95,NA,NA,"Erl-16079",TRUE,NA,"NA Date is in uncalibrated radiocarbon years.","ANT micro_POLLENSLIDE","counted","100-NaN",NA,NA,"",3782,3687,3877,3782,399.5,0.01,"NA Date is in uncalibrated radiocarbon years.",". Cal curve: NA. Source DB: RPDv1b","Swamp","Carbon-14","Radiocarbon",NA,NA,"Calibrated radiocarbon years BP","sedimentary charcoal","Data Sourcing: RPDv1b","Sample Age Source: NA"
"1404",35,"charcoal | >100um num",NA,176,NA,NA,NA,NA,NA,NA,"Charcoal (sum)",">100 µm",100,NA,"False","True","number","Microscopic charcoal (pollen slide)","direct",NA,"CHAR",434472.32,NA,NA,"quant_raw",0.5,"volume","cm^3","RPDv1b",2418,"charcoal","count","unspec","pollen_slide","particle",">100um num",NA,">100um","num","RPDv1b","measured",1,"RPDv1b","ELEMENT=>100 µm","ANT micro",-0.965767,-78.406617,3984,"south",NA,NA,"sedswamp",1404,1,2015,"Villota, A., León-Yánez, S., Behling, H., 2015. Mid-and late Holocene vegetation and environmental dynamics in the Llanganates National Park, Anteojos Valley, central Ecuadorian Andes. Palynology 39, 350–361.","Mid-and late Holocene vegetation and environmental dynamics in the Llanganates National Park, Anteojos Valley, central Ecuadorian Andes","Palynology",39,NA,"350-361",NA,"10.1080/01916122.2014.977404",NA,NA,NA,NA,NA,NA,NA,NA,NA,NA,NA,NA,NA,"RPDv1b:2417|RPDv1b:2418",1404,"León-Yánez, S.",1,"León-Yánez","S.",NA,NA,NA,NA,NA,NA,NA,NA,NA,"RPDv1b:2417",1404,"RPDv1b",2417,27025,399.5,3.995,"m",0.01,"AMS","bulk sediment, peat",3782,95,NA,NA,"Erl-16079",TRUE,NA,"NA Date is in uncalibrated radiocarbon years.","ANT micro_POLLENSLIDE","counted","100-NaN",NA,NA,"",3782,3687,3877,3782,399.5,0.01,"NA Date is in uncalibrated radiocarbon years.",". Cal curve: NA. Source DB: RPDv1b","Swamp","Carbon-14","Radiocarbon",NA,NA,"Calibrated radiocarbon years BP","sedimentary charcoal","Data Sourcing: RPDv1b","Sample Age Source: NA"
"1404",36,"charcoal | >100um num",NA,180,NA,NA,NA,NA,NA,NA,"Charcoal (sum)",">100 µm",100,NA,"False","True","number","Microscopic charcoal (pollen slide)","direct",NA,"CHAR",173872.32,NA,NA,"quant_raw",0.5,"volume","cm^3","RPDv1b",2418,"charcoal","count","unspec","pollen_slide","particle",">100um num",NA,">100um","num","RPDv1b","measured",1,"RPDv1b","ELEMENT=>100 µm","ANT micro",-0.965767,-78.406617,3984,"south",NA,NA,"sedswamp",1404,1,2015,"Villota, A., León-Yánez, S., Behling, H., 2015. Mid-and late Holocene vegetation and environmental dynamics in the Llanganates National Park, Anteojos Valley, central Ecuadorian Andes. Palynology 39, 350–361.","Mid-and late Holocene vegetation and environmental dynamics in the Llanganates National Park, Anteojos Valley, central Ecuadorian Andes","Palynology",39,NA,"350-361",NA,"10.1080/01916122.2014.977404",NA,NA,NA,NA,NA,NA,NA,NA,NA,NA,NA,NA,NA,"RPDv1b:2417|RPDv1b:2418",1404,"León-Yánez, S.",1,"León-Yánez","S.",NA,NA,NA,NA,NA,NA,NA,NA,NA,"RPDv1b:2417",1404,"RPDv1b",2417,27025,399.5,3.995,"m",0.01,"AMS","bulk sediment, peat",3782,95,NA,NA,"Erl-16079",TRUE,NA,"NA Date is in uncalibrated radiocarbon years.","ANT micro_POLLENSLIDE","counted","100-NaN",NA,NA,"",3782,3687,3877,3782,399.5,0.01,"NA Date is in uncalibrated radiocarbon years.",". Cal curve: NA. Source DB: RPDv1b","Swamp","Carbon-14","Radiocarbon",NA,NA,"Calibrated radiocarbon years BP","sedimentary charcoal","Data Sourcing: RPDv1b","Sample Age Source: NA"
"1404",37,"charcoal | >100um num",NA,184,NA,NA,NA,NA,NA,NA,"Charcoal (sum)",">100 µm",100,NA,"False","True","number","Microscopic charcoal (pollen slide)","direct",NA,"CHAR",86727.68,NA,NA,"quant_raw",0.5,"volume","cm^3","RPDv1b",2418,"charcoal","count","unspec","pollen_slide","particle",">100um num",NA,">100um","num","RPDv1b","measured",1,"RPDv1b","ELEMENT=>100 µm","ANT micro",-0.965767,-78.406617,3984,"south",NA,NA,"sedswamp",1404,1,2015,"Villota, A., León-Yánez, S., Behling, H., 2015. Mid-and late Holocene vegetation and environmental dynamics in the Llanganates National Park, Anteojos Valley, central Ecuadorian Andes. Palynology 39, 350–361.","Mid-and late Holocene vegetation and environmental dynamics in the Llanganates National Park, Anteojos Valley, central Ecuadorian Andes","Palynology",39,NA,"350-361",NA,"10.1080/01916122.2014.977404",NA,NA,NA,NA,NA,NA,NA,NA,NA,NA,NA,NA,NA,"RPDv1b:2417|RPDv1b:2418",1404,"León-Yánez, S.",1,"León-Yánez","S.",NA,NA,NA,NA,NA,NA,NA,NA,NA,"RPDv1b:2417",1404,"RPDv1b",2417,27025,399.5,3.995,"m",0.01,"AMS","bulk sediment, peat",3782,95,NA,NA,"Erl-16079",TRUE,NA,"NA Date is in uncalibrated radiocarbon years.","ANT micro_POLLENSLIDE","counted","100-NaN",NA,NA,"",3782,3687,3877,3782,399.5,0.01,"NA Date is in uncalibrated radiocarbon years.",". Cal curve: NA. Source DB: RPDv1b","Swamp","Carbon-14","Radiocarbon",NA,NA,"Calibrated radiocarbon years BP","sedimentary charcoal","Data Sourcing: RPDv1b","Sample Age Source: NA"
"1404",38,"charcoal | >100um num",NA,188,NA,NA,NA,NA,NA,NA,"Charcoal (sum)",">100 µm",100,NA,"False","True","number","Microscopic charcoal (pollen slide)","direct",NA,"CHAR",0,NA,NA,"quant_raw",0.5,"volume","cm^3","RPDv1b",2418,"charcoal","count","unspec","pollen_slide","particle",">100um num",NA,">100um","num","RPDv1b","measured",1,"RPDv1b","ELEMENT=>100 µm","ANT micro",-0.965767,-78.406617,3984,"south",NA,NA,"sedswamp",1404,1,2015,"Villota, A., León-Yánez, S., Behling, H., 2015. Mid-and late Holocene vegetation and environmental dynamics in the Llanganates National Park, Anteojos Valley, central Ecuadorian Andes. Palynology 39, 350–361.","Mid-and late Holocene vegetation and environmental dynamics in the Llanganates National Park, Anteojos Valley, central Ecuadorian Andes","Palynology",39,NA,"350-361",NA,"10.1080/01916122.2014.977404",NA,NA,NA,NA,NA,NA,NA,NA,NA,NA,NA,NA,NA,"RPDv1b:2417|RPDv1b:2418",1404,"León-Yánez, S.",1,"León-Yánez","S.",NA,NA,NA,NA,NA,NA,NA,NA,NA,"RPDv1b:2417",1404,"RPDv1b",2417,27025,399.5,3.995,"m",0.01,"AMS","bulk sediment, peat",3782,95,NA,NA,"Erl-16079",TRUE,NA,"NA Date is in uncalibrated radiocarbon years.","ANT micro_POLLENSLIDE","counted","100-NaN",NA,NA,"",3782,3687,3877,3782,399.5,0.01,"NA Date is in uncalibrated radiocarbon years.",". Cal curve: NA. Source DB: RPDv1b","Swamp","Carbon-14","Radiocarbon",NA,NA,"Calibrated radiocarbon years BP","sedimentary charcoal","Data Sourcing: RPDv1b","Sample Age Source: NA"
"1404",39,"charcoal | >100um num",NA,196,NA,NA,NA,NA,NA,NA,"Charcoal (sum)",">100 µm",100,NA,"False","True","number","Microscopic charcoal (pollen slide)","direct",NA,"CHAR",0,NA,NA,"quant_raw",0.5,"volume","cm^3","RPDv1b",2418,"charcoal","count","unspec","pollen_slide","particle",">100um num",NA,">100um","num","RPDv1b","measured",1,"RPDv1b","ELEMENT=>100 µm","ANT micro",-0.965767,-78.406617,3984,"south",NA,NA,"sedswamp",1404,1,2015,"Villota, A., León-Yánez, S., Behling, H., 2015. Mid-and late Holocene vegetation and environmental dynamics in the Llanganates National Park, Anteojos Valley, central Ecuadorian Andes. Palynology 39, 350–361.","Mid-and late Holocene vegetation and environmental dynamics in the Llanganates National Park, Anteojos Valley, central Ecuadorian Andes","Palynology",39,NA,"350-361",NA,"10.1080/01916122.2014.977404",NA,NA,NA,NA,NA,NA,NA,NA,NA,NA,NA,NA,NA,"RPDv1b:2417|RPDv1b:2418",1404,"León-Yánez, S.",1,"León-Yánez","S.",NA,NA,NA,NA,NA,NA,NA,NA,NA,"RPDv1b:2417",1404,"RPDv1b",2417,27025,399.5,3.995,"m",0.01,"AMS","bulk sediment, peat",3782,95,NA,NA,"Erl-16079",TRUE,NA,"NA Date is in uncalibrated radiocarbon years.","ANT micro_POLLENSLIDE","counted","100-NaN",NA,NA,"",3782,3687,3877,3782,399.5,0.01,"NA Date is in uncalibrated radiocarbon years.",". Cal curve: NA. Source DB: RPDv1b","Swamp","Carbon-14","Radiocarbon",NA,NA,"Calibrated radiocarbon years BP","sedimentary charcoal","Data Sourcing: RPDv1b","Sample Age Source: NA"
"1404",40,"charcoal | >100um num",NA,200,NA,NA,NA,NA,NA,NA,"Charcoal (sum)",">100 µm",100,NA,"False","True","number","Microscopic charcoal (pollen slide)","direct",NA,"CHAR",86727.68,NA,NA,"quant_raw",0.5,"volume","cm^3","RPDv1b",2418,"charcoal","count","unspec","pollen_slide","particle",">100um num",NA,">100um","num","RPDv1b","measured",1,"RPDv1b","ELEMENT=>100 µm","ANT micro",-0.965767,-78.406617,3984,"south",NA,NA,"sedswamp",1404,1,2015,"Villota, A., León-Yánez, S., Behling, H., 2015. Mid-and late Holocene vegetation and environmental dynamics in the Llanganates National Park, Anteojos Valley, central Ecuadorian Andes. Palynology 39, 350–361.","Mid-and late Holocene vegetation and environmental dynamics in the Llanganates National Park, Anteojos Valley, central Ecuadorian Andes","Palynology",39,NA,"350-361",NA,"10.1080/01916122.2014.977404",NA,NA,NA,NA,NA,NA,NA,NA,NA,NA,NA,NA,NA,"RPDv1b:2417|RPDv1b:2418",1404,"León-Yánez, S.",1,"León-Yánez","S.",NA,NA,NA,NA,NA,NA,NA,NA,NA,"RPDv1b:2417",1404,"RPDv1b",2418,27026,0,0,"m",NA,"Top of core known","-888888",NA,1,0,NA,"-888888",TRUE,NA,"NA Date is calibrated.","ANT micro_POLLENSLIDE","counted","100-NaN",NA,NA,"",0,-1,1,0,0,NA,"NA Date is calibrated.",". Cal curve: NA. Source DB: RPDv1b","Swamp","","Core top",NA,NA,"Calibrated radiocarbon years BP","sedimentary charcoal","Data Sourcing: RPDv1b","Sample Age Source: NA"
"1404",41,"charcoal | >100um num",NA,204,NA,NA,NA,NA,NA,NA,"Charcoal (sum)",">100 µm",100,NA,"False","True","number","Microscopic charcoal (pollen slide)","direct",NA,"CHAR",0,NA,NA,"quant_raw",0.5,"volume","cm^3","RPDv1b",2418,"charcoal","count","unspec","pollen_slide","particle",">100um num",NA,">100um","num","RPDv1b","measured",1,"RPDv1b","ELEMENT=>100 µm","ANT micro",-0.965767,-78.406617,3984,"south",NA,NA,"sedswamp",1404,1,2015,"Villota, A., León-Yánez, S., Behling, H., 2015. Mid-and late Holocene vegetation and environmental dynamics in the Llanganates National Park, Anteojos Valley, central Ecuadorian Andes. Palynology 39, 350–361.","Mid-and late Holocene vegetation and environmental dynamics in the Llanganates National Park, Anteojos Valley, central Ecuadorian Andes","Palynology",39,NA,"350-361",NA,"10.1080/01916122.2014.977404",NA,NA,NA,NA,NA,NA,NA,NA,NA,NA,NA,NA,NA,"RPDv1b:2417|RPDv1b:2418",1404,"León-Yánez, S.",1,"León-Yánez","S.",NA,NA,NA,NA,NA,NA,NA,NA,NA,"RPDv1b:2417",1404,"RPDv1b",2418,27026,0,0,"m",NA,"Top of core known","-888888",NA,1,0,NA,"-888888",TRUE,NA,"NA Date is calibrated.","ANT micro_POLLENSLIDE","counted","100-NaN",NA,NA,"",0,-1,1,0,0,NA,"NA Date is calibrated.",". Cal curve: NA. Source DB: RPDv1b","Swamp","","Core top",NA,NA,"Calibrated radiocarbon years BP","sedimentary charcoal","Data Sourcing: RPDv1b","Sample Age Source: NA"
"1404",42,"charcoal | >100um num",NA,208,NA,NA,NA,NA,NA,NA,"Charcoal (sum)",">100 µm",100,NA,"False","True","number","Microscopic charcoal (pollen slide)","direct",NA,"CHAR",86727.68,NA,NA,"quant_raw",0.5,"volume","cm^3","RPDv1b",2418,"charcoal","count","unspec","pollen_slide","particle",">100um num",NA,">100um","num","RPDv1b","measured",1,"RPDv1b","ELEMENT=>100 µm","ANT micro",-0.965767,-78.406617,3984,"south",NA,NA,"sedswamp",1404,1,2015,"Villota, A., León-Yánez, S., Behling, H., 2015. Mid-and late Holocene vegetation and environmental dynamics in the Llanganates National Park, Anteojos Valley, central Ecuadorian Andes. Palynology 39, 350–361.","Mid-and late Holocene vegetation and environmental dynamics in the Llanganates National Park, Anteojos Valley, central Ecuadorian Andes","Palynology",39,NA,"350-361",NA,"10.1080/01916122.2014.977404",NA,NA,NA,NA,NA,NA,NA,NA,NA,NA,NA,NA,NA,"RPDv1b:2417|RPDv1b:2418",1404,"León-Yánez, S.",1,"León-Yánez","S.",NA,NA,NA,NA,NA,NA,NA,NA,NA,"RPDv1b:2417",1404,"RPDv1b",2418,27026,0,0,"m",NA,"Top of core known","-888888",NA,1,0,NA,"-888888",TRUE,NA,"NA Date is calibrated.","ANT micro_POLLENSLIDE","counted","100-NaN",NA,NA,"",0,-1,1,0,0,NA,"NA Date is calibrated.",". Cal curve: NA. Source DB: RPDv1b","Swamp","","Core top",NA,NA,"Calibrated radiocarbon years BP","sedimentary charcoal","Data Sourcing: RPDv1b","Sample Age Source: NA"
"1404",43,"charcoal | >100um num",NA,212,NA,NA,NA,NA,NA,NA,"Charcoal (sum)",">100 µm",100,NA,"False","True","number","Microscopic charcoal (pollen slide)","direct",NA,"CHAR",86727.68,NA,NA,"quant_raw",0.5,"volume","cm^3","RPDv1b",2418,"charcoal","count","unspec","pollen_slide","particle",">100um num",NA,">100um","num","RPDv1b","measured",1,"RPDv1b","ELEMENT=>100 µm","ANT micro",-0.965767,-78.406617,3984,"south",NA,NA,"sedswamp",1404,1,2015,"Villota, A., León-Yánez, S., Behling, H., 2015. Mid-and late Holocene vegetation and environmental dynamics in the Llanganates National Park, Anteojos Valley, central Ecuadorian Andes. Palynology 39, 350–361.","Mid-and late Holocene vegetation and environmental dynamics in the Llanganates National Park, Anteojos Valley, central Ecuadorian Andes","Palynology",39,NA,"350-361",NA,"10.1080/01916122.2014.977404",NA,NA,NA,NA,NA,NA,NA,NA,NA,NA,NA,NA,NA,"RPDv1b:2417|RPDv1b:2418",1404,"León-Yánez, S.",1,"León-Yánez","S.",NA,NA,NA,NA,NA,NA,NA,NA,NA,"RPDv1b:2417",1404,"RPDv1b",2418,27026,0,0,"m",NA,"Top of core known","-888888",NA,1,0,NA,"-888888",TRUE,NA,"NA Date is calibrated.","ANT micro_POLLENSLIDE","counted","100-NaN",NA,NA,"",0,-1,1,0,0,NA,"NA Date is calibrated.",". Cal curve: NA. Source DB: RPDv1b","Swamp","","Core top",NA,NA,"Calibrated radiocarbon years BP","sedimentary charcoal","Data Sourcing: RPDv1b","Sample Age Source: NA"
"1404",44,"charcoal | >100um num",NA,216,NA,NA,NA,NA,NA,NA,"Charcoal (sum)",">100 µm",100,NA,"False","True","number","Microscopic charcoal (pollen slide)","direct",NA,"CHAR",0,NA,NA,"quant_raw",0.5,"volume","cm^3","RPDv1b",2418,"charcoal","count","unspec","pollen_slide","particle",">100um num",NA,">100um","num","RPDv1b","measured",1,"RPDv1b","ELEMENT=>100 µm","ANT micro",-0.965767,-78.406617,3984,"south",NA,NA,"sedswamp",1404,1,2015,"Villota, A., León-Yánez, S., Behling, H., 2015. Mid-and late Holocene vegetation and environmental dynamics in the Llanganates National Park, Anteojos Valley, central Ecuadorian Andes. Palynology 39, 350–361.","Mid-and late Holocene vegetation and environmental dynamics in the Llanganates National Park, Anteojos Valley, central Ecuadorian Andes","Palynology",39,NA,"350-361",NA,"10.1080/01916122.2014.977404",NA,NA,NA,NA,NA,NA,NA,NA,NA,NA,NA,NA,NA,"RPDv1b:2417|RPDv1b:2418",1404,"León-Yánez, S.",1,"León-Yánez","S.",NA,NA,NA,NA,NA,NA,NA,NA,NA,"RPDv1b:2417",1404,"RPDv1b",2418,27026,0,0,"m",NA,"Top of core known","-888888",NA,1,0,NA,"-888888",TRUE,NA,"NA Date is calibrated.","ANT micro_POLLENSLIDE","counted","100-NaN",NA,NA,"",0,-1,1,0,0,NA,"NA Date is calibrated.",". Cal curve: NA. Source DB: RPDv1b","Swamp","","Core top",NA,NA,"Calibrated radiocarbon years BP","sedimentary charcoal","Data Sourcing: RPDv1b","Sample Age Source: NA"
"1404",45,"charcoal | >100um num",NA,220,NA,NA,NA,NA,NA,NA,"Charcoal (sum)",">100 µm",100,NA,"False","True","number","Microscopic charcoal (pollen slide)","direct",NA,"CHAR",260600,NA,NA,"quant_raw",0.5,"volume","cm^3","RPDv1b",2418,"charcoal","count","unspec","pollen_slide","particle",">100um num",NA,">100um","num","RPDv1b","measured",1,"RPDv1b","ELEMENT=>100 µm","ANT micro",-0.965767,-78.406617,3984,"south",NA,NA,"sedswamp",1404,1,2015,"Villota, A., León-Yánez, S., Behling, H., 2015. Mid-and late Holocene vegetation and environmental dynamics in the Llanganates National Park, Anteojos Valley, central Ecuadorian Andes. Palynology 39, 350–361.","Mid-and late Holocene vegetation and environmental dynamics in the Llanganates National Park, Anteojos Valley, central Ecuadorian Andes","Palynology",39,NA,"350-361",NA,"10.1080/01916122.2014.977404",NA,NA,NA,NA,NA,NA,NA,NA,NA,NA,NA,NA,NA,"RPDv1b:2417|RPDv1b:2418",1404,"León-Yánez, S.",1,"León-Yánez","S.",NA,NA,NA,NA,NA,NA,NA,NA,NA,"RPDv1b:2417",1404,"RPDv1b",2418,27026,0,0,"m",NA,"Top of core known","-888888",NA,1,0,NA,"-888888",TRUE,NA,"NA Date is calibrated.","ANT micro_POLLENSLIDE","counted","100-NaN",NA,NA,"",0,-1,1,0,0,NA,"NA Date is calibrated.",". Cal curve: NA. Source DB: RPDv1b","Swamp","","Core top",NA,NA,"Calibrated radiocarbon years BP","sedimentary charcoal","Data Sourcing: RPDv1b","Sample Age Source: NA"
"1404",46,"charcoal | >100um num",NA,224,NA,NA,NA,NA,NA,NA,"Charcoal (sum)",">100 µm",100,NA,"False","True","number","Microscopic charcoal (pollen slide)","direct",NA,"CHAR",1129961.6,NA,NA,"quant_raw",0.5,"volume","cm^3","RPDv1b",2418,"charcoal","count","unspec","pollen_slide","particle",">100um num",NA,">100um","num","RPDv1b","measured",1,"RPDv1b","ELEMENT=>100 µm","ANT micro",-0.965767,-78.406617,3984,"south",NA,NA,"sedswamp",1404,1,2015,"Villota, A., León-Yánez, S., Behling, H., 2015. Mid-and late Holocene vegetation and environmental dynamics in the Llanganates National Park, Anteojos Valley, central Ecuadorian Andes. Palynology 39, 350–361.","Mid-and late Holocene vegetation and environmental dynamics in the Llanganates National Park, Anteojos Valley, central Ecuadorian Andes","Palynology",39,NA,"350-361",NA,"10.1080/01916122.2014.977404",NA,NA,NA,NA,NA,NA,NA,NA,NA,NA,NA,NA,NA,"RPDv1b:2417|RPDv1b:2418",1404,"León-Yánez, S.",1,"León-Yánez","S.",NA,NA,NA,NA,NA,NA,NA,NA,NA,"RPDv1b:2417",1404,"RPDv1b",2418,27026,0,0,"m",NA,"Top of core known","-888888",NA,1,0,NA,"-888888",TRUE,NA,"NA Date is calibrated.","ANT micro_POLLENSLIDE","counted","100-NaN",NA,NA,"",0,-1,1,0,0,NA,"NA Date is calibrated.",". Cal curve: NA. Source DB: RPDv1b","Swamp","","Core top",NA,NA,"Calibrated radiocarbon years BP","sedimentary charcoal","Data Sourcing: RPDv1b","Sample Age Source: NA"
"1404",47,"charcoal | >100um num",NA,228,NA,NA,NA,NA,NA,NA,"Charcoal (sum)",">100 µm",100,NA,"False","True","number","Microscopic charcoal (pollen slide)","direct",NA,"CHAR",521616.96,NA,NA,"quant_raw",0.5,"volume","cm^3","RPDv1b",2418,"charcoal","count","unspec","pollen_slide","particle",">100um num",NA,">100um","num","RPDv1b","measured",1,"RPDv1b","ELEMENT=>100 µm","ANT micro",-0.965767,-78.406617,3984,"south",NA,NA,"sedswamp",1404,1,2015,"Villota, A., León-Yánez, S., Behling, H., 2015. Mid-and late Holocene vegetation and environmental dynamics in the Llanganates National Park, Anteojos Valley, central Ecuadorian Andes. Palynology 39, 350–361.","Mid-and late Holocene vegetation and environmental dynamics in the Llanganates National Park, Anteojos Valley, central Ecuadorian Andes","Palynology",39,NA,"350-361",NA,"10.1080/01916122.2014.977404",NA,NA,NA,NA,NA,NA,NA,NA,NA,NA,NA,NA,NA,"RPDv1b:2417|RPDv1b:2418",1404,"León-Yánez, S.",1,"León-Yánez","S.",NA,NA,NA,NA,NA,NA,NA,NA,NA,"RPDv1b:2417",1404,"RPDv1b",2418,27026,0,0,"m",NA,"Top of core known","-888888",NA,1,0,NA,"-888888",TRUE,NA,"NA Date is calibrated.","ANT micro_POLLENSLIDE","counted","100-NaN",NA,NA,"",0,-1,1,0,0,NA,"NA Date is calibrated.",". Cal curve: NA. Source DB: RPDv1b","Swamp","","Core top",NA,NA,"Calibrated radiocarbon years BP","sedimentary charcoal","Data Sourcing: RPDv1b","Sample Age Source: NA"
"1404",48,"charcoal | >100um num",NA,232,NA,NA,NA,NA,NA,NA,"Charcoal (sum)",">100 µm",100,NA,"False","True","number","Microscopic charcoal (pollen slide)","direct",NA,"CHAR",0,NA,NA,"quant_raw",0.5,"volume","cm^3","RPDv1b",2418,"charcoal","count","unspec","pollen_slide","particle",">100um num",NA,">100um","num","RPDv1b","measured",1,"RPDv1b","ELEMENT=>100 µm","ANT micro",-0.965767,-78.406617,3984,"south",NA,NA,"sedswamp",1404,1,2015,"Villota, A., León-Yánez, S., Behling, H., 2015. Mid-and late Holocene vegetation and environmental dynamics in the Llanganates National Park, Anteojos Valley, central Ecuadorian Andes. Palynology 39, 350–361.","Mid-and late Holocene vegetation and environmental dynamics in the Llanganates National Park, Anteojos Valley, central Ecuadorian Andes","Palynology",39,NA,"350-361",NA,"10.1080/01916122.2014.977404",NA,NA,NA,NA,NA,NA,NA,NA,NA,NA,NA,NA,NA,"RPDv1b:2417|RPDv1b:2418",1404,"León-Yánez, S.",1,"León-Yánez","S.",NA,NA,NA,NA,NA,NA,NA,NA,NA,"RPDv1b:2417",1404,"RPDv1b",2418,27027,99.5,0.995,"m",0.01,"AMS","bulk sediment, peat",265,48,NA,NA,"Erl-16076",TRUE,NA,"NA Date is in uncalibrated radiocarbon years.","ANT micro_POLLENSLIDE","counted","100-NaN",NA,NA,"",265,217,313,265,99.5,0.01,"NA Date is in uncalibrated radiocarbon years.",". Cal curve: NA. Source DB: RPDv1b","Swamp","Carbon-14","Radiocarbon",NA,NA,"Calibrated radiocarbon years BP","sedimentary charcoal","Data Sourcing: RPDv1b","Sample Age Source: NA"
"1404",49,"charcoal | >100um num",NA,236,NA,NA,NA,NA,NA,NA,"Charcoal (sum)",">100 µm",100,NA,"False","True","number","Microscopic charcoal (pollen slide)","direct",NA,"CHAR",695489.28,NA,NA,"quant_raw",0.5,"volume","cm^3","RPDv1b",2418,"charcoal","count","unspec","pollen_slide","particle",">100um num",NA,">100um","num","RPDv1b","measured",1,"RPDv1b","ELEMENT=>100 µm","ANT micro",-0.965767,-78.406617,3984,"south",NA,NA,"sedswamp",1404,1,2015,"Villota, A., León-Yánez, S., Behling, H., 2015. Mid-and late Holocene vegetation and environmental dynamics in the Llanganates National Park, Anteojos Valley, central Ecuadorian Andes. Palynology 39, 350–361.","Mid-and late Holocene vegetation and environmental dynamics in the Llanganates National Park, Anteojos Valley, central Ecuadorian Andes","Palynology",39,NA,"350-361",NA,"10.1080/01916122.2014.977404",NA,NA,NA,NA,NA,NA,NA,NA,NA,NA,NA,NA,NA,"RPDv1b:2417|RPDv1b:2418",1404,"León-Yánez, S.",1,"León-Yánez","S.",NA,NA,NA,NA,NA,NA,NA,NA,NA,"RPDv1b:2417",1404,"RPDv1b",2418,27027,99.5,0.995,"m",0.01,"AMS","bulk sediment, peat",265,48,NA,NA,"Erl-16076",TRUE,NA,"NA Date is in uncalibrated radiocarbon years.","ANT micro_POLLENSLIDE","counted","100-NaN",NA,NA,"",265,217,313,265,99.5,0.01,"NA Date is in uncalibrated radiocarbon years.",". Cal curve: NA. Source DB: RPDv1b","Swamp","Carbon-14","Radiocarbon",NA,NA,"Calibrated radiocarbon years BP","sedimentary charcoal","Data Sourcing: RPDv1b","Sample Age Source: NA"
"1404",50,"charcoal | >100um num",NA,240,NA,NA,NA,NA,NA,NA,"Charcoal (sum)",">100 µm",100,NA,"False","True","number","Microscopic charcoal (pollen slide)","direct",NA,"CHAR",173872.32,NA,NA,"quant_raw",0.5,"volume","cm^3","RPDv1b",2418,"charcoal","count","unspec","pollen_slide","particle",">100um num",NA,">100um","num","RPDv1b","measured",1,"RPDv1b","ELEMENT=>100 µm","ANT micro",-0.965767,-78.406617,3984,"south",NA,NA,"sedswamp",1404,1,2015,"Villota, A., León-Yánez, S., Behling, H., 2015. Mid-and late Holocene vegetation and environmental dynamics in the Llanganates National Park, Anteojos Valley, central Ecuadorian Andes. Palynology 39, 350–361.","Mid-and late Holocene vegetation and environmental dynamics in the Llanganates National Park, Anteojos Valley, central Ecuadorian Andes","Palynology",39,NA,"350-361",NA,"10.1080/01916122.2014.977404",NA,NA,NA,NA,NA,NA,NA,NA,NA,NA,NA,NA,NA,"RPDv1b:2417|RPDv1b:2418",1404,"León-Yánez, S.",1,"León-Yánez","S.",NA,NA,NA,NA,NA,NA,NA,NA,NA,"RPDv1b:2417",1404,"RPDv1b",2418,27027,99.5,0.995,"m",0.01,"AMS","bulk sediment, peat",265,48,NA,NA,"Erl-16076",TRUE,NA,"NA Date is in uncalibrated radiocarbon years.","ANT micro_POLLENSLIDE","counted","100-NaN",NA,NA,"",265,217,313,265,99.5,0.01,"NA Date is in uncalibrated radiocarbon years.",". Cal curve: NA. Source DB: RPDv1b","Swamp","Carbon-14","Radiocarbon",NA,NA,"Calibrated radiocarbon years BP","sedimentary charcoal","Data Sourcing: RPDv1b","Sample Age Source: NA"
"1404",51,"charcoal | >100um num",NA,244,NA,NA,NA,NA,NA,NA,"Charcoal (sum)",">100 µm",100,NA,"False","True","number","Microscopic charcoal (pollen slide)","direct",NA,"CHAR",521616.96,NA,NA,"quant_raw",0.5,"volume","cm^3","RPDv1b",2418,"charcoal","count","unspec","pollen_slide","particle",">100um num",NA,">100um","num","RPDv1b","measured",1,"RPDv1b","ELEMENT=>100 µm","ANT micro",-0.965767,-78.406617,3984,"south",NA,NA,"sedswamp",1404,1,2015,"Villota, A., León-Yánez, S., Behling, H., 2015. Mid-and late Holocene vegetation and environmental dynamics in the Llanganates National Park, Anteojos Valley, central Ecuadorian Andes. Palynology 39, 350–361.","Mid-and late Holocene vegetation and environmental dynamics in the Llanganates National Park, Anteojos Valley, central Ecuadorian Andes","Palynology",39,NA,"350-361",NA,"10.1080/01916122.2014.977404",NA,NA,NA,NA,NA,NA,NA,NA,NA,NA,NA,NA,NA,"RPDv1b:2417|RPDv1b:2418",1404,"León-Yánez, S.",1,"León-Yánez","S.",NA,NA,NA,NA,NA,NA,NA,NA,NA,"RPDv1b:2417",1404,"RPDv1b",2418,27027,99.5,0.995,"m",0.01,"AMS","bulk sediment, peat",265,48,NA,NA,"Erl-16076",TRUE,NA,"NA Date is in uncalibrated radiocarbon years.","ANT micro_POLLENSLIDE","counted","100-NaN",NA,NA,"",265,217,313,265,99.5,0.01,"NA Date is in uncalibrated radiocarbon years.",". Cal curve: NA. Source DB: RPDv1b","Swamp","Carbon-14","Radiocarbon",NA,NA,"Calibrated radiocarbon years BP","sedimentary charcoal","Data Sourcing: RPDv1b","Sample Age Source: NA"
"1404",52,"charcoal | >100um num",NA,248,NA,NA,NA,NA,NA,NA,"Charcoal (sum)",">100 µm",100,NA,"False","True","number","Microscopic charcoal (pollen slide)","direct",NA,"CHAR",173872.32,NA,NA,"quant_raw",0.5,"volume","cm^3","RPDv1b",2418,"charcoal","count","unspec","pollen_slide","particle",">100um num",NA,">100um","num","RPDv1b","measured",1,"RPDv1b","ELEMENT=>100 µm","ANT micro",-0.965767,-78.406617,3984,"south",NA,NA,"sedswamp",1404,1,2015,"Villota, A., León-Yánez, S., Behling, H., 2015. Mid-and late Holocene vegetation and environmental dynamics in the Llanganates National Park, Anteojos Valley, central Ecuadorian Andes. Palynology 39, 350–361.","Mid-and late Holocene vegetation and environmental dynamics in the Llanganates National Park, Anteojos Valley, central Ecuadorian Andes","Palynology",39,NA,"350-361",NA,"10.1080/01916122.2014.977404",NA,NA,NA,NA,NA,NA,NA,NA,NA,NA,NA,NA,NA,"RPDv1b:2417|RPDv1b:2418",1404,"León-Yánez, S.",1,"León-Yánez","S.",NA,NA,NA,NA,NA,NA,NA,NA,NA,"RPDv1b:2417",1404,"RPDv1b",2418,27027,99.5,0.995,"m",0.01,"AMS","bulk sediment, peat",265,48,NA,NA,"Erl-16076",TRUE,NA,"NA Date is in uncalibrated radiocarbon years.","ANT micro_POLLENSLIDE","counted","100-NaN",NA,NA,"",265,217,313,265,99.5,0.01,"NA Date is in uncalibrated radiocarbon years.",". Cal curve: NA. Source DB: RPDv1b","Swamp","Carbon-14","Radiocarbon",NA,NA,"Calibrated radiocarbon years BP","sedimentary charcoal","Data Sourcing: RPDv1b","Sample Age Source: NA"
"1404",53,"charcoal | >100um num",NA,252,NA,NA,NA,NA,NA,NA,"Charcoal (sum)",">100 µm",100,NA,"False","True","number","Microscopic charcoal (pollen slide)","direct",NA,"CHAR",434472.32,NA,NA,"quant_raw",0.5,"volume","cm^3","RPDv1b",2418,"charcoal","count","unspec","pollen_slide","particle",">100um num",NA,">100um","num","RPDv1b","measured",1,"RPDv1b","ELEMENT=>100 µm","ANT micro",-0.965767,-78.406617,3984,"south",NA,NA,"sedswamp",1404,1,2015,"Villota, A., León-Yánez, S., Behling, H., 2015. Mid-and late Holocene vegetation and environmental dynamics in the Llanganates National Park, Anteojos Valley, central Ecuadorian Andes. Palynology 39, 350–361.","Mid-and late Holocene vegetation and environmental dynamics in the Llanganates National Park, Anteojos Valley, central Ecuadorian Andes","Palynology",39,NA,"350-361",NA,"10.1080/01916122.2014.977404",NA,NA,NA,NA,NA,NA,NA,NA,NA,NA,NA,NA,NA,"RPDv1b:2417|RPDv1b:2418",1404,"León-Yánez, S.",1,"León-Yánez","S.",NA,NA,NA,NA,NA,NA,NA,NA,NA,"RPDv1b:2417",1404,"RPDv1b",2418,27027,99.5,0.995,"m",0.01,"AMS","bulk sediment, peat",265,48,NA,NA,"Erl-16076",TRUE,NA,"NA Date is in uncalibrated radiocarbon years.","ANT micro_POLLENSLIDE","counted","100-NaN",NA,NA,"",265,217,313,265,99.5,0.01,"NA Date is in uncalibrated radiocarbon years.",". Cal curve: NA. Source DB: RPDv1b","Swamp","Carbon-14","Radiocarbon",NA,NA,"Calibrated radiocarbon years BP","sedimentary charcoal","Data Sourcing: RPDv1b","Sample Age Source: NA"
"1404",54,"charcoal | >100um num",NA,256,NA,NA,NA,NA,NA,NA,"Charcoal (sum)",">100 µm",100,NA,"False","True","number","Microscopic charcoal (pollen slide)","direct",NA,"CHAR",608344.64,NA,NA,"quant_raw",0.5,"volume","cm^3","RPDv1b",2418,"charcoal","count","unspec","pollen_slide","particle",">100um num",NA,">100um","num","RPDv1b","measured",1,"RPDv1b","ELEMENT=>100 µm","ANT micro",-0.965767,-78.406617,3984,"south",NA,NA,"sedswamp",1404,1,2015,"Villota, A., León-Yánez, S., Behling, H., 2015. Mid-and late Holocene vegetation and environmental dynamics in the Llanganates National Park, Anteojos Valley, central Ecuadorian Andes. Palynology 39, 350–361.","Mid-and late Holocene vegetation and environmental dynamics in the Llanganates National Park, Anteojos Valley, central Ecuadorian Andes","Palynology",39,NA,"350-361",NA,"10.1080/01916122.2014.977404",NA,NA,NA,NA,NA,NA,NA,NA,NA,NA,NA,NA,NA,"RPDv1b:2417|RPDv1b:2418",1404,"León-Yánez, S.",1,"León-Yánez","S.",NA,NA,NA,NA,NA,NA,NA,NA,NA,"RPDv1b:2417",1404,"RPDv1b",2418,27027,99.5,0.995,"m",0.01,"AMS","bulk sediment, peat",265,48,NA,NA,"Erl-16076",TRUE,NA,"NA Date is in uncalibrated radiocarbon years.","ANT micro_POLLENSLIDE","counted","100-NaN",NA,NA,"",265,217,313,265,99.5,0.01,"NA Date is in uncalibrated radiocarbon years.",". Cal curve: NA. Source DB: RPDv1b","Swamp","Carbon-14","Radiocarbon",NA,NA,"Calibrated radiocarbon years BP","sedimentary charcoal","Data Sourcing: RPDv1b","Sample Age Source: NA"
"1404",55,"charcoal | >100um num",NA,260,NA,NA,NA,NA,NA,NA,"Charcoal (sum)",">100 µm",100,NA,"False","True","number","Microscopic charcoal (pollen slide)","direct",NA,"CHAR",173872.32,NA,NA,"quant_raw",0.5,"volume","cm^3","RPDv1b",2418,"charcoal","count","unspec","pollen_slide","particle",">100um num",NA,">100um","num","RPDv1b","measured",1,"RPDv1b","ELEMENT=>100 µm","ANT micro",-0.965767,-78.406617,3984,"south",NA,NA,"sedswamp",1404,1,2015,"Villota, A., León-Yánez, S., Behling, H., 2015. Mid-and late Holocene vegetation and environmental dynamics in the Llanganates National Park, Anteojos Valley, central Ecuadorian Andes. Palynology 39, 350–361.","Mid-and late Holocene vegetation and environmental dynamics in the Llanganates National Park, Anteojos Valley, central Ecuadorian Andes","Palynology",39,NA,"350-361",NA,"10.1080/01916122.2014.977404",NA,NA,NA,NA,NA,NA,NA,NA,NA,NA,NA,NA,NA,"RPDv1b:2417|RPDv1b:2418",1404,"León-Yánez, S.",1,"León-Yánez","S.",NA,NA,NA,NA,NA,NA,NA,NA,NA,"RPDv1b:2417",1404,"RPDv1b",2418,27027,99.5,0.995,"m",0.01,"AMS","bulk sediment, peat",265,48,NA,NA,"Erl-16076",TRUE,NA,"NA Date is in uncalibrated radiocarbon years.","ANT micro_POLLENSLIDE","counted","100-NaN",NA,NA,"",265,217,313,265,99.5,0.01,"NA Date is in uncalibrated radiocarbon years.",". Cal curve: NA. Source DB: RPDv1b","Swamp","Carbon-14","Radiocarbon",NA,NA,"Calibrated radiocarbon years BP","sedimentary charcoal","Data Sourcing: RPDv1b","Sample Age Source: NA"
"1404",56,"charcoal | >100um num",NA,264,NA,NA,NA,NA,NA,NA,"Charcoal (sum)",">100 µm",100,NA,"False","True","number","Microscopic charcoal (pollen slide)","direct",NA,"CHAR",521616.96,NA,NA,"quant_raw",0.5,"volume","cm^3","RPDv1b",2418,"charcoal","count","unspec","pollen_slide","particle",">100um num",NA,">100um","num","RPDv1b","measured",1,"RPDv1b","ELEMENT=>100 µm","ANT micro",-0.965767,-78.406617,3984,"south",NA,NA,"sedswamp",1404,1,2015,"Villota, A., León-Yánez, S., Behling, H., 2015. Mid-and late Holocene vegetation and environmental dynamics in the Llanganates National Park, Anteojos Valley, central Ecuadorian Andes. Palynology 39, 350–361.","Mid-and late Holocene vegetation and environmental dynamics in the Llanganates National Park, Anteojos Valley, central Ecuadorian Andes","Palynology",39,NA,"350-361",NA,"10.1080/01916122.2014.977404",NA,NA,NA,NA,NA,NA,NA,NA,NA,NA,NA,NA,NA,"RPDv1b:2417|RPDv1b:2418",1404,"León-Yánez, S.",1,"León-Yánez","S.",NA,NA,NA,NA,NA,NA,NA,NA,NA,"RPDv1b:2417",1404,"RPDv1b",2418,27028,199.5,1.995,"m",0.01,"AMS","bulk sediment, peat",1296,57,NA,NA,"Erl-16077",TRUE,NA,"NA Date is in uncalibrated radiocarbon years.","ANT micro_POLLENSLIDE","counted","100-NaN",NA,NA,"",1296,1239,1353,1296,199.5,0.01,"NA Date is in uncalibrated radiocarbon years.",". Cal curve: NA. Source DB: RPDv1b","Swamp","Carbon-14","Radiocarbon",NA,NA,"Calibrated radiocarbon years BP","sedimentary charcoal","Data Sourcing: RPDv1b","Sample Age Source: NA"
"1404",57,"charcoal | >100um num",NA,268,NA,NA,NA,NA,NA,NA,"Charcoal (sum)",">100 µm",100,NA,"False","True","number","Microscopic charcoal (pollen slide)","direct",NA,"CHAR",2086467.84,NA,NA,"quant_raw",0.5,"volume","cm^3","RPDv1b",2418,"charcoal","count","unspec","pollen_slide","particle",">100um num",NA,">100um","num","RPDv1b","measured",1,"RPDv1b","ELEMENT=>100 µm","ANT micro",-0.965767,-78.406617,3984,"south",NA,NA,"sedswamp",1404,1,2015,"Villota, A., León-Yánez, S., Behling, H., 2015. Mid-and late Holocene vegetation and environmental dynamics in the Llanganates National Park, Anteojos Valley, central Ecuadorian Andes. Palynology 39, 350–361.","Mid-and late Holocene vegetation and environmental dynamics in the Llanganates National Park, Anteojos Valley, central Ecuadorian Andes","Palynology",39,NA,"350-361",NA,"10.1080/01916122.2014.977404",NA,NA,NA,NA,NA,NA,NA,NA,NA,NA,NA,NA,NA,"RPDv1b:2417|RPDv1b:2418",1404,"León-Yánez, S.",1,"León-Yánez","S.",NA,NA,NA,NA,NA,NA,NA,NA,NA,"RPDv1b:2417",1404,"RPDv1b",2418,27028,199.5,1.995,"m",0.01,"AMS","bulk sediment, peat",1296,57,NA,NA,"Erl-16077",TRUE,NA,"NA Date is in uncalibrated radiocarbon years.","ANT micro_POLLENSLIDE","counted","100-NaN",NA,NA,"",1296,1239,1353,1296,199.5,0.01,"NA Date is in uncalibrated radiocarbon years.",". Cal curve: NA. Source DB: RPDv1b","Swamp","Carbon-14","Radiocarbon",NA,NA,"Calibrated radiocarbon years BP","sedimentary charcoal","Data Sourcing: RPDv1b","Sample Age Source: NA"
"1404",58,"charcoal | >100um num",NA,272,NA,NA,NA,NA,NA,NA,"Charcoal (sum)",">100 µm",100,NA,"False","True","number","Microscopic charcoal (pollen slide)","direct",NA,"CHAR",608344.64,NA,NA,"quant_raw",0.5,"volume","cm^3","RPDv1b",2418,"charcoal","count","unspec","pollen_slide","particle",">100um num",NA,">100um","num","RPDv1b","measured",1,"RPDv1b","ELEMENT=>100 µm","ANT micro",-0.965767,-78.406617,3984,"south",NA,NA,"sedswamp",1404,1,2015,"Villota, A., León-Yánez, S., Behling, H., 2015. Mid-and late Holocene vegetation and environmental dynamics in the Llanganates National Park, Anteojos Valley, central Ecuadorian Andes. Palynology 39, 350–361.","Mid-and late Holocene vegetation and environmental dynamics in the Llanganates National Park, Anteojos Valley, central Ecuadorian Andes","Palynology",39,NA,"350-361",NA,"10.1080/01916122.2014.977404",NA,NA,NA,NA,NA,NA,NA,NA,NA,NA,NA,NA,NA,"RPDv1b:2417|RPDv1b:2418",1404,"Behling, H.",1,"Behling","H.",NA,NA,NA,NA,NA,NA,NA,NA,NA,"RPDv1b:2417",1404,"RPDv1b",2418,27028,199.5,1.995,"m",0.01,"AMS","bulk sediment, peat",1296,57,NA,NA,"Erl-16077",TRUE,NA,"NA Date is in uncalibrated radiocarbon years.","ANT micro_POLLENSLIDE","counted","100-NaN",NA,NA,"",1296,1239,1353,1296,199.5,0.01,"NA Date is in uncalibrated radiocarbon years.",". Cal curve: NA. Source DB: RPDv1b","Swamp","Carbon-14","Radiocarbon",NA,NA,"Calibrated radiocarbon years BP","sedimentary charcoal","Data Sourcing: RPDv1b","Sample Age Source: NA"
"1404",59,"charcoal | >100um num",NA,276,NA,NA,NA,NA,NA,NA,"Charcoal (sum)",">100 µm",100,NA,"False","True","number","Microscopic charcoal (pollen slide)","direct",NA,"CHAR",521616.96,NA,NA,"quant_raw",0.5,"volume","cm^3","RPDv1b",2418,"charcoal","count","unspec","pollen_slide","particle",">100um num",NA,">100um","num","RPDv1b","measured",1,"RPDv1b","ELEMENT=>100 µm","ANT micro",-0.965767,-78.406617,3984,"south",NA,NA,"sedswamp",1404,1,2015,"Villota, A., León-Yánez, S., Behling, H., 2015. Mid-and late Holocene vegetation and environmental dynamics in the Llanganates National Park, Anteojos Valley, central Ecuadorian Andes. Palynology 39, 350–361.","Mid-and late Holocene vegetation and environmental dynamics in the Llanganates National Park, Anteojos Valley, central Ecuadorian Andes","Palynology",39,NA,"350-361",NA,"10.1080/01916122.2014.977404",NA,NA,NA,NA,NA,NA,NA,NA,NA,NA,NA,NA,NA,"RPDv1b:2417|RPDv1b:2418",1404,"Behling, H.",1,"Behling","H.",NA,NA,NA,NA,NA,NA,NA,NA,NA,"RPDv1b:2417",1404,"RPDv1b",2418,27028,199.5,1.995,"m",0.01,"AMS","bulk sediment, peat",1296,57,NA,NA,"Erl-16077",TRUE,NA,"NA Date is in uncalibrated radiocarbon years.","ANT micro_POLLENSLIDE","counted","100-NaN",NA,NA,"",1296,1239,1353,1296,199.5,0.01,"NA Date is in uncalibrated radiocarbon years.",". Cal curve: NA. Source DB: RPDv1b","Swamp","Carbon-14","Radiocarbon",NA,NA,"Calibrated radiocarbon years BP","sedimentary charcoal","Data Sourcing: RPDv1b","Sample Age Source: NA"
"1404",60,"charcoal | >100um num",NA,280,NA,NA,NA,NA,NA,NA,"Charcoal (sum)",">100 µm",100,NA,"False","True","number","Microscopic charcoal (pollen slide)","direct",NA,"CHAR",521616.96,NA,NA,"quant_raw",0.5,"volume","cm^3","RPDv1b",2418,"charcoal","count","unspec","pollen_slide","particle",">100um num",NA,">100um","num","RPDv1b","measured",1,"RPDv1b","ELEMENT=>100 µm","ANT micro",-0.965767,-78.406617,3984,"south",NA,NA,"sedswamp",1404,1,2015,"Villota, A., León-Yánez, S., Behling, H., 2015. Mid-and late Holocene vegetation and environmental dynamics in the Llanganates National Park, Anteojos Valley, central Ecuadorian Andes. Palynology 39, 350–361.","Mid-and late Holocene vegetation and environmental dynamics in the Llanganates National Park, Anteojos Valley, central Ecuadorian Andes","Palynology",39,NA,"350-361",NA,"10.1080/01916122.2014.977404",NA,NA,NA,NA,NA,NA,NA,NA,NA,NA,NA,NA,NA,"RPDv1b:2417|RPDv1b:2418",1404,"Behling, H.",1,"Behling","H.",NA,NA,NA,NA,NA,NA,NA,NA,NA,"RPDv1b:2417",1404,"RPDv1b",2418,27028,199.5,1.995,"m",0.01,"AMS","bulk sediment, peat",1296,57,NA,NA,"Erl-16077",TRUE,NA,"NA Date is in uncalibrated radiocarbon years.","ANT micro_POLLENSLIDE","counted","100-NaN",NA,NA,"",1296,1239,1353,1296,199.5,0.01,"NA Date is in uncalibrated radiocarbon years.",". Cal curve: NA. Source DB: RPDv1b","Swamp","Carbon-14","Radiocarbon",NA,NA,"Calibrated radiocarbon years BP","sedimentary charcoal","Data Sourcing: RPDv1b","Sample Age Source: NA"
"1404",61,"charcoal | >100um num",NA,284,NA,NA,NA,NA,NA,NA,"Charcoal (sum)",">100 µm",100,NA,"False","True","number","Microscopic charcoal (pollen slide)","direct",NA,"CHAR",260600,NA,NA,"quant_raw",0.5,"volume","cm^3","RPDv1b",2418,"charcoal","count","unspec","pollen_slide","particle",">100um num",NA,">100um","num","RPDv1b","measured",1,"RPDv1b","ELEMENT=>100 µm","ANT micro",-0.965767,-78.406617,3984,"south",NA,NA,"sedswamp",1404,1,2015,"Villota, A., León-Yánez, S., Behling, H., 2015. Mid-and late Holocene vegetation and environmental dynamics in the Llanganates National Park, Anteojos Valley, central Ecuadorian Andes. Palynology 39, 350–361.","Mid-and late Holocene vegetation and environmental dynamics in the Llanganates National Park, Anteojos Valley, central Ecuadorian Andes","Palynology",39,NA,"350-361",NA,"10.1080/01916122.2014.977404",NA,NA,NA,NA,NA,NA,NA,NA,NA,NA,NA,NA,NA,"RPDv1b:2417|RPDv1b:2418",1404,"Behling, H.",1,"Behling","H.",NA,NA,NA,NA,NA,NA,NA,NA,NA,"RPDv1b:2417",1404,"RPDv1b",2418,27028,199.5,1.995,"m",0.01,"AMS","bulk sediment, peat",1296,57,NA,NA,"Erl-16077",TRUE,NA,"NA Date is in uncalibrated radiocarbon years.","ANT micro_POLLENSLIDE","counted","100-NaN",NA,NA,"",1296,1239,1353,1296,199.5,0.01,"NA Date is in uncalibrated radiocarbon years.",". Cal curve: NA. Source DB: RPDv1b","Swamp","Carbon-14","Radiocarbon",NA,NA,"Calibrated radiocarbon years BP","sedimentary charcoal","Data Sourcing: RPDv1b","Sample Age Source: NA"
"1404",62,"charcoal | >100um num",NA,288,NA,NA,NA,NA,NA,NA,"Charcoal (sum)",">100 µm",100,NA,"False","True","number","Microscopic charcoal (pollen slide)","direct",NA,"CHAR",434472.32,NA,NA,"quant_raw",0.5,"volume","cm^3","RPDv1b",2418,"charcoal","count","unspec","pollen_slide","particle",">100um num",NA,">100um","num","RPDv1b","measured",1,"RPDv1b","ELEMENT=>100 µm","ANT micro",-0.965767,-78.406617,3984,"south",NA,NA,"sedswamp",1404,1,2015,"Villota, A., León-Yánez, S., Behling, H., 2015. Mid-and late Holocene vegetation and environmental dynamics in the Llanganates National Park, Anteojos Valley, central Ecuadorian Andes. Palynology 39, 350–361.","Mid-and late Holocene vegetation and environmental dynamics in the Llanganates National Park, Anteojos Valley, central Ecuadorian Andes","Palynology",39,NA,"350-361",NA,"10.1080/01916122.2014.977404",NA,NA,NA,NA,NA,NA,NA,NA,NA,NA,NA,NA,NA,"RPDv1b:2417|RPDv1b:2418",1404,"Behling, H.",1,"Behling","H.",NA,NA,NA,NA,NA,NA,NA,NA,NA,"RPDv1b:2417",1404,"RPDv1b",2418,27028,199.5,1.995,"m",0.01,"AMS","bulk sediment, peat",1296,57,NA,NA,"Erl-16077",TRUE,NA,"NA Date is in uncalibrated radiocarbon years.","ANT micro_POLLENSLIDE","counted","100-NaN",NA,NA,"",1296,1239,1353,1296,199.5,0.01,"NA Date is in uncalibrated radiocarbon years.",". Cal curve: NA. Source DB: RPDv1b","Swamp","Carbon-14","Radiocarbon",NA,NA,"Calibrated radiocarbon years BP","sedimentary charcoal","Data Sourcing: RPDv1b","Sample Age Source: NA"
"1404",63,"charcoal | >100um num",NA,296,NA,NA,NA,NA,NA,NA,"Charcoal (sum)",">100 µm",100,NA,"False","True","number","Microscopic charcoal (pollen slide)","direct",NA,"CHAR",173872.32,NA,NA,"quant_raw",0.5,"volume","cm^3","RPDv1b",2418,"charcoal","count","unspec","pollen_slide","particle",">100um num",NA,">100um","num","RPDv1b","measured",1,"RPDv1b","ELEMENT=>100 µm","ANT micro",-0.965767,-78.406617,3984,"south",NA,NA,"sedswamp",1404,1,2015,"Villota, A., León-Yánez, S., Behling, H., 2015. Mid-and late Holocene vegetation and environmental dynamics in the Llanganates National Park, Anteojos Valley, central Ecuadorian Andes. Palynology 39, 350–361.","Mid-and late Holocene vegetation and environmental dynamics in the Llanganates National Park, Anteojos Valley, central Ecuadorian Andes","Palynology",39,NA,"350-361",NA,"10.1080/01916122.2014.977404",NA,NA,NA,NA,NA,NA,NA,NA,NA,NA,NA,NA,NA,"RPDv1b:2417|RPDv1b:2418",1404,"Behling, H.",1,"Behling","H.",NA,NA,NA,NA,NA,NA,NA,NA,NA,"RPDv1b:2417",1404,"RPDv1b",2418,27028,199.5,1.995,"m",0.01,"AMS","bulk sediment, peat",1296,57,NA,NA,"Erl-16077",TRUE,NA,"NA Date is in uncalibrated radiocarbon years.","ANT micro_POLLENSLIDE","counted","100-NaN",NA,NA,"",1296,1239,1353,1296,199.5,0.01,"NA Date is in uncalibrated radiocarbon years.",". Cal curve: NA. Source DB: RPDv1b","Swamp","Carbon-14","Radiocarbon",NA,NA,"Calibrated radiocarbon years BP","sedimentary charcoal","Data Sourcing: RPDv1b","Sample Age Source: NA"
"1404",64,"charcoal | >100um num",NA,300,NA,NA,NA,NA,NA,NA,"Charcoal (sum)",">100 µm",100,NA,"False","True","number","Microscopic charcoal (pollen slide)","direct",NA,"CHAR",347744.64,NA,NA,"quant_raw",0.5,"volume","cm^3","RPDv1b",2418,"charcoal","count","unspec","pollen_slide","particle",">100um num",NA,">100um","num","RPDv1b","measured",1,"RPDv1b","ELEMENT=>100 µm","ANT micro",-0.965767,-78.406617,3984,"south",NA,NA,"sedswamp",1404,1,2015,"Villota, A., León-Yánez, S., Behling, H., 2015. Mid-and late Holocene vegetation and environmental dynamics in the Llanganates National Park, Anteojos Valley, central Ecuadorian Andes. Palynology 39, 350–361.","Mid-and late Holocene vegetation and environmental dynamics in the Llanganates National Park, Anteojos Valley, central Ecuadorian Andes","Palynology",39,NA,"350-361",NA,"10.1080/01916122.2014.977404",NA,NA,NA,NA,NA,NA,NA,NA,NA,NA,NA,NA,NA,"RPDv1b:2417|RPDv1b:2418",1404,"Behling, H.",1,"Behling","H.",NA,NA,NA,NA,NA,NA,NA,NA,NA,"RPDv1b:2417",1404,"RPDv1b",2418,27029,299.5,2.995,"m",0.01,"AMS","bulk sediment, peat",2598,58,NA,NA,"Erl-16078",TRUE,NA,"NA Date is in uncalibrated radiocarbon years.","ANT micro_POLLENSLIDE","counted","100-NaN",NA,NA,"",2598,2540,2656,2598,299.5,0.01,"NA Date is in uncalibrated radiocarbon years.",". Cal curve: NA. Source DB: RPDv1b","Swamp","Carbon-14","Radiocarbon",NA,NA,"Calibrated radiocarbon years BP","sedimentary charcoal","Data Sourcing: RPDv1b","Sample Age Source: NA"
"1404",65,"charcoal | >100um num",NA,304,NA,NA,NA,NA,NA,NA,"Charcoal (sum)",">100 µm",100,NA,"False","True","number","Microscopic charcoal (pollen slide)","direct",NA,"CHAR",347744.64,NA,NA,"quant_raw",0.5,"volume","cm^3","RPDv1b",2418,"charcoal","count","unspec","pollen_slide","particle",">100um num",NA,">100um","num","RPDv1b","measured",1,"RPDv1b","ELEMENT=>100 µm","ANT micro",-0.965767,-78.406617,3984,"south",NA,NA,"sedswamp",1404,1,2015,"Villota, A., León-Yánez, S., Behling, H., 2015. Mid-and late Holocene vegetation and environmental dynamics in the Llanganates National Park, Anteojos Valley, central Ecuadorian Andes. Palynology 39, 350–361.","Mid-and late Holocene vegetation and environmental dynamics in the Llanganates National Park, Anteojos Valley, central Ecuadorian Andes","Palynology",39,NA,"350-361",NA,"10.1080/01916122.2014.977404",NA,NA,NA,NA,NA,NA,NA,NA,NA,NA,NA,NA,NA,"RPDv1b:2417|RPDv1b:2418",1404,"Behling, H.",1,"Behling","H.",NA,NA,NA,NA,NA,NA,NA,NA,NA,"RPDv1b:2417",1404,"RPDv1b",2418,27029,299.5,2.995,"m",0.01,"AMS","bulk sediment, peat",2598,58,NA,NA,"Erl-16078",TRUE,NA,"NA Date is in uncalibrated radiocarbon years.","ANT micro_POLLENSLIDE","counted","100-NaN",NA,NA,"",2598,2540,2656,2598,299.5,0.01,"NA Date is in uncalibrated radiocarbon years.",". Cal curve: NA. Source DB: RPDv1b","Swamp","Carbon-14","Radiocarbon",NA,NA,"Calibrated radiocarbon years BP","sedimentary charcoal","Data Sourcing: RPDv1b","Sample Age Source: NA"
"1404",66,"charcoal | >100um num",NA,308,NA,NA,NA,NA,NA,NA,"Charcoal (sum)",">100 µm",100,NA,"False","True","number","Microscopic charcoal (pollen slide)","direct",NA,"CHAR",347744.64,NA,NA,"quant_raw",0.5,"volume","cm^3","RPDv1b",2418,"charcoal","count","unspec","pollen_slide","particle",">100um num",NA,">100um","num","RPDv1b","measured",1,"RPDv1b","ELEMENT=>100 µm","ANT micro",-0.965767,-78.406617,3984,"south",NA,NA,"sedswamp",1404,1,2015,"Villota, A., León-Yánez, S., Behling, H., 2015. Mid-and late Holocene vegetation and environmental dynamics in the Llanganates National Park, Anteojos Valley, central Ecuadorian Andes. Palynology 39, 350–361.","Mid-and late Holocene vegetation and environmental dynamics in the Llanganates National Park, Anteojos Valley, central Ecuadorian Andes","Palynology",39,NA,"350-361",NA,"10.1080/01916122.2014.977404",NA,NA,NA,NA,NA,NA,NA,NA,NA,NA,NA,NA,NA,"RPDv1b:2417|RPDv1b:2418",1404,"Behling, H.",1,"Behling","H.",NA,NA,NA,NA,NA,NA,NA,NA,NA,"RPDv1b:2417",1404,"RPDv1b",2418,27029,299.5,2.995,"m",0.01,"AMS","bulk sediment, peat",2598,58,NA,NA,"Erl-16078",TRUE,NA,"NA Date is in uncalibrated radiocarbon years.","ANT micro_POLLENSLIDE","counted","100-NaN",NA,NA,"",2598,2540,2656,2598,299.5,0.01,"NA Date is in uncalibrated radiocarbon years.",". Cal curve: NA. Source DB: RPDv1b","Swamp","Carbon-14","Radiocarbon",NA,NA,"Calibrated radiocarbon years BP","sedimentary charcoal","Data Sourcing: RPDv1b","Sample Age Source: NA"
"1404",67,"charcoal | >100um num",NA,312,NA,NA,NA,NA,NA,NA,"Charcoal (sum)",">100 µm",100,NA,"False","True","number","Microscopic charcoal (pollen slide)","direct",NA,"CHAR",869361.6,NA,NA,"quant_raw",0.5,"volume","cm^3","RPDv1b",2418,"charcoal","count","unspec","pollen_slide","particle",">100um num",NA,">100um","num","RPDv1b","measured",1,"RPDv1b","ELEMENT=>100 µm","ANT micro",-0.965767,-78.406617,3984,"south",NA,NA,"sedswamp",1404,1,2015,"Villota, A., León-Yánez, S., Behling, H., 2015. Mid-and late Holocene vegetation and environmental dynamics in the Llanganates National Park, Anteojos Valley, central Ecuadorian Andes. Palynology 39, 350–361.","Mid-and late Holocene vegetation and environmental dynamics in the Llanganates National Park, Anteojos Valley, central Ecuadorian Andes","Palynology",39,NA,"350-361",NA,"10.1080/01916122.2014.977404",NA,NA,NA,NA,NA,NA,NA,NA,NA,NA,NA,NA,NA,"RPDv1b:2417|RPDv1b:2418",1404,"Behling, H.",1,"Behling","H.",NA,NA,NA,NA,NA,NA,NA,NA,NA,"RPDv1b:2417",1404,"RPDv1b",2418,27029,299.5,2.995,"m",0.01,"AMS","bulk sediment, peat",2598,58,NA,NA,"Erl-16078",TRUE,NA,"NA Date is in uncalibrated radiocarbon years.","ANT micro_POLLENSLIDE","counted","100-NaN",NA,NA,"",2598,2540,2656,2598,299.5,0.01,"NA Date is in uncalibrated radiocarbon years.",". Cal curve: NA. Source DB: RPDv1b","Swamp","Carbon-14","Radiocarbon",NA,NA,"Calibrated radiocarbon years BP","sedimentary charcoal","Data Sourcing: RPDv1b","Sample Age Source: NA"
"1404",68,"charcoal | >100um num",NA,316,NA,NA,NA,NA,NA,NA,"Charcoal (sum)",">100 µm",100,NA,"False","True","number","Microscopic charcoal (pollen slide)","direct",NA,"CHAR",86727.68,NA,NA,"quant_raw",0.5,"volume","cm^3","RPDv1b",2418,"charcoal","count","unspec","pollen_slide","particle",">100um num",NA,">100um","num","RPDv1b","measured",1,"RPDv1b","ELEMENT=>100 µm","ANT micro",-0.965767,-78.406617,3984,"south",NA,NA,"sedswamp",1404,1,2015,"Villota, A., León-Yánez, S., Behling, H., 2015. Mid-and late Holocene vegetation and environmental dynamics in the Llanganates National Park, Anteojos Valley, central Ecuadorian Andes. Palynology 39, 350–361.","Mid-and late Holocene vegetation and environmental dynamics in the Llanganates National Park, Anteojos Valley, central Ecuadorian Andes","Palynology",39,NA,"350-361",NA,"10.1080/01916122.2014.977404",NA,NA,NA,NA,NA,NA,NA,NA,NA,NA,NA,NA,NA,"RPDv1b:2417|RPDv1b:2418",1404,"Behling, H.",1,"Behling","H.",NA,NA,NA,NA,NA,NA,NA,NA,NA,"RPDv1b:2417",1404,"RPDv1b",2418,27029,299.5,2.995,"m",0.01,"AMS","bulk sediment, peat",2598,58,NA,NA,"Erl-16078",TRUE,NA,"NA Date is in uncalibrated radiocarbon years.","ANT micro_POLLENSLIDE","counted","100-NaN",NA,NA,"",2598,2540,2656,2598,299.5,0.01,"NA Date is in uncalibrated radiocarbon years.",". Cal curve: NA. Source DB: RPDv1b","Swamp","Carbon-14","Radiocarbon",NA,NA,"Calibrated radiocarbon years BP","sedimentary charcoal","Data Sourcing: RPDv1b","Sample Age Source: NA"
"1404",69,"charcoal | >100um num",NA,320,NA,NA,NA,NA,NA,NA,"Charcoal (sum)",">100 µm",100,NA,"False","True","number","Microscopic charcoal (pollen slide)","direct",NA,"CHAR",347744.64,NA,NA,"quant_raw",0.5,"volume","cm^3","RPDv1b",2418,"charcoal","count","unspec","pollen_slide","particle",">100um num",NA,">100um","num","RPDv1b","measured",1,"RPDv1b","ELEMENT=>100 µm","ANT micro",-0.965767,-78.406617,3984,"south",NA,NA,"sedswamp",1404,1,2015,"Villota, A., León-Yánez, S., Behling, H., 2015. Mid-and late Holocene vegetation and environmental dynamics in the Llanganates National Park, Anteojos Valley, central Ecuadorian Andes. Palynology 39, 350–361.","Mid-and late Holocene vegetation and environmental dynamics in the Llanganates National Park, Anteojos Valley, central Ecuadorian Andes","Palynology",39,NA,"350-361",NA,"10.1080/01916122.2014.977404",NA,NA,NA,NA,NA,NA,NA,NA,NA,NA,NA,NA,NA,"RPDv1b:2417|RPDv1b:2418",1404,"Behling, H.",1,"Behling","H.",NA,NA,NA,NA,NA,NA,NA,NA,NA,"RPDv1b:2417",1404,"RPDv1b",2418,27029,299.5,2.995,"m",0.01,"AMS","bulk sediment, peat",2598,58,NA,NA,"Erl-16078",TRUE,NA,"NA Date is in uncalibrated radiocarbon years.","ANT micro_POLLENSLIDE","counted","100-NaN",NA,NA,"",2598,2540,2656,2598,299.5,0.01,"NA Date is in uncalibrated radiocarbon years.",". Cal curve: NA. Source DB: RPDv1b","Swamp","Carbon-14","Radiocarbon",NA,NA,"Calibrated radiocarbon years BP","sedimentary charcoal","Data Sourcing: RPDv1b","Sample Age Source: NA"
"1404",70,"charcoal | >100um num",NA,324,NA,NA,NA,NA,NA,NA,"Charcoal (sum)",">100 µm",100,NA,"False","True","number","Microscopic charcoal (pollen slide)","direct",NA,"CHAR",608344.64,NA,NA,"quant_raw",0.5,"volume","cm^3","RPDv1b",2418,"charcoal","count","unspec","pollen_slide","particle",">100um num",NA,">100um","num","RPDv1b","measured",1,"RPDv1b","ELEMENT=>100 µm","ANT micro",-0.965767,-78.406617,3984,"south",NA,NA,"sedswamp",1404,1,2015,"Villota, A., León-Yánez, S., Behling, H., 2015. Mid-and late Holocene vegetation and environmental dynamics in the Llanganates National Park, Anteojos Valley, central Ecuadorian Andes. Palynology 39, 350–361.","Mid-and late Holocene vegetation and environmental dynamics in the Llanganates National Park, Anteojos Valley, central Ecuadorian Andes","Palynology",39,NA,"350-361",NA,"10.1080/01916122.2014.977404",NA,NA,NA,NA,NA,NA,NA,NA,NA,NA,NA,NA,NA,"RPDv1b:2417|RPDv1b:2418",1404,"Behling, H.",1,"Behling","H.",NA,NA,NA,NA,NA,NA,NA,NA,NA,"RPDv1b:2417",1404,"RPDv1b",2418,27029,299.5,2.995,"m",0.01,"AMS","bulk sediment, peat",2598,58,NA,NA,"Erl-16078",TRUE,NA,"NA Date is in uncalibrated radiocarbon years.","ANT micro_POLLENSLIDE","counted","100-NaN",NA,NA,"",2598,2540,2656,2598,299.5,0.01,"NA Date is in uncalibrated radiocarbon years.",". Cal curve: NA. Source DB: RPDv1b","Swamp","Carbon-14","Radiocarbon",NA,NA,"Calibrated radiocarbon years BP","sedimentary charcoal","Data Sourcing: RPDv1b","Sample Age Source: NA"
"1404",71,"charcoal | >100um num",NA,328,NA,NA,NA,NA,NA,NA,"Charcoal (sum)",">100 µm",100,NA,"False","True","number","Microscopic charcoal (pollen slide)","direct",NA,"CHAR",260600,NA,NA,"quant_raw",0.5,"volume","cm^3","RPDv1b",2418,"charcoal","count","unspec","pollen_slide","particle",">100um num",NA,">100um","num","RPDv1b","measured",1,"RPDv1b","ELEMENT=>100 µm","ANT micro",-0.965767,-78.406617,3984,"south",NA,NA,"sedswamp",1404,1,2015,"Villota, A., León-Yánez, S., Behling, H., 2015. Mid-and late Holocene vegetation and environmental dynamics in the Llanganates National Park, Anteojos Valley, central Ecuadorian Andes. Palynology 39, 350–361.","Mid-and late Holocene vegetation and environmental dynamics in the Llanganates National Park, Anteojos Valley, central Ecuadorian Andes","Palynology",39,NA,"350-361",NA,"10.1080/01916122.2014.977404",NA,NA,NA,NA,NA,NA,NA,NA,NA,NA,NA,NA,NA,"RPDv1b:2417|RPDv1b:2418",1404,"Behling, H.",1,"Behling","H.",NA,NA,NA,NA,NA,NA,NA,NA,NA,"RPDv1b:2417",1404,"RPDv1b",2418,27029,299.5,2.995,"m",0.01,"AMS","bulk sediment, peat",2598,58,NA,NA,"Erl-16078",TRUE,NA,"NA Date is in uncalibrated radiocarbon years.","ANT micro_POLLENSLIDE","counted","100-NaN",NA,NA,"",2598,2540,2656,2598,299.5,0.01,"NA Date is in uncalibrated radiocarbon years.",". Cal curve: NA. Source DB: RPDv1b","Swamp","Carbon-14","Radiocarbon",NA,NA,"Calibrated radiocarbon years BP","sedimentary charcoal","Data Sourcing: RPDv1b","Sample Age Source: NA"
"1404",72,"charcoal | >100um num",NA,332,NA,NA,NA,NA,NA,NA,"Charcoal (sum)",">100 µm",100,NA,"False","True","number","Microscopic charcoal (pollen slide)","direct",NA,"CHAR",695489.28,NA,NA,"quant_raw",0.5,"volume","cm^3","RPDv1b",2418,"charcoal","count","unspec","pollen_slide","particle",">100um num",NA,">100um","num","RPDv1b","measured",1,"RPDv1b","ELEMENT=>100 µm","ANT micro",-0.965767,-78.406617,3984,"south",NA,NA,"sedswamp",1404,1,2015,"Villota, A., León-Yánez, S., Behling, H., 2015. Mid-and late Holocene vegetation and environmental dynamics in the Llanganates National Park, Anteojos Valley, central Ecuadorian Andes. Palynology 39, 350–361.","Mid-and late Holocene vegetation and environmental dynamics in the Llanganates National Park, Anteojos Valley, central Ecuadorian Andes","Palynology",39,NA,"350-361",NA,"10.1080/01916122.2014.977404",NA,NA,NA,NA,NA,NA,NA,NA,NA,NA,NA,NA,NA,"RPDv1b:2417|RPDv1b:2418",1404,"Behling, H.",1,"Behling","H.",NA,NA,NA,NA,NA,NA,NA,NA,NA,"RPDv1b:2417",1404,"RPDv1b",2418,27030,399.5,3.995,"m",0.01,"AMS","bulk sediment, peat",3782,95,NA,NA,"Erl-16079",TRUE,NA,"NA Date is in uncalibrated radiocarbon years.","ANT micro_POLLENSLIDE","counted","100-NaN",NA,NA,"",3782,3687,3877,3782,399.5,0.01,"NA Date is in uncalibrated radiocarbon years.",". Cal curve: NA. Source DB: RPDv1b","Swamp","Carbon-14","Radiocarbon",NA,NA,"Calibrated radiocarbon years BP","sedimentary charcoal","Data Sourcing: RPDv1b","Sample Age Source: NA"
"1404",73,"charcoal | >100um num",NA,336,NA,NA,NA,NA,NA,NA,"Charcoal (sum)",">100 µm",100,NA,"False","True","number","Microscopic charcoal (pollen slide)","direct",NA,"CHAR",4259663.36,NA,NA,"quant_raw",0.5,"volume","cm^3","RPDv1b",2418,"charcoal","count","unspec","pollen_slide","particle",">100um num",NA,">100um","num","RPDv1b","measured",1,"RPDv1b","ELEMENT=>100 µm","ANT micro",-0.965767,-78.406617,3984,"south",NA,NA,"sedswamp",1404,1,2015,"Villota, A., León-Yánez, S., Behling, H., 2015. Mid-and late Holocene vegetation and environmental dynamics in the Llanganates National Park, Anteojos Valley, central Ecuadorian Andes. Palynology 39, 350–361.","Mid-and late Holocene vegetation and environmental dynamics in the Llanganates National Park, Anteojos Valley, central Ecuadorian Andes","Palynology",39,NA,"350-361",NA,"10.1080/01916122.2014.977404",NA,NA,NA,NA,NA,NA,NA,NA,NA,NA,NA,NA,NA,"RPDv1b:2417|RPDv1b:2418",1404,"Behling, H.",1,"Behling","H.",NA,NA,NA,NA,NA,NA,NA,NA,NA,"RPDv1b:2417",1404,"RPDv1b",2418,27030,399.5,3.995,"m",0.01,"AMS","bulk sediment, peat",3782,95,NA,NA,"Erl-16079",TRUE,NA,"NA Date is in uncalibrated radiocarbon years.","ANT micro_POLLENSLIDE","counted","100-NaN",NA,NA,"",3782,3687,3877,3782,399.5,0.01,"NA Date is in uncalibrated radiocarbon years.",". Cal curve: NA. Source DB: RPDv1b","Swamp","Carbon-14","Radiocarbon",NA,NA,"Calibrated radiocarbon years BP","sedimentary charcoal","Data Sourcing: RPDv1b","Sample Age Source: NA"
"1404",74,"charcoal | >100um num",NA,340,NA,NA,NA,NA,NA,NA,"Charcoal (sum)",">100 µm",100,NA,"False","True","number","Microscopic charcoal (pollen slide)","direct",NA,"CHAR",1217106.24,NA,NA,"quant_raw",0.5,"volume","cm^3","RPDv1b",2418,"charcoal","count","unspec","pollen_slide","particle",">100um num",NA,">100um","num","RPDv1b","measured",1,"RPDv1b","ELEMENT=>100 µm","ANT micro",-0.965767,-78.406617,3984,"south",NA,NA,"sedswamp",1404,1,2015,"Villota, A., León-Yánez, S., Behling, H., 2015. Mid-and late Holocene vegetation and environmental dynamics in the Llanganates National Park, Anteojos Valley, central Ecuadorian Andes. Palynology 39, 350–361.","Mid-and late Holocene vegetation and environmental dynamics in the Llanganates National Park, Anteojos Valley, central Ecuadorian Andes","Palynology",39,NA,"350-361",NA,"10.1080/01916122.2014.977404",NA,NA,NA,NA,NA,NA,NA,NA,NA,NA,NA,NA,NA,"RPDv1b:2417|RPDv1b:2418",1404,"Behling, H.",1,"Behling","H.",NA,NA,NA,NA,NA,NA,NA,NA,NA,"RPDv1b:2417",1404,"RPDv1b",2418,27030,399.5,3.995,"m",0.01,"AMS","bulk sediment, peat",3782,95,NA,NA,"Erl-16079",TRUE,NA,"NA Date is in uncalibrated radiocarbon years.","ANT micro_POLLENSLIDE","counted","100-NaN",NA,NA,"",3782,3687,3877,3782,399.5,0.01,"NA Date is in uncalibrated radiocarbon years.",". Cal curve: NA. Source DB: RPDv1b","Swamp","Carbon-14","Radiocarbon",NA,NA,"Calibrated radiocarbon years BP","sedimentary charcoal","Data Sourcing: RPDv1b","Sample Age Source: NA"
"1404",75,"charcoal | >100um num",NA,344,NA,NA,NA,NA,NA,NA,"Charcoal (sum)",">100 µm",100,NA,"False","True","number","Microscopic charcoal (pollen slide)","direct",NA,"CHAR",434472.32,NA,NA,"quant_raw",0.5,"volume","cm^3","RPDv1b",2418,"charcoal","count","unspec","pollen_slide","particle",">100um num",NA,">100um","num","RPDv1b","measured",1,"RPDv1b","ELEMENT=>100 µm","ANT micro",-0.965767,-78.406617,3984,"south",NA,NA,"sedswamp",1404,1,2015,"Villota, A., León-Yánez, S., Behling, H., 2015. Mid-and late Holocene vegetation and environmental dynamics in the Llanganates National Park, Anteojos Valley, central Ecuadorian Andes. Palynology 39, 350–361.","Mid-and late Holocene vegetation and environmental dynamics in the Llanganates National Park, Anteojos Valley, central Ecuadorian Andes","Palynology",39,NA,"350-361",NA,"10.1080/01916122.2014.977404",NA,NA,NA,NA,NA,NA,NA,NA,NA,NA,NA,NA,NA,"RPDv1b:2417|RPDv1b:2418",1404,"Behling, H.",1,"Behling","H.",NA,NA,NA,NA,NA,NA,NA,NA,NA,"RPDv1b:2417",1404,"RPDv1b",2418,27030,399.5,3.995,"m",0.01,"AMS","bulk sediment, peat",3782,95,NA,NA,"Erl-16079",TRUE,NA,"NA Date is in uncalibrated radiocarbon years.","ANT micro_POLLENSLIDE","counted","100-NaN",NA,NA,"",3782,3687,3877,3782,399.5,0.01,"NA Date is in uncalibrated radiocarbon years.",". Cal curve: NA. Source DB: RPDv1b","Swamp","Carbon-14","Radiocarbon",NA,NA,"Calibrated radiocarbon years BP","sedimentary charcoal","Data Sourcing: RPDv1b","Sample Age Source: NA"
"1404",76,"charcoal | >100um num",NA,348,NA,NA,NA,NA,NA,NA,"Charcoal (sum)",">100 µm",100,NA,"False","True","number","Microscopic charcoal (pollen slide)","direct",NA,"CHAR",344408.96,NA,NA,"quant_raw",0.5,"volume","cm^3","RPDv1b",2418,"charcoal","count","unspec","pollen_slide","particle",">100um num",NA,">100um","num","RPDv1b","measured",1,"RPDv1b","ELEMENT=>100 µm","ANT micro",-0.965767,-78.406617,3984,"south",NA,NA,"sedswamp",1404,1,2015,"Villota, A., León-Yánez, S., Behling, H., 2015. Mid-and late Holocene vegetation and environmental dynamics in the Llanganates National Park, Anteojos Valley, central Ecuadorian Andes. Palynology 39, 350–361.","Mid-and late Holocene vegetation and environmental dynamics in the Llanganates National Park, Anteojos Valley, central Ecuadorian Andes","Palynology",39,NA,"350-361",NA,"10.1080/01916122.2014.977404",NA,NA,NA,NA,NA,NA,NA,NA,NA,NA,NA,NA,NA,"RPDv1b:2417|RPDv1b:2418",1404,"Behling, H.",1,"Behling","H.",NA,NA,NA,NA,NA,NA,NA,NA,NA,"RPDv1b:2417",1404,"RPDv1b",2418,27030,399.5,3.995,"m",0.01,"AMS","bulk sediment, peat",3782,95,NA,NA,"Erl-16079",TRUE,NA,"NA Date is in uncalibrated radiocarbon years.","ANT micro_POLLENSLIDE","counted","100-NaN",NA,NA,"",3782,3687,3877,3782,399.5,0.01,"NA Date is in uncalibrated radiocarbon years.",". Cal curve: NA. Source DB: RPDv1b","Swamp","Carbon-14","Radiocarbon",NA,NA,"Calibrated radiocarbon years BP","sedimentary charcoal","Data Sourcing: RPDv1b","Sample Age Source: NA"
"1404",77,"charcoal | >100um num",NA,352,NA,NA,NA,NA,NA,NA,"Charcoal (sum)",">100 µm",100,NA,"False","True","number","Microscopic charcoal (pollen slide)","direct",NA,"CHAR",2237547.723,NA,NA,"quant_raw",0.5,"volume","cm^3","RPDv1b",2418,"charcoal","count","unspec","pollen_slide","particle",">100um num",NA,">100um","num","RPDv1b","measured",1,"RPDv1b","ELEMENT=>100 µm","ANT micro",-0.965767,-78.406617,3984,"south",NA,NA,"sedswamp",1404,1,2015,"Villota, A., León-Yánez, S., Behling, H., 2015. Mid-and late Holocene vegetation and environmental dynamics in the Llanganates National Park, Anteojos Valley, central Ecuadorian Andes. Palynology 39, 350–361.","Mid-and late Holocene vegetation and environmental dynamics in the Llanganates National Park, Anteojos Valley, central Ecuadorian Andes","Palynology",39,NA,"350-361",NA,"10.1080/01916122.2014.977404",NA,NA,NA,NA,NA,NA,NA,NA,NA,NA,NA,NA,NA,"RPDv1b:2417|RPDv1b:2418",1404,"Behling, H.",1,"Behling","H.",NA,NA,NA,NA,NA,NA,NA,NA,NA,"RPDv1b:2417",1404,"RPDv1b",2418,27030,399.5,3.995,"m",0.01,"AMS","bulk sediment, peat",3782,95,NA,NA,"Erl-16079",TRUE,NA,"NA Date is in uncalibrated radiocarbon years.","ANT micro_POLLENSLIDE","counted","100-NaN",NA,NA,"",3782,3687,3877,3782,399.5,0.01,"NA Date is in uncalibrated radiocarbon years.",". Cal curve: NA. Source DB: RPDv1b","Swamp","Carbon-14","Radiocarbon",NA,NA,"Calibrated radiocarbon years BP","sedimentary charcoal","Data Sourcing: RPDv1b","Sample Age Source: NA"
"1404",78,"charcoal | >100um num",NA,356,NA,NA,NA,NA,NA,NA,"Charcoal (sum)",">100 µm",100,NA,"False","True","number","Microscopic charcoal (pollen slide)","direct",NA,"CHAR",260600,NA,NA,"quant_raw",0.5,"volume","cm^3","RPDv1b",2418,"charcoal","count","unspec","pollen_slide","particle",">100um num",NA,">100um","num","RPDv1b","measured",1,"RPDv1b","ELEMENT=>100 µm","ANT micro",-0.965767,-78.406617,3984,"south",NA,NA,"sedswamp",1404,1,2015,"Villota, A., León-Yánez, S., Behling, H., 2015. Mid-and late Holocene vegetation and environmental dynamics in the Llanganates National Park, Anteojos Valley, central Ecuadorian Andes. Palynology 39, 350–361.","Mid-and late Holocene vegetation and environmental dynamics in the Llanganates National Park, Anteojos Valley, central Ecuadorian Andes","Palynology",39,NA,"350-361",NA,"10.1080/01916122.2014.977404",NA,NA,NA,NA,NA,NA,NA,NA,NA,NA,NA,NA,NA,"RPDv1b:2417|RPDv1b:2418",1404,"Behling, H.",1,"Behling","H.",NA,NA,NA,NA,NA,NA,NA,NA,NA,"RPDv1b:2417",1404,"RPDv1b",2418,27030,399.5,3.995,"m",0.01,"AMS","bulk sediment, peat",3782,95,NA,NA,"Erl-16079",TRUE,NA,"NA Date is in uncalibrated radiocarbon years.","ANT micro_POLLENSLIDE","counted","100-NaN",NA,NA,"",3782,3687,3877,3782,399.5,0.01,"NA Date is in uncalibrated radiocarbon years.",". Cal curve: NA. Source DB: RPDv1b","Swamp","Carbon-14","Radiocarbon",NA,NA,"Calibrated radiocarbon years BP","sedimentary charcoal","Data Sourcing: RPDv1b","Sample Age Source: NA"
"1404",79,"charcoal | >100um num",NA,360,NA,NA,NA,NA,NA,NA,"Charcoal (sum)",">100 µm",100,NA,"False","True","number","Microscopic charcoal (pollen slide)","direct",NA,"CHAR",0,NA,NA,"quant_raw",0.5,"volume","cm^3","RPDv1b",2418,"charcoal","count","unspec","pollen_slide","particle",">100um num",NA,">100um","num","RPDv1b","measured",1,"RPDv1b","ELEMENT=>100 µm","ANT micro",-0.965767,-78.406617,3984,"south",NA,NA,"sedswamp",1404,1,2015,"Villota, A., León-Yánez, S., Behling, H., 2015. Mid-and late Holocene vegetation and environmental dynamics in the Llanganates National Park, Anteojos Valley, central Ecuadorian Andes. Palynology 39, 350–361.","Mid-and late Holocene vegetation and environmental dynamics in the Llanganates National Park, Anteojos Valley, central Ecuadorian Andes","Palynology",39,NA,"350-361",NA,"10.1080/01916122.2014.977404",NA,NA,NA,NA,NA,NA,NA,NA,NA,NA,NA,NA,NA,"RPDv1b:2417|RPDv1b:2418",1404,"Behling, H.",1,"Behling","H.",NA,NA,NA,NA,NA,NA,NA,NA,NA,"RPDv1b:2417",1404,"RPDv1b",2418,27030,399.5,3.995,"m",0.01,"AMS","bulk sediment, peat",3782,95,NA,NA,"Erl-16079",TRUE,NA,"NA Date is in uncalibrated radiocarbon years.","ANT micro_POLLENSLIDE","counted","100-NaN",NA,NA,"",3782,3687,3877,3782,399.5,0.01,"NA Date is in uncalibrated radiocarbon years.",". Cal curve: NA. Source DB: RPDv1b","Swamp","Carbon-14","Radiocarbon",NA,NA,"Calibrated radiocarbon years BP","sedimentary charcoal","Data Sourcing: RPDv1b","Sample Age Source: NA"
"1404",80,"charcoal | >100um num",NA,364,NA,NA,NA,NA,NA,NA,"Charcoal (sum)",">100 µm",100,NA,"False","True","number","Microscopic charcoal (pollen slide)","direct",NA,"CHAR",347744.64,NA,NA,"quant_raw",0.5,"volume","cm^3","RPDv1b",2418,"charcoal","count","unspec","pollen_slide","particle",">100um num",NA,">100um","num","RPDv1b","measured",1,"RPDv1b","ELEMENT=>100 µm","ANT micro",-0.965767,-78.406617,3984,"south",NA,NA,"sedswamp",1404,1,2015,"Villota, A., León-Yánez, S., Behling, H., 2015. Mid-and late Holocene vegetation and environmental dynamics in the Llanganates National Park, Anteojos Valley, central Ecuadorian Andes. Palynology 39, 350–361.","Mid-and late Holocene vegetation and environmental dynamics in the Llanganates National Park, Anteojos Valley, central Ecuadorian Andes","Palynology",39,NA,"350-361",NA,"10.1080/01916122.2014.977404",NA,NA,NA,NA,NA,NA,NA,NA,NA,NA,NA,NA,NA,"RPDv1b:2417|RPDv1b:2418",1404,"Behling, H.",1,"Behling","H.",NA,NA,NA,NA,NA,NA,NA,NA,NA,"RPDv1b:2417",1404,"RPDv1b",2417,27021,0,0,"m",NA,"Top of core known","-888888",NA,1,0,NA,"-888888",TRUE,NA,"NA Date is calibrated.","ANT micro_POLLENSLIDE","counted","100-NaN",NA,NA,"",0,-1,1,0,0,NA,"NA Date is calibrated.",". Cal curve: NA. Source DB: RPDv1b","Swamp","","Core top",NA,NA,"Calibrated radiocarbon years BP","sedimentary charcoal","Data Sourcing: RPDv1b","Sample Age Source: NA"
"1404",81,"charcoal | >100um num",NA,368,NA,NA,NA,NA,NA,NA,"Charcoal (sum)",">100 µm",100,NA,"False","True","number","Microscopic charcoal (pollen slide)","direct",NA,"CHAR",347744.64,NA,NA,"quant_raw",0.5,"volume","cm^3","RPDv1b",2418,"charcoal","count","unspec","pollen_slide","particle",">100um num",NA,">100um","num","RPDv1b","measured",1,"RPDv1b","ELEMENT=>100 µm","ANT micro",-0.965767,-78.406617,3984,"south",NA,NA,"sedswamp",1404,1,2015,"Villota, A., León-Yánez, S., Behling, H., 2015. Mid-and late Holocene vegetation and environmental dynamics in the Llanganates National Park, Anteojos Valley, central Ecuadorian Andes. Palynology 39, 350–361.","Mid-and late Holocene vegetation and environmental dynamics in the Llanganates National Park, Anteojos Valley, central Ecuadorian Andes","Palynology",39,NA,"350-361",NA,"10.1080/01916122.2014.977404",NA,NA,NA,NA,NA,NA,NA,NA,NA,NA,NA,NA,NA,"RPDv1b:2417|RPDv1b:2418",1404,"Behling, H.",1,"Behling","H.",NA,NA,NA,NA,NA,NA,NA,NA,NA,"RPDv1b:2417",1404,"RPDv1b",2417,27022,99.5,0.995,"m",0.01,"AMS","bulk sediment, peat",265,48,NA,NA,"Erl-16076",TRUE,NA,"NA Date is in uncalibrated radiocarbon years.","ANT micro_POLLENSLIDE","counted","100-NaN",NA,NA,"",265,217,313,265,99.5,0.01,"NA Date is in uncalibrated radiocarbon years.",". Cal curve: NA. Source DB: RPDv1b","Swamp","Carbon-14","Radiocarbon",NA,NA,"Calibrated radiocarbon years BP","sedimentary charcoal","Data Sourcing: RPDv1b","Sample Age Source: NA"
"1404",82,"charcoal | >100um num",NA,372,NA,NA,NA,NA,NA,NA,"Charcoal (sum)",">100 µm",100,NA,"False","True","number","Microscopic charcoal (pollen slide)","direct",NA,"CHAR",86727.68,NA,NA,"quant_raw",0.5,"volume","cm^3","RPDv1b",2418,"charcoal","count","unspec","pollen_slide","particle",">100um num",NA,">100um","num","RPDv1b","measured",1,"RPDv1b","ELEMENT=>100 µm","ANT micro",-0.965767,-78.406617,3984,"south",NA,NA,"sedswamp",1404,1,2015,"Villota, A., León-Yánez, S., Behling, H., 2015. Mid-and late Holocene vegetation and environmental dynamics in the Llanganates National Park, Anteojos Valley, central Ecuadorian Andes. Palynology 39, 350–361.","Mid-and late Holocene vegetation and environmental dynamics in the Llanganates National Park, Anteojos Valley, central Ecuadorian Andes","Palynology",39,NA,"350-361",NA,"10.1080/01916122.2014.977404",NA,NA,NA,NA,NA,NA,NA,NA,NA,NA,NA,NA,NA,"RPDv1b:2417|RPDv1b:2418",1404,"Behling, H.",1,"Behling","H.",NA,NA,NA,NA,NA,NA,NA,NA,NA,"RPDv1b:2417",1404,"RPDv1b",2417,27023,199.5,1.995,"m",0.01,"AMS","bulk sediment, peat",1296,57,NA,NA,"Erl-16077",TRUE,NA,"NA Date is in uncalibrated radiocarbon years.","ANT micro_POLLENSLIDE","counted","100-NaN",NA,NA,"",1296,1239,1353,1296,199.5,0.01,"NA Date is in uncalibrated radiocarbon years.",". Cal curve: NA. Source DB: RPDv1b","Swamp","Carbon-14","Radiocarbon",NA,NA,"Calibrated radiocarbon years BP","sedimentary charcoal","Data Sourcing: RPDv1b","Sample Age Source: NA"
"1404",83,"charcoal | >100um num",NA,376,NA,NA,NA,NA,NA,NA,"Charcoal (sum)",">100 µm",100,NA,"False","True","number","Microscopic charcoal (pollen slide)","direct",NA,"CHAR",173872.32,NA,NA,"quant_raw",0.5,"volume","cm^3","RPDv1b",2418,"charcoal","count","unspec","pollen_slide","particle",">100um num",NA,">100um","num","RPDv1b","measured",1,"RPDv1b","ELEMENT=>100 µm","ANT micro",-0.965767,-78.406617,3984,"south",NA,NA,"sedswamp",1404,1,2015,"Villota, A., León-Yánez, S., Behling, H., 2015. Mid-and late Holocene vegetation and environmental dynamics in the Llanganates National Park, Anteojos Valley, central Ecuadorian Andes. Palynology 39, 350–361.","Mid-and late Holocene vegetation and environmental dynamics in the Llanganates National Park, Anteojos Valley, central Ecuadorian Andes","Palynology",39,NA,"350-361",NA,"10.1080/01916122.2014.977404",NA,NA,NA,NA,NA,NA,NA,NA,NA,NA,NA,NA,NA,"RPDv1b:2417|RPDv1b:2418",1404,"Behling, H.",1,"Behling","H.",NA,NA,NA,NA,NA,NA,NA,NA,NA,"RPDv1b:2417",1404,"RPDv1b",2417,27024,299.5,2.995,"m",0.01,"AMS","bulk sediment, peat",2598,58,NA,NA,"Erl-16078",TRUE,NA,"NA Date is in uncalibrated radiocarbon years.","ANT micro_POLLENSLIDE","counted","100-NaN",NA,NA,"",2598,2540,2656,2598,299.5,0.01,"NA Date is in uncalibrated radiocarbon years.",". Cal curve: NA. Source DB: RPDv1b","Swamp","Carbon-14","Radiocarbon",NA,NA,"Calibrated radiocarbon years BP","sedimentary charcoal","Data Sourcing: RPDv1b","Sample Age Source: NA"
"1404",84,"charcoal | >100um num",NA,380,NA,NA,NA,NA,NA,NA,"Charcoal (sum)",">100 µm",100,NA,"False","True","number","Microscopic charcoal (pollen slide)","direct",NA,"CHAR",695489.28,NA,NA,"quant_raw",0.5,"volume","cm^3","RPDv1b",2418,"charcoal","count","unspec","pollen_slide","particle",">100um num",NA,">100um","num","RPDv1b","measured",1,"RPDv1b","ELEMENT=>100 µm","ANT micro",-0.965767,-78.406617,3984,"south",NA,NA,"sedswamp",1404,1,2015,"Villota, A., León-Yánez, S., Behling, H., 2015. Mid-and late Holocene vegetation and environmental dynamics in the Llanganates National Park, Anteojos Valley, central Ecuadorian Andes. Palynology 39, 350–361.","Mid-and late Holocene vegetation and environmental dynamics in the Llanganates National Park, Anteojos Valley, central Ecuadorian Andes","Palynology",39,NA,"350-361",NA,"10.1080/01916122.2014.977404",NA,NA,NA,NA,NA,NA,NA,NA,NA,NA,NA,NA,NA,"RPDv1b:2417|RPDv1b:2418",1404,"Behling, H.",1,"Behling","H.",NA,NA,NA,NA,NA,NA,NA,NA,NA,"RPDv1b:2417",1404,"RPDv1b",2417,27025,399.5,3.995,"m",0.01,"AMS","bulk sediment, peat",3782,95,NA,NA,"Erl-16079",TRUE,NA,"NA Date is in uncalibrated radiocarbon years.","ANT micro_POLLENSLIDE","counted","100-NaN",NA,NA,"",3782,3687,3877,3782,399.5,0.01,"NA Date is in uncalibrated radiocarbon years.",". Cal curve: NA. Source DB: RPDv1b","Swamp","Carbon-14","Radiocarbon",NA,NA,"Calibrated radiocarbon years BP","sedimentary charcoal","Data Sourcing: RPDv1b","Sample Age Source: NA"
"1404",85,"charcoal | >100um num",NA,384,NA,NA,NA,NA,NA,NA,"Charcoal (sum)",">100 µm",100,NA,"False","True","number","Microscopic charcoal (pollen slide)","direct",NA,"CHAR",347744.64,NA,NA,"quant_raw",0.5,"volume","cm^3","RPDv1b",2418,"charcoal","count","unspec","pollen_slide","particle",">100um num",NA,">100um","num","RPDv1b","measured",1,"RPDv1b","ELEMENT=>100 µm","ANT micro",-0.965767,-78.406617,3984,"south",NA,NA,"sedswamp",1404,1,2015,"Villota, A., León-Yánez, S., Behling, H., 2015. Mid-and late Holocene vegetation and environmental dynamics in the Llanganates National Park, Anteojos Valley, central Ecuadorian Andes. Palynology 39, 350–361.","Mid-and late Holocene vegetation and environmental dynamics in the Llanganates National Park, Anteojos Valley, central Ecuadorian Andes","Palynology",39,NA,"350-361",NA,"10.1080/01916122.2014.977404",NA,NA,NA,NA,NA,NA,NA,NA,NA,NA,NA,NA,NA,"RPDv1b:2417|RPDv1b:2418",1404,"Behling, H.",1,"Behling","H.",NA,NA,NA,NA,NA,NA,NA,NA,NA,"RPDv1b:2417",1404,"RPDv1b",2418,27026,0,0,"m",NA,"Top of core known","-888888",NA,1,0,NA,"-888888",TRUE,NA,"NA Date is calibrated.","ANT micro_POLLENSLIDE","counted","100-NaN",NA,NA,"",0,-1,1,0,0,NA,"NA Date is calibrated.",". Cal curve: NA. Source DB: RPDv1b","Swamp","","Core top",NA,NA,"Calibrated radiocarbon years BP","sedimentary charcoal","Data Sourcing: RPDv1b","Sample Age Source: NA"
"1404",86,"charcoal | >100um num",NA,388,NA,NA,NA,NA,NA,NA,"Charcoal (sum)",">100 µm",100,NA,"False","True","number","Microscopic charcoal (pollen slide)","direct",NA,"CHAR",347744.64,NA,NA,"quant_raw",0.5,"volume","cm^3","RPDv1b",2418,"charcoal","count","unspec","pollen_slide","particle",">100um num",NA,">100um","num","RPDv1b","measured",1,"RPDv1b","ELEMENT=>100 µm","ANT micro",-0.965767,-78.406617,3984,"south",NA,NA,"sedswamp",1404,1,2015,"Villota, A., León-Yánez, S., Behling, H., 2015. Mid-and late Holocene vegetation and environmental dynamics in the Llanganates National Park, Anteojos Valley, central Ecuadorian Andes. Palynology 39, 350–361.","Mid-and late Holocene vegetation and environmental dynamics in the Llanganates National Park, Anteojos Valley, central Ecuadorian Andes","Palynology",39,NA,"350-361",NA,"10.1080/01916122.2014.977404",NA,NA,NA,NA,NA,NA,NA,NA,NA,NA,NA,NA,NA,"RPDv1b:2417|RPDv1b:2418",1404,"Behling, H.",1,"Behling","H.",NA,NA,NA,NA,NA,NA,NA,NA,NA,"RPDv1b:2417",1404,"RPDv1b",2418,27027,99.5,0.995,"m",0.01,"AMS","bulk sediment, peat",265,48,NA,NA,"Erl-16076",TRUE,NA,"NA Date is in uncalibrated radiocarbon years.","ANT micro_POLLENSLIDE","counted","100-NaN",NA,NA,"",265,217,313,265,99.5,0.01,"NA Date is in uncalibrated radiocarbon years.",". Cal curve: NA. Source DB: RPDv1b","Swamp","Carbon-14","Radiocarbon",NA,NA,"Calibrated radiocarbon years BP","sedimentary charcoal","Data Sourcing: RPDv1b","Sample Age Source: NA"
"1404",87,"charcoal | >100um num",NA,396,NA,NA,NA,NA,NA,NA,"Charcoal (sum)",">100 µm",100,NA,"False","True","number","Microscopic charcoal (pollen slide)","direct",NA,"CHAR",1043233.92,NA,NA,"quant_raw",0.5,"volume","cm^3","RPDv1b",2418,"charcoal","count","unspec","pollen_slide","particle",">100um num",NA,">100um","num","RPDv1b","measured",1,"RPDv1b","ELEMENT=>100 µm","ANT micro",-0.965767,-78.406617,3984,"south",NA,NA,"sedswamp",1404,1,2015,"Villota, A., León-Yánez, S., Behling, H., 2015. Mid-and late Holocene vegetation and environmental dynamics in the Llanganates National Park, Anteojos Valley, central Ecuadorian Andes. Palynology 39, 350–361.","Mid-and late Holocene vegetation and environmental dynamics in the Llanganates National Park, Anteojos Valley, central Ecuadorian Andes","Palynology",39,NA,"350-361",NA,"10.1080/01916122.2014.977404",NA,NA,NA,NA,NA,NA,NA,NA,NA,NA,NA,NA,NA,"RPDv1b:2417|RPDv1b:2418",1404,"Villota, A.",1,"Villota","A.",NA,NA,NA,NA,NA,NA,NA,NA,NA,"RPDv1b:2417",1404,"RPDv1b",2418,27028,199.5,1.995,"m",0.01,"AMS","bulk sediment, peat",1296,57,NA,NA,"Erl-16077",TRUE,NA,"NA Date is in uncalibrated radiocarbon years.","ANT micro_POLLENSLIDE","counted","100-NaN",NA,NA,"",1296,1239,1353,1296,199.5,0.01,"NA Date is in uncalibrated radiocarbon years.",". Cal curve: NA. Source DB: RPDv1b","Swamp","Carbon-14","Radiocarbon",NA,NA,"Calibrated radiocarbon years BP","sedimentary charcoal","Data Sourcing: RPDv1b","Sample Age Source: NA"
"1404",88,"charcoal | >100um num",NA,400,NA,NA,NA,NA,NA,NA,"Charcoal (sum)",">100 µm",100,NA,"False","True","number","Microscopic charcoal (pollen slide)","direct",NA,"CHAR",347744.64,NA,NA,"quant_raw",0.5,"volume","cm^3","RPDv1b",2418,"charcoal","count","unspec","pollen_slide","particle",">100um num",NA,">100um","num","RPDv1b","measured",1,"RPDv1b","ELEMENT=>100 µm","ANT micro",-0.965767,-78.406617,3984,"south",NA,NA,"sedswamp",1404,1,2015,"Villota, A., León-Yánez, S., Behling, H., 2015. Mid-and late Holocene vegetation and environmental dynamics in the Llanganates National Park, Anteojos Valley, central Ecuadorian Andes. Palynology 39, 350–361.","Mid-and late Holocene vegetation and environmental dynamics in the Llanganates National Park, Anteojos Valley, central Ecuadorian Andes","Palynology",39,NA,"350-361",NA,"10.1080/01916122.2014.977404",NA,NA,NA,NA,NA,NA,NA,NA,NA,NA,NA,NA,NA,"RPDv1b:2417|RPDv1b:2418",1404,"León-Yánez, S.",1,"León-Yánez","S.",NA,NA,NA,NA,NA,NA,NA,NA,NA,"RPDv1b:2417",1404,"RPDv1b",2418,27029,299.5,2.995,"m",0.01,"AMS","bulk sediment, peat",2598,58,NA,NA,"Erl-16078",TRUE,NA,"NA Date is in uncalibrated radiocarbon years.","ANT micro_POLLENSLIDE","counted","100-NaN",NA,NA,"",2598,2540,2656,2598,299.5,0.01,"NA Date is in uncalibrated radiocarbon years.",". Cal curve: NA. Source DB: RPDv1b","Swamp","Carbon-14","Radiocarbon",NA,NA,"Calibrated radiocarbon years BP","sedimentary charcoal","Data Sourcing: RPDv1b","Sample Age Source: NA"
