"cluster_id_entity","usample","channel","depth_top_cm","depth_mid_cm","depth_bot_cm","thick_cm","age_mid_cal_yr_bp","age_top_cal_yr_bp","age_bot_cal_yr_bp","age_source","NAME","ELEMENT","size_min_um","size_max_um","size_min_open","size_max_open","UNITS","CONTEXT","context_source","TAPHONOMY","GROUP","value","value_orig","value_conversion","value_source_column","sample_quantity_value","sample_quantity_ELEMENT","sample_quantity_UNITS","data_source","data_entity","original_fire_proxy","original_meas_type","original_meas_detail","original_meas_method","original_proxy_class","original_quant_units","original_quant_units_raw","parsed_size_token","parsed_unit_token","depth_source","depth_repair_method","n_db_contrib","db_contrib","vocab_flags","entity_name","lat_dd_north","lon_dd_east","elev_m","hemisphere","country_entity","location_desc","depo_context","cluster_id","pubtypeid","year","citation","articletitle","journal","volume","issue","pages","citationnumber","doi","booktitle","numvolumes","edition","volumetitle","seriestitle","seriesvolume","publisher","url_pub","city","state","country","originallanguage","notes_pub","pub_source","cluster_id_contact","contactname","contactstatusid","familyname","leadinginitials","givennames","suffix","title","phone","fax","email","url","address","notes","contact_source","cluster_id_geo","db_geo","source_entity","date_id","depth_cm_geo","depth_orig_geo","depth_unit_geo","thick_cm_geo","date_type","material","age_14C","error","cal_age_geo","cal_curve","lab_number","included","exclude_reason","notes_geo","datasetname","controlled_units","controlled_element","X","X.1","X.2","age_geo","chroncontrol_limityounger","chroncontrol_limitolder","chroncontrol_age","chroncontrol_depth","chroncontrol_thickness","chroncontrol_comments","chronology_notes_full","controlled_dep","neotoma_geochrontype","neotoma_chroncontroltypes","ageboundyounger","ageboundolder","agetype","datasettype","datasetnotes_full","samplenotes_full"
"1634",0,"charcoal | num",0,0.25,0.5,0.5,-50.03,-57,-43.06827388,"IMPDv1","Charcoal (sum)","(additional options)",NA,NA,"False","False","number","Macroscopic charcoal (sieved)","direct",NA,"CHAR",2,NA,NA,"quant_raw",3,"volume","cm^3","IMPDv1","IMPD_17291","charcoal","count","char","wet_sieve","particle","num","count","no_size","num","IMPDv1","measured",1,"IMPDv1",NA,"Little Isac Lake",67.941083,-160.797111,210,"north",NA,NA,"sedlac",1634,0,NA,"Higuera,P.E.;Chipman,M.L.;Barnes,J.L.;Urban,M.A.;Hu,F.S.;. Little Isac Lake. NOAA/WDS Paleoclimatology IMPD study 17291",NA,NA,NA,NA,NA,NA,NA,NA,NA,NA,NA,NA,NA,NA,"https://www.ncei.noaa.gov/access/paleo-search/study/17291",NA,NA,NA,NA,"noaa_study_id=17291; original pub in IMPD datafile header","IMPDv1:IMPD_17291",1634,"Higuera,P.E.",1,"Higuera","P.E.",NA,NA,NA,NA,NA,NA,NA,NA,NA,"IMPDv1:IMPD_17291",1634,"IMPDv1","IMPD_17291",NA,0,0,"cm",NA,"Radiocarbon","bulk sediment",21.41,1.78,-56,NA,"UIUC M3-1",TRUE,NA,"na Date is in uncalibrated radiocarbon years.","Little Isac Lake_SIEVED","counted","NaN-NaN",NA,NA,"",21.41,19.63,23.19,21.41,0,NA,"na Date is in uncalibrated radiocarbon years.",". Cal curve: NA. Source DB: IMPDv1","Lacustrine","Carbon-14","Radiocarbon",-50.03,2994.09,"Calibrated radiocarbon years BP","sedimentary charcoal","Data Sourcing: IMPDv1 #charcoal_recommendedformat","Sample Age Source: IMPDv1"
"1634",1,"charcoal | num",0.5,0.75,1,0.5,-37.25,-43.06827388,-31.43029855,"IMPDv1","Charcoal (sum)","(additional options)",NA,NA,"False","False","number","Macroscopic charcoal (sieved)","direct",NA,"CHAR",2,NA,NA,"quant_raw",3,"volume","cm^3","IMPDv1","IMPD_17291","charcoal","count","char","wet_sieve","particle","num","count","no_size","num","IMPDv1","measured",1,"IMPDv1",NA,"Little Isac Lake",67.941083,-160.797111,210,"north",NA,NA,"sedlac",1634,0,NA,"Higuera,P.E.;Chipman,M.L.;Barnes,J.L.;Urban,M.A.;Hu,F.S.;. Little Isac Lake. NOAA/WDS Paleoclimatology IMPD study 17291",NA,NA,NA,NA,NA,NA,NA,NA,NA,NA,NA,NA,NA,NA,"https://www.ncei.noaa.gov/access/paleo-search/study/17291",NA,NA,NA,NA,"noaa_study_id=17291; original pub in IMPD datafile header","IMPDv1:IMPD_17291",1634,"Higuera,P.E.",1,"Higuera","P.E.",NA,NA,NA,NA,NA,NA,NA,NA,NA,"IMPDv1:IMPD_17291",1634,"IMPDv1","IMPD_17291",NA,0.39,0.39,"cm",NA,"Radiocarbon","bulk sediment",22.63,1.86,-51,NA,"UIUC M3-2",TRUE,NA,"na Date is in uncalibrated radiocarbon years.","Little Isac Lake_SIEVED","counted","NaN-NaN",NA,NA,"",22.63,20.77,24.49,22.63,0.39,NA,"na Date is in uncalibrated radiocarbon years.",". Cal curve: NA. Source DB: IMPDv1","Lacustrine","Carbon-14","Radiocarbon",-50.03,2994.09,"Calibrated radiocarbon years BP","sedimentary charcoal","Data Sourcing: IMPDv1 #charcoal_recommendedformat","Sample Age Source: IMPDv1"
"1634",2,"charcoal | num",1,1.25,1.5,0.5,-27.14,-31.43029855,-22.8503993,"IMPDv1","Charcoal (sum)","(additional options)",NA,NA,"False","False","number","Macroscopic charcoal (sieved)","direct",NA,"CHAR",1,NA,NA,"quant_raw",3,"volume","cm^3","IMPDv1","IMPD_17291","charcoal","count","char","wet_sieve","particle","num","count","no_size","num","IMPDv1","measured",1,"IMPDv1",NA,"Little Isac Lake",67.941083,-160.797111,210,"north",NA,NA,"sedlac",1634,0,NA,"Higuera,P.E.;Chipman,M.L.;Barnes,J.L.;Urban,M.A.;Hu,F.S.;. Little Isac Lake. NOAA/WDS Paleoclimatology IMPD study 17291",NA,NA,NA,NA,NA,NA,NA,NA,NA,NA,NA,NA,NA,NA,"https://www.ncei.noaa.gov/access/paleo-search/study/17291",NA,NA,NA,NA,"noaa_study_id=17291; original pub in IMPD datafile header","IMPDv1:IMPD_17291",1634,"Higuera,P.E.",1,"Higuera","P.E.",NA,NA,NA,NA,NA,NA,NA,NA,NA,"IMPDv1:IMPD_17291",1634,"IMPDv1","IMPD_17291",NA,1.16,1.16,"cm",NA,"Radiocarbon","bulk sediment",23.68,2.09,-49,NA,"UIUC M3-3",TRUE,NA,"na Date is in uncalibrated radiocarbon years.","Little Isac Lake_SIEVED","counted","NaN-NaN",NA,NA,"",23.68,21.59,25.77,23.68,1.16,NA,"na Date is in uncalibrated radiocarbon years.",". Cal curve: NA. Source DB: IMPDv1","Lacustrine","Carbon-14","Radiocarbon",-50.03,2994.09,"Calibrated radiocarbon years BP","sedimentary charcoal","Data Sourcing: IMPDv1 #charcoal_recommendedformat","Sample Age Source: IMPDv1"
"1634",3,"charcoal | num",1.5,1.75,2,0.5,-17.41,-22.8503993,-11.97519945,"IMPDv1","Charcoal (sum)","(additional options)",NA,NA,"False","False","number","Macroscopic charcoal (sieved)","direct",NA,"CHAR",0,NA,NA,"quant_raw",3,"volume","cm^3","IMPDv1","IMPD_17291","charcoal","count","char","wet_sieve","particle","num","count","no_size","num","IMPDv1","measured",1,"IMPDv1",NA,"Little Isac Lake",67.941083,-160.797111,210,"north",NA,NA,"sedlac",1634,0,NA,"Higuera,P.E.;Chipman,M.L.;Barnes,J.L.;Urban,M.A.;Hu,F.S.;. Little Isac Lake. NOAA/WDS Paleoclimatology IMPD study 17291",NA,NA,NA,NA,NA,NA,NA,NA,NA,NA,NA,NA,NA,NA,"https://www.ncei.noaa.gov/access/paleo-search/study/17291",NA,NA,NA,NA,"noaa_study_id=17291; original pub in IMPD datafile header","IMPDv1:IMPD_17291",1634,"Higuera,P.E.",1,"Higuera","P.E.",NA,NA,NA,NA,NA,NA,NA,NA,NA,"IMPDv1:IMPD_17291",1634,"IMPDv1","IMPD_17291",NA,1.54,1.54,"cm",NA,"Radiocarbon","bulk sediment",24.49,1.82,-43,NA,"UIUC M3-4",TRUE,NA,"Date not used in chronology; see Results for explanation. Date is in uncalibrated radiocarbon years.","Little Isac Lake_SIEVED","counted","NaN-NaN",NA,NA,"",24.49,22.67,26.31,24.49,1.54,NA,"Date not used in chronology; see Results for explanation. Date is in uncalibrated radiocarbon years.",". Cal curve: NA. Source DB: IMPDv1","Lacustrine","Carbon-14","Radiocarbon",-50.03,2994.09,"Calibrated radiocarbon years BP","sedimentary charcoal","Data Sourcing: IMPDv1 #charcoal_recommendedformat","Sample Age Source: IMPDv1"
"1634",4,"charcoal | num",2,2.25,2.5,0.5,-2.9,-11.97519945,6.16612762,"IMPDv1","Charcoal (sum)","(additional options)",NA,NA,"False","False","number","Macroscopic charcoal (sieved)","direct",NA,"CHAR",0,NA,NA,"quant_raw",3,"volume","cm^3","IMPDv1","IMPD_17291","charcoal","count","char","wet_sieve","particle","num","count","no_size","num","IMPDv1","measured",1,"IMPDv1",NA,"Little Isac Lake",67.941083,-160.797111,210,"north",NA,NA,"sedlac",1634,0,NA,"Higuera,P.E.;Chipman,M.L.;Barnes,J.L.;Urban,M.A.;Hu,F.S.;. Little Isac Lake. NOAA/WDS Paleoclimatology IMPD study 17291",NA,NA,NA,NA,NA,NA,NA,NA,NA,NA,NA,NA,NA,NA,"https://www.ncei.noaa.gov/access/paleo-search/study/17291",NA,NA,NA,NA,"noaa_study_id=17291; original pub in IMPD datafile header","IMPDv1:IMPD_17291",1634,"Higuera,P.E.",1,"Higuera","P.E.",NA,NA,NA,NA,NA,NA,NA,NA,NA,"IMPDv1:IMPD_17291",1634,"IMPDv1","IMPD_17291",NA,2.31,2.31,"cm",NA,"Radiocarbon","bulk sediment",21.62,1.59,-37,NA,"UIUC M3-5",TRUE,NA,"na Date is in uncalibrated radiocarbon years.","Little Isac Lake_SIEVED","counted","NaN-NaN",NA,NA,"",21.62,20.03,23.21,21.62,2.31,NA,"na Date is in uncalibrated radiocarbon years.",". Cal curve: NA. Source DB: IMPDv1","Lacustrine","Carbon-14","Radiocarbon",-50.03,2994.09,"Calibrated radiocarbon years BP","sedimentary charcoal","Data Sourcing: IMPDv1 #charcoal_recommendedformat","Sample Age Source: IMPDv1"
"1634",5,"charcoal | num",2.5,2.75,3,0.5,17.53,6.16612762,28.89650609,"IMPDv1","Charcoal (sum)","(additional options)",NA,NA,"False","False","number","Macroscopic charcoal (sieved)","direct",NA,"CHAR",1,NA,NA,"quant_raw",3,"volume","cm^3","IMPDv1","IMPD_17291","charcoal","count","char","wet_sieve","particle","num","count","no_size","num","IMPDv1","measured",1,"IMPDv1",NA,"Little Isac Lake",67.941083,-160.797111,210,"north",NA,NA,"sedlac",1634,0,NA,"Higuera,P.E.;Chipman,M.L.;Barnes,J.L.;Urban,M.A.;Hu,F.S.;. Little Isac Lake. NOAA/WDS Paleoclimatology IMPD study 17291",NA,NA,NA,NA,NA,NA,NA,NA,NA,NA,NA,NA,NA,NA,"https://www.ncei.noaa.gov/access/paleo-search/study/17291",NA,NA,NA,NA,"noaa_study_id=17291; original pub in IMPD datafile header","IMPDv1:IMPD_17291",1634,"Higuera,P.E.",1,"Higuera","P.E.",NA,NA,NA,NA,NA,NA,NA,NA,NA,"IMPDv1:IMPD_17291",1634,"IMPDv1","IMPD_17291",NA,3.08,3.08,"cm",NA,"Radiocarbon","bulk sediment",16.92,1.2,-31,NA,"UIUC M3-6",TRUE,NA,"na Date is in uncalibrated radiocarbon years.","Little Isac Lake_SIEVED","counted","NaN-NaN",NA,NA,"",16.92,15.72,18.12,16.92,3.08,NA,"na Date is in uncalibrated radiocarbon years.",". Cal curve: NA. Source DB: IMPDv1","Lacustrine","Carbon-14","Radiocarbon",-50.03,2994.09,"Calibrated radiocarbon years BP","sedimentary charcoal","Data Sourcing: IMPDv1 #charcoal_recommendedformat","Sample Age Source: IMPDv1"
"1634",6,"charcoal | num",3,3.25,3.5,0.5,44.84,28.89650609,60.78144363,"IMPDv1","Charcoal (sum)","(additional options)",NA,NA,"False","False","number","Macroscopic charcoal (sieved)","direct",NA,"CHAR",1,NA,NA,"quant_raw",3,"volume","cm^3","IMPDv1","IMPD_17291","charcoal","count","char","wet_sieve","particle","num","count","no_size","num","IMPDv1","measured",1,"IMPDv1",NA,"Little Isac Lake",67.941083,-160.797111,210,"north",NA,NA,"sedlac",1634,0,NA,"Higuera,P.E.;Chipman,M.L.;Barnes,J.L.;Urban,M.A.;Hu,F.S.;. Little Isac Lake. NOAA/WDS Paleoclimatology IMPD study 17291",NA,NA,NA,NA,NA,NA,NA,NA,NA,NA,NA,NA,NA,NA,"https://www.ncei.noaa.gov/access/paleo-search/study/17291",NA,NA,NA,NA,"noaa_study_id=17291; original pub in IMPD datafile header","IMPDv1:IMPD_17291",1634,"Higuera,P.E.",1,"Higuera","P.E.",NA,NA,NA,NA,NA,NA,NA,NA,NA,"IMPDv1:IMPD_17291",1634,"IMPDv1","IMPD_17291",NA,3.85,3.85,"cm",NA,"Radiocarbon","bulk sediment",15.08,1.39,-25,NA,"UIUC M3-7",TRUE,NA,"na Date is in uncalibrated radiocarbon years.","Little Isac Lake_SIEVED","counted","NaN-NaN",NA,NA,"",15.08,13.69,16.47,15.08,3.85,NA,"na Date is in uncalibrated radiocarbon years.",". Cal curve: NA. Source DB: IMPDv1","Lacustrine","Carbon-14","Radiocarbon",-50.03,2994.09,"Calibrated radiocarbon years BP","sedimentary charcoal","Data Sourcing: IMPDv1 #charcoal_recommendedformat","Sample Age Source: IMPDv1"
"1634",7,"charcoal | num",3.5,3.75,4,0.5,75.69,60.78144363,90.59663694,"IMPDv1","Charcoal (sum)","(additional options)",NA,NA,"False","False","number","Macroscopic charcoal (sieved)","direct",NA,"CHAR",0,NA,NA,"quant_raw",3,"volume","cm^3","IMPDv1","IMPD_17291","charcoal","count","char","wet_sieve","particle","num","count","no_size","num","IMPDv1","measured",1,"IMPDv1",NA,"Little Isac Lake",67.941083,-160.797111,210,"north",NA,NA,"sedlac",1634,0,NA,"Higuera,P.E.;Chipman,M.L.;Barnes,J.L.;Urban,M.A.;Hu,F.S.;. Little Isac Lake. NOAA/WDS Paleoclimatology IMPD study 17291",NA,NA,NA,NA,NA,NA,NA,NA,NA,NA,NA,NA,NA,NA,"https://www.ncei.noaa.gov/access/paleo-search/study/17291",NA,NA,NA,NA,"noaa_study_id=17291; original pub in IMPD datafile header","IMPDv1:IMPD_17291",1634,"Higuera,P.E.",1,"Higuera","P.E.",NA,NA,NA,NA,NA,NA,NA,NA,NA,"IMPDv1:IMPD_17291",1634,"IMPDv1","IMPD_17291",NA,4.62,4.62,"cm",NA,"Radiocarbon","bulk sediment",14.82,1.11,-18,NA,"UIUC M3-8",TRUE,NA,"na Date is in uncalibrated radiocarbon years.","Little Isac Lake_SIEVED","counted","NaN-NaN",NA,NA,"",14.82,13.71,15.93,14.82,4.62,NA,"na Date is in uncalibrated radiocarbon years.",". Cal curve: NA. Source DB: IMPDv1","Lacustrine","Carbon-14","Radiocarbon",-50.03,2994.09,"Calibrated radiocarbon years BP","sedimentary charcoal","Data Sourcing: IMPDv1 #charcoal_recommendedformat","Sample Age Source: IMPDv1"
"1634",8,"charcoal | num",4,4.25,4.5,0.5,105.5,90.59663694,120.4105338,"IMPDv1","Charcoal (sum)","(additional options)",NA,NA,"False","False","number","Macroscopic charcoal (sieved)","direct",NA,"CHAR",1,NA,NA,"quant_raw",3,"volume","cm^3","IMPDv1","IMPD_17291","charcoal","count","char","wet_sieve","particle","num","count","no_size","num","IMPDv1","measured",1,"IMPDv1",NA,"Little Isac Lake",67.941083,-160.797111,210,"north",NA,NA,"sedlac",1634,0,NA,"Higuera,P.E.;Chipman,M.L.;Barnes,J.L.;Urban,M.A.;Hu,F.S.;. Little Isac Lake. NOAA/WDS Paleoclimatology IMPD study 17291",NA,NA,NA,NA,NA,NA,NA,NA,NA,NA,NA,NA,NA,NA,"https://www.ncei.noaa.gov/access/paleo-search/study/17291",NA,NA,NA,NA,"noaa_study_id=17291; original pub in IMPD datafile header","IMPDv1:IMPD_17291",1634,"Higuera,P.E.",1,"Higuera","P.E.",NA,NA,NA,NA,NA,NA,NA,NA,NA,"IMPDv1:IMPD_17291",1634,"IMPDv1","IMPD_17291",NA,5.39,5.39,"cm",NA,"Radiocarbon","bulk sediment",12.3,1.01,-10,NA,"UIUC M3-9",TRUE,NA,"na Date is in uncalibrated radiocarbon years.","Little Isac Lake_SIEVED","counted","NaN-NaN",NA,NA,"",12.3,11.29,13.31,12.3,5.39,NA,"na Date is in uncalibrated radiocarbon years.",". Cal curve: NA. Source DB: IMPDv1","Lacustrine","Carbon-14","Radiocarbon",-50.03,2994.09,"Calibrated radiocarbon years BP","sedimentary charcoal","Data Sourcing: IMPDv1 #charcoal_recommendedformat","Sample Age Source: IMPDv1"
"1634",9,"charcoal | num",4.5,4.75,5,0.5,135.32,120.4105338,150.2224861,"IMPDv1","Charcoal (sum)","(additional options)",NA,NA,"False","False","number","Macroscopic charcoal (sieved)","direct",NA,"CHAR",0,NA,NA,"quant_raw",3,"volume","cm^3","IMPDv1","IMPD_17291","charcoal","count","char","wet_sieve","particle","num","count","no_size","num","IMPDv1","measured",1,"IMPDv1",NA,"Little Isac Lake",67.941083,-160.797111,210,"north",NA,NA,"sedlac",1634,0,NA,"Higuera,P.E.;Chipman,M.L.;Barnes,J.L.;Urban,M.A.;Hu,F.S.;. Little Isac Lake. NOAA/WDS Paleoclimatology IMPD study 17291",NA,NA,NA,NA,NA,NA,NA,NA,NA,NA,NA,NA,NA,NA,"https://www.ncei.noaa.gov/access/paleo-search/study/17291",NA,NA,NA,NA,"noaa_study_id=17291; original pub in IMPD datafile header","IMPDv1:IMPD_17291",1634,"Higuera,P.E.",1,"Higuera","P.E.",NA,NA,NA,NA,NA,NA,NA,NA,NA,"IMPDv1:IMPD_17291",1634,"IMPDv1","IMPD_17291",NA,6.16,6.16,"cm",NA,"Radiocarbon","bulk sediment",11.08,0.9,1,NA,"UIUC M3-11",TRUE,NA,"na Date is in uncalibrated radiocarbon years.","Little Isac Lake_SIEVED","counted","NaN-NaN",NA,NA,"",11.08,10.18,11.98,11.08,6.16,NA,"na Date is in uncalibrated radiocarbon years.",". Cal curve: NA. Source DB: IMPDv1","Lacustrine","Carbon-14","Radiocarbon",-50.03,2994.09,"Calibrated radiocarbon years BP","sedimentary charcoal","Data Sourcing: IMPDv1 #charcoal_recommendedformat","Sample Age Source: IMPDv1"
"1634",10,"charcoal | num",5,5.25,5.5,0.5,165.13,150.2224861,180.0318455,"IMPDv1","Charcoal (sum)","(additional options)",NA,NA,"False","False","number","Macroscopic charcoal (sieved)","direct",NA,"CHAR",0,NA,NA,"quant_raw",3,"volume","cm^3","IMPDv1","IMPD_17291","charcoal","count","char","wet_sieve","particle","num","count","no_size","num","IMPDv1","measured",1,"IMPDv1",NA,"Little Isac Lake",67.941083,-160.797111,210,"north",NA,NA,"sedlac",1634,0,NA,"Higuera,P.E.;Chipman,M.L.;Barnes,J.L.;Urban,M.A.;Hu,F.S.;. Little Isac Lake. NOAA/WDS Paleoclimatology IMPD study 17291",NA,NA,NA,NA,NA,NA,NA,NA,NA,NA,NA,NA,NA,NA,"https://www.ncei.noaa.gov/access/paleo-search/study/17291",NA,NA,NA,NA,"noaa_study_id=17291; original pub in IMPD datafile header","IMPDv1:IMPD_17291",1634,"Higuera,P.E.",1,"Higuera","P.E.",NA,NA,NA,NA,NA,NA,NA,NA,NA,"IMPDv1:IMPD_17291",1634,"IMPDv1","IMPD_17291",NA,6.93,6.93,"cm",NA,"Radiocarbon","bulk sediment",8.12,0.69,30,NA,"UIUC M3-12",TRUE,NA,"na Date is in uncalibrated radiocarbon years.","Little Isac Lake_SIEVED","counted","NaN-NaN",NA,NA,"",8.12,7.43,8.81,8.12,6.93,NA,"na Date is in uncalibrated radiocarbon years.",". Cal curve: NA. Source DB: IMPDv1","Lacustrine","Carbon-14","Radiocarbon",-50.03,2994.09,"Calibrated radiocarbon years BP","sedimentary charcoal","Data Sourcing: IMPDv1 #charcoal_recommendedformat","Sample Age Source: IMPDv1"
"1634",11,"charcoal | num",5.5,5.75,6,0.5,194.93,180.0318455,209.8379638,"IMPDv1","Charcoal (sum)","(additional options)",NA,NA,"False","False","number","Macroscopic charcoal (sieved)","direct",NA,"CHAR",0,NA,NA,"quant_raw",3,"volume","cm^3","IMPDv1","IMPD_17291","charcoal","count","char","wet_sieve","particle","num","count","no_size","num","IMPDv1","measured",1,"IMPDv1",NA,"Little Isac Lake",67.941083,-160.797111,210,"north",NA,NA,"sedlac",1634,0,NA,"Higuera,P.E.;Chipman,M.L.;Barnes,J.L.;Urban,M.A.;Hu,F.S.;. Little Isac Lake. NOAA/WDS Paleoclimatology IMPD study 17291",NA,NA,NA,NA,NA,NA,NA,NA,NA,NA,NA,NA,NA,NA,"https://www.ncei.noaa.gov/access/paleo-search/study/17291",NA,NA,NA,NA,"noaa_study_id=17291; original pub in IMPD datafile header","IMPDv1:IMPD_17291",1634,"Higuera,P.E.",1,"Higuera","P.E.",NA,NA,NA,NA,NA,NA,NA,NA,NA,"IMPDv1:IMPD_17291",1634,"IMPDv1","IMPD_17291",NA,8.47,8.47,"cm",NA,"Radiocarbon","bulk sediment",4.81,0.38,47,NA,"UIUC M3-14",TRUE,NA,"na Date is in uncalibrated radiocarbon years.","Little Isac Lake_SIEVED","counted","NaN-NaN",NA,NA,"",4.81,4.43,5.19,4.81,8.47,NA,"na Date is in uncalibrated radiocarbon years.",". Cal curve: NA. Source DB: IMPDv1","Lacustrine","Carbon-14","Radiocarbon",-50.03,2994.09,"Calibrated radiocarbon years BP","sedimentary charcoal","Data Sourcing: IMPDv1 #charcoal_recommendedformat","Sample Age Source: IMPDv1"
"1634",12,"charcoal | num",6,6.25,6.5,0.5,224.74,209.8379638,239.6401928,"IMPDv1","Charcoal (sum)","(additional options)",NA,NA,"False","False","number","Macroscopic charcoal (sieved)","direct",NA,"CHAR",0,NA,NA,"quant_raw",3,"volume","cm^3","IMPDv1","IMPD_17291","charcoal","count","char","wet_sieve","particle","num","count","no_size","num","IMPDv1","measured",1,"IMPDv1",NA,"Little Isac Lake",67.941083,-160.797111,210,"north",NA,NA,"sedlac",1634,0,NA,"Higuera,P.E.;Chipman,M.L.;Barnes,J.L.;Urban,M.A.;Hu,F.S.;. Little Isac Lake. NOAA/WDS Paleoclimatology IMPD study 17291",NA,NA,NA,NA,NA,NA,NA,NA,NA,NA,NA,NA,NA,NA,"https://www.ncei.noaa.gov/access/paleo-search/study/17291",NA,NA,NA,NA,"noaa_study_id=17291; original pub in IMPD datafile header","IMPDv1:IMPD_17291",1634,"Higuera,P.E.",1,"Higuera","P.E.",NA,NA,NA,NA,NA,NA,NA,NA,NA,"IMPDv1:IMPD_17291",1634,"IMPDv1","IMPD_17291",NA,9.24,9.24,"cm",NA,"Radiocarbon","bulk sediment",3.15,0.27,61,NA,"UIUC M3-15",TRUE,NA,"na Date is in uncalibrated radiocarbon years.","Little Isac Lake_SIEVED","counted","NaN-NaN",NA,NA,"",3.15,2.88,3.42,3.15,9.24,NA,"na Date is in uncalibrated radiocarbon years.",". Cal curve: NA. Source DB: IMPDv1","Lacustrine","Carbon-14","Radiocarbon",-50.03,2994.09,"Calibrated radiocarbon years BP","sedimentary charcoal","Data Sourcing: IMPDv1 #charcoal_recommendedformat","Sample Age Source: IMPDv1"
"1634",13,"charcoal | num",6.5,6.75,7,0.5,254.54,239.6401928,269.4378844,"IMPDv1","Charcoal (sum)","(additional options)",NA,NA,"False","False","number","Macroscopic charcoal (sieved)","direct",NA,"CHAR",0,NA,NA,"quant_raw",3,"volume","cm^3","IMPDv1","IMPD_17291","charcoal","count","char","wet_sieve","particle","num","count","no_size","num","IMPDv1","measured",1,"IMPDv1",NA,"Little Isac Lake",67.941083,-160.797111,210,"north",NA,NA,"sedlac",1634,0,NA,"Higuera,P.E.;Chipman,M.L.;Barnes,J.L.;Urban,M.A.;Hu,F.S.;. Little Isac Lake. NOAA/WDS Paleoclimatology IMPD study 17291",NA,NA,NA,NA,NA,NA,NA,NA,NA,NA,NA,NA,NA,NA,"https://www.ncei.noaa.gov/access/paleo-search/study/17291",NA,NA,NA,NA,"noaa_study_id=17291; original pub in IMPD datafile header","IMPDv1:IMPD_17291",1634,"Higuera,P.E.",1,"Higuera","P.E.",NA,NA,NA,NA,NA,NA,NA,NA,NA,"IMPDv1:IMPD_17291",1634,"IMPDv1","IMPD_17291",NA,10.01,10.01,"cm",NA,"Radiocarbon","bulk sediment",2.16,0.19,71,NA,"UIUC M3-16",TRUE,NA,"na Date is in uncalibrated radiocarbon years.","Little Isac Lake_SIEVED","counted","NaN-NaN",NA,NA,"",2.16,1.97,2.35,2.16,10.01,NA,"na Date is in uncalibrated radiocarbon years.",". Cal curve: NA. Source DB: IMPDv1","Lacustrine","Carbon-14","Radiocarbon",-50.03,2994.09,"Calibrated radiocarbon years BP","sedimentary charcoal","Data Sourcing: IMPDv1 #charcoal_recommendedformat","Sample Age Source: IMPDv1"
"1634",14,"charcoal | num",7,7.25,7.5,0.5,284.33,269.4378844,299.2303902,"IMPDv1","Charcoal (sum)","(additional options)",NA,NA,"False","False","number","Macroscopic charcoal (sieved)","direct",NA,"CHAR",1,NA,NA,"quant_raw",3,"volume","cm^3","IMPDv1","IMPD_17291","charcoal","count","char","wet_sieve","particle","num","count","no_size","num","IMPDv1","measured",1,"IMPDv1",NA,"Little Isac Lake",67.941083,-160.797111,210,"north",NA,NA,"sedlac",1634,0,NA,"Higuera,P.E.;Chipman,M.L.;Barnes,J.L.;Urban,M.A.;Hu,F.S.;. Little Isac Lake. NOAA/WDS Paleoclimatology IMPD study 17291",NA,NA,NA,NA,NA,NA,NA,NA,NA,NA,NA,NA,NA,NA,"https://www.ncei.noaa.gov/access/paleo-search/study/17291",NA,NA,NA,NA,"noaa_study_id=17291; original pub in IMPD datafile header","IMPDv1:IMPD_17291",1634,"Higuera,P.E.",1,"Higuera","P.E.",NA,NA,NA,NA,NA,NA,NA,NA,NA,"IMPDv1:IMPD_17291",1634,"IMPDv1","IMPD_17291",NA,10.78,10.78,"cm",NA,"Radiocarbon","bulk sediment",1.92,0.19,81,NA,"UIUC M3-17",TRUE,NA,"na Date is in uncalibrated radiocarbon years.","Little Isac Lake_SIEVED","counted","NaN-NaN",NA,NA,"",1.92,1.73,2.11,1.92,10.78,NA,"na Date is in uncalibrated radiocarbon years.",". Cal curve: NA. Source DB: IMPDv1","Lacustrine","Carbon-14","Radiocarbon",-50.03,2994.09,"Calibrated radiocarbon years BP","sedimentary charcoal","Data Sourcing: IMPDv1 #charcoal_recommendedformat","Sample Age Source: IMPDv1"
"1634",15,"charcoal | num",7.5,7.75,8,0.5,314.12,299.2303902,329.0170622,"IMPDv1","Charcoal (sum)","(additional options)",NA,NA,"False","False","number","Macroscopic charcoal (sieved)","direct",NA,"CHAR",0,NA,NA,"quant_raw",3,"volume","cm^3","IMPDv1","IMPD_17291","charcoal","count","char","wet_sieve","particle","num","count","no_size","num","IMPDv1","measured",1,"IMPDv1",NA,"Little Isac Lake",67.941083,-160.797111,210,"north",NA,NA,"sedlac",1634,0,NA,"Higuera,P.E.;Chipman,M.L.;Barnes,J.L.;Urban,M.A.;Hu,F.S.;. Little Isac Lake. NOAA/WDS Paleoclimatology IMPD study 17291",NA,NA,NA,NA,NA,NA,NA,NA,NA,NA,NA,NA,NA,NA,"https://www.ncei.noaa.gov/access/paleo-search/study/17291",NA,NA,NA,NA,"noaa_study_id=17291; original pub in IMPD datafile header","IMPDv1:IMPD_17291",1634,"Higuera,P.E.",1,"Higuera","P.E.",NA,NA,NA,NA,NA,NA,NA,NA,NA,"IMPDv1:IMPD_17291",1634,"IMPDv1","IMPD_17291",NA,11.55,11.55,"cm",NA,"Radiocarbon","bulk sediment",1.5,0.16,NA,NA,"UIUC M3-18",TRUE,NA,"na Date is in uncalibrated radiocarbon years.","Little Isac Lake_SIEVED","counted","NaN-NaN",NA,NA,"",1.5,1.34,1.66,1.5,11.55,NA,"na Date is in uncalibrated radiocarbon years.",". Cal curve: NA. Source DB: IMPDv1","Lacustrine","Carbon-14","Radiocarbon",-50.03,2994.09,"Calibrated radiocarbon years BP","sedimentary charcoal","Data Sourcing: IMPDv1 #charcoal_recommendedformat","Sample Age Source: IMPDv1"
"1634",16,"charcoal | num",8,8.25,8.5,0.5,343.91,329.0170622,358.797252,"IMPDv1","Charcoal (sum)","(additional options)",NA,NA,"False","False","number","Macroscopic charcoal (sieved)","direct",NA,"CHAR",0,NA,NA,"quant_raw",2.5,"volume","cm^3","IMPDv1","IMPD_17291","charcoal","count","char","wet_sieve","particle","num","count","no_size","num","IMPDv1","measured",1,"IMPDv1",NA,"Little Isac Lake",67.941083,-160.797111,210,"north",NA,NA,"sedlac",1634,0,NA,"Higuera,P.E.;Chipman,M.L.;Barnes,J.L.;Urban,M.A.;Hu,F.S.;. Little Isac Lake. NOAA/WDS Paleoclimatology IMPD study 17291",NA,NA,NA,NA,NA,NA,NA,NA,NA,NA,NA,NA,NA,NA,"https://www.ncei.noaa.gov/access/paleo-search/study/17291",NA,NA,NA,NA,"noaa_study_id=17291; original pub in IMPD datafile header","IMPDv1:IMPD_17291",1634,"Higuera,P.E.",1,"Higuera","P.E.",NA,NA,NA,NA,NA,NA,NA,NA,NA,"IMPDv1:IMPD_17291",1634,"IMPDv1","IMPD_17291",NA,12.32,12.32,"cm",NA,"Radiocarbon","bulk sediment",1.42,0.15,NA,NA,"UIUC M3-19",TRUE,NA,"na Date is in uncalibrated radiocarbon years.","Little Isac Lake_SIEVED","counted","NaN-NaN",NA,NA,"",1.42,1.27,1.57,1.42,12.32,NA,"na Date is in uncalibrated radiocarbon years.",". Cal curve: NA. Source DB: IMPDv1","Lacustrine","Carbon-14","Radiocarbon",-50.03,2994.09,"Calibrated radiocarbon years BP","sedimentary charcoal","Data Sourcing: IMPDv1 #charcoal_recommendedformat","Sample Age Source: IMPDv1"
"1634",17,"charcoal | num",8.5,8.75,9,0.5,373.68,358.797252,388.5703114,"IMPDv1","Charcoal (sum)","(additional options)",NA,NA,"False","False","number","Macroscopic charcoal (sieved)","direct",NA,"CHAR",0,NA,NA,"quant_raw",3,"volume","cm^3","IMPDv1","IMPD_17291","charcoal","count","char","wet_sieve","particle","num","count","no_size","num","IMPDv1","measured",1,"IMPDv1",NA,"Little Isac Lake",67.941083,-160.797111,210,"north",NA,NA,"sedlac",1634,0,NA,"Higuera,P.E.;Chipman,M.L.;Barnes,J.L.;Urban,M.A.;Hu,F.S.;. Little Isac Lake. NOAA/WDS Paleoclimatology IMPD study 17291",NA,NA,NA,NA,NA,NA,NA,NA,NA,NA,NA,NA,NA,NA,"https://www.ncei.noaa.gov/access/paleo-search/study/17291",NA,NA,NA,NA,"noaa_study_id=17291; original pub in IMPD datafile header","IMPDv1:IMPD_17291",1634,"Higuera,P.E.",1,"Higuera","P.E.",NA,NA,NA,NA,NA,NA,NA,NA,NA,"IMPDv1:IMPD_17291",1634,"IMPDv1","IMPD_17291",NA,13.09,13.09,"cm",NA,"Radiocarbon","bulk sediment",1.38,0.19,NA,NA,"UIUC M3-21",TRUE,NA,"na Date is in uncalibrated radiocarbon years.","Little Isac Lake_SIEVED","counted","NaN-NaN",NA,NA,"",1.38,1.19,1.57,1.38,13.09,NA,"na Date is in uncalibrated radiocarbon years.",". Cal curve: NA. Source DB: IMPDv1","Lacustrine","Carbon-14","Radiocarbon",-50.03,2994.09,"Calibrated radiocarbon years BP","sedimentary charcoal","Data Sourcing: IMPDv1 #charcoal_recommendedformat","Sample Age Source: IMPDv1"
"1634",18,"charcoal | num",9,9.25,9.5,0.5,403.45,388.5703114,418.3355923,"IMPDv1","Charcoal (sum)","(additional options)",NA,NA,"False","False","number","Macroscopic charcoal (sieved)","direct",NA,"CHAR",0,NA,NA,"quant_raw",3,"volume","cm^3","IMPDv1","IMPD_17291","charcoal","count","char","wet_sieve","particle","num","count","no_size","num","IMPDv1","measured",1,"IMPDv1",NA,"Little Isac Lake",67.941083,-160.797111,210,"north",NA,NA,"sedlac",1634,0,NA,"Higuera,P.E.;Chipman,M.L.;Barnes,J.L.;Urban,M.A.;Hu,F.S.;. Little Isac Lake. NOAA/WDS Paleoclimatology IMPD study 17291",NA,NA,NA,NA,NA,NA,NA,NA,NA,NA,NA,NA,NA,NA,"https://www.ncei.noaa.gov/access/paleo-search/study/17291",NA,NA,NA,NA,"noaa_study_id=17291; original pub in IMPD datafile header","IMPDv1:IMPD_17291",1634,"Higuera,P.E.",1,"Higuera","P.E.",NA,NA,NA,NA,NA,NA,NA,NA,NA,"IMPDv1:IMPD_17291",1634,"IMPDv1","IMPD_17291",NA,13.86,13.86,"cm",NA,"Radiocarbon","bulk sediment",1.44,0.14,NA,NA,"UIUC M3-22",TRUE,NA,"na Date is in uncalibrated radiocarbon years.","Little Isac Lake_SIEVED","counted","NaN-NaN",NA,NA,"",1.44,1.3,1.58,1.44,13.86,NA,"na Date is in uncalibrated radiocarbon years.",". Cal curve: NA. Source DB: IMPDv1","Lacustrine","Carbon-14","Radiocarbon",-50.03,2994.09,"Calibrated radiocarbon years BP","sedimentary charcoal","Data Sourcing: IMPDv1 #charcoal_recommendedformat","Sample Age Source: IMPDv1"
"1634",19,"charcoal | num",9.5,9.75,10,0.5,433.21,418.3355923,448.0924465,"IMPDv1","Charcoal (sum)","(additional options)",NA,NA,"False","False","number","Macroscopic charcoal (sieved)","direct",NA,"CHAR",1,NA,NA,"quant_raw",3,"volume","cm^3","IMPDv1","IMPD_17291","charcoal","count","char","wet_sieve","particle","num","count","no_size","num","IMPDv1","measured",1,"IMPDv1",NA,"Little Isac Lake",67.941083,-160.797111,210,"north",NA,NA,"sedlac",1634,0,NA,"Higuera,P.E.;Chipman,M.L.;Barnes,J.L.;Urban,M.A.;Hu,F.S.;. Little Isac Lake. NOAA/WDS Paleoclimatology IMPD study 17291",NA,NA,NA,NA,NA,NA,NA,NA,NA,NA,NA,NA,NA,NA,"https://www.ncei.noaa.gov/access/paleo-search/study/17291",NA,NA,NA,NA,"noaa_study_id=17291; original pub in IMPD datafile header","IMPDv1:IMPD_17291",1634,"Higuera,P.E.",1,"Higuera","P.E.",NA,NA,NA,NA,NA,NA,NA,NA,NA,"IMPDv1:IMPD_17291",1634,"IMPDv1","IMPD_17291",NA,14.63,14.63,"cm",NA,"Radiocarbon","bulk sediment",1.17,0.13,NA,NA,"UIUC M3-23",TRUE,NA,"na Date is in uncalibrated radiocarbon years.","Little Isac Lake_SIEVED","counted","NaN-NaN",NA,NA,"",1.17,1.04,1.3,1.17,14.63,NA,"na Date is in uncalibrated radiocarbon years.",". Cal curve: NA. Source DB: IMPDv1","Lacustrine","Carbon-14","Radiocarbon",-50.03,2994.09,"Calibrated radiocarbon years BP","sedimentary charcoal","Data Sourcing: IMPDv1 #charcoal_recommendedformat","Sample Age Source: IMPDv1"
"1634",20,"charcoal | num",10,10.25,10.5,0.5,462.97,448.0924465,477.8402256,"IMPDv1","Charcoal (sum)","(additional options)",NA,NA,"False","False","number","Macroscopic charcoal (sieved)","direct",NA,"CHAR",0,NA,NA,"quant_raw",2,"volume","cm^3","IMPDv1","IMPD_17291","charcoal","count","char","wet_sieve","particle","num","count","no_size","num","IMPDv1","measured",1,"IMPDv1",NA,"Little Isac Lake",67.941083,-160.797111,210,"north",NA,NA,"sedlac",1634,0,NA,"Higuera,P.E.;Chipman,M.L.;Barnes,J.L.;Urban,M.A.;Hu,F.S.;. Little Isac Lake. NOAA/WDS Paleoclimatology IMPD study 17291",NA,NA,NA,NA,NA,NA,NA,NA,NA,NA,NA,NA,NA,NA,"https://www.ncei.noaa.gov/access/paleo-search/study/17291",NA,NA,NA,NA,"noaa_study_id=17291; original pub in IMPD datafile header","IMPDv1:IMPD_17291",1634,"Higuera,P.E.",1,"Higuera","P.E.",NA,NA,NA,NA,NA,NA,NA,NA,NA,"IMPDv1:IMPD_17291",1634,"IMPDv1","IMPD_17291",NA,33.7,33.7,"cm",NA,"Radiocarbon","wood fragments",1140,35,1038,NA,"CAMS 149208",TRUE,NA,"na Date is in uncalibrated radiocarbon years.","Little Isac Lake_SIEVED","counted","NaN-NaN",NA,NA,"",1140,1105,1175,1140,33.7,NA,"na Date is in uncalibrated radiocarbon years.",". Cal curve: NA. Source DB: IMPDv1","Lacustrine","Carbon-14","Radiocarbon",-50.03,2994.09,"Calibrated radiocarbon years BP","sedimentary charcoal","Data Sourcing: IMPDv1 #charcoal_recommendedformat","Sample Age Source: IMPDv1"
"1634",21,"charcoal | num",10.5,10.75,11,0.5,492.71,477.8402256,507.5782816,"IMPDv1","Charcoal (sum)","(additional options)",NA,NA,"False","False","number","Macroscopic charcoal (sieved)","direct",NA,"CHAR",0,NA,NA,"quant_raw",3,"volume","cm^3","IMPDv1","IMPD_17291","charcoal","count","char","wet_sieve","particle","num","count","no_size","num","IMPDv1","measured",1,"IMPDv1",NA,"Little Isac Lake",67.941083,-160.797111,210,"north",NA,NA,"sedlac",1634,0,NA,"Higuera,P.E.;Chipman,M.L.;Barnes,J.L.;Urban,M.A.;Hu,F.S.;. Little Isac Lake. NOAA/WDS Paleoclimatology IMPD study 17291",NA,NA,NA,NA,NA,NA,NA,NA,NA,NA,NA,NA,NA,NA,"https://www.ncei.noaa.gov/access/paleo-search/study/17291",NA,NA,NA,NA,"noaa_study_id=17291; original pub in IMPD datafile header","IMPDv1:IMPD_17291",1634,"Higuera,P.E.",1,"Higuera","P.E.",NA,NA,NA,NA,NA,NA,NA,NA,NA,"IMPDv1:IMPD_17291",1634,"IMPDv1","IMPD_17291",NA,45.75,45.75,"cm",NA,"Radiocarbon","grass",1800,35,1734,NA,"CAMS 149209",TRUE,NA,"na Date is in uncalibrated radiocarbon years.","Little Isac Lake_SIEVED","counted","NaN-NaN",NA,NA,"",1800,1765,1835,1800,45.75,NA,"na Date is in uncalibrated radiocarbon years.",". Cal curve: NA. Source DB: IMPDv1","Lacustrine","Carbon-14","Radiocarbon",-50.03,2994.09,"Calibrated radiocarbon years BP","sedimentary charcoal","Data Sourcing: IMPDv1 #charcoal_recommendedformat","Sample Age Source: IMPDv1"
"1634",22,"charcoal | num",11,11.25,11.5,0.5,522.44,507.5782816,537.3059661,"IMPDv1","Charcoal (sum)","(additional options)",NA,NA,"False","False","number","Macroscopic charcoal (sieved)","direct",NA,"CHAR",0,NA,NA,"quant_raw",2,"volume","cm^3","IMPDv1","IMPD_17291","charcoal","count","char","wet_sieve","particle","num","count","no_size","num","IMPDv1","measured",1,"IMPDv1",NA,"Little Isac Lake",67.941083,-160.797111,210,"north",NA,NA,"sedlac",1634,0,NA,"Higuera,P.E.;Chipman,M.L.;Barnes,J.L.;Urban,M.A.;Hu,F.S.;. Little Isac Lake. NOAA/WDS Paleoclimatology IMPD study 17291",NA,NA,NA,NA,NA,NA,NA,NA,NA,NA,NA,NA,NA,NA,"https://www.ncei.noaa.gov/access/paleo-search/study/17291",NA,NA,NA,NA,"noaa_study_id=17291; original pub in IMPD datafile header","IMPDv1:IMPD_17291",1634,"Higuera,P.E.",1,"Higuera","P.E.",NA,NA,NA,NA,NA,NA,NA,NA,NA,"IMPDv1:IMPD_17291",1634,"IMPDv1","IMPD_17291",NA,62,62,"cm",NA,"Radiocarbon","twig",2300,35,2325,NA,"CAMS 137911",TRUE,NA,"na Date is in uncalibrated radiocarbon years.","Little Isac Lake_SIEVED","counted","NaN-NaN",NA,NA,"",2300,2265,2335,2300,62,NA,"na Date is in uncalibrated radiocarbon years.",". Cal curve: NA. Source DB: IMPDv1","Lacustrine","Carbon-14","Radiocarbon",-50.03,2994.09,"Calibrated radiocarbon years BP","sedimentary charcoal","Data Sourcing: IMPDv1 #charcoal_recommendedformat","Sample Age Source: IMPDv1"
"1634",23,"charcoal | num",11.5,11.75,12,0.5,552.16,537.3059661,567.0226311,"IMPDv1","Charcoal (sum)","(additional options)",NA,NA,"False","False","number","Macroscopic charcoal (sieved)","direct",NA,"CHAR",1,NA,NA,"quant_raw",3,"volume","cm^3","IMPDv1","IMPD_17291","charcoal","count","char","wet_sieve","particle","num","count","no_size","num","IMPDv1","measured",1,"IMPDv1",NA,"Little Isac Lake",67.941083,-160.797111,210,"north",NA,NA,"sedlac",1634,0,NA,"Higuera,P.E.;Chipman,M.L.;Barnes,J.L.;Urban,M.A.;Hu,F.S.;. Little Isac Lake. NOAA/WDS Paleoclimatology IMPD study 17291",NA,NA,NA,NA,NA,NA,NA,NA,NA,NA,NA,NA,NA,NA,"https://www.ncei.noaa.gov/access/paleo-search/study/17291",NA,NA,NA,NA,"noaa_study_id=17291; original pub in IMPD datafile header","IMPDv1:IMPD_17291",1634,"Higuera,P.E.",1,"Higuera","P.E.",NA,NA,NA,NA,NA,NA,NA,NA,NA,"IMPDv1:IMPD_17291",1634,"IMPDv1","IMPD_17291",NA,72.5,72.5,"cm",NA,"Radiocarbon","charred wood",2600,90,2680,NA,"CAMS 137909",TRUE,NA,"na Date is in uncalibrated radiocarbon years.","Little Isac Lake_SIEVED","counted","NaN-NaN",NA,NA,"",2600,2510,2690,2600,72.5,NA,"na Date is in uncalibrated radiocarbon years.",". Cal curve: NA. Source DB: IMPDv1","Lacustrine","Carbon-14","Radiocarbon",-50.03,2994.09,"Calibrated radiocarbon years BP","sedimentary charcoal","Data Sourcing: IMPDv1 #charcoal_recommendedformat","Sample Age Source: IMPDv1"
"1634",24,"charcoal | num",12,12.25,12.5,0.5,581.88,567.0226311,596.7276282,"IMPDv1","Charcoal (sum)","(additional options)",NA,NA,"False","False","number","Macroscopic charcoal (sieved)","direct",NA,"CHAR",0,NA,NA,"quant_raw",3,"volume","cm^3","IMPDv1","IMPD_17291","charcoal","count","char","wet_sieve","particle","num","count","no_size","num","IMPDv1","measured",1,"IMPDv1",NA,"Little Isac Lake",67.941083,-160.797111,210,"north",NA,NA,"sedlac",1634,0,NA,"Higuera,P.E.;Chipman,M.L.;Barnes,J.L.;Urban,M.A.;Hu,F.S.;. Little Isac Lake. NOAA/WDS Paleoclimatology IMPD study 17291",NA,NA,NA,NA,NA,NA,NA,NA,NA,NA,NA,NA,NA,NA,"https://www.ncei.noaa.gov/access/paleo-search/study/17291",NA,NA,NA,NA,"noaa_study_id=17291; original pub in IMPD datafile header","IMPDv1:IMPD_17291",1634,"Higuera,P.E.",1,"Higuera","P.E.",NA,NA,NA,NA,NA,NA,NA,NA,NA,"IMPDv1:IMPD_17291",1634,"IMPDv1","IMPD_17291",NA,89,89,"cm",NA,"Radiocarbon","wood",3180,35,3403,NA,"CAMS 137908",TRUE,NA,"na Date is in uncalibrated radiocarbon years.","Little Isac Lake_SIEVED","counted","NaN-NaN",NA,NA,"",3180,3145,3215,3180,89,NA,"na Date is in uncalibrated radiocarbon years.",". Cal curve: NA. Source DB: IMPDv1","Lacustrine","Carbon-14","Radiocarbon",-50.03,2994.09,"Calibrated radiocarbon years BP","sedimentary charcoal","Data Sourcing: IMPDv1 #charcoal_recommendedformat","Sample Age Source: IMPDv1"
"1634",25,"charcoal | num",12.5,12.75,13,0.5,611.57,596.7276282,626.4203092,"IMPDv1","Charcoal (sum)","(additional options)",NA,NA,"False","False","number","Macroscopic charcoal (sieved)","direct",NA,"CHAR",0,NA,NA,"quant_raw",3,"volume","cm^3","IMPDv1","IMPD_17291","charcoal","count","char","wet_sieve","particle","num","count","no_size","num","IMPDv1","measured",1,"IMPDv1",NA,"Little Isac Lake",67.941083,-160.797111,210,"north",NA,NA,"sedlac",1634,0,NA,"Higuera,P.E.;Chipman,M.L.;Barnes,J.L.;Urban,M.A.;Hu,F.S.;. Little Isac Lake. NOAA/WDS Paleoclimatology IMPD study 17291",NA,NA,NA,NA,NA,NA,NA,NA,NA,NA,NA,NA,NA,NA,"https://www.ncei.noaa.gov/access/paleo-search/study/17291",NA,NA,NA,NA,"noaa_study_id=17291; original pub in IMPD datafile header","IMPDv1:IMPD_17291",1634,"Higuera,P.E.",1,"Higuera","P.E.",NA,NA,NA,NA,NA,NA,NA,NA,NA,"IMPDv1:IMPD_17291",1634,"IMPDv1","IMPD_17291",NA,137.75,137.75,"cm",NA,"Radiocarbon","twig",3715,35,4049,NA,"CAMS 137910",TRUE,NA,"na Date is in uncalibrated radiocarbon years.","Little Isac Lake_SIEVED","counted","NaN-NaN",NA,NA,"",3715,3680,3750,3715,137.75,NA,"na Date is in uncalibrated radiocarbon years.",". Cal curve: NA. Source DB: IMPDv1","Lacustrine","Carbon-14","Radiocarbon",-50.03,2994.09,"Calibrated radiocarbon years BP","sedimentary charcoal","Data Sourcing: IMPDv1 #charcoal_recommendedformat","Sample Age Source: IMPDv1"
"1634",26,"charcoal | num",13,13.25,13.5,0.5,641.26,626.4203092,656.100026,"IMPDv1","Charcoal (sum)","(additional options)",NA,NA,"False","False","number","Macroscopic charcoal (sieved)","direct",NA,"CHAR",1,NA,NA,"quant_raw",3,"volume","cm^3","IMPDv1","IMPD_17291","charcoal","count","char","wet_sieve","particle","num","count","no_size","num","IMPDv1","measured",1,"IMPDv1",NA,"Little Isac Lake",67.941083,-160.797111,210,"north",NA,NA,"sedlac",1634,0,NA,"Higuera,P.E.;Chipman,M.L.;Barnes,J.L.;Urban,M.A.;Hu,F.S.;. Little Isac Lake. NOAA/WDS Paleoclimatology IMPD study 17291",NA,NA,NA,NA,NA,NA,NA,NA,NA,NA,NA,NA,NA,NA,"https://www.ncei.noaa.gov/access/paleo-search/study/17291",NA,NA,NA,NA,"noaa_study_id=17291; original pub in IMPD datafile header","IMPDv1:IMPD_17291",1634,"Higuera,P.E.",1,"Higuera","P.E.",NA,NA,NA,NA,NA,NA,NA,NA,NA,"IMPDv1:IMPD_17291",1634,"IMPDv1","IMPD_17291",NA,222,222,"cm",NA,"Radiocarbon","wood and leaf frags.",6150,30,7062,NA,"CAMS 138165",TRUE,NA,"na Date is in uncalibrated radiocarbon years.","Little Isac Lake_SIEVED","counted","NaN-NaN",NA,NA,"",6150,6120,6180,6150,222,NA,"na Date is in uncalibrated radiocarbon years.",". Cal curve: NA. Source DB: IMPDv1","Lacustrine","Carbon-14","Radiocarbon",-50.03,2994.09,"Calibrated radiocarbon years BP","sedimentary charcoal","Data Sourcing: IMPDv1 #charcoal_recommendedformat","Sample Age Source: IMPDv1"
"1634",27,"charcoal | num",13.5,13.75,14,0.5,670.93,656.100026,685.7661303,"IMPDv1","Charcoal (sum)","(additional options)",NA,NA,"False","False","number","Macroscopic charcoal (sieved)","direct",NA,"CHAR",2,NA,NA,"quant_raw",2,"volume","cm^3","IMPDv1","IMPD_17291","charcoal","count","char","wet_sieve","particle","num","count","no_size","num","IMPDv1","measured",1,"IMPDv1",NA,"Little Isac Lake",67.941083,-160.797111,210,"north",NA,NA,"sedlac",1634,0,NA,"Higuera,P.E.;Chipman,M.L.;Barnes,J.L.;Urban,M.A.;Hu,F.S.;. Little Isac Lake. NOAA/WDS Paleoclimatology IMPD study 17291",NA,NA,NA,NA,NA,NA,NA,NA,NA,NA,NA,NA,NA,NA,"https://www.ncei.noaa.gov/access/paleo-search/study/17291",NA,NA,NA,NA,"noaa_study_id=17291; original pub in IMPD datafile header","IMPDv1:IMPD_17291",1634,"Higuera,P.E.",1,"Higuera","P.E.",NA,NA,NA,NA,NA,NA,NA,NA,NA,"IMPDv1:IMPD_17291",1634,"IMPDv1","IMPD_17291",NA,281.5,281.5,"cm",NA,"Radiocarbon","wood",7985,35,8867,NA,"CAMS 137907",TRUE,NA,"na Date is in uncalibrated radiocarbon years.","Little Isac Lake_SIEVED","counted","NaN-NaN",NA,NA,"",7985,7950,8020,7985,281.5,NA,"na Date is in uncalibrated radiocarbon years.",". Cal curve: NA. Source DB: IMPDv1","Lacustrine","Carbon-14","Radiocarbon",-50.03,2994.09,"Calibrated radiocarbon years BP","sedimentary charcoal","Data Sourcing: IMPDv1 #charcoal_recommendedformat","Sample Age Source: IMPDv1"
"1634",28,"charcoal | num",14,14.25,14.5,0.5,700.59,685.7661303,715.4179739,"IMPDv1","Charcoal (sum)","(additional options)",NA,NA,"False","False","number","Macroscopic charcoal (sieved)","direct",NA,"CHAR",6,NA,NA,"quant_raw",3,"volume","cm^3","IMPDv1","IMPD_17291","charcoal","count","char","wet_sieve","particle","num","count","no_size","num","IMPDv1","measured",1,"IMPDv1",NA,"Little Isac Lake",67.941083,-160.797111,210,"north",NA,NA,"sedlac",1634,0,NA,"Higuera,P.E.;Chipman,M.L.;Barnes,J.L.;Urban,M.A.;Hu,F.S.;. Little Isac Lake. NOAA/WDS Paleoclimatology IMPD study 17291",NA,NA,NA,NA,NA,NA,NA,NA,NA,NA,NA,NA,NA,NA,"https://www.ncei.noaa.gov/access/paleo-search/study/17291",NA,NA,NA,NA,"noaa_study_id=17291; original pub in IMPD datafile header","IMPDv1:IMPD_17291",1634,"Higuera,P.E.",1,"Higuera","P.E.",NA,NA,NA,NA,NA,NA,NA,NA,NA,"IMPDv1:IMPD_17291",1634,"IMPDv1","IMPD_17291",NA,0,0,"cm",NA,"Radiocarbon","bulk sediment",21.18,1.66,-53,NA,"UIUC O3-1",TRUE,NA,"na Date is in uncalibrated radiocarbon years.","Little Isac Lake_SIEVED","counted","NaN-NaN",NA,NA,"",21.18,19.52,22.84,21.18,0,NA,"na Date is in uncalibrated radiocarbon years.",". Cal curve: NA. Source DB: IMPDv1","Lacustrine","Carbon-14","Radiocarbon",-50.03,2994.09,"Calibrated radiocarbon years BP","sedimentary charcoal","Data Sourcing: IMPDv1 #charcoal_recommendedformat","Sample Age Source: IMPDv1"
"1634",29,"charcoal | num",14.5,14.75,15,0.5,730.24,715.4179739,745.0549086,"IMPDv1","Charcoal (sum)","(additional options)",NA,NA,"False","False","number","Macroscopic charcoal (sieved)","direct",NA,"CHAR",6,NA,NA,"quant_raw",3,"volume","cm^3","IMPDv1","IMPD_17291","charcoal","count","char","wet_sieve","particle","num","count","no_size","num","IMPDv1","measured",1,"IMPDv1",NA,"Little Isac Lake",67.941083,-160.797111,210,"north",NA,NA,"sedlac",1634,0,NA,"Higuera,P.E.;Chipman,M.L.;Barnes,J.L.;Urban,M.A.;Hu,F.S.;. Little Isac Lake. NOAA/WDS Paleoclimatology IMPD study 17291",NA,NA,NA,NA,NA,NA,NA,NA,NA,NA,NA,NA,NA,NA,"https://www.ncei.noaa.gov/access/paleo-search/study/17291",NA,NA,NA,NA,"noaa_study_id=17291; original pub in IMPD datafile header","IMPDv1:IMPD_17291",1634,"Higuera,P.E.",1,"Higuera","P.E.",NA,NA,NA,NA,NA,NA,NA,NA,NA,"IMPDv1:IMPD_17291",1634,"IMPDv1","IMPD_17291",NA,1,1,"cm",NA,"Radiocarbon","bulk sediment",23.29,1.79,-45,NA,"UIUC O3-2",TRUE,NA,"na Date is in uncalibrated radiocarbon years.","Little Isac Lake_SIEVED","counted","NaN-NaN",NA,NA,"",23.29,21.5,25.08,23.29,1,NA,"na Date is in uncalibrated radiocarbon years.",". Cal curve: NA. Source DB: IMPDv1","Lacustrine","Carbon-14","Radiocarbon",-50.03,2994.09,"Calibrated radiocarbon years BP","sedimentary charcoal","Data Sourcing: IMPDv1 #charcoal_recommendedformat","Sample Age Source: IMPDv1"
"1634",30,"charcoal | num",15,15.125,15.25,0.25,752.46,745.0549086,759.8675826,"IMPDv1","Charcoal (sum)","(additional options)",NA,NA,"False","False","number","Macroscopic charcoal (sieved)","direct",NA,"CHAR",10,NA,NA,"quant_raw",6,"volume","cm^3","IMPDv1","IMPD_17291","charcoal","count","char","wet_sieve","particle","num","count","no_size","num","IMPDv1","measured",1,"IMPDv1",NA,"Little Isac Lake",67.941083,-160.797111,210,"north",NA,NA,"sedlac",1634,0,NA,"Higuera,P.E.;Chipman,M.L.;Barnes,J.L.;Urban,M.A.;Hu,F.S.;. Little Isac Lake. NOAA/WDS Paleoclimatology IMPD study 17291",NA,NA,NA,NA,NA,NA,NA,NA,NA,NA,NA,NA,NA,NA,"https://www.ncei.noaa.gov/access/paleo-search/study/17291",NA,NA,NA,NA,"noaa_study_id=17291; original pub in IMPD datafile header","IMPDv1:IMPD_17291",1634,"Higuera,P.E.",1,"Higuera","P.E.",NA,NA,NA,NA,NA,NA,NA,NA,NA,"IMPDv1:IMPD_17291",1634,"IMPDv1","IMPD_17291",NA,2,2,"cm",NA,"Radiocarbon","bulk sediment",18.24,1.45,-36,NA,"UIUC O3-3",TRUE,NA,"na Date is in uncalibrated radiocarbon years.","Little Isac Lake_SIEVED","counted","NaN-NaN",NA,NA,"",18.24,16.79,19.69,18.24,2,NA,"na Date is in uncalibrated radiocarbon years.",". Cal curve: NA. Source DB: IMPDv1","Lacustrine","Carbon-14","Radiocarbon",-50.03,2994.09,"Calibrated radiocarbon years BP","sedimentary charcoal","Data Sourcing: IMPDv1 #charcoal_recommendedformat","Sample Age Source: IMPDv1"
"1634",31,"charcoal | num",15.25,15.375,15.5,0.25,767.27,759.8675826,774.6762863,"IMPDv1","Charcoal (sum)","(additional options)",NA,NA,"False","False","number","Macroscopic charcoal (sieved)","direct",NA,"CHAR",18,NA,NA,"quant_raw",3,"volume","cm^3","IMPDv1","IMPD_17291","charcoal","count","char","wet_sieve","particle","num","count","no_size","num","IMPDv1","measured",1,"IMPDv1",NA,"Little Isac Lake",67.941083,-160.797111,210,"north",NA,NA,"sedlac",1634,0,NA,"Higuera,P.E.;Chipman,M.L.;Barnes,J.L.;Urban,M.A.;Hu,F.S.;. Little Isac Lake. NOAA/WDS Paleoclimatology IMPD study 17291",NA,NA,NA,NA,NA,NA,NA,NA,NA,NA,NA,NA,NA,NA,"https://www.ncei.noaa.gov/access/paleo-search/study/17291",NA,NA,NA,NA,"noaa_study_id=17291; original pub in IMPD datafile header","IMPDv1:IMPD_17291",1634,"Higuera,P.E.",1,"Higuera","P.E.",NA,NA,NA,NA,NA,NA,NA,NA,NA,"IMPDv1:IMPD_17291",1634,"IMPDv1","IMPD_17291",NA,3,3,"cm",NA,"Radiocarbon","bulk sediment",15.55,1.12,-22,NA,"UIUC O3-4",TRUE,NA,"na Date is in uncalibrated radiocarbon years.","Little Isac Lake_SIEVED","counted","NaN-NaN",NA,NA,"",15.55,14.43,16.67,15.55,3,NA,"na Date is in uncalibrated radiocarbon years.",". Cal curve: NA. Source DB: IMPDv1","Lacustrine","Carbon-14","Radiocarbon",-50.03,2994.09,"Calibrated radiocarbon years BP","sedimentary charcoal","Data Sourcing: IMPDv1 #charcoal_recommendedformat","Sample Age Source: IMPDv1"
"1634",32,"charcoal | num",15.5,15.625,15.75,0.25,782.08,774.6762863,789.4809386,"IMPDv1","Charcoal (sum)","(additional options)",NA,NA,"False","False","number","Macroscopic charcoal (sieved)","direct",NA,"CHAR",9,NA,NA,"quant_raw",2,"volume","cm^3","IMPDv1","IMPD_17291","charcoal","count","char","wet_sieve","particle","num","count","no_size","num","IMPDv1","measured",1,"IMPDv1",NA,"Little Isac Lake",67.941083,-160.797111,210,"north",NA,NA,"sedlac",1634,0,NA,"Higuera,P.E.;Chipman,M.L.;Barnes,J.L.;Urban,M.A.;Hu,F.S.;. Little Isac Lake. NOAA/WDS Paleoclimatology IMPD study 17291",NA,NA,NA,NA,NA,NA,NA,NA,NA,NA,NA,NA,NA,NA,"https://www.ncei.noaa.gov/access/paleo-search/study/17291",NA,NA,NA,NA,"noaa_study_id=17291; original pub in IMPD datafile header","IMPDv1:IMPD_17291",1634,"Higuera,P.E.",1,"Higuera","P.E.",NA,NA,NA,NA,NA,NA,NA,NA,NA,"IMPDv1:IMPD_17291",1634,"IMPDv1","IMPD_17291",NA,4,4,"cm",NA,"Radiocarbon","bulk sediment",13.61,0.91,-6,NA,"UIUC O3-5",TRUE,NA,"na Date is in uncalibrated radiocarbon years.","Little Isac Lake_SIEVED","counted","NaN-NaN",NA,NA,"",13.61,12.7,14.52,13.61,4,NA,"na Date is in uncalibrated radiocarbon years.",". Cal curve: NA. Source DB: IMPDv1","Lacustrine","Carbon-14","Radiocarbon",-50.03,2994.09,"Calibrated radiocarbon years BP","sedimentary charcoal","Data Sourcing: IMPDv1 #charcoal_recommendedformat","Sample Age Source: IMPDv1"
"1634",33,"charcoal | num",15.75,15.875,16,0.25,796.88,789.4809386,804.2814585,"IMPDv1","Charcoal (sum)","(additional options)",NA,NA,"False","False","number","Macroscopic charcoal (sieved)","direct",NA,"CHAR",41,NA,NA,"quant_raw",3,"volume","cm^3","IMPDv1","IMPD_17291","charcoal","count","char","wet_sieve","particle","num","count","no_size","num","IMPDv1","measured",1,"IMPDv1",NA,"Little Isac Lake",67.941083,-160.797111,210,"north",NA,NA,"sedlac",1634,0,NA,"Higuera,P.E.;Chipman,M.L.;Barnes,J.L.;Urban,M.A.;Hu,F.S.;. Little Isac Lake. NOAA/WDS Paleoclimatology IMPD study 17291",NA,NA,NA,NA,NA,NA,NA,NA,NA,NA,NA,NA,NA,NA,"https://www.ncei.noaa.gov/access/paleo-search/study/17291",NA,NA,NA,NA,"noaa_study_id=17291; original pub in IMPD datafile header","IMPDv1:IMPD_17291",1634,"Higuera,P.E.",1,"Higuera","P.E.",NA,NA,NA,NA,NA,NA,NA,NA,NA,"IMPDv1:IMPD_17291",1634,"IMPDv1","IMPD_17291",NA,5,5,"cm",NA,"Radiocarbon","bulk sediment",8.72,0.65,14,NA,"UIUC O3-6",TRUE,NA,"na Date is in uncalibrated radiocarbon years.","Little Isac Lake_SIEVED","counted","NaN-NaN",NA,NA,"",8.72,8.07,9.37,8.72,5,NA,"na Date is in uncalibrated radiocarbon years.",". Cal curve: NA. Source DB: IMPDv1","Lacustrine","Carbon-14","Radiocarbon",-50.03,2994.09,"Calibrated radiocarbon years BP","sedimentary charcoal","Data Sourcing: IMPDv1 #charcoal_recommendedformat","Sample Age Source: IMPDv1"
"1634",34,"charcoal | num",16,16.125,16.25,0.25,811.68,804.2814585,819.0777651,"IMPDv1","Charcoal (sum)","(additional options)",NA,NA,"False","False","number","Macroscopic charcoal (sieved)","direct",NA,"CHAR",8,NA,NA,"quant_raw",2,"volume","cm^3","IMPDv1","IMPD_17291","charcoal","count","char","wet_sieve","particle","num","count","no_size","num","IMPDv1","measured",1,"IMPDv1",NA,"Little Isac Lake",67.941083,-160.797111,210,"north",NA,NA,"sedlac",1634,0,NA,"Higuera,P.E.;Chipman,M.L.;Barnes,J.L.;Urban,M.A.;Hu,F.S.;. Little Isac Lake. NOAA/WDS Paleoclimatology IMPD study 17291",NA,NA,NA,NA,NA,NA,NA,NA,NA,NA,NA,NA,NA,NA,"https://www.ncei.noaa.gov/access/paleo-search/study/17291",NA,NA,NA,NA,"noaa_study_id=17291; original pub in IMPD datafile header","IMPDv1:IMPD_17291",1634,"Higuera,P.E.",1,"Higuera","P.E.",NA,NA,NA,NA,NA,NA,NA,NA,NA,"IMPDv1:IMPD_17291",1634,"IMPDv1","IMPD_17291",NA,6,6,"cm",NA,"Radiocarbon","bulk sediment",5.28,0.44,35,NA,"UIUC O3-7",TRUE,NA,"na Date is in uncalibrated radiocarbon years.","Little Isac Lake_SIEVED","counted","NaN-NaN",NA,NA,"",5.28,4.84,5.72,5.28,6,NA,"na Date is in uncalibrated radiocarbon years.",". Cal curve: NA. Source DB: IMPDv1","Lacustrine","Carbon-14","Radiocarbon",-50.03,2994.09,"Calibrated radiocarbon years BP","sedimentary charcoal","Data Sourcing: IMPDv1 #charcoal_recommendedformat","Sample Age Source: IMPDv1"
"1634",35,"charcoal | num",16.25,16.375,16.5,0.25,826.47,819.0777651,833.8697773,"IMPDv1","Charcoal (sum)","(additional options)",NA,NA,"False","False","number","Macroscopic charcoal (sieved)","direct",NA,"CHAR",8,NA,NA,"quant_raw",3,"volume","cm^3","IMPDv1","IMPD_17291","charcoal","count","char","wet_sieve","particle","num","count","no_size","num","IMPDv1","measured",1,"IMPDv1",NA,"Little Isac Lake",67.941083,-160.797111,210,"north",NA,NA,"sedlac",1634,0,NA,"Higuera,P.E.;Chipman,M.L.;Barnes,J.L.;Urban,M.A.;Hu,F.S.;. Little Isac Lake. NOAA/WDS Paleoclimatology IMPD study 17291",NA,NA,NA,NA,NA,NA,NA,NA,NA,NA,NA,NA,NA,NA,"https://www.ncei.noaa.gov/access/paleo-search/study/17291",NA,NA,NA,NA,"noaa_study_id=17291; original pub in IMPD datafile header","IMPDv1:IMPD_17291",1634,"Higuera,P.E.",1,"Higuera","P.E.",NA,NA,NA,NA,NA,NA,NA,NA,NA,"IMPDv1:IMPD_17291",1634,"IMPDv1","IMPD_17291",NA,7,7,"cm",NA,"Radiocarbon","bulk sediment",1.76,0.17,NA,NA,"UIUC O3-8",TRUE,NA,"na Date is in uncalibrated radiocarbon years.","Little Isac Lake_SIEVED","counted","NaN-NaN",NA,NA,"",1.76,1.59,1.93,1.76,7,NA,"na Date is in uncalibrated radiocarbon years.",". Cal curve: NA. Source DB: IMPDv1","Lacustrine","Carbon-14","Radiocarbon",-50.03,2994.09,"Calibrated radiocarbon years BP","sedimentary charcoal","Data Sourcing: IMPDv1 #charcoal_recommendedformat","Sample Age Source: IMPDv1"
"1634",36,"charcoal | num",16.5,16.625,16.75,0.25,841.26,833.8697773,848.657414,"IMPDv1","Charcoal (sum)","(additional options)",NA,NA,"False","False","number","Macroscopic charcoal (sieved)","direct",NA,"CHAR",13,NA,NA,"quant_raw",3,"volume","cm^3","IMPDv1","IMPD_17291","charcoal","count","char","wet_sieve","particle","num","count","no_size","num","IMPDv1","measured",1,"IMPDv1",NA,"Little Isac Lake",67.941083,-160.797111,210,"north",NA,NA,"sedlac",1634,0,NA,"Higuera,P.E.;Chipman,M.L.;Barnes,J.L.;Urban,M.A.;Hu,F.S.;. Little Isac Lake. NOAA/WDS Paleoclimatology IMPD study 17291",NA,NA,NA,NA,NA,NA,NA,NA,NA,NA,NA,NA,NA,NA,"https://www.ncei.noaa.gov/access/paleo-search/study/17291",NA,NA,NA,NA,"noaa_study_id=17291; original pub in IMPD datafile header","IMPDv1:IMPD_17291",1634,"Higuera,P.E.",1,"Higuera","P.E.",NA,NA,NA,NA,NA,NA,NA,NA,NA,"IMPDv1:IMPD_17291",1634,"IMPDv1","IMPD_17291",NA,8,8,"cm",NA,"Radiocarbon","bulk sediment",2.47,0.23,NA,NA,"UIUC O3-9",TRUE,NA,"na Date is in uncalibrated radiocarbon years.","Little Isac Lake_SIEVED","counted","NaN-NaN",NA,NA,"",2.47,2.24,2.7,2.47,8,NA,"na Date is in uncalibrated radiocarbon years.",". Cal curve: NA. Source DB: IMPDv1","Lacustrine","Carbon-14","Radiocarbon",-50.03,2994.09,"Calibrated radiocarbon years BP","sedimentary charcoal","Data Sourcing: IMPDv1 #charcoal_recommendedformat","Sample Age Source: IMPDv1"
"1634",37,"charcoal | num",16.75,16.875,17,0.25,856.05,848.657414,863.4405943,"IMPDv1","Charcoal (sum)","(additional options)",NA,NA,"False","False","number","Macroscopic charcoal (sieved)","direct",NA,"CHAR",27,NA,NA,"quant_raw",3,"volume","cm^3","IMPDv1","IMPD_17291","charcoal","count","char","wet_sieve","particle","num","count","no_size","num","IMPDv1","measured",1,"IMPDv1",NA,"Little Isac Lake",67.941083,-160.797111,210,"north",NA,NA,"sedlac",1634,0,NA,"Higuera,P.E.;Chipman,M.L.;Barnes,J.L.;Urban,M.A.;Hu,F.S.;. Little Isac Lake. NOAA/WDS Paleoclimatology IMPD study 17291",NA,NA,NA,NA,NA,NA,NA,NA,NA,NA,NA,NA,NA,NA,"https://www.ncei.noaa.gov/access/paleo-search/study/17291",NA,NA,NA,NA,"noaa_study_id=17291; original pub in IMPD datafile header","IMPDv1:IMPD_17291",1634,"Higuera,P.E.",1,"Higuera","P.E.",NA,NA,NA,NA,NA,NA,NA,NA,NA,"IMPDv1:IMPD_17291",1634,"IMPDv1","IMPD_17291",NA,9,9,"cm",NA,"Radiocarbon","bulk sediment",1.85,0.19,NA,NA,"UIUC O3-11",TRUE,NA,"na Date is in uncalibrated radiocarbon years.","Little Isac Lake_SIEVED","counted","NaN-NaN",NA,NA,"",1.85,1.66,2.04,1.85,9,NA,"na Date is in uncalibrated radiocarbon years.",". Cal curve: NA. Source DB: IMPDv1","Lacustrine","Carbon-14","Radiocarbon",-50.03,2994.09,"Calibrated radiocarbon years BP","sedimentary charcoal","Data Sourcing: IMPDv1 #charcoal_recommendedformat","Sample Age Source: IMPDv1"
"1634",38,"charcoal | num",17,17.125,17.25,0.25,870.83,863.4405943,878.2192371,"IMPDv1","Charcoal (sum)","(additional options)",NA,NA,"False","False","number","Macroscopic charcoal (sieved)","direct",NA,"CHAR",5,NA,NA,"quant_raw",2,"volume","cm^3","IMPDv1","IMPD_17291","charcoal","count","char","wet_sieve","particle","num","count","no_size","num","IMPDv1","measured",1,"IMPDv1",NA,"Little Isac Lake",67.941083,-160.797111,210,"north",NA,NA,"sedlac",1634,0,NA,"Higuera,P.E.;Chipman,M.L.;Barnes,J.L.;Urban,M.A.;Hu,F.S.;. Little Isac Lake. NOAA/WDS Paleoclimatology IMPD study 17291",NA,NA,NA,NA,NA,NA,NA,NA,NA,NA,NA,NA,NA,NA,"https://www.ncei.noaa.gov/access/paleo-search/study/17291",NA,NA,NA,NA,"noaa_study_id=17291; original pub in IMPD datafile header","IMPDv1:IMPD_17291",1634,"Chipman,M.L.",1,"Chipman","M.L.",NA,NA,NA,NA,NA,NA,NA,NA,NA,"IMPDv1:IMPD_17291",1634,"IMPDv1","IMPD_17291",NA,10,10,"cm",NA,"Radiocarbon","bulk sediment",2.04,0.22,NA,NA,"UIUC O3-12",TRUE,NA,"na Date is in uncalibrated radiocarbon years.","Little Isac Lake_SIEVED","counted","NaN-NaN",NA,NA,"",2.04,1.82,2.26,2.04,10,NA,"na Date is in uncalibrated radiocarbon years.",". Cal curve: NA. Source DB: IMPDv1","Lacustrine","Carbon-14","Radiocarbon",-50.03,2994.09,"Calibrated radiocarbon years BP","sedimentary charcoal","Data Sourcing: IMPDv1 #charcoal_recommendedformat","Sample Age Source: IMPDv1"
"1634",39,"charcoal | num",17.25,17.375,17.5,0.25,885.61,878.2192371,892.9932613,"IMPDv1","Charcoal (sum)","(additional options)",NA,NA,"False","False","number","Macroscopic charcoal (sieved)","direct",NA,"CHAR",3,NA,NA,"quant_raw",3,"volume","cm^3","IMPDv1","IMPD_17291","charcoal","count","char","wet_sieve","particle","num","count","no_size","num","IMPDv1","measured",1,"IMPDv1",NA,"Little Isac Lake",67.941083,-160.797111,210,"north",NA,NA,"sedlac",1634,0,NA,"Higuera,P.E.;Chipman,M.L.;Barnes,J.L.;Urban,M.A.;Hu,F.S.;. Little Isac Lake. NOAA/WDS Paleoclimatology IMPD study 17291",NA,NA,NA,NA,NA,NA,NA,NA,NA,NA,NA,NA,NA,NA,"https://www.ncei.noaa.gov/access/paleo-search/study/17291",NA,NA,NA,NA,"noaa_study_id=17291; original pub in IMPD datafile header","IMPDv1:IMPD_17291",1634,"Chipman,M.L.",1,"Chipman","M.L.",NA,NA,NA,NA,NA,NA,NA,NA,NA,"IMPDv1:IMPD_17291",1634,"IMPDv1","IMPD_17291",NA,10.5,10.5,"cm",NA,"Radiocarbon","bulk sediment",2.18,0.22,NA,NA,"UIUC O3-13",TRUE,NA,"na Date is in uncalibrated radiocarbon years.","Little Isac Lake_SIEVED","counted","NaN-NaN",NA,NA,"",2.18,1.96,2.4,2.18,10.5,NA,"na Date is in uncalibrated radiocarbon years.",". Cal curve: NA. Source DB: IMPDv1","Lacustrine","Carbon-14","Radiocarbon",-50.03,2994.09,"Calibrated radiocarbon years BP","sedimentary charcoal","Data Sourcing: IMPDv1 #charcoal_recommendedformat","Sample Age Source: IMPDv1"
"1634",40,"charcoal | num",17.5,17.625,17.75,0.25,900.38,892.9932613,907.762586,"IMPDv1","Charcoal (sum)","(additional options)",NA,NA,"False","False","number","Macroscopic charcoal (sieved)","direct",NA,"CHAR",2,NA,NA,"quant_raw",3,"volume","cm^3","IMPDv1","IMPD_17291","charcoal","count","char","wet_sieve","particle","num","count","no_size","num","IMPDv1","measured",1,"IMPDv1",NA,"Little Isac Lake",67.941083,-160.797111,210,"north",NA,NA,"sedlac",1634,0,NA,"Higuera,P.E.;Chipman,M.L.;Barnes,J.L.;Urban,M.A.;Hu,F.S.;. Little Isac Lake. NOAA/WDS Paleoclimatology IMPD study 17291",NA,NA,NA,NA,NA,NA,NA,NA,NA,NA,NA,NA,NA,NA,"https://www.ncei.noaa.gov/access/paleo-search/study/17291",NA,NA,NA,NA,"noaa_study_id=17291; original pub in IMPD datafile header","IMPDv1:IMPD_17291",1634,"Chipman,M.L.",1,"Chipman","M.L.",NA,NA,NA,NA,NA,NA,NA,NA,NA,"IMPDv1:IMPD_17291",1634,"IMPDv1","IMPD_17291",NA,11,11,"cm",NA,"Radiocarbon","bulk sediment",1.6,0.16,NA,NA,"UIUC O3-14",TRUE,NA,"na Date is in uncalibrated radiocarbon years.","Little Isac Lake_SIEVED","counted","NaN-NaN",NA,NA,"",1.6,1.44,1.76,1.6,11,NA,"na Date is in uncalibrated radiocarbon years.",". Cal curve: NA. Source DB: IMPDv1","Lacustrine","Carbon-14","Radiocarbon",-50.03,2994.09,"Calibrated radiocarbon years BP","sedimentary charcoal","Data Sourcing: IMPDv1 #charcoal_recommendedformat","Sample Age Source: IMPDv1"
"1634",41,"charcoal | num",17.75,17.875,18,0.25,915.14,907.762586,922.5271302,"IMPDv1","Charcoal (sum)","(additional options)",NA,NA,"False","False","number","Macroscopic charcoal (sieved)","direct",NA,"CHAR",9,NA,NA,"quant_raw",2,"volume","cm^3","IMPDv1","IMPD_17291","charcoal","count","char","wet_sieve","particle","num","count","no_size","num","IMPDv1","measured",1,"IMPDv1",NA,"Little Isac Lake",67.941083,-160.797111,210,"north",NA,NA,"sedlac",1634,0,NA,"Higuera,P.E.;Chipman,M.L.;Barnes,J.L.;Urban,M.A.;Hu,F.S.;. Little Isac Lake. NOAA/WDS Paleoclimatology IMPD study 17291",NA,NA,NA,NA,NA,NA,NA,NA,NA,NA,NA,NA,NA,NA,"https://www.ncei.noaa.gov/access/paleo-search/study/17291",NA,NA,NA,NA,"noaa_study_id=17291; original pub in IMPD datafile header","IMPDv1:IMPD_17291",1634,"Chipman,M.L.",1,"Chipman","M.L.",NA,NA,NA,NA,NA,NA,NA,NA,NA,"IMPDv1:IMPD_17291",1634,"IMPDv1","IMPD_17291",NA,11.5,11.5,"cm",NA,"Radiocarbon","bulk sediment",1.51,0.15,NA,NA,"UIUC O3-15",TRUE,NA,"na Date is in uncalibrated radiocarbon years.","Little Isac Lake_SIEVED","counted","NaN-NaN",NA,NA,"",1.51,1.36,1.66,1.51,11.5,NA,"na Date is in uncalibrated radiocarbon years.",". Cal curve: NA. Source DB: IMPDv1","Lacustrine","Carbon-14","Radiocarbon",-50.03,2994.09,"Calibrated radiocarbon years BP","sedimentary charcoal","Data Sourcing: IMPDv1 #charcoal_recommendedformat","Sample Age Source: IMPDv1"
"1634",42,"charcoal | num",18,18.125,18.25,0.25,929.91,922.5271302,937.2868127,"IMPDv1","Charcoal (sum)","(additional options)",NA,NA,"False","False","number","Macroscopic charcoal (sieved)","direct",NA,"CHAR",8,NA,NA,"quant_raw",2.5,"volume","cm^3","IMPDv1","IMPD_17291","charcoal","count","char","wet_sieve","particle","num","count","no_size","num","IMPDv1","measured",1,"IMPDv1",NA,"Little Isac Lake",67.941083,-160.797111,210,"north",NA,NA,"sedlac",1634,0,NA,"Higuera,P.E.;Chipman,M.L.;Barnes,J.L.;Urban,M.A.;Hu,F.S.;. Little Isac Lake. NOAA/WDS Paleoclimatology IMPD study 17291",NA,NA,NA,NA,NA,NA,NA,NA,NA,NA,NA,NA,NA,NA,"https://www.ncei.noaa.gov/access/paleo-search/study/17291",NA,NA,NA,NA,"noaa_study_id=17291; original pub in IMPD datafile header","IMPDv1:IMPD_17291",1634,"Chipman,M.L.",1,"Chipman","M.L.",NA,NA,NA,NA,NA,NA,NA,NA,NA,"IMPDv1:IMPD_17291",1634,"IMPDv1","IMPD_17291",NA,12,12,"cm",NA,"Radiocarbon","bulk sediment",2.09,0.2,NA,NA,"UIUC O3-16",TRUE,NA,"na Date is in uncalibrated radiocarbon years.","Little Isac Lake_SIEVED","counted","NaN-NaN",NA,NA,"",2.09,1.89,2.29,2.09,12,NA,"na Date is in uncalibrated radiocarbon years.",". Cal curve: NA. Source DB: IMPDv1","Lacustrine","Carbon-14","Radiocarbon",-50.03,2994.09,"Calibrated radiocarbon years BP","sedimentary charcoal","Data Sourcing: IMPDv1 #charcoal_recommendedformat","Sample Age Source: IMPDv1"
"1634",43,"charcoal | num",18.25,18.375,18.5,0.25,944.66,937.2868127,952.0415526,"IMPDv1","Charcoal (sum)","(additional options)",NA,NA,"False","False","number","Macroscopic charcoal (sieved)","direct",NA,"CHAR",1,NA,NA,"quant_raw",2,"volume","cm^3","IMPDv1","IMPD_17291","charcoal","count","char","wet_sieve","particle","num","count","no_size","num","IMPDv1","measured",1,"IMPDv1",NA,"Little Isac Lake",67.941083,-160.797111,210,"north",NA,NA,"sedlac",1634,0,NA,"Higuera,P.E.;Chipman,M.L.;Barnes,J.L.;Urban,M.A.;Hu,F.S.;. Little Isac Lake. NOAA/WDS Paleoclimatology IMPD study 17291",NA,NA,NA,NA,NA,NA,NA,NA,NA,NA,NA,NA,NA,NA,"https://www.ncei.noaa.gov/access/paleo-search/study/17291",NA,NA,NA,NA,"noaa_study_id=17291; original pub in IMPD datafile header","IMPDv1:IMPD_17291",1634,"Chipman,M.L.",1,"Chipman","M.L.",NA,NA,NA,NA,NA,NA,NA,NA,NA,"IMPDv1:IMPD_17291",1634,"IMPDv1","IMPD_17291",NA,12.5,12.5,"cm",NA,"Radiocarbon","bulk sediment",1.69,0.13,NA,NA,"UIUC O3-17",TRUE,NA,"na Date is in uncalibrated radiocarbon years.","Little Isac Lake_SIEVED","counted","NaN-NaN",NA,NA,"",1.69,1.56,1.82,1.69,12.5,NA,"na Date is in uncalibrated radiocarbon years.",". Cal curve: NA. Source DB: IMPDv1","Lacustrine","Carbon-14","Radiocarbon",-50.03,2994.09,"Calibrated radiocarbon years BP","sedimentary charcoal","Data Sourcing: IMPDv1 #charcoal_recommendedformat","Sample Age Source: IMPDv1"
"1634",44,"charcoal | num",18.5,18.625,18.75,0.25,959.42,952.0415526,966.7912689,"IMPDv1","Charcoal (sum)","(additional options)",NA,NA,"False","False","number","Macroscopic charcoal (sieved)","direct",NA,"CHAR",2,NA,NA,"quant_raw",3,"volume","cm^3","IMPDv1","IMPD_17291","charcoal","count","char","wet_sieve","particle","num","count","no_size","num","IMPDv1","measured",1,"IMPDv1",NA,"Little Isac Lake",67.941083,-160.797111,210,"north",NA,NA,"sedlac",1634,0,NA,"Higuera,P.E.;Chipman,M.L.;Barnes,J.L.;Urban,M.A.;Hu,F.S.;. Little Isac Lake. NOAA/WDS Paleoclimatology IMPD study 17291",NA,NA,NA,NA,NA,NA,NA,NA,NA,NA,NA,NA,NA,NA,"https://www.ncei.noaa.gov/access/paleo-search/study/17291",NA,NA,NA,NA,"noaa_study_id=17291; original pub in IMPD datafile header","IMPDv1:IMPD_17291",1634,"Chipman,M.L.",1,"Chipman","M.L.",NA,NA,NA,NA,NA,NA,NA,NA,NA,"IMPDv1:IMPD_17291",1634,"IMPDv1","IMPD_17291",NA,13,13,"cm",NA,"Radiocarbon","bulk sediment",2.02,0.18,NA,NA,"UIUC O3-18",TRUE,NA,"na Date is in uncalibrated radiocarbon years.","Little Isac Lake_SIEVED","counted","NaN-NaN",NA,NA,"",2.02,1.84,2.2,2.02,13,NA,"na Date is in uncalibrated radiocarbon years.",". Cal curve: NA. Source DB: IMPDv1","Lacustrine","Carbon-14","Radiocarbon",-50.03,2994.09,"Calibrated radiocarbon years BP","sedimentary charcoal","Data Sourcing: IMPDv1 #charcoal_recommendedformat","Sample Age Source: IMPDv1"
"1634",45,"charcoal | num",18.75,18.875,19,0.25,974.16,966.7912689,981.5358805,"IMPDv1","Charcoal (sum)","(additional options)",NA,NA,"False","False","number","Macroscopic charcoal (sieved)","direct",NA,"CHAR",3,NA,NA,"quant_raw",3,"volume","cm^3","IMPDv1","IMPD_17291","charcoal","count","char","wet_sieve","particle","num","count","no_size","num","IMPDv1","measured",1,"IMPDv1",NA,"Little Isac Lake",67.941083,-160.797111,210,"north",NA,NA,"sedlac",1634,0,NA,"Higuera,P.E.;Chipman,M.L.;Barnes,J.L.;Urban,M.A.;Hu,F.S.;. Little Isac Lake. NOAA/WDS Paleoclimatology IMPD study 17291",NA,NA,NA,NA,NA,NA,NA,NA,NA,NA,NA,NA,NA,NA,"https://www.ncei.noaa.gov/access/paleo-search/study/17291",NA,NA,NA,NA,"noaa_study_id=17291; original pub in IMPD datafile header","IMPDv1:IMPD_17291",1634,"Chipman,M.L.",1,"Chipman","M.L.",NA,NA,NA,NA,NA,NA,NA,NA,NA,"IMPDv1:IMPD_17291",1634,"IMPDv1","IMPD_17291",NA,13.5,13.5,"cm",NA,"Radiocarbon","bulk sediment",1.48,0.15,NA,NA,"UIUC O3-19",TRUE,NA,"na Date is in uncalibrated radiocarbon years.","Little Isac Lake_SIEVED","counted","NaN-NaN",NA,NA,"",1.48,1.33,1.63,1.48,13.5,NA,"na Date is in uncalibrated radiocarbon years.",". Cal curve: NA. Source DB: IMPDv1","Lacustrine","Carbon-14","Radiocarbon",-50.03,2994.09,"Calibrated radiocarbon years BP","sedimentary charcoal","Data Sourcing: IMPDv1 #charcoal_recommendedformat","Sample Age Source: IMPDv1"
"1634",46,"charcoal | num",19,19.125,19.25,0.25,988.91,981.5358805,996.2753064,"IMPDv1","Charcoal (sum)","(additional options)",NA,NA,"False","False","number","Macroscopic charcoal (sieved)","direct",NA,"CHAR",1,NA,NA,"quant_raw",3,"volume","cm^3","IMPDv1","IMPD_17291","charcoal","count","char","wet_sieve","particle","num","count","no_size","num","IMPDv1","measured",1,"IMPDv1",NA,"Little Isac Lake",67.941083,-160.797111,210,"north",NA,NA,"sedlac",1634,0,NA,"Higuera,P.E.;Chipman,M.L.;Barnes,J.L.;Urban,M.A.;Hu,F.S.;. Little Isac Lake. NOAA/WDS Paleoclimatology IMPD study 17291",NA,NA,NA,NA,NA,NA,NA,NA,NA,NA,NA,NA,NA,NA,"https://www.ncei.noaa.gov/access/paleo-search/study/17291",NA,NA,NA,NA,"noaa_study_id=17291; original pub in IMPD datafile header","IMPDv1:IMPD_17291",1634,"Chipman,M.L.",1,"Chipman","M.L.",NA,NA,NA,NA,NA,NA,NA,NA,NA,"IMPDv1:IMPD_17291",1634,"IMPDv1","IMPD_17291",NA,35.75,35.75,"cm",NA,"Radiocarbon","wood fragments",720,35,671,NA,"CAMS 136545",TRUE,NA,"na Date is in uncalibrated radiocarbon years.","Little Isac Lake_SIEVED","counted","NaN-NaN",NA,NA,"",720,685,755,720,35.75,NA,"na Date is in uncalibrated radiocarbon years.",". Cal curve: NA. Source DB: IMPDv1","Lacustrine","Carbon-14","Radiocarbon",-50.03,2994.09,"Calibrated radiocarbon years BP","sedimentary charcoal","Data Sourcing: IMPDv1 #charcoal_recommendedformat","Sample Age Source: IMPDv1"
"1634",47,"charcoal | num",19.25,19.375,19.5,0.25,1003.64,996.2753064,1011.009466,"IMPDv1","Charcoal (sum)","(additional options)",NA,NA,"False","False","number","Macroscopic charcoal (sieved)","direct",NA,"CHAR",0,NA,NA,"quant_raw",3,"volume","cm^3","IMPDv1","IMPD_17291","charcoal","count","char","wet_sieve","particle","num","count","no_size","num","IMPDv1","measured",1,"IMPDv1",NA,"Little Isac Lake",67.941083,-160.797111,210,"north",NA,NA,"sedlac",1634,0,NA,"Higuera,P.E.;Chipman,M.L.;Barnes,J.L.;Urban,M.A.;Hu,F.S.;. Little Isac Lake. NOAA/WDS Paleoclimatology IMPD study 17291",NA,NA,NA,NA,NA,NA,NA,NA,NA,NA,NA,NA,NA,NA,"https://www.ncei.noaa.gov/access/paleo-search/study/17291",NA,NA,NA,NA,"noaa_study_id=17291; original pub in IMPD datafile header","IMPDv1:IMPD_17291",1634,"Chipman,M.L.",1,"Chipman","M.L.",NA,NA,NA,NA,NA,NA,NA,NA,NA,"IMPDv1:IMPD_17291",1634,"IMPDv1","IMPD_17291",NA,41.75,41.75,"cm",NA,"Radiocarbon","wood fragments",1120,35,1019,NA,"CAMS 136546",TRUE,NA,"na Date is in uncalibrated radiocarbon years.","Little Isac Lake_SIEVED","counted","NaN-NaN",NA,NA,"",1120,1085,1155,1120,41.75,NA,"na Date is in uncalibrated radiocarbon years.",". Cal curve: NA. Source DB: IMPDv1","Lacustrine","Carbon-14","Radiocarbon",-50.03,2994.09,"Calibrated radiocarbon years BP","sedimentary charcoal","Data Sourcing: IMPDv1 #charcoal_recommendedformat","Sample Age Source: IMPDv1"
"1634",48,"charcoal | num",19.5,19.625,19.75,0.25,1018.37,1011.009466,1025.738277,"IMPDv1","Charcoal (sum)","(additional options)",NA,NA,"False","False","number","Macroscopic charcoal (sieved)","direct",NA,"CHAR",1,NA,NA,"quant_raw",2.5,"volume","cm^3","IMPDv1","IMPD_17291","charcoal","count","char","wet_sieve","particle","num","count","no_size","num","IMPDv1","measured",1,"IMPDv1",NA,"Little Isac Lake",67.941083,-160.797111,210,"north",NA,NA,"sedlac",1634,0,NA,"Higuera,P.E.;Chipman,M.L.;Barnes,J.L.;Urban,M.A.;Hu,F.S.;. Little Isac Lake. NOAA/WDS Paleoclimatology IMPD study 17291",NA,NA,NA,NA,NA,NA,NA,NA,NA,NA,NA,NA,NA,NA,"https://www.ncei.noaa.gov/access/paleo-search/study/17291",NA,NA,NA,NA,"noaa_study_id=17291; original pub in IMPD datafile header","IMPDv1:IMPD_17291",1634,"Chipman,M.L.",1,"Chipman","M.L.",NA,NA,NA,NA,NA,NA,NA,NA,NA,"IMPDv1:IMPD_17291",1634,"IMPDv1","IMPD_17291",NA,69,69,"cm",NA,"Radiocarbon","wood fragment",1925,35,1871,NA,"CAMS 136547",TRUE,NA,"na Date is in uncalibrated radiocarbon years.","Little Isac Lake_SIEVED","counted","NaN-NaN",NA,NA,"",1925,1890,1960,1925,69,NA,"na Date is in uncalibrated radiocarbon years.",". Cal curve: NA. Source DB: IMPDv1","Lacustrine","Carbon-14","Radiocarbon",-50.03,2994.09,"Calibrated radiocarbon years BP","sedimentary charcoal","Data Sourcing: IMPDv1 #charcoal_recommendedformat","Sample Age Source: IMPDv1"
"1634",49,"charcoal | num",19.75,19.875,20,0.25,1033.1,1025.738277,1040.46166,"IMPDv1","Charcoal (sum)","(additional options)",NA,NA,"False","False","number","Macroscopic charcoal (sieved)","direct",NA,"CHAR",5,NA,NA,"quant_raw",2,"volume","cm^3","IMPDv1","IMPD_17291","charcoal","count","char","wet_sieve","particle","num","count","no_size","num","IMPDv1","measured",1,"IMPDv1",NA,"Little Isac Lake",67.941083,-160.797111,210,"north",NA,NA,"sedlac",1634,0,NA,"Higuera,P.E.;Chipman,M.L.;Barnes,J.L.;Urban,M.A.;Hu,F.S.;. Little Isac Lake. NOAA/WDS Paleoclimatology IMPD study 17291",NA,NA,NA,NA,NA,NA,NA,NA,NA,NA,NA,NA,NA,NA,"https://www.ncei.noaa.gov/access/paleo-search/study/17291",NA,NA,NA,NA,"noaa_study_id=17291; original pub in IMPD datafile header","IMPDv1:IMPD_17291",1634,"Chipman,M.L.",1,"Chipman","M.L.",NA,NA,NA,NA,NA,NA,NA,NA,NA,"IMPDv1:IMPD_17291",1634,"IMPDv1","IMPD_17291",NA,97,97,"cm",NA,"Radiocarbon","wood fragments",2490,35,2576,NA,"CAMS 136548",TRUE,NA,"na Date is in uncalibrated radiocarbon years.","Little Isac Lake_SIEVED","counted","NaN-NaN",NA,NA,"",2490,2455,2525,2490,97,NA,"na Date is in uncalibrated radiocarbon years.",". Cal curve: NA. Source DB: IMPDv1","Lacustrine","Carbon-14","Radiocarbon",-50.03,2994.09,"Calibrated radiocarbon years BP","sedimentary charcoal","Data Sourcing: IMPDv1 #charcoal_recommendedformat","Sample Age Source: IMPDv1"
"1634",50,"charcoal | num",20,20.125,20.25,0.25,1047.82,1040.46166,1055.179532,"IMPDv1","Charcoal (sum)","(additional options)",NA,NA,"False","False","number","Macroscopic charcoal (sieved)","direct",NA,"CHAR",55,NA,NA,"quant_raw",3,"volume","cm^3","IMPDv1","IMPD_17291","charcoal","count","char","wet_sieve","particle","num","count","no_size","num","IMPDv1","measured",1,"IMPDv1",NA,"Little Isac Lake",67.941083,-160.797111,210,"north",NA,NA,"sedlac",1634,0,NA,"Higuera,P.E.;Chipman,M.L.;Barnes,J.L.;Urban,M.A.;Hu,F.S.;. Little Isac Lake. NOAA/WDS Paleoclimatology IMPD study 17291",NA,NA,NA,NA,NA,NA,NA,NA,NA,NA,NA,NA,NA,NA,"https://www.ncei.noaa.gov/access/paleo-search/study/17291",NA,NA,NA,NA,"noaa_study_id=17291; original pub in IMPD datafile header","IMPDv1:IMPD_17291",1634,"Chipman,M.L.",1,"Chipman","M.L.",NA,NA,NA,NA,NA,NA,NA,NA,NA,"IMPDv1:IMPD_17291",1634,"IMPDv1","IMPD_17291",NA,118,118,"cm",NA,"Radiocarbon","wood and bark",3570,45,3868,NA,"CAMS 137916",TRUE,NA,"na Date is in uncalibrated radiocarbon years.","Little Isac Lake_SIEVED","counted","NaN-NaN",NA,NA,"",3570,3525,3615,3570,118,NA,"na Date is in uncalibrated radiocarbon years.",". Cal curve: NA. Source DB: IMPDv1","Lacustrine","Carbon-14","Radiocarbon",-50.03,2994.09,"Calibrated radiocarbon years BP","sedimentary charcoal","Data Sourcing: IMPDv1 #charcoal_recommendedformat","Sample Age Source: IMPDv1"
"1634",51,"charcoal | num",20.25,20.375,20.5,0.25,1062.54,1055.179532,1069.891814,"IMPDv1","Charcoal (sum)","(additional options)",NA,NA,"False","False","number","Macroscopic charcoal (sieved)","direct",NA,"CHAR",4,NA,NA,"quant_raw",3,"volume","cm^3","IMPDv1","IMPD_17291","charcoal","count","char","wet_sieve","particle","num","count","no_size","num","IMPDv1","measured",1,"IMPDv1",NA,"Little Isac Lake",67.941083,-160.797111,210,"north",NA,NA,"sedlac",1634,0,NA,"Higuera,P.E.;Chipman,M.L.;Barnes,J.L.;Urban,M.A.;Hu,F.S.;. Little Isac Lake. NOAA/WDS Paleoclimatology IMPD study 17291",NA,NA,NA,NA,NA,NA,NA,NA,NA,NA,NA,NA,NA,NA,"https://www.ncei.noaa.gov/access/paleo-search/study/17291",NA,NA,NA,NA,"noaa_study_id=17291; original pub in IMPD datafile header","IMPDv1:IMPD_17291",1634,"Chipman,M.L.",1,"Chipman","M.L.",NA,NA,NA,NA,NA,NA,NA,NA,NA,"IMPDv1:IMPD_17291",1634,"IMPDv1","IMPD_17291",NA,132.25,132.25,"cm",NA,"Radiocarbon","wood and bark",3685,40,4024,NA,"CAMS 137915",TRUE,NA,"na Date is in uncalibrated radiocarbon years.","Little Isac Lake_SIEVED","counted","NaN-NaN",NA,NA,"",3685,3645,3725,3685,132.25,NA,"na Date is in uncalibrated radiocarbon years.",". Cal curve: NA. Source DB: IMPDv1","Lacustrine","Carbon-14","Radiocarbon",-50.03,2994.09,"Calibrated radiocarbon years BP","sedimentary charcoal","Data Sourcing: IMPDv1 #charcoal_recommendedformat","Sample Age Source: IMPDv1"
"1634",52,"charcoal | num",20.5,20.625,20.75,0.25,1077.25,1069.891814,1084.598424,"IMPDv1","Charcoal (sum)","(additional options)",NA,NA,"False","False","number","Macroscopic charcoal (sieved)","direct",NA,"CHAR",4,NA,NA,"quant_raw",3,"volume","cm^3","IMPDv1","IMPD_17291","charcoal","count","char","wet_sieve","particle","num","count","no_size","num","IMPDv1","measured",1,"IMPDv1",NA,"Little Isac Lake",67.941083,-160.797111,210,"north",NA,NA,"sedlac",1634,0,NA,"Higuera,P.E.;Chipman,M.L.;Barnes,J.L.;Urban,M.A.;Hu,F.S.;. Little Isac Lake. NOAA/WDS Paleoclimatology IMPD study 17291",NA,NA,NA,NA,NA,NA,NA,NA,NA,NA,NA,NA,NA,NA,"https://www.ncei.noaa.gov/access/paleo-search/study/17291",NA,NA,NA,NA,"noaa_study_id=17291; original pub in IMPD datafile header","IMPDv1:IMPD_17291",1634,"Chipman,M.L.",1,"Chipman","M.L.",NA,NA,NA,NA,NA,NA,NA,NA,NA,"IMPDv1:IMPD_17291",1634,"IMPDv1","IMPD_17291",NA,169,169,"cm",NA,"Radiocarbon","wood fragments",4805,35,5517,NA,"CAMS 136549",TRUE,NA,"na Date is in uncalibrated radiocarbon years.","Little Isac Lake_SIEVED","counted","NaN-NaN",NA,NA,"",4805,4770,4840,4805,169,NA,"na Date is in uncalibrated radiocarbon years.",". Cal curve: NA. Source DB: IMPDv1","Lacustrine","Carbon-14","Radiocarbon",-50.03,2994.09,"Calibrated radiocarbon years BP","sedimentary charcoal","Data Sourcing: IMPDv1 #charcoal_recommendedformat","Sample Age Source: IMPDv1"
"1634",53,"charcoal | num",20.75,20.875,21,0.25,1091.95,1084.598424,1099.299282,"IMPDv1","Charcoal (sum)","(additional options)",NA,NA,"False","False","number","Macroscopic charcoal (sieved)","direct",NA,"CHAR",1,NA,NA,"quant_raw",3,"volume","cm^3","IMPDv1","IMPD_17291","charcoal","count","char","wet_sieve","particle","num","count","no_size","num","IMPDv1","measured",1,"IMPDv1",NA,"Little Isac Lake",67.941083,-160.797111,210,"north",NA,NA,"sedlac",1634,0,NA,"Higuera,P.E.;Chipman,M.L.;Barnes,J.L.;Urban,M.A.;Hu,F.S.;. Little Isac Lake. NOAA/WDS Paleoclimatology IMPD study 17291",NA,NA,NA,NA,NA,NA,NA,NA,NA,NA,NA,NA,NA,NA,"https://www.ncei.noaa.gov/access/paleo-search/study/17291",NA,NA,NA,NA,"noaa_study_id=17291; original pub in IMPD datafile header","IMPDv1:IMPD_17291",1634,"Chipman,M.L.",1,"Chipman","M.L.",NA,NA,NA,NA,NA,NA,NA,NA,NA,"IMPDv1:IMPD_17291",1634,"IMPDv1","IMPD_17291",NA,182.25,182.25,"cm",NA,"Radiocarbon","wood",5975,35,6812,NA,"CAMS 137917",TRUE,NA,"na Date is in uncalibrated radiocarbon years.","Little Isac Lake_SIEVED","counted","NaN-NaN",NA,NA,"",5975,5940,6010,5975,182.25,NA,"na Date is in uncalibrated radiocarbon years.",". Cal curve: NA. Source DB: IMPDv1","Lacustrine","Carbon-14","Radiocarbon",-50.03,2994.09,"Calibrated radiocarbon years BP","sedimentary charcoal","Data Sourcing: IMPDv1 #charcoal_recommendedformat","Sample Age Source: IMPDv1"
"1634",54,"charcoal | num",21,21.125,21.25,0.25,1106.65,1099.299282,1113.994305,"IMPDv1","Charcoal (sum)","(additional options)",NA,NA,"False","False","number","Macroscopic charcoal (sieved)","direct",NA,"CHAR",0,NA,NA,"quant_raw",3,"volume","cm^3","IMPDv1","IMPD_17291","charcoal","count","char","wet_sieve","particle","num","count","no_size","num","IMPDv1","measured",1,"IMPDv1",NA,"Little Isac Lake",67.941083,-160.797111,210,"north",NA,NA,"sedlac",1634,0,NA,"Higuera,P.E.;Chipman,M.L.;Barnes,J.L.;Urban,M.A.;Hu,F.S.;. Little Isac Lake. NOAA/WDS Paleoclimatology IMPD study 17291",NA,NA,NA,NA,NA,NA,NA,NA,NA,NA,NA,NA,NA,NA,"https://www.ncei.noaa.gov/access/paleo-search/study/17291",NA,NA,NA,NA,"noaa_study_id=17291; original pub in IMPD datafile header","IMPDv1:IMPD_17291",1634,"Chipman,M.L.",1,"Chipman","M.L.",NA,NA,NA,NA,NA,NA,NA,NA,NA,"IMPDv1:IMPD_17291",1634,"IMPDv1","IMPD_17291",NA,0,0,"cm",NA,"Radiocarbon","bulk sediment",22.8,1.58,-50,NA,"UIUC K3-1",TRUE,NA,"na Date is in uncalibrated radiocarbon years.","Little Isac Lake_SIEVED","counted","NaN-NaN",NA,NA,"",22.8,21.22,24.38,22.8,0,NA,"na Date is in uncalibrated radiocarbon years.",". Cal curve: NA. Source DB: IMPDv1","Lacustrine","Carbon-14","Radiocarbon",-50.03,2994.09,"Calibrated radiocarbon years BP","sedimentary charcoal","Data Sourcing: IMPDv1 #charcoal_recommendedformat","Sample Age Source: IMPDv1"
"1634",55,"charcoal | num",21.25,21.375,21.5,0.25,1121.34,1113.994305,1128.683413,"IMPDv1","Charcoal (sum)","(additional options)",NA,NA,"False","False","number","Macroscopic charcoal (sieved)","direct",NA,"CHAR",15,NA,NA,"quant_raw",3,"volume","cm^3","IMPDv1","IMPD_17291","charcoal","count","char","wet_sieve","particle","num","count","no_size","num","IMPDv1","measured",1,"IMPDv1",NA,"Little Isac Lake",67.941083,-160.797111,210,"north",NA,NA,"sedlac",1634,0,NA,"Higuera,P.E.;Chipman,M.L.;Barnes,J.L.;Urban,M.A.;Hu,F.S.;. Little Isac Lake. NOAA/WDS Paleoclimatology IMPD study 17291",NA,NA,NA,NA,NA,NA,NA,NA,NA,NA,NA,NA,NA,NA,"https://www.ncei.noaa.gov/access/paleo-search/study/17291",NA,NA,NA,NA,"noaa_study_id=17291; original pub in IMPD datafile header","IMPDv1:IMPD_17291",1634,"Chipman,M.L.",1,"Chipman","M.L.",NA,NA,NA,NA,NA,NA,NA,NA,NA,"IMPDv1:IMPD_17291",1634,"IMPDv1","IMPD_17291",NA,1.46,1.46,"cm",NA,"Radiocarbon","bulk sediment",22.52,1.71,-40,NA,"UIUC K3-2",TRUE,NA,"na Date is in uncalibrated radiocarbon years.","Little Isac Lake_SIEVED","counted","NaN-NaN",NA,NA,"",22.52,20.81,24.23,22.52,1.46,NA,"na Date is in uncalibrated radiocarbon years.",". Cal curve: NA. Source DB: IMPDv1","Lacustrine","Carbon-14","Radiocarbon",-50.03,2994.09,"Calibrated radiocarbon years BP","sedimentary charcoal","Data Sourcing: IMPDv1 #charcoal_recommendedformat","Sample Age Source: IMPDv1"
"1634",56,"charcoal | num",21.5,21.625,21.75,0.25,1136.02,1128.683413,1143.366526,"IMPDv1","Charcoal (sum)","(additional options)",NA,NA,"False","False","number","Macroscopic charcoal (sieved)","direct",NA,"CHAR",1,NA,NA,"quant_raw",2.5,"volume","cm^3","IMPDv1","IMPD_17291","charcoal","count","char","wet_sieve","particle","num","count","no_size","num","IMPDv1","measured",1,"IMPDv1",NA,"Little Isac Lake",67.941083,-160.797111,210,"north",NA,NA,"sedlac",1634,0,NA,"Higuera,P.E.;Chipman,M.L.;Barnes,J.L.;Urban,M.A.;Hu,F.S.;. Little Isac Lake. NOAA/WDS Paleoclimatology IMPD study 17291",NA,NA,NA,NA,NA,NA,NA,NA,NA,NA,NA,NA,NA,NA,"https://www.ncei.noaa.gov/access/paleo-search/study/17291",NA,NA,NA,NA,"noaa_study_id=17291; original pub in IMPD datafile header","IMPDv1:IMPD_17291",1634,"Chipman,M.L.",1,"Chipman","M.L.",NA,NA,NA,NA,NA,NA,NA,NA,NA,"IMPDv1:IMPD_17291",1634,"IMPDv1","IMPD_17291",NA,2.92,2.92,"cm",NA,"Radiocarbon","bulk sediment",20.7,1.32,-25,NA,"UIUC K3-3",TRUE,NA,"na Date is in uncalibrated radiocarbon years.","Little Isac Lake_SIEVED","counted","NaN-NaN",NA,NA,"",20.7,19.38,22.02,20.7,2.92,NA,"na Date is in uncalibrated radiocarbon years.",". Cal curve: NA. Source DB: IMPDv1","Lacustrine","Carbon-14","Radiocarbon",-50.03,2994.09,"Calibrated radiocarbon years BP","sedimentary charcoal","Data Sourcing: IMPDv1 #charcoal_recommendedformat","Sample Age Source: IMPDv1"
"1634",57,"charcoal | num",21.75,21.875,22,0.25,1150.71,1143.366526,1158.043561,"IMPDv1","Charcoal (sum)","(additional options)",NA,NA,"False","False","number","Macroscopic charcoal (sieved)","direct",NA,"CHAR",28,NA,NA,"quant_raw",3,"volume","cm^3","IMPDv1","IMPD_17291","charcoal","count","char","wet_sieve","particle","num","count","no_size","num","IMPDv1","measured",1,"IMPDv1",NA,"Little Isac Lake",67.941083,-160.797111,210,"north",NA,NA,"sedlac",1634,0,NA,"Higuera,P.E.;Chipman,M.L.;Barnes,J.L.;Urban,M.A.;Hu,F.S.;. Little Isac Lake. NOAA/WDS Paleoclimatology IMPD study 17291",NA,NA,NA,NA,NA,NA,NA,NA,NA,NA,NA,NA,NA,NA,"https://www.ncei.noaa.gov/access/paleo-search/study/17291",NA,NA,NA,NA,"noaa_study_id=17291; original pub in IMPD datafile header","IMPDv1:IMPD_17291",1634,"Chipman,M.L.",1,"Chipman","M.L.",NA,NA,NA,NA,NA,NA,NA,NA,NA,"IMPDv1:IMPD_17291",1634,"IMPDv1","IMPD_17291",NA,4.38,4.38,"cm",NA,"Radiocarbon","bulk sediment",16.52,1.17,3,NA,"UIUC K3-4",TRUE,NA,"na Date is in uncalibrated radiocarbon years.","Little Isac Lake_SIEVED","counted","NaN-NaN",NA,NA,"",16.52,15.35,17.69,16.52,4.38,NA,"na Date is in uncalibrated radiocarbon years.",". Cal curve: NA. Source DB: IMPDv1","Lacustrine","Carbon-14","Radiocarbon",-50.03,2994.09,"Calibrated radiocarbon years BP","sedimentary charcoal","Data Sourcing: IMPDv1 #charcoal_recommendedformat","Sample Age Source: IMPDv1"
"1634",58,"charcoal | num",22,22.125,22.25,0.25,1165.38,1158.043561,1172.714438,"IMPDv1","Charcoal (sum)","(additional options)",NA,NA,"False","False","number","Macroscopic charcoal (sieved)","direct",NA,"CHAR",2,NA,NA,"quant_raw",3,"volume","cm^3","IMPDv1","IMPD_17291","charcoal","count","char","wet_sieve","particle","num","count","no_size","num","IMPDv1","measured",1,"IMPDv1",NA,"Little Isac Lake",67.941083,-160.797111,210,"north",NA,NA,"sedlac",1634,0,NA,"Higuera,P.E.;Chipman,M.L.;Barnes,J.L.;Urban,M.A.;Hu,F.S.;. Little Isac Lake. NOAA/WDS Paleoclimatology IMPD study 17291",NA,NA,NA,NA,NA,NA,NA,NA,NA,NA,NA,NA,NA,NA,"https://www.ncei.noaa.gov/access/paleo-search/study/17291",NA,NA,NA,NA,"noaa_study_id=17291; original pub in IMPD datafile header","IMPDv1:IMPD_17291",1634,"Chipman,M.L.",1,"Chipman","M.L.",NA,NA,NA,NA,NA,NA,NA,NA,NA,"IMPDv1:IMPD_17291",1634,"IMPDv1","IMPD_17291",NA,5.85,5.85,"cm",NA,"Radiocarbon","bulk sediment",7.89,0.61,36,NA,"UIUC K3-5",TRUE,NA,"na Date is in uncalibrated radiocarbon years.","Little Isac Lake_SIEVED","counted","NaN-NaN",NA,NA,"",7.89,7.28,8.5,7.89,5.85,NA,"na Date is in uncalibrated radiocarbon years.",". Cal curve: NA. Source DB: IMPDv1","Lacustrine","Carbon-14","Radiocarbon",-50.03,2994.09,"Calibrated radiocarbon years BP","sedimentary charcoal","Data Sourcing: IMPDv1 #charcoal_recommendedformat","Sample Age Source: IMPDv1"
"1634",59,"charcoal | num",22.25,22.375,22.5,0.25,1180.05,1172.714438,1187.379077,"IMPDv1","Charcoal (sum)","(additional options)",NA,NA,"False","False","number","Macroscopic charcoal (sieved)","direct",NA,"CHAR",1,NA,NA,"quant_raw",3,"volume","cm^3","IMPDv1","IMPD_17291","charcoal","count","char","wet_sieve","particle","num","count","no_size","num","IMPDv1","measured",1,"IMPDv1",NA,"Little Isac Lake",67.941083,-160.797111,210,"north",NA,NA,"sedlac",1634,0,NA,"Higuera,P.E.;Chipman,M.L.;Barnes,J.L.;Urban,M.A.;Hu,F.S.;. Little Isac Lake. NOAA/WDS Paleoclimatology IMPD study 17291",NA,NA,NA,NA,NA,NA,NA,NA,NA,NA,NA,NA,NA,NA,"https://www.ncei.noaa.gov/access/paleo-search/study/17291",NA,NA,NA,NA,"noaa_study_id=17291; original pub in IMPD datafile header","IMPDv1:IMPD_17291",1634,"Chipman,M.L.",1,"Chipman","M.L.",NA,NA,NA,NA,NA,NA,NA,NA,NA,"IMPDv1:IMPD_17291",1634,"IMPDv1","IMPD_17291",NA,7.31,7.31,"cm",NA,"Radiocarbon","bulk sediment",3.43,0.26,63,NA,"UIUC K3-6",TRUE,NA,"na Date is in uncalibrated radiocarbon years.","Little Isac Lake_SIEVED","counted","NaN-NaN",NA,NA,"",3.43,3.17,3.69,3.43,7.31,NA,"na Date is in uncalibrated radiocarbon years.",". Cal curve: NA. Source DB: IMPDv1","Lacustrine","Carbon-14","Radiocarbon",-50.03,2994.09,"Calibrated radiocarbon years BP","sedimentary charcoal","Data Sourcing: IMPDv1 #charcoal_recommendedformat","Sample Age Source: IMPDv1"
"1634",60,"charcoal | num",22.5,22.625,22.75,0.25,1194.71,1187.379077,1202.037395,"IMPDv1","Charcoal (sum)","(additional options)",NA,NA,"False","False","number","Macroscopic charcoal (sieved)","direct",NA,"CHAR",0,NA,NA,"quant_raw",3,"volume","cm^3","IMPDv1","IMPD_17291","charcoal","count","char","wet_sieve","particle","num","count","no_size","num","IMPDv1","measured",1,"IMPDv1",NA,"Little Isac Lake",67.941083,-160.797111,210,"north",NA,NA,"sedlac",1634,0,NA,"Higuera,P.E.;Chipman,M.L.;Barnes,J.L.;Urban,M.A.;Hu,F.S.;. Little Isac Lake. NOAA/WDS Paleoclimatology IMPD study 17291",NA,NA,NA,NA,NA,NA,NA,NA,NA,NA,NA,NA,NA,NA,"https://www.ncei.noaa.gov/access/paleo-search/study/17291",NA,NA,NA,NA,"noaa_study_id=17291; original pub in IMPD datafile header","IMPDv1:IMPD_17291",1634,"Chipman,M.L.",1,"Chipman","M.L.",NA,NA,NA,NA,NA,NA,NA,NA,NA,"IMPDv1:IMPD_17291",1634,"IMPDv1","IMPD_17291",NA,8.77,8.77,"cm",NA,"Radiocarbon","bulk sediment",2.59,0.25,94,NA,"UIUC K3-7",TRUE,NA,"na Date is in uncalibrated radiocarbon years.","Little Isac Lake_SIEVED","counted","NaN-NaN",NA,NA,"",2.59,2.34,2.84,2.59,8.77,NA,"na Date is in uncalibrated radiocarbon years.",". Cal curve: NA. Source DB: IMPDv1","Lacustrine","Carbon-14","Radiocarbon",-50.03,2994.09,"Calibrated radiocarbon years BP","sedimentary charcoal","Data Sourcing: IMPDv1 #charcoal_recommendedformat","Sample Age Source: IMPDv1"
"1634",61,"charcoal | num",22.75,22.875,23,0.25,1209.36,1202.037395,1216.689312,"IMPDv1","Charcoal (sum)","(additional options)",NA,NA,"False","False","number","Macroscopic charcoal (sieved)","direct",NA,"CHAR",8,NA,NA,"quant_raw",3,"volume","cm^3","IMPDv1","IMPD_17291","charcoal","count","char","wet_sieve","particle","num","count","no_size","num","IMPDv1","measured",1,"IMPDv1",NA,"Little Isac Lake",67.941083,-160.797111,210,"north",NA,NA,"sedlac",1634,0,NA,"Higuera,P.E.;Chipman,M.L.;Barnes,J.L.;Urban,M.A.;Hu,F.S.;. Little Isac Lake. NOAA/WDS Paleoclimatology IMPD study 17291",NA,NA,NA,NA,NA,NA,NA,NA,NA,NA,NA,NA,NA,NA,"https://www.ncei.noaa.gov/access/paleo-search/study/17291",NA,NA,NA,NA,"noaa_study_id=17291; original pub in IMPD datafile header","IMPDv1:IMPD_17291",1634,"Chipman,M.L.",1,"Chipman","M.L.",NA,NA,NA,NA,NA,NA,NA,NA,NA,"IMPDv1:IMPD_17291",1634,"IMPDv1","IMPD_17291",NA,10.23,10.23,"cm",NA,"Radiocarbon","bulk sediment",1.82,0.15,NA,NA,"UIUC K3-8",TRUE,NA,"na Date is in uncalibrated radiocarbon years.","Little Isac Lake_SIEVED","counted","NaN-NaN",NA,NA,"",1.82,1.67,1.97,1.82,10.23,NA,"na Date is in uncalibrated radiocarbon years.",". Cal curve: NA. Source DB: IMPDv1","Lacustrine","Carbon-14","Radiocarbon",-50.03,2994.09,"Calibrated radiocarbon years BP","sedimentary charcoal","Data Sourcing: IMPDv1 #charcoal_recommendedformat","Sample Age Source: IMPDv1"
"1634",62,"charcoal | num",23,23.125,23.25,0.25,1224.01,1216.689312,1231.334747,"IMPDv1","Charcoal (sum)","(additional options)",NA,NA,"False","False","number","Macroscopic charcoal (sieved)","direct",NA,"CHAR",11,NA,NA,"quant_raw",3,"volume","cm^3","IMPDv1","IMPD_17291","charcoal","count","char","wet_sieve","particle","num","count","no_size","num","IMPDv1","measured",1,"IMPDv1",NA,"Little Isac Lake",67.941083,-160.797111,210,"north",NA,NA,"sedlac",1634,0,NA,"Higuera,P.E.;Chipman,M.L.;Barnes,J.L.;Urban,M.A.;Hu,F.S.;. Little Isac Lake. NOAA/WDS Paleoclimatology IMPD study 17291",NA,NA,NA,NA,NA,NA,NA,NA,NA,NA,NA,NA,NA,NA,"https://www.ncei.noaa.gov/access/paleo-search/study/17291",NA,NA,NA,NA,"noaa_study_id=17291; original pub in IMPD datafile header","IMPDv1:IMPD_17291",1634,"Chipman,M.L.",1,"Chipman","M.L.",NA,NA,NA,NA,NA,NA,NA,NA,NA,"IMPDv1:IMPD_17291",1634,"IMPDv1","IMPD_17291",NA,11.69,11.69,"cm",NA,"Radiocarbon","bulk sediment",1.85,0.2,NA,NA,"UIUC K3-9",TRUE,NA,"na Date is in uncalibrated radiocarbon years.","Little Isac Lake_SIEVED","counted","NaN-NaN",NA,NA,"",1.85,1.65,2.05,1.85,11.69,NA,"na Date is in uncalibrated radiocarbon years.",". Cal curve: NA. Source DB: IMPDv1","Lacustrine","Carbon-14","Radiocarbon",-50.03,2994.09,"Calibrated radiocarbon years BP","sedimentary charcoal","Data Sourcing: IMPDv1 #charcoal_recommendedformat","Sample Age Source: IMPDv1"
"1634",63,"charcoal | num",23.25,23.375,23.5,0.25,1238.65,1231.334747,1245.973619,"IMPDv1","Charcoal (sum)","(additional options)",NA,NA,"False","False","number","Macroscopic charcoal (sieved)","direct",NA,"CHAR",14,NA,NA,"quant_raw",3,"volume","cm^3","IMPDv1","IMPD_17291","charcoal","count","char","wet_sieve","particle","num","count","no_size","num","IMPDv1","measured",1,"IMPDv1",NA,"Little Isac Lake",67.941083,-160.797111,210,"north",NA,NA,"sedlac",1634,0,NA,"Higuera,P.E.;Chipman,M.L.;Barnes,J.L.;Urban,M.A.;Hu,F.S.;. Little Isac Lake. NOAA/WDS Paleoclimatology IMPD study 17291",NA,NA,NA,NA,NA,NA,NA,NA,NA,NA,NA,NA,NA,NA,"https://www.ncei.noaa.gov/access/paleo-search/study/17291",NA,NA,NA,NA,"noaa_study_id=17291; original pub in IMPD datafile header","IMPDv1:IMPD_17291",1634,"Chipman,M.L.",1,"Chipman","M.L.",NA,NA,NA,NA,NA,NA,NA,NA,NA,"IMPDv1:IMPD_17291",1634,"IMPDv1","IMPD_17291",NA,13.15,13.15,"cm",NA,"Radiocarbon","bulk sediment",1.7,0.14,NA,NA,"UIUC K3-11",TRUE,NA,"na Date is in uncalibrated radiocarbon years.","Little Isac Lake_SIEVED","counted","NaN-NaN",NA,NA,"",1.7,1.56,1.84,1.7,13.15,NA,"na Date is in uncalibrated radiocarbon years.",". Cal curve: NA. Source DB: IMPDv1","Lacustrine","Carbon-14","Radiocarbon",-50.03,2994.09,"Calibrated radiocarbon years BP","sedimentary charcoal","Data Sourcing: IMPDv1 #charcoal_recommendedformat","Sample Age Source: IMPDv1"
"1634",64,"charcoal | num",23.5,23.625,23.75,0.25,1253.29,1245.973619,1260.605846,"IMPDv1","Charcoal (sum)","(additional options)",NA,NA,"False","False","number","Macroscopic charcoal (sieved)","direct",NA,"CHAR",57,NA,NA,"quant_raw",3,"volume","cm^3","IMPDv1","IMPD_17291","charcoal","count","char","wet_sieve","particle","num","count","no_size","num","IMPDv1","measured",1,"IMPDv1",NA,"Little Isac Lake",67.941083,-160.797111,210,"north",NA,NA,"sedlac",1634,0,NA,"Higuera,P.E.;Chipman,M.L.;Barnes,J.L.;Urban,M.A.;Hu,F.S.;. Little Isac Lake. NOAA/WDS Paleoclimatology IMPD study 17291",NA,NA,NA,NA,NA,NA,NA,NA,NA,NA,NA,NA,NA,NA,"https://www.ncei.noaa.gov/access/paleo-search/study/17291",NA,NA,NA,NA,"noaa_study_id=17291; original pub in IMPD datafile header","IMPDv1:IMPD_17291",1634,"Chipman,M.L.",1,"Chipman","M.L.",NA,NA,NA,NA,NA,NA,NA,NA,NA,"IMPDv1:IMPD_17291",1634,"IMPDv1","IMPD_17291",NA,14.62,14.62,"cm",NA,"Radiocarbon","bulk sediment",1.46,0.14,NA,NA,"UIUC K3-12",TRUE,NA,"na Date is in uncalibrated radiocarbon years.","Little Isac Lake_SIEVED","counted","NaN-NaN",NA,NA,"",1.46,1.32,1.6,1.46,14.62,NA,"na Date is in uncalibrated radiocarbon years.",". Cal curve: NA. Source DB: IMPDv1","Lacustrine","Carbon-14","Radiocarbon",-50.03,2994.09,"Calibrated radiocarbon years BP","sedimentary charcoal","Data Sourcing: IMPDv1 #charcoal_recommendedformat","Sample Age Source: IMPDv1"
"1634",65,"charcoal | num",23.75,23.875,24,0.25,1267.92,1260.605846,1275.231349,"IMPDv1","Charcoal (sum)","(additional options)",NA,NA,"False","False","number","Macroscopic charcoal (sieved)","direct",NA,"CHAR",48,NA,NA,"quant_raw",3,"volume","cm^3","IMPDv1","IMPD_17291","charcoal","count","char","wet_sieve","particle","num","count","no_size","num","IMPDv1","measured",1,"IMPDv1",NA,"Little Isac Lake",67.941083,-160.797111,210,"north",NA,NA,"sedlac",1634,0,NA,"Higuera,P.E.;Chipman,M.L.;Barnes,J.L.;Urban,M.A.;Hu,F.S.;. Little Isac Lake. NOAA/WDS Paleoclimatology IMPD study 17291",NA,NA,NA,NA,NA,NA,NA,NA,NA,NA,NA,NA,NA,NA,"https://www.ncei.noaa.gov/access/paleo-search/study/17291",NA,NA,NA,NA,"noaa_study_id=17291; original pub in IMPD datafile header","IMPDv1:IMPD_17291",1634,"Chipman,M.L.",1,"Chipman","M.L.",NA,NA,NA,NA,NA,NA,NA,NA,NA,"IMPDv1:IMPD_17291",1634,"IMPDv1","IMPD_17291",NA,16.08,16.08,"cm",NA,"Radiocarbon","bulk sediment",1.48,0.12,NA,NA,"UIUC K3-13",TRUE,NA,"na Date is in uncalibrated radiocarbon years.","Little Isac Lake_SIEVED","counted","NaN-NaN",NA,NA,"",1.48,1.36,1.6,1.48,16.08,NA,"na Date is in uncalibrated radiocarbon years.",". Cal curve: NA. Source DB: IMPDv1","Lacustrine","Carbon-14","Radiocarbon",-50.03,2994.09,"Calibrated radiocarbon years BP","sedimentary charcoal","Data Sourcing: IMPDv1 #charcoal_recommendedformat","Sample Age Source: IMPDv1"
"1634",66,"charcoal | num",24,24.125,24.25,0.25,1282.54,1275.231349,1289.850045,"IMPDv1","Charcoal (sum)","(additional options)",NA,NA,"False","False","number","Macroscopic charcoal (sieved)","direct",NA,"CHAR",59,NA,NA,"quant_raw",3,"volume","cm^3","IMPDv1","IMPD_17291","charcoal","count","char","wet_sieve","particle","num","count","no_size","num","IMPDv1","measured",1,"IMPDv1",NA,"Little Isac Lake",67.941083,-160.797111,210,"north",NA,NA,"sedlac",1634,0,NA,"Higuera,P.E.;Chipman,M.L.;Barnes,J.L.;Urban,M.A.;Hu,F.S.;. Little Isac Lake. NOAA/WDS Paleoclimatology IMPD study 17291",NA,NA,NA,NA,NA,NA,NA,NA,NA,NA,NA,NA,NA,NA,"https://www.ncei.noaa.gov/access/paleo-search/study/17291",NA,NA,NA,NA,"noaa_study_id=17291; original pub in IMPD datafile header","IMPDv1:IMPD_17291",1634,"Chipman,M.L.",1,"Chipman","M.L.",NA,NA,NA,NA,NA,NA,NA,NA,NA,"IMPDv1:IMPD_17291",1634,"IMPDv1","IMPD_17291",NA,17.54,17.54,"cm",NA,"Radiocarbon","bulk sediment",1.75,0.16,NA,NA,"UIUC K3-14",TRUE,NA,"na Date is in uncalibrated radiocarbon years.","Little Isac Lake_SIEVED","counted","NaN-NaN",NA,NA,"",1.75,1.59,1.91,1.75,17.54,NA,"na Date is in uncalibrated radiocarbon years.",". Cal curve: NA. Source DB: IMPDv1","Lacustrine","Carbon-14","Radiocarbon",-50.03,2994.09,"Calibrated radiocarbon years BP","sedimentary charcoal","Data Sourcing: IMPDv1 #charcoal_recommendedformat","Sample Age Source: IMPDv1"
"1634",67,"charcoal | num",24.25,24.375,24.5,0.25,1297.16,1289.850045,1304.461854,"IMPDv1","Charcoal (sum)","(additional options)",NA,NA,"False","False","number","Macroscopic charcoal (sieved)","direct",NA,"CHAR",48,NA,NA,"quant_raw",3,"volume","cm^3","IMPDv1","IMPD_17291","charcoal","count","char","wet_sieve","particle","num","count","no_size","num","IMPDv1","measured",1,"IMPDv1",NA,"Little Isac Lake",67.941083,-160.797111,210,"north",NA,NA,"sedlac",1634,0,NA,"Higuera,P.E.;Chipman,M.L.;Barnes,J.L.;Urban,M.A.;Hu,F.S.;. Little Isac Lake. NOAA/WDS Paleoclimatology IMPD study 17291",NA,NA,NA,NA,NA,NA,NA,NA,NA,NA,NA,NA,NA,NA,"https://www.ncei.noaa.gov/access/paleo-search/study/17291",NA,NA,NA,NA,"noaa_study_id=17291; original pub in IMPD datafile header","IMPDv1:IMPD_17291",1634,"Chipman,M.L.",1,"Chipman","M.L.",NA,NA,NA,NA,NA,NA,NA,NA,NA,"IMPDv1:IMPD_17291",1634,"IMPDv1","IMPD_17291",NA,19,19,"cm",NA,"Radiocarbon","bulk sediment",1.79,0.18,NA,NA,"UIUC K3-15",TRUE,NA,"na Date is in uncalibrated radiocarbon years.","Little Isac Lake_SIEVED","counted","NaN-NaN",NA,NA,"",1.79,1.61,1.97,1.79,19,NA,"na Date is in uncalibrated radiocarbon years.",". Cal curve: NA. Source DB: IMPDv1","Lacustrine","Carbon-14","Radiocarbon",-50.03,2994.09,"Calibrated radiocarbon years BP","sedimentary charcoal","Data Sourcing: IMPDv1 #charcoal_recommendedformat","Sample Age Source: IMPDv1"
"1634",68,"charcoal | num",24.5,24.625,24.75,0.25,1311.76,1304.461854,1319.066695,"IMPDv1","Charcoal (sum)","(additional options)",NA,NA,"False","False","number","Macroscopic charcoal (sieved)","direct",NA,"CHAR",63,NA,NA,"quant_raw",3,"volume","cm^3","IMPDv1","IMPD_17291","charcoal","count","char","wet_sieve","particle","num","count","no_size","num","IMPDv1","measured",1,"IMPDv1",NA,"Little Isac Lake",67.941083,-160.797111,210,"north",NA,NA,"sedlac",1634,0,NA,"Higuera,P.E.;Chipman,M.L.;Barnes,J.L.;Urban,M.A.;Hu,F.S.;. Little Isac Lake. NOAA/WDS Paleoclimatology IMPD study 17291",NA,NA,NA,NA,NA,NA,NA,NA,NA,NA,NA,NA,NA,NA,"https://www.ncei.noaa.gov/access/paleo-search/study/17291",NA,NA,NA,NA,"noaa_study_id=17291; original pub in IMPD datafile header","IMPDv1:IMPD_17291",1634,"Chipman,M.L.",1,"Chipman","M.L.",NA,NA,NA,NA,NA,NA,NA,NA,NA,"IMPDv1:IMPD_17291",1634,"IMPDv1","IMPD_17291",NA,20.46,20.46,"cm",NA,"Radiocarbon","bulk sediment",1.44,0.13,NA,NA,"UIUC K3-16",TRUE,NA,"na Date is in uncalibrated radiocarbon years.","Little Isac Lake_SIEVED","counted","NaN-NaN",NA,NA,"",1.44,1.31,1.57,1.44,20.46,NA,"na Date is in uncalibrated radiocarbon years.",". Cal curve: NA. Source DB: IMPDv1","Lacustrine","Carbon-14","Radiocarbon",-50.03,2994.09,"Calibrated radiocarbon years BP","sedimentary charcoal","Data Sourcing: IMPDv1 #charcoal_recommendedformat","Sample Age Source: IMPDv1"
"1634",69,"charcoal | num",24.75,24.875,25,0.25,1326.37,1319.066695,1333.664486,"IMPDv1","Charcoal (sum)","(additional options)",NA,NA,"False","False","number","Macroscopic charcoal (sieved)","direct",NA,"CHAR",80,NA,NA,"quant_raw",3,"volume","cm^3","IMPDv1","IMPD_17291","charcoal","count","char","wet_sieve","particle","num","count","no_size","num","IMPDv1","measured",1,"IMPDv1",NA,"Little Isac Lake",67.941083,-160.797111,210,"north",NA,NA,"sedlac",1634,0,NA,"Higuera,P.E.;Chipman,M.L.;Barnes,J.L.;Urban,M.A.;Hu,F.S.;. Little Isac Lake. NOAA/WDS Paleoclimatology IMPD study 17291",NA,NA,NA,NA,NA,NA,NA,NA,NA,NA,NA,NA,NA,NA,"https://www.ncei.noaa.gov/access/paleo-search/study/17291",NA,NA,NA,NA,"noaa_study_id=17291; original pub in IMPD datafile header","IMPDv1:IMPD_17291",1634,"Chipman,M.L.",1,"Chipman","M.L.",NA,NA,NA,NA,NA,NA,NA,NA,NA,"IMPDv1:IMPD_17291",1634,"IMPDv1","IMPD_17291",NA,21.92,21.92,"cm",NA,"Radiocarbon","bulk sediment",1.81,0.21,NA,NA,"UIUC K3-17",TRUE,NA,"na Date is in uncalibrated radiocarbon years.","Little Isac Lake_SIEVED","counted","NaN-NaN",NA,NA,"",1.81,1.6,2.02,1.81,21.92,NA,"na Date is in uncalibrated radiocarbon years.",". Cal curve: NA. Source DB: IMPDv1","Lacustrine","Carbon-14","Radiocarbon",-50.03,2994.09,"Calibrated radiocarbon years BP","sedimentary charcoal","Data Sourcing: IMPDv1 #charcoal_recommendedformat","Sample Age Source: IMPDv1"
"1634",70,"charcoal | num",25,25.125,25.25,0.25,1340.96,1333.664486,1348.255145,"IMPDv1","Charcoal (sum)","(additional options)",NA,NA,"False","False","number","Macroscopic charcoal (sieved)","direct",NA,"CHAR",47,NA,NA,"quant_raw",3,"volume","cm^3","IMPDv1","IMPD_17291","charcoal","count","char","wet_sieve","particle","num","count","no_size","num","IMPDv1","measured",1,"IMPDv1",NA,"Little Isac Lake",67.941083,-160.797111,210,"north",NA,NA,"sedlac",1634,0,NA,"Higuera,P.E.;Chipman,M.L.;Barnes,J.L.;Urban,M.A.;Hu,F.S.;. Little Isac Lake. NOAA/WDS Paleoclimatology IMPD study 17291",NA,NA,NA,NA,NA,NA,NA,NA,NA,NA,NA,NA,NA,NA,"https://www.ncei.noaa.gov/access/paleo-search/study/17291",NA,NA,NA,NA,"noaa_study_id=17291; original pub in IMPD datafile header","IMPDv1:IMPD_17291",1634,"Chipman,M.L.",1,"Chipman","M.L.",NA,NA,NA,NA,NA,NA,NA,NA,NA,"IMPDv1:IMPD_17291",1634,"IMPDv1","IMPD_17291",NA,23.38,23.38,"cm",NA,"Radiocarbon","bulk sediment",1.63,0.15,NA,NA,"UIUC K3-18",TRUE,NA,"na Date is in uncalibrated radiocarbon years.","Little Isac Lake_SIEVED","counted","NaN-NaN",NA,NA,"",1.63,1.48,1.78,1.63,23.38,NA,"na Date is in uncalibrated radiocarbon years.",". Cal curve: NA. Source DB: IMPDv1","Lacustrine","Carbon-14","Radiocarbon",-50.03,2994.09,"Calibrated radiocarbon years BP","sedimentary charcoal","Data Sourcing: IMPDv1 #charcoal_recommendedformat","Sample Age Source: IMPDv1"
"1634",71,"charcoal | num",25.25,25.375,25.5,0.25,1355.55,1348.255145,1362.838552,"IMPDv1","Charcoal (sum)","(additional options)",NA,NA,"False","False","number","Macroscopic charcoal (sieved)","direct",NA,"CHAR",58,NA,NA,"quant_raw",3,"volume","cm^3","IMPDv1","IMPD_17291","charcoal","count","char","wet_sieve","particle","num","count","no_size","num","IMPDv1","measured",1,"IMPDv1",NA,"Little Isac Lake",67.941083,-160.797111,210,"north",NA,NA,"sedlac",1634,0,NA,"Higuera,P.E.;Chipman,M.L.;Barnes,J.L.;Urban,M.A.;Hu,F.S.;. Little Isac Lake. NOAA/WDS Paleoclimatology IMPD study 17291",NA,NA,NA,NA,NA,NA,NA,NA,NA,NA,NA,NA,NA,NA,"https://www.ncei.noaa.gov/access/paleo-search/study/17291",NA,NA,NA,NA,"noaa_study_id=17291; original pub in IMPD datafile header","IMPDv1:IMPD_17291",1634,"Chipman,M.L.",1,"Chipman","M.L.",NA,NA,NA,NA,NA,NA,NA,NA,NA,"IMPDv1:IMPD_17291",1634,"IMPDv1","IMPD_17291",NA,26,26,"cm",NA,"Radiocarbon","twig w/bark",835,30,740,NA,"CAMS 149210",TRUE,NA,"na Date is in uncalibrated radiocarbon years.","Little Isac Lake_SIEVED","counted","NaN-NaN",NA,NA,"",835,805,865,835,26,NA,"na Date is in uncalibrated radiocarbon years.",". Cal curve: NA. Source DB: IMPDv1","Lacustrine","Carbon-14","Radiocarbon",-50.03,2994.09,"Calibrated radiocarbon years BP","sedimentary charcoal","Data Sourcing: IMPDv1 #charcoal_recommendedformat","Sample Age Source: IMPDv1"
"1634",72,"charcoal | num",25.5,25.625,25.75,0.25,1370.13,1362.838552,1377.414547,"IMPDv1","Charcoal (sum)","(additional options)",NA,NA,"False","False","number","Macroscopic charcoal (sieved)","direct",NA,"CHAR",29,NA,NA,"quant_raw",2.5,"volume","cm^3","IMPDv1","IMPD_17291","charcoal","count","char","wet_sieve","particle","num","count","no_size","num","IMPDv1","measured",1,"IMPDv1",NA,"Little Isac Lake",67.941083,-160.797111,210,"north",NA,NA,"sedlac",1634,0,NA,"Higuera,P.E.;Chipman,M.L.;Barnes,J.L.;Urban,M.A.;Hu,F.S.;. Little Isac Lake. NOAA/WDS Paleoclimatology IMPD study 17291",NA,NA,NA,NA,NA,NA,NA,NA,NA,NA,NA,NA,NA,NA,"https://www.ncei.noaa.gov/access/paleo-search/study/17291",NA,NA,NA,NA,"noaa_study_id=17291; original pub in IMPD datafile header","IMPDv1:IMPD_17291",1634,"Chipman,M.L.",1,"Chipman","M.L.",NA,NA,NA,NA,NA,NA,NA,NA,NA,"IMPDv1:IMPD_17291",1634,"IMPDv1","IMPD_17291",NA,32.5,32.5,"cm",NA,"Radiocarbon","wood",3015,35,NA,NA,"CAMS 138741",TRUE,NA,"Date not used in chronology; see Results for explanation. Date is in uncalibrated radiocarbon years.","Little Isac Lake_SIEVED","counted","NaN-NaN",NA,NA,"",3015,2980,3050,3015,32.5,NA,"Date not used in chronology; see Results for explanation. Date is in uncalibrated radiocarbon years.",". Cal curve: NA. Source DB: IMPDv1","Lacustrine","Carbon-14","Radiocarbon",-50.03,2994.09,"Calibrated radiocarbon years BP","sedimentary charcoal","Data Sourcing: IMPDv1 #charcoal_recommendedformat","Sample Age Source: IMPDv1"
"1634",73,"charcoal | num",25.75,25.875,26,0.25,1384.7,1377.414547,1391.982971,"IMPDv1","Charcoal (sum)","(additional options)",NA,NA,"False","False","number","Macroscopic charcoal (sieved)","direct",NA,"CHAR",45,NA,NA,"quant_raw",3,"volume","cm^3","IMPDv1","IMPD_17291","charcoal","count","char","wet_sieve","particle","num","count","no_size","num","IMPDv1","measured",1,"IMPDv1",NA,"Little Isac Lake",67.941083,-160.797111,210,"north",NA,NA,"sedlac",1634,0,NA,"Higuera,P.E.;Chipman,M.L.;Barnes,J.L.;Urban,M.A.;Hu,F.S.;. Little Isac Lake. NOAA/WDS Paleoclimatology IMPD study 17291",NA,NA,NA,NA,NA,NA,NA,NA,NA,NA,NA,NA,NA,NA,"https://www.ncei.noaa.gov/access/paleo-search/study/17291",NA,NA,NA,NA,"noaa_study_id=17291; original pub in IMPD datafile header","IMPDv1:IMPD_17291",1634,"Chipman,M.L.",1,"Chipman","M.L.",NA,NA,NA,NA,NA,NA,NA,NA,NA,"IMPDv1:IMPD_17291",1634,"IMPDv1","IMPD_17291",NA,37.5,37.5,"cm",NA,"Radiocarbon","wood",2235,40,2231,NA,"CAMS 138738",TRUE,NA,"na Date is in uncalibrated radiocarbon years.","Little Isac Lake_SIEVED","counted","NaN-NaN",NA,NA,"",2235,2195,2275,2235,37.5,NA,"na Date is in uncalibrated radiocarbon years.",". Cal curve: NA. Source DB: IMPDv1","Lacustrine","Carbon-14","Radiocarbon",-50.03,2994.09,"Calibrated radiocarbon years BP","sedimentary charcoal","Data Sourcing: IMPDv1 #charcoal_recommendedformat","Sample Age Source: IMPDv1"
"1634",74,"charcoal | num",26,26.125,26.25,0.25,1399.26,1391.982971,1406.543663,"IMPDv1","Charcoal (sum)","(additional options)",NA,NA,"False","False","number","Macroscopic charcoal (sieved)","direct",NA,"CHAR",21,NA,NA,"quant_raw",3,"volume","cm^3","IMPDv1","IMPD_17291","charcoal","count","char","wet_sieve","particle","num","count","no_size","num","IMPDv1","measured",1,"IMPDv1",NA,"Little Isac Lake",67.941083,-160.797111,210,"north",NA,NA,"sedlac",1634,0,NA,"Higuera,P.E.;Chipman,M.L.;Barnes,J.L.;Urban,M.A.;Hu,F.S.;. Little Isac Lake. NOAA/WDS Paleoclimatology IMPD study 17291",NA,NA,NA,NA,NA,NA,NA,NA,NA,NA,NA,NA,NA,NA,"https://www.ncei.noaa.gov/access/paleo-search/study/17291",NA,NA,NA,NA,"noaa_study_id=17291; original pub in IMPD datafile header","IMPDv1:IMPD_17291",1634,"Chipman,M.L.",1,"Chipman","M.L.",NA,NA,NA,NA,NA,NA,NA,NA,NA,"IMPDv1:IMPD_17291",1634,"IMPDv1","IMPD_17291",NA,62,62,"cm",NA,"Radiocarbon","wood frag w/bark",2675,35,2779,NA,"CAMS 136539",TRUE,NA,"na Date is in uncalibrated radiocarbon years.","Little Isac Lake_SIEVED","counted","NaN-NaN",NA,NA,"",2675,2640,2710,2675,62,NA,"na Date is in uncalibrated radiocarbon years.",". Cal curve: NA. Source DB: IMPDv1","Lacustrine","Carbon-14","Radiocarbon",-50.03,2994.09,"Calibrated radiocarbon years BP","sedimentary charcoal","Data Sourcing: IMPDv1 #charcoal_recommendedformat","Sample Age Source: IMPDv1"
"1634",75,"charcoal | num",26.25,26.375,26.5,0.25,1413.82,1406.543663,1421.096463,"IMPDv1","Charcoal (sum)","(additional options)",NA,NA,"False","False","number","Macroscopic charcoal (sieved)","direct",NA,"CHAR",13,NA,NA,"quant_raw",3,"volume","cm^3","IMPDv1","IMPD_17291","charcoal","count","char","wet_sieve","particle","num","count","no_size","num","IMPDv1","measured",1,"IMPDv1",NA,"Little Isac Lake",67.941083,-160.797111,210,"north",NA,NA,"sedlac",1634,0,NA,"Higuera,P.E.;Chipman,M.L.;Barnes,J.L.;Urban,M.A.;Hu,F.S.;. Little Isac Lake. NOAA/WDS Paleoclimatology IMPD study 17291",NA,NA,NA,NA,NA,NA,NA,NA,NA,NA,NA,NA,NA,NA,"https://www.ncei.noaa.gov/access/paleo-search/study/17291",NA,NA,NA,NA,"noaa_study_id=17291; original pub in IMPD datafile header","IMPDv1:IMPD_17291",1634,"Chipman,M.L.",1,"Chipman","M.L.",NA,NA,NA,NA,NA,NA,NA,NA,NA,"IMPDv1:IMPD_17291",1634,"IMPDv1","IMPD_17291",NA,79.5,79.5,"cm",NA,"Radiocarbon","wood fragments",3165,35,3391,NA,"CAMS 136540",TRUE,NA,"na Date is in uncalibrated radiocarbon years.","Little Isac Lake_SIEVED","counted","NaN-NaN",NA,NA,"",3165,3130,3200,3165,79.5,NA,"na Date is in uncalibrated radiocarbon years.",". Cal curve: NA. Source DB: IMPDv1","Lacustrine","Carbon-14","Radiocarbon",-50.03,2994.09,"Calibrated radiocarbon years BP","sedimentary charcoal","Data Sourcing: IMPDv1 #charcoal_recommendedformat","Sample Age Source: IMPDv1"
"1634",76,"charcoal | num",26.5,26.625,26.75,0.25,1428.37,1421.096463,1435.64121,"IMPDv1","Charcoal (sum)","(additional options)",NA,NA,"False","False","number","Macroscopic charcoal (sieved)","direct",NA,"CHAR",6,NA,NA,"quant_raw",3,"volume","cm^3","IMPDv1","IMPD_17291","charcoal","count","char","wet_sieve","particle","num","count","no_size","num","IMPDv1","measured",1,"IMPDv1",NA,"Little Isac Lake",67.941083,-160.797111,210,"north",NA,NA,"sedlac",1634,0,NA,"Higuera,P.E.;Chipman,M.L.;Barnes,J.L.;Urban,M.A.;Hu,F.S.;. Little Isac Lake. NOAA/WDS Paleoclimatology IMPD study 17291",NA,NA,NA,NA,NA,NA,NA,NA,NA,NA,NA,NA,NA,NA,"https://www.ncei.noaa.gov/access/paleo-search/study/17291",NA,NA,NA,NA,"noaa_study_id=17291; original pub in IMPD datafile header","IMPDv1:IMPD_17291",1634,"Barnes,J.L.",1,"Barnes","J.L.",NA,NA,NA,NA,NA,NA,NA,NA,NA,"IMPDv1:IMPD_17291",1634,"IMPDv1","IMPD_17291",NA,97.25,97.25,"cm",NA,"Radiocarbon","wood",3170,35,NA,NA,"CAMS 138739",TRUE,NA,"Date not used in chronology; see Results for explanation. Date is in uncalibrated radiocarbon years.","Little Isac Lake_SIEVED","counted","NaN-NaN",NA,NA,"",3170,3135,3205,3170,97.25,NA,"Date not used in chronology; see Results for explanation. Date is in uncalibrated radiocarbon years.",". Cal curve: NA. Source DB: IMPDv1","Lacustrine","Carbon-14","Radiocarbon",-50.03,2994.09,"Calibrated radiocarbon years BP","sedimentary charcoal","Data Sourcing: IMPDv1 #charcoal_recommendedformat","Sample Age Source: IMPDv1"
"1634",77,"charcoal | num",26.75,26.875,27,0.25,1442.91,1435.64121,1450.177745,"IMPDv1","Charcoal (sum)","(additional options)",NA,NA,"False","False","number","Macroscopic charcoal (sieved)","direct",NA,"CHAR",15,NA,NA,"quant_raw",3,"volume","cm^3","IMPDv1","IMPD_17291","charcoal","count","char","wet_sieve","particle","num","count","no_size","num","IMPDv1","measured",1,"IMPDv1",NA,"Little Isac Lake",67.941083,-160.797111,210,"north",NA,NA,"sedlac",1634,0,NA,"Higuera,P.E.;Chipman,M.L.;Barnes,J.L.;Urban,M.A.;Hu,F.S.;. Little Isac Lake. NOAA/WDS Paleoclimatology IMPD study 17291",NA,NA,NA,NA,NA,NA,NA,NA,NA,NA,NA,NA,NA,NA,"https://www.ncei.noaa.gov/access/paleo-search/study/17291",NA,NA,NA,NA,"noaa_study_id=17291; original pub in IMPD datafile header","IMPDv1:IMPD_17291",1634,"Barnes,J.L.",1,"Barnes","J.L.",NA,NA,NA,NA,NA,NA,NA,NA,NA,"IMPDv1:IMPD_17291",1634,"IMPDv1","IMPD_17291",NA,116.5,116.5,"cm",NA,"Radiocarbon","wood and leaf frags.",4345,45,4919,NA,"CAMS 138740",TRUE,NA,"na Date is in uncalibrated radiocarbon years.","Little Isac Lake_SIEVED","counted","NaN-NaN",NA,NA,"",4345,4300,4390,4345,116.5,NA,"na Date is in uncalibrated radiocarbon years.",". Cal curve: NA. Source DB: IMPDv1","Lacustrine","Carbon-14","Radiocarbon",-50.03,2994.09,"Calibrated radiocarbon years BP","sedimentary charcoal","Data Sourcing: IMPDv1 #charcoal_recommendedformat","Sample Age Source: IMPDv1"
"1634",78,"charcoal | num",27,27.125,27.25,0.25,1457.44,1450.177745,1464.705906,"IMPDv1","Charcoal (sum)","(additional options)",NA,NA,"False","False","number","Macroscopic charcoal (sieved)","direct",NA,"CHAR",10,NA,NA,"quant_raw",3,"volume","cm^3","IMPDv1","IMPD_17291","charcoal","count","char","wet_sieve","particle","num","count","no_size","num","IMPDv1","measured",1,"IMPDv1",NA,"Little Isac Lake",67.941083,-160.797111,210,"north",NA,NA,"sedlac",1634,0,NA,"Higuera,P.E.;Chipman,M.L.;Barnes,J.L.;Urban,M.A.;Hu,F.S.;. Little Isac Lake. NOAA/WDS Paleoclimatology IMPD study 17291",NA,NA,NA,NA,NA,NA,NA,NA,NA,NA,NA,NA,NA,NA,"https://www.ncei.noaa.gov/access/paleo-search/study/17291",NA,NA,NA,NA,"noaa_study_id=17291; original pub in IMPD datafile header","IMPDv1:IMPD_17291",1634,"Barnes,J.L.",1,"Barnes","J.L.",NA,NA,NA,NA,NA,NA,NA,NA,NA,"IMPDv1:IMPD_17291",1634,"IMPDv1","IMPD_17291",NA,143,143,"cm",NA,"Radiocarbon","wood frags w/bark",4480,35,5165,NA,"CAMS 136541",TRUE,NA,"na Date is in uncalibrated radiocarbon years.","Little Isac Lake_SIEVED","counted","NaN-NaN",NA,NA,"",4480,4445,4515,4480,143,NA,"na Date is in uncalibrated radiocarbon years.",". Cal curve: NA. Source DB: IMPDv1","Lacustrine","Carbon-14","Radiocarbon",-50.03,2994.09,"Calibrated radiocarbon years BP","sedimentary charcoal","Data Sourcing: IMPDv1 #charcoal_recommendedformat","Sample Age Source: IMPDv1"
"1634",79,"charcoal | num",27.25,27.375,27.5,0.25,1471.97,1464.705906,1479.225534,"IMPDv1","Charcoal (sum)","(additional options)",NA,NA,"False","False","number","Macroscopic charcoal (sieved)","direct",NA,"CHAR",5,NA,NA,"quant_raw",2.5,"volume","cm^3","IMPDv1","IMPD_17291","charcoal","count","char","wet_sieve","particle","num","count","no_size","num","IMPDv1","measured",1,"IMPDv1",NA,"Little Isac Lake",67.941083,-160.797111,210,"north",NA,NA,"sedlac",1634,0,NA,"Higuera,P.E.;Chipman,M.L.;Barnes,J.L.;Urban,M.A.;Hu,F.S.;. Little Isac Lake. NOAA/WDS Paleoclimatology IMPD study 17291",NA,NA,NA,NA,NA,NA,NA,NA,NA,NA,NA,NA,NA,NA,"https://www.ncei.noaa.gov/access/paleo-search/study/17291",NA,NA,NA,NA,"noaa_study_id=17291; original pub in IMPD datafile header","IMPDv1:IMPD_17291",1634,"Barnes,J.L.",1,"Barnes","J.L.",NA,NA,NA,NA,NA,NA,NA,NA,NA,"IMPDv1:IMPD_17291",1634,"IMPDv1","IMPD_17291",NA,164.5,164.5,"cm",NA,"Radiocarbon","wood fragments",4730,35,5476,NA,"CAMS 136542",TRUE,NA,"na Date is in uncalibrated radiocarbon years.","Little Isac Lake_SIEVED","counted","NaN-NaN",NA,NA,"",4730,4695,4765,4730,164.5,NA,"na Date is in uncalibrated radiocarbon years.",". Cal curve: NA. Source DB: IMPDv1","Lacustrine","Carbon-14","Radiocarbon",-50.03,2994.09,"Calibrated radiocarbon years BP","sedimentary charcoal","Data Sourcing: IMPDv1 #charcoal_recommendedformat","Sample Age Source: IMPDv1"
"1634",80,"charcoal | num",27.5,27.625,27.75,0.25,1486.48,1479.225534,1493.736469,"IMPDv1","Charcoal (sum)","(additional options)",NA,NA,"False","False","number","Macroscopic charcoal (sieved)","direct",NA,"CHAR",3,NA,NA,"quant_raw",3,"volume","cm^3","IMPDv1","IMPD_17291","charcoal","count","char","wet_sieve","particle","num","count","no_size","num","IMPDv1","measured",1,"IMPDv1",NA,"Little Isac Lake",67.941083,-160.797111,210,"north",NA,NA,"sedlac",1634,0,NA,"Higuera,P.E.;Chipman,M.L.;Barnes,J.L.;Urban,M.A.;Hu,F.S.;. Little Isac Lake. NOAA/WDS Paleoclimatology IMPD study 17291",NA,NA,NA,NA,NA,NA,NA,NA,NA,NA,NA,NA,NA,NA,"https://www.ncei.noaa.gov/access/paleo-search/study/17291",NA,NA,NA,NA,"noaa_study_id=17291; original pub in IMPD datafile header","IMPDv1:IMPD_17291",1634,"Barnes,J.L.",1,"Barnes","J.L.",NA,NA,NA,NA,NA,NA,NA,NA,NA,"IMPDv1:IMPD_17291",1634,"IMPDv1","IMPD_17291",NA,202.25,202.25,"cm",NA,"Radiocarbon","small twig with bark",4960,35,5684,NA,"CAMS 136543",TRUE,NA,"na Date is in uncalibrated radiocarbon years.","Little Isac Lake_SIEVED","counted","NaN-NaN",NA,NA,"",4960,4925,4995,4960,202.25,NA,"na Date is in uncalibrated radiocarbon years.",". Cal curve: NA. Source DB: IMPDv1","Lacustrine","Carbon-14","Radiocarbon",-50.03,2994.09,"Calibrated radiocarbon years BP","sedimentary charcoal","Data Sourcing: IMPDv1 #charcoal_recommendedformat","Sample Age Source: IMPDv1"
"1634",81,"charcoal | num",27.75,27.875,28,0.25,1500.99,1493.736469,1508.238549,"IMPDv1","Charcoal (sum)","(additional options)",NA,NA,"False","False","number","Macroscopic charcoal (sieved)","direct",NA,"CHAR",6,NA,NA,"quant_raw",3,"volume","cm^3","IMPDv1","IMPD_17291","charcoal","count","char","wet_sieve","particle","num","count","no_size","num","IMPDv1","measured",1,"IMPDv1",NA,"Little Isac Lake",67.941083,-160.797111,210,"north",NA,NA,"sedlac",1634,0,NA,"Higuera,P.E.;Chipman,M.L.;Barnes,J.L.;Urban,M.A.;Hu,F.S.;. Little Isac Lake. NOAA/WDS Paleoclimatology IMPD study 17291",NA,NA,NA,NA,NA,NA,NA,NA,NA,NA,NA,NA,NA,NA,"https://www.ncei.noaa.gov/access/paleo-search/study/17291",NA,NA,NA,NA,"noaa_study_id=17291; original pub in IMPD datafile header","IMPDv1:IMPD_17291",1634,"Barnes,J.L.",1,"Barnes","J.L.",NA,NA,NA,NA,NA,NA,NA,NA,NA,"IMPDv1:IMPD_17291",1634,"IMPDv1","IMPD_17291",NA,230,230,"cm",NA,"Radiocarbon","twig with bark",5025,40,5786,NA,"CAMS 136544",TRUE,NA,"na Date is in uncalibrated radiocarbon years.","Little Isac Lake_SIEVED","counted","NaN-NaN",NA,NA,"",5025,4985,5065,5025,230,NA,"na Date is in uncalibrated radiocarbon years.",". Cal curve: NA. Source DB: IMPDv1","Lacustrine","Carbon-14","Radiocarbon",-50.03,2994.09,"Calibrated radiocarbon years BP","sedimentary charcoal","Data Sourcing: IMPDv1 #charcoal_recommendedformat","Sample Age Source: IMPDv1"
"1634",82,"charcoal | num",28,28.125,28.25,0.25,1515.49,1508.238549,1522.731616,"IMPDv1","Charcoal (sum)","(additional options)",NA,NA,"False","False","number","Macroscopic charcoal (sieved)","direct",NA,"CHAR",10,NA,NA,"quant_raw",3,"volume","cm^3","IMPDv1","IMPD_17291","charcoal","count","char","wet_sieve","particle","num","count","no_size","num","IMPDv1","measured",1,"IMPDv1",NA,"Little Isac Lake",67.941083,-160.797111,210,"north",NA,NA,"sedlac",1634,0,NA,"Higuera,P.E.;Chipman,M.L.;Barnes,J.L.;Urban,M.A.;Hu,F.S.;. Little Isac Lake. NOAA/WDS Paleoclimatology IMPD study 17291",NA,NA,NA,NA,NA,NA,NA,NA,NA,NA,NA,NA,NA,NA,"https://www.ncei.noaa.gov/access/paleo-search/study/17291",NA,NA,NA,NA,"noaa_study_id=17291; original pub in IMPD datafile header","IMPDv1:IMPD_17291",1634,"Barnes,J.L.",1,"Barnes","J.L.",NA,NA,NA,NA,NA,NA,NA,NA,NA,"IMPDv1:IMPD_17291",1634,"IMPDv1","IMPD_17291",NA,0,0,"cm",NA,"Radiocarbon","bulk sediment",5.3,0.54,-31,NA,"UIUC N3-1",TRUE,NA,"na Date is in uncalibrated radiocarbon years.","Little Isac Lake_SIEVED","counted","NaN-NaN",NA,NA,"",5.3,4.76,5.84,5.3,0,NA,"na Date is in uncalibrated radiocarbon years.",". Cal curve: NA. Source DB: IMPDv1","Lacustrine","Carbon-14","Radiocarbon",-50.03,2994.09,"Calibrated radiocarbon years BP","sedimentary charcoal","Data Sourcing: IMPDv1 #charcoal_recommendedformat","Sample Age Source: IMPDv1"
"1634",83,"charcoal | num",28.25,28.375,28.5,0.25,1529.97,1522.731616,1537.215507,"IMPDv1","Charcoal (sum)","(additional options)",NA,NA,"False","False","number","Macroscopic charcoal (sieved)","direct",NA,"CHAR",3,NA,NA,"quant_raw",2.5,"volume","cm^3","IMPDv1","IMPD_17291","charcoal","count","char","wet_sieve","particle","num","count","no_size","num","IMPDv1","measured",1,"IMPDv1",NA,"Little Isac Lake",67.941083,-160.797111,210,"north",NA,NA,"sedlac",1634,0,NA,"Higuera,P.E.;Chipman,M.L.;Barnes,J.L.;Urban,M.A.;Hu,F.S.;. Little Isac Lake. NOAA/WDS Paleoclimatology IMPD study 17291",NA,NA,NA,NA,NA,NA,NA,NA,NA,NA,NA,NA,NA,NA,"https://www.ncei.noaa.gov/access/paleo-search/study/17291",NA,NA,NA,NA,"noaa_study_id=17291; original pub in IMPD datafile header","IMPDv1:IMPD_17291",1634,"Barnes,J.L.",1,"Barnes","J.L.",NA,NA,NA,NA,NA,NA,NA,NA,NA,"IMPDv1:IMPD_17291",1634,"IMPDv1","IMPD_17291",NA,1,1,"cm",NA,"Radiocarbon","bulk sediment",3.09,0.29,-12,NA,"UIUC N3-2",TRUE,NA,"na Date is in uncalibrated radiocarbon years.","Little Isac Lake_SIEVED","counted","NaN-NaN",NA,NA,"",3.09,2.8,3.38,3.09,1,NA,"na Date is in uncalibrated radiocarbon years.",". Cal curve: NA. Source DB: IMPDv1","Lacustrine","Carbon-14","Radiocarbon",-50.03,2994.09,"Calibrated radiocarbon years BP","sedimentary charcoal","Data Sourcing: IMPDv1 #charcoal_recommendedformat","Sample Age Source: IMPDv1"
"1634",84,"charcoal | num",28.5,28.625,28.75,0.25,1544.45,1537.215507,1551.690064,"IMPDv1","Charcoal (sum)","(additional options)",NA,NA,"False","False","number","Macroscopic charcoal (sieved)","direct",NA,"CHAR",5,NA,NA,"quant_raw",2.5,"volume","cm^3","IMPDv1","IMPD_17291","charcoal","count","char","wet_sieve","particle","num","count","no_size","num","IMPDv1","measured",1,"IMPDv1",NA,"Little Isac Lake",67.941083,-160.797111,210,"north",NA,NA,"sedlac",1634,0,NA,"Higuera,P.E.;Chipman,M.L.;Barnes,J.L.;Urban,M.A.;Hu,F.S.;. Little Isac Lake. NOAA/WDS Paleoclimatology IMPD study 17291",NA,NA,NA,NA,NA,NA,NA,NA,NA,NA,NA,NA,NA,NA,"https://www.ncei.noaa.gov/access/paleo-search/study/17291",NA,NA,NA,NA,"noaa_study_id=17291; original pub in IMPD datafile header","IMPDv1:IMPD_17291",1634,"Barnes,J.L.",1,"Barnes","J.L.",NA,NA,NA,NA,NA,NA,NA,NA,NA,"IMPDv1:IMPD_17291",1634,"IMPDv1","IMPD_17291",NA,2,2,"cm",NA,"Radiocarbon","bulk sediment",2.96,0.44,29,NA,"UIUC N3-3",TRUE,NA,"na Date is in uncalibrated radiocarbon years.","Little Isac Lake_SIEVED","counted","NaN-NaN",NA,NA,"",2.96,2.52,3.4,2.96,2,NA,"na Date is in uncalibrated radiocarbon years.",". Cal curve: NA. Source DB: IMPDv1","Lacustrine","Carbon-14","Radiocarbon",-50.03,2994.09,"Calibrated radiocarbon years BP","sedimentary charcoal","Data Sourcing: IMPDv1 #charcoal_recommendedformat","Sample Age Source: IMPDv1"
"1634",85,"charcoal | num",28.75,28.875,29,0.25,1558.92,1551.690064,1566.155126,"IMPDv1","Charcoal (sum)","(additional options)",NA,NA,"False","False","number","Macroscopic charcoal (sieved)","direct",NA,"CHAR",8,NA,NA,"quant_raw",3,"volume","cm^3","IMPDv1","IMPD_17291","charcoal","count","char","wet_sieve","particle","num","count","no_size","num","IMPDv1","measured",1,"IMPDv1",NA,"Little Isac Lake",67.941083,-160.797111,210,"north",NA,NA,"sedlac",1634,0,NA,"Higuera,P.E.;Chipman,M.L.;Barnes,J.L.;Urban,M.A.;Hu,F.S.;. Little Isac Lake. NOAA/WDS Paleoclimatology IMPD study 17291",NA,NA,NA,NA,NA,NA,NA,NA,NA,NA,NA,NA,NA,NA,"https://www.ncei.noaa.gov/access/paleo-search/study/17291",NA,NA,NA,NA,"noaa_study_id=17291; original pub in IMPD datafile header","IMPDv1:IMPD_17291",1634,"Barnes,J.L.",1,"Barnes","J.L.",NA,NA,NA,NA,NA,NA,NA,NA,NA,"IMPDv1:IMPD_17291",1634,"IMPDv1","IMPD_17291",NA,3,3,"cm",NA,"Radiocarbon","bulk sediment",1.82,0.19,NA,NA,"UIUC N3-4",TRUE,NA,"na Date is in uncalibrated radiocarbon years.","Little Isac Lake_SIEVED","counted","NaN-NaN",NA,NA,"",1.82,1.63,2.01,1.82,3,NA,"na Date is in uncalibrated radiocarbon years.",". Cal curve: NA. Source DB: IMPDv1","Lacustrine","Carbon-14","Radiocarbon",-50.03,2994.09,"Calibrated radiocarbon years BP","sedimentary charcoal","Data Sourcing: IMPDv1 #charcoal_recommendedformat","Sample Age Source: IMPDv1"
"1634",86,"charcoal | num",29,29.125,29.25,0.25,1573.38,1566.155126,1580.610533,"IMPDv1","Charcoal (sum)","(additional options)",NA,NA,"False","False","number","Macroscopic charcoal (sieved)","direct",NA,"CHAR",1,NA,NA,"quant_raw",2.5,"volume","cm^3","IMPDv1","IMPD_17291","charcoal","count","char","wet_sieve","particle","num","count","no_size","num","IMPDv1","measured",1,"IMPDv1",NA,"Little Isac Lake",67.941083,-160.797111,210,"north",NA,NA,"sedlac",1634,0,NA,"Higuera,P.E.;Chipman,M.L.;Barnes,J.L.;Urban,M.A.;Hu,F.S.;. Little Isac Lake. NOAA/WDS Paleoclimatology IMPD study 17291",NA,NA,NA,NA,NA,NA,NA,NA,NA,NA,NA,NA,NA,NA,"https://www.ncei.noaa.gov/access/paleo-search/study/17291",NA,NA,NA,NA,"noaa_study_id=17291; original pub in IMPD datafile header","IMPDv1:IMPD_17291",1634,"Barnes,J.L.",1,"Barnes","J.L.",NA,NA,NA,NA,NA,NA,NA,NA,NA,"IMPDv1:IMPD_17291",1634,"IMPDv1","IMPD_17291",NA,4,4,"cm",NA,"Radiocarbon","bulk sediment",1.48,0.16,NA,NA,"UIUC N3-5",TRUE,NA,"na Date is in uncalibrated radiocarbon years.","Little Isac Lake_SIEVED","counted","NaN-NaN",NA,NA,"",1.48,1.32,1.64,1.48,4,NA,"na Date is in uncalibrated radiocarbon years.",". Cal curve: NA. Source DB: IMPDv1","Lacustrine","Carbon-14","Radiocarbon",-50.03,2994.09,"Calibrated radiocarbon years BP","sedimentary charcoal","Data Sourcing: IMPDv1 #charcoal_recommendedformat","Sample Age Source: IMPDv1"
"1634",87,"charcoal | num",29.25,29.375,29.5,0.25,1587.83,1580.610533,1595.056123,"IMPDv1","Charcoal (sum)","(additional options)",NA,NA,"False","False","number","Macroscopic charcoal (sieved)","direct",NA,"CHAR",4,NA,NA,"quant_raw",3,"volume","cm^3","IMPDv1","IMPD_17291","charcoal","count","char","wet_sieve","particle","num","count","no_size","num","IMPDv1","measured",1,"IMPDv1",NA,"Little Isac Lake",67.941083,-160.797111,210,"north",NA,NA,"sedlac",1634,0,NA,"Higuera,P.E.;Chipman,M.L.;Barnes,J.L.;Urban,M.A.;Hu,F.S.;. Little Isac Lake. NOAA/WDS Paleoclimatology IMPD study 17291",NA,NA,NA,NA,NA,NA,NA,NA,NA,NA,NA,NA,NA,NA,"https://www.ncei.noaa.gov/access/paleo-search/study/17291",NA,NA,NA,NA,"noaa_study_id=17291; original pub in IMPD datafile header","IMPDv1:IMPD_17291",1634,"Barnes,J.L.",1,"Barnes","J.L.",NA,NA,NA,NA,NA,NA,NA,NA,NA,"IMPDv1:IMPD_17291",1634,"IMPDv1","IMPD_17291",NA,5,5,"cm",NA,"Radiocarbon","bulk sediment",1.73,0.16,NA,NA,"UIUC N3-6",TRUE,NA,"na Date is in uncalibrated radiocarbon years.","Little Isac Lake_SIEVED","counted","NaN-NaN",NA,NA,"",1.73,1.57,1.89,1.73,5,NA,"na Date is in uncalibrated radiocarbon years.",". Cal curve: NA. Source DB: IMPDv1","Lacustrine","Carbon-14","Radiocarbon",-50.03,2994.09,"Calibrated radiocarbon years BP","sedimentary charcoal","Data Sourcing: IMPDv1 #charcoal_recommendedformat","Sample Age Source: IMPDv1"
"1634",88,"charcoal | num",29.5,29.625,29.75,0.25,1602.27,1595.056123,1609.491738,"IMPDv1","Charcoal (sum)","(additional options)",NA,NA,"False","False","number","Macroscopic charcoal (sieved)","direct",NA,"CHAR",5,NA,NA,"quant_raw",3,"volume","cm^3","IMPDv1","IMPD_17291","charcoal","count","char","wet_sieve","particle","num","count","no_size","num","IMPDv1","measured",1,"IMPDv1",NA,"Little Isac Lake",67.941083,-160.797111,210,"north",NA,NA,"sedlac",1634,0,NA,"Higuera,P.E.;Chipman,M.L.;Barnes,J.L.;Urban,M.A.;Hu,F.S.;. Little Isac Lake. NOAA/WDS Paleoclimatology IMPD study 17291",NA,NA,NA,NA,NA,NA,NA,NA,NA,NA,NA,NA,NA,NA,"https://www.ncei.noaa.gov/access/paleo-search/study/17291",NA,NA,NA,NA,"noaa_study_id=17291; original pub in IMPD datafile header","IMPDv1:IMPD_17291",1634,"Barnes,J.L.",1,"Barnes","J.L.",NA,NA,NA,NA,NA,NA,NA,NA,NA,"IMPDv1:IMPD_17291",1634,"IMPDv1","IMPD_17291",NA,6,6,"cm",NA,"Radiocarbon","bulk sediment",1.98,0.25,NA,NA,"UIUC N3-7",TRUE,NA,"na Date is in uncalibrated radiocarbon years.","Little Isac Lake_SIEVED","counted","NaN-NaN",NA,NA,"",1.98,1.73,2.23,1.98,6,NA,"na Date is in uncalibrated radiocarbon years.",". Cal curve: NA. Source DB: IMPDv1","Lacustrine","Carbon-14","Radiocarbon",-50.03,2994.09,"Calibrated radiocarbon years BP","sedimentary charcoal","Data Sourcing: IMPDv1 #charcoal_recommendedformat","Sample Age Source: IMPDv1"
"1634",89,"charcoal | num",29.75,29.875,30,0.25,1616.7,1609.491738,1623.917217,"IMPDv1","Charcoal (sum)","(additional options)",NA,NA,"False","False","number","Macroscopic charcoal (sieved)","direct",NA,"CHAR",6,NA,NA,"quant_raw",3,"volume","cm^3","IMPDv1","IMPD_17291","charcoal","count","char","wet_sieve","particle","num","count","no_size","num","IMPDv1","measured",1,"IMPDv1",NA,"Little Isac Lake",67.941083,-160.797111,210,"north",NA,NA,"sedlac",1634,0,NA,"Higuera,P.E.;Chipman,M.L.;Barnes,J.L.;Urban,M.A.;Hu,F.S.;. Little Isac Lake. NOAA/WDS Paleoclimatology IMPD study 17291",NA,NA,NA,NA,NA,NA,NA,NA,NA,NA,NA,NA,NA,NA,"https://www.ncei.noaa.gov/access/paleo-search/study/17291",NA,NA,NA,NA,"noaa_study_id=17291; original pub in IMPD datafile header","IMPDv1:IMPD_17291",1634,"Barnes,J.L.",1,"Barnes","J.L.",NA,NA,NA,NA,NA,NA,NA,NA,NA,"IMPDv1:IMPD_17291",1634,"IMPDv1","IMPD_17291",NA,7,7,"cm",NA,"Radiocarbon","bulk sediment",1.56,0.17,NA,NA,"UIUC N3-8",TRUE,NA,"na Date is in uncalibrated radiocarbon years.","Little Isac Lake_SIEVED","counted","NaN-NaN",NA,NA,"",1.56,1.39,1.73,1.56,7,NA,"na Date is in uncalibrated radiocarbon years.",". Cal curve: NA. Source DB: IMPDv1","Lacustrine","Carbon-14","Radiocarbon",-50.03,2994.09,"Calibrated radiocarbon years BP","sedimentary charcoal","Data Sourcing: IMPDv1 #charcoal_recommendedformat","Sample Age Source: IMPDv1"
"1634",90,"charcoal | num",30,30.125,30.25,0.25,1631.12,1623.917217,1638.332399,"IMPDv1","Charcoal (sum)","(additional options)",NA,NA,"False","False","number","Macroscopic charcoal (sieved)","direct",NA,"CHAR",10,NA,NA,"quant_raw",3,"volume","cm^3","IMPDv1","IMPD_17291","charcoal","count","char","wet_sieve","particle","num","count","no_size","num","IMPDv1","measured",1,"IMPDv1",NA,"Little Isac Lake",67.941083,-160.797111,210,"north",NA,NA,"sedlac",1634,0,NA,"Higuera,P.E.;Chipman,M.L.;Barnes,J.L.;Urban,M.A.;Hu,F.S.;. Little Isac Lake. NOAA/WDS Paleoclimatology IMPD study 17291",NA,NA,NA,NA,NA,NA,NA,NA,NA,NA,NA,NA,NA,NA,"https://www.ncei.noaa.gov/access/paleo-search/study/17291",NA,NA,NA,NA,"noaa_study_id=17291; original pub in IMPD datafile header","IMPDv1:IMPD_17291",1634,"Barnes,J.L.",1,"Barnes","J.L.",NA,NA,NA,NA,NA,NA,NA,NA,NA,"IMPDv1:IMPD_17291",1634,"IMPDv1","IMPD_17291",NA,8,8,"cm",NA,"Radiocarbon","bulk sediment",1.8,0.2,NA,NA,"UIUC N3-9",TRUE,NA,"na Date is in uncalibrated radiocarbon years.","Little Isac Lake_SIEVED","counted","NaN-NaN",NA,NA,"",1.8,1.6,2,1.8,8,NA,"na Date is in uncalibrated radiocarbon years.",". Cal curve: NA. Source DB: IMPDv1","Lacustrine","Carbon-14","Radiocarbon",-50.03,2994.09,"Calibrated radiocarbon years BP","sedimentary charcoal","Data Sourcing: IMPDv1 #charcoal_recommendedformat","Sample Age Source: IMPDv1"
"1634",91,"charcoal | num",30.25,30.375,30.5,0.25,1645.53,1638.332399,1652.737124,"IMPDv1","Charcoal (sum)","(additional options)",NA,NA,"False","False","number","Macroscopic charcoal (sieved)","direct",NA,"CHAR",4,NA,NA,"quant_raw",3,"volume","cm^3","IMPDv1","IMPD_17291","charcoal","count","char","wet_sieve","particle","num","count","no_size","num","IMPDv1","measured",1,"IMPDv1",NA,"Little Isac Lake",67.941083,-160.797111,210,"north",NA,NA,"sedlac",1634,0,NA,"Higuera,P.E.;Chipman,M.L.;Barnes,J.L.;Urban,M.A.;Hu,F.S.;. Little Isac Lake. NOAA/WDS Paleoclimatology IMPD study 17291",NA,NA,NA,NA,NA,NA,NA,NA,NA,NA,NA,NA,NA,NA,"https://www.ncei.noaa.gov/access/paleo-search/study/17291",NA,NA,NA,NA,"noaa_study_id=17291; original pub in IMPD datafile header","IMPDv1:IMPD_17291",1634,"Barnes,J.L.",1,"Barnes","J.L.",NA,NA,NA,NA,NA,NA,NA,NA,NA,"IMPDv1:IMPD_17291",1634,"IMPDv1","IMPD_17291",NA,9,9,"cm",NA,"Radiocarbon","bulk sediment",1.73,0.18,NA,NA,"UIUC N3-11",TRUE,NA,"na Date is in uncalibrated radiocarbon years.","Little Isac Lake_SIEVED","counted","NaN-NaN",NA,NA,"",1.73,1.55,1.91,1.73,9,NA,"na Date is in uncalibrated radiocarbon years.",". Cal curve: NA. Source DB: IMPDv1","Lacustrine","Carbon-14","Radiocarbon",-50.03,2994.09,"Calibrated radiocarbon years BP","sedimentary charcoal","Data Sourcing: IMPDv1 #charcoal_recommendedformat","Sample Age Source: IMPDv1"
"1634",92,"charcoal | num",30.5,30.625,30.75,0.25,1659.93,1652.737124,1667.131232,"IMPDv1","Charcoal (sum)","(additional options)",NA,NA,"False","False","number","Macroscopic charcoal (sieved)","direct",NA,"CHAR",2,NA,NA,"quant_raw",3,"volume","cm^3","IMPDv1","IMPD_17291","charcoal","count","char","wet_sieve","particle","num","count","no_size","num","IMPDv1","measured",1,"IMPDv1",NA,"Little Isac Lake",67.941083,-160.797111,210,"north",NA,NA,"sedlac",1634,0,NA,"Higuera,P.E.;Chipman,M.L.;Barnes,J.L.;Urban,M.A.;Hu,F.S.;. Little Isac Lake. NOAA/WDS Paleoclimatology IMPD study 17291",NA,NA,NA,NA,NA,NA,NA,NA,NA,NA,NA,NA,NA,NA,"https://www.ncei.noaa.gov/access/paleo-search/study/17291",NA,NA,NA,NA,"noaa_study_id=17291; original pub in IMPD datafile header","IMPDv1:IMPD_17291",1634,"Barnes,J.L.",1,"Barnes","J.L.",NA,NA,NA,NA,NA,NA,NA,NA,NA,"IMPDv1:IMPD_17291",1634,"IMPDv1","IMPD_17291",NA,10,10,"cm",NA,"Radiocarbon","bulk sediment",1.84,0.2,NA,NA,"UIUC N3-12",TRUE,NA,"na Date is in uncalibrated radiocarbon years.","Little Isac Lake_SIEVED","counted","NaN-NaN",NA,NA,"",1.84,1.64,2.04,1.84,10,NA,"na Date is in uncalibrated radiocarbon years.",". Cal curve: NA. Source DB: IMPDv1","Lacustrine","Carbon-14","Radiocarbon",-50.03,2994.09,"Calibrated radiocarbon years BP","sedimentary charcoal","Data Sourcing: IMPDv1 #charcoal_recommendedformat","Sample Age Source: IMPDv1"
"1634",93,"charcoal | num",30.75,30.875,31,0.25,1674.32,1667.131232,1681.514562,"IMPDv1","Charcoal (sum)","(additional options)",NA,NA,"False","False","number","Macroscopic charcoal (sieved)","direct",NA,"CHAR",1,NA,NA,"quant_raw",3,"volume","cm^3","IMPDv1","IMPD_17291","charcoal","count","char","wet_sieve","particle","num","count","no_size","num","IMPDv1","measured",1,"IMPDv1",NA,"Little Isac Lake",67.941083,-160.797111,210,"north",NA,NA,"sedlac",1634,0,NA,"Higuera,P.E.;Chipman,M.L.;Barnes,J.L.;Urban,M.A.;Hu,F.S.;. Little Isac Lake. NOAA/WDS Paleoclimatology IMPD study 17291",NA,NA,NA,NA,NA,NA,NA,NA,NA,NA,NA,NA,NA,NA,"https://www.ncei.noaa.gov/access/paleo-search/study/17291",NA,NA,NA,NA,"noaa_study_id=17291; original pub in IMPD datafile header","IMPDv1:IMPD_17291",1634,"Barnes,J.L.",1,"Barnes","J.L.",NA,NA,NA,NA,NA,NA,NA,NA,NA,"IMPDv1:IMPD_17291",1634,"IMPDv1","IMPD_17291",NA,11,11,"cm",NA,"Radiocarbon","bulk sediment",1.82,0.19,NA,NA,"UIUC N3-13",TRUE,NA,"na Date is in uncalibrated radiocarbon years.","Little Isac Lake_SIEVED","counted","NaN-NaN",NA,NA,"",1.82,1.63,2.01,1.82,11,NA,"na Date is in uncalibrated radiocarbon years.",". Cal curve: NA. Source DB: IMPDv1","Lacustrine","Carbon-14","Radiocarbon",-50.03,2994.09,"Calibrated radiocarbon years BP","sedimentary charcoal","Data Sourcing: IMPDv1 #charcoal_recommendedformat","Sample Age Source: IMPDv1"
"1634",94,"charcoal | num",31,31.125,31.25,0.25,1688.7,1681.514562,1695.886955,"IMPDv1","Charcoal (sum)","(additional options)",NA,NA,"False","False","number","Macroscopic charcoal (sieved)","direct",NA,"CHAR",12,NA,NA,"quant_raw",3,"volume","cm^3","IMPDv1","IMPD_17291","charcoal","count","char","wet_sieve","particle","num","count","no_size","num","IMPDv1","measured",1,"IMPDv1",NA,"Little Isac Lake",67.941083,-160.797111,210,"north",NA,NA,"sedlac",1634,0,NA,"Higuera,P.E.;Chipman,M.L.;Barnes,J.L.;Urban,M.A.;Hu,F.S.;. Little Isac Lake. NOAA/WDS Paleoclimatology IMPD study 17291",NA,NA,NA,NA,NA,NA,NA,NA,NA,NA,NA,NA,NA,NA,"https://www.ncei.noaa.gov/access/paleo-search/study/17291",NA,NA,NA,NA,"noaa_study_id=17291; original pub in IMPD datafile header","IMPDv1:IMPD_17291",1634,"Barnes,J.L.",1,"Barnes","J.L.",NA,NA,NA,NA,NA,NA,NA,NA,NA,"IMPDv1:IMPD_17291",1634,"IMPDv1","IMPD_17291",NA,12,12,"cm",NA,"Radiocarbon","bulk sediment",1.93,0.16,NA,NA,"UIUC N3-14",TRUE,NA,"na Date is in uncalibrated radiocarbon years.","Little Isac Lake_SIEVED","counted","NaN-NaN",NA,NA,"",1.93,1.77,2.09,1.93,12,NA,"na Date is in uncalibrated radiocarbon years.",". Cal curve: NA. Source DB: IMPDv1","Lacustrine","Carbon-14","Radiocarbon",-50.03,2994.09,"Calibrated radiocarbon years BP","sedimentary charcoal","Data Sourcing: IMPDv1 #charcoal_recommendedformat","Sample Age Source: IMPDv1"
"1634",95,"charcoal | num",31.25,31.375,31.5,0.25,1703.07,1695.886955,1710.248249,"IMPDv1","Charcoal (sum)","(additional options)",NA,NA,"False","False","number","Macroscopic charcoal (sieved)","direct",NA,"CHAR",10,NA,NA,"quant_raw",3,"volume","cm^3","IMPDv1","IMPD_17291","charcoal","count","char","wet_sieve","particle","num","count","no_size","num","IMPDv1","measured",1,"IMPDv1",NA,"Little Isac Lake",67.941083,-160.797111,210,"north",NA,NA,"sedlac",1634,0,NA,"Higuera,P.E.;Chipman,M.L.;Barnes,J.L.;Urban,M.A.;Hu,F.S.;. Little Isac Lake. NOAA/WDS Paleoclimatology IMPD study 17291",NA,NA,NA,NA,NA,NA,NA,NA,NA,NA,NA,NA,NA,NA,"https://www.ncei.noaa.gov/access/paleo-search/study/17291",NA,NA,NA,NA,"noaa_study_id=17291; original pub in IMPD datafile header","IMPDv1:IMPD_17291",1634,"Barnes,J.L.",1,"Barnes","J.L.",NA,NA,NA,NA,NA,NA,NA,NA,NA,"IMPDv1:IMPD_17291",1634,"IMPDv1","IMPD_17291",NA,13,13,"cm",NA,"Radiocarbon","bulk sediment",1.71,0.15,NA,NA,"UIUC N3-15",TRUE,NA,"na Date is in uncalibrated radiocarbon years.","Little Isac Lake_SIEVED","counted","NaN-NaN",NA,NA,"",1.71,1.56,1.86,1.71,13,NA,"na Date is in uncalibrated radiocarbon years.",". Cal curve: NA. Source DB: IMPDv1","Lacustrine","Carbon-14","Radiocarbon",-50.03,2994.09,"Calibrated radiocarbon years BP","sedimentary charcoal","Data Sourcing: IMPDv1 #charcoal_recommendedformat","Sample Age Source: IMPDv1"
"1634",96,"charcoal | num",31.5,31.625,31.75,0.25,1717.42,1710.248249,1724.598286,"IMPDv1","Charcoal (sum)","(additional options)",NA,NA,"False","False","number","Macroscopic charcoal (sieved)","direct",NA,"CHAR",9,NA,NA,"quant_raw",3,"volume","cm^3","IMPDv1","IMPD_17291","charcoal","count","char","wet_sieve","particle","num","count","no_size","num","IMPDv1","measured",1,"IMPDv1",NA,"Little Isac Lake",67.941083,-160.797111,210,"north",NA,NA,"sedlac",1634,0,NA,"Higuera,P.E.;Chipman,M.L.;Barnes,J.L.;Urban,M.A.;Hu,F.S.;. Little Isac Lake. NOAA/WDS Paleoclimatology IMPD study 17291",NA,NA,NA,NA,NA,NA,NA,NA,NA,NA,NA,NA,NA,NA,"https://www.ncei.noaa.gov/access/paleo-search/study/17291",NA,NA,NA,NA,"noaa_study_id=17291; original pub in IMPD datafile header","IMPDv1:IMPD_17291",1634,"Barnes,J.L.",1,"Barnes","J.L.",NA,NA,NA,NA,NA,NA,NA,NA,NA,"IMPDv1:IMPD_17291",1634,"IMPDv1","IMPD_17291",NA,14,14,"cm",NA,"Radiocarbon","bulk sediment",1.74,0.13,NA,NA,"UIUC N3-16",TRUE,NA,"na Date is in uncalibrated radiocarbon years.","Little Isac Lake_SIEVED","counted","NaN-NaN",NA,NA,"",1.74,1.61,1.87,1.74,14,NA,"na Date is in uncalibrated radiocarbon years.",". Cal curve: NA. Source DB: IMPDv1","Lacustrine","Carbon-14","Radiocarbon",-50.03,2994.09,"Calibrated radiocarbon years BP","sedimentary charcoal","Data Sourcing: IMPDv1 #charcoal_recommendedformat","Sample Age Source: IMPDv1"
"1634",97,"charcoal | num",31.75,31.875,32,0.25,1731.77,1724.598286,1738.936903,"IMPDv1","Charcoal (sum)","(additional options)",NA,NA,"False","False","number","Macroscopic charcoal (sieved)","direct",NA,"CHAR",12,NA,NA,"quant_raw",3,"volume","cm^3","IMPDv1","IMPD_17291","charcoal","count","char","wet_sieve","particle","num","count","no_size","num","IMPDv1","measured",1,"IMPDv1",NA,"Little Isac Lake",67.941083,-160.797111,210,"north",NA,NA,"sedlac",1634,0,NA,"Higuera,P.E.;Chipman,M.L.;Barnes,J.L.;Urban,M.A.;Hu,F.S.;. Little Isac Lake. NOAA/WDS Paleoclimatology IMPD study 17291",NA,NA,NA,NA,NA,NA,NA,NA,NA,NA,NA,NA,NA,NA,"https://www.ncei.noaa.gov/access/paleo-search/study/17291",NA,NA,NA,NA,"noaa_study_id=17291; original pub in IMPD datafile header","IMPDv1:IMPD_17291",1634,"Barnes,J.L.",1,"Barnes","J.L.",NA,NA,NA,NA,NA,NA,NA,NA,NA,"IMPDv1:IMPD_17291",1634,"IMPDv1","IMPD_17291",NA,15,15,"cm",NA,"Radiocarbon","bulk sediment",1.98,0.19,NA,NA,"UIUC N3-17",TRUE,NA,"na Date is in uncalibrated radiocarbon years.","Little Isac Lake_SIEVED","counted","NaN-NaN",NA,NA,"",1.98,1.79,2.17,1.98,15,NA,"na Date is in uncalibrated radiocarbon years.",". Cal curve: NA. Source DB: IMPDv1","Lacustrine","Carbon-14","Radiocarbon",-50.03,2994.09,"Calibrated radiocarbon years BP","sedimentary charcoal","Data Sourcing: IMPDv1 #charcoal_recommendedformat","Sample Age Source: IMPDv1"
"1634",98,"charcoal | num",32,32.125,32.25,0.25,1746.1,1738.936903,1753.263942,"IMPDv1","Charcoal (sum)","(additional options)",NA,NA,"False","False","number","Macroscopic charcoal (sieved)","direct",NA,"CHAR",10,NA,NA,"quant_raw",3,"volume","cm^3","IMPDv1","IMPD_17291","charcoal","count","char","wet_sieve","particle","num","count","no_size","num","IMPDv1","measured",1,"IMPDv1",NA,"Little Isac Lake",67.941083,-160.797111,210,"north",NA,NA,"sedlac",1634,0,NA,"Higuera,P.E.;Chipman,M.L.;Barnes,J.L.;Urban,M.A.;Hu,F.S.;. Little Isac Lake. NOAA/WDS Paleoclimatology IMPD study 17291",NA,NA,NA,NA,NA,NA,NA,NA,NA,NA,NA,NA,NA,NA,"https://www.ncei.noaa.gov/access/paleo-search/study/17291",NA,NA,NA,NA,"noaa_study_id=17291; original pub in IMPD datafile header","IMPDv1:IMPD_17291",1634,"Barnes,J.L.",1,"Barnes","J.L.",NA,NA,NA,NA,NA,NA,NA,NA,NA,"IMPDv1:IMPD_17291",1634,"IMPDv1","IMPD_17291",NA,15.5,15.5,"cm",NA,"Radiocarbon","bulk sediment",1.68,0.18,NA,NA,"UIUC N3-18",TRUE,NA,"na Date is in uncalibrated radiocarbon years.","Little Isac Lake_SIEVED","counted","NaN-NaN",NA,NA,"",1.68,1.5,1.86,1.68,15.5,NA,"na Date is in uncalibrated radiocarbon years.",". Cal curve: NA. Source DB: IMPDv1","Lacustrine","Carbon-14","Radiocarbon",-50.03,2994.09,"Calibrated radiocarbon years BP","sedimentary charcoal","Data Sourcing: IMPDv1 #charcoal_recommendedformat","Sample Age Source: IMPDv1"
"1634",99,"charcoal | num",32.25,32.375,32.5,0.25,1760.42,1753.263942,1767.579242,"IMPDv1","Charcoal (sum)","(additional options)",NA,NA,"False","False","number","Macroscopic charcoal (sieved)","direct",NA,"CHAR",3,NA,NA,"quant_raw",3,"volume","cm^3","IMPDv1","IMPD_17291","charcoal","count","char","wet_sieve","particle","num","count","no_size","num","IMPDv1","measured",1,"IMPDv1",NA,"Little Isac Lake",67.941083,-160.797111,210,"north",NA,NA,"sedlac",1634,0,NA,"Higuera,P.E.;Chipman,M.L.;Barnes,J.L.;Urban,M.A.;Hu,F.S.;. Little Isac Lake. NOAA/WDS Paleoclimatology IMPD study 17291",NA,NA,NA,NA,NA,NA,NA,NA,NA,NA,NA,NA,NA,NA,"https://www.ncei.noaa.gov/access/paleo-search/study/17291",NA,NA,NA,NA,"noaa_study_id=17291; original pub in IMPD datafile header","IMPDv1:IMPD_17291",1634,"Barnes,J.L.",1,"Barnes","J.L.",NA,NA,NA,NA,NA,NA,NA,NA,NA,"IMPDv1:IMPD_17291",1634,"IMPDv1","IMPD_17291",NA,16,16,"cm",NA,"Radiocarbon","bulk sediment",2.32,0.27,NA,NA,"UIUC N3-19",TRUE,NA,"na Date is in uncalibrated radiocarbon years.","Little Isac Lake_SIEVED","counted","NaN-NaN",NA,NA,"",2.32,2.05,2.59,2.32,16,NA,"na Date is in uncalibrated radiocarbon years.",". Cal curve: NA. Source DB: IMPDv1","Lacustrine","Carbon-14","Radiocarbon",-50.03,2994.09,"Calibrated radiocarbon years BP","sedimentary charcoal","Data Sourcing: IMPDv1 #charcoal_recommendedformat","Sample Age Source: IMPDv1"
"1634",100,"charcoal | num",32.5,32.625,32.75,0.25,1774.73,1767.579242,1781.882642,"IMPDv1","Charcoal (sum)","(additional options)",NA,NA,"False","False","number","Macroscopic charcoal (sieved)","direct",NA,"CHAR",6,NA,NA,"quant_raw",3,"volume","cm^3","IMPDv1","IMPD_17291","charcoal","count","char","wet_sieve","particle","num","count","no_size","num","IMPDv1","measured",1,"IMPDv1",NA,"Little Isac Lake",67.941083,-160.797111,210,"north",NA,NA,"sedlac",1634,0,NA,"Higuera,P.E.;Chipman,M.L.;Barnes,J.L.;Urban,M.A.;Hu,F.S.;. Little Isac Lake. NOAA/WDS Paleoclimatology IMPD study 17291",NA,NA,NA,NA,NA,NA,NA,NA,NA,NA,NA,NA,NA,NA,"https://www.ncei.noaa.gov/access/paleo-search/study/17291",NA,NA,NA,NA,"noaa_study_id=17291; original pub in IMPD datafile header","IMPDv1:IMPD_17291",1634,"Barnes,J.L.",1,"Barnes","J.L.",NA,NA,NA,NA,NA,NA,NA,NA,NA,"IMPDv1:IMPD_17291",1634,"IMPDv1","IMPD_17291",NA,16.5,16.5,"cm",NA,"Radiocarbon","bulk sediment",1.26,0.18,NA,NA,"UIUC N3-21",TRUE,NA,"na Date is in uncalibrated radiocarbon years.","Little Isac Lake_SIEVED","counted","NaN-NaN",NA,NA,"",1.26,1.08,1.44,1.26,16.5,NA,"na Date is in uncalibrated radiocarbon years.",". Cal curve: NA. Source DB: IMPDv1","Lacustrine","Carbon-14","Radiocarbon",-50.03,2994.09,"Calibrated radiocarbon years BP","sedimentary charcoal","Data Sourcing: IMPDv1 #charcoal_recommendedformat","Sample Age Source: IMPDv1"
"1634",101,"charcoal | num",32.75,32.875,33,0.25,1789.03,1781.882642,1796.173982,"IMPDv1","Charcoal (sum)","(additional options)",NA,NA,"False","False","number","Macroscopic charcoal (sieved)","direct",NA,"CHAR",3,NA,NA,"quant_raw",2.5,"volume","cm^3","IMPDv1","IMPD_17291","charcoal","count","char","wet_sieve","particle","num","count","no_size","num","IMPDv1","measured",1,"IMPDv1",NA,"Little Isac Lake",67.941083,-160.797111,210,"north",NA,NA,"sedlac",1634,0,NA,"Higuera,P.E.;Chipman,M.L.;Barnes,J.L.;Urban,M.A.;Hu,F.S.;. Little Isac Lake. NOAA/WDS Paleoclimatology IMPD study 17291",NA,NA,NA,NA,NA,NA,NA,NA,NA,NA,NA,NA,NA,NA,"https://www.ncei.noaa.gov/access/paleo-search/study/17291",NA,NA,NA,NA,"noaa_study_id=17291; original pub in IMPD datafile header","IMPDv1:IMPD_17291",1634,"Barnes,J.L.",1,"Barnes","J.L.",NA,NA,NA,NA,NA,NA,NA,NA,NA,"IMPDv1:IMPD_17291",1634,"IMPDv1","IMPD_17291",NA,17,17,"cm",NA,"Radiocarbon","bulk sediment",2.91,0.33,NA,NA,"UIUC N3-22",TRUE,NA,"na Date is in uncalibrated radiocarbon years.","Little Isac Lake_SIEVED","counted","NaN-NaN",NA,NA,"",2.91,2.58,3.24,2.91,17,NA,"na Date is in uncalibrated radiocarbon years.",". Cal curve: NA. Source DB: IMPDv1","Lacustrine","Carbon-14","Radiocarbon",-50.03,2994.09,"Calibrated radiocarbon years BP","sedimentary charcoal","Data Sourcing: IMPDv1 #charcoal_recommendedformat","Sample Age Source: IMPDv1"
"1634",102,"charcoal | num",33,33.125,33.25,0.25,1803.31,1796.173982,1810.453102,"IMPDv1","Charcoal (sum)","(additional options)",NA,NA,"False","False","number","Macroscopic charcoal (sieved)","direct",NA,"CHAR",4,NA,NA,"quant_raw",3,"volume","cm^3","IMPDv1","IMPD_17291","charcoal","count","char","wet_sieve","particle","num","count","no_size","num","IMPDv1","measured",1,"IMPDv1",NA,"Little Isac Lake",67.941083,-160.797111,210,"north",NA,NA,"sedlac",1634,0,NA,"Higuera,P.E.;Chipman,M.L.;Barnes,J.L.;Urban,M.A.;Hu,F.S.;. Little Isac Lake. NOAA/WDS Paleoclimatology IMPD study 17291",NA,NA,NA,NA,NA,NA,NA,NA,NA,NA,NA,NA,NA,NA,"https://www.ncei.noaa.gov/access/paleo-search/study/17291",NA,NA,NA,NA,"noaa_study_id=17291; original pub in IMPD datafile header","IMPDv1:IMPD_17291",1634,"Barnes,J.L.",1,"Barnes","J.L.",NA,NA,NA,NA,NA,NA,NA,NA,NA,"IMPDv1:IMPD_17291",1634,"IMPDv1","IMPD_17291",NA,17.5,17.5,"cm",NA,"Radiocarbon","bulk sediment",2.41,0.3,NA,NA,"UIUC N3-23",TRUE,NA,"na Date is in uncalibrated radiocarbon years.","Little Isac Lake_SIEVED","counted","NaN-NaN",NA,NA,"",2.41,2.11,2.71,2.41,17.5,NA,"na Date is in uncalibrated radiocarbon years.",". Cal curve: NA. Source DB: IMPDv1","Lacustrine","Carbon-14","Radiocarbon",-50.03,2994.09,"Calibrated radiocarbon years BP","sedimentary charcoal","Data Sourcing: IMPDv1 #charcoal_recommendedformat","Sample Age Source: IMPDv1"
"1634",103,"charcoal | num",33.25,33.375,33.5,0.25,1817.59,1810.453102,1824.719842,"IMPDv1","Charcoal (sum)","(additional options)",NA,NA,"False","False","number","Macroscopic charcoal (sieved)","direct",NA,"CHAR",6,NA,NA,"quant_raw",3,"volume","cm^3","IMPDv1","IMPD_17291","charcoal","count","char","wet_sieve","particle","num","count","no_size","num","IMPDv1","measured",1,"IMPDv1",NA,"Little Isac Lake",67.941083,-160.797111,210,"north",NA,NA,"sedlac",1634,0,NA,"Higuera,P.E.;Chipman,M.L.;Barnes,J.L.;Urban,M.A.;Hu,F.S.;. Little Isac Lake. NOAA/WDS Paleoclimatology IMPD study 17291",NA,NA,NA,NA,NA,NA,NA,NA,NA,NA,NA,NA,NA,NA,"https://www.ncei.noaa.gov/access/paleo-search/study/17291",NA,NA,NA,NA,"noaa_study_id=17291; original pub in IMPD datafile header","IMPDv1:IMPD_17291",1634,"Barnes,J.L.",1,"Barnes","J.L.",NA,NA,NA,NA,NA,NA,NA,NA,NA,"IMPDv1:IMPD_17291",1634,"IMPDv1","IMPD_17291",NA,18,18,"cm",NA,"Radiocarbon","bulk sediment",2.51,0.33,NA,NA,"UIUC N3-24",TRUE,NA,"na Date is in uncalibrated radiocarbon years.","Little Isac Lake_SIEVED","counted","NaN-NaN",NA,NA,"",2.51,2.18,2.84,2.51,18,NA,"na Date is in uncalibrated radiocarbon years.",". Cal curve: NA. Source DB: IMPDv1","Lacustrine","Carbon-14","Radiocarbon",-50.03,2994.09,"Calibrated radiocarbon years BP","sedimentary charcoal","Data Sourcing: IMPDv1 #charcoal_recommendedformat","Sample Age Source: IMPDv1"
"1634",104,"charcoal | num",33.5,33.625,33.75,0.25,1831.85,1824.719842,1838.974041,"IMPDv1","Charcoal (sum)","(additional options)",NA,NA,"False","False","number","Macroscopic charcoal (sieved)","direct",NA,"CHAR",6,NA,NA,"quant_raw",3,"volume","cm^3","IMPDv1","IMPD_17291","charcoal","count","char","wet_sieve","particle","num","count","no_size","num","IMPDv1","measured",1,"IMPDv1",NA,"Little Isac Lake",67.941083,-160.797111,210,"north",NA,NA,"sedlac",1634,0,NA,"Higuera,P.E.;Chipman,M.L.;Barnes,J.L.;Urban,M.A.;Hu,F.S.;. Little Isac Lake. NOAA/WDS Paleoclimatology IMPD study 17291",NA,NA,NA,NA,NA,NA,NA,NA,NA,NA,NA,NA,NA,NA,"https://www.ncei.noaa.gov/access/paleo-search/study/17291",NA,NA,NA,NA,"noaa_study_id=17291; original pub in IMPD datafile header","IMPDv1:IMPD_17291",1634,"Barnes,J.L.",1,"Barnes","J.L.",NA,NA,NA,NA,NA,NA,NA,NA,NA,"IMPDv1:IMPD_17291",1634,"IMPDv1","IMPD_17291",NA,18.5,18.5,"cm",NA,"Radiocarbon","bulk sediment",2.43,0.28,NA,NA,"UIUC N3-25",TRUE,NA,"na Date is in uncalibrated radiocarbon years.","Little Isac Lake_SIEVED","counted","NaN-NaN",NA,NA,"",2.43,2.15,2.71,2.43,18.5,NA,"na Date is in uncalibrated radiocarbon years.",". Cal curve: NA. Source DB: IMPDv1","Lacustrine","Carbon-14","Radiocarbon",-50.03,2994.09,"Calibrated radiocarbon years BP","sedimentary charcoal","Data Sourcing: IMPDv1 #charcoal_recommendedformat","Sample Age Source: IMPDv1"
"1634",105,"charcoal | num",33.75,33.875,34,0.25,1846.09,1838.974041,1853.215539,"IMPDv1","Charcoal (sum)","(additional options)",NA,NA,"False","False","number","Macroscopic charcoal (sieved)","direct",NA,"CHAR",5,NA,NA,"quant_raw",3,"volume","cm^3","IMPDv1","IMPD_17291","charcoal","count","char","wet_sieve","particle","num","count","no_size","num","IMPDv1","measured",1,"IMPDv1",NA,"Little Isac Lake",67.941083,-160.797111,210,"north",NA,NA,"sedlac",1634,0,NA,"Higuera,P.E.;Chipman,M.L.;Barnes,J.L.;Urban,M.A.;Hu,F.S.;. Little Isac Lake. NOAA/WDS Paleoclimatology IMPD study 17291",NA,NA,NA,NA,NA,NA,NA,NA,NA,NA,NA,NA,NA,NA,"https://www.ncei.noaa.gov/access/paleo-search/study/17291",NA,NA,NA,NA,"noaa_study_id=17291; original pub in IMPD datafile header","IMPDv1:IMPD_17291",1634,"Barnes,J.L.",1,"Barnes","J.L.",NA,NA,NA,NA,NA,NA,NA,NA,NA,"IMPDv1:IMPD_17291",1634,"IMPDv1","IMPD_17291",NA,19,19,"cm",NA,"Radiocarbon","bulk sediment",1.76,0.16,NA,NA,"UIUC N3-26",TRUE,NA,"na Date is in uncalibrated radiocarbon years.","Little Isac Lake_SIEVED","counted","NaN-NaN",NA,NA,"",1.76,1.6,1.92,1.76,19,NA,"na Date is in uncalibrated radiocarbon years.",". Cal curve: NA. Source DB: IMPDv1","Lacustrine","Carbon-14","Radiocarbon",-50.03,2994.09,"Calibrated radiocarbon years BP","sedimentary charcoal","Data Sourcing: IMPDv1 #charcoal_recommendedformat","Sample Age Source: IMPDv1"
"1634",106,"charcoal | num",34,34.125,34.25,0.25,1860.33,1853.215539,1867.444176,"IMPDv1","Charcoal (sum)","(additional options)",NA,NA,"False","False","number","Macroscopic charcoal (sieved)","direct",NA,"CHAR",15,NA,NA,"quant_raw",3,"volume","cm^3","IMPDv1","IMPD_17291","charcoal","count","char","wet_sieve","particle","num","count","no_size","num","IMPDv1","measured",1,"IMPDv1",NA,"Little Isac Lake",67.941083,-160.797111,210,"north",NA,NA,"sedlac",1634,0,NA,"Higuera,P.E.;Chipman,M.L.;Barnes,J.L.;Urban,M.A.;Hu,F.S.;. Little Isac Lake. NOAA/WDS Paleoclimatology IMPD study 17291",NA,NA,NA,NA,NA,NA,NA,NA,NA,NA,NA,NA,NA,NA,"https://www.ncei.noaa.gov/access/paleo-search/study/17291",NA,NA,NA,NA,"noaa_study_id=17291; original pub in IMPD datafile header","IMPDv1:IMPD_17291",1634,"Barnes,J.L.",1,"Barnes","J.L.",NA,NA,NA,NA,NA,NA,NA,NA,NA,"IMPDv1:IMPD_17291",1634,"IMPDv1","IMPD_17291",NA,19.5,19.5,"cm",NA,"Radiocarbon","bulk sediment",1.55,0.14,NA,NA,"UIUC N3-27",TRUE,NA,"na Date is in uncalibrated radiocarbon years.","Little Isac Lake_SIEVED","counted","NaN-NaN",NA,NA,"",1.55,1.41,1.69,1.55,19.5,NA,"na Date is in uncalibrated radiocarbon years.",". Cal curve: NA. Source DB: IMPDv1","Lacustrine","Carbon-14","Radiocarbon",-50.03,2994.09,"Calibrated radiocarbon years BP","sedimentary charcoal","Data Sourcing: IMPDv1 #charcoal_recommendedformat","Sample Age Source: IMPDv1"
"1634",107,"charcoal | num",34.25,34.375,34.5,0.25,1874.55,1867.444176,1881.659792,"IMPDv1","Charcoal (sum)","(additional options)",NA,NA,"False","False","number","Macroscopic charcoal (sieved)","direct",NA,"CHAR",9,NA,NA,"quant_raw",3,"volume","cm^3","IMPDv1","IMPD_17291","charcoal","count","char","wet_sieve","particle","num","count","no_size","num","IMPDv1","measured",1,"IMPDv1",NA,"Little Isac Lake",67.941083,-160.797111,210,"north",NA,NA,"sedlac",1634,0,NA,"Higuera,P.E.;Chipman,M.L.;Barnes,J.L.;Urban,M.A.;Hu,F.S.;. Little Isac Lake. NOAA/WDS Paleoclimatology IMPD study 17291",NA,NA,NA,NA,NA,NA,NA,NA,NA,NA,NA,NA,NA,NA,"https://www.ncei.noaa.gov/access/paleo-search/study/17291",NA,NA,NA,NA,"noaa_study_id=17291; original pub in IMPD datafile header","IMPDv1:IMPD_17291",1634,"Barnes,J.L.",1,"Barnes","J.L.",NA,NA,NA,NA,NA,NA,NA,NA,NA,"IMPDv1:IMPD_17291",1634,"IMPDv1","IMPD_17291",NA,22.25,22.25,"cm",NA,"Radiocarbon","twig with bark",3570,35,3869,NA,"CAMS 136532",TRUE,NA,"Date not used in chronology; see Results for explanation. Date is in uncalibrated radiocarbon years.","Little Isac Lake_SIEVED","counted","NaN-NaN",NA,NA,"",3570,3535,3605,3570,22.25,NA,"Date not used in chronology; see Results for explanation. Date is in uncalibrated radiocarbon years.",". Cal curve: NA. Source DB: IMPDv1","Lacustrine","Carbon-14","Radiocarbon",-50.03,2994.09,"Calibrated radiocarbon years BP","sedimentary charcoal","Data Sourcing: IMPDv1 #charcoal_recommendedformat","Sample Age Source: IMPDv1"
"1634",108,"charcoal | num",34.5,34.625,34.75,0.25,1888.76,1881.659792,1895.862225,"IMPDv1","Charcoal (sum)","(additional options)",NA,NA,"False","False","number","Macroscopic charcoal (sieved)","direct",NA,"CHAR",7,NA,NA,"quant_raw",3,"volume","cm^3","IMPDv1","IMPD_17291","charcoal","count","char","wet_sieve","particle","num","count","no_size","num","IMPDv1","measured",1,"IMPDv1",NA,"Little Isac Lake",67.941083,-160.797111,210,"north",NA,NA,"sedlac",1634,0,NA,"Higuera,P.E.;Chipman,M.L.;Barnes,J.L.;Urban,M.A.;Hu,F.S.;. Little Isac Lake. NOAA/WDS Paleoclimatology IMPD study 17291",NA,NA,NA,NA,NA,NA,NA,NA,NA,NA,NA,NA,NA,NA,"https://www.ncei.noaa.gov/access/paleo-search/study/17291",NA,NA,NA,NA,"noaa_study_id=17291; original pub in IMPD datafile header","IMPDv1:IMPD_17291",1634,"Barnes,J.L.",1,"Barnes","J.L.",NA,NA,NA,NA,NA,NA,NA,NA,NA,"IMPDv1:IMPD_17291",1634,"IMPDv1","IMPD_17291",NA,23.25,23.25,"cm",NA,"Radiocarbon","charcoal",1330,410,1271,NA,"CAMS 138745",TRUE,NA,"na Date is in uncalibrated radiocarbon years.","Little Isac Lake_SIEVED","counted","NaN-NaN",NA,NA,"",1330,920,1740,1330,23.25,NA,"na Date is in uncalibrated radiocarbon years.",". Cal curve: NA. Source DB: IMPDv1","Lacustrine","Carbon-14","Radiocarbon",-50.03,2994.09,"Calibrated radiocarbon years BP","sedimentary charcoal","Data Sourcing: IMPDv1 #charcoal_recommendedformat","Sample Age Source: IMPDv1"
"1634",109,"charcoal | num",34.75,34.875,35,0.25,1902.96,1895.862225,1910.051316,"IMPDv1","Charcoal (sum)","(additional options)",NA,NA,"False","False","number","Macroscopic charcoal (sieved)","direct",NA,"CHAR",2,NA,NA,"quant_raw",2,"volume","cm^3","IMPDv1","IMPD_17291","charcoal","count","char","wet_sieve","particle","num","count","no_size","num","IMPDv1","measured",1,"IMPDv1",NA,"Little Isac Lake",67.941083,-160.797111,210,"north",NA,NA,"sedlac",1634,0,NA,"Higuera,P.E.;Chipman,M.L.;Barnes,J.L.;Urban,M.A.;Hu,F.S.;. Little Isac Lake. NOAA/WDS Paleoclimatology IMPD study 17291",NA,NA,NA,NA,NA,NA,NA,NA,NA,NA,NA,NA,NA,NA,"https://www.ncei.noaa.gov/access/paleo-search/study/17291",NA,NA,NA,NA,"noaa_study_id=17291; original pub in IMPD datafile header","IMPDv1:IMPD_17291",1634,"Barnes,J.L.",1,"Barnes","J.L.",NA,NA,NA,NA,NA,NA,NA,NA,NA,"IMPDv1:IMPD_17291",1634,"IMPDv1","IMPD_17291",NA,49.25,49.25,"cm",NA,"Radiocarbon","twig no bark",3360,30,3601,NA,"CAMS 136533",TRUE,NA,"Date not used in chronology; see Results for explanation. Date is in uncalibrated radiocarbon years.","Little Isac Lake_SIEVED","counted","NaN-NaN",NA,NA,"",3360,3330,3390,3360,49.25,NA,"Date not used in chronology; see Results for explanation. Date is in uncalibrated radiocarbon years.",". Cal curve: NA. Source DB: IMPDv1","Lacustrine","Carbon-14","Radiocarbon",-50.03,2994.09,"Calibrated radiocarbon years BP","sedimentary charcoal","Data Sourcing: IMPDv1 #charcoal_recommendedformat","Sample Age Source: IMPDv1"
"1634",110,"charcoal | num",35,35.125,35.25,0.25,1917.14,1910.051316,1924.226905,"IMPDv1","Charcoal (sum)","(additional options)",NA,NA,"False","False","number","Macroscopic charcoal (sieved)","direct",NA,"CHAR",1,NA,NA,"quant_raw",2,"volume","cm^3","IMPDv1","IMPD_17291","charcoal","count","char","wet_sieve","particle","num","count","no_size","num","IMPDv1","measured",1,"IMPDv1",NA,"Little Isac Lake",67.941083,-160.797111,210,"north",NA,NA,"sedlac",1634,0,NA,"Higuera,P.E.;Chipman,M.L.;Barnes,J.L.;Urban,M.A.;Hu,F.S.;. Little Isac Lake. NOAA/WDS Paleoclimatology IMPD study 17291",NA,NA,NA,NA,NA,NA,NA,NA,NA,NA,NA,NA,NA,NA,"https://www.ncei.noaa.gov/access/paleo-search/study/17291",NA,NA,NA,NA,"noaa_study_id=17291; original pub in IMPD datafile header","IMPDv1:IMPD_17291",1634,"Barnes,J.L.",1,"Barnes","J.L.",NA,NA,NA,NA,NA,NA,NA,NA,NA,"IMPDv1:IMPD_17291",1634,"IMPDv1","IMPD_17291",NA,52.25,52.25,"cm",NA,"Radiocarbon","birch bract and small organic fragments",2780,90,2901,NA,"CAMS 149207",TRUE,NA,"na Date is in uncalibrated radiocarbon years.","Little Isac Lake_SIEVED","counted","NaN-NaN",NA,NA,"",2780,2690,2870,2780,52.25,NA,"na Date is in uncalibrated radiocarbon years.",". Cal curve: NA. Source DB: IMPDv1","Lacustrine","Carbon-14","Radiocarbon",-50.03,2994.09,"Calibrated radiocarbon years BP","sedimentary charcoal","Data Sourcing: IMPDv1 #charcoal_recommendedformat","Sample Age Source: IMPDv1"
"1634",111,"charcoal | num",35.25,35.375,35.5,0.25,1931.31,1924.226905,1938.388831,"IMPDv1","Charcoal (sum)","(additional options)",NA,NA,"False","False","number","Macroscopic charcoal (sieved)","direct",NA,"CHAR",0,NA,NA,"quant_raw",3,"volume","cm^3","IMPDv1","IMPD_17291","charcoal","count","char","wet_sieve","particle","num","count","no_size","num","IMPDv1","measured",1,"IMPDv1",NA,"Little Isac Lake",67.941083,-160.797111,210,"north",NA,NA,"sedlac",1634,0,NA,"Higuera,P.E.;Chipman,M.L.;Barnes,J.L.;Urban,M.A.;Hu,F.S.;. Little Isac Lake. NOAA/WDS Paleoclimatology IMPD study 17291",NA,NA,NA,NA,NA,NA,NA,NA,NA,NA,NA,NA,NA,NA,"https://www.ncei.noaa.gov/access/paleo-search/study/17291",NA,NA,NA,NA,"noaa_study_id=17291; original pub in IMPD datafile header","IMPDv1:IMPD_17291",1634,"Barnes,J.L.",1,"Barnes","J.L.",NA,NA,NA,NA,NA,NA,NA,NA,NA,"IMPDv1:IMPD_17291",1634,"IMPDv1","IMPD_17291",NA,74.75,74.75,"cm",NA,"Radiocarbon","charcoal",1880,100,1813,NA,"CAMS 137914",TRUE,NA,"Date not used in chronology; see Results for explanation. Date is in uncalibrated radiocarbon years.","Little Isac Lake_SIEVED","counted","NaN-NaN",NA,NA,"",1880,1780,1980,1880,74.75,NA,"Date not used in chronology; see Results for explanation. Date is in uncalibrated radiocarbon years.",". Cal curve: NA. Source DB: IMPDv1","Lacustrine","Carbon-14","Radiocarbon",-50.03,2994.09,"Calibrated radiocarbon years BP","sedimentary charcoal","Data Sourcing: IMPDv1 #charcoal_recommendedformat","Sample Age Source: IMPDv1"
"1634",112,"charcoal | num",35.5,35.625,35.75,0.25,1945.46,1938.388831,1952.536935,"IMPDv1","Charcoal (sum)","(additional options)",NA,NA,"False","False","number","Macroscopic charcoal (sieved)","direct",NA,"CHAR",3,NA,NA,"quant_raw",3,"volume","cm^3","IMPDv1","IMPD_17291","charcoal","count","char","wet_sieve","particle","num","count","no_size","num","IMPDv1","measured",1,"IMPDv1",NA,"Little Isac Lake",67.941083,-160.797111,210,"north",NA,NA,"sedlac",1634,0,NA,"Higuera,P.E.;Chipman,M.L.;Barnes,J.L.;Urban,M.A.;Hu,F.S.;. Little Isac Lake. NOAA/WDS Paleoclimatology IMPD study 17291",NA,NA,NA,NA,NA,NA,NA,NA,NA,NA,NA,NA,NA,NA,"https://www.ncei.noaa.gov/access/paleo-search/study/17291",NA,NA,NA,NA,"noaa_study_id=17291; original pub in IMPD datafile header","IMPDv1:IMPD_17291",1634,"Barnes,J.L.",1,"Barnes","J.L.",NA,NA,NA,NA,NA,NA,NA,NA,NA,"IMPDv1:IMPD_17291",1634,"IMPDv1","IMPD_17291",NA,94,94,"cm",NA,"Radiocarbon","twig with bark",4225,30,4757,NA,"CAMS 136534",TRUE,NA,"na Date is in uncalibrated radiocarbon years.","Little Isac Lake_SIEVED","counted","NaN-NaN",NA,NA,"",4225,4195,4255,4225,94,NA,"na Date is in uncalibrated radiocarbon years.",". Cal curve: NA. Source DB: IMPDv1","Lacustrine","Carbon-14","Radiocarbon",-50.03,2994.09,"Calibrated radiocarbon years BP","sedimentary charcoal","Data Sourcing: IMPDv1 #charcoal_recommendedformat","Sample Age Source: IMPDv1"
"1634",113,"charcoal | num",35.75,35.875,36,0.25,1959.6,1952.536935,1966.671054,"IMPDv1","Charcoal (sum)","(additional options)",NA,NA,"False","False","number","Macroscopic charcoal (sieved)","direct",NA,"CHAR",4,NA,NA,"quant_raw",3,"volume","cm^3","IMPDv1","IMPD_17291","charcoal","count","char","wet_sieve","particle","num","count","no_size","num","IMPDv1","measured",1,"IMPDv1",NA,"Little Isac Lake",67.941083,-160.797111,210,"north",NA,NA,"sedlac",1634,0,NA,"Higuera,P.E.;Chipman,M.L.;Barnes,J.L.;Urban,M.A.;Hu,F.S.;. Little Isac Lake. NOAA/WDS Paleoclimatology IMPD study 17291",NA,NA,NA,NA,NA,NA,NA,NA,NA,NA,NA,NA,NA,NA,"https://www.ncei.noaa.gov/access/paleo-search/study/17291",NA,NA,NA,NA,"noaa_study_id=17291; original pub in IMPD datafile header","IMPDv1:IMPD_17291",1634,"Barnes,J.L.",1,"Barnes","J.L.",NA,NA,NA,NA,NA,NA,NA,NA,NA,"IMPDv1:IMPD_17291",1634,"IMPDv1","IMPD_17291",NA,125.25,125.25,"cm",NA,"Radiocarbon","charcoal",5090,50,5818,NA,"CAMS 137912",TRUE,NA,"na Date is in uncalibrated radiocarbon years.","Little Isac Lake_SIEVED","counted","NaN-NaN",NA,NA,"",5090,5040,5140,5090,125.25,NA,"na Date is in uncalibrated radiocarbon years.",". Cal curve: NA. Source DB: IMPDv1","Lacustrine","Carbon-14","Radiocarbon",-50.03,2994.09,"Calibrated radiocarbon years BP","sedimentary charcoal","Data Sourcing: IMPDv1 #charcoal_recommendedformat","Sample Age Source: IMPDv1"
"1634",114,"charcoal | num",36,36.125,36.25,0.25,1973.73,1966.671054,1980.791031,"IMPDv1","Charcoal (sum)","(additional options)",NA,NA,"False","False","number","Macroscopic charcoal (sieved)","direct",NA,"CHAR",5,NA,NA,"quant_raw",3,"volume","cm^3","IMPDv1","IMPD_17291","charcoal","count","char","wet_sieve","particle","num","count","no_size","num","IMPDv1","measured",1,"IMPDv1",NA,"Little Isac Lake",67.941083,-160.797111,210,"north",NA,NA,"sedlac",1634,0,NA,"Higuera,P.E.;Chipman,M.L.;Barnes,J.L.;Urban,M.A.;Hu,F.S.;. Little Isac Lake. NOAA/WDS Paleoclimatology IMPD study 17291",NA,NA,NA,NA,NA,NA,NA,NA,NA,NA,NA,NA,NA,NA,"https://www.ncei.noaa.gov/access/paleo-search/study/17291",NA,NA,NA,NA,"noaa_study_id=17291; original pub in IMPD datafile header","IMPDv1:IMPD_17291",1634,"Urban,M.A.",1,"Urban","M.A.",NA,NA,NA,NA,NA,NA,NA,NA,NA,"IMPDv1:IMPD_17291",1634,"IMPDv1","IMPD_17291",NA,148.25,148.25,"cm",NA,"Radiocarbon","2 charred twigs, charcoal, and leaf fragments",6430,150,7333,NA,"CAMS 137913",TRUE,NA,"na Date is in uncalibrated radiocarbon years.","Little Isac Lake_SIEVED","counted","NaN-NaN",NA,NA,"",6430,6280,6580,6430,148.25,NA,"na Date is in uncalibrated radiocarbon years.",". Cal curve: NA. Source DB: IMPDv1","Lacustrine","Carbon-14","Radiocarbon",-50.03,2994.09,"Calibrated radiocarbon years BP","sedimentary charcoal","Data Sourcing: IMPDv1 #charcoal_recommendedformat","Sample Age Source: IMPDv1"
"1634",115,"charcoal | num",36.25,36.375,36.5,0.25,1987.84,1980.791031,1994.896703,"IMPDv1","Charcoal (sum)","(additional options)",NA,NA,"False","False","number","Macroscopic charcoal (sieved)","direct",NA,"CHAR",2,NA,NA,"quant_raw",3,"volume","cm^3","IMPDv1","IMPD_17291","charcoal","count","char","wet_sieve","particle","num","count","no_size","num","IMPDv1","measured",1,"IMPDv1",NA,"Little Isac Lake",67.941083,-160.797111,210,"north",NA,NA,"sedlac",1634,0,NA,"Higuera,P.E.;Chipman,M.L.;Barnes,J.L.;Urban,M.A.;Hu,F.S.;. Little Isac Lake. NOAA/WDS Paleoclimatology IMPD study 17291",NA,NA,NA,NA,NA,NA,NA,NA,NA,NA,NA,NA,NA,NA,"https://www.ncei.noaa.gov/access/paleo-search/study/17291",NA,NA,NA,NA,"noaa_study_id=17291; original pub in IMPD datafile header","IMPDv1:IMPD_17291",1634,"Urban,M.A.",1,"Urban","M.A.",NA,NA,NA,NA,NA,NA,NA,NA,NA,"IMPDv1:IMPD_17291",1634,"IMPDv1","IMPD_17291",NA,223.25,223.25,"cm",NA,"Radiocarbon","wood fragment",9975,35,11396,NA,"CAMS 136535",TRUE,NA,"na Date is in uncalibrated radiocarbon years.","Little Isac Lake_SIEVED","counted","NaN-NaN",NA,NA,"",9975,9940,10010,9975,223.25,NA,"na Date is in uncalibrated radiocarbon years.",". Cal curve: NA. Source DB: IMPDv1","Lacustrine","Carbon-14","Radiocarbon",-50.03,2994.09,"Calibrated radiocarbon years BP","sedimentary charcoal","Data Sourcing: IMPDv1 #charcoal_recommendedformat","Sample Age Source: IMPDv1"
"1634",116,"charcoal | num",36.5,36.625,36.75,0.25,2001.94,1994.896703,2008.987911,"IMPDv1","Charcoal (sum)","(additional options)",NA,NA,"False","False","number","Macroscopic charcoal (sieved)","direct",NA,"CHAR",0,NA,NA,"quant_raw",2.5,"volume","cm^3","IMPDv1","IMPD_17291","charcoal","count","char","wet_sieve","particle","num","count","no_size","num","IMPDv1","measured",1,"IMPDv1",NA,"Little Isac Lake",67.941083,-160.797111,210,"north",NA,NA,"sedlac",1634,0,NA,"Higuera,P.E.;Chipman,M.L.;Barnes,J.L.;Urban,M.A.;Hu,F.S.;. Little Isac Lake. NOAA/WDS Paleoclimatology IMPD study 17291",NA,NA,NA,NA,NA,NA,NA,NA,NA,NA,NA,NA,NA,NA,"https://www.ncei.noaa.gov/access/paleo-search/study/17291",NA,NA,NA,NA,"noaa_study_id=17291; original pub in IMPD datafile header","IMPDv1:IMPD_17291",1634,"Urban,M.A.",1,"Urban","M.A.",NA,NA,NA,NA,NA,NA,NA,NA,NA,"IMPDv1:IMPD_17291",1634,"IMPDv1","IMPD_17291",NA,304.5,304.5,"cm",NA,"Radiocarbon","wood fragments w/bark",10,35,11487,NA,"CAMS 136536",TRUE,NA,"na Date is in uncalibrated radiocarbon years.","Little Isac Lake_SIEVED","counted","NaN-NaN",NA,NA,"",10,-25,45,10,304.5,NA,"na Date is in uncalibrated radiocarbon years.",". Cal curve: NA. Source DB: IMPDv1","Lacustrine","Carbon-14","Radiocarbon",-50.03,2994.09,"Calibrated radiocarbon years BP","sedimentary charcoal","Data Sourcing: IMPDv1 #charcoal_recommendedformat","Sample Age Source: IMPDv1"
"1634",117,"charcoal | num",36.75,36.875,37,0.25,2016.03,2008.987911,2023.064495,"IMPDv1","Charcoal (sum)","(additional options)",NA,NA,"False","False","number","Macroscopic charcoal (sieved)","direct",NA,"CHAR",4,NA,NA,"quant_raw",3,"volume","cm^3","IMPDv1","IMPD_17291","charcoal","count","char","wet_sieve","particle","num","count","no_size","num","IMPDv1","measured",1,"IMPDv1",NA,"Little Isac Lake",67.941083,-160.797111,210,"north",NA,NA,"sedlac",1634,0,NA,"Higuera,P.E.;Chipman,M.L.;Barnes,J.L.;Urban,M.A.;Hu,F.S.;. Little Isac Lake. NOAA/WDS Paleoclimatology IMPD study 17291",NA,NA,NA,NA,NA,NA,NA,NA,NA,NA,NA,NA,NA,NA,"https://www.ncei.noaa.gov/access/paleo-search/study/17291",NA,NA,NA,NA,"noaa_study_id=17291; original pub in IMPD datafile header","IMPDv1:IMPD_17291",1634,"Urban,M.A.",1,"Urban","M.A.",NA,NA,NA,NA,NA,NA,NA,NA,NA,"IMPDv1:IMPD_17291",1634,"IMPDv1","IMPD_17291",NA,346,346,"cm",NA,"Radiocarbon","twig",10,35,11639,NA,"CAMS 136537",TRUE,NA,"na Date is in uncalibrated radiocarbon years.","Little Isac Lake_SIEVED","counted","NaN-NaN",NA,NA,"",10,-25,45,10,346,NA,"na Date is in uncalibrated radiocarbon years.",". Cal curve: NA. Source DB: IMPDv1","Lacustrine","Carbon-14","Radiocarbon",-50.03,2994.09,"Calibrated radiocarbon years BP","sedimentary charcoal","Data Sourcing: IMPDv1 #charcoal_recommendedformat","Sample Age Source: IMPDv1"
"1634",118,"charcoal | num",37,37.125,37.25,0.25,2030.1,2023.064495,2037.126293,"IMPDv1","Charcoal (sum)","(additional options)",NA,NA,"False","False","number","Macroscopic charcoal (sieved)","direct",NA,"CHAR",4,NA,NA,"quant_raw",3,"volume","cm^3","IMPDv1","IMPD_17291","charcoal","count","char","wet_sieve","particle","num","count","no_size","num","IMPDv1","measured",1,"IMPDv1",NA,"Little Isac Lake",67.941083,-160.797111,210,"north",NA,NA,"sedlac",1634,0,NA,"Higuera,P.E.;Chipman,M.L.;Barnes,J.L.;Urban,M.A.;Hu,F.S.;. Little Isac Lake. NOAA/WDS Paleoclimatology IMPD study 17291",NA,NA,NA,NA,NA,NA,NA,NA,NA,NA,NA,NA,NA,NA,"https://www.ncei.noaa.gov/access/paleo-search/study/17291",NA,NA,NA,NA,"noaa_study_id=17291; original pub in IMPD datafile header","IMPDv1:IMPD_17291",1634,"Urban,M.A.",1,"Urban","M.A.",NA,NA,NA,NA,NA,NA,NA,NA,NA,"IMPDv1:IMPD_17291",1634,"IMPDv1","IMPD_17291",NA,407.25,407.25,"cm",NA,"Radiocarbon","wood fragment",10,35,11557,NA,"CAMS 136538",TRUE,NA,"na Date is in uncalibrated radiocarbon years.","Little Isac Lake_SIEVED","counted","NaN-NaN",NA,NA,"",10,-25,45,10,407.25,NA,"na Date is in uncalibrated radiocarbon years.",". Cal curve: NA. Source DB: IMPDv1","Lacustrine","Carbon-14","Radiocarbon",-50.03,2994.09,"Calibrated radiocarbon years BP","sedimentary charcoal","Data Sourcing: IMPDv1 #charcoal_recommendedformat","Sample Age Source: IMPDv1"
"1634",119,"charcoal | num",37.25,37.375,37.5,0.25,2044.15,2037.126293,2051.173147,"IMPDv1","Charcoal (sum)","(additional options)",NA,NA,"False","False","number","Macroscopic charcoal (sieved)","direct",NA,"CHAR",3,NA,NA,"quant_raw",3,"volume","cm^3","IMPDv1","IMPD_17291","charcoal","count","char","wet_sieve","particle","num","count","no_size","num","IMPDv1","measured",1,"IMPDv1",NA,"Little Isac Lake",67.941083,-160.797111,210,"north",NA,NA,"sedlac",1634,0,NA,"Higuera,P.E.;Chipman,M.L.;Barnes,J.L.;Urban,M.A.;Hu,F.S.;. Little Isac Lake. NOAA/WDS Paleoclimatology IMPD study 17291",NA,NA,NA,NA,NA,NA,NA,NA,NA,NA,NA,NA,NA,NA,"https://www.ncei.noaa.gov/access/paleo-search/study/17291",NA,NA,NA,NA,"noaa_study_id=17291; original pub in IMPD datafile header","IMPDv1:IMPD_17291",1634,"Urban,M.A.",1,"Urban","M.A.",NA,NA,NA,NA,NA,NA,NA,NA,NA,"IMPDv1:IMPD_17291",1634,"IMPDv1","IMPD_17291",NA,0,0,"cm",NA,"Radiocarbon","bulk sediment",21.41,1.78,-56,NA,"UIUC M3-1",TRUE,NA,"na Date is in uncalibrated radiocarbon years.","Little Isac Lake_SIEVED","counted","NaN-NaN",NA,NA,"",21.41,19.63,23.19,21.41,0,NA,"na Date is in uncalibrated radiocarbon years.",". Cal curve: NA. Source DB: IMPDv1","Lacustrine","Carbon-14","Radiocarbon",-50.03,2994.09,"Calibrated radiocarbon years BP","sedimentary charcoal","Data Sourcing: IMPDv1 #charcoal_recommendedformat","Sample Age Source: IMPDv1"
"1634",120,"charcoal | num",37.5,37.625,37.75,0.25,2058.19,2051.173147,2065.204896,"IMPDv1","Charcoal (sum)","(additional options)",NA,NA,"False","False","number","Macroscopic charcoal (sieved)","direct",NA,"CHAR",8,NA,NA,"quant_raw",3,"volume","cm^3","IMPDv1","IMPD_17291","charcoal","count","char","wet_sieve","particle","num","count","no_size","num","IMPDv1","measured",1,"IMPDv1",NA,"Little Isac Lake",67.941083,-160.797111,210,"north",NA,NA,"sedlac",1634,0,NA,"Higuera,P.E.;Chipman,M.L.;Barnes,J.L.;Urban,M.A.;Hu,F.S.;. Little Isac Lake. NOAA/WDS Paleoclimatology IMPD study 17291",NA,NA,NA,NA,NA,NA,NA,NA,NA,NA,NA,NA,NA,NA,"https://www.ncei.noaa.gov/access/paleo-search/study/17291",NA,NA,NA,NA,"noaa_study_id=17291; original pub in IMPD datafile header","IMPDv1:IMPD_17291",1634,"Urban,M.A.",1,"Urban","M.A.",NA,NA,NA,NA,NA,NA,NA,NA,NA,"IMPDv1:IMPD_17291",1634,"IMPDv1","IMPD_17291",NA,0.39,0.39,"cm",NA,"Radiocarbon","bulk sediment",22.63,1.86,-51,NA,"UIUC M3-2",TRUE,NA,"na Date is in uncalibrated radiocarbon years.","Little Isac Lake_SIEVED","counted","NaN-NaN",NA,NA,"",22.63,20.77,24.49,22.63,0.39,NA,"na Date is in uncalibrated radiocarbon years.",". Cal curve: NA. Source DB: IMPDv1","Lacustrine","Carbon-14","Radiocarbon",-50.03,2994.09,"Calibrated radiocarbon years BP","sedimentary charcoal","Data Sourcing: IMPDv1 #charcoal_recommendedformat","Sample Age Source: IMPDv1"
"1634",121,"charcoal | num",37.75,37.875,38,0.25,2072.21,2065.204896,2079.221378,"IMPDv1","Charcoal (sum)","(additional options)",NA,NA,"False","False","number","Macroscopic charcoal (sieved)","direct",NA,"CHAR",25,NA,NA,"quant_raw",3,"volume","cm^3","IMPDv1","IMPD_17291","charcoal","count","char","wet_sieve","particle","num","count","no_size","num","IMPDv1","measured",1,"IMPDv1",NA,"Little Isac Lake",67.941083,-160.797111,210,"north",NA,NA,"sedlac",1634,0,NA,"Higuera,P.E.;Chipman,M.L.;Barnes,J.L.;Urban,M.A.;Hu,F.S.;. Little Isac Lake. NOAA/WDS Paleoclimatology IMPD study 17291",NA,NA,NA,NA,NA,NA,NA,NA,NA,NA,NA,NA,NA,NA,"https://www.ncei.noaa.gov/access/paleo-search/study/17291",NA,NA,NA,NA,"noaa_study_id=17291; original pub in IMPD datafile header","IMPDv1:IMPD_17291",1634,"Urban,M.A.",1,"Urban","M.A.",NA,NA,NA,NA,NA,NA,NA,NA,NA,"IMPDv1:IMPD_17291",1634,"IMPDv1","IMPD_17291",NA,1.16,1.16,"cm",NA,"Radiocarbon","bulk sediment",23.68,2.09,-49,NA,"UIUC M3-3",TRUE,NA,"na Date is in uncalibrated radiocarbon years.","Little Isac Lake_SIEVED","counted","NaN-NaN",NA,NA,"",23.68,21.59,25.77,23.68,1.16,NA,"na Date is in uncalibrated radiocarbon years.",". Cal curve: NA. Source DB: IMPDv1","Lacustrine","Carbon-14","Radiocarbon",-50.03,2994.09,"Calibrated radiocarbon years BP","sedimentary charcoal","Data Sourcing: IMPDv1 #charcoal_recommendedformat","Sample Age Source: IMPDv1"
"1634",122,"charcoal | num",38,38.125,38.25,0.25,2086.22,2079.221378,2093.222435,"IMPDv1","Charcoal (sum)","(additional options)",NA,NA,"False","False","number","Macroscopic charcoal (sieved)","direct",NA,"CHAR",14,NA,NA,"quant_raw",3,"volume","cm^3","IMPDv1","IMPD_17291","charcoal","count","char","wet_sieve","particle","num","count","no_size","num","IMPDv1","measured",1,"IMPDv1",NA,"Little Isac Lake",67.941083,-160.797111,210,"north",NA,NA,"sedlac",1634,0,NA,"Higuera,P.E.;Chipman,M.L.;Barnes,J.L.;Urban,M.A.;Hu,F.S.;. Little Isac Lake. NOAA/WDS Paleoclimatology IMPD study 17291",NA,NA,NA,NA,NA,NA,NA,NA,NA,NA,NA,NA,NA,NA,"https://www.ncei.noaa.gov/access/paleo-search/study/17291",NA,NA,NA,NA,"noaa_study_id=17291; original pub in IMPD datafile header","IMPDv1:IMPD_17291",1634,"Urban,M.A.",1,"Urban","M.A.",NA,NA,NA,NA,NA,NA,NA,NA,NA,"IMPDv1:IMPD_17291",1634,"IMPDv1","IMPD_17291",NA,1.54,1.54,"cm",NA,"Radiocarbon","bulk sediment",24.49,1.82,-43,NA,"UIUC M3-4",TRUE,NA,"Date not used in chronology; see Results for explanation. Date is in uncalibrated radiocarbon years.","Little Isac Lake_SIEVED","counted","NaN-NaN",NA,NA,"",24.49,22.67,26.31,24.49,1.54,NA,"Date not used in chronology; see Results for explanation. Date is in uncalibrated radiocarbon years.",". Cal curve: NA. Source DB: IMPDv1","Lacustrine","Carbon-14","Radiocarbon",-50.03,2994.09,"Calibrated radiocarbon years BP","sedimentary charcoal","Data Sourcing: IMPDv1 #charcoal_recommendedformat","Sample Age Source: IMPDv1"
"1634",123,"charcoal | num",38.25,38.375,38.5,0.25,2100.22,2093.222435,2107.207906,"IMPDv1","Charcoal (sum)","(additional options)",NA,NA,"False","False","number","Macroscopic charcoal (sieved)","direct",NA,"CHAR",10,NA,NA,"quant_raw",3,"volume","cm^3","IMPDv1","IMPD_17291","charcoal","count","char","wet_sieve","particle","num","count","no_size","num","IMPDv1","measured",1,"IMPDv1",NA,"Little Isac Lake",67.941083,-160.797111,210,"north",NA,NA,"sedlac",1634,0,NA,"Higuera,P.E.;Chipman,M.L.;Barnes,J.L.;Urban,M.A.;Hu,F.S.;. Little Isac Lake. NOAA/WDS Paleoclimatology IMPD study 17291",NA,NA,NA,NA,NA,NA,NA,NA,NA,NA,NA,NA,NA,NA,"https://www.ncei.noaa.gov/access/paleo-search/study/17291",NA,NA,NA,NA,"noaa_study_id=17291; original pub in IMPD datafile header","IMPDv1:IMPD_17291",1634,"Urban,M.A.",1,"Urban","M.A.",NA,NA,NA,NA,NA,NA,NA,NA,NA,"IMPDv1:IMPD_17291",1634,"IMPDv1","IMPD_17291",NA,2.31,2.31,"cm",NA,"Radiocarbon","bulk sediment",21.62,1.59,-37,NA,"UIUC M3-5",TRUE,NA,"na Date is in uncalibrated radiocarbon years.","Little Isac Lake_SIEVED","counted","NaN-NaN",NA,NA,"",21.62,20.03,23.21,21.62,2.31,NA,"na Date is in uncalibrated radiocarbon years.",". Cal curve: NA. Source DB: IMPDv1","Lacustrine","Carbon-14","Radiocarbon",-50.03,2994.09,"Calibrated radiocarbon years BP","sedimentary charcoal","Data Sourcing: IMPDv1 #charcoal_recommendedformat","Sample Age Source: IMPDv1"
"1634",124,"charcoal | num",38.5,38.625,38.75,0.25,2114.19,2107.207906,2121.17763,"IMPDv1","Charcoal (sum)","(additional options)",NA,NA,"False","False","number","Macroscopic charcoal (sieved)","direct",NA,"CHAR",16,NA,NA,"quant_raw",3,"volume","cm^3","IMPDv1","IMPD_17291","charcoal","count","char","wet_sieve","particle","num","count","no_size","num","IMPDv1","measured",1,"IMPDv1",NA,"Little Isac Lake",67.941083,-160.797111,210,"north",NA,NA,"sedlac",1634,0,NA,"Higuera,P.E.;Chipman,M.L.;Barnes,J.L.;Urban,M.A.;Hu,F.S.;. Little Isac Lake. NOAA/WDS Paleoclimatology IMPD study 17291",NA,NA,NA,NA,NA,NA,NA,NA,NA,NA,NA,NA,NA,NA,"https://www.ncei.noaa.gov/access/paleo-search/study/17291",NA,NA,NA,NA,"noaa_study_id=17291; original pub in IMPD datafile header","IMPDv1:IMPD_17291",1634,"Urban,M.A.",1,"Urban","M.A.",NA,NA,NA,NA,NA,NA,NA,NA,NA,"IMPDv1:IMPD_17291",1634,"IMPDv1","IMPD_17291",NA,3.08,3.08,"cm",NA,"Radiocarbon","bulk sediment",16.92,1.2,-31,NA,"UIUC M3-6",TRUE,NA,"na Date is in uncalibrated radiocarbon years.","Little Isac Lake_SIEVED","counted","NaN-NaN",NA,NA,"",16.92,15.72,18.12,16.92,3.08,NA,"na Date is in uncalibrated radiocarbon years.",". Cal curve: NA. Source DB: IMPDv1","Lacustrine","Carbon-14","Radiocarbon",-50.03,2994.09,"Calibrated radiocarbon years BP","sedimentary charcoal","Data Sourcing: IMPDv1 #charcoal_recommendedformat","Sample Age Source: IMPDv1"
"1634",125,"charcoal | num",38.75,38.875,39,0.25,2128.15,2121.17763,2135.131447,"IMPDv1","Charcoal (sum)","(additional options)",NA,NA,"False","False","number","Macroscopic charcoal (sieved)","direct",NA,"CHAR",12,NA,NA,"quant_raw",3,"volume","cm^3","IMPDv1","IMPD_17291","charcoal","count","char","wet_sieve","particle","num","count","no_size","num","IMPDv1","measured",1,"IMPDv1",NA,"Little Isac Lake",67.941083,-160.797111,210,"north",NA,NA,"sedlac",1634,0,NA,"Higuera,P.E.;Chipman,M.L.;Barnes,J.L.;Urban,M.A.;Hu,F.S.;. Little Isac Lake. NOAA/WDS Paleoclimatology IMPD study 17291",NA,NA,NA,NA,NA,NA,NA,NA,NA,NA,NA,NA,NA,NA,"https://www.ncei.noaa.gov/access/paleo-search/study/17291",NA,NA,NA,NA,"noaa_study_id=17291; original pub in IMPD datafile header","IMPDv1:IMPD_17291",1634,"Urban,M.A.",1,"Urban","M.A.",NA,NA,NA,NA,NA,NA,NA,NA,NA,"IMPDv1:IMPD_17291",1634,"IMPDv1","IMPD_17291",NA,3.85,3.85,"cm",NA,"Radiocarbon","bulk sediment",15.08,1.39,-25,NA,"UIUC M3-7",TRUE,NA,"na Date is in uncalibrated radiocarbon years.","Little Isac Lake_SIEVED","counted","NaN-NaN",NA,NA,"",15.08,13.69,16.47,15.08,3.85,NA,"na Date is in uncalibrated radiocarbon years.",". Cal curve: NA. Source DB: IMPDv1","Lacustrine","Carbon-14","Radiocarbon",-50.03,2994.09,"Calibrated radiocarbon years BP","sedimentary charcoal","Data Sourcing: IMPDv1 #charcoal_recommendedformat","Sample Age Source: IMPDv1"
"1634",126,"charcoal | num",39,39.125,39.25,0.25,2142.1,2135.131447,2149.069197,"IMPDv1","Charcoal (sum)","(additional options)",NA,NA,"False","False","number","Macroscopic charcoal (sieved)","direct",NA,"CHAR",6,NA,NA,"quant_raw",3,"volume","cm^3","IMPDv1","IMPD_17291","charcoal","count","char","wet_sieve","particle","num","count","no_size","num","IMPDv1","measured",1,"IMPDv1",NA,"Little Isac Lake",67.941083,-160.797111,210,"north",NA,NA,"sedlac",1634,0,NA,"Higuera,P.E.;Chipman,M.L.;Barnes,J.L.;Urban,M.A.;Hu,F.S.;. Little Isac Lake. NOAA/WDS Paleoclimatology IMPD study 17291",NA,NA,NA,NA,NA,NA,NA,NA,NA,NA,NA,NA,NA,NA,"https://www.ncei.noaa.gov/access/paleo-search/study/17291",NA,NA,NA,NA,"noaa_study_id=17291; original pub in IMPD datafile header","IMPDv1:IMPD_17291",1634,"Urban,M.A.",1,"Urban","M.A.",NA,NA,NA,NA,NA,NA,NA,NA,NA,"IMPDv1:IMPD_17291",1634,"IMPDv1","IMPD_17291",NA,4.62,4.62,"cm",NA,"Radiocarbon","bulk sediment",14.82,1.11,-18,NA,"UIUC M3-8",TRUE,NA,"na Date is in uncalibrated radiocarbon years.","Little Isac Lake_SIEVED","counted","NaN-NaN",NA,NA,"",14.82,13.71,15.93,14.82,4.62,NA,"na Date is in uncalibrated radiocarbon years.",". Cal curve: NA. Source DB: IMPDv1","Lacustrine","Carbon-14","Radiocarbon",-50.03,2994.09,"Calibrated radiocarbon years BP","sedimentary charcoal","Data Sourcing: IMPDv1 #charcoal_recommendedformat","Sample Age Source: IMPDv1"
"1634",127,"charcoal | num",39.25,39.375,39.5,0.25,2156.03,2149.069197,2162.99072,"IMPDv1","Charcoal (sum)","(additional options)",NA,NA,"False","False","number","Macroscopic charcoal (sieved)","direct",NA,"CHAR",0,NA,NA,"quant_raw",3,"volume","cm^3","IMPDv1","IMPD_17291","charcoal","count","char","wet_sieve","particle","num","count","no_size","num","IMPDv1","measured",1,"IMPDv1",NA,"Little Isac Lake",67.941083,-160.797111,210,"north",NA,NA,"sedlac",1634,0,NA,"Higuera,P.E.;Chipman,M.L.;Barnes,J.L.;Urban,M.A.;Hu,F.S.;. Little Isac Lake. NOAA/WDS Paleoclimatology IMPD study 17291",NA,NA,NA,NA,NA,NA,NA,NA,NA,NA,NA,NA,NA,NA,"https://www.ncei.noaa.gov/access/paleo-search/study/17291",NA,NA,NA,NA,"noaa_study_id=17291; original pub in IMPD datafile header","IMPDv1:IMPD_17291",1634,"Urban,M.A.",1,"Urban","M.A.",NA,NA,NA,NA,NA,NA,NA,NA,NA,"IMPDv1:IMPD_17291",1634,"IMPDv1","IMPD_17291",NA,5.39,5.39,"cm",NA,"Radiocarbon","bulk sediment",12.3,1.01,-10,NA,"UIUC M3-9",TRUE,NA,"na Date is in uncalibrated radiocarbon years.","Little Isac Lake_SIEVED","counted","NaN-NaN",NA,NA,"",12.3,11.29,13.31,12.3,5.39,NA,"na Date is in uncalibrated radiocarbon years.",". Cal curve: NA. Source DB: IMPDv1","Lacustrine","Carbon-14","Radiocarbon",-50.03,2994.09,"Calibrated radiocarbon years BP","sedimentary charcoal","Data Sourcing: IMPDv1 #charcoal_recommendedformat","Sample Age Source: IMPDv1"
"1634",128,"charcoal | num",39.5,39.625,39.75,0.25,2169.94,2162.99072,2176.895854,"IMPDv1","Charcoal (sum)","(additional options)",NA,NA,"False","False","number","Macroscopic charcoal (sieved)","direct",NA,"CHAR",3,NA,NA,"quant_raw",3,"volume","cm^3","IMPDv1","IMPD_17291","charcoal","count","char","wet_sieve","particle","num","count","no_size","num","IMPDv1","measured",1,"IMPDv1",NA,"Little Isac Lake",67.941083,-160.797111,210,"north",NA,NA,"sedlac",1634,0,NA,"Higuera,P.E.;Chipman,M.L.;Barnes,J.L.;Urban,M.A.;Hu,F.S.;. Little Isac Lake. NOAA/WDS Paleoclimatology IMPD study 17291",NA,NA,NA,NA,NA,NA,NA,NA,NA,NA,NA,NA,NA,NA,"https://www.ncei.noaa.gov/access/paleo-search/study/17291",NA,NA,NA,NA,"noaa_study_id=17291; original pub in IMPD datafile header","IMPDv1:IMPD_17291",1634,"Urban,M.A.",1,"Urban","M.A.",NA,NA,NA,NA,NA,NA,NA,NA,NA,"IMPDv1:IMPD_17291",1634,"IMPDv1","IMPD_17291",NA,6.16,6.16,"cm",NA,"Radiocarbon","bulk sediment",11.08,0.9,1,NA,"UIUC M3-11",TRUE,NA,"na Date is in uncalibrated radiocarbon years.","Little Isac Lake_SIEVED","counted","NaN-NaN",NA,NA,"",11.08,10.18,11.98,11.08,6.16,NA,"na Date is in uncalibrated radiocarbon years.",". Cal curve: NA. Source DB: IMPDv1","Lacustrine","Carbon-14","Radiocarbon",-50.03,2994.09,"Calibrated radiocarbon years BP","sedimentary charcoal","Data Sourcing: IMPDv1 #charcoal_recommendedformat","Sample Age Source: IMPDv1"
"1634",129,"charcoal | num",39.75,39.875,40,0.25,2183.84,2176.895854,2190.784441,"IMPDv1","Charcoal (sum)","(additional options)",NA,NA,"False","False","number","Macroscopic charcoal (sieved)","direct",NA,"CHAR",9,NA,NA,"quant_raw",3,"volume","cm^3","IMPDv1","IMPD_17291","charcoal","count","char","wet_sieve","particle","num","count","no_size","num","IMPDv1","measured",1,"IMPDv1",NA,"Little Isac Lake",67.941083,-160.797111,210,"north",NA,NA,"sedlac",1634,0,NA,"Higuera,P.E.;Chipman,M.L.;Barnes,J.L.;Urban,M.A.;Hu,F.S.;. Little Isac Lake. NOAA/WDS Paleoclimatology IMPD study 17291",NA,NA,NA,NA,NA,NA,NA,NA,NA,NA,NA,NA,NA,NA,"https://www.ncei.noaa.gov/access/paleo-search/study/17291",NA,NA,NA,NA,"noaa_study_id=17291; original pub in IMPD datafile header","IMPDv1:IMPD_17291",1634,"Urban,M.A.",1,"Urban","M.A.",NA,NA,NA,NA,NA,NA,NA,NA,NA,"IMPDv1:IMPD_17291",1634,"IMPDv1","IMPD_17291",NA,6.93,6.93,"cm",NA,"Radiocarbon","bulk sediment",8.12,0.69,30,NA,"UIUC M3-12",TRUE,NA,"na Date is in uncalibrated radiocarbon years.","Little Isac Lake_SIEVED","counted","NaN-NaN",NA,NA,"",8.12,7.43,8.81,8.12,6.93,NA,"na Date is in uncalibrated radiocarbon years.",". Cal curve: NA. Source DB: IMPDv1","Lacustrine","Carbon-14","Radiocarbon",-50.03,2994.09,"Calibrated radiocarbon years BP","sedimentary charcoal","Data Sourcing: IMPDv1 #charcoal_recommendedformat","Sample Age Source: IMPDv1"
"1634",130,"charcoal | num",40,40.125,40.25,0.25,2197.72,2190.784441,2204.65632,"IMPDv1","Charcoal (sum)","(additional options)",NA,NA,"False","False","number","Macroscopic charcoal (sieved)","direct",NA,"CHAR",5,NA,NA,"quant_raw",3,"volume","cm^3","IMPDv1","IMPD_17291","charcoal","count","char","wet_sieve","particle","num","count","no_size","num","IMPDv1","measured",1,"IMPDv1",NA,"Little Isac Lake",67.941083,-160.797111,210,"north",NA,NA,"sedlac",1634,0,NA,"Higuera,P.E.;Chipman,M.L.;Barnes,J.L.;Urban,M.A.;Hu,F.S.;. Little Isac Lake. NOAA/WDS Paleoclimatology IMPD study 17291",NA,NA,NA,NA,NA,NA,NA,NA,NA,NA,NA,NA,NA,NA,"https://www.ncei.noaa.gov/access/paleo-search/study/17291",NA,NA,NA,NA,"noaa_study_id=17291; original pub in IMPD datafile header","IMPDv1:IMPD_17291",1634,"Urban,M.A.",1,"Urban","M.A.",NA,NA,NA,NA,NA,NA,NA,NA,NA,"IMPDv1:IMPD_17291",1634,"IMPDv1","IMPD_17291",NA,8.47,8.47,"cm",NA,"Radiocarbon","bulk sediment",4.81,0.38,47,NA,"UIUC M3-14",TRUE,NA,"na Date is in uncalibrated radiocarbon years.","Little Isac Lake_SIEVED","counted","NaN-NaN",NA,NA,"",4.81,4.43,5.19,4.81,8.47,NA,"na Date is in uncalibrated radiocarbon years.",". Cal curve: NA. Source DB: IMPDv1","Lacustrine","Carbon-14","Radiocarbon",-50.03,2994.09,"Calibrated radiocarbon years BP","sedimentary charcoal","Data Sourcing: IMPDv1 #charcoal_recommendedformat","Sample Age Source: IMPDv1"
"1634",131,"charcoal | num",40.25,40.375,40.5,0.25,2211.58,2204.65632,2218.51133,"IMPDv1","Charcoal (sum)","(additional options)",NA,NA,"False","False","number","Macroscopic charcoal (sieved)","direct",NA,"CHAR",3,NA,NA,"quant_raw",3,"volume","cm^3","IMPDv1","IMPD_17291","charcoal","count","char","wet_sieve","particle","num","count","no_size","num","IMPDv1","measured",1,"IMPDv1",NA,"Little Isac Lake",67.941083,-160.797111,210,"north",NA,NA,"sedlac",1634,0,NA,"Higuera,P.E.;Chipman,M.L.;Barnes,J.L.;Urban,M.A.;Hu,F.S.;. Little Isac Lake. NOAA/WDS Paleoclimatology IMPD study 17291",NA,NA,NA,NA,NA,NA,NA,NA,NA,NA,NA,NA,NA,NA,"https://www.ncei.noaa.gov/access/paleo-search/study/17291",NA,NA,NA,NA,"noaa_study_id=17291; original pub in IMPD datafile header","IMPDv1:IMPD_17291",1634,"Urban,M.A.",1,"Urban","M.A.",NA,NA,NA,NA,NA,NA,NA,NA,NA,"IMPDv1:IMPD_17291",1634,"IMPDv1","IMPD_17291",NA,9.24,9.24,"cm",NA,"Radiocarbon","bulk sediment",3.15,0.27,61,NA,"UIUC M3-15",TRUE,NA,"na Date is in uncalibrated radiocarbon years.","Little Isac Lake_SIEVED","counted","NaN-NaN",NA,NA,"",3.15,2.88,3.42,3.15,9.24,NA,"na Date is in uncalibrated radiocarbon years.",". Cal curve: NA. Source DB: IMPDv1","Lacustrine","Carbon-14","Radiocarbon",-50.03,2994.09,"Calibrated radiocarbon years BP","sedimentary charcoal","Data Sourcing: IMPDv1 #charcoal_recommendedformat","Sample Age Source: IMPDv1"
"1634",132,"charcoal | num",40.5,40.625,40.75,0.25,2225.43,2218.51133,2232.349311,"IMPDv1","Charcoal (sum)","(additional options)",NA,NA,"False","False","number","Macroscopic charcoal (sieved)","direct",NA,"CHAR",2,NA,NA,"quant_raw",3,"volume","cm^3","IMPDv1","IMPD_17291","charcoal","count","char","wet_sieve","particle","num","count","no_size","num","IMPDv1","measured",1,"IMPDv1",NA,"Little Isac Lake",67.941083,-160.797111,210,"north",NA,NA,"sedlac",1634,0,NA,"Higuera,P.E.;Chipman,M.L.;Barnes,J.L.;Urban,M.A.;Hu,F.S.;. Little Isac Lake. NOAA/WDS Paleoclimatology IMPD study 17291",NA,NA,NA,NA,NA,NA,NA,NA,NA,NA,NA,NA,NA,NA,"https://www.ncei.noaa.gov/access/paleo-search/study/17291",NA,NA,NA,NA,"noaa_study_id=17291; original pub in IMPD datafile header","IMPDv1:IMPD_17291",1634,"Urban,M.A.",1,"Urban","M.A.",NA,NA,NA,NA,NA,NA,NA,NA,NA,"IMPDv1:IMPD_17291",1634,"IMPDv1","IMPD_17291",NA,10.01,10.01,"cm",NA,"Radiocarbon","bulk sediment",2.16,0.19,71,NA,"UIUC M3-16",TRUE,NA,"na Date is in uncalibrated radiocarbon years.","Little Isac Lake_SIEVED","counted","NaN-NaN",NA,NA,"",2.16,1.97,2.35,2.16,10.01,NA,"na Date is in uncalibrated radiocarbon years.",". Cal curve: NA. Source DB: IMPDv1","Lacustrine","Carbon-14","Radiocarbon",-50.03,2994.09,"Calibrated radiocarbon years BP","sedimentary charcoal","Data Sourcing: IMPDv1 #charcoal_recommendedformat","Sample Age Source: IMPDv1"
"1634",133,"charcoal | num",40.75,40.875,41,0.25,2239.26,2232.349311,2246.170103,"IMPDv1","Charcoal (sum)","(additional options)",NA,NA,"False","False","number","Macroscopic charcoal (sieved)","direct",NA,"CHAR",3,NA,NA,"quant_raw",2,"volume","cm^3","IMPDv1","IMPD_17291","charcoal","count","char","wet_sieve","particle","num","count","no_size","num","IMPDv1","measured",1,"IMPDv1",NA,"Little Isac Lake",67.941083,-160.797111,210,"north",NA,NA,"sedlac",1634,0,NA,"Higuera,P.E.;Chipman,M.L.;Barnes,J.L.;Urban,M.A.;Hu,F.S.;. Little Isac Lake. NOAA/WDS Paleoclimatology IMPD study 17291",NA,NA,NA,NA,NA,NA,NA,NA,NA,NA,NA,NA,NA,NA,"https://www.ncei.noaa.gov/access/paleo-search/study/17291",NA,NA,NA,NA,"noaa_study_id=17291; original pub in IMPD datafile header","IMPDv1:IMPD_17291",1634,"Urban,M.A.",1,"Urban","M.A.",NA,NA,NA,NA,NA,NA,NA,NA,NA,"IMPDv1:IMPD_17291",1634,"IMPDv1","IMPD_17291",NA,10.78,10.78,"cm",NA,"Radiocarbon","bulk sediment",1.92,0.19,81,NA,"UIUC M3-17",TRUE,NA,"na Date is in uncalibrated radiocarbon years.","Little Isac Lake_SIEVED","counted","NaN-NaN",NA,NA,"",1.92,1.73,2.11,1.92,10.78,NA,"na Date is in uncalibrated radiocarbon years.",". Cal curve: NA. Source DB: IMPDv1","Lacustrine","Carbon-14","Radiocarbon",-50.03,2994.09,"Calibrated radiocarbon years BP","sedimentary charcoal","Data Sourcing: IMPDv1 #charcoal_recommendedformat","Sample Age Source: IMPDv1"
"1634",134,"charcoal | num",41,41.125,41.25,0.25,2253.07,2246.170103,2259.973546,"IMPDv1","Charcoal (sum)","(additional options)",NA,NA,"False","False","number","Macroscopic charcoal (sieved)","direct",NA,"CHAR",0,NA,NA,"quant_raw",2.5,"volume","cm^3","IMPDv1","IMPD_17291","charcoal","count","char","wet_sieve","particle","num","count","no_size","num","IMPDv1","measured",1,"IMPDv1",NA,"Little Isac Lake",67.941083,-160.797111,210,"north",NA,NA,"sedlac",1634,0,NA,"Higuera,P.E.;Chipman,M.L.;Barnes,J.L.;Urban,M.A.;Hu,F.S.;. Little Isac Lake. NOAA/WDS Paleoclimatology IMPD study 17291",NA,NA,NA,NA,NA,NA,NA,NA,NA,NA,NA,NA,NA,NA,"https://www.ncei.noaa.gov/access/paleo-search/study/17291",NA,NA,NA,NA,"noaa_study_id=17291; original pub in IMPD datafile header","IMPDv1:IMPD_17291",1634,"Urban,M.A.",1,"Urban","M.A.",NA,NA,NA,NA,NA,NA,NA,NA,NA,"IMPDv1:IMPD_17291",1634,"IMPDv1","IMPD_17291",NA,11.55,11.55,"cm",NA,"Radiocarbon","bulk sediment",1.5,0.16,NA,NA,"UIUC M3-18",TRUE,NA,"na Date is in uncalibrated radiocarbon years.","Little Isac Lake_SIEVED","counted","NaN-NaN",NA,NA,"",1.5,1.34,1.66,1.5,11.55,NA,"na Date is in uncalibrated radiocarbon years.",". Cal curve: NA. Source DB: IMPDv1","Lacustrine","Carbon-14","Radiocarbon",-50.03,2994.09,"Calibrated radiocarbon years BP","sedimentary charcoal","Data Sourcing: IMPDv1 #charcoal_recommendedformat","Sample Age Source: IMPDv1"
"1634",135,"charcoal | num",41.25,41.375,41.5,0.25,2266.87,2259.973546,2273.759478,"IMPDv1","Charcoal (sum)","(additional options)",NA,NA,"False","False","number","Macroscopic charcoal (sieved)","direct",NA,"CHAR",1,NA,NA,"quant_raw",3,"volume","cm^3","IMPDv1","IMPD_17291","charcoal","count","char","wet_sieve","particle","num","count","no_size","num","IMPDv1","measured",1,"IMPDv1",NA,"Little Isac Lake",67.941083,-160.797111,210,"north",NA,NA,"sedlac",1634,0,NA,"Higuera,P.E.;Chipman,M.L.;Barnes,J.L.;Urban,M.A.;Hu,F.S.;. Little Isac Lake. NOAA/WDS Paleoclimatology IMPD study 17291",NA,NA,NA,NA,NA,NA,NA,NA,NA,NA,NA,NA,NA,NA,"https://www.ncei.noaa.gov/access/paleo-search/study/17291",NA,NA,NA,NA,"noaa_study_id=17291; original pub in IMPD datafile header","IMPDv1:IMPD_17291",1634,"Urban,M.A.",1,"Urban","M.A.",NA,NA,NA,NA,NA,NA,NA,NA,NA,"IMPDv1:IMPD_17291",1634,"IMPDv1","IMPD_17291",NA,12.32,12.32,"cm",NA,"Radiocarbon","bulk sediment",1.42,0.15,NA,NA,"UIUC M3-19",TRUE,NA,"na Date is in uncalibrated radiocarbon years.","Little Isac Lake_SIEVED","counted","NaN-NaN",NA,NA,"",1.42,1.27,1.57,1.42,12.32,NA,"na Date is in uncalibrated radiocarbon years.",". Cal curve: NA. Source DB: IMPDv1","Lacustrine","Carbon-14","Radiocarbon",-50.03,2994.09,"Calibrated radiocarbon years BP","sedimentary charcoal","Data Sourcing: IMPDv1 #charcoal_recommendedformat","Sample Age Source: IMPDv1"
"1634",136,"charcoal | num",41.5,41.625,41.75,0.25,2280.64,2273.759478,2287.527741,"IMPDv1","Charcoal (sum)","(additional options)",NA,NA,"False","False","number","Macroscopic charcoal (sieved)","direct",NA,"CHAR",3,NA,NA,"quant_raw",3,"volume","cm^3","IMPDv1","IMPD_17291","charcoal","count","char","wet_sieve","particle","num","count","no_size","num","IMPDv1","measured",1,"IMPDv1",NA,"Little Isac Lake",67.941083,-160.797111,210,"north",NA,NA,"sedlac",1634,0,NA,"Higuera,P.E.;Chipman,M.L.;Barnes,J.L.;Urban,M.A.;Hu,F.S.;. Little Isac Lake. NOAA/WDS Paleoclimatology IMPD study 17291",NA,NA,NA,NA,NA,NA,NA,NA,NA,NA,NA,NA,NA,NA,"https://www.ncei.noaa.gov/access/paleo-search/study/17291",NA,NA,NA,NA,"noaa_study_id=17291; original pub in IMPD datafile header","IMPDv1:IMPD_17291",1634,"Urban,M.A.",1,"Urban","M.A.",NA,NA,NA,NA,NA,NA,NA,NA,NA,"IMPDv1:IMPD_17291",1634,"IMPDv1","IMPD_17291",NA,13.09,13.09,"cm",NA,"Radiocarbon","bulk sediment",1.38,0.19,NA,NA,"UIUC M3-21",TRUE,NA,"na Date is in uncalibrated radiocarbon years.","Little Isac Lake_SIEVED","counted","NaN-NaN",NA,NA,"",1.38,1.19,1.57,1.38,13.09,NA,"na Date is in uncalibrated radiocarbon years.",". Cal curve: NA. Source DB: IMPDv1","Lacustrine","Carbon-14","Radiocarbon",-50.03,2994.09,"Calibrated radiocarbon years BP","sedimentary charcoal","Data Sourcing: IMPDv1 #charcoal_recommendedformat","Sample Age Source: IMPDv1"
"1634",137,"charcoal | num",41.75,41.875,42,0.25,2294.4,2287.527741,2301.278173,"IMPDv1","Charcoal (sum)","(additional options)",NA,NA,"False","False","number","Macroscopic charcoal (sieved)","direct",NA,"CHAR",1,NA,NA,"quant_raw",3,"volume","cm^3","IMPDv1","IMPD_17291","charcoal","count","char","wet_sieve","particle","num","count","no_size","num","IMPDv1","measured",1,"IMPDv1",NA,"Little Isac Lake",67.941083,-160.797111,210,"north",NA,NA,"sedlac",1634,0,NA,"Higuera,P.E.;Chipman,M.L.;Barnes,J.L.;Urban,M.A.;Hu,F.S.;. Little Isac Lake. NOAA/WDS Paleoclimatology IMPD study 17291",NA,NA,NA,NA,NA,NA,NA,NA,NA,NA,NA,NA,NA,NA,"https://www.ncei.noaa.gov/access/paleo-search/study/17291",NA,NA,NA,NA,"noaa_study_id=17291; original pub in IMPD datafile header","IMPDv1:IMPD_17291",1634,"Urban,M.A.",1,"Urban","M.A.",NA,NA,NA,NA,NA,NA,NA,NA,NA,"IMPDv1:IMPD_17291",1634,"IMPDv1","IMPD_17291",NA,13.86,13.86,"cm",NA,"Radiocarbon","bulk sediment",1.44,0.14,NA,NA,"UIUC M3-22",TRUE,NA,"na Date is in uncalibrated radiocarbon years.","Little Isac Lake_SIEVED","counted","NaN-NaN",NA,NA,"",1.44,1.3,1.58,1.44,13.86,NA,"na Date is in uncalibrated radiocarbon years.",". Cal curve: NA. Source DB: IMPDv1","Lacustrine","Carbon-14","Radiocarbon",-50.03,2994.09,"Calibrated radiocarbon years BP","sedimentary charcoal","Data Sourcing: IMPDv1 #charcoal_recommendedformat","Sample Age Source: IMPDv1"
"1634",138,"charcoal | num",42,42.125,42.25,0.25,2308.14,2301.278173,2315.010615,"IMPDv1","Charcoal (sum)","(additional options)",NA,NA,"False","False","number","Macroscopic charcoal (sieved)","direct",NA,"CHAR",4,NA,NA,"quant_raw",3,"volume","cm^3","IMPDv1","IMPD_17291","charcoal","count","char","wet_sieve","particle","num","count","no_size","num","IMPDv1","measured",1,"IMPDv1",NA,"Little Isac Lake",67.941083,-160.797111,210,"north",NA,NA,"sedlac",1634,0,NA,"Higuera,P.E.;Chipman,M.L.;Barnes,J.L.;Urban,M.A.;Hu,F.S.;. Little Isac Lake. NOAA/WDS Paleoclimatology IMPD study 17291",NA,NA,NA,NA,NA,NA,NA,NA,NA,NA,NA,NA,NA,NA,"https://www.ncei.noaa.gov/access/paleo-search/study/17291",NA,NA,NA,NA,"noaa_study_id=17291; original pub in IMPD datafile header","IMPDv1:IMPD_17291",1634,"Urban,M.A.",1,"Urban","M.A.",NA,NA,NA,NA,NA,NA,NA,NA,NA,"IMPDv1:IMPD_17291",1634,"IMPDv1","IMPD_17291",NA,14.63,14.63,"cm",NA,"Radiocarbon","bulk sediment",1.17,0.13,NA,NA,"UIUC M3-23",TRUE,NA,"na Date is in uncalibrated radiocarbon years.","Little Isac Lake_SIEVED","counted","NaN-NaN",NA,NA,"",1.17,1.04,1.3,1.17,14.63,NA,"na Date is in uncalibrated radiocarbon years.",". Cal curve: NA. Source DB: IMPDv1","Lacustrine","Carbon-14","Radiocarbon",-50.03,2994.09,"Calibrated radiocarbon years BP","sedimentary charcoal","Data Sourcing: IMPDv1 #charcoal_recommendedformat","Sample Age Source: IMPDv1"
"1634",139,"charcoal | num",42.25,42.375,42.5,0.25,2321.87,2315.010615,2328.724906,"IMPDv1","Charcoal (sum)","(additional options)",NA,NA,"False","False","number","Macroscopic charcoal (sieved)","direct",NA,"CHAR",10,NA,NA,"quant_raw",3,"volume","cm^3","IMPDv1","IMPD_17291","charcoal","count","char","wet_sieve","particle","num","count","no_size","num","IMPDv1","measured",1,"IMPDv1",NA,"Little Isac Lake",67.941083,-160.797111,210,"north",NA,NA,"sedlac",1634,0,NA,"Higuera,P.E.;Chipman,M.L.;Barnes,J.L.;Urban,M.A.;Hu,F.S.;. Little Isac Lake. NOAA/WDS Paleoclimatology IMPD study 17291",NA,NA,NA,NA,NA,NA,NA,NA,NA,NA,NA,NA,NA,NA,"https://www.ncei.noaa.gov/access/paleo-search/study/17291",NA,NA,NA,NA,"noaa_study_id=17291; original pub in IMPD datafile header","IMPDv1:IMPD_17291",1634,"Urban,M.A.",1,"Urban","M.A.",NA,NA,NA,NA,NA,NA,NA,NA,NA,"IMPDv1:IMPD_17291",1634,"IMPDv1","IMPD_17291",NA,33.7,33.7,"cm",NA,"Radiocarbon","wood fragments",1140,35,1038,NA,"CAMS 149208",TRUE,NA,"na Date is in uncalibrated radiocarbon years.","Little Isac Lake_SIEVED","counted","NaN-NaN",NA,NA,"",1140,1105,1175,1140,33.7,NA,"na Date is in uncalibrated radiocarbon years.",". Cal curve: NA. Source DB: IMPDv1","Lacustrine","Carbon-14","Radiocarbon",-50.03,2994.09,"Calibrated radiocarbon years BP","sedimentary charcoal","Data Sourcing: IMPDv1 #charcoal_recommendedformat","Sample Age Source: IMPDv1"
"1634",140,"charcoal | num",42.5,42.625,42.75,0.25,2335.57,2328.724906,2342.420885,"IMPDv1","Charcoal (sum)","(additional options)",NA,NA,"False","False","number","Macroscopic charcoal (sieved)","direct",NA,"CHAR",1,NA,NA,"quant_raw",3,"volume","cm^3","IMPDv1","IMPD_17291","charcoal","count","char","wet_sieve","particle","num","count","no_size","num","IMPDv1","measured",1,"IMPDv1",NA,"Little Isac Lake",67.941083,-160.797111,210,"north",NA,NA,"sedlac",1634,0,NA,"Higuera,P.E.;Chipman,M.L.;Barnes,J.L.;Urban,M.A.;Hu,F.S.;. Little Isac Lake. NOAA/WDS Paleoclimatology IMPD study 17291",NA,NA,NA,NA,NA,NA,NA,NA,NA,NA,NA,NA,NA,NA,"https://www.ncei.noaa.gov/access/paleo-search/study/17291",NA,NA,NA,NA,"noaa_study_id=17291; original pub in IMPD datafile header","IMPDv1:IMPD_17291",1634,"Urban,M.A.",1,"Urban","M.A.",NA,NA,NA,NA,NA,NA,NA,NA,NA,"IMPDv1:IMPD_17291",1634,"IMPDv1","IMPD_17291",NA,45.75,45.75,"cm",NA,"Radiocarbon","grass",1800,35,1734,NA,"CAMS 149209",TRUE,NA,"na Date is in uncalibrated radiocarbon years.","Little Isac Lake_SIEVED","counted","NaN-NaN",NA,NA,"",1800,1765,1835,1800,45.75,NA,"na Date is in uncalibrated radiocarbon years.",". Cal curve: NA. Source DB: IMPDv1","Lacustrine","Carbon-14","Radiocarbon",-50.03,2994.09,"Calibrated radiocarbon years BP","sedimentary charcoal","Data Sourcing: IMPDv1 #charcoal_recommendedformat","Sample Age Source: IMPDv1"
"1634",141,"charcoal | num",42.75,42.875,43,0.25,2349.26,2342.420885,2356.098393,"IMPDv1","Charcoal (sum)","(additional options)",NA,NA,"False","False","number","Macroscopic charcoal (sieved)","direct",NA,"CHAR",7,NA,NA,"quant_raw",3,"volume","cm^3","IMPDv1","IMPD_17291","charcoal","count","char","wet_sieve","particle","num","count","no_size","num","IMPDv1","measured",1,"IMPDv1",NA,"Little Isac Lake",67.941083,-160.797111,210,"north",NA,NA,"sedlac",1634,0,NA,"Higuera,P.E.;Chipman,M.L.;Barnes,J.L.;Urban,M.A.;Hu,F.S.;. Little Isac Lake. NOAA/WDS Paleoclimatology IMPD study 17291",NA,NA,NA,NA,NA,NA,NA,NA,NA,NA,NA,NA,NA,NA,"https://www.ncei.noaa.gov/access/paleo-search/study/17291",NA,NA,NA,NA,"noaa_study_id=17291; original pub in IMPD datafile header","IMPDv1:IMPD_17291",1634,"Urban,M.A.",1,"Urban","M.A.",NA,NA,NA,NA,NA,NA,NA,NA,NA,"IMPDv1:IMPD_17291",1634,"IMPDv1","IMPD_17291",NA,62,62,"cm",NA,"Radiocarbon","twig",2300,35,2325,NA,"CAMS 137911",TRUE,NA,"na Date is in uncalibrated radiocarbon years.","Little Isac Lake_SIEVED","counted","NaN-NaN",NA,NA,"",2300,2265,2335,2300,62,NA,"na Date is in uncalibrated radiocarbon years.",". Cal curve: NA. Source DB: IMPDv1","Lacustrine","Carbon-14","Radiocarbon",-50.03,2994.09,"Calibrated radiocarbon years BP","sedimentary charcoal","Data Sourcing: IMPDv1 #charcoal_recommendedformat","Sample Age Source: IMPDv1"
"1634",142,"charcoal | num",43,43.125,43.25,0.25,2362.93,2356.098393,2369.757269,"IMPDv1","Charcoal (sum)","(additional options)",NA,NA,"False","False","number","Macroscopic charcoal (sieved)","direct",NA,"CHAR",5,NA,NA,"quant_raw",3,"volume","cm^3","IMPDv1","IMPD_17291","charcoal","count","char","wet_sieve","particle","num","count","no_size","num","IMPDv1","measured",1,"IMPDv1",NA,"Little Isac Lake",67.941083,-160.797111,210,"north",NA,NA,"sedlac",1634,0,NA,"Higuera,P.E.;Chipman,M.L.;Barnes,J.L.;Urban,M.A.;Hu,F.S.;. Little Isac Lake. NOAA/WDS Paleoclimatology IMPD study 17291",NA,NA,NA,NA,NA,NA,NA,NA,NA,NA,NA,NA,NA,NA,"https://www.ncei.noaa.gov/access/paleo-search/study/17291",NA,NA,NA,NA,"noaa_study_id=17291; original pub in IMPD datafile header","IMPDv1:IMPD_17291",1634,"Urban,M.A.",1,"Urban","M.A.",NA,NA,NA,NA,NA,NA,NA,NA,NA,"IMPDv1:IMPD_17291",1634,"IMPDv1","IMPD_17291",NA,72.5,72.5,"cm",NA,"Radiocarbon","charred wood",2600,90,2680,NA,"CAMS 137909",TRUE,NA,"na Date is in uncalibrated radiocarbon years.","Little Isac Lake_SIEVED","counted","NaN-NaN",NA,NA,"",2600,2510,2690,2600,72.5,NA,"na Date is in uncalibrated radiocarbon years.",". Cal curve: NA. Source DB: IMPDv1","Lacustrine","Carbon-14","Radiocarbon",-50.03,2994.09,"Calibrated radiocarbon years BP","sedimentary charcoal","Data Sourcing: IMPDv1 #charcoal_recommendedformat","Sample Age Source: IMPDv1"
"1634",143,"charcoal | num",43.25,43.375,43.5,0.25,2376.58,2369.757269,2383.397353,"IMPDv1","Charcoal (sum)","(additional options)",NA,NA,"False","False","number","Macroscopic charcoal (sieved)","direct",NA,"CHAR",7,NA,NA,"quant_raw",3,"volume","cm^3","IMPDv1","IMPD_17291","charcoal","count","char","wet_sieve","particle","num","count","no_size","num","IMPDv1","measured",1,"IMPDv1",NA,"Little Isac Lake",67.941083,-160.797111,210,"north",NA,NA,"sedlac",1634,0,NA,"Higuera,P.E.;Chipman,M.L.;Barnes,J.L.;Urban,M.A.;Hu,F.S.;. Little Isac Lake. NOAA/WDS Paleoclimatology IMPD study 17291",NA,NA,NA,NA,NA,NA,NA,NA,NA,NA,NA,NA,NA,NA,"https://www.ncei.noaa.gov/access/paleo-search/study/17291",NA,NA,NA,NA,"noaa_study_id=17291; original pub in IMPD datafile header","IMPDv1:IMPD_17291",1634,"Urban,M.A.",1,"Urban","M.A.",NA,NA,NA,NA,NA,NA,NA,NA,NA,"IMPDv1:IMPD_17291",1634,"IMPDv1","IMPD_17291",NA,89,89,"cm",NA,"Radiocarbon","wood",3180,35,3403,NA,"CAMS 137908",TRUE,NA,"na Date is in uncalibrated radiocarbon years.","Little Isac Lake_SIEVED","counted","NaN-NaN",NA,NA,"",3180,3145,3215,3180,89,NA,"na Date is in uncalibrated radiocarbon years.",". Cal curve: NA. Source DB: IMPDv1","Lacustrine","Carbon-14","Radiocarbon",-50.03,2994.09,"Calibrated radiocarbon years BP","sedimentary charcoal","Data Sourcing: IMPDv1 #charcoal_recommendedformat","Sample Age Source: IMPDv1"
"1634",144,"charcoal | num",43.5,43.625,43.75,0.25,2390.21,2383.397353,2397.018485,"IMPDv1","Charcoal (sum)","(additional options)",NA,NA,"False","False","number","Macroscopic charcoal (sieved)","direct",NA,"CHAR",3,NA,NA,"quant_raw",3,"volume","cm^3","IMPDv1","IMPD_17291","charcoal","count","char","wet_sieve","particle","num","count","no_size","num","IMPDv1","measured",1,"IMPDv1",NA,"Little Isac Lake",67.941083,-160.797111,210,"north",NA,NA,"sedlac",1634,0,NA,"Higuera,P.E.;Chipman,M.L.;Barnes,J.L.;Urban,M.A.;Hu,F.S.;. Little Isac Lake. NOAA/WDS Paleoclimatology IMPD study 17291",NA,NA,NA,NA,NA,NA,NA,NA,NA,NA,NA,NA,NA,NA,"https://www.ncei.noaa.gov/access/paleo-search/study/17291",NA,NA,NA,NA,"noaa_study_id=17291; original pub in IMPD datafile header","IMPDv1:IMPD_17291",1634,"Urban,M.A.",1,"Urban","M.A.",NA,NA,NA,NA,NA,NA,NA,NA,NA,"IMPDv1:IMPD_17291",1634,"IMPDv1","IMPD_17291",NA,137.75,137.75,"cm",NA,"Radiocarbon","twig",3715,35,4049,NA,"CAMS 137910",TRUE,NA,"na Date is in uncalibrated radiocarbon years.","Little Isac Lake_SIEVED","counted","NaN-NaN",NA,NA,"",3715,3680,3750,3715,137.75,NA,"na Date is in uncalibrated radiocarbon years.",". Cal curve: NA. Source DB: IMPDv1","Lacustrine","Carbon-14","Radiocarbon",-50.03,2994.09,"Calibrated radiocarbon years BP","sedimentary charcoal","Data Sourcing: IMPDv1 #charcoal_recommendedformat","Sample Age Source: IMPDv1"
"1634",145,"charcoal | num",43.75,43.875,44,0.25,2403.82,2397.018485,2410.620504,"IMPDv1","Charcoal (sum)","(additional options)",NA,NA,"False","False","number","Macroscopic charcoal (sieved)","direct",NA,"CHAR",8,NA,NA,"quant_raw",3,"volume","cm^3","IMPDv1","IMPD_17291","charcoal","count","char","wet_sieve","particle","num","count","no_size","num","IMPDv1","measured",1,"IMPDv1",NA,"Little Isac Lake",67.941083,-160.797111,210,"north",NA,NA,"sedlac",1634,0,NA,"Higuera,P.E.;Chipman,M.L.;Barnes,J.L.;Urban,M.A.;Hu,F.S.;. Little Isac Lake. NOAA/WDS Paleoclimatology IMPD study 17291",NA,NA,NA,NA,NA,NA,NA,NA,NA,NA,NA,NA,NA,NA,"https://www.ncei.noaa.gov/access/paleo-search/study/17291",NA,NA,NA,NA,"noaa_study_id=17291; original pub in IMPD datafile header","IMPDv1:IMPD_17291",1634,"Urban,M.A.",1,"Urban","M.A.",NA,NA,NA,NA,NA,NA,NA,NA,NA,"IMPDv1:IMPD_17291",1634,"IMPDv1","IMPD_17291",NA,222,222,"cm",NA,"Radiocarbon","wood and leaf frags.",6150,30,7062,NA,"CAMS 138165",TRUE,NA,"na Date is in uncalibrated radiocarbon years.","Little Isac Lake_SIEVED","counted","NaN-NaN",NA,NA,"",6150,6120,6180,6150,222,NA,"na Date is in uncalibrated radiocarbon years.",". Cal curve: NA. Source DB: IMPDv1","Lacustrine","Carbon-14","Radiocarbon",-50.03,2994.09,"Calibrated radiocarbon years BP","sedimentary charcoal","Data Sourcing: IMPDv1 #charcoal_recommendedformat","Sample Age Source: IMPDv1"
"1634",146,"charcoal | num",44,44.125,44.25,0.25,2417.41,2410.620504,2424.20325,"IMPDv1","Charcoal (sum)","(additional options)",NA,NA,"False","False","number","Macroscopic charcoal (sieved)","direct",NA,"CHAR",8,NA,NA,"quant_raw",3,"volume","cm^3","IMPDv1","IMPD_17291","charcoal","count","char","wet_sieve","particle","num","count","no_size","num","IMPDv1","measured",1,"IMPDv1",NA,"Little Isac Lake",67.941083,-160.797111,210,"north",NA,NA,"sedlac",1634,0,NA,"Higuera,P.E.;Chipman,M.L.;Barnes,J.L.;Urban,M.A.;Hu,F.S.;. Little Isac Lake. NOAA/WDS Paleoclimatology IMPD study 17291",NA,NA,NA,NA,NA,NA,NA,NA,NA,NA,NA,NA,NA,NA,"https://www.ncei.noaa.gov/access/paleo-search/study/17291",NA,NA,NA,NA,"noaa_study_id=17291; original pub in IMPD datafile header","IMPDv1:IMPD_17291",1634,"Urban,M.A.",1,"Urban","M.A.",NA,NA,NA,NA,NA,NA,NA,NA,NA,"IMPDv1:IMPD_17291",1634,"IMPDv1","IMPD_17291",NA,281.5,281.5,"cm",NA,"Radiocarbon","wood",7985,35,8867,NA,"CAMS 137907",TRUE,NA,"na Date is in uncalibrated radiocarbon years.","Little Isac Lake_SIEVED","counted","NaN-NaN",NA,NA,"",7985,7950,8020,7985,281.5,NA,"na Date is in uncalibrated radiocarbon years.",". Cal curve: NA. Source DB: IMPDv1","Lacustrine","Carbon-14","Radiocarbon",-50.03,2994.09,"Calibrated radiocarbon years BP","sedimentary charcoal","Data Sourcing: IMPDv1 #charcoal_recommendedformat","Sample Age Source: IMPDv1"
"1634",147,"charcoal | num",44.25,44.375,44.5,0.25,2430.98,2424.20325,2437.766562,"IMPDv1","Charcoal (sum)","(additional options)",NA,NA,"False","False","number","Macroscopic charcoal (sieved)","direct",NA,"CHAR",6,NA,NA,"quant_raw",3,"volume","cm^3","IMPDv1","IMPD_17291","charcoal","count","char","wet_sieve","particle","num","count","no_size","num","IMPDv1","measured",1,"IMPDv1",NA,"Little Isac Lake",67.941083,-160.797111,210,"north",NA,NA,"sedlac",1634,0,NA,"Higuera,P.E.;Chipman,M.L.;Barnes,J.L.;Urban,M.A.;Hu,F.S.;. Little Isac Lake. NOAA/WDS Paleoclimatology IMPD study 17291",NA,NA,NA,NA,NA,NA,NA,NA,NA,NA,NA,NA,NA,NA,"https://www.ncei.noaa.gov/access/paleo-search/study/17291",NA,NA,NA,NA,"noaa_study_id=17291; original pub in IMPD datafile header","IMPDv1:IMPD_17291",1634,"Urban,M.A.",1,"Urban","M.A.",NA,NA,NA,NA,NA,NA,NA,NA,NA,"IMPDv1:IMPD_17291",1634,"IMPDv1","IMPD_17291",NA,0,0,"cm",NA,"Radiocarbon","bulk sediment",21.18,1.66,-53,NA,"UIUC O3-1",TRUE,NA,"na Date is in uncalibrated radiocarbon years.","Little Isac Lake_SIEVED","counted","NaN-NaN",NA,NA,"",21.18,19.52,22.84,21.18,0,NA,"na Date is in uncalibrated radiocarbon years.",". Cal curve: NA. Source DB: IMPDv1","Lacustrine","Carbon-14","Radiocarbon",-50.03,2994.09,"Calibrated radiocarbon years BP","sedimentary charcoal","Data Sourcing: IMPDv1 #charcoal_recommendedformat","Sample Age Source: IMPDv1"
"1634",148,"charcoal | num",44.5,44.625,44.75,0.25,2444.54,2437.766562,2451.310281,"IMPDv1","Charcoal (sum)","(additional options)",NA,NA,"False","False","number","Macroscopic charcoal (sieved)","direct",NA,"CHAR",5,NA,NA,"quant_raw",3,"volume","cm^3","IMPDv1","IMPD_17291","charcoal","count","char","wet_sieve","particle","num","count","no_size","num","IMPDv1","measured",1,"IMPDv1",NA,"Little Isac Lake",67.941083,-160.797111,210,"north",NA,NA,"sedlac",1634,0,NA,"Higuera,P.E.;Chipman,M.L.;Barnes,J.L.;Urban,M.A.;Hu,F.S.;. Little Isac Lake. NOAA/WDS Paleoclimatology IMPD study 17291",NA,NA,NA,NA,NA,NA,NA,NA,NA,NA,NA,NA,NA,NA,"https://www.ncei.noaa.gov/access/paleo-search/study/17291",NA,NA,NA,NA,"noaa_study_id=17291; original pub in IMPD datafile header","IMPDv1:IMPD_17291",1634,"Urban,M.A.",1,"Urban","M.A.",NA,NA,NA,NA,NA,NA,NA,NA,NA,"IMPDv1:IMPD_17291",1634,"IMPDv1","IMPD_17291",NA,1,1,"cm",NA,"Radiocarbon","bulk sediment",23.29,1.79,-45,NA,"UIUC O3-2",TRUE,NA,"na Date is in uncalibrated radiocarbon years.","Little Isac Lake_SIEVED","counted","NaN-NaN",NA,NA,"",23.29,21.5,25.08,23.29,1,NA,"na Date is in uncalibrated radiocarbon years.",". Cal curve: NA. Source DB: IMPDv1","Lacustrine","Carbon-14","Radiocarbon",-50.03,2994.09,"Calibrated radiocarbon years BP","sedimentary charcoal","Data Sourcing: IMPDv1 #charcoal_recommendedformat","Sample Age Source: IMPDv1"
"1634",149,"charcoal | num",44.75,44.875,45,0.25,2458.07,2451.310281,2464.834247,"IMPDv1","Charcoal (sum)","(additional options)",NA,NA,"False","False","number","Macroscopic charcoal (sieved)","direct",NA,"CHAR",6,NA,NA,"quant_raw",3,"volume","cm^3","IMPDv1","IMPD_17291","charcoal","count","char","wet_sieve","particle","num","count","no_size","num","IMPDv1","measured",1,"IMPDv1",NA,"Little Isac Lake",67.941083,-160.797111,210,"north",NA,NA,"sedlac",1634,0,NA,"Higuera,P.E.;Chipman,M.L.;Barnes,J.L.;Urban,M.A.;Hu,F.S.;. Little Isac Lake. NOAA/WDS Paleoclimatology IMPD study 17291",NA,NA,NA,NA,NA,NA,NA,NA,NA,NA,NA,NA,NA,NA,"https://www.ncei.noaa.gov/access/paleo-search/study/17291",NA,NA,NA,NA,"noaa_study_id=17291; original pub in IMPD datafile header","IMPDv1:IMPD_17291",1634,"Urban,M.A.",1,"Urban","M.A.",NA,NA,NA,NA,NA,NA,NA,NA,NA,"IMPDv1:IMPD_17291",1634,"IMPDv1","IMPD_17291",NA,2,2,"cm",NA,"Radiocarbon","bulk sediment",18.24,1.45,-36,NA,"UIUC O3-3",TRUE,NA,"na Date is in uncalibrated radiocarbon years.","Little Isac Lake_SIEVED","counted","NaN-NaN",NA,NA,"",18.24,16.79,19.69,18.24,2,NA,"na Date is in uncalibrated radiocarbon years.",". Cal curve: NA. Source DB: IMPDv1","Lacustrine","Carbon-14","Radiocarbon",-50.03,2994.09,"Calibrated radiocarbon years BP","sedimentary charcoal","Data Sourcing: IMPDv1 #charcoal_recommendedformat","Sample Age Source: IMPDv1"
"1634",150,"charcoal | num",45,45.125,45.25,0.25,2471.59,2464.834247,2478.338298,"IMPDv1","Charcoal (sum)","(additional options)",NA,NA,"False","False","number","Macroscopic charcoal (sieved)","direct",NA,"CHAR",9,NA,NA,"quant_raw",3,"volume","cm^3","IMPDv1","IMPD_17291","charcoal","count","char","wet_sieve","particle","num","count","no_size","num","IMPDv1","measured",1,"IMPDv1",NA,"Little Isac Lake",67.941083,-160.797111,210,"north",NA,NA,"sedlac",1634,0,NA,"Higuera,P.E.;Chipman,M.L.;Barnes,J.L.;Urban,M.A.;Hu,F.S.;. Little Isac Lake. NOAA/WDS Paleoclimatology IMPD study 17291",NA,NA,NA,NA,NA,NA,NA,NA,NA,NA,NA,NA,NA,NA,"https://www.ncei.noaa.gov/access/paleo-search/study/17291",NA,NA,NA,NA,"noaa_study_id=17291; original pub in IMPD datafile header","IMPDv1:IMPD_17291",1634,"Urban,M.A.",1,"Urban","M.A.",NA,NA,NA,NA,NA,NA,NA,NA,NA,"IMPDv1:IMPD_17291",1634,"IMPDv1","IMPD_17291",NA,3,3,"cm",NA,"Radiocarbon","bulk sediment",15.55,1.12,-22,NA,"UIUC O3-4",TRUE,NA,"na Date is in uncalibrated radiocarbon years.","Little Isac Lake_SIEVED","counted","NaN-NaN",NA,NA,"",15.55,14.43,16.67,15.55,3,NA,"na Date is in uncalibrated radiocarbon years.",". Cal curve: NA. Source DB: IMPDv1","Lacustrine","Carbon-14","Radiocarbon",-50.03,2994.09,"Calibrated radiocarbon years BP","sedimentary charcoal","Data Sourcing: IMPDv1 #charcoal_recommendedformat","Sample Age Source: IMPDv1"
"1634",151,"charcoal | num",45.25,45.375,45.5,0.25,2485.08,2478.338298,2491.822274,"IMPDv1","Charcoal (sum)","(additional options)",NA,NA,"False","False","number","Macroscopic charcoal (sieved)","direct",NA,"CHAR",3,NA,NA,"quant_raw",3,"volume","cm^3","IMPDv1","IMPD_17291","charcoal","count","char","wet_sieve","particle","num","count","no_size","num","IMPDv1","measured",1,"IMPDv1",NA,"Little Isac Lake",67.941083,-160.797111,210,"north",NA,NA,"sedlac",1634,0,NA,"Higuera,P.E.;Chipman,M.L.;Barnes,J.L.;Urban,M.A.;Hu,F.S.;. Little Isac Lake. NOAA/WDS Paleoclimatology IMPD study 17291",NA,NA,NA,NA,NA,NA,NA,NA,NA,NA,NA,NA,NA,NA,"https://www.ncei.noaa.gov/access/paleo-search/study/17291",NA,NA,NA,NA,"noaa_study_id=17291; original pub in IMPD datafile header","IMPDv1:IMPD_17291",1634,"Urban,M.A.",1,"Urban","M.A.",NA,NA,NA,NA,NA,NA,NA,NA,NA,"IMPDv1:IMPD_17291",1634,"IMPDv1","IMPD_17291",NA,4,4,"cm",NA,"Radiocarbon","bulk sediment",13.61,0.91,-6,NA,"UIUC O3-5",TRUE,NA,"na Date is in uncalibrated radiocarbon years.","Little Isac Lake_SIEVED","counted","NaN-NaN",NA,NA,"",13.61,12.7,14.52,13.61,4,NA,"na Date is in uncalibrated radiocarbon years.",". Cal curve: NA. Source DB: IMPDv1","Lacustrine","Carbon-14","Radiocarbon",-50.03,2994.09,"Calibrated radiocarbon years BP","sedimentary charcoal","Data Sourcing: IMPDv1 #charcoal_recommendedformat","Sample Age Source: IMPDv1"
"1634",152,"charcoal | num",45.5,45.625,45.75,0.25,2498.55,2491.822274,2505.286016,"IMPDv1","Charcoal (sum)","(additional options)",NA,NA,"False","False","number","Macroscopic charcoal (sieved)","direct",NA,"CHAR",1,NA,NA,"quant_raw",3,"volume","cm^3","IMPDv1","IMPD_17291","charcoal","count","char","wet_sieve","particle","num","count","no_size","num","IMPDv1","measured",1,"IMPDv1",NA,"Little Isac Lake",67.941083,-160.797111,210,"north",NA,NA,"sedlac",1634,0,NA,"Higuera,P.E.;Chipman,M.L.;Barnes,J.L.;Urban,M.A.;Hu,F.S.;. Little Isac Lake. NOAA/WDS Paleoclimatology IMPD study 17291",NA,NA,NA,NA,NA,NA,NA,NA,NA,NA,NA,NA,NA,NA,"https://www.ncei.noaa.gov/access/paleo-search/study/17291",NA,NA,NA,NA,"noaa_study_id=17291; original pub in IMPD datafile header","IMPDv1:IMPD_17291",1634,"Hu,F.S.",1,"Hu","F.S.",NA,NA,NA,NA,NA,NA,NA,NA,NA,"IMPDv1:IMPD_17291",1634,"IMPDv1","IMPD_17291",NA,5,5,"cm",NA,"Radiocarbon","bulk sediment",8.72,0.65,14,NA,"UIUC O3-6",TRUE,NA,"na Date is in uncalibrated radiocarbon years.","Little Isac Lake_SIEVED","counted","NaN-NaN",NA,NA,"",8.72,8.07,9.37,8.72,5,NA,"na Date is in uncalibrated radiocarbon years.",". Cal curve: NA. Source DB: IMPDv1","Lacustrine","Carbon-14","Radiocarbon",-50.03,2994.09,"Calibrated radiocarbon years BP","sedimentary charcoal","Data Sourcing: IMPDv1 #charcoal_recommendedformat","Sample Age Source: IMPDv1"
"1634",153,"charcoal | num",45.75,45.875,46,0.25,2512.01,2505.286016,2518.729363,"IMPDv1","Charcoal (sum)","(additional options)",NA,NA,"False","False","number","Macroscopic charcoal (sieved)","direct",NA,"CHAR",5,NA,NA,"quant_raw",3,"volume","cm^3","IMPDv1","IMPD_17291","charcoal","count","char","wet_sieve","particle","num","count","no_size","num","IMPDv1","measured",1,"IMPDv1",NA,"Little Isac Lake",67.941083,-160.797111,210,"north",NA,NA,"sedlac",1634,0,NA,"Higuera,P.E.;Chipman,M.L.;Barnes,J.L.;Urban,M.A.;Hu,F.S.;. Little Isac Lake. NOAA/WDS Paleoclimatology IMPD study 17291",NA,NA,NA,NA,NA,NA,NA,NA,NA,NA,NA,NA,NA,NA,"https://www.ncei.noaa.gov/access/paleo-search/study/17291",NA,NA,NA,NA,"noaa_study_id=17291; original pub in IMPD datafile header","IMPDv1:IMPD_17291",1634,"Hu,F.S.",1,"Hu","F.S.",NA,NA,NA,NA,NA,NA,NA,NA,NA,"IMPDv1:IMPD_17291",1634,"IMPDv1","IMPD_17291",NA,6,6,"cm",NA,"Radiocarbon","bulk sediment",5.28,0.44,35,NA,"UIUC O3-7",TRUE,NA,"na Date is in uncalibrated radiocarbon years.","Little Isac Lake_SIEVED","counted","NaN-NaN",NA,NA,"",5.28,4.84,5.72,5.28,6,NA,"na Date is in uncalibrated radiocarbon years.",". Cal curve: NA. Source DB: IMPDv1","Lacustrine","Carbon-14","Radiocarbon",-50.03,2994.09,"Calibrated radiocarbon years BP","sedimentary charcoal","Data Sourcing: IMPDv1 #charcoal_recommendedformat","Sample Age Source: IMPDv1"
"1634",154,"charcoal | num",46,46.125,46.25,0.25,2525.44,2518.729363,2532.152154,"IMPDv1","Charcoal (sum)","(additional options)",NA,NA,"False","False","number","Macroscopic charcoal (sieved)","direct",NA,"CHAR",0,NA,NA,"quant_raw",3,"volume","cm^3","IMPDv1","IMPD_17291","charcoal","count","char","wet_sieve","particle","num","count","no_size","num","IMPDv1","measured",1,"IMPDv1",NA,"Little Isac Lake",67.941083,-160.797111,210,"north",NA,NA,"sedlac",1634,0,NA,"Higuera,P.E.;Chipman,M.L.;Barnes,J.L.;Urban,M.A.;Hu,F.S.;. Little Isac Lake. NOAA/WDS Paleoclimatology IMPD study 17291",NA,NA,NA,NA,NA,NA,NA,NA,NA,NA,NA,NA,NA,NA,"https://www.ncei.noaa.gov/access/paleo-search/study/17291",NA,NA,NA,NA,"noaa_study_id=17291; original pub in IMPD datafile header","IMPDv1:IMPD_17291",1634,"Hu,F.S.",1,"Hu","F.S.",NA,NA,NA,NA,NA,NA,NA,NA,NA,"IMPDv1:IMPD_17291",1634,"IMPDv1","IMPD_17291",NA,7,7,"cm",NA,"Radiocarbon","bulk sediment",1.76,0.17,NA,NA,"UIUC O3-8",TRUE,NA,"na Date is in uncalibrated radiocarbon years.","Little Isac Lake_SIEVED","counted","NaN-NaN",NA,NA,"",1.76,1.59,1.93,1.76,7,NA,"na Date is in uncalibrated radiocarbon years.",". Cal curve: NA. Source DB: IMPDv1","Lacustrine","Carbon-14","Radiocarbon",-50.03,2994.09,"Calibrated radiocarbon years BP","sedimentary charcoal","Data Sourcing: IMPDv1 #charcoal_recommendedformat","Sample Age Source: IMPDv1"
"1634",155,"charcoal | num",46.25,46.375,46.5,0.25,2538.85,2532.152154,2545.55423,"IMPDv1","Charcoal (sum)","(additional options)",NA,NA,"False","False","number","Macroscopic charcoal (sieved)","direct",NA,"CHAR",2,NA,NA,"quant_raw",3,"volume","cm^3","IMPDv1","IMPD_17291","charcoal","count","char","wet_sieve","particle","num","count","no_size","num","IMPDv1","measured",1,"IMPDv1",NA,"Little Isac Lake",67.941083,-160.797111,210,"north",NA,NA,"sedlac",1634,0,NA,"Higuera,P.E.;Chipman,M.L.;Barnes,J.L.;Urban,M.A.;Hu,F.S.;. Little Isac Lake. NOAA/WDS Paleoclimatology IMPD study 17291",NA,NA,NA,NA,NA,NA,NA,NA,NA,NA,NA,NA,NA,NA,"https://www.ncei.noaa.gov/access/paleo-search/study/17291",NA,NA,NA,NA,"noaa_study_id=17291; original pub in IMPD datafile header","IMPDv1:IMPD_17291",1634,"Hu,F.S.",1,"Hu","F.S.",NA,NA,NA,NA,NA,NA,NA,NA,NA,"IMPDv1:IMPD_17291",1634,"IMPDv1","IMPD_17291",NA,8,8,"cm",NA,"Radiocarbon","bulk sediment",2.47,0.23,NA,NA,"UIUC O3-9",TRUE,NA,"na Date is in uncalibrated radiocarbon years.","Little Isac Lake_SIEVED","counted","NaN-NaN",NA,NA,"",2.47,2.24,2.7,2.47,8,NA,"na Date is in uncalibrated radiocarbon years.",". Cal curve: NA. Source DB: IMPDv1","Lacustrine","Carbon-14","Radiocarbon",-50.03,2994.09,"Calibrated radiocarbon years BP","sedimentary charcoal","Data Sourcing: IMPDv1 #charcoal_recommendedformat","Sample Age Source: IMPDv1"
"1634",156,"charcoal | num",46.5,46.625,46.75,0.25,2552.24,2545.55423,2558.93543,"IMPDv1","Charcoal (sum)","(additional options)",NA,NA,"False","False","number","Macroscopic charcoal (sieved)","direct",NA,"CHAR",4,NA,NA,"quant_raw",3,"volume","cm^3","IMPDv1","IMPD_17291","charcoal","count","char","wet_sieve","particle","num","count","no_size","num","IMPDv1","measured",1,"IMPDv1",NA,"Little Isac Lake",67.941083,-160.797111,210,"north",NA,NA,"sedlac",1634,0,NA,"Higuera,P.E.;Chipman,M.L.;Barnes,J.L.;Urban,M.A.;Hu,F.S.;. Little Isac Lake. NOAA/WDS Paleoclimatology IMPD study 17291",NA,NA,NA,NA,NA,NA,NA,NA,NA,NA,NA,NA,NA,NA,"https://www.ncei.noaa.gov/access/paleo-search/study/17291",NA,NA,NA,NA,"noaa_study_id=17291; original pub in IMPD datafile header","IMPDv1:IMPD_17291",1634,"Hu,F.S.",1,"Hu","F.S.",NA,NA,NA,NA,NA,NA,NA,NA,NA,"IMPDv1:IMPD_17291",1634,"IMPDv1","IMPD_17291",NA,9,9,"cm",NA,"Radiocarbon","bulk sediment",1.85,0.19,NA,NA,"UIUC O3-11",TRUE,NA,"na Date is in uncalibrated radiocarbon years.","Little Isac Lake_SIEVED","counted","NaN-NaN",NA,NA,"",1.85,1.66,2.04,1.85,9,NA,"na Date is in uncalibrated radiocarbon years.",". Cal curve: NA. Source DB: IMPDv1","Lacustrine","Carbon-14","Radiocarbon",-50.03,2994.09,"Calibrated radiocarbon years BP","sedimentary charcoal","Data Sourcing: IMPDv1 #charcoal_recommendedformat","Sample Age Source: IMPDv1"
"1634",157,"charcoal | num",46.75,46.875,47,0.25,2565.62,2558.93543,2572.295594,"IMPDv1","Charcoal (sum)","(additional options)",NA,NA,"False","False","number","Macroscopic charcoal (sieved)","direct",NA,"CHAR",2,NA,NA,"quant_raw",3,"volume","cm^3","IMPDv1","IMPD_17291","charcoal","count","char","wet_sieve","particle","num","count","no_size","num","IMPDv1","measured",1,"IMPDv1",NA,"Little Isac Lake",67.941083,-160.797111,210,"north",NA,NA,"sedlac",1634,0,NA,"Higuera,P.E.;Chipman,M.L.;Barnes,J.L.;Urban,M.A.;Hu,F.S.;. Little Isac Lake. NOAA/WDS Paleoclimatology IMPD study 17291",NA,NA,NA,NA,NA,NA,NA,NA,NA,NA,NA,NA,NA,NA,"https://www.ncei.noaa.gov/access/paleo-search/study/17291",NA,NA,NA,NA,"noaa_study_id=17291; original pub in IMPD datafile header","IMPDv1:IMPD_17291",1634,"Hu,F.S.",1,"Hu","F.S.",NA,NA,NA,NA,NA,NA,NA,NA,NA,"IMPDv1:IMPD_17291",1634,"IMPDv1","IMPD_17291",NA,10,10,"cm",NA,"Radiocarbon","bulk sediment",2.04,0.22,NA,NA,"UIUC O3-12",TRUE,NA,"na Date is in uncalibrated radiocarbon years.","Little Isac Lake_SIEVED","counted","NaN-NaN",NA,NA,"",2.04,1.82,2.26,2.04,10,NA,"na Date is in uncalibrated radiocarbon years.",". Cal curve: NA. Source DB: IMPDv1","Lacustrine","Carbon-14","Radiocarbon",-50.03,2994.09,"Calibrated radiocarbon years BP","sedimentary charcoal","Data Sourcing: IMPDv1 #charcoal_recommendedformat","Sample Age Source: IMPDv1"
"1634",158,"charcoal | num",47,47.125,47.25,0.25,2578.97,2572.295594,2585.634561,"IMPDv1","Charcoal (sum)","(additional options)",NA,NA,"False","False","number","Macroscopic charcoal (sieved)","direct",NA,"CHAR",0,NA,NA,"quant_raw",3,"volume","cm^3","IMPDv1","IMPD_17291","charcoal","count","char","wet_sieve","particle","num","count","no_size","num","IMPDv1","measured",1,"IMPDv1",NA,"Little Isac Lake",67.941083,-160.797111,210,"north",NA,NA,"sedlac",1634,0,NA,"Higuera,P.E.;Chipman,M.L.;Barnes,J.L.;Urban,M.A.;Hu,F.S.;. Little Isac Lake. NOAA/WDS Paleoclimatology IMPD study 17291",NA,NA,NA,NA,NA,NA,NA,NA,NA,NA,NA,NA,NA,NA,"https://www.ncei.noaa.gov/access/paleo-search/study/17291",NA,NA,NA,NA,"noaa_study_id=17291; original pub in IMPD datafile header","IMPDv1:IMPD_17291",1634,"Hu,F.S.",1,"Hu","F.S.",NA,NA,NA,NA,NA,NA,NA,NA,NA,"IMPDv1:IMPD_17291",1634,"IMPDv1","IMPD_17291",NA,10.5,10.5,"cm",NA,"Radiocarbon","bulk sediment",2.18,0.22,NA,NA,"UIUC O3-13",TRUE,NA,"na Date is in uncalibrated radiocarbon years.","Little Isac Lake_SIEVED","counted","NaN-NaN",NA,NA,"",2.18,1.96,2.4,2.18,10.5,NA,"na Date is in uncalibrated radiocarbon years.",". Cal curve: NA. Source DB: IMPDv1","Lacustrine","Carbon-14","Radiocarbon",-50.03,2994.09,"Calibrated radiocarbon years BP","sedimentary charcoal","Data Sourcing: IMPDv1 #charcoal_recommendedformat","Sample Age Source: IMPDv1"
"1634",159,"charcoal | num",47.25,47.375,47.5,0.25,2592.29,2585.634561,2598.952171,"IMPDv1","Charcoal (sum)","(additional options)",NA,NA,"False","False","number","Macroscopic charcoal (sieved)","direct",NA,"CHAR",3,NA,NA,"quant_raw",3,"volume","cm^3","IMPDv1","IMPD_17291","charcoal","count","char","wet_sieve","particle","num","count","no_size","num","IMPDv1","measured",1,"IMPDv1",NA,"Little Isac Lake",67.941083,-160.797111,210,"north",NA,NA,"sedlac",1634,0,NA,"Higuera,P.E.;Chipman,M.L.;Barnes,J.L.;Urban,M.A.;Hu,F.S.;. Little Isac Lake. NOAA/WDS Paleoclimatology IMPD study 17291",NA,NA,NA,NA,NA,NA,NA,NA,NA,NA,NA,NA,NA,NA,"https://www.ncei.noaa.gov/access/paleo-search/study/17291",NA,NA,NA,NA,"noaa_study_id=17291; original pub in IMPD datafile header","IMPDv1:IMPD_17291",1634,"Hu,F.S.",1,"Hu","F.S.",NA,NA,NA,NA,NA,NA,NA,NA,NA,"IMPDv1:IMPD_17291",1634,"IMPDv1","IMPD_17291",NA,11,11,"cm",NA,"Radiocarbon","bulk sediment",1.6,0.16,NA,NA,"UIUC O3-14",TRUE,NA,"na Date is in uncalibrated radiocarbon years.","Little Isac Lake_SIEVED","counted","NaN-NaN",NA,NA,"",1.6,1.44,1.76,1.6,11,NA,"na Date is in uncalibrated radiocarbon years.",". Cal curve: NA. Source DB: IMPDv1","Lacustrine","Carbon-14","Radiocarbon",-50.03,2994.09,"Calibrated radiocarbon years BP","sedimentary charcoal","Data Sourcing: IMPDv1 #charcoal_recommendedformat","Sample Age Source: IMPDv1"
"1634",160,"charcoal | num",47.5,47.625,47.75,0.25,2605.6,2598.952171,2612.248265,"IMPDv1","Charcoal (sum)","(additional options)",NA,NA,"False","False","number","Macroscopic charcoal (sieved)","direct",NA,"CHAR",2,NA,NA,"quant_raw",3,"volume","cm^3","IMPDv1","IMPD_17291","charcoal","count","char","wet_sieve","particle","num","count","no_size","num","IMPDv1","measured",1,"IMPDv1",NA,"Little Isac Lake",67.941083,-160.797111,210,"north",NA,NA,"sedlac",1634,0,NA,"Higuera,P.E.;Chipman,M.L.;Barnes,J.L.;Urban,M.A.;Hu,F.S.;. Little Isac Lake. NOAA/WDS Paleoclimatology IMPD study 17291",NA,NA,NA,NA,NA,NA,NA,NA,NA,NA,NA,NA,NA,NA,"https://www.ncei.noaa.gov/access/paleo-search/study/17291",NA,NA,NA,NA,"noaa_study_id=17291; original pub in IMPD datafile header","IMPDv1:IMPD_17291",1634,"Hu,F.S.",1,"Hu","F.S.",NA,NA,NA,NA,NA,NA,NA,NA,NA,"IMPDv1:IMPD_17291",1634,"IMPDv1","IMPD_17291",NA,11.5,11.5,"cm",NA,"Radiocarbon","bulk sediment",1.51,0.15,NA,NA,"UIUC O3-15",TRUE,NA,"na Date is in uncalibrated radiocarbon years.","Little Isac Lake_SIEVED","counted","NaN-NaN",NA,NA,"",1.51,1.36,1.66,1.51,11.5,NA,"na Date is in uncalibrated radiocarbon years.",". Cal curve: NA. Source DB: IMPDv1","Lacustrine","Carbon-14","Radiocarbon",-50.03,2994.09,"Calibrated radiocarbon years BP","sedimentary charcoal","Data Sourcing: IMPDv1 #charcoal_recommendedformat","Sample Age Source: IMPDv1"
"1634",161,"charcoal | num",47.75,47.875,48,0.25,2618.89,2612.248265,2625.52268,"IMPDv1","Charcoal (sum)","(additional options)",NA,NA,"False","False","number","Macroscopic charcoal (sieved)","direct",NA,"CHAR",9,NA,NA,"quant_raw",3,"volume","cm^3","IMPDv1","IMPD_17291","charcoal","count","char","wet_sieve","particle","num","count","no_size","num","IMPDv1","measured",1,"IMPDv1",NA,"Little Isac Lake",67.941083,-160.797111,210,"north",NA,NA,"sedlac",1634,0,NA,"Higuera,P.E.;Chipman,M.L.;Barnes,J.L.;Urban,M.A.;Hu,F.S.;. Little Isac Lake. NOAA/WDS Paleoclimatology IMPD study 17291",NA,NA,NA,NA,NA,NA,NA,NA,NA,NA,NA,NA,NA,NA,"https://www.ncei.noaa.gov/access/paleo-search/study/17291",NA,NA,NA,NA,"noaa_study_id=17291; original pub in IMPD datafile header","IMPDv1:IMPD_17291",1634,"Hu,F.S.",1,"Hu","F.S.",NA,NA,NA,NA,NA,NA,NA,NA,NA,"IMPDv1:IMPD_17291",1634,"IMPDv1","IMPD_17291",NA,12,12,"cm",NA,"Radiocarbon","bulk sediment",2.09,0.2,NA,NA,"UIUC O3-16",TRUE,NA,"na Date is in uncalibrated radiocarbon years.","Little Isac Lake_SIEVED","counted","NaN-NaN",NA,NA,"",2.09,1.89,2.29,2.09,12,NA,"na Date is in uncalibrated radiocarbon years.",". Cal curve: NA. Source DB: IMPDv1","Lacustrine","Carbon-14","Radiocarbon",-50.03,2994.09,"Calibrated radiocarbon years BP","sedimentary charcoal","Data Sourcing: IMPDv1 #charcoal_recommendedformat","Sample Age Source: IMPDv1"
"1634",162,"charcoal | num",48,48.125,48.25,0.25,2632.15,2625.52268,2638.775259,"IMPDv1","Charcoal (sum)","(additional options)",NA,NA,"False","False","number","Macroscopic charcoal (sieved)","direct",NA,"CHAR",7,NA,NA,"quant_raw",3,"volume","cm^3","IMPDv1","IMPD_17291","charcoal","count","char","wet_sieve","particle","num","count","no_size","num","IMPDv1","measured",1,"IMPDv1",NA,"Little Isac Lake",67.941083,-160.797111,210,"north",NA,NA,"sedlac",1634,0,NA,"Higuera,P.E.;Chipman,M.L.;Barnes,J.L.;Urban,M.A.;Hu,F.S.;. Little Isac Lake. NOAA/WDS Paleoclimatology IMPD study 17291",NA,NA,NA,NA,NA,NA,NA,NA,NA,NA,NA,NA,NA,NA,"https://www.ncei.noaa.gov/access/paleo-search/study/17291",NA,NA,NA,NA,"noaa_study_id=17291; original pub in IMPD datafile header","IMPDv1:IMPD_17291",1634,"Hu,F.S.",1,"Hu","F.S.",NA,NA,NA,NA,NA,NA,NA,NA,NA,"IMPDv1:IMPD_17291",1634,"IMPDv1","IMPD_17291",NA,12.5,12.5,"cm",NA,"Radiocarbon","bulk sediment",1.69,0.13,NA,NA,"UIUC O3-17",TRUE,NA,"na Date is in uncalibrated radiocarbon years.","Little Isac Lake_SIEVED","counted","NaN-NaN",NA,NA,"",1.69,1.56,1.82,1.69,12.5,NA,"na Date is in uncalibrated radiocarbon years.",". Cal curve: NA. Source DB: IMPDv1","Lacustrine","Carbon-14","Radiocarbon",-50.03,2994.09,"Calibrated radiocarbon years BP","sedimentary charcoal","Data Sourcing: IMPDv1 #charcoal_recommendedformat","Sample Age Source: IMPDv1"
"1634",163,"charcoal | num",48.25,48.375,48.5,0.25,2645.39,2638.775259,2652.005839,"IMPDv1","Charcoal (sum)","(additional options)",NA,NA,"False","False","number","Macroscopic charcoal (sieved)","direct",NA,"CHAR",1,NA,NA,"quant_raw",3,"volume","cm^3","IMPDv1","IMPD_17291","charcoal","count","char","wet_sieve","particle","num","count","no_size","num","IMPDv1","measured",1,"IMPDv1",NA,"Little Isac Lake",67.941083,-160.797111,210,"north",NA,NA,"sedlac",1634,0,NA,"Higuera,P.E.;Chipman,M.L.;Barnes,J.L.;Urban,M.A.;Hu,F.S.;. Little Isac Lake. NOAA/WDS Paleoclimatology IMPD study 17291",NA,NA,NA,NA,NA,NA,NA,NA,NA,NA,NA,NA,NA,NA,"https://www.ncei.noaa.gov/access/paleo-search/study/17291",NA,NA,NA,NA,"noaa_study_id=17291; original pub in IMPD datafile header","IMPDv1:IMPD_17291",1634,"Hu,F.S.",1,"Hu","F.S.",NA,NA,NA,NA,NA,NA,NA,NA,NA,"IMPDv1:IMPD_17291",1634,"IMPDv1","IMPD_17291",NA,13,13,"cm",NA,"Radiocarbon","bulk sediment",2.02,0.18,NA,NA,"UIUC O3-18",TRUE,NA,"na Date is in uncalibrated radiocarbon years.","Little Isac Lake_SIEVED","counted","NaN-NaN",NA,NA,"",2.02,1.84,2.2,2.02,13,NA,"na Date is in uncalibrated radiocarbon years.",". Cal curve: NA. Source DB: IMPDv1","Lacustrine","Carbon-14","Radiocarbon",-50.03,2994.09,"Calibrated radiocarbon years BP","sedimentary charcoal","Data Sourcing: IMPDv1 #charcoal_recommendedformat","Sample Age Source: IMPDv1"
"1634",164,"charcoal | num",48.5,48.625,48.75,0.25,2658.61,2652.005839,2665.214261,"IMPDv1","Charcoal (sum)","(additional options)",NA,NA,"False","False","number","Macroscopic charcoal (sieved)","direct",NA,"CHAR",2,NA,NA,"quant_raw",3,"volume","cm^3","IMPDv1","IMPD_17291","charcoal","count","char","wet_sieve","particle","num","count","no_size","num","IMPDv1","measured",1,"IMPDv1",NA,"Little Isac Lake",67.941083,-160.797111,210,"north",NA,NA,"sedlac",1634,0,NA,"Higuera,P.E.;Chipman,M.L.;Barnes,J.L.;Urban,M.A.;Hu,F.S.;. Little Isac Lake. NOAA/WDS Paleoclimatology IMPD study 17291",NA,NA,NA,NA,NA,NA,NA,NA,NA,NA,NA,NA,NA,NA,"https://www.ncei.noaa.gov/access/paleo-search/study/17291",NA,NA,NA,NA,"noaa_study_id=17291; original pub in IMPD datafile header","IMPDv1:IMPD_17291",1634,"Hu,F.S.",1,"Hu","F.S.",NA,NA,NA,NA,NA,NA,NA,NA,NA,"IMPDv1:IMPD_17291",1634,"IMPDv1","IMPD_17291",NA,13.5,13.5,"cm",NA,"Radiocarbon","bulk sediment",1.48,0.15,NA,NA,"UIUC O3-19",TRUE,NA,"na Date is in uncalibrated radiocarbon years.","Little Isac Lake_SIEVED","counted","NaN-NaN",NA,NA,"",1.48,1.33,1.63,1.48,13.5,NA,"na Date is in uncalibrated radiocarbon years.",". Cal curve: NA. Source DB: IMPDv1","Lacustrine","Carbon-14","Radiocarbon",-50.03,2994.09,"Calibrated radiocarbon years BP","sedimentary charcoal","Data Sourcing: IMPDv1 #charcoal_recommendedformat","Sample Age Source: IMPDv1"
"1634",165,"charcoal | num",48.75,48.875,49,0.25,2671.81,2665.214261,2678.400364,"IMPDv1","Charcoal (sum)","(additional options)",NA,NA,"False","False","number","Macroscopic charcoal (sieved)","direct",NA,"CHAR",2,NA,NA,"quant_raw",3,"volume","cm^3","IMPDv1","IMPD_17291","charcoal","count","char","wet_sieve","particle","num","count","no_size","num","IMPDv1","measured",1,"IMPDv1",NA,"Little Isac Lake",67.941083,-160.797111,210,"north",NA,NA,"sedlac",1634,0,NA,"Higuera,P.E.;Chipman,M.L.;Barnes,J.L.;Urban,M.A.;Hu,F.S.;. Little Isac Lake. NOAA/WDS Paleoclimatology IMPD study 17291",NA,NA,NA,NA,NA,NA,NA,NA,NA,NA,NA,NA,NA,NA,"https://www.ncei.noaa.gov/access/paleo-search/study/17291",NA,NA,NA,NA,"noaa_study_id=17291; original pub in IMPD datafile header","IMPDv1:IMPD_17291",1634,"Hu,F.S.",1,"Hu","F.S.",NA,NA,NA,NA,NA,NA,NA,NA,NA,"IMPDv1:IMPD_17291",1634,"IMPDv1","IMPD_17291",NA,35.75,35.75,"cm",NA,"Radiocarbon","wood fragments",720,35,671,NA,"CAMS 136545",TRUE,NA,"na Date is in uncalibrated radiocarbon years.","Little Isac Lake_SIEVED","counted","NaN-NaN",NA,NA,"",720,685,755,720,35.75,NA,"na Date is in uncalibrated radiocarbon years.",". Cal curve: NA. Source DB: IMPDv1","Lacustrine","Carbon-14","Radiocarbon",-50.03,2994.09,"Calibrated radiocarbon years BP","sedimentary charcoal","Data Sourcing: IMPDv1 #charcoal_recommendedformat","Sample Age Source: IMPDv1"
"1634",166,"charcoal | num",49,49.125,49.25,0.25,2684.98,2678.400364,2691.563989,"IMPDv1","Charcoal (sum)","(additional options)",NA,NA,"False","False","number","Macroscopic charcoal (sieved)","direct",NA,"CHAR",0,NA,NA,"quant_raw",3,"volume","cm^3","IMPDv1","IMPD_17291","charcoal","count","char","wet_sieve","particle","num","count","no_size","num","IMPDv1","measured",1,"IMPDv1",NA,"Little Isac Lake",67.941083,-160.797111,210,"north",NA,NA,"sedlac",1634,0,NA,"Higuera,P.E.;Chipman,M.L.;Barnes,J.L.;Urban,M.A.;Hu,F.S.;. Little Isac Lake. NOAA/WDS Paleoclimatology IMPD study 17291",NA,NA,NA,NA,NA,NA,NA,NA,NA,NA,NA,NA,NA,NA,"https://www.ncei.noaa.gov/access/paleo-search/study/17291",NA,NA,NA,NA,"noaa_study_id=17291; original pub in IMPD datafile header","IMPDv1:IMPD_17291",1634,"Hu,F.S.",1,"Hu","F.S.",NA,NA,NA,NA,NA,NA,NA,NA,NA,"IMPDv1:IMPD_17291",1634,"IMPDv1","IMPD_17291",NA,41.75,41.75,"cm",NA,"Radiocarbon","wood fragments",1120,35,1019,NA,"CAMS 136546",TRUE,NA,"na Date is in uncalibrated radiocarbon years.","Little Isac Lake_SIEVED","counted","NaN-NaN",NA,NA,"",1120,1085,1155,1120,41.75,NA,"na Date is in uncalibrated radiocarbon years.",". Cal curve: NA. Source DB: IMPDv1","Lacustrine","Carbon-14","Radiocarbon",-50.03,2994.09,"Calibrated radiocarbon years BP","sedimentary charcoal","Data Sourcing: IMPDv1 #charcoal_recommendedformat","Sample Age Source: IMPDv1"
"1634",167,"charcoal | num",49.25,49.375,49.5,0.25,2698.13,2691.563989,2704.704974,"IMPDv1","Charcoal (sum)","(additional options)",NA,NA,"False","False","number","Macroscopic charcoal (sieved)","direct",NA,"CHAR",5,NA,NA,"quant_raw",3,"volume","cm^3","IMPDv1","IMPD_17291","charcoal","count","char","wet_sieve","particle","num","count","no_size","num","IMPDv1","measured",1,"IMPDv1",NA,"Little Isac Lake",67.941083,-160.797111,210,"north",NA,NA,"sedlac",1634,0,NA,"Higuera,P.E.;Chipman,M.L.;Barnes,J.L.;Urban,M.A.;Hu,F.S.;. Little Isac Lake. NOAA/WDS Paleoclimatology IMPD study 17291",NA,NA,NA,NA,NA,NA,NA,NA,NA,NA,NA,NA,NA,NA,"https://www.ncei.noaa.gov/access/paleo-search/study/17291",NA,NA,NA,NA,"noaa_study_id=17291; original pub in IMPD datafile header","IMPDv1:IMPD_17291",1634,"Hu,F.S.",1,"Hu","F.S.",NA,NA,NA,NA,NA,NA,NA,NA,NA,"IMPDv1:IMPD_17291",1634,"IMPDv1","IMPD_17291",NA,69,69,"cm",NA,"Radiocarbon","wood fragment",1925,35,1871,NA,"CAMS 136547",TRUE,NA,"na Date is in uncalibrated radiocarbon years.","Little Isac Lake_SIEVED","counted","NaN-NaN",NA,NA,"",1925,1890,1960,1925,69,NA,"na Date is in uncalibrated radiocarbon years.",". Cal curve: NA. Source DB: IMPDv1","Lacustrine","Carbon-14","Radiocarbon",-50.03,2994.09,"Calibrated radiocarbon years BP","sedimentary charcoal","Data Sourcing: IMPDv1 #charcoal_recommendedformat","Sample Age Source: IMPDv1"
"1634",168,"charcoal | num",49.5,49.625,49.75,0.25,2711.26,2704.704974,2717.82316,"IMPDv1","Charcoal (sum)","(additional options)",NA,NA,"False","False","number","Macroscopic charcoal (sieved)","direct",NA,"CHAR",5,NA,NA,"quant_raw",3,"volume","cm^3","IMPDv1","IMPD_17291","charcoal","count","char","wet_sieve","particle","num","count","no_size","num","IMPDv1","measured",1,"IMPDv1",NA,"Little Isac Lake",67.941083,-160.797111,210,"north",NA,NA,"sedlac",1634,0,NA,"Higuera,P.E.;Chipman,M.L.;Barnes,J.L.;Urban,M.A.;Hu,F.S.;. Little Isac Lake. NOAA/WDS Paleoclimatology IMPD study 17291",NA,NA,NA,NA,NA,NA,NA,NA,NA,NA,NA,NA,NA,NA,"https://www.ncei.noaa.gov/access/paleo-search/study/17291",NA,NA,NA,NA,"noaa_study_id=17291; original pub in IMPD datafile header","IMPDv1:IMPD_17291",1634,"Hu,F.S.",1,"Hu","F.S.",NA,NA,NA,NA,NA,NA,NA,NA,NA,"IMPDv1:IMPD_17291",1634,"IMPDv1","IMPD_17291",NA,97,97,"cm",NA,"Radiocarbon","wood fragments",2490,35,2576,NA,"CAMS 136548",TRUE,NA,"na Date is in uncalibrated radiocarbon years.","Little Isac Lake_SIEVED","counted","NaN-NaN",NA,NA,"",2490,2455,2525,2490,97,NA,"na Date is in uncalibrated radiocarbon years.",". Cal curve: NA. Source DB: IMPDv1","Lacustrine","Carbon-14","Radiocarbon",-50.03,2994.09,"Calibrated radiocarbon years BP","sedimentary charcoal","Data Sourcing: IMPDv1 #charcoal_recommendedformat","Sample Age Source: IMPDv1"
"1634",169,"charcoal | num",49.75,49.875,50,0.25,2724.37,2717.82316,2730.918387,"IMPDv1","Charcoal (sum)","(additional options)",NA,NA,"False","False","number","Macroscopic charcoal (sieved)","direct",NA,"CHAR",2,NA,NA,"quant_raw",3,"volume","cm^3","IMPDv1","IMPD_17291","charcoal","count","char","wet_sieve","particle","num","count","no_size","num","IMPDv1","measured",1,"IMPDv1",NA,"Little Isac Lake",67.941083,-160.797111,210,"north",NA,NA,"sedlac",1634,0,NA,"Higuera,P.E.;Chipman,M.L.;Barnes,J.L.;Urban,M.A.;Hu,F.S.;. Little Isac Lake. NOAA/WDS Paleoclimatology IMPD study 17291",NA,NA,NA,NA,NA,NA,NA,NA,NA,NA,NA,NA,NA,NA,"https://www.ncei.noaa.gov/access/paleo-search/study/17291",NA,NA,NA,NA,"noaa_study_id=17291; original pub in IMPD datafile header","IMPDv1:IMPD_17291",1634,"Hu,F.S.",1,"Hu","F.S.",NA,NA,NA,NA,NA,NA,NA,NA,NA,"IMPDv1:IMPD_17291",1634,"IMPDv1","IMPD_17291",NA,118,118,"cm",NA,"Radiocarbon","wood and bark",3570,45,3868,NA,"CAMS 137916",TRUE,NA,"na Date is in uncalibrated radiocarbon years.","Little Isac Lake_SIEVED","counted","NaN-NaN",NA,NA,"",3570,3525,3615,3570,118,NA,"na Date is in uncalibrated radiocarbon years.",". Cal curve: NA. Source DB: IMPDv1","Lacustrine","Carbon-14","Radiocarbon",-50.03,2994.09,"Calibrated radiocarbon years BP","sedimentary charcoal","Data Sourcing: IMPDv1 #charcoal_recommendedformat","Sample Age Source: IMPDv1"
"1634",170,"charcoal | num",50,50.125,50.25,0.25,2737.45,2730.918387,2743.990493,"IMPDv1","Charcoal (sum)","(additional options)",NA,NA,"False","False","number","Macroscopic charcoal (sieved)","direct",NA,"CHAR",8,NA,NA,"quant_raw",3,"volume","cm^3","IMPDv1","IMPD_17291","charcoal","count","char","wet_sieve","particle","num","count","no_size","num","IMPDv1","measured",1,"IMPDv1",NA,"Little Isac Lake",67.941083,-160.797111,210,"north",NA,NA,"sedlac",1634,0,NA,"Higuera,P.E.;Chipman,M.L.;Barnes,J.L.;Urban,M.A.;Hu,F.S.;. Little Isac Lake. NOAA/WDS Paleoclimatology IMPD study 17291",NA,NA,NA,NA,NA,NA,NA,NA,NA,NA,NA,NA,NA,NA,"https://www.ncei.noaa.gov/access/paleo-search/study/17291",NA,NA,NA,NA,"noaa_study_id=17291; original pub in IMPD datafile header","IMPDv1:IMPD_17291",1634,"Hu,F.S.",1,"Hu","F.S.",NA,NA,NA,NA,NA,NA,NA,NA,NA,"IMPDv1:IMPD_17291",1634,"IMPDv1","IMPD_17291",NA,132.25,132.25,"cm",NA,"Radiocarbon","wood and bark",3685,40,4024,NA,"CAMS 137915",TRUE,NA,"na Date is in uncalibrated radiocarbon years.","Little Isac Lake_SIEVED","counted","NaN-NaN",NA,NA,"",3685,3645,3725,3685,132.25,NA,"na Date is in uncalibrated radiocarbon years.",". Cal curve: NA. Source DB: IMPDv1","Lacustrine","Carbon-14","Radiocarbon",-50.03,2994.09,"Calibrated radiocarbon years BP","sedimentary charcoal","Data Sourcing: IMPDv1 #charcoal_recommendedformat","Sample Age Source: IMPDv1"
"1634",171,"charcoal | num",50.25,50.375,50.5,0.25,2750.51,2743.990493,2757.039319,"IMPDv1","Charcoal (sum)","(additional options)",NA,NA,"False","False","number","Macroscopic charcoal (sieved)","direct",NA,"CHAR",8,NA,NA,"quant_raw",3,"volume","cm^3","IMPDv1","IMPD_17291","charcoal","count","char","wet_sieve","particle","num","count","no_size","num","IMPDv1","measured",1,"IMPDv1",NA,"Little Isac Lake",67.941083,-160.797111,210,"north",NA,NA,"sedlac",1634,0,NA,"Higuera,P.E.;Chipman,M.L.;Barnes,J.L.;Urban,M.A.;Hu,F.S.;. Little Isac Lake. NOAA/WDS Paleoclimatology IMPD study 17291",NA,NA,NA,NA,NA,NA,NA,NA,NA,NA,NA,NA,NA,NA,"https://www.ncei.noaa.gov/access/paleo-search/study/17291",NA,NA,NA,NA,"noaa_study_id=17291; original pub in IMPD datafile header","IMPDv1:IMPD_17291",1634,"Hu,F.S.",1,"Hu","F.S.",NA,NA,NA,NA,NA,NA,NA,NA,NA,"IMPDv1:IMPD_17291",1634,"IMPDv1","IMPD_17291",NA,169,169,"cm",NA,"Radiocarbon","wood fragments",4805,35,5517,NA,"CAMS 136549",TRUE,NA,"na Date is in uncalibrated radiocarbon years.","Little Isac Lake_SIEVED","counted","NaN-NaN",NA,NA,"",4805,4770,4840,4805,169,NA,"na Date is in uncalibrated radiocarbon years.",". Cal curve: NA. Source DB: IMPDv1","Lacustrine","Carbon-14","Radiocarbon",-50.03,2994.09,"Calibrated radiocarbon years BP","sedimentary charcoal","Data Sourcing: IMPDv1 #charcoal_recommendedformat","Sample Age Source: IMPDv1"
"1634",172,"charcoal | num",50.5,50.625,50.75,0.25,2763.55,2757.039319,2770.064704,"IMPDv1","Charcoal (sum)","(additional options)",NA,NA,"False","False","number","Macroscopic charcoal (sieved)","direct",NA,"CHAR",5,NA,NA,"quant_raw",3,"volume","cm^3","IMPDv1","IMPD_17291","charcoal","count","char","wet_sieve","particle","num","count","no_size","num","IMPDv1","measured",1,"IMPDv1",NA,"Little Isac Lake",67.941083,-160.797111,210,"north",NA,NA,"sedlac",1634,0,NA,"Higuera,P.E.;Chipman,M.L.;Barnes,J.L.;Urban,M.A.;Hu,F.S.;. Little Isac Lake. NOAA/WDS Paleoclimatology IMPD study 17291",NA,NA,NA,NA,NA,NA,NA,NA,NA,NA,NA,NA,NA,NA,"https://www.ncei.noaa.gov/access/paleo-search/study/17291",NA,NA,NA,NA,"noaa_study_id=17291; original pub in IMPD datafile header","IMPDv1:IMPD_17291",1634,"Hu,F.S.",1,"Hu","F.S.",NA,NA,NA,NA,NA,NA,NA,NA,NA,"IMPDv1:IMPD_17291",1634,"IMPDv1","IMPD_17291",NA,182.25,182.25,"cm",NA,"Radiocarbon","wood",5975,35,6812,NA,"CAMS 137917",TRUE,NA,"na Date is in uncalibrated radiocarbon years.","Little Isac Lake_SIEVED","counted","NaN-NaN",NA,NA,"",5975,5940,6010,5975,182.25,NA,"na Date is in uncalibrated radiocarbon years.",". Cal curve: NA. Source DB: IMPDv1","Lacustrine","Carbon-14","Radiocarbon",-50.03,2994.09,"Calibrated radiocarbon years BP","sedimentary charcoal","Data Sourcing: IMPDv1 #charcoal_recommendedformat","Sample Age Source: IMPDv1"
"1634",173,"charcoal | num",50.75,50.875,51,0.25,2776.57,2770.064704,2783.066488,"IMPDv1","Charcoal (sum)","(additional options)",NA,NA,"False","False","number","Macroscopic charcoal (sieved)","direct",NA,"CHAR",5,NA,NA,"quant_raw",3,"volume","cm^3","IMPDv1","IMPD_17291","charcoal","count","char","wet_sieve","particle","num","count","no_size","num","IMPDv1","measured",1,"IMPDv1",NA,"Little Isac Lake",67.941083,-160.797111,210,"north",NA,NA,"sedlac",1634,0,NA,"Higuera,P.E.;Chipman,M.L.;Barnes,J.L.;Urban,M.A.;Hu,F.S.;. Little Isac Lake. NOAA/WDS Paleoclimatology IMPD study 17291",NA,NA,NA,NA,NA,NA,NA,NA,NA,NA,NA,NA,NA,NA,"https://www.ncei.noaa.gov/access/paleo-search/study/17291",NA,NA,NA,NA,"noaa_study_id=17291; original pub in IMPD datafile header","IMPDv1:IMPD_17291",1634,"Hu,F.S.",1,"Hu","F.S.",NA,NA,NA,NA,NA,NA,NA,NA,NA,"IMPDv1:IMPD_17291",1634,"IMPDv1","IMPD_17291",NA,0,0,"cm",NA,"Radiocarbon","bulk sediment",22.8,1.58,-50,NA,"UIUC K3-1",TRUE,NA,"na Date is in uncalibrated radiocarbon years.","Little Isac Lake_SIEVED","counted","NaN-NaN",NA,NA,"",22.8,21.22,24.38,22.8,0,NA,"na Date is in uncalibrated radiocarbon years.",". Cal curve: NA. Source DB: IMPDv1","Lacustrine","Carbon-14","Radiocarbon",-50.03,2994.09,"Calibrated radiocarbon years BP","sedimentary charcoal","Data Sourcing: IMPDv1 #charcoal_recommendedformat","Sample Age Source: IMPDv1"
"1634",174,"charcoal | num",51,51.125,51.25,0.25,2789.56,2783.066488,2796.044512,"IMPDv1","Charcoal (sum)","(additional options)",NA,NA,"False","False","number","Macroscopic charcoal (sieved)","direct",NA,"CHAR",5,NA,NA,"quant_raw",3,"volume","cm^3","IMPDv1","IMPD_17291","charcoal","count","char","wet_sieve","particle","num","count","no_size","num","IMPDv1","measured",1,"IMPDv1",NA,"Little Isac Lake",67.941083,-160.797111,210,"north",NA,NA,"sedlac",1634,0,NA,"Higuera,P.E.;Chipman,M.L.;Barnes,J.L.;Urban,M.A.;Hu,F.S.;. Little Isac Lake. NOAA/WDS Paleoclimatology IMPD study 17291",NA,NA,NA,NA,NA,NA,NA,NA,NA,NA,NA,NA,NA,NA,"https://www.ncei.noaa.gov/access/paleo-search/study/17291",NA,NA,NA,NA,"noaa_study_id=17291; original pub in IMPD datafile header","IMPDv1:IMPD_17291",1634,"Hu,F.S.",1,"Hu","F.S.",NA,NA,NA,NA,NA,NA,NA,NA,NA,"IMPDv1:IMPD_17291",1634,"IMPDv1","IMPD_17291",NA,1.46,1.46,"cm",NA,"Radiocarbon","bulk sediment",22.52,1.71,-40,NA,"UIUC K3-2",TRUE,NA,"na Date is in uncalibrated radiocarbon years.","Little Isac Lake_SIEVED","counted","NaN-NaN",NA,NA,"",22.52,20.81,24.23,22.52,1.46,NA,"na Date is in uncalibrated radiocarbon years.",". Cal curve: NA. Source DB: IMPDv1","Lacustrine","Carbon-14","Radiocarbon",-50.03,2994.09,"Calibrated radiocarbon years BP","sedimentary charcoal","Data Sourcing: IMPDv1 #charcoal_recommendedformat","Sample Age Source: IMPDv1"
"1634",175,"charcoal | num",51.25,51.375,51.5,0.25,2802.52,2796.044512,2808.998613,"IMPDv1","Charcoal (sum)","(additional options)",NA,NA,"False","False","number","Macroscopic charcoal (sieved)","direct",NA,"CHAR",12,NA,NA,"quant_raw",3,"volume","cm^3","IMPDv1","IMPD_17291","charcoal","count","char","wet_sieve","particle","num","count","no_size","num","IMPDv1","measured",1,"IMPDv1",NA,"Little Isac Lake",67.941083,-160.797111,210,"north",NA,NA,"sedlac",1634,0,NA,"Higuera,P.E.;Chipman,M.L.;Barnes,J.L.;Urban,M.A.;Hu,F.S.;. Little Isac Lake. NOAA/WDS Paleoclimatology IMPD study 17291",NA,NA,NA,NA,NA,NA,NA,NA,NA,NA,NA,NA,NA,NA,"https://www.ncei.noaa.gov/access/paleo-search/study/17291",NA,NA,NA,NA,"noaa_study_id=17291; original pub in IMPD datafile header","IMPDv1:IMPD_17291",1634,"Hu,F.S.",1,"Hu","F.S.",NA,NA,NA,NA,NA,NA,NA,NA,NA,"IMPDv1:IMPD_17291",1634,"IMPDv1","IMPD_17291",NA,2.92,2.92,"cm",NA,"Radiocarbon","bulk sediment",20.7,1.32,-25,NA,"UIUC K3-3",TRUE,NA,"na Date is in uncalibrated radiocarbon years.","Little Isac Lake_SIEVED","counted","NaN-NaN",NA,NA,"",20.7,19.38,22.02,20.7,2.92,NA,"na Date is in uncalibrated radiocarbon years.",". Cal curve: NA. Source DB: IMPDv1","Lacustrine","Carbon-14","Radiocarbon",-50.03,2994.09,"Calibrated radiocarbon years BP","sedimentary charcoal","Data Sourcing: IMPDv1 #charcoal_recommendedformat","Sample Age Source: IMPDv1"
"1634",176,"charcoal | num",51.5,51.625,51.75,0.25,2815.46,2808.998613,2821.928633,"IMPDv1","Charcoal (sum)","(additional options)",NA,NA,"False","False","number","Macroscopic charcoal (sieved)","direct",NA,"CHAR",9,NA,NA,"quant_raw",3,"volume","cm^3","IMPDv1","IMPD_17291","charcoal","count","char","wet_sieve","particle","num","count","no_size","num","IMPDv1","measured",1,"IMPDv1",NA,"Little Isac Lake",67.941083,-160.797111,210,"north",NA,NA,"sedlac",1634,0,NA,"Higuera,P.E.;Chipman,M.L.;Barnes,J.L.;Urban,M.A.;Hu,F.S.;. Little Isac Lake. NOAA/WDS Paleoclimatology IMPD study 17291",NA,NA,NA,NA,NA,NA,NA,NA,NA,NA,NA,NA,NA,NA,"https://www.ncei.noaa.gov/access/paleo-search/study/17291",NA,NA,NA,NA,"noaa_study_id=17291; original pub in IMPD datafile header","IMPDv1:IMPD_17291",1634,"Hu,F.S.",1,"Hu","F.S.",NA,NA,NA,NA,NA,NA,NA,NA,NA,"IMPDv1:IMPD_17291",1634,"IMPDv1","IMPD_17291",NA,4.38,4.38,"cm",NA,"Radiocarbon","bulk sediment",16.52,1.17,3,NA,"UIUC K3-4",TRUE,NA,"na Date is in uncalibrated radiocarbon years.","Little Isac Lake_SIEVED","counted","NaN-NaN",NA,NA,"",16.52,15.35,17.69,16.52,4.38,NA,"na Date is in uncalibrated radiocarbon years.",". Cal curve: NA. Source DB: IMPDv1","Lacustrine","Carbon-14","Radiocarbon",-50.03,2994.09,"Calibrated radiocarbon years BP","sedimentary charcoal","Data Sourcing: IMPDv1 #charcoal_recommendedformat","Sample Age Source: IMPDv1"
"1634",177,"charcoal | num",51.75,51.875,52,0.25,2828.38,2821.928633,2834.834411,"IMPDv1","Charcoal (sum)","(additional options)",NA,NA,"False","False","number","Macroscopic charcoal (sieved)","direct",NA,"CHAR",16,NA,NA,"quant_raw",3,"volume","cm^3","IMPDv1","IMPD_17291","charcoal","count","char","wet_sieve","particle","num","count","no_size","num","IMPDv1","measured",1,"IMPDv1",NA,"Little Isac Lake",67.941083,-160.797111,210,"north",NA,NA,"sedlac",1634,0,NA,"Higuera,P.E.;Chipman,M.L.;Barnes,J.L.;Urban,M.A.;Hu,F.S.;. Little Isac Lake. NOAA/WDS Paleoclimatology IMPD study 17291",NA,NA,NA,NA,NA,NA,NA,NA,NA,NA,NA,NA,NA,NA,"https://www.ncei.noaa.gov/access/paleo-search/study/17291",NA,NA,NA,NA,"noaa_study_id=17291; original pub in IMPD datafile header","IMPDv1:IMPD_17291",1634,"Hu,F.S.",1,"Hu","F.S.",NA,NA,NA,NA,NA,NA,NA,NA,NA,"IMPDv1:IMPD_17291",1634,"IMPDv1","IMPD_17291",NA,5.85,5.85,"cm",NA,"Radiocarbon","bulk sediment",7.89,0.61,36,NA,"UIUC K3-5",TRUE,NA,"na Date is in uncalibrated radiocarbon years.","Little Isac Lake_SIEVED","counted","NaN-NaN",NA,NA,"",7.89,7.28,8.5,7.89,5.85,NA,"na Date is in uncalibrated radiocarbon years.",". Cal curve: NA. Source DB: IMPDv1","Lacustrine","Carbon-14","Radiocarbon",-50.03,2994.09,"Calibrated radiocarbon years BP","sedimentary charcoal","Data Sourcing: IMPDv1 #charcoal_recommendedformat","Sample Age Source: IMPDv1"
"1634",178,"charcoal | num",52,52.125,52.25,0.25,2841.28,2834.834411,2847.715786,"IMPDv1","Charcoal (sum)","(additional options)",NA,NA,"False","False","number","Macroscopic charcoal (sieved)","direct",NA,"CHAR",21,NA,NA,"quant_raw",3,"volume","cm^3","IMPDv1","IMPD_17291","charcoal","count","char","wet_sieve","particle","num","count","no_size","num","IMPDv1","measured",1,"IMPDv1",NA,"Little Isac Lake",67.941083,-160.797111,210,"north",NA,NA,"sedlac",1634,0,NA,"Higuera,P.E.;Chipman,M.L.;Barnes,J.L.;Urban,M.A.;Hu,F.S.;. Little Isac Lake. NOAA/WDS Paleoclimatology IMPD study 17291",NA,NA,NA,NA,NA,NA,NA,NA,NA,NA,NA,NA,NA,NA,"https://www.ncei.noaa.gov/access/paleo-search/study/17291",NA,NA,NA,NA,"noaa_study_id=17291; original pub in IMPD datafile header","IMPDv1:IMPD_17291",1634,"Hu,F.S.",1,"Hu","F.S.",NA,NA,NA,NA,NA,NA,NA,NA,NA,"IMPDv1:IMPD_17291",1634,"IMPDv1","IMPD_17291",NA,7.31,7.31,"cm",NA,"Radiocarbon","bulk sediment",3.43,0.26,63,NA,"UIUC K3-6",TRUE,NA,"na Date is in uncalibrated radiocarbon years.","Little Isac Lake_SIEVED","counted","NaN-NaN",NA,NA,"",3.43,3.17,3.69,3.43,7.31,NA,"na Date is in uncalibrated radiocarbon years.",". Cal curve: NA. Source DB: IMPDv1","Lacustrine","Carbon-14","Radiocarbon",-50.03,2994.09,"Calibrated radiocarbon years BP","sedimentary charcoal","Data Sourcing: IMPDv1 #charcoal_recommendedformat","Sample Age Source: IMPDv1"
"1634",179,"charcoal | num",52.25,52.375,52.5,0.25,2854.14,2847.715786,2860.572604,"IMPDv1","Charcoal (sum)","(additional options)",NA,NA,"False","False","number","Macroscopic charcoal (sieved)","direct",NA,"CHAR",8,NA,NA,"quant_raw",3,"volume","cm^3","IMPDv1","IMPD_17291","charcoal","count","char","wet_sieve","particle","num","count","no_size","num","IMPDv1","measured",1,"IMPDv1",NA,"Little Isac Lake",67.941083,-160.797111,210,"north",NA,NA,"sedlac",1634,0,NA,"Higuera,P.E.;Chipman,M.L.;Barnes,J.L.;Urban,M.A.;Hu,F.S.;. Little Isac Lake. NOAA/WDS Paleoclimatology IMPD study 17291",NA,NA,NA,NA,NA,NA,NA,NA,NA,NA,NA,NA,NA,NA,"https://www.ncei.noaa.gov/access/paleo-search/study/17291",NA,NA,NA,NA,"noaa_study_id=17291; original pub in IMPD datafile header","IMPDv1:IMPD_17291",1634,"Hu,F.S.",1,"Hu","F.S.",NA,NA,NA,NA,NA,NA,NA,NA,NA,"IMPDv1:IMPD_17291",1634,"IMPDv1","IMPD_17291",NA,8.77,8.77,"cm",NA,"Radiocarbon","bulk sediment",2.59,0.25,94,NA,"UIUC K3-7",TRUE,NA,"na Date is in uncalibrated radiocarbon years.","Little Isac Lake_SIEVED","counted","NaN-NaN",NA,NA,"",2.59,2.34,2.84,2.59,8.77,NA,"na Date is in uncalibrated radiocarbon years.",". Cal curve: NA. Source DB: IMPDv1","Lacustrine","Carbon-14","Radiocarbon",-50.03,2994.09,"Calibrated radiocarbon years BP","sedimentary charcoal","Data Sourcing: IMPDv1 #charcoal_recommendedformat","Sample Age Source: IMPDv1"
"1634",180,"charcoal | num",52.5,52.625,52.75,0.25,2866.99,2860.572604,2873.404808,"IMPDv1","Charcoal (sum)","(additional options)",NA,NA,"False","False","number","Macroscopic charcoal (sieved)","direct",NA,"CHAR",10,NA,NA,"quant_raw",3,"volume","cm^3","IMPDv1","IMPD_17291","charcoal","count","char","wet_sieve","particle","num","count","no_size","num","IMPDv1","measured",1,"IMPDv1",NA,"Little Isac Lake",67.941083,-160.797111,210,"north",NA,NA,"sedlac",1634,0,NA,"Higuera,P.E.;Chipman,M.L.;Barnes,J.L.;Urban,M.A.;Hu,F.S.;. Little Isac Lake. NOAA/WDS Paleoclimatology IMPD study 17291",NA,NA,NA,NA,NA,NA,NA,NA,NA,NA,NA,NA,NA,NA,"https://www.ncei.noaa.gov/access/paleo-search/study/17291",NA,NA,NA,NA,"noaa_study_id=17291; original pub in IMPD datafile header","IMPDv1:IMPD_17291",1634,"Hu,F.S.",1,"Hu","F.S.",NA,NA,NA,NA,NA,NA,NA,NA,NA,"IMPDv1:IMPD_17291",1634,"IMPDv1","IMPD_17291",NA,10.23,10.23,"cm",NA,"Radiocarbon","bulk sediment",1.82,0.15,NA,NA,"UIUC K3-8",TRUE,NA,"na Date is in uncalibrated radiocarbon years.","Little Isac Lake_SIEVED","counted","NaN-NaN",NA,NA,"",1.82,1.67,1.97,1.82,10.23,NA,"na Date is in uncalibrated radiocarbon years.",". Cal curve: NA. Source DB: IMPDv1","Lacustrine","Carbon-14","Radiocarbon",-50.03,2994.09,"Calibrated radiocarbon years BP","sedimentary charcoal","Data Sourcing: IMPDv1 #charcoal_recommendedformat","Sample Age Source: IMPDv1"
"1634",181,"charcoal | num",52.75,52.875,53,0.25,2879.81,2873.404808,2886.212446,"IMPDv1","Charcoal (sum)","(additional options)",NA,NA,"False","False","number","Macroscopic charcoal (sieved)","direct",NA,"CHAR",7,NA,NA,"quant_raw",3,"volume","cm^3","IMPDv1","IMPD_17291","charcoal","count","char","wet_sieve","particle","num","count","no_size","num","IMPDv1","measured",1,"IMPDv1",NA,"Little Isac Lake",67.941083,-160.797111,210,"north",NA,NA,"sedlac",1634,0,NA,"Higuera,P.E.;Chipman,M.L.;Barnes,J.L.;Urban,M.A.;Hu,F.S.;. Little Isac Lake. NOAA/WDS Paleoclimatology IMPD study 17291",NA,NA,NA,NA,NA,NA,NA,NA,NA,NA,NA,NA,NA,NA,"https://www.ncei.noaa.gov/access/paleo-search/study/17291",NA,NA,NA,NA,"noaa_study_id=17291; original pub in IMPD datafile header","IMPDv1:IMPD_17291",1634,"Hu,F.S.",1,"Hu","F.S.",NA,NA,NA,NA,NA,NA,NA,NA,NA,"IMPDv1:IMPD_17291",1634,"IMPDv1","IMPD_17291",NA,11.69,11.69,"cm",NA,"Radiocarbon","bulk sediment",1.85,0.2,NA,NA,"UIUC K3-9",TRUE,NA,"na Date is in uncalibrated radiocarbon years.","Little Isac Lake_SIEVED","counted","NaN-NaN",NA,NA,"",1.85,1.65,2.05,1.85,11.69,NA,"na Date is in uncalibrated radiocarbon years.",". Cal curve: NA. Source DB: IMPDv1","Lacustrine","Carbon-14","Radiocarbon",-50.03,2994.09,"Calibrated radiocarbon years BP","sedimentary charcoal","Data Sourcing: IMPDv1 #charcoal_recommendedformat","Sample Age Source: IMPDv1"
"1634",182,"charcoal | num",53,53.125,53.25,0.25,2892.6,2886.212446,2898.995568,"IMPDv1","Charcoal (sum)","(additional options)",NA,NA,"False","False","number","Macroscopic charcoal (sieved)","direct",NA,"CHAR",6,NA,NA,"quant_raw",3,"volume","cm^3","IMPDv1","IMPD_17291","charcoal","count","char","wet_sieve","particle","num","count","no_size","num","IMPDv1","measured",1,"IMPDv1",NA,"Little Isac Lake",67.941083,-160.797111,210,"north",NA,NA,"sedlac",1634,0,NA,"Higuera,P.E.;Chipman,M.L.;Barnes,J.L.;Urban,M.A.;Hu,F.S.;. Little Isac Lake. NOAA/WDS Paleoclimatology IMPD study 17291",NA,NA,NA,NA,NA,NA,NA,NA,NA,NA,NA,NA,NA,NA,"https://www.ncei.noaa.gov/access/paleo-search/study/17291",NA,NA,NA,NA,"noaa_study_id=17291; original pub in IMPD datafile header","IMPDv1:IMPD_17291",1634,"Hu,F.S.",1,"Hu","F.S.",NA,NA,NA,NA,NA,NA,NA,NA,NA,"IMPDv1:IMPD_17291",1634,"IMPDv1","IMPD_17291",NA,13.15,13.15,"cm",NA,"Radiocarbon","bulk sediment",1.7,0.14,NA,NA,"UIUC K3-11",TRUE,NA,"na Date is in uncalibrated radiocarbon years.","Little Isac Lake_SIEVED","counted","NaN-NaN",NA,NA,"",1.7,1.56,1.84,1.7,13.15,NA,"na Date is in uncalibrated radiocarbon years.",". Cal curve: NA. Source DB: IMPDv1","Lacustrine","Carbon-14","Radiocarbon",-50.03,2994.09,"Calibrated radiocarbon years BP","sedimentary charcoal","Data Sourcing: IMPDv1 #charcoal_recommendedformat","Sample Age Source: IMPDv1"
"1634",183,"charcoal | num",53.25,53.375,53.5,0.25,2905.37,2898.995568,2911.754225,"IMPDv1","Charcoal (sum)","(additional options)",NA,NA,"False","False","number","Macroscopic charcoal (sieved)","direct",NA,"CHAR",5,NA,NA,"quant_raw",3,"volume","cm^3","IMPDv1","IMPD_17291","charcoal","count","char","wet_sieve","particle","num","count","no_size","num","IMPDv1","measured",1,"IMPDv1",NA,"Little Isac Lake",67.941083,-160.797111,210,"north",NA,NA,"sedlac",1634,0,NA,"Higuera,P.E.;Chipman,M.L.;Barnes,J.L.;Urban,M.A.;Hu,F.S.;. Little Isac Lake. NOAA/WDS Paleoclimatology IMPD study 17291",NA,NA,NA,NA,NA,NA,NA,NA,NA,NA,NA,NA,NA,NA,"https://www.ncei.noaa.gov/access/paleo-search/study/17291",NA,NA,NA,NA,"noaa_study_id=17291; original pub in IMPD datafile header","IMPDv1:IMPD_17291",1634,"Hu,F.S.",1,"Hu","F.S.",NA,NA,NA,NA,NA,NA,NA,NA,NA,"IMPDv1:IMPD_17291",1634,"IMPDv1","IMPD_17291",NA,14.62,14.62,"cm",NA,"Radiocarbon","bulk sediment",1.46,0.14,NA,NA,"UIUC K3-12",TRUE,NA,"na Date is in uncalibrated radiocarbon years.","Little Isac Lake_SIEVED","counted","NaN-NaN",NA,NA,"",1.46,1.32,1.6,1.46,14.62,NA,"na Date is in uncalibrated radiocarbon years.",". Cal curve: NA. Source DB: IMPDv1","Lacustrine","Carbon-14","Radiocarbon",-50.03,2994.09,"Calibrated radiocarbon years BP","sedimentary charcoal","Data Sourcing: IMPDv1 #charcoal_recommendedformat","Sample Age Source: IMPDv1"
"1634",184,"charcoal | num",53.5,53.625,53.75,0.25,2918.12,2911.754225,2924.488468,"IMPDv1","Charcoal (sum)","(additional options)",NA,NA,"False","False","number","Macroscopic charcoal (sieved)","direct",NA,"CHAR",4,NA,NA,"quant_raw",3,"volume","cm^3","IMPDv1","IMPD_17291","charcoal","count","char","wet_sieve","particle","num","count","no_size","num","IMPDv1","measured",1,"IMPDv1",NA,"Little Isac Lake",67.941083,-160.797111,210,"north",NA,NA,"sedlac",1634,0,NA,"Higuera,P.E.;Chipman,M.L.;Barnes,J.L.;Urban,M.A.;Hu,F.S.;. Little Isac Lake. NOAA/WDS Paleoclimatology IMPD study 17291",NA,NA,NA,NA,NA,NA,NA,NA,NA,NA,NA,NA,NA,NA,"https://www.ncei.noaa.gov/access/paleo-search/study/17291",NA,NA,NA,NA,"noaa_study_id=17291; original pub in IMPD datafile header","IMPDv1:IMPD_17291",1634,"Hu,F.S.",1,"Hu","F.S.",NA,NA,NA,NA,NA,NA,NA,NA,NA,"IMPDv1:IMPD_17291",1634,"IMPDv1","IMPD_17291",NA,16.08,16.08,"cm",NA,"Radiocarbon","bulk sediment",1.48,0.12,NA,NA,"UIUC K3-13",TRUE,NA,"na Date is in uncalibrated radiocarbon years.","Little Isac Lake_SIEVED","counted","NaN-NaN",NA,NA,"",1.48,1.36,1.6,1.48,16.08,NA,"na Date is in uncalibrated radiocarbon years.",". Cal curve: NA. Source DB: IMPDv1","Lacustrine","Carbon-14","Radiocarbon",-50.03,2994.09,"Calibrated radiocarbon years BP","sedimentary charcoal","Data Sourcing: IMPDv1 #charcoal_recommendedformat","Sample Age Source: IMPDv1"
"1634",185,"charcoal | num",53.75,53.875,54,0.25,2930.84,2924.488468,2937.198349,"IMPDv1","Charcoal (sum)","(additional options)",NA,NA,"False","False","number","Macroscopic charcoal (sieved)","direct",NA,"CHAR",10,NA,NA,"quant_raw",3,"volume","cm^3","IMPDv1","IMPD_17291","charcoal","count","char","wet_sieve","particle","num","count","no_size","num","IMPDv1","measured",1,"IMPDv1",NA,"Little Isac Lake",67.941083,-160.797111,210,"north",NA,NA,"sedlac",1634,0,NA,"Higuera,P.E.;Chipman,M.L.;Barnes,J.L.;Urban,M.A.;Hu,F.S.;. Little Isac Lake. NOAA/WDS Paleoclimatology IMPD study 17291",NA,NA,NA,NA,NA,NA,NA,NA,NA,NA,NA,NA,NA,NA,"https://www.ncei.noaa.gov/access/paleo-search/study/17291",NA,NA,NA,NA,"noaa_study_id=17291; original pub in IMPD datafile header","IMPDv1:IMPD_17291",1634,"Hu,F.S.",1,"Hu","F.S.",NA,NA,NA,NA,NA,NA,NA,NA,NA,"IMPDv1:IMPD_17291",1634,"IMPDv1","IMPD_17291",NA,17.54,17.54,"cm",NA,"Radiocarbon","bulk sediment",1.75,0.16,NA,NA,"UIUC K3-14",TRUE,NA,"na Date is in uncalibrated radiocarbon years.","Little Isac Lake_SIEVED","counted","NaN-NaN",NA,NA,"",1.75,1.59,1.91,1.75,17.54,NA,"na Date is in uncalibrated radiocarbon years.",". Cal curve: NA. Source DB: IMPDv1","Lacustrine","Carbon-14","Radiocarbon",-50.03,2994.09,"Calibrated radiocarbon years BP","sedimentary charcoal","Data Sourcing: IMPDv1 #charcoal_recommendedformat","Sample Age Source: IMPDv1"
"1634",186,"charcoal | num",54,54.125,54.25,0.25,2943.54,2937.198349,2949.883917,"IMPDv1","Charcoal (sum)","(additional options)",NA,NA,"False","False","number","Macroscopic charcoal (sieved)","direct",NA,"CHAR",8,NA,NA,"quant_raw",3,"volume","cm^3","IMPDv1","IMPD_17291","charcoal","count","char","wet_sieve","particle","num","count","no_size","num","IMPDv1","measured",1,"IMPDv1",NA,"Little Isac Lake",67.941083,-160.797111,210,"north",NA,NA,"sedlac",1634,0,NA,"Higuera,P.E.;Chipman,M.L.;Barnes,J.L.;Urban,M.A.;Hu,F.S.;. Little Isac Lake. NOAA/WDS Paleoclimatology IMPD study 17291",NA,NA,NA,NA,NA,NA,NA,NA,NA,NA,NA,NA,NA,NA,"https://www.ncei.noaa.gov/access/paleo-search/study/17291",NA,NA,NA,NA,"noaa_study_id=17291; original pub in IMPD datafile header","IMPDv1:IMPD_17291",1634,"Hu,F.S.",1,"Hu","F.S.",NA,NA,NA,NA,NA,NA,NA,NA,NA,"IMPDv1:IMPD_17291",1634,"IMPDv1","IMPD_17291",NA,19,19,"cm",NA,"Radiocarbon","bulk sediment",1.79,0.18,NA,NA,"UIUC K3-15",TRUE,NA,"na Date is in uncalibrated radiocarbon years.","Little Isac Lake_SIEVED","counted","NaN-NaN",NA,NA,"",1.79,1.61,1.97,1.79,19,NA,"na Date is in uncalibrated radiocarbon years.",". Cal curve: NA. Source DB: IMPDv1","Lacustrine","Carbon-14","Radiocarbon",-50.03,2994.09,"Calibrated radiocarbon years BP","sedimentary charcoal","Data Sourcing: IMPDv1 #charcoal_recommendedformat","Sample Age Source: IMPDv1"
"1634",187,"charcoal | num",54.25,54.375,54.5,0.25,2956.21,2949.883917,2962.545223,"IMPDv1","Charcoal (sum)","(additional options)",NA,NA,"False","False","number","Macroscopic charcoal (sieved)","direct",NA,"CHAR",3,NA,NA,"quant_raw",3,"volume","cm^3","IMPDv1","IMPD_17291","charcoal","count","char","wet_sieve","particle","num","count","no_size","num","IMPDv1","measured",1,"IMPDv1",NA,"Little Isac Lake",67.941083,-160.797111,210,"north",NA,NA,"sedlac",1634,0,NA,"Higuera,P.E.;Chipman,M.L.;Barnes,J.L.;Urban,M.A.;Hu,F.S.;. Little Isac Lake. NOAA/WDS Paleoclimatology IMPD study 17291",NA,NA,NA,NA,NA,NA,NA,NA,NA,NA,NA,NA,NA,NA,"https://www.ncei.noaa.gov/access/paleo-search/study/17291",NA,NA,NA,NA,"noaa_study_id=17291; original pub in IMPD datafile header","IMPDv1:IMPD_17291",1634,"Hu,F.S.",1,"Hu","F.S.",NA,NA,NA,NA,NA,NA,NA,NA,NA,"IMPDv1:IMPD_17291",1634,"IMPDv1","IMPD_17291",NA,20.46,20.46,"cm",NA,"Radiocarbon","bulk sediment",1.44,0.13,NA,NA,"UIUC K3-16",TRUE,NA,"na Date is in uncalibrated radiocarbon years.","Little Isac Lake_SIEVED","counted","NaN-NaN",NA,NA,"",1.44,1.31,1.57,1.44,20.46,NA,"na Date is in uncalibrated radiocarbon years.",". Cal curve: NA. Source DB: IMPDv1","Lacustrine","Carbon-14","Radiocarbon",-50.03,2994.09,"Calibrated radiocarbon years BP","sedimentary charcoal","Data Sourcing: IMPDv1 #charcoal_recommendedformat","Sample Age Source: IMPDv1"
"1634",188,"charcoal | num",54.5,54.625,54.75,0.25,2968.86,2962.545223,2975.18232,"IMPDv1","Charcoal (sum)","(additional options)",NA,NA,"False","False","number","Macroscopic charcoal (sieved)","direct",NA,"CHAR",5,NA,NA,"quant_raw",3,"volume","cm^3","IMPDv1","IMPD_17291","charcoal","count","char","wet_sieve","particle","num","count","no_size","num","IMPDv1","measured",1,"IMPDv1",NA,"Little Isac Lake",67.941083,-160.797111,210,"north",NA,NA,"sedlac",1634,0,NA,"Higuera,P.E.;Chipman,M.L.;Barnes,J.L.;Urban,M.A.;Hu,F.S.;. Little Isac Lake. NOAA/WDS Paleoclimatology IMPD study 17291",NA,NA,NA,NA,NA,NA,NA,NA,NA,NA,NA,NA,NA,NA,"https://www.ncei.noaa.gov/access/paleo-search/study/17291",NA,NA,NA,NA,"noaa_study_id=17291; original pub in IMPD datafile header","IMPDv1:IMPD_17291",1634,"Hu,F.S.",1,"Hu","F.S.",NA,NA,NA,NA,NA,NA,NA,NA,NA,"IMPDv1:IMPD_17291",1634,"IMPDv1","IMPD_17291",NA,21.92,21.92,"cm",NA,"Radiocarbon","bulk sediment",1.81,0.21,NA,NA,"UIUC K3-17",TRUE,NA,"na Date is in uncalibrated radiocarbon years.","Little Isac Lake_SIEVED","counted","NaN-NaN",NA,NA,"",1.81,1.6,2.02,1.81,21.92,NA,"na Date is in uncalibrated radiocarbon years.",". Cal curve: NA. Source DB: IMPDv1","Lacustrine","Carbon-14","Radiocarbon",-50.03,2994.09,"Calibrated radiocarbon years BP","sedimentary charcoal","Data Sourcing: IMPDv1 #charcoal_recommendedformat","Sample Age Source: IMPDv1"
"1634",189,"charcoal | num",54.75,54.875,55,0.25,2981.49,2975.18232,2987.795256,"IMPDv1","Charcoal (sum)","(additional options)",NA,NA,"False","False","number","Macroscopic charcoal (sieved)","direct",NA,"CHAR",8,NA,NA,"quant_raw",3,"volume","cm^3","IMPDv1","IMPD_17291","charcoal","count","char","wet_sieve","particle","num","count","no_size","num","IMPDv1","measured",1,"IMPDv1",NA,"Little Isac Lake",67.941083,-160.797111,210,"north",NA,NA,"sedlac",1634,0,NA,"Higuera,P.E.;Chipman,M.L.;Barnes,J.L.;Urban,M.A.;Hu,F.S.;. Little Isac Lake. NOAA/WDS Paleoclimatology IMPD study 17291",NA,NA,NA,NA,NA,NA,NA,NA,NA,NA,NA,NA,NA,NA,"https://www.ncei.noaa.gov/access/paleo-search/study/17291",NA,NA,NA,NA,"noaa_study_id=17291; original pub in IMPD datafile header","IMPDv1:IMPD_17291",1634,"Hu,F.S.",1,"Hu","F.S.",NA,NA,NA,NA,NA,NA,NA,NA,NA,"IMPDv1:IMPD_17291",1634,"IMPDv1","IMPD_17291",NA,23.38,23.38,"cm",NA,"Radiocarbon","bulk sediment",1.63,0.15,NA,NA,"UIUC K3-18",TRUE,NA,"na Date is in uncalibrated radiocarbon years.","Little Isac Lake_SIEVED","counted","NaN-NaN",NA,NA,"",1.63,1.48,1.78,1.63,23.38,NA,"na Date is in uncalibrated radiocarbon years.",". Cal curve: NA. Source DB: IMPDv1","Lacustrine","Carbon-14","Radiocarbon",-50.03,2994.09,"Calibrated radiocarbon years BP","sedimentary charcoal","Data Sourcing: IMPDv1 #charcoal_recommendedformat","Sample Age Source: IMPDv1"
"1634",190,"charcoal | num",55,55.125,55.25,0.25,2994.09,2987.795256,3000.384084,"IMPDv1","Charcoal (sum)","(additional options)",NA,NA,"False","False","number","Macroscopic charcoal (sieved)","direct",NA,"CHAR",7,NA,NA,"quant_raw",3,"volume","cm^3","IMPDv1","IMPD_17291","charcoal","count","char","wet_sieve","particle","num","count","no_size","num","IMPDv1","measured",1,"IMPDv1",NA,"Little Isac Lake",67.941083,-160.797111,210,"north",NA,NA,"sedlac",1634,0,NA,"Higuera,P.E.;Chipman,M.L.;Barnes,J.L.;Urban,M.A.;Hu,F.S.;. Little Isac Lake. NOAA/WDS Paleoclimatology IMPD study 17291",NA,NA,NA,NA,NA,NA,NA,NA,NA,NA,NA,NA,NA,NA,"https://www.ncei.noaa.gov/access/paleo-search/study/17291",NA,NA,NA,NA,"noaa_study_id=17291; original pub in IMPD datafile header","IMPDv1:IMPD_17291",1634,"Higuera,P.E.",1,"Higuera","P.E.",NA,NA,NA,NA,NA,NA,NA,NA,NA,"IMPDv1:IMPD_17291",1634,"IMPDv1","IMPD_17291",NA,26,26,"cm",NA,"Radiocarbon","twig w/bark",835,30,740,NA,"CAMS 149210",TRUE,NA,"na Date is in uncalibrated radiocarbon years.","Little Isac Lake_SIEVED","counted","NaN-NaN",NA,NA,"",835,805,865,835,26,NA,"na Date is in uncalibrated radiocarbon years.",". Cal curve: NA. Source DB: IMPDv1","Lacustrine","Carbon-14","Radiocarbon",-50.03,2994.09,"Calibrated radiocarbon years BP","sedimentary charcoal","Data Sourcing: IMPDv1 #charcoal_recommendedformat","Sample Age Source: IMPDv1"
