"cluster_id_entity","usample","channel","depth_top_cm","depth_mid_cm","depth_bot_cm","thick_cm","age_mid_cal_yr_bp","age_top_cal_yr_bp","age_bot_cal_yr_bp","age_source","NAME","ELEMENT","size_min_um","size_max_um","size_min_open","size_max_open","UNITS","CONTEXT","context_source","TAPHONOMY","GROUP","value","value_orig","value_conversion","value_source_column","sample_quantity_value","sample_quantity_ELEMENT","sample_quantity_UNITS","data_source","data_entity","original_fire_proxy","original_meas_type","original_meas_detail","original_meas_method","original_proxy_class","original_quant_units","original_quant_units_raw","parsed_size_token","parsed_unit_token","depth_source","depth_repair_method","n_db_contrib","db_contrib","vocab_flags","entity_name","lat_dd_north","lon_dd_east","elev_m","hemisphere","country_entity","location_desc","depo_context","cluster_id","pubtypeid","year","citation","articletitle","journal","volume","issue","pages","citationnumber","doi","booktitle","numvolumes","edition","volumetitle","seriestitle","seriesvolume","publisher","url_pub","city","state","country","originallanguage","notes_pub","pub_source","cluster_id_contact","contactname","contactstatusid","familyname","leadinginitials","givennames","suffix","title","phone","fax","email","url","address","notes","contact_source","cluster_id_geo","db_geo","source_entity","date_id","depth_cm_geo","depth_orig_geo","depth_unit_geo","thick_cm_geo","date_type","material","age_14C","error","cal_age_geo","cal_curve","lab_number","included","exclude_reason","notes_geo","datasetname","controlled_units","controlled_element","X","X.1","X.2","age_geo","chroncontrol_limityounger","chroncontrol_limitolder","chroncontrol_age","chroncontrol_depth","chroncontrol_thickness","chroncontrol_comments","chronology_notes_full","controlled_dep","neotoma_geochrontype","neotoma_chroncontroltypes","ageboundyounger","ageboundolder","agetype","datasettype","datasetnotes_full","samplenotes_full"
"1637",0,"charcoal | num",0,0.25,0.5,0.5,-52,-53,-51,"IMPDv1","Charcoal (sum)","(additional options)",NA,NA,"False","False","number","Macroscopic charcoal (sieved)","direct",NA,"CHAR",4,NA,NA,"quant_raw",5,"volume","cm^3","IMPDv1","IMPD_16657","charcoal","count","char","wet_sieve","particle","num","count","no_size","num","IMPDv1","measured",1,"IMPDv1",NA,"Xindi - charcoal db",67.111667,-159.491667,NA,"north",NA,NA,"sedlac",1637,0,NA,"Higuera,P.E.;Brubaker,L.B.;Anderson,P.M.;Hu,F.S.;Brown,T.A.;. Xindi - charcoal db. NOAA/WDS Paleoclimatology IMPD study 16657",NA,NA,NA,NA,NA,NA,NA,NA,NA,NA,NA,NA,NA,NA,"https://www.ncei.noaa.gov/access/paleo-search/study/16657",NA,NA,NA,NA,"noaa_study_id=16657; original pub in IMPD datafile header","IMPDv1:IMPD_16657",1637,"Higuera,P.E.",1,"Higuera","P.E.",NA,NA,NA,NA,NA,NA,NA,NA,NA,"IMPDv1:IMPD_16657",1637,"IMPDv1","IMPD_16657",NA,16.6,16.6,"cm",NA,"Radiocarbon","concentrated charcoal",600,100,594,NA,"CAMS 106161",TRUE,NA,"na Date is in uncalibrated radiocarbon years.","Xindi - charcoal db_SIEVED","counted","NaN-NaN",NA,NA,"",600,500,700,600,16.6,NA,"na Date is in uncalibrated radiocarbon years.",". Cal curve: NA. Source DB: IMPDv1","Lacustrine","Carbon-14","Radiocarbon",-52,18017,"Calibrated radiocarbon years BP","sedimentary charcoal","Data Sourcing: IMPDv1 #charcoal_recommendedformat","Sample Age Source: IMPDv1"
"1637",1,"charcoal | num",0.5,0.75,1,0.5,-48.5,-51,-46,"IMPDv1","Charcoal (sum)","(additional options)",NA,NA,"False","False","number","Macroscopic charcoal (sieved)","direct",NA,"CHAR",11,NA,NA,"quant_raw",5,"volume","cm^3","IMPDv1","IMPD_16657","charcoal","count","char","wet_sieve","particle","num","count","no_size","num","IMPDv1","measured",1,"IMPDv1",NA,"Xindi - charcoal db",67.111667,-159.491667,NA,"north",NA,NA,"sedlac",1637,0,NA,"Higuera,P.E.;Brubaker,L.B.;Anderson,P.M.;Hu,F.S.;Brown,T.A.;. Xindi - charcoal db. NOAA/WDS Paleoclimatology IMPD study 16657",NA,NA,NA,NA,NA,NA,NA,NA,NA,NA,NA,NA,NA,NA,"https://www.ncei.noaa.gov/access/paleo-search/study/16657",NA,NA,NA,NA,"noaa_study_id=16657; original pub in IMPD datafile header","IMPDv1:IMPD_16657",1637,"Higuera,P.E.",1,"Higuera","P.E.",NA,NA,NA,NA,NA,NA,NA,NA,NA,"IMPDv1:IMPD_16657",1637,"IMPDv1","IMPD_16657",NA,16.6,16.6,"cm",NA,"Radiocarbon","concentrated charcoal",600,100,594,NA,"CAMS 106161",TRUE,NA,"na Date is in uncalibrated radiocarbon years.","Xindi - charcoal db_SIEVED","counted","NaN-NaN",NA,NA,"",600,500,700,600,16.6,NA,"na Date is in uncalibrated radiocarbon years.",". Cal curve: NA. Source DB: IMPDv1","Lacustrine","Carbon-14","Radiocarbon",-52,18017,"Calibrated radiocarbon years BP","sedimentary charcoal","Data Sourcing: IMPDv1 #charcoal_recommendedformat","Sample Age Source: IMPDv1"
"1637",2,"charcoal | num",1,1.25,1.5,0.5,-43.5,-46,-41,"IMPDv1","Charcoal (sum)","(additional options)",NA,NA,"False","False","number","Macroscopic charcoal (sieved)","direct",NA,"CHAR",18,NA,NA,"quant_raw",5,"volume","cm^3","IMPDv1","IMPD_16657","charcoal","count","char","wet_sieve","particle","num","count","no_size","num","IMPDv1","measured",1,"IMPDv1",NA,"Xindi - charcoal db",67.111667,-159.491667,NA,"north",NA,NA,"sedlac",1637,0,NA,"Higuera,P.E.;Brubaker,L.B.;Anderson,P.M.;Hu,F.S.;Brown,T.A.;. Xindi - charcoal db. NOAA/WDS Paleoclimatology IMPD study 16657",NA,NA,NA,NA,NA,NA,NA,NA,NA,NA,NA,NA,NA,NA,"https://www.ncei.noaa.gov/access/paleo-search/study/16657",NA,NA,NA,NA,"noaa_study_id=16657; original pub in IMPD datafile header","IMPDv1:IMPD_16657",1637,"Higuera,P.E.",1,"Higuera","P.E.",NA,NA,NA,NA,NA,NA,NA,NA,NA,"IMPDv1:IMPD_16657",1637,"IMPDv1","IMPD_16657",NA,16.6,16.6,"cm",NA,"Radiocarbon","concentrated charcoal",600,100,594,NA,"CAMS 106161",TRUE,NA,"na Date is in uncalibrated radiocarbon years.","Xindi - charcoal db_SIEVED","counted","NaN-NaN",NA,NA,"",600,500,700,600,16.6,NA,"na Date is in uncalibrated radiocarbon years.",". Cal curve: NA. Source DB: IMPDv1","Lacustrine","Carbon-14","Radiocarbon",-52,18017,"Calibrated radiocarbon years BP","sedimentary charcoal","Data Sourcing: IMPDv1 #charcoal_recommendedformat","Sample Age Source: IMPDv1"
"1637",3,"charcoal | num",1.5,1.75,2,0.5,-38.5,-41,-36,"IMPDv1","Charcoal (sum)","(additional options)",NA,NA,"False","False","number","Macroscopic charcoal (sieved)","direct",NA,"CHAR",28,NA,NA,"quant_raw",5,"volume","cm^3","IMPDv1","IMPD_16657","charcoal","count","char","wet_sieve","particle","num","count","no_size","num","IMPDv1","measured",1,"IMPDv1",NA,"Xindi - charcoal db",67.111667,-159.491667,NA,"north",NA,NA,"sedlac",1637,0,NA,"Higuera,P.E.;Brubaker,L.B.;Anderson,P.M.;Hu,F.S.;Brown,T.A.;. Xindi - charcoal db. NOAA/WDS Paleoclimatology IMPD study 16657",NA,NA,NA,NA,NA,NA,NA,NA,NA,NA,NA,NA,NA,NA,"https://www.ncei.noaa.gov/access/paleo-search/study/16657",NA,NA,NA,NA,"noaa_study_id=16657; original pub in IMPD datafile header","IMPDv1:IMPD_16657",1637,"Higuera,P.E.",1,"Higuera","P.E.",NA,NA,NA,NA,NA,NA,NA,NA,NA,"IMPDv1:IMPD_16657",1637,"IMPDv1","IMPD_16657",NA,16.6,16.6,"cm",NA,"Radiocarbon","concentrated charcoal",600,100,594,NA,"CAMS 106161",TRUE,NA,"na Date is in uncalibrated radiocarbon years.","Xindi - charcoal db_SIEVED","counted","NaN-NaN",NA,NA,"",600,500,700,600,16.6,NA,"na Date is in uncalibrated radiocarbon years.",". Cal curve: NA. Source DB: IMPDv1","Lacustrine","Carbon-14","Radiocarbon",-52,18017,"Calibrated radiocarbon years BP","sedimentary charcoal","Data Sourcing: IMPDv1 #charcoal_recommendedformat","Sample Age Source: IMPDv1"
"1637",4,"charcoal | num",2,2.25,2.5,0.5,-32.5,-36,-29,"IMPDv1","Charcoal (sum)","(additional options)",NA,NA,"False","False","number","Macroscopic charcoal (sieved)","direct",NA,"CHAR",51,NA,NA,"quant_raw",5,"volume","cm^3","IMPDv1","IMPD_16657","charcoal","count","char","wet_sieve","particle","num","count","no_size","num","IMPDv1","measured",1,"IMPDv1",NA,"Xindi - charcoal db",67.111667,-159.491667,NA,"north",NA,NA,"sedlac",1637,0,NA,"Higuera,P.E.;Brubaker,L.B.;Anderson,P.M.;Hu,F.S.;Brown,T.A.;. Xindi - charcoal db. NOAA/WDS Paleoclimatology IMPD study 16657",NA,NA,NA,NA,NA,NA,NA,NA,NA,NA,NA,NA,NA,NA,"https://www.ncei.noaa.gov/access/paleo-search/study/16657",NA,NA,NA,NA,"noaa_study_id=16657; original pub in IMPD datafile header","IMPDv1:IMPD_16657",1637,"Higuera,P.E.",1,"Higuera","P.E.",NA,NA,NA,NA,NA,NA,NA,NA,NA,"IMPDv1:IMPD_16657",1637,"IMPDv1","IMPD_16657",NA,16.6,16.6,"cm",NA,"Radiocarbon","concentrated charcoal",600,100,594,NA,"CAMS 106161",TRUE,NA,"na Date is in uncalibrated radiocarbon years.","Xindi - charcoal db_SIEVED","counted","NaN-NaN",NA,NA,"",600,500,700,600,16.6,NA,"na Date is in uncalibrated radiocarbon years.",". Cal curve: NA. Source DB: IMPDv1","Lacustrine","Carbon-14","Radiocarbon",-52,18017,"Calibrated radiocarbon years BP","sedimentary charcoal","Data Sourcing: IMPDv1 #charcoal_recommendedformat","Sample Age Source: IMPDv1"
"1637",5,"charcoal | num",2.5,2.75,3,0.5,-25.5,-29,-22,"IMPDv1","Charcoal (sum)","(additional options)",NA,NA,"False","False","number","Macroscopic charcoal (sieved)","direct",NA,"CHAR",52,NA,NA,"quant_raw",5,"volume","cm^3","IMPDv1","IMPD_16657","charcoal","count","char","wet_sieve","particle","num","count","no_size","num","IMPDv1","measured",1,"IMPDv1",NA,"Xindi - charcoal db",67.111667,-159.491667,NA,"north",NA,NA,"sedlac",1637,0,NA,"Higuera,P.E.;Brubaker,L.B.;Anderson,P.M.;Hu,F.S.;Brown,T.A.;. Xindi - charcoal db. NOAA/WDS Paleoclimatology IMPD study 16657",NA,NA,NA,NA,NA,NA,NA,NA,NA,NA,NA,NA,NA,NA,"https://www.ncei.noaa.gov/access/paleo-search/study/16657",NA,NA,NA,NA,"noaa_study_id=16657; original pub in IMPD datafile header","IMPDv1:IMPD_16657",1637,"Higuera,P.E.",1,"Higuera","P.E.",NA,NA,NA,NA,NA,NA,NA,NA,NA,"IMPDv1:IMPD_16657",1637,"IMPDv1","IMPD_16657",NA,16.6,16.6,"cm",NA,"Radiocarbon","concentrated charcoal",600,100,594,NA,"CAMS 106161",TRUE,NA,"na Date is in uncalibrated radiocarbon years.","Xindi - charcoal db_SIEVED","counted","NaN-NaN",NA,NA,"",600,500,700,600,16.6,NA,"na Date is in uncalibrated radiocarbon years.",". Cal curve: NA. Source DB: IMPDv1","Lacustrine","Carbon-14","Radiocarbon",-52,18017,"Calibrated radiocarbon years BP","sedimentary charcoal","Data Sourcing: IMPDv1 #charcoal_recommendedformat","Sample Age Source: IMPDv1"
"1637",6,"charcoal | num",3,3.25,3.5,0.5,-18,-22,-14,"IMPDv1","Charcoal (sum)","(additional options)",NA,NA,"False","False","number","Macroscopic charcoal (sieved)","direct",NA,"CHAR",47,NA,NA,"quant_raw",5,"volume","cm^3","IMPDv1","IMPD_16657","charcoal","count","char","wet_sieve","particle","num","count","no_size","num","IMPDv1","measured",1,"IMPDv1",NA,"Xindi - charcoal db",67.111667,-159.491667,NA,"north",NA,NA,"sedlac",1637,0,NA,"Higuera,P.E.;Brubaker,L.B.;Anderson,P.M.;Hu,F.S.;Brown,T.A.;. Xindi - charcoal db. NOAA/WDS Paleoclimatology IMPD study 16657",NA,NA,NA,NA,NA,NA,NA,NA,NA,NA,NA,NA,NA,NA,"https://www.ncei.noaa.gov/access/paleo-search/study/16657",NA,NA,NA,NA,"noaa_study_id=16657; original pub in IMPD datafile header","IMPDv1:IMPD_16657",1637,"Higuera,P.E.",1,"Higuera","P.E.",NA,NA,NA,NA,NA,NA,NA,NA,NA,"IMPDv1:IMPD_16657",1637,"IMPDv1","IMPD_16657",NA,16.6,16.6,"cm",NA,"Radiocarbon","concentrated charcoal",600,100,594,NA,"CAMS 106161",TRUE,NA,"na Date is in uncalibrated radiocarbon years.","Xindi - charcoal db_SIEVED","counted","NaN-NaN",NA,NA,"",600,500,700,600,16.6,NA,"na Date is in uncalibrated radiocarbon years.",". Cal curve: NA. Source DB: IMPDv1","Lacustrine","Carbon-14","Radiocarbon",-52,18017,"Calibrated radiocarbon years BP","sedimentary charcoal","Data Sourcing: IMPDv1 #charcoal_recommendedformat","Sample Age Source: IMPDv1"
"1637",7,"charcoal | num",3.5,3.75,4,0.5,-8,-14,-2,"IMPDv1","Charcoal (sum)","(additional options)",NA,NA,"False","False","number","Macroscopic charcoal (sieved)","direct",NA,"CHAR",22,NA,NA,"quant_raw",5,"volume","cm^3","IMPDv1","IMPD_16657","charcoal","count","char","wet_sieve","particle","num","count","no_size","num","IMPDv1","measured",1,"IMPDv1",NA,"Xindi - charcoal db",67.111667,-159.491667,NA,"north",NA,NA,"sedlac",1637,0,NA,"Higuera,P.E.;Brubaker,L.B.;Anderson,P.M.;Hu,F.S.;Brown,T.A.;. Xindi - charcoal db. NOAA/WDS Paleoclimatology IMPD study 16657",NA,NA,NA,NA,NA,NA,NA,NA,NA,NA,NA,NA,NA,NA,"https://www.ncei.noaa.gov/access/paleo-search/study/16657",NA,NA,NA,NA,"noaa_study_id=16657; original pub in IMPD datafile header","IMPDv1:IMPD_16657",1637,"Higuera,P.E.",1,"Higuera","P.E.",NA,NA,NA,NA,NA,NA,NA,NA,NA,"IMPDv1:IMPD_16657",1637,"IMPDv1","IMPD_16657",NA,16.6,16.6,"cm",NA,"Radiocarbon","concentrated charcoal",600,100,594,NA,"CAMS 106161",TRUE,NA,"na Date is in uncalibrated radiocarbon years.","Xindi - charcoal db_SIEVED","counted","NaN-NaN",NA,NA,"",600,500,700,600,16.6,NA,"na Date is in uncalibrated radiocarbon years.",". Cal curve: NA. Source DB: IMPDv1","Lacustrine","Carbon-14","Radiocarbon",-52,18017,"Calibrated radiocarbon years BP","sedimentary charcoal","Data Sourcing: IMPDv1 #charcoal_recommendedformat","Sample Age Source: IMPDv1"
"1637",8,"charcoal | num",4,4.25,4.5,0.5,3.5,-2,9,"IMPDv1","Charcoal (sum)","(additional options)",NA,NA,"False","False","number","Macroscopic charcoal (sieved)","direct",NA,"CHAR",10,NA,NA,"quant_raw",5,"volume","cm^3","IMPDv1","IMPD_16657","charcoal","count","char","wet_sieve","particle","num","count","no_size","num","IMPDv1","measured",1,"IMPDv1",NA,"Xindi - charcoal db",67.111667,-159.491667,NA,"north",NA,NA,"sedlac",1637,0,NA,"Higuera,P.E.;Brubaker,L.B.;Anderson,P.M.;Hu,F.S.;Brown,T.A.;. Xindi - charcoal db. NOAA/WDS Paleoclimatology IMPD study 16657",NA,NA,NA,NA,NA,NA,NA,NA,NA,NA,NA,NA,NA,NA,"https://www.ncei.noaa.gov/access/paleo-search/study/16657",NA,NA,NA,NA,"noaa_study_id=16657; original pub in IMPD datafile header","IMPDv1:IMPD_16657",1637,"Higuera,P.E.",1,"Higuera","P.E.",NA,NA,NA,NA,NA,NA,NA,NA,NA,"IMPDv1:IMPD_16657",1637,"IMPDv1","IMPD_16657",NA,16.6,16.6,"cm",NA,"Radiocarbon","concentrated charcoal",600,100,594,NA,"CAMS 106161",TRUE,NA,"na Date is in uncalibrated radiocarbon years.","Xindi - charcoal db_SIEVED","counted","NaN-NaN",NA,NA,"",600,500,700,600,16.6,NA,"na Date is in uncalibrated radiocarbon years.",". Cal curve: NA. Source DB: IMPDv1","Lacustrine","Carbon-14","Radiocarbon",-52,18017,"Calibrated radiocarbon years BP","sedimentary charcoal","Data Sourcing: IMPDv1 #charcoal_recommendedformat","Sample Age Source: IMPDv1"
"1637",9,"charcoal | num",4.5,4.75,5,0.5,15,9,21,"IMPDv1","Charcoal (sum)","(additional options)",NA,NA,"False","False","number","Macroscopic charcoal (sieved)","direct",NA,"CHAR",16,NA,NA,"quant_raw",5,"volume","cm^3","IMPDv1","IMPD_16657","charcoal","count","char","wet_sieve","particle","num","count","no_size","num","IMPDv1","measured",1,"IMPDv1",NA,"Xindi - charcoal db",67.111667,-159.491667,NA,"north",NA,NA,"sedlac",1637,0,NA,"Higuera,P.E.;Brubaker,L.B.;Anderson,P.M.;Hu,F.S.;Brown,T.A.;. Xindi - charcoal db. NOAA/WDS Paleoclimatology IMPD study 16657",NA,NA,NA,NA,NA,NA,NA,NA,NA,NA,NA,NA,NA,NA,"https://www.ncei.noaa.gov/access/paleo-search/study/16657",NA,NA,NA,NA,"noaa_study_id=16657; original pub in IMPD datafile header","IMPDv1:IMPD_16657",1637,"Higuera,P.E.",1,"Higuera","P.E.",NA,NA,NA,NA,NA,NA,NA,NA,NA,"IMPDv1:IMPD_16657",1637,"IMPDv1","IMPD_16657",NA,16.6,16.6,"cm",NA,"Radiocarbon","concentrated charcoal",600,100,594,NA,"CAMS 106161",TRUE,NA,"na Date is in uncalibrated radiocarbon years.","Xindi - charcoal db_SIEVED","counted","NaN-NaN",NA,NA,"",600,500,700,600,16.6,NA,"na Date is in uncalibrated radiocarbon years.",". Cal curve: NA. Source DB: IMPDv1","Lacustrine","Carbon-14","Radiocarbon",-52,18017,"Calibrated radiocarbon years BP","sedimentary charcoal","Data Sourcing: IMPDv1 #charcoal_recommendedformat","Sample Age Source: IMPDv1"
"1637",10,"charcoal | num",5,5.25,5.5,0.5,27.5,21,34,"IMPDv1","Charcoal (sum)","(additional options)",NA,NA,"False","False","number","Macroscopic charcoal (sieved)","direct",NA,"CHAR",21,NA,NA,"quant_raw",5,"volume","cm^3","IMPDv1","IMPD_16657","charcoal","count","char","wet_sieve","particle","num","count","no_size","num","IMPDv1","measured",1,"IMPDv1",NA,"Xindi - charcoal db",67.111667,-159.491667,NA,"north",NA,NA,"sedlac",1637,0,NA,"Higuera,P.E.;Brubaker,L.B.;Anderson,P.M.;Hu,F.S.;Brown,T.A.;. Xindi - charcoal db. NOAA/WDS Paleoclimatology IMPD study 16657",NA,NA,NA,NA,NA,NA,NA,NA,NA,NA,NA,NA,NA,NA,"https://www.ncei.noaa.gov/access/paleo-search/study/16657",NA,NA,NA,NA,"noaa_study_id=16657; original pub in IMPD datafile header","IMPDv1:IMPD_16657",1637,"Higuera,P.E.",1,"Higuera","P.E.",NA,NA,NA,NA,NA,NA,NA,NA,NA,"IMPDv1:IMPD_16657",1637,"IMPDv1","IMPD_16657",NA,16.6,16.6,"cm",NA,"Radiocarbon","concentrated charcoal",600,100,594,NA,"CAMS 106161",TRUE,NA,"na Date is in uncalibrated radiocarbon years.","Xindi - charcoal db_SIEVED","counted","NaN-NaN",NA,NA,"",600,500,700,600,16.6,NA,"na Date is in uncalibrated radiocarbon years.",". Cal curve: NA. Source DB: IMPDv1","Lacustrine","Carbon-14","Radiocarbon",-52,18017,"Calibrated radiocarbon years BP","sedimentary charcoal","Data Sourcing: IMPDv1 #charcoal_recommendedformat","Sample Age Source: IMPDv1"
"1637",11,"charcoal | num",5.5,5.75,6,0.5,43,34,52,"IMPDv1","Charcoal (sum)","(additional options)",NA,NA,"False","False","number","Macroscopic charcoal (sieved)","direct",NA,"CHAR",21,NA,NA,"quant_raw",5,"volume","cm^3","IMPDv1","IMPD_16657","charcoal","count","char","wet_sieve","particle","num","count","no_size","num","IMPDv1","measured",1,"IMPDv1",NA,"Xindi - charcoal db",67.111667,-159.491667,NA,"north",NA,NA,"sedlac",1637,0,NA,"Higuera,P.E.;Brubaker,L.B.;Anderson,P.M.;Hu,F.S.;Brown,T.A.;. Xindi - charcoal db. NOAA/WDS Paleoclimatology IMPD study 16657",NA,NA,NA,NA,NA,NA,NA,NA,NA,NA,NA,NA,NA,NA,"https://www.ncei.noaa.gov/access/paleo-search/study/16657",NA,NA,NA,NA,"noaa_study_id=16657; original pub in IMPD datafile header","IMPDv1:IMPD_16657",1637,"Higuera,P.E.",1,"Higuera","P.E.",NA,NA,NA,NA,NA,NA,NA,NA,NA,"IMPDv1:IMPD_16657",1637,"IMPDv1","IMPD_16657",NA,16.6,16.6,"cm",NA,"Radiocarbon","concentrated charcoal",600,100,594,NA,"CAMS 106161",TRUE,NA,"na Date is in uncalibrated radiocarbon years.","Xindi - charcoal db_SIEVED","counted","NaN-NaN",NA,NA,"",600,500,700,600,16.6,NA,"na Date is in uncalibrated radiocarbon years.",". Cal curve: NA. Source DB: IMPDv1","Lacustrine","Carbon-14","Radiocarbon",-52,18017,"Calibrated radiocarbon years BP","sedimentary charcoal","Data Sourcing: IMPDv1 #charcoal_recommendedformat","Sample Age Source: IMPDv1"
"1637",12,"charcoal | num",6,6.25,6.5,0.5,61,52,70,"IMPDv1","Charcoal (sum)","(additional options)",NA,NA,"False","False","number","Macroscopic charcoal (sieved)","direct",NA,"CHAR",29,NA,NA,"quant_raw",5,"volume","cm^3","IMPDv1","IMPD_16657","charcoal","count","char","wet_sieve","particle","num","count","no_size","num","IMPDv1","measured",1,"IMPDv1",NA,"Xindi - charcoal db",67.111667,-159.491667,NA,"north",NA,NA,"sedlac",1637,0,NA,"Higuera,P.E.;Brubaker,L.B.;Anderson,P.M.;Hu,F.S.;Brown,T.A.;. Xindi - charcoal db. NOAA/WDS Paleoclimatology IMPD study 16657",NA,NA,NA,NA,NA,NA,NA,NA,NA,NA,NA,NA,NA,NA,"https://www.ncei.noaa.gov/access/paleo-search/study/16657",NA,NA,NA,NA,"noaa_study_id=16657; original pub in IMPD datafile header","IMPDv1:IMPD_16657",1637,"Higuera,P.E.",1,"Higuera","P.E.",NA,NA,NA,NA,NA,NA,NA,NA,NA,"IMPDv1:IMPD_16657",1637,"IMPDv1","IMPD_16657",NA,16.6,16.6,"cm",NA,"Radiocarbon","concentrated charcoal",600,100,594,NA,"CAMS 106161",TRUE,NA,"na Date is in uncalibrated radiocarbon years.","Xindi - charcoal db_SIEVED","counted","NaN-NaN",NA,NA,"",600,500,700,600,16.6,NA,"na Date is in uncalibrated radiocarbon years.",". Cal curve: NA. Source DB: IMPDv1","Lacustrine","Carbon-14","Radiocarbon",-52,18017,"Calibrated radiocarbon years BP","sedimentary charcoal","Data Sourcing: IMPDv1 #charcoal_recommendedformat","Sample Age Source: IMPDv1"
"1637",13,"charcoal | num",6.5,6.75,7,0.5,78.5,70,87,"IMPDv1","Charcoal (sum)","(additional options)",NA,NA,"False","False","number","Macroscopic charcoal (sieved)","direct",NA,"CHAR",55,NA,NA,"quant_raw",5,"volume","cm^3","IMPDv1","IMPD_16657","charcoal","count","char","wet_sieve","particle","num","count","no_size","num","IMPDv1","measured",1,"IMPDv1",NA,"Xindi - charcoal db",67.111667,-159.491667,NA,"north",NA,NA,"sedlac",1637,0,NA,"Higuera,P.E.;Brubaker,L.B.;Anderson,P.M.;Hu,F.S.;Brown,T.A.;. Xindi - charcoal db. NOAA/WDS Paleoclimatology IMPD study 16657",NA,NA,NA,NA,NA,NA,NA,NA,NA,NA,NA,NA,NA,NA,"https://www.ncei.noaa.gov/access/paleo-search/study/16657",NA,NA,NA,NA,"noaa_study_id=16657; original pub in IMPD datafile header","IMPDv1:IMPD_16657",1637,"Higuera,P.E.",1,"Higuera","P.E.",NA,NA,NA,NA,NA,NA,NA,NA,NA,"IMPDv1:IMPD_16657",1637,"IMPDv1","IMPD_16657",NA,19.02,19.02,"cm",NA,"Radiocarbon","concentrated Picea pollen",1620,40,1507,NA,"CAMS 104482",TRUE,NA,"Date not used in chronology; see Results for explanation. Date is in uncalibrated radiocarbon years.","Xindi - charcoal db_SIEVED","counted","NaN-NaN",NA,NA,"",1620,1580,1660,1620,19.02,NA,"Date not used in chronology; see Results for explanation. Date is in uncalibrated radiocarbon years.",". Cal curve: NA. Source DB: IMPDv1","Lacustrine","Carbon-14","Radiocarbon",-52,18017,"Calibrated radiocarbon years BP","sedimentary charcoal","Data Sourcing: IMPDv1 #charcoal_recommendedformat","Sample Age Source: IMPDv1"
"1637",14,"charcoal | num",7,7.25,7.5,0.5,93.5,87,100,"IMPDv1","Charcoal (sum)","(additional options)",NA,NA,"False","False","number","Macroscopic charcoal (sieved)","direct",NA,"CHAR",88,NA,NA,"quant_raw",5,"volume","cm^3","IMPDv1","IMPD_16657","charcoal","count","char","wet_sieve","particle","num","count","no_size","num","IMPDv1","measured",1,"IMPDv1",NA,"Xindi - charcoal db",67.111667,-159.491667,NA,"north",NA,NA,"sedlac",1637,0,NA,"Higuera,P.E.;Brubaker,L.B.;Anderson,P.M.;Hu,F.S.;Brown,T.A.;. Xindi - charcoal db. NOAA/WDS Paleoclimatology IMPD study 16657",NA,NA,NA,NA,NA,NA,NA,NA,NA,NA,NA,NA,NA,NA,"https://www.ncei.noaa.gov/access/paleo-search/study/16657",NA,NA,NA,NA,"noaa_study_id=16657; original pub in IMPD datafile header","IMPDv1:IMPD_16657",1637,"Higuera,P.E.",1,"Higuera","P.E.",NA,NA,NA,NA,NA,NA,NA,NA,NA,"IMPDv1:IMPD_16657",1637,"IMPDv1","IMPD_16657",NA,19.02,19.02,"cm",NA,"Radiocarbon","concentrated Picea pollen",1620,40,1507,NA,"CAMS 104482",TRUE,NA,"Date not used in chronology; see Results for explanation. Date is in uncalibrated radiocarbon years.","Xindi - charcoal db_SIEVED","counted","NaN-NaN",NA,NA,"",1620,1580,1660,1620,19.02,NA,"Date not used in chronology; see Results for explanation. Date is in uncalibrated radiocarbon years.",". Cal curve: NA. Source DB: IMPDv1","Lacustrine","Carbon-14","Radiocarbon",-52,18017,"Calibrated radiocarbon years BP","sedimentary charcoal","Data Sourcing: IMPDv1 #charcoal_recommendedformat","Sample Age Source: IMPDv1"
"1637",15,"charcoal | num",7.5,7.75,8,0.5,105.5,100,111,"IMPDv1","Charcoal (sum)","(additional options)",NA,NA,"False","False","number","Macroscopic charcoal (sieved)","direct",NA,"CHAR",69,NA,NA,"quant_raw",5,"volume","cm^3","IMPDv1","IMPD_16657","charcoal","count","char","wet_sieve","particle","num","count","no_size","num","IMPDv1","measured",1,"IMPDv1",NA,"Xindi - charcoal db",67.111667,-159.491667,NA,"north",NA,NA,"sedlac",1637,0,NA,"Higuera,P.E.;Brubaker,L.B.;Anderson,P.M.;Hu,F.S.;Brown,T.A.;. Xindi - charcoal db. NOAA/WDS Paleoclimatology IMPD study 16657",NA,NA,NA,NA,NA,NA,NA,NA,NA,NA,NA,NA,NA,NA,"https://www.ncei.noaa.gov/access/paleo-search/study/16657",NA,NA,NA,NA,"noaa_study_id=16657; original pub in IMPD datafile header","IMPDv1:IMPD_16657",1637,"Higuera,P.E.",1,"Higuera","P.E.",NA,NA,NA,NA,NA,NA,NA,NA,NA,"IMPDv1:IMPD_16657",1637,"IMPDv1","IMPD_16657",NA,19.02,19.02,"cm",NA,"Radiocarbon","concentrated Picea pollen",1620,40,1507,NA,"CAMS 104482",TRUE,NA,"Date not used in chronology; see Results for explanation. Date is in uncalibrated radiocarbon years.","Xindi - charcoal db_SIEVED","counted","NaN-NaN",NA,NA,"",1620,1580,1660,1620,19.02,NA,"Date not used in chronology; see Results for explanation. Date is in uncalibrated radiocarbon years.",". Cal curve: NA. Source DB: IMPDv1","Lacustrine","Carbon-14","Radiocarbon",-52,18017,"Calibrated radiocarbon years BP","sedimentary charcoal","Data Sourcing: IMPDv1 #charcoal_recommendedformat","Sample Age Source: IMPDv1"
"1637",16,"charcoal | num",8,8.25,8.5,0.5,115.5,111,120,"IMPDv1","Charcoal (sum)","(additional options)",NA,NA,"False","False","number","Macroscopic charcoal (sieved)","direct",NA,"CHAR",69,NA,NA,"quant_raw",5,"volume","cm^3","IMPDv1","IMPD_16657","charcoal","count","char","wet_sieve","particle","num","count","no_size","num","IMPDv1","measured",1,"IMPDv1",NA,"Xindi - charcoal db",67.111667,-159.491667,NA,"north",NA,NA,"sedlac",1637,0,NA,"Higuera,P.E.;Brubaker,L.B.;Anderson,P.M.;Hu,F.S.;Brown,T.A.;. Xindi - charcoal db. NOAA/WDS Paleoclimatology IMPD study 16657",NA,NA,NA,NA,NA,NA,NA,NA,NA,NA,NA,NA,NA,NA,"https://www.ncei.noaa.gov/access/paleo-search/study/16657",NA,NA,NA,NA,"noaa_study_id=16657; original pub in IMPD datafile header","IMPDv1:IMPD_16657",1637,"Higuera,P.E.",1,"Higuera","P.E.",NA,NA,NA,NA,NA,NA,NA,NA,NA,"IMPDv1:IMPD_16657",1637,"IMPDv1","IMPD_16657",NA,19.02,19.02,"cm",NA,"Radiocarbon","concentrated Picea pollen",1620,40,1507,NA,"CAMS 104482",TRUE,NA,"Date not used in chronology; see Results for explanation. Date is in uncalibrated radiocarbon years.","Xindi - charcoal db_SIEVED","counted","NaN-NaN",NA,NA,"",1620,1580,1660,1620,19.02,NA,"Date not used in chronology; see Results for explanation. Date is in uncalibrated radiocarbon years.",". Cal curve: NA. Source DB: IMPDv1","Lacustrine","Carbon-14","Radiocarbon",-52,18017,"Calibrated radiocarbon years BP","sedimentary charcoal","Data Sourcing: IMPDv1 #charcoal_recommendedformat","Sample Age Source: IMPDv1"
"1637",17,"charcoal | num",8.5,8.75,9,0.5,240,120,360,"IMPDv1","Charcoal (sum)","(additional options)",NA,NA,"False","False","number","Macroscopic charcoal (sieved)","direct",NA,"CHAR",34,NA,NA,"quant_raw",5,"volume","cm^3","IMPDv1","IMPD_16657","charcoal","count","char","wet_sieve","particle","num","count","no_size","num","IMPDv1","measured",1,"IMPDv1",NA,"Xindi - charcoal db",67.111667,-159.491667,NA,"north",NA,NA,"sedlac",1637,0,NA,"Higuera,P.E.;Brubaker,L.B.;Anderson,P.M.;Hu,F.S.;Brown,T.A.;. Xindi - charcoal db. NOAA/WDS Paleoclimatology IMPD study 16657",NA,NA,NA,NA,NA,NA,NA,NA,NA,NA,NA,NA,NA,NA,"https://www.ncei.noaa.gov/access/paleo-search/study/16657",NA,NA,NA,NA,"noaa_study_id=16657; original pub in IMPD datafile header","IMPDv1:IMPD_16657",1637,"Higuera,P.E.",1,"Higuera","P.E.",NA,NA,NA,NA,NA,NA,NA,NA,NA,"IMPDv1:IMPD_16657",1637,"IMPDv1","IMPD_16657",NA,19.02,19.02,"cm",NA,"Radiocarbon","concentrated Picea pollen",1620,40,1507,NA,"CAMS 104482",TRUE,NA,"Date not used in chronology; see Results for explanation. Date is in uncalibrated radiocarbon years.","Xindi - charcoal db_SIEVED","counted","NaN-NaN",NA,NA,"",1620,1580,1660,1620,19.02,NA,"Date not used in chronology; see Results for explanation. Date is in uncalibrated radiocarbon years.",". Cal curve: NA. Source DB: IMPDv1","Lacustrine","Carbon-14","Radiocarbon",-52,18017,"Calibrated radiocarbon years BP","sedimentary charcoal","Data Sourcing: IMPDv1 #charcoal_recommendedformat","Sample Age Source: IMPDv1"
"1637",18,"charcoal | num",9,9.25,9.5,0.5,412,360,464,"IMPDv1","Charcoal (sum)","(additional options)",NA,NA,"False","False","number","Macroscopic charcoal (sieved)","direct",NA,"CHAR",40,NA,NA,"quant_raw",5,"volume","cm^3","IMPDv1","IMPD_16657","charcoal","count","char","wet_sieve","particle","num","count","no_size","num","IMPDv1","measured",1,"IMPDv1",NA,"Xindi - charcoal db",67.111667,-159.491667,NA,"north",NA,NA,"sedlac",1637,0,NA,"Higuera,P.E.;Brubaker,L.B.;Anderson,P.M.;Hu,F.S.;Brown,T.A.;. Xindi - charcoal db. NOAA/WDS Paleoclimatology IMPD study 16657",NA,NA,NA,NA,NA,NA,NA,NA,NA,NA,NA,NA,NA,NA,"https://www.ncei.noaa.gov/access/paleo-search/study/16657",NA,NA,NA,NA,"noaa_study_id=16657; original pub in IMPD datafile header","IMPDv1:IMPD_16657",1637,"Higuera,P.E.",1,"Higuera","P.E.",NA,NA,NA,NA,NA,NA,NA,NA,NA,"IMPDv1:IMPD_16657",1637,"IMPDv1","IMPD_16657",NA,19.02,19.02,"cm",NA,"Radiocarbon","concentrated Picea pollen",1620,40,1507,NA,"CAMS 104482",TRUE,NA,"Date not used in chronology; see Results for explanation. Date is in uncalibrated radiocarbon years.","Xindi - charcoal db_SIEVED","counted","NaN-NaN",NA,NA,"",1620,1580,1660,1620,19.02,NA,"Date not used in chronology; see Results for explanation. Date is in uncalibrated radiocarbon years.",". Cal curve: NA. Source DB: IMPDv1","Lacustrine","Carbon-14","Radiocarbon",-52,18017,"Calibrated radiocarbon years BP","sedimentary charcoal","Data Sourcing: IMPDv1 #charcoal_recommendedformat","Sample Age Source: IMPDv1"
"1637",19,"charcoal | num",9.5,9.75,10,0.5,516,464,568,"IMPDv1","Charcoal (sum)","(additional options)",NA,NA,"False","False","number","Macroscopic charcoal (sieved)","direct",NA,"CHAR",43,NA,NA,"quant_raw",5,"volume","cm^3","IMPDv1","IMPD_16657","charcoal","count","char","wet_sieve","particle","num","count","no_size","num","IMPDv1","measured",1,"IMPDv1",NA,"Xindi - charcoal db",67.111667,-159.491667,NA,"north",NA,NA,"sedlac",1637,0,NA,"Higuera,P.E.;Brubaker,L.B.;Anderson,P.M.;Hu,F.S.;Brown,T.A.;. Xindi - charcoal db. NOAA/WDS Paleoclimatology IMPD study 16657",NA,NA,NA,NA,NA,NA,NA,NA,NA,NA,NA,NA,NA,NA,"https://www.ncei.noaa.gov/access/paleo-search/study/16657",NA,NA,NA,NA,"noaa_study_id=16657; original pub in IMPD datafile header","IMPDv1:IMPD_16657",1637,"Higuera,P.E.",1,"Higuera","P.E.",NA,NA,NA,NA,NA,NA,NA,NA,NA,"IMPDv1:IMPD_16657",1637,"IMPDv1","IMPD_16657",NA,19.02,19.02,"cm",NA,"Radiocarbon","concentrated Picea pollen",1620,40,1507,NA,"CAMS 104482",TRUE,NA,"Date not used in chronology; see Results for explanation. Date is in uncalibrated radiocarbon years.","Xindi - charcoal db_SIEVED","counted","NaN-NaN",NA,NA,"",1620,1580,1660,1620,19.02,NA,"Date not used in chronology; see Results for explanation. Date is in uncalibrated radiocarbon years.",". Cal curve: NA. Source DB: IMPDv1","Lacustrine","Carbon-14","Radiocarbon",-52,18017,"Calibrated radiocarbon years BP","sedimentary charcoal","Data Sourcing: IMPDv1 #charcoal_recommendedformat","Sample Age Source: IMPDv1"
"1637",20,"charcoal | num",10,10.25,10.5,0.5,619.5,568,671,"IMPDv1","Charcoal (sum)","(additional options)",NA,NA,"False","False","number","Macroscopic charcoal (sieved)","direct",NA,"CHAR",85,NA,NA,"quant_raw",5,"volume","cm^3","IMPDv1","IMPD_16657","charcoal","count","char","wet_sieve","particle","num","count","no_size","num","IMPDv1","measured",1,"IMPDv1",NA,"Xindi - charcoal db",67.111667,-159.491667,NA,"north",NA,NA,"sedlac",1637,0,NA,"Higuera,P.E.;Brubaker,L.B.;Anderson,P.M.;Hu,F.S.;Brown,T.A.;. Xindi - charcoal db. NOAA/WDS Paleoclimatology IMPD study 16657",NA,NA,NA,NA,NA,NA,NA,NA,NA,NA,NA,NA,NA,NA,"https://www.ncei.noaa.gov/access/paleo-search/study/16657",NA,NA,NA,NA,"noaa_study_id=16657; original pub in IMPD datafile header","IMPDv1:IMPD_16657",1637,"Higuera,P.E.",1,"Higuera","P.E.",NA,NA,NA,NA,NA,NA,NA,NA,NA,"IMPDv1:IMPD_16657",1637,"IMPDv1","IMPD_16657",NA,19.02,19.02,"cm",NA,"Radiocarbon","concentrated Picea pollen",1620,40,1507,NA,"CAMS 104482",TRUE,NA,"Date not used in chronology; see Results for explanation. Date is in uncalibrated radiocarbon years.","Xindi - charcoal db_SIEVED","counted","NaN-NaN",NA,NA,"",1620,1580,1660,1620,19.02,NA,"Date not used in chronology; see Results for explanation. Date is in uncalibrated radiocarbon years.",". Cal curve: NA. Source DB: IMPDv1","Lacustrine","Carbon-14","Radiocarbon",-52,18017,"Calibrated radiocarbon years BP","sedimentary charcoal","Data Sourcing: IMPDv1 #charcoal_recommendedformat","Sample Age Source: IMPDv1"
"1637",21,"charcoal | num",10.5,10.75,11,0.5,723,671,775,"IMPDv1","Charcoal (sum)","(additional options)",NA,NA,"False","False","number","Macroscopic charcoal (sieved)","direct",NA,"CHAR",73,NA,NA,"quant_raw",5,"volume","cm^3","IMPDv1","IMPD_16657","charcoal","count","char","wet_sieve","particle","num","count","no_size","num","IMPDv1","measured",1,"IMPDv1",NA,"Xindi - charcoal db",67.111667,-159.491667,NA,"north",NA,NA,"sedlac",1637,0,NA,"Higuera,P.E.;Brubaker,L.B.;Anderson,P.M.;Hu,F.S.;Brown,T.A.;. Xindi - charcoal db. NOAA/WDS Paleoclimatology IMPD study 16657",NA,NA,NA,NA,NA,NA,NA,NA,NA,NA,NA,NA,NA,NA,"https://www.ncei.noaa.gov/access/paleo-search/study/16657",NA,NA,NA,NA,"noaa_study_id=16657; original pub in IMPD datafile header","IMPDv1:IMPD_16657",1637,"Higuera,P.E.",1,"Higuera","P.E.",NA,NA,NA,NA,NA,NA,NA,NA,NA,"IMPDv1:IMPD_16657",1637,"IMPDv1","IMPD_16657",NA,19.02,19.02,"cm",NA,"Radiocarbon","concentrated Picea pollen",1620,40,1507,NA,"CAMS 104482",TRUE,NA,"Date not used in chronology; see Results for explanation. Date is in uncalibrated radiocarbon years.","Xindi - charcoal db_SIEVED","counted","NaN-NaN",NA,NA,"",1620,1580,1660,1620,19.02,NA,"Date not used in chronology; see Results for explanation. Date is in uncalibrated radiocarbon years.",". Cal curve: NA. Source DB: IMPDv1","Lacustrine","Carbon-14","Radiocarbon",-52,18017,"Calibrated radiocarbon years BP","sedimentary charcoal","Data Sourcing: IMPDv1 #charcoal_recommendedformat","Sample Age Source: IMPDv1"
"1637",22,"charcoal | num",11,11.25,11.5,0.5,826.5,775,878,"IMPDv1","Charcoal (sum)","(additional options)",NA,NA,"False","False","number","Macroscopic charcoal (sieved)","direct",NA,"CHAR",139,NA,NA,"quant_raw",5,"volume","cm^3","IMPDv1","IMPD_16657","charcoal","count","char","wet_sieve","particle","num","count","no_size","num","IMPDv1","measured",1,"IMPDv1",NA,"Xindi - charcoal db",67.111667,-159.491667,NA,"north",NA,NA,"sedlac",1637,0,NA,"Higuera,P.E.;Brubaker,L.B.;Anderson,P.M.;Hu,F.S.;Brown,T.A.;. Xindi - charcoal db. NOAA/WDS Paleoclimatology IMPD study 16657",NA,NA,NA,NA,NA,NA,NA,NA,NA,NA,NA,NA,NA,NA,"https://www.ncei.noaa.gov/access/paleo-search/study/16657",NA,NA,NA,NA,"noaa_study_id=16657; original pub in IMPD datafile header","IMPDv1:IMPD_16657",1637,"Higuera,P.E.",1,"Higuera","P.E.",NA,NA,NA,NA,NA,NA,NA,NA,NA,"IMPDv1:IMPD_16657",1637,"IMPDv1","IMPD_16657",NA,19.02,19.02,"cm",NA,"Radiocarbon","concentrated Picea pollen",1620,40,1507,NA,"CAMS 104482",TRUE,NA,"Date not used in chronology; see Results for explanation. Date is in uncalibrated radiocarbon years.","Xindi - charcoal db_SIEVED","counted","NaN-NaN",NA,NA,"",1620,1580,1660,1620,19.02,NA,"Date not used in chronology; see Results for explanation. Date is in uncalibrated radiocarbon years.",". Cal curve: NA. Source DB: IMPDv1","Lacustrine","Carbon-14","Radiocarbon",-52,18017,"Calibrated radiocarbon years BP","sedimentary charcoal","Data Sourcing: IMPDv1 #charcoal_recommendedformat","Sample Age Source: IMPDv1"
"1637",23,"charcoal | num",11.5,11.75,12,0.5,929.5,878,981,"IMPDv1","Charcoal (sum)","(additional options)",NA,NA,"False","False","number","Macroscopic charcoal (sieved)","direct",NA,"CHAR",50,NA,NA,"quant_raw",5,"volume","cm^3","IMPDv1","IMPD_16657","charcoal","count","char","wet_sieve","particle","num","count","no_size","num","IMPDv1","measured",1,"IMPDv1",NA,"Xindi - charcoal db",67.111667,-159.491667,NA,"north",NA,NA,"sedlac",1637,0,NA,"Higuera,P.E.;Brubaker,L.B.;Anderson,P.M.;Hu,F.S.;Brown,T.A.;. Xindi - charcoal db. NOAA/WDS Paleoclimatology IMPD study 16657",NA,NA,NA,NA,NA,NA,NA,NA,NA,NA,NA,NA,NA,NA,"https://www.ncei.noaa.gov/access/paleo-search/study/16657",NA,NA,NA,NA,"noaa_study_id=16657; original pub in IMPD datafile header","IMPDv1:IMPD_16657",1637,"Higuera,P.E.",1,"Higuera","P.E.",NA,NA,NA,NA,NA,NA,NA,NA,NA,"IMPDv1:IMPD_16657",1637,"IMPDv1","IMPD_16657",NA,19.02,19.02,"cm",NA,"Radiocarbon","concentrated Picea pollen",1620,40,1507,NA,"CAMS 104482",TRUE,NA,"Date not used in chronology; see Results for explanation. Date is in uncalibrated radiocarbon years.","Xindi - charcoal db_SIEVED","counted","NaN-NaN",NA,NA,"",1620,1580,1660,1620,19.02,NA,"Date not used in chronology; see Results for explanation. Date is in uncalibrated radiocarbon years.",". Cal curve: NA. Source DB: IMPDv1","Lacustrine","Carbon-14","Radiocarbon",-52,18017,"Calibrated radiocarbon years BP","sedimentary charcoal","Data Sourcing: IMPDv1 #charcoal_recommendedformat","Sample Age Source: IMPDv1"
"1637",24,"charcoal | num",12,12.25,12.5,0.5,1032.5,981,1084,"IMPDv1","Charcoal (sum)","(additional options)",NA,NA,"False","False","number","Macroscopic charcoal (sieved)","direct",NA,"CHAR",105,NA,NA,"quant_raw",5,"volume","cm^3","IMPDv1","IMPD_16657","charcoal","count","char","wet_sieve","particle","num","count","no_size","num","IMPDv1","measured",1,"IMPDv1",NA,"Xindi - charcoal db",67.111667,-159.491667,NA,"north",NA,NA,"sedlac",1637,0,NA,"Higuera,P.E.;Brubaker,L.B.;Anderson,P.M.;Hu,F.S.;Brown,T.A.;. Xindi - charcoal db. NOAA/WDS Paleoclimatology IMPD study 16657",NA,NA,NA,NA,NA,NA,NA,NA,NA,NA,NA,NA,NA,NA,"https://www.ncei.noaa.gov/access/paleo-search/study/16657",NA,NA,NA,NA,"noaa_study_id=16657; original pub in IMPD datafile header","IMPDv1:IMPD_16657",1637,"Higuera,P.E.",1,"Higuera","P.E.",NA,NA,NA,NA,NA,NA,NA,NA,NA,"IMPDv1:IMPD_16657",1637,"IMPDv1","IMPD_16657",NA,19.02,19.02,"cm",NA,"Radiocarbon","concentrated Picea pollen",1620,40,1507,NA,"CAMS 104482",TRUE,NA,"Date not used in chronology; see Results for explanation. Date is in uncalibrated radiocarbon years.","Xindi - charcoal db_SIEVED","counted","NaN-NaN",NA,NA,"",1620,1580,1660,1620,19.02,NA,"Date not used in chronology; see Results for explanation. Date is in uncalibrated radiocarbon years.",". Cal curve: NA. Source DB: IMPDv1","Lacustrine","Carbon-14","Radiocarbon",-52,18017,"Calibrated radiocarbon years BP","sedimentary charcoal","Data Sourcing: IMPDv1 #charcoal_recommendedformat","Sample Age Source: IMPDv1"
"1637",25,"charcoal | num",12.5,12.75,13,0.5,1135,1084,1186,"IMPDv1","Charcoal (sum)","(additional options)",NA,NA,"False","False","number","Macroscopic charcoal (sieved)","direct",NA,"CHAR",94,NA,NA,"quant_raw",5,"volume","cm^3","IMPDv1","IMPD_16657","charcoal","count","char","wet_sieve","particle","num","count","no_size","num","IMPDv1","measured",1,"IMPDv1",NA,"Xindi - charcoal db",67.111667,-159.491667,NA,"north",NA,NA,"sedlac",1637,0,NA,"Higuera,P.E.;Brubaker,L.B.;Anderson,P.M.;Hu,F.S.;Brown,T.A.;. Xindi - charcoal db. NOAA/WDS Paleoclimatology IMPD study 16657",NA,NA,NA,NA,NA,NA,NA,NA,NA,NA,NA,NA,NA,NA,"https://www.ncei.noaa.gov/access/paleo-search/study/16657",NA,NA,NA,NA,"noaa_study_id=16657; original pub in IMPD datafile header","IMPDv1:IMPD_16657",1637,"Higuera,P.E.",1,"Higuera","P.E.",NA,NA,NA,NA,NA,NA,NA,NA,NA,"IMPDv1:IMPD_16657",1637,"IMPDv1","IMPD_16657",NA,19.02,19.02,"cm",NA,"Radiocarbon","concentrated Picea pollen",1620,40,1507,NA,"CAMS 104482",TRUE,NA,"Date not used in chronology; see Results for explanation. Date is in uncalibrated radiocarbon years.","Xindi - charcoal db_SIEVED","counted","NaN-NaN",NA,NA,"",1620,1580,1660,1620,19.02,NA,"Date not used in chronology; see Results for explanation. Date is in uncalibrated radiocarbon years.",". Cal curve: NA. Source DB: IMPDv1","Lacustrine","Carbon-14","Radiocarbon",-52,18017,"Calibrated radiocarbon years BP","sedimentary charcoal","Data Sourcing: IMPDv1 #charcoal_recommendedformat","Sample Age Source: IMPDv1"
"1637",26,"charcoal | num",13,13.25,13.5,0.5,1237.5,1186,1289,"IMPDv1","Charcoal (sum)","(additional options)",NA,NA,"False","False","number","Macroscopic charcoal (sieved)","direct",NA,"CHAR",34,NA,NA,"quant_raw",5,"volume","cm^3","IMPDv1","IMPD_16657","charcoal","count","char","wet_sieve","particle","num","count","no_size","num","IMPDv1","measured",1,"IMPDv1",NA,"Xindi - charcoal db",67.111667,-159.491667,NA,"north",NA,NA,"sedlac",1637,0,NA,"Higuera,P.E.;Brubaker,L.B.;Anderson,P.M.;Hu,F.S.;Brown,T.A.;. Xindi - charcoal db. NOAA/WDS Paleoclimatology IMPD study 16657",NA,NA,NA,NA,NA,NA,NA,NA,NA,NA,NA,NA,NA,NA,"https://www.ncei.noaa.gov/access/paleo-search/study/16657",NA,NA,NA,NA,"noaa_study_id=16657; original pub in IMPD datafile header","IMPDv1:IMPD_16657",1637,"Higuera,P.E.",1,"Higuera","P.E.",NA,NA,NA,NA,NA,NA,NA,NA,NA,"IMPDv1:IMPD_16657",1637,"IMPDv1","IMPD_16657",NA,26.48,26.48,"cm",NA,"Radiocarbon","concentrated charcoal",1170,35,1088,NA,"CAMS 110400",TRUE,NA,"na Date is in uncalibrated radiocarbon years.","Xindi - charcoal db_SIEVED","counted","NaN-NaN",NA,NA,"",1170,1135,1205,1170,26.48,NA,"na Date is in uncalibrated radiocarbon years.",". Cal curve: NA. Source DB: IMPDv1","Lacustrine","Carbon-14","Radiocarbon",-52,18017,"Calibrated radiocarbon years BP","sedimentary charcoal","Data Sourcing: IMPDv1 #charcoal_recommendedformat","Sample Age Source: IMPDv1"
"1637",27,"charcoal | num",13.5,13.75,14,0.5,1340,1289,1391,"IMPDv1","Charcoal (sum)","(additional options)",NA,NA,"False","False","number","Macroscopic charcoal (sieved)","direct",NA,"CHAR",15,NA,NA,"quant_raw",5,"volume","cm^3","IMPDv1","IMPD_16657","charcoal","count","char","wet_sieve","particle","num","count","no_size","num","IMPDv1","measured",1,"IMPDv1",NA,"Xindi - charcoal db",67.111667,-159.491667,NA,"north",NA,NA,"sedlac",1637,0,NA,"Higuera,P.E.;Brubaker,L.B.;Anderson,P.M.;Hu,F.S.;Brown,T.A.;. Xindi - charcoal db. NOAA/WDS Paleoclimatology IMPD study 16657",NA,NA,NA,NA,NA,NA,NA,NA,NA,NA,NA,NA,NA,NA,"https://www.ncei.noaa.gov/access/paleo-search/study/16657",NA,NA,NA,NA,"noaa_study_id=16657; original pub in IMPD datafile header","IMPDv1:IMPD_16657",1637,"Higuera,P.E.",1,"Higuera","P.E.",NA,NA,NA,NA,NA,NA,NA,NA,NA,"IMPDv1:IMPD_16657",1637,"IMPDv1","IMPD_16657",NA,26.48,26.48,"cm",NA,"Radiocarbon","concentrated charcoal",1170,35,1088,NA,"CAMS 110400",TRUE,NA,"na Date is in uncalibrated radiocarbon years.","Xindi - charcoal db_SIEVED","counted","NaN-NaN",NA,NA,"",1170,1135,1205,1170,26.48,NA,"na Date is in uncalibrated radiocarbon years.",". Cal curve: NA. Source DB: IMPDv1","Lacustrine","Carbon-14","Radiocarbon",-52,18017,"Calibrated radiocarbon years BP","sedimentary charcoal","Data Sourcing: IMPDv1 #charcoal_recommendedformat","Sample Age Source: IMPDv1"
"1637",28,"charcoal | num",14,14.25,14.5,0.5,1442,1391,1493,"IMPDv1","Charcoal (sum)","(additional options)",NA,NA,"False","False","number","Macroscopic charcoal (sieved)","direct",NA,"CHAR",8,NA,NA,"quant_raw",5,"volume","cm^3","IMPDv1","IMPD_16657","charcoal","count","char","wet_sieve","particle","num","count","no_size","num","IMPDv1","measured",1,"IMPDv1",NA,"Xindi - charcoal db",67.111667,-159.491667,NA,"north",NA,NA,"sedlac",1637,0,NA,"Higuera,P.E.;Brubaker,L.B.;Anderson,P.M.;Hu,F.S.;Brown,T.A.;. Xindi - charcoal db. NOAA/WDS Paleoclimatology IMPD study 16657",NA,NA,NA,NA,NA,NA,NA,NA,NA,NA,NA,NA,NA,NA,"https://www.ncei.noaa.gov/access/paleo-search/study/16657",NA,NA,NA,NA,"noaa_study_id=16657; original pub in IMPD datafile header","IMPDv1:IMPD_16657",1637,"Higuera,P.E.",1,"Higuera","P.E.",NA,NA,NA,NA,NA,NA,NA,NA,NA,"IMPDv1:IMPD_16657",1637,"IMPDv1","IMPD_16657",NA,26.48,26.48,"cm",NA,"Radiocarbon","concentrated charcoal",1170,35,1088,NA,"CAMS 110400",TRUE,NA,"na Date is in uncalibrated radiocarbon years.","Xindi - charcoal db_SIEVED","counted","NaN-NaN",NA,NA,"",1170,1135,1205,1170,26.48,NA,"na Date is in uncalibrated radiocarbon years.",". Cal curve: NA. Source DB: IMPDv1","Lacustrine","Carbon-14","Radiocarbon",-52,18017,"Calibrated radiocarbon years BP","sedimentary charcoal","Data Sourcing: IMPDv1 #charcoal_recommendedformat","Sample Age Source: IMPDv1"
"1637",29,"charcoal | num",14.5,14.75,15,0.5,1543.5,1493,1594,"IMPDv1","Charcoal (sum)","(additional options)",NA,NA,"False","False","number","Macroscopic charcoal (sieved)","direct",NA,"CHAR",15,NA,NA,"quant_raw",5,"volume","cm^3","IMPDv1","IMPD_16657","charcoal","count","char","wet_sieve","particle","num","count","no_size","num","IMPDv1","measured",1,"IMPDv1",NA,"Xindi - charcoal db",67.111667,-159.491667,NA,"north",NA,NA,"sedlac",1637,0,NA,"Higuera,P.E.;Brubaker,L.B.;Anderson,P.M.;Hu,F.S.;Brown,T.A.;. Xindi - charcoal db. NOAA/WDS Paleoclimatology IMPD study 16657",NA,NA,NA,NA,NA,NA,NA,NA,NA,NA,NA,NA,NA,NA,"https://www.ncei.noaa.gov/access/paleo-search/study/16657",NA,NA,NA,NA,"noaa_study_id=16657; original pub in IMPD datafile header","IMPDv1:IMPD_16657",1637,"Higuera,P.E.",1,"Higuera","P.E.",NA,NA,NA,NA,NA,NA,NA,NA,NA,"IMPDv1:IMPD_16657",1637,"IMPDv1","IMPD_16657",NA,26.48,26.48,"cm",NA,"Radiocarbon","concentrated charcoal",1170,35,1088,NA,"CAMS 110400",TRUE,NA,"na Date is in uncalibrated radiocarbon years.","Xindi - charcoal db_SIEVED","counted","NaN-NaN",NA,NA,"",1170,1135,1205,1170,26.48,NA,"na Date is in uncalibrated radiocarbon years.",". Cal curve: NA. Source DB: IMPDv1","Lacustrine","Carbon-14","Radiocarbon",-52,18017,"Calibrated radiocarbon years BP","sedimentary charcoal","Data Sourcing: IMPDv1 #charcoal_recommendedformat","Sample Age Source: IMPDv1"
"1637",30,"charcoal | num",15,15.25,15.5,0.5,1644.5,1594,1695,"IMPDv1","Charcoal (sum)","(additional options)",NA,NA,"False","False","number","Macroscopic charcoal (sieved)","direct",NA,"CHAR",9,NA,NA,"quant_raw",5,"volume","cm^3","IMPDv1","IMPD_16657","charcoal","count","char","wet_sieve","particle","num","count","no_size","num","IMPDv1","measured",1,"IMPDv1",NA,"Xindi - charcoal db",67.111667,-159.491667,NA,"north",NA,NA,"sedlac",1637,0,NA,"Higuera,P.E.;Brubaker,L.B.;Anderson,P.M.;Hu,F.S.;Brown,T.A.;. Xindi - charcoal db. NOAA/WDS Paleoclimatology IMPD study 16657",NA,NA,NA,NA,NA,NA,NA,NA,NA,NA,NA,NA,NA,NA,"https://www.ncei.noaa.gov/access/paleo-search/study/16657",NA,NA,NA,NA,"noaa_study_id=16657; original pub in IMPD datafile header","IMPDv1:IMPD_16657",1637,"Higuera,P.E.",1,"Higuera","P.E.",NA,NA,NA,NA,NA,NA,NA,NA,NA,"IMPDv1:IMPD_16657",1637,"IMPDv1","IMPD_16657",NA,26.48,26.48,"cm",NA,"Radiocarbon","concentrated charcoal",1170,35,1088,NA,"CAMS 110400",TRUE,NA,"na Date is in uncalibrated radiocarbon years.","Xindi - charcoal db_SIEVED","counted","NaN-NaN",NA,NA,"",1170,1135,1205,1170,26.48,NA,"na Date is in uncalibrated radiocarbon years.",". Cal curve: NA. Source DB: IMPDv1","Lacustrine","Carbon-14","Radiocarbon",-52,18017,"Calibrated radiocarbon years BP","sedimentary charcoal","Data Sourcing: IMPDv1 #charcoal_recommendedformat","Sample Age Source: IMPDv1"
"1637",31,"charcoal | num",15.5,15.75,16,0.5,1745.5,1695,1796,"IMPDv1","Charcoal (sum)","(additional options)",NA,NA,"False","False","number","Macroscopic charcoal (sieved)","direct",NA,"CHAR",18,NA,NA,"quant_raw",5,"volume","cm^3","IMPDv1","IMPD_16657","charcoal","count","char","wet_sieve","particle","num","count","no_size","num","IMPDv1","measured",1,"IMPDv1",NA,"Xindi - charcoal db",67.111667,-159.491667,NA,"north",NA,NA,"sedlac",1637,0,NA,"Higuera,P.E.;Brubaker,L.B.;Anderson,P.M.;Hu,F.S.;Brown,T.A.;. Xindi - charcoal db. NOAA/WDS Paleoclimatology IMPD study 16657",NA,NA,NA,NA,NA,NA,NA,NA,NA,NA,NA,NA,NA,NA,"https://www.ncei.noaa.gov/access/paleo-search/study/16657",NA,NA,NA,NA,"noaa_study_id=16657; original pub in IMPD datafile header","IMPDv1:IMPD_16657",1637,"Higuera,P.E.",1,"Higuera","P.E.",NA,NA,NA,NA,NA,NA,NA,NA,NA,"IMPDv1:IMPD_16657",1637,"IMPDv1","IMPD_16657",NA,26.48,26.48,"cm",NA,"Radiocarbon","concentrated charcoal",1170,35,1088,NA,"CAMS 110400",TRUE,NA,"na Date is in uncalibrated radiocarbon years.","Xindi - charcoal db_SIEVED","counted","NaN-NaN",NA,NA,"",1170,1135,1205,1170,26.48,NA,"na Date is in uncalibrated radiocarbon years.",". Cal curve: NA. Source DB: IMPDv1","Lacustrine","Carbon-14","Radiocarbon",-52,18017,"Calibrated radiocarbon years BP","sedimentary charcoal","Data Sourcing: IMPDv1 #charcoal_recommendedformat","Sample Age Source: IMPDv1"
"1637",32,"charcoal | num",16,16.25,16.5,0.5,1846,1796,1896,"IMPDv1","Charcoal (sum)","(additional options)",NA,NA,"False","False","number","Macroscopic charcoal (sieved)","direct",NA,"CHAR",22,NA,NA,"quant_raw",5,"volume","cm^3","IMPDv1","IMPD_16657","charcoal","count","char","wet_sieve","particle","num","count","no_size","num","IMPDv1","measured",1,"IMPDv1",NA,"Xindi - charcoal db",67.111667,-159.491667,NA,"north",NA,NA,"sedlac",1637,0,NA,"Higuera,P.E.;Brubaker,L.B.;Anderson,P.M.;Hu,F.S.;Brown,T.A.;. Xindi - charcoal db. NOAA/WDS Paleoclimatology IMPD study 16657",NA,NA,NA,NA,NA,NA,NA,NA,NA,NA,NA,NA,NA,NA,"https://www.ncei.noaa.gov/access/paleo-search/study/16657",NA,NA,NA,NA,"noaa_study_id=16657; original pub in IMPD datafile header","IMPDv1:IMPD_16657",1637,"Higuera,P.E.",1,"Higuera","P.E.",NA,NA,NA,NA,NA,NA,NA,NA,NA,"IMPDv1:IMPD_16657",1637,"IMPDv1","IMPD_16657",NA,26.48,26.48,"cm",NA,"Radiocarbon","concentrated charcoal",1170,35,1088,NA,"CAMS 110400",TRUE,NA,"na Date is in uncalibrated radiocarbon years.","Xindi - charcoal db_SIEVED","counted","NaN-NaN",NA,NA,"",1170,1135,1205,1170,26.48,NA,"na Date is in uncalibrated radiocarbon years.",". Cal curve: NA. Source DB: IMPDv1","Lacustrine","Carbon-14","Radiocarbon",-52,18017,"Calibrated radiocarbon years BP","sedimentary charcoal","Data Sourcing: IMPDv1 #charcoal_recommendedformat","Sample Age Source: IMPDv1"
"1637",33,"charcoal | num",16.5,16.75,17,0.5,1946,1896,1996,"IMPDv1","Charcoal (sum)","(additional options)",NA,NA,"False","False","number","Macroscopic charcoal (sieved)","direct",NA,"CHAR",51,NA,NA,"quant_raw",5,"volume","cm^3","IMPDv1","IMPD_16657","charcoal","count","char","wet_sieve","particle","num","count","no_size","num","IMPDv1","measured",1,"IMPDv1",NA,"Xindi - charcoal db",67.111667,-159.491667,NA,"north",NA,NA,"sedlac",1637,0,NA,"Higuera,P.E.;Brubaker,L.B.;Anderson,P.M.;Hu,F.S.;Brown,T.A.;. Xindi - charcoal db. NOAA/WDS Paleoclimatology IMPD study 16657",NA,NA,NA,NA,NA,NA,NA,NA,NA,NA,NA,NA,NA,NA,"https://www.ncei.noaa.gov/access/paleo-search/study/16657",NA,NA,NA,NA,"noaa_study_id=16657; original pub in IMPD datafile header","IMPDv1:IMPD_16657",1637,"Higuera,P.E.",1,"Higuera","P.E.",NA,NA,NA,NA,NA,NA,NA,NA,NA,"IMPDv1:IMPD_16657",1637,"IMPDv1","IMPD_16657",NA,26.48,26.48,"cm",NA,"Radiocarbon","concentrated charcoal",1170,35,1088,NA,"CAMS 110400",TRUE,NA,"na Date is in uncalibrated radiocarbon years.","Xindi - charcoal db_SIEVED","counted","NaN-NaN",NA,NA,"",1170,1135,1205,1170,26.48,NA,"na Date is in uncalibrated radiocarbon years.",". Cal curve: NA. Source DB: IMPDv1","Lacustrine","Carbon-14","Radiocarbon",-52,18017,"Calibrated radiocarbon years BP","sedimentary charcoal","Data Sourcing: IMPDv1 #charcoal_recommendedformat","Sample Age Source: IMPDv1"
"1637",34,"charcoal | num",17,17.25,17.5,0.5,2045.5,1996,2095,"IMPDv1","Charcoal (sum)","(additional options)",NA,NA,"False","False","number","Macroscopic charcoal (sieved)","direct",NA,"CHAR",45,NA,NA,"quant_raw",5,"volume","cm^3","IMPDv1","IMPD_16657","charcoal","count","char","wet_sieve","particle","num","count","no_size","num","IMPDv1","measured",1,"IMPDv1",NA,"Xindi - charcoal db",67.111667,-159.491667,NA,"north",NA,NA,"sedlac",1637,0,NA,"Higuera,P.E.;Brubaker,L.B.;Anderson,P.M.;Hu,F.S.;Brown,T.A.;. Xindi - charcoal db. NOAA/WDS Paleoclimatology IMPD study 16657",NA,NA,NA,NA,NA,NA,NA,NA,NA,NA,NA,NA,NA,NA,"https://www.ncei.noaa.gov/access/paleo-search/study/16657",NA,NA,NA,NA,"noaa_study_id=16657; original pub in IMPD datafile header","IMPDv1:IMPD_16657",1637,"Higuera,P.E.",1,"Higuera","P.E.",NA,NA,NA,NA,NA,NA,NA,NA,NA,"IMPDv1:IMPD_16657",1637,"IMPDv1","IMPD_16657",NA,26.48,26.48,"cm",NA,"Radiocarbon","concentrated charcoal",1170,35,1088,NA,"CAMS 110400",TRUE,NA,"na Date is in uncalibrated radiocarbon years.","Xindi - charcoal db_SIEVED","counted","NaN-NaN",NA,NA,"",1170,1135,1205,1170,26.48,NA,"na Date is in uncalibrated radiocarbon years.",". Cal curve: NA. Source DB: IMPDv1","Lacustrine","Carbon-14","Radiocarbon",-52,18017,"Calibrated radiocarbon years BP","sedimentary charcoal","Data Sourcing: IMPDv1 #charcoal_recommendedformat","Sample Age Source: IMPDv1"
"1637",35,"charcoal | num",17.5,17.75,18,0.5,2144.5,2095,2194,"IMPDv1","Charcoal (sum)","(additional options)",NA,NA,"False","False","number","Macroscopic charcoal (sieved)","direct",NA,"CHAR",120,NA,NA,"quant_raw",5,"volume","cm^3","IMPDv1","IMPD_16657","charcoal","count","char","wet_sieve","particle","num","count","no_size","num","IMPDv1","measured",1,"IMPDv1",NA,"Xindi - charcoal db",67.111667,-159.491667,NA,"north",NA,NA,"sedlac",1637,0,NA,"Higuera,P.E.;Brubaker,L.B.;Anderson,P.M.;Hu,F.S.;Brown,T.A.;. Xindi - charcoal db. NOAA/WDS Paleoclimatology IMPD study 16657",NA,NA,NA,NA,NA,NA,NA,NA,NA,NA,NA,NA,NA,NA,"https://www.ncei.noaa.gov/access/paleo-search/study/16657",NA,NA,NA,NA,"noaa_study_id=16657; original pub in IMPD datafile header","IMPDv1:IMPD_16657",1637,"Higuera,P.E.",1,"Higuera","P.E.",NA,NA,NA,NA,NA,NA,NA,NA,NA,"IMPDv1:IMPD_16657",1637,"IMPDv1","IMPD_16657",NA,26.48,26.48,"cm",NA,"Radiocarbon","concentrated charcoal",1170,35,1088,NA,"CAMS 110400",TRUE,NA,"na Date is in uncalibrated radiocarbon years.","Xindi - charcoal db_SIEVED","counted","NaN-NaN",NA,NA,"",1170,1135,1205,1170,26.48,NA,"na Date is in uncalibrated radiocarbon years.",". Cal curve: NA. Source DB: IMPDv1","Lacustrine","Carbon-14","Radiocarbon",-52,18017,"Calibrated radiocarbon years BP","sedimentary charcoal","Data Sourcing: IMPDv1 #charcoal_recommendedformat","Sample Age Source: IMPDv1"
"1637",36,"charcoal | num",18,18.25,18.5,0.5,2243.5,2194,2293,"IMPDv1","Charcoal (sum)","(additional options)",NA,NA,"False","False","number","Macroscopic charcoal (sieved)","direct",NA,"CHAR",84,NA,NA,"quant_raw",5,"volume","cm^3","IMPDv1","IMPD_16657","charcoal","count","char","wet_sieve","particle","num","count","no_size","num","IMPDv1","measured",1,"IMPDv1",NA,"Xindi - charcoal db",67.111667,-159.491667,NA,"north",NA,NA,"sedlac",1637,0,NA,"Higuera,P.E.;Brubaker,L.B.;Anderson,P.M.;Hu,F.S.;Brown,T.A.;. Xindi - charcoal db. NOAA/WDS Paleoclimatology IMPD study 16657",NA,NA,NA,NA,NA,NA,NA,NA,NA,NA,NA,NA,NA,NA,"https://www.ncei.noaa.gov/access/paleo-search/study/16657",NA,NA,NA,NA,"noaa_study_id=16657; original pub in IMPD datafile header","IMPDv1:IMPD_16657",1637,"Higuera,P.E.",1,"Higuera","P.E.",NA,NA,NA,NA,NA,NA,NA,NA,NA,"IMPDv1:IMPD_16657",1637,"IMPDv1","IMPD_16657",NA,26.48,26.48,"cm",NA,"Radiocarbon","concentrated charcoal",1170,35,1088,NA,"CAMS 110400",TRUE,NA,"na Date is in uncalibrated radiocarbon years.","Xindi - charcoal db_SIEVED","counted","NaN-NaN",NA,NA,"",1170,1135,1205,1170,26.48,NA,"na Date is in uncalibrated radiocarbon years.",". Cal curve: NA. Source DB: IMPDv1","Lacustrine","Carbon-14","Radiocarbon",-52,18017,"Calibrated radiocarbon years BP","sedimentary charcoal","Data Sourcing: IMPDv1 #charcoal_recommendedformat","Sample Age Source: IMPDv1"
"1637",37,"charcoal | num",18.5,18.75,19,0.5,2341.5,2293,2390,"IMPDv1","Charcoal (sum)","(additional options)",NA,NA,"False","False","number","Macroscopic charcoal (sieved)","direct",NA,"CHAR",43,NA,NA,"quant_raw",5,"volume","cm^3","IMPDv1","IMPD_16657","charcoal","count","char","wet_sieve","particle","num","count","no_size","num","IMPDv1","measured",1,"IMPDv1",NA,"Xindi - charcoal db",67.111667,-159.491667,NA,"north",NA,NA,"sedlac",1637,0,NA,"Higuera,P.E.;Brubaker,L.B.;Anderson,P.M.;Hu,F.S.;Brown,T.A.;. Xindi - charcoal db. NOAA/WDS Paleoclimatology IMPD study 16657",NA,NA,NA,NA,NA,NA,NA,NA,NA,NA,NA,NA,NA,NA,"https://www.ncei.noaa.gov/access/paleo-search/study/16657",NA,NA,NA,NA,"noaa_study_id=16657; original pub in IMPD datafile header","IMPDv1:IMPD_16657",1637,"Higuera,P.E.",1,"Higuera","P.E.",NA,NA,NA,NA,NA,NA,NA,NA,NA,"IMPDv1:IMPD_16657",1637,"IMPDv1","IMPD_16657",NA,26.48,26.48,"cm",NA,"Radiocarbon","concentrated charcoal",1170,35,1088,NA,"CAMS 110400",TRUE,NA,"na Date is in uncalibrated radiocarbon years.","Xindi - charcoal db_SIEVED","counted","NaN-NaN",NA,NA,"",1170,1135,1205,1170,26.48,NA,"na Date is in uncalibrated radiocarbon years.",". Cal curve: NA. Source DB: IMPDv1","Lacustrine","Carbon-14","Radiocarbon",-52,18017,"Calibrated radiocarbon years BP","sedimentary charcoal","Data Sourcing: IMPDv1 #charcoal_recommendedformat","Sample Age Source: IMPDv1"
"1637",38,"charcoal | num",19,19.25,19.5,0.5,2439,2390,2488,"IMPDv1","Charcoal (sum)","(additional options)",NA,NA,"False","False","number","Macroscopic charcoal (sieved)","direct",NA,"CHAR",94,NA,NA,"quant_raw",5,"volume","cm^3","IMPDv1","IMPD_16657","charcoal","count","char","wet_sieve","particle","num","count","no_size","num","IMPDv1","measured",1,"IMPDv1",NA,"Xindi - charcoal db",67.111667,-159.491667,NA,"north",NA,NA,"sedlac",1637,0,NA,"Higuera,P.E.;Brubaker,L.B.;Anderson,P.M.;Hu,F.S.;Brown,T.A.;. Xindi - charcoal db. NOAA/WDS Paleoclimatology IMPD study 16657",NA,NA,NA,NA,NA,NA,NA,NA,NA,NA,NA,NA,NA,NA,"https://www.ncei.noaa.gov/access/paleo-search/study/16657",NA,NA,NA,NA,"noaa_study_id=16657; original pub in IMPD datafile header","IMPDv1:IMPD_16657",1637,"Higuera,P.E.",1,"Higuera","P.E.",NA,NA,NA,NA,NA,NA,NA,NA,NA,"IMPDv1:IMPD_16657",1637,"IMPDv1","IMPD_16657",NA,26.48,26.48,"cm",NA,"Radiocarbon","concentrated charcoal",1170,35,1088,NA,"CAMS 110400",TRUE,NA,"na Date is in uncalibrated radiocarbon years.","Xindi - charcoal db_SIEVED","counted","NaN-NaN",NA,NA,"",1170,1135,1205,1170,26.48,NA,"na Date is in uncalibrated radiocarbon years.",". Cal curve: NA. Source DB: IMPDv1","Lacustrine","Carbon-14","Radiocarbon",-52,18017,"Calibrated radiocarbon years BP","sedimentary charcoal","Data Sourcing: IMPDv1 #charcoal_recommendedformat","Sample Age Source: IMPDv1"
"1637",39,"charcoal | num",19.5,19.75,20,0.5,2536,2488,2584,"IMPDv1","Charcoal (sum)","(additional options)",NA,NA,"False","False","number","Macroscopic charcoal (sieved)","direct",NA,"CHAR",55,NA,NA,"quant_raw",5,"volume","cm^3","IMPDv1","IMPD_16657","charcoal","count","char","wet_sieve","particle","num","count","no_size","num","IMPDv1","measured",1,"IMPDv1",NA,"Xindi - charcoal db",67.111667,-159.491667,NA,"north",NA,NA,"sedlac",1637,0,NA,"Higuera,P.E.;Brubaker,L.B.;Anderson,P.M.;Hu,F.S.;Brown,T.A.;. Xindi - charcoal db. NOAA/WDS Paleoclimatology IMPD study 16657",NA,NA,NA,NA,NA,NA,NA,NA,NA,NA,NA,NA,NA,NA,"https://www.ncei.noaa.gov/access/paleo-search/study/16657",NA,NA,NA,NA,"noaa_study_id=16657; original pub in IMPD datafile header","IMPDv1:IMPD_16657",1637,"Higuera,P.E.",1,"Higuera","P.E.",NA,NA,NA,NA,NA,NA,NA,NA,NA,"IMPDv1:IMPD_16657",1637,"IMPDv1","IMPD_16657",NA,29.5,29.5,"cm",NA,"Radiocarbon","concentrated Picea pollen",2445,50,2520,NA,"CAMS 100062",TRUE,NA,"Date not used in chronology; see Results for explanation. Date is in uncalibrated radiocarbon years.","Xindi - charcoal db_SIEVED","counted","NaN-NaN",NA,NA,"",2445,2395,2495,2445,29.5,NA,"Date not used in chronology; see Results for explanation. Date is in uncalibrated radiocarbon years.",". Cal curve: NA. Source DB: IMPDv1","Lacustrine","Carbon-14","Radiocarbon",-52,18017,"Calibrated radiocarbon years BP","sedimentary charcoal","Data Sourcing: IMPDv1 #charcoal_recommendedformat","Sample Age Source: IMPDv1"
"1637",40,"charcoal | num",20,20.25,20.5,0.5,2632,2584,2680,"IMPDv1","Charcoal (sum)","(additional options)",NA,NA,"False","False","number","Macroscopic charcoal (sieved)","direct",NA,"CHAR",18,NA,NA,"quant_raw",5,"volume","cm^3","IMPDv1","IMPD_16657","charcoal","count","char","wet_sieve","particle","num","count","no_size","num","IMPDv1","measured",1,"IMPDv1",NA,"Xindi - charcoal db",67.111667,-159.491667,NA,"north",NA,NA,"sedlac",1637,0,NA,"Higuera,P.E.;Brubaker,L.B.;Anderson,P.M.;Hu,F.S.;Brown,T.A.;. Xindi - charcoal db. NOAA/WDS Paleoclimatology IMPD study 16657",NA,NA,NA,NA,NA,NA,NA,NA,NA,NA,NA,NA,NA,NA,"https://www.ncei.noaa.gov/access/paleo-search/study/16657",NA,NA,NA,NA,"noaa_study_id=16657; original pub in IMPD datafile header","IMPDv1:IMPD_16657",1637,"Higuera,P.E.",1,"Higuera","P.E.",NA,NA,NA,NA,NA,NA,NA,NA,NA,"IMPDv1:IMPD_16657",1637,"IMPDv1","IMPD_16657",NA,29.5,29.5,"cm",NA,"Radiocarbon","concentrated Picea pollen",2445,50,2520,NA,"CAMS 100062",TRUE,NA,"Date not used in chronology; see Results for explanation. Date is in uncalibrated radiocarbon years.","Xindi - charcoal db_SIEVED","counted","NaN-NaN",NA,NA,"",2445,2395,2495,2445,29.5,NA,"Date not used in chronology; see Results for explanation. Date is in uncalibrated radiocarbon years.",". Cal curve: NA. Source DB: IMPDv1","Lacustrine","Carbon-14","Radiocarbon",-52,18017,"Calibrated radiocarbon years BP","sedimentary charcoal","Data Sourcing: IMPDv1 #charcoal_recommendedformat","Sample Age Source: IMPDv1"
"1637",41,"charcoal | num",20.5,20.75,21,0.5,2728,2680,2776,"IMPDv1","Charcoal (sum)","(additional options)",NA,NA,"False","False","number","Macroscopic charcoal (sieved)","direct",NA,"CHAR",15,NA,NA,"quant_raw",5,"volume","cm^3","IMPDv1","IMPD_16657","charcoal","count","char","wet_sieve","particle","num","count","no_size","num","IMPDv1","measured",1,"IMPDv1",NA,"Xindi - charcoal db",67.111667,-159.491667,NA,"north",NA,NA,"sedlac",1637,0,NA,"Higuera,P.E.;Brubaker,L.B.;Anderson,P.M.;Hu,F.S.;Brown,T.A.;. Xindi - charcoal db. NOAA/WDS Paleoclimatology IMPD study 16657",NA,NA,NA,NA,NA,NA,NA,NA,NA,NA,NA,NA,NA,NA,"https://www.ncei.noaa.gov/access/paleo-search/study/16657",NA,NA,NA,NA,"noaa_study_id=16657; original pub in IMPD datafile header","IMPDv1:IMPD_16657",1637,"Higuera,P.E.",1,"Higuera","P.E.",NA,NA,NA,NA,NA,NA,NA,NA,NA,"IMPDv1:IMPD_16657",1637,"IMPDv1","IMPD_16657",NA,29.5,29.5,"cm",NA,"Radiocarbon","concentrated Picea pollen",2445,50,2520,NA,"CAMS 100062",TRUE,NA,"Date not used in chronology; see Results for explanation. Date is in uncalibrated radiocarbon years.","Xindi - charcoal db_SIEVED","counted","NaN-NaN",NA,NA,"",2445,2395,2495,2445,29.5,NA,"Date not used in chronology; see Results for explanation. Date is in uncalibrated radiocarbon years.",". Cal curve: NA. Source DB: IMPDv1","Lacustrine","Carbon-14","Radiocarbon",-52,18017,"Calibrated radiocarbon years BP","sedimentary charcoal","Data Sourcing: IMPDv1 #charcoal_recommendedformat","Sample Age Source: IMPDv1"
"1637",42,"charcoal | num",21,21.25,21.5,0.5,2823,2776,2870,"IMPDv1","Charcoal (sum)","(additional options)",NA,NA,"False","False","number","Macroscopic charcoal (sieved)","direct",NA,"CHAR",27,NA,NA,"quant_raw",5,"volume","cm^3","IMPDv1","IMPD_16657","charcoal","count","char","wet_sieve","particle","num","count","no_size","num","IMPDv1","measured",1,"IMPDv1",NA,"Xindi - charcoal db",67.111667,-159.491667,NA,"north",NA,NA,"sedlac",1637,0,NA,"Higuera,P.E.;Brubaker,L.B.;Anderson,P.M.;Hu,F.S.;Brown,T.A.;. Xindi - charcoal db. NOAA/WDS Paleoclimatology IMPD study 16657",NA,NA,NA,NA,NA,NA,NA,NA,NA,NA,NA,NA,NA,NA,"https://www.ncei.noaa.gov/access/paleo-search/study/16657",NA,NA,NA,NA,"noaa_study_id=16657; original pub in IMPD datafile header","IMPDv1:IMPD_16657",1637,"Higuera,P.E.",1,"Higuera","P.E.",NA,NA,NA,NA,NA,NA,NA,NA,NA,"IMPDv1:IMPD_16657",1637,"IMPDv1","IMPD_16657",NA,29.5,29.5,"cm",NA,"Radiocarbon","concentrated Picea pollen",2445,50,2520,NA,"CAMS 100062",TRUE,NA,"Date not used in chronology; see Results for explanation. Date is in uncalibrated radiocarbon years.","Xindi - charcoal db_SIEVED","counted","NaN-NaN",NA,NA,"",2445,2395,2495,2445,29.5,NA,"Date not used in chronology; see Results for explanation. Date is in uncalibrated radiocarbon years.",". Cal curve: NA. Source DB: IMPDv1","Lacustrine","Carbon-14","Radiocarbon",-52,18017,"Calibrated radiocarbon years BP","sedimentary charcoal","Data Sourcing: IMPDv1 #charcoal_recommendedformat","Sample Age Source: IMPDv1"
"1637",43,"charcoal | num",21.5,21.75,22,0.5,2917,2870,2964,"IMPDv1","Charcoal (sum)","(additional options)",NA,NA,"False","False","number","Macroscopic charcoal (sieved)","direct",NA,"CHAR",56,NA,NA,"quant_raw",5,"volume","cm^3","IMPDv1","IMPD_16657","charcoal","count","char","wet_sieve","particle","num","count","no_size","num","IMPDv1","measured",1,"IMPDv1",NA,"Xindi - charcoal db",67.111667,-159.491667,NA,"north",NA,NA,"sedlac",1637,0,NA,"Higuera,P.E.;Brubaker,L.B.;Anderson,P.M.;Hu,F.S.;Brown,T.A.;. Xindi - charcoal db. NOAA/WDS Paleoclimatology IMPD study 16657",NA,NA,NA,NA,NA,NA,NA,NA,NA,NA,NA,NA,NA,NA,"https://www.ncei.noaa.gov/access/paleo-search/study/16657",NA,NA,NA,NA,"noaa_study_id=16657; original pub in IMPD datafile header","IMPDv1:IMPD_16657",1637,"Higuera,P.E.",1,"Higuera","P.E.",NA,NA,NA,NA,NA,NA,NA,NA,NA,"IMPDv1:IMPD_16657",1637,"IMPDv1","IMPD_16657",NA,29.5,29.5,"cm",NA,"Radiocarbon","concentrated Picea pollen",2445,50,2520,NA,"CAMS 100062",TRUE,NA,"Date not used in chronology; see Results for explanation. Date is in uncalibrated radiocarbon years.","Xindi - charcoal db_SIEVED","counted","NaN-NaN",NA,NA,"",2445,2395,2495,2445,29.5,NA,"Date not used in chronology; see Results for explanation. Date is in uncalibrated radiocarbon years.",". Cal curve: NA. Source DB: IMPDv1","Lacustrine","Carbon-14","Radiocarbon",-52,18017,"Calibrated radiocarbon years BP","sedimentary charcoal","Data Sourcing: IMPDv1 #charcoal_recommendedformat","Sample Age Source: IMPDv1"
"1637",44,"charcoal | num",22,22.25,22.5,0.5,3010.5,2964,3057,"IMPDv1","Charcoal (sum)","(additional options)",NA,NA,"False","False","number","Macroscopic charcoal (sieved)","direct",NA,"CHAR",73,NA,NA,"quant_raw",5,"volume","cm^3","IMPDv1","IMPD_16657","charcoal","count","char","wet_sieve","particle","num","count","no_size","num","IMPDv1","measured",1,"IMPDv1",NA,"Xindi - charcoal db",67.111667,-159.491667,NA,"north",NA,NA,"sedlac",1637,0,NA,"Higuera,P.E.;Brubaker,L.B.;Anderson,P.M.;Hu,F.S.;Brown,T.A.;. Xindi - charcoal db. NOAA/WDS Paleoclimatology IMPD study 16657",NA,NA,NA,NA,NA,NA,NA,NA,NA,NA,NA,NA,NA,NA,"https://www.ncei.noaa.gov/access/paleo-search/study/16657",NA,NA,NA,NA,"noaa_study_id=16657; original pub in IMPD datafile header","IMPDv1:IMPD_16657",1637,"Higuera,P.E.",1,"Higuera","P.E.",NA,NA,NA,NA,NA,NA,NA,NA,NA,"IMPDv1:IMPD_16657",1637,"IMPDv1","IMPD_16657",NA,29.5,29.5,"cm",NA,"Radiocarbon","concentrated Picea pollen",2445,50,2520,NA,"CAMS 100062",TRUE,NA,"Date not used in chronology; see Results for explanation. Date is in uncalibrated radiocarbon years.","Xindi - charcoal db_SIEVED","counted","NaN-NaN",NA,NA,"",2445,2395,2495,2445,29.5,NA,"Date not used in chronology; see Results for explanation. Date is in uncalibrated radiocarbon years.",". Cal curve: NA. Source DB: IMPDv1","Lacustrine","Carbon-14","Radiocarbon",-52,18017,"Calibrated radiocarbon years BP","sedimentary charcoal","Data Sourcing: IMPDv1 #charcoal_recommendedformat","Sample Age Source: IMPDv1"
"1637",45,"charcoal | num",22.5,22.75,23,0.5,3103.5,3057,3150,"IMPDv1","Charcoal (sum)","(additional options)",NA,NA,"False","False","number","Macroscopic charcoal (sieved)","direct",NA,"CHAR",67,NA,NA,"quant_raw",5,"volume","cm^3","IMPDv1","IMPD_16657","charcoal","count","char","wet_sieve","particle","num","count","no_size","num","IMPDv1","measured",1,"IMPDv1",NA,"Xindi - charcoal db",67.111667,-159.491667,NA,"north",NA,NA,"sedlac",1637,0,NA,"Higuera,P.E.;Brubaker,L.B.;Anderson,P.M.;Hu,F.S.;Brown,T.A.;. Xindi - charcoal db. NOAA/WDS Paleoclimatology IMPD study 16657",NA,NA,NA,NA,NA,NA,NA,NA,NA,NA,NA,NA,NA,NA,"https://www.ncei.noaa.gov/access/paleo-search/study/16657",NA,NA,NA,NA,"noaa_study_id=16657; original pub in IMPD datafile header","IMPDv1:IMPD_16657",1637,"Higuera,P.E.",1,"Higuera","P.E.",NA,NA,NA,NA,NA,NA,NA,NA,NA,"IMPDv1:IMPD_16657",1637,"IMPDv1","IMPD_16657",NA,29.5,29.5,"cm",NA,"Radiocarbon","concentrated Picea pollen",2445,50,2520,NA,"CAMS 100062",TRUE,NA,"Date not used in chronology; see Results for explanation. Date is in uncalibrated radiocarbon years.","Xindi - charcoal db_SIEVED","counted","NaN-NaN",NA,NA,"",2445,2395,2495,2445,29.5,NA,"Date not used in chronology; see Results for explanation. Date is in uncalibrated radiocarbon years.",". Cal curve: NA. Source DB: IMPDv1","Lacustrine","Carbon-14","Radiocarbon",-52,18017,"Calibrated radiocarbon years BP","sedimentary charcoal","Data Sourcing: IMPDv1 #charcoal_recommendedformat","Sample Age Source: IMPDv1"
"1637",46,"charcoal | num",23,23.25,23.5,0.5,3195.5,3150,3241,"IMPDv1","Charcoal (sum)","(additional options)",NA,NA,"False","False","number","Macroscopic charcoal (sieved)","direct",NA,"CHAR",36,NA,NA,"quant_raw",5,"volume","cm^3","IMPDv1","IMPD_16657","charcoal","count","char","wet_sieve","particle","num","count","no_size","num","IMPDv1","measured",1,"IMPDv1",NA,"Xindi - charcoal db",67.111667,-159.491667,NA,"north",NA,NA,"sedlac",1637,0,NA,"Higuera,P.E.;Brubaker,L.B.;Anderson,P.M.;Hu,F.S.;Brown,T.A.;. Xindi - charcoal db. NOAA/WDS Paleoclimatology IMPD study 16657",NA,NA,NA,NA,NA,NA,NA,NA,NA,NA,NA,NA,NA,NA,"https://www.ncei.noaa.gov/access/paleo-search/study/16657",NA,NA,NA,NA,"noaa_study_id=16657; original pub in IMPD datafile header","IMPDv1:IMPD_16657",1637,"Higuera,P.E.",1,"Higuera","P.E.",NA,NA,NA,NA,NA,NA,NA,NA,NA,"IMPDv1:IMPD_16657",1637,"IMPDv1","IMPD_16657",NA,29.5,29.5,"cm",NA,"Radiocarbon","concentrated Picea pollen",2445,50,2520,NA,"CAMS 100062",TRUE,NA,"Date not used in chronology; see Results for explanation. Date is in uncalibrated radiocarbon years.","Xindi - charcoal db_SIEVED","counted","NaN-NaN",NA,NA,"",2445,2395,2495,2445,29.5,NA,"Date not used in chronology; see Results for explanation. Date is in uncalibrated radiocarbon years.",". Cal curve: NA. Source DB: IMPDv1","Lacustrine","Carbon-14","Radiocarbon",-52,18017,"Calibrated radiocarbon years BP","sedimentary charcoal","Data Sourcing: IMPDv1 #charcoal_recommendedformat","Sample Age Source: IMPDv1"
"1637",47,"charcoal | num",23.5,23.75,24,0.5,3286.5,3241,3332,"IMPDv1","Charcoal (sum)","(additional options)",NA,NA,"False","False","number","Macroscopic charcoal (sieved)","direct",NA,"CHAR",35,NA,NA,"quant_raw",5,"volume","cm^3","IMPDv1","IMPD_16657","charcoal","count","char","wet_sieve","particle","num","count","no_size","num","IMPDv1","measured",1,"IMPDv1",NA,"Xindi - charcoal db",67.111667,-159.491667,NA,"north",NA,NA,"sedlac",1637,0,NA,"Higuera,P.E.;Brubaker,L.B.;Anderson,P.M.;Hu,F.S.;Brown,T.A.;. Xindi - charcoal db. NOAA/WDS Paleoclimatology IMPD study 16657",NA,NA,NA,NA,NA,NA,NA,NA,NA,NA,NA,NA,NA,NA,"https://www.ncei.noaa.gov/access/paleo-search/study/16657",NA,NA,NA,NA,"noaa_study_id=16657; original pub in IMPD datafile header","IMPDv1:IMPD_16657",1637,"Higuera,P.E.",1,"Higuera","P.E.",NA,NA,NA,NA,NA,NA,NA,NA,NA,"IMPDv1:IMPD_16657",1637,"IMPDv1","IMPD_16657",NA,29.5,29.5,"cm",NA,"Radiocarbon","concentrated Picea pollen",2445,50,2520,NA,"CAMS 100062",TRUE,NA,"Date not used in chronology; see Results for explanation. Date is in uncalibrated radiocarbon years.","Xindi - charcoal db_SIEVED","counted","NaN-NaN",NA,NA,"",2445,2395,2495,2445,29.5,NA,"Date not used in chronology; see Results for explanation. Date is in uncalibrated radiocarbon years.",". Cal curve: NA. Source DB: IMPDv1","Lacustrine","Carbon-14","Radiocarbon",-52,18017,"Calibrated radiocarbon years BP","sedimentary charcoal","Data Sourcing: IMPDv1 #charcoal_recommendedformat","Sample Age Source: IMPDv1"
"1637",48,"charcoal | num",24,24.25,24.5,0.5,3377,3332,3422,"IMPDv1","Charcoal (sum)","(additional options)",NA,NA,"False","False","number","Macroscopic charcoal (sieved)","direct",NA,"CHAR",117,NA,NA,"quant_raw",5,"volume","cm^3","IMPDv1","IMPD_16657","charcoal","count","char","wet_sieve","particle","num","count","no_size","num","IMPDv1","measured",1,"IMPDv1",NA,"Xindi - charcoal db",67.111667,-159.491667,NA,"north",NA,NA,"sedlac",1637,0,NA,"Higuera,P.E.;Brubaker,L.B.;Anderson,P.M.;Hu,F.S.;Brown,T.A.;. Xindi - charcoal db. NOAA/WDS Paleoclimatology IMPD study 16657",NA,NA,NA,NA,NA,NA,NA,NA,NA,NA,NA,NA,NA,NA,"https://www.ncei.noaa.gov/access/paleo-search/study/16657",NA,NA,NA,NA,"noaa_study_id=16657; original pub in IMPD datafile header","IMPDv1:IMPD_16657",1637,"Higuera,P.E.",1,"Higuera","P.E.",NA,NA,NA,NA,NA,NA,NA,NA,NA,"IMPDv1:IMPD_16657",1637,"IMPDv1","IMPD_16657",NA,29.5,29.5,"cm",NA,"Radiocarbon","concentrated Picea pollen",2445,50,2520,NA,"CAMS 100062",TRUE,NA,"Date not used in chronology; see Results for explanation. Date is in uncalibrated radiocarbon years.","Xindi - charcoal db_SIEVED","counted","NaN-NaN",NA,NA,"",2445,2395,2495,2445,29.5,NA,"Date not used in chronology; see Results for explanation. Date is in uncalibrated radiocarbon years.",". Cal curve: NA. Source DB: IMPDv1","Lacustrine","Carbon-14","Radiocarbon",-52,18017,"Calibrated radiocarbon years BP","sedimentary charcoal","Data Sourcing: IMPDv1 #charcoal_recommendedformat","Sample Age Source: IMPDv1"
"1637",49,"charcoal | num",24.5,24.75,25,0.5,3466.5,3422,3511,"IMPDv1","Charcoal (sum)","(additional options)",NA,NA,"False","False","number","Macroscopic charcoal (sieved)","direct",NA,"CHAR",157,NA,NA,"quant_raw",5,"volume","cm^3","IMPDv1","IMPD_16657","charcoal","count","char","wet_sieve","particle","num","count","no_size","num","IMPDv1","measured",1,"IMPDv1",NA,"Xindi - charcoal db",67.111667,-159.491667,NA,"north",NA,NA,"sedlac",1637,0,NA,"Higuera,P.E.;Brubaker,L.B.;Anderson,P.M.;Hu,F.S.;Brown,T.A.;. Xindi - charcoal db. NOAA/WDS Paleoclimatology IMPD study 16657",NA,NA,NA,NA,NA,NA,NA,NA,NA,NA,NA,NA,NA,NA,"https://www.ncei.noaa.gov/access/paleo-search/study/16657",NA,NA,NA,NA,"noaa_study_id=16657; original pub in IMPD datafile header","IMPDv1:IMPD_16657",1637,"Higuera,P.E.",1,"Higuera","P.E.",NA,NA,NA,NA,NA,NA,NA,NA,NA,"IMPDv1:IMPD_16657",1637,"IMPDv1","IMPD_16657",NA,29.5,29.5,"cm",NA,"Radiocarbon","concentrated Picea pollen",2445,50,2520,NA,"CAMS 100062",TRUE,NA,"Date not used in chronology; see Results for explanation. Date is in uncalibrated radiocarbon years.","Xindi - charcoal db_SIEVED","counted","NaN-NaN",NA,NA,"",2445,2395,2495,2445,29.5,NA,"Date not used in chronology; see Results for explanation. Date is in uncalibrated radiocarbon years.",". Cal curve: NA. Source DB: IMPDv1","Lacustrine","Carbon-14","Radiocarbon",-52,18017,"Calibrated radiocarbon years BP","sedimentary charcoal","Data Sourcing: IMPDv1 #charcoal_recommendedformat","Sample Age Source: IMPDv1"
"1637",50,"charcoal | num",25,25.25,25.5,0.5,3555,3511,3599,"IMPDv1","Charcoal (sum)","(additional options)",NA,NA,"False","False","number","Macroscopic charcoal (sieved)","direct",NA,"CHAR",97,NA,NA,"quant_raw",5,"volume","cm^3","IMPDv1","IMPD_16657","charcoal","count","char","wet_sieve","particle","num","count","no_size","num","IMPDv1","measured",1,"IMPDv1",NA,"Xindi - charcoal db",67.111667,-159.491667,NA,"north",NA,NA,"sedlac",1637,0,NA,"Higuera,P.E.;Brubaker,L.B.;Anderson,P.M.;Hu,F.S.;Brown,T.A.;. Xindi - charcoal db. NOAA/WDS Paleoclimatology IMPD study 16657",NA,NA,NA,NA,NA,NA,NA,NA,NA,NA,NA,NA,NA,NA,"https://www.ncei.noaa.gov/access/paleo-search/study/16657",NA,NA,NA,NA,"noaa_study_id=16657; original pub in IMPD datafile header","IMPDv1:IMPD_16657",1637,"Higuera,P.E.",1,"Higuera","P.E.",NA,NA,NA,NA,NA,NA,NA,NA,NA,"IMPDv1:IMPD_16657",1637,"IMPDv1","IMPD_16657",NA,29.5,29.5,"cm",NA,"Radiocarbon","concentrated Picea pollen",2445,50,2520,NA,"CAMS 100062",TRUE,NA,"Date not used in chronology; see Results for explanation. Date is in uncalibrated radiocarbon years.","Xindi - charcoal db_SIEVED","counted","NaN-NaN",NA,NA,"",2445,2395,2495,2445,29.5,NA,"Date not used in chronology; see Results for explanation. Date is in uncalibrated radiocarbon years.",". Cal curve: NA. Source DB: IMPDv1","Lacustrine","Carbon-14","Radiocarbon",-52,18017,"Calibrated radiocarbon years BP","sedimentary charcoal","Data Sourcing: IMPDv1 #charcoal_recommendedformat","Sample Age Source: IMPDv1"
"1637",51,"charcoal | num",25.5,25.75,26,0.5,3643,3599,3687,"IMPDv1","Charcoal (sum)","(additional options)",NA,NA,"False","False","number","Macroscopic charcoal (sieved)","direct",NA,"CHAR",51,NA,NA,"quant_raw",5,"volume","cm^3","IMPDv1","IMPD_16657","charcoal","count","char","wet_sieve","particle","num","count","no_size","num","IMPDv1","measured",1,"IMPDv1",NA,"Xindi - charcoal db",67.111667,-159.491667,NA,"north",NA,NA,"sedlac",1637,0,NA,"Higuera,P.E.;Brubaker,L.B.;Anderson,P.M.;Hu,F.S.;Brown,T.A.;. Xindi - charcoal db. NOAA/WDS Paleoclimatology IMPD study 16657",NA,NA,NA,NA,NA,NA,NA,NA,NA,NA,NA,NA,NA,NA,"https://www.ncei.noaa.gov/access/paleo-search/study/16657",NA,NA,NA,NA,"noaa_study_id=16657; original pub in IMPD datafile header","IMPDv1:IMPD_16657",1637,"Higuera,P.E.",1,"Higuera","P.E.",NA,NA,NA,NA,NA,NA,NA,NA,NA,"IMPDv1:IMPD_16657",1637,"IMPDv1","IMPD_16657",NA,29.5,29.5,"cm",NA,"Radiocarbon","concentrated Picea pollen",2445,50,2520,NA,"CAMS 100062",TRUE,NA,"Date not used in chronology; see Results for explanation. Date is in uncalibrated radiocarbon years.","Xindi - charcoal db_SIEVED","counted","NaN-NaN",NA,NA,"",2445,2395,2495,2445,29.5,NA,"Date not used in chronology; see Results for explanation. Date is in uncalibrated radiocarbon years.",". Cal curve: NA. Source DB: IMPDv1","Lacustrine","Carbon-14","Radiocarbon",-52,18017,"Calibrated radiocarbon years BP","sedimentary charcoal","Data Sourcing: IMPDv1 #charcoal_recommendedformat","Sample Age Source: IMPDv1"
"1637",52,"charcoal | num",26,26.25,26.5,0.5,3730,3687,3773,"IMPDv1","Charcoal (sum)","(additional options)",NA,NA,"False","False","number","Macroscopic charcoal (sieved)","direct",NA,"CHAR",71,NA,NA,"quant_raw",5,"volume","cm^3","IMPDv1","IMPD_16657","charcoal","count","char","wet_sieve","particle","num","count","no_size","num","IMPDv1","measured",1,"IMPDv1",NA,"Xindi - charcoal db",67.111667,-159.491667,NA,"north",NA,NA,"sedlac",1637,0,NA,"Higuera,P.E.;Brubaker,L.B.;Anderson,P.M.;Hu,F.S.;Brown,T.A.;. Xindi - charcoal db. NOAA/WDS Paleoclimatology IMPD study 16657",NA,NA,NA,NA,NA,NA,NA,NA,NA,NA,NA,NA,NA,NA,"https://www.ncei.noaa.gov/access/paleo-search/study/16657",NA,NA,NA,NA,"noaa_study_id=16657; original pub in IMPD datafile header","IMPDv1:IMPD_16657",1637,"Higuera,P.E.",1,"Higuera","P.E.",NA,NA,NA,NA,NA,NA,NA,NA,NA,"IMPDv1:IMPD_16657",1637,"IMPDv1","IMPD_16657",NA,30.5,30.5,"cm",NA,"Radiocarbon","concentrated charcoal",1150,60,1065,NA,"CAMS 106160",TRUE,NA,"na Date is in uncalibrated radiocarbon years.","Xindi - charcoal db_SIEVED","counted","NaN-NaN",NA,NA,"",1150,1090,1210,1150,30.5,NA,"na Date is in uncalibrated radiocarbon years.",". Cal curve: NA. Source DB: IMPDv1","Lacustrine","Carbon-14","Radiocarbon",-52,18017,"Calibrated radiocarbon years BP","sedimentary charcoal","Data Sourcing: IMPDv1 #charcoal_recommendedformat","Sample Age Source: IMPDv1"
"1637",53,"charcoal | num",26.5,26.75,27,0.5,3816,3773,3859,"IMPDv1","Charcoal (sum)","(additional options)",NA,NA,"False","False","number","Macroscopic charcoal (sieved)","direct",NA,"CHAR",57,NA,NA,"quant_raw",5,"volume","cm^3","IMPDv1","IMPD_16657","charcoal","count","char","wet_sieve","particle","num","count","no_size","num","IMPDv1","measured",1,"IMPDv1",NA,"Xindi - charcoal db",67.111667,-159.491667,NA,"north",NA,NA,"sedlac",1637,0,NA,"Higuera,P.E.;Brubaker,L.B.;Anderson,P.M.;Hu,F.S.;Brown,T.A.;. Xindi - charcoal db. NOAA/WDS Paleoclimatology IMPD study 16657",NA,NA,NA,NA,NA,NA,NA,NA,NA,NA,NA,NA,NA,NA,"https://www.ncei.noaa.gov/access/paleo-search/study/16657",NA,NA,NA,NA,"noaa_study_id=16657; original pub in IMPD datafile header","IMPDv1:IMPD_16657",1637,"Higuera,P.E.",1,"Higuera","P.E.",NA,NA,NA,NA,NA,NA,NA,NA,NA,"IMPDv1:IMPD_16657",1637,"IMPDv1","IMPD_16657",NA,30.5,30.5,"cm",NA,"Radiocarbon","concentrated charcoal",1150,60,1065,NA,"CAMS 106160",TRUE,NA,"na Date is in uncalibrated radiocarbon years.","Xindi - charcoal db_SIEVED","counted","NaN-NaN",NA,NA,"",1150,1090,1210,1150,30.5,NA,"na Date is in uncalibrated radiocarbon years.",". Cal curve: NA. Source DB: IMPDv1","Lacustrine","Carbon-14","Radiocarbon",-52,18017,"Calibrated radiocarbon years BP","sedimentary charcoal","Data Sourcing: IMPDv1 #charcoal_recommendedformat","Sample Age Source: IMPDv1"
"1637",54,"charcoal | num",27,27.25,27.5,0.5,3901,3859,3943,"IMPDv1","Charcoal (sum)","(additional options)",NA,NA,"False","False","number","Macroscopic charcoal (sieved)","direct",NA,"CHAR",134,NA,NA,"quant_raw",5,"volume","cm^3","IMPDv1","IMPD_16657","charcoal","count","char","wet_sieve","particle","num","count","no_size","num","IMPDv1","measured",1,"IMPDv1",NA,"Xindi - charcoal db",67.111667,-159.491667,NA,"north",NA,NA,"sedlac",1637,0,NA,"Higuera,P.E.;Brubaker,L.B.;Anderson,P.M.;Hu,F.S.;Brown,T.A.;. Xindi - charcoal db. NOAA/WDS Paleoclimatology IMPD study 16657",NA,NA,NA,NA,NA,NA,NA,NA,NA,NA,NA,NA,NA,NA,"https://www.ncei.noaa.gov/access/paleo-search/study/16657",NA,NA,NA,NA,"noaa_study_id=16657; original pub in IMPD datafile header","IMPDv1:IMPD_16657",1637,"Higuera,P.E.",1,"Higuera","P.E.",NA,NA,NA,NA,NA,NA,NA,NA,NA,"IMPDv1:IMPD_16657",1637,"IMPDv1","IMPD_16657",NA,30.5,30.5,"cm",NA,"Radiocarbon","concentrated charcoal",1150,60,1065,NA,"CAMS 106160",TRUE,NA,"na Date is in uncalibrated radiocarbon years.","Xindi - charcoal db_SIEVED","counted","NaN-NaN",NA,NA,"",1150,1090,1210,1150,30.5,NA,"na Date is in uncalibrated radiocarbon years.",". Cal curve: NA. Source DB: IMPDv1","Lacustrine","Carbon-14","Radiocarbon",-52,18017,"Calibrated radiocarbon years BP","sedimentary charcoal","Data Sourcing: IMPDv1 #charcoal_recommendedformat","Sample Age Source: IMPDv1"
"1637",55,"charcoal | num",27.5,27.75,28,0.5,3985,3943,4027,"IMPDv1","Charcoal (sum)","(additional options)",NA,NA,"False","False","number","Macroscopic charcoal (sieved)","direct",NA,"CHAR",69,NA,NA,"quant_raw",5,"volume","cm^3","IMPDv1","IMPD_16657","charcoal","count","char","wet_sieve","particle","num","count","no_size","num","IMPDv1","measured",1,"IMPDv1",NA,"Xindi - charcoal db",67.111667,-159.491667,NA,"north",NA,NA,"sedlac",1637,0,NA,"Higuera,P.E.;Brubaker,L.B.;Anderson,P.M.;Hu,F.S.;Brown,T.A.;. Xindi - charcoal db. NOAA/WDS Paleoclimatology IMPD study 16657",NA,NA,NA,NA,NA,NA,NA,NA,NA,NA,NA,NA,NA,NA,"https://www.ncei.noaa.gov/access/paleo-search/study/16657",NA,NA,NA,NA,"noaa_study_id=16657; original pub in IMPD datafile header","IMPDv1:IMPD_16657",1637,"Higuera,P.E.",1,"Higuera","P.E.",NA,NA,NA,NA,NA,NA,NA,NA,NA,"IMPDv1:IMPD_16657",1637,"IMPDv1","IMPD_16657",NA,30.5,30.5,"cm",NA,"Radiocarbon","concentrated charcoal",1150,60,1065,NA,"CAMS 106160",TRUE,NA,"na Date is in uncalibrated radiocarbon years.","Xindi - charcoal db_SIEVED","counted","NaN-NaN",NA,NA,"",1150,1090,1210,1150,30.5,NA,"na Date is in uncalibrated radiocarbon years.",". Cal curve: NA. Source DB: IMPDv1","Lacustrine","Carbon-14","Radiocarbon",-52,18017,"Calibrated radiocarbon years BP","sedimentary charcoal","Data Sourcing: IMPDv1 #charcoal_recommendedformat","Sample Age Source: IMPDv1"
"1637",56,"charcoal | num",28,28.25,28.5,0.5,4068.5,4027,4110,"IMPDv1","Charcoal (sum)","(additional options)",NA,NA,"False","False","number","Macroscopic charcoal (sieved)","direct",NA,"CHAR",20,NA,NA,"quant_raw",5,"volume","cm^3","IMPDv1","IMPD_16657","charcoal","count","char","wet_sieve","particle","num","count","no_size","num","IMPDv1","measured",1,"IMPDv1",NA,"Xindi - charcoal db",67.111667,-159.491667,NA,"north",NA,NA,"sedlac",1637,0,NA,"Higuera,P.E.;Brubaker,L.B.;Anderson,P.M.;Hu,F.S.;Brown,T.A.;. Xindi - charcoal db. NOAA/WDS Paleoclimatology IMPD study 16657",NA,NA,NA,NA,NA,NA,NA,NA,NA,NA,NA,NA,NA,NA,"https://www.ncei.noaa.gov/access/paleo-search/study/16657",NA,NA,NA,NA,"noaa_study_id=16657; original pub in IMPD datafile header","IMPDv1:IMPD_16657",1637,"Higuera,P.E.",1,"Higuera","P.E.",NA,NA,NA,NA,NA,NA,NA,NA,NA,"IMPDv1:IMPD_16657",1637,"IMPDv1","IMPD_16657",NA,30.5,30.5,"cm",NA,"Radiocarbon","concentrated charcoal",1150,60,1065,NA,"CAMS 106160",TRUE,NA,"na Date is in uncalibrated radiocarbon years.","Xindi - charcoal db_SIEVED","counted","NaN-NaN",NA,NA,"",1150,1090,1210,1150,30.5,NA,"na Date is in uncalibrated radiocarbon years.",". Cal curve: NA. Source DB: IMPDv1","Lacustrine","Carbon-14","Radiocarbon",-52,18017,"Calibrated radiocarbon years BP","sedimentary charcoal","Data Sourcing: IMPDv1 #charcoal_recommendedformat","Sample Age Source: IMPDv1"
"1637",57,"charcoal | num",28.5,28.75,29,0.5,4151.5,4110,4193,"IMPDv1","Charcoal (sum)","(additional options)",NA,NA,"False","False","number","Macroscopic charcoal (sieved)","direct",NA,"CHAR",130,NA,NA,"quant_raw",5,"volume","cm^3","IMPDv1","IMPD_16657","charcoal","count","char","wet_sieve","particle","num","count","no_size","num","IMPDv1","measured",1,"IMPDv1",NA,"Xindi - charcoal db",67.111667,-159.491667,NA,"north",NA,NA,"sedlac",1637,0,NA,"Higuera,P.E.;Brubaker,L.B.;Anderson,P.M.;Hu,F.S.;Brown,T.A.;. Xindi - charcoal db. NOAA/WDS Paleoclimatology IMPD study 16657",NA,NA,NA,NA,NA,NA,NA,NA,NA,NA,NA,NA,NA,NA,"https://www.ncei.noaa.gov/access/paleo-search/study/16657",NA,NA,NA,NA,"noaa_study_id=16657; original pub in IMPD datafile header","IMPDv1:IMPD_16657",1637,"Higuera,P.E.",1,"Higuera","P.E.",NA,NA,NA,NA,NA,NA,NA,NA,NA,"IMPDv1:IMPD_16657",1637,"IMPDv1","IMPD_16657",NA,30.5,30.5,"cm",NA,"Radiocarbon","concentrated charcoal",1150,60,1065,NA,"CAMS 106160",TRUE,NA,"na Date is in uncalibrated radiocarbon years.","Xindi - charcoal db_SIEVED","counted","NaN-NaN",NA,NA,"",1150,1090,1210,1150,30.5,NA,"na Date is in uncalibrated radiocarbon years.",". Cal curve: NA. Source DB: IMPDv1","Lacustrine","Carbon-14","Radiocarbon",-52,18017,"Calibrated radiocarbon years BP","sedimentary charcoal","Data Sourcing: IMPDv1 #charcoal_recommendedformat","Sample Age Source: IMPDv1"
"1637",58,"charcoal | num",29,29.25,29.5,0.5,4233.5,4193,4274,"IMPDv1","Charcoal (sum)","(additional options)",NA,NA,"False","False","number","Macroscopic charcoal (sieved)","direct",NA,"CHAR",38,NA,NA,"quant_raw",5,"volume","cm^3","IMPDv1","IMPD_16657","charcoal","count","char","wet_sieve","particle","num","count","no_size","num","IMPDv1","measured",1,"IMPDv1",NA,"Xindi - charcoal db",67.111667,-159.491667,NA,"north",NA,NA,"sedlac",1637,0,NA,"Higuera,P.E.;Brubaker,L.B.;Anderson,P.M.;Hu,F.S.;Brown,T.A.;. Xindi - charcoal db. NOAA/WDS Paleoclimatology IMPD study 16657",NA,NA,NA,NA,NA,NA,NA,NA,NA,NA,NA,NA,NA,NA,"https://www.ncei.noaa.gov/access/paleo-search/study/16657",NA,NA,NA,NA,"noaa_study_id=16657; original pub in IMPD datafile header","IMPDv1:IMPD_16657",1637,"Higuera,P.E.",1,"Higuera","P.E.",NA,NA,NA,NA,NA,NA,NA,NA,NA,"IMPDv1:IMPD_16657",1637,"IMPDv1","IMPD_16657",NA,30.5,30.5,"cm",NA,"Radiocarbon","concentrated charcoal",1150,60,1065,NA,"CAMS 106160",TRUE,NA,"na Date is in uncalibrated radiocarbon years.","Xindi - charcoal db_SIEVED","counted","NaN-NaN",NA,NA,"",1150,1090,1210,1150,30.5,NA,"na Date is in uncalibrated radiocarbon years.",". Cal curve: NA. Source DB: IMPDv1","Lacustrine","Carbon-14","Radiocarbon",-52,18017,"Calibrated radiocarbon years BP","sedimentary charcoal","Data Sourcing: IMPDv1 #charcoal_recommendedformat","Sample Age Source: IMPDv1"
"1637",59,"charcoal | num",29.5,29.75,30,0.5,4314.5,4274,4355,"IMPDv1","Charcoal (sum)","(additional options)",NA,NA,"False","False","number","Macroscopic charcoal (sieved)","direct",NA,"CHAR",97,NA,NA,"quant_raw",5,"volume","cm^3","IMPDv1","IMPD_16657","charcoal","count","char","wet_sieve","particle","num","count","no_size","num","IMPDv1","measured",1,"IMPDv1",NA,"Xindi - charcoal db",67.111667,-159.491667,NA,"north",NA,NA,"sedlac",1637,0,NA,"Higuera,P.E.;Brubaker,L.B.;Anderson,P.M.;Hu,F.S.;Brown,T.A.;. Xindi - charcoal db. NOAA/WDS Paleoclimatology IMPD study 16657",NA,NA,NA,NA,NA,NA,NA,NA,NA,NA,NA,NA,NA,NA,"https://www.ncei.noaa.gov/access/paleo-search/study/16657",NA,NA,NA,NA,"noaa_study_id=16657; original pub in IMPD datafile header","IMPDv1:IMPD_16657",1637,"Higuera,P.E.",1,"Higuera","P.E.",NA,NA,NA,NA,NA,NA,NA,NA,NA,"IMPDv1:IMPD_16657",1637,"IMPDv1","IMPD_16657",NA,30.5,30.5,"cm",NA,"Radiocarbon","concentrated charcoal",1150,60,1065,NA,"CAMS 106160",TRUE,NA,"na Date is in uncalibrated radiocarbon years.","Xindi - charcoal db_SIEVED","counted","NaN-NaN",NA,NA,"",1150,1090,1210,1150,30.5,NA,"na Date is in uncalibrated radiocarbon years.",". Cal curve: NA. Source DB: IMPDv1","Lacustrine","Carbon-14","Radiocarbon",-52,18017,"Calibrated radiocarbon years BP","sedimentary charcoal","Data Sourcing: IMPDv1 #charcoal_recommendedformat","Sample Age Source: IMPDv1"
"1637",60,"charcoal | num",30,30.25,30.5,0.5,4394.5,4355,4434,"IMPDv1","Charcoal (sum)","(additional options)",NA,NA,"False","False","number","Macroscopic charcoal (sieved)","direct",NA,"CHAR",70,NA,NA,"quant_raw",5,"volume","cm^3","IMPDv1","IMPD_16657","charcoal","count","char","wet_sieve","particle","num","count","no_size","num","IMPDv1","measured",1,"IMPDv1",NA,"Xindi - charcoal db",67.111667,-159.491667,NA,"north",NA,NA,"sedlac",1637,0,NA,"Higuera,P.E.;Brubaker,L.B.;Anderson,P.M.;Hu,F.S.;Brown,T.A.;. Xindi - charcoal db. NOAA/WDS Paleoclimatology IMPD study 16657",NA,NA,NA,NA,NA,NA,NA,NA,NA,NA,NA,NA,NA,NA,"https://www.ncei.noaa.gov/access/paleo-search/study/16657",NA,NA,NA,NA,"noaa_study_id=16657; original pub in IMPD datafile header","IMPDv1:IMPD_16657",1637,"Higuera,P.E.",1,"Higuera","P.E.",NA,NA,NA,NA,NA,NA,NA,NA,NA,"IMPDv1:IMPD_16657",1637,"IMPDv1","IMPD_16657",NA,30.5,30.5,"cm",NA,"Radiocarbon","concentrated charcoal",1150,60,1065,NA,"CAMS 106160",TRUE,NA,"na Date is in uncalibrated radiocarbon years.","Xindi - charcoal db_SIEVED","counted","NaN-NaN",NA,NA,"",1150,1090,1210,1150,30.5,NA,"na Date is in uncalibrated radiocarbon years.",". Cal curve: NA. Source DB: IMPDv1","Lacustrine","Carbon-14","Radiocarbon",-52,18017,"Calibrated radiocarbon years BP","sedimentary charcoal","Data Sourcing: IMPDv1 #charcoal_recommendedformat","Sample Age Source: IMPDv1"
"1637",61,"charcoal | num",30.5,30.75,31,0.5,4473.5,4434,4513,"IMPDv1","Charcoal (sum)","(additional options)",NA,NA,"False","False","number","Macroscopic charcoal (sieved)","direct",NA,"CHAR",81,NA,NA,"quant_raw",5,"volume","cm^3","IMPDv1","IMPD_16657","charcoal","count","char","wet_sieve","particle","num","count","no_size","num","IMPDv1","measured",1,"IMPDv1",NA,"Xindi - charcoal db",67.111667,-159.491667,NA,"north",NA,NA,"sedlac",1637,0,NA,"Higuera,P.E.;Brubaker,L.B.;Anderson,P.M.;Hu,F.S.;Brown,T.A.;. Xindi - charcoal db. NOAA/WDS Paleoclimatology IMPD study 16657",NA,NA,NA,NA,NA,NA,NA,NA,NA,NA,NA,NA,NA,NA,"https://www.ncei.noaa.gov/access/paleo-search/study/16657",NA,NA,NA,NA,"noaa_study_id=16657; original pub in IMPD datafile header","IMPDv1:IMPD_16657",1637,"Higuera,P.E.",1,"Higuera","P.E.",NA,NA,NA,NA,NA,NA,NA,NA,NA,"IMPDv1:IMPD_16657",1637,"IMPDv1","IMPD_16657",NA,30.5,30.5,"cm",NA,"Radiocarbon","concentrated charcoal",1150,60,1065,NA,"CAMS 106160",TRUE,NA,"na Date is in uncalibrated radiocarbon years.","Xindi - charcoal db_SIEVED","counted","NaN-NaN",NA,NA,"",1150,1090,1210,1150,30.5,NA,"na Date is in uncalibrated radiocarbon years.",". Cal curve: NA. Source DB: IMPDv1","Lacustrine","Carbon-14","Radiocarbon",-52,18017,"Calibrated radiocarbon years BP","sedimentary charcoal","Data Sourcing: IMPDv1 #charcoal_recommendedformat","Sample Age Source: IMPDv1"
"1637",62,"charcoal | num",31,31.25,31.5,0.5,4552.5,4513,4592,"IMPDv1","Charcoal (sum)","(additional options)",NA,NA,"False","False","number","Macroscopic charcoal (sieved)","direct",NA,"CHAR",82,NA,NA,"quant_raw",5,"volume","cm^3","IMPDv1","IMPD_16657","charcoal","count","char","wet_sieve","particle","num","count","no_size","num","IMPDv1","measured",1,"IMPDv1",NA,"Xindi - charcoal db",67.111667,-159.491667,NA,"north",NA,NA,"sedlac",1637,0,NA,"Higuera,P.E.;Brubaker,L.B.;Anderson,P.M.;Hu,F.S.;Brown,T.A.;. Xindi - charcoal db. NOAA/WDS Paleoclimatology IMPD study 16657",NA,NA,NA,NA,NA,NA,NA,NA,NA,NA,NA,NA,NA,NA,"https://www.ncei.noaa.gov/access/paleo-search/study/16657",NA,NA,NA,NA,"noaa_study_id=16657; original pub in IMPD datafile header","IMPDv1:IMPD_16657",1637,"Higuera,P.E.",1,"Higuera","P.E.",NA,NA,NA,NA,NA,NA,NA,NA,NA,"IMPDv1:IMPD_16657",1637,"IMPDv1","IMPD_16657",NA,30.5,30.5,"cm",NA,"Radiocarbon","concentrated charcoal",1150,60,1065,NA,"CAMS 106160",TRUE,NA,"na Date is in uncalibrated radiocarbon years.","Xindi - charcoal db_SIEVED","counted","NaN-NaN",NA,NA,"",1150,1090,1210,1150,30.5,NA,"na Date is in uncalibrated radiocarbon years.",". Cal curve: NA. Source DB: IMPDv1","Lacustrine","Carbon-14","Radiocarbon",-52,18017,"Calibrated radiocarbon years BP","sedimentary charcoal","Data Sourcing: IMPDv1 #charcoal_recommendedformat","Sample Age Source: IMPDv1"
"1637",63,"charcoal | num",31.5,31.75,32,0.5,4630.5,4592,4669,"IMPDv1","Charcoal (sum)","(additional options)",NA,NA,"False","False","number","Macroscopic charcoal (sieved)","direct",NA,"CHAR",73,NA,NA,"quant_raw",5,"volume","cm^3","IMPDv1","IMPD_16657","charcoal","count","char","wet_sieve","particle","num","count","no_size","num","IMPDv1","measured",1,"IMPDv1",NA,"Xindi - charcoal db",67.111667,-159.491667,NA,"north",NA,NA,"sedlac",1637,0,NA,"Higuera,P.E.;Brubaker,L.B.;Anderson,P.M.;Hu,F.S.;Brown,T.A.;. Xindi - charcoal db. NOAA/WDS Paleoclimatology IMPD study 16657",NA,NA,NA,NA,NA,NA,NA,NA,NA,NA,NA,NA,NA,NA,"https://www.ncei.noaa.gov/access/paleo-search/study/16657",NA,NA,NA,NA,"noaa_study_id=16657; original pub in IMPD datafile header","IMPDv1:IMPD_16657",1637,"Higuera,P.E.",1,"Higuera","P.E.",NA,NA,NA,NA,NA,NA,NA,NA,NA,"IMPDv1:IMPD_16657",1637,"IMPDv1","IMPD_16657",NA,30.5,30.5,"cm",NA,"Radiocarbon","concentrated charcoal",1150,60,1065,NA,"CAMS 106160",TRUE,NA,"na Date is in uncalibrated radiocarbon years.","Xindi - charcoal db_SIEVED","counted","NaN-NaN",NA,NA,"",1150,1090,1210,1150,30.5,NA,"na Date is in uncalibrated radiocarbon years.",". Cal curve: NA. Source DB: IMPDv1","Lacustrine","Carbon-14","Radiocarbon",-52,18017,"Calibrated radiocarbon years BP","sedimentary charcoal","Data Sourcing: IMPDv1 #charcoal_recommendedformat","Sample Age Source: IMPDv1"
"1637",64,"charcoal | num",32,32.25,32.5,0.5,4707.5,4669,4746,"IMPDv1","Charcoal (sum)","(additional options)",NA,NA,"False","False","number","Macroscopic charcoal (sieved)","direct",NA,"CHAR",57,NA,NA,"quant_raw",5,"volume","cm^3","IMPDv1","IMPD_16657","charcoal","count","char","wet_sieve","particle","num","count","no_size","num","IMPDv1","measured",1,"IMPDv1",NA,"Xindi - charcoal db",67.111667,-159.491667,NA,"north",NA,NA,"sedlac",1637,0,NA,"Higuera,P.E.;Brubaker,L.B.;Anderson,P.M.;Hu,F.S.;Brown,T.A.;. Xindi - charcoal db. NOAA/WDS Paleoclimatology IMPD study 16657",NA,NA,NA,NA,NA,NA,NA,NA,NA,NA,NA,NA,NA,NA,"https://www.ncei.noaa.gov/access/paleo-search/study/16657",NA,NA,NA,NA,"noaa_study_id=16657; original pub in IMPD datafile header","IMPDv1:IMPD_16657",1637,"Higuera,P.E.",1,"Higuera","P.E.",NA,NA,NA,NA,NA,NA,NA,NA,NA,"IMPDv1:IMPD_16657",1637,"IMPDv1","IMPD_16657",NA,30.5,30.5,"cm",NA,"Radiocarbon","concentrated charcoal",1150,60,1065,NA,"CAMS 106160",TRUE,NA,"na Date is in uncalibrated radiocarbon years.","Xindi - charcoal db_SIEVED","counted","NaN-NaN",NA,NA,"",1150,1090,1210,1150,30.5,NA,"na Date is in uncalibrated radiocarbon years.",". Cal curve: NA. Source DB: IMPDv1","Lacustrine","Carbon-14","Radiocarbon",-52,18017,"Calibrated radiocarbon years BP","sedimentary charcoal","Data Sourcing: IMPDv1 #charcoal_recommendedformat","Sample Age Source: IMPDv1"
"1637",65,"charcoal | num",32.5,32.75,33,0.5,4784,4746,4822,"IMPDv1","Charcoal (sum)","(additional options)",NA,NA,"False","False","number","Macroscopic charcoal (sieved)","direct",NA,"CHAR",148,NA,NA,"quant_raw",5,"volume","cm^3","IMPDv1","IMPD_16657","charcoal","count","char","wet_sieve","particle","num","count","no_size","num","IMPDv1","measured",1,"IMPDv1",NA,"Xindi - charcoal db",67.111667,-159.491667,NA,"north",NA,NA,"sedlac",1637,0,NA,"Higuera,P.E.;Brubaker,L.B.;Anderson,P.M.;Hu,F.S.;Brown,T.A.;. Xindi - charcoal db. NOAA/WDS Paleoclimatology IMPD study 16657",NA,NA,NA,NA,NA,NA,NA,NA,NA,NA,NA,NA,NA,NA,"https://www.ncei.noaa.gov/access/paleo-search/study/16657",NA,NA,NA,NA,"noaa_study_id=16657; original pub in IMPD datafile header","IMPDv1:IMPD_16657",1637,"Higuera,P.E.",1,"Higuera","P.E.",NA,NA,NA,NA,NA,NA,NA,NA,NA,"IMPDv1:IMPD_16657",1637,"IMPDv1","IMPD_16657",NA,41.17,41.17,"cm",NA,"Radiocarbon","concentrated charcoal",1505,40,1388,NA,"CAMS 111400",TRUE,NA,"na Date is in uncalibrated radiocarbon years.","Xindi - charcoal db_SIEVED","counted","NaN-NaN",NA,NA,"",1505,1465,1545,1505,41.17,NA,"na Date is in uncalibrated radiocarbon years.",". Cal curve: NA. Source DB: IMPDv1","Lacustrine","Carbon-14","Radiocarbon",-52,18017,"Calibrated radiocarbon years BP","sedimentary charcoal","Data Sourcing: IMPDv1 #charcoal_recommendedformat","Sample Age Source: IMPDv1"
"1637",66,"charcoal | num",33,33.25,33.5,0.5,4859.5,4822,4897,"IMPDv1","Charcoal (sum)","(additional options)",NA,NA,"False","False","number","Macroscopic charcoal (sieved)","direct",NA,"CHAR",48,NA,NA,"quant_raw",5,"volume","cm^3","IMPDv1","IMPD_16657","charcoal","count","char","wet_sieve","particle","num","count","no_size","num","IMPDv1","measured",1,"IMPDv1",NA,"Xindi - charcoal db",67.111667,-159.491667,NA,"north",NA,NA,"sedlac",1637,0,NA,"Higuera,P.E.;Brubaker,L.B.;Anderson,P.M.;Hu,F.S.;Brown,T.A.;. Xindi - charcoal db. NOAA/WDS Paleoclimatology IMPD study 16657",NA,NA,NA,NA,NA,NA,NA,NA,NA,NA,NA,NA,NA,NA,"https://www.ncei.noaa.gov/access/paleo-search/study/16657",NA,NA,NA,NA,"noaa_study_id=16657; original pub in IMPD datafile header","IMPDv1:IMPD_16657",1637,"Higuera,P.E.",1,"Higuera","P.E.",NA,NA,NA,NA,NA,NA,NA,NA,NA,"IMPDv1:IMPD_16657",1637,"IMPDv1","IMPD_16657",NA,41.17,41.17,"cm",NA,"Radiocarbon","concentrated charcoal",1505,40,1388,NA,"CAMS 111400",TRUE,NA,"na Date is in uncalibrated radiocarbon years.","Xindi - charcoal db_SIEVED","counted","NaN-NaN",NA,NA,"",1505,1465,1545,1505,41.17,NA,"na Date is in uncalibrated radiocarbon years.",". Cal curve: NA. Source DB: IMPDv1","Lacustrine","Carbon-14","Radiocarbon",-52,18017,"Calibrated radiocarbon years BP","sedimentary charcoal","Data Sourcing: IMPDv1 #charcoal_recommendedformat","Sample Age Source: IMPDv1"
"1637",67,"charcoal | num",33.5,33.75,34,0.5,4934,4897,4971,"IMPDv1","Charcoal (sum)","(additional options)",NA,NA,"False","False","number","Macroscopic charcoal (sieved)","direct",NA,"CHAR",53,NA,NA,"quant_raw",5,"volume","cm^3","IMPDv1","IMPD_16657","charcoal","count","char","wet_sieve","particle","num","count","no_size","num","IMPDv1","measured",1,"IMPDv1",NA,"Xindi - charcoal db",67.111667,-159.491667,NA,"north",NA,NA,"sedlac",1637,0,NA,"Higuera,P.E.;Brubaker,L.B.;Anderson,P.M.;Hu,F.S.;Brown,T.A.;. Xindi - charcoal db. NOAA/WDS Paleoclimatology IMPD study 16657",NA,NA,NA,NA,NA,NA,NA,NA,NA,NA,NA,NA,NA,NA,"https://www.ncei.noaa.gov/access/paleo-search/study/16657",NA,NA,NA,NA,"noaa_study_id=16657; original pub in IMPD datafile header","IMPDv1:IMPD_16657",1637,"Higuera,P.E.",1,"Higuera","P.E.",NA,NA,NA,NA,NA,NA,NA,NA,NA,"IMPDv1:IMPD_16657",1637,"IMPDv1","IMPD_16657",NA,41.17,41.17,"cm",NA,"Radiocarbon","concentrated charcoal",1505,40,1388,NA,"CAMS 111400",TRUE,NA,"na Date is in uncalibrated radiocarbon years.","Xindi - charcoal db_SIEVED","counted","NaN-NaN",NA,NA,"",1505,1465,1545,1505,41.17,NA,"na Date is in uncalibrated radiocarbon years.",". Cal curve: NA. Source DB: IMPDv1","Lacustrine","Carbon-14","Radiocarbon",-52,18017,"Calibrated radiocarbon years BP","sedimentary charcoal","Data Sourcing: IMPDv1 #charcoal_recommendedformat","Sample Age Source: IMPDv1"
"1637",68,"charcoal | num",34,34.25,34.5,0.5,5008,4971,5045,"IMPDv1","Charcoal (sum)","(additional options)",NA,NA,"False","False","number","Macroscopic charcoal (sieved)","direct",NA,"CHAR",27,NA,NA,"quant_raw",5,"volume","cm^3","IMPDv1","IMPD_16657","charcoal","count","char","wet_sieve","particle","num","count","no_size","num","IMPDv1","measured",1,"IMPDv1",NA,"Xindi - charcoal db",67.111667,-159.491667,NA,"north",NA,NA,"sedlac",1637,0,NA,"Higuera,P.E.;Brubaker,L.B.;Anderson,P.M.;Hu,F.S.;Brown,T.A.;. Xindi - charcoal db. NOAA/WDS Paleoclimatology IMPD study 16657",NA,NA,NA,NA,NA,NA,NA,NA,NA,NA,NA,NA,NA,NA,"https://www.ncei.noaa.gov/access/paleo-search/study/16657",NA,NA,NA,NA,"noaa_study_id=16657; original pub in IMPD datafile header","IMPDv1:IMPD_16657",1637,"Higuera,P.E.",1,"Higuera","P.E.",NA,NA,NA,NA,NA,NA,NA,NA,NA,"IMPDv1:IMPD_16657",1637,"IMPDv1","IMPD_16657",NA,41.17,41.17,"cm",NA,"Radiocarbon","concentrated charcoal",1505,40,1388,NA,"CAMS 111400",TRUE,NA,"na Date is in uncalibrated radiocarbon years.","Xindi - charcoal db_SIEVED","counted","NaN-NaN",NA,NA,"",1505,1465,1545,1505,41.17,NA,"na Date is in uncalibrated radiocarbon years.",". Cal curve: NA. Source DB: IMPDv1","Lacustrine","Carbon-14","Radiocarbon",-52,18017,"Calibrated radiocarbon years BP","sedimentary charcoal","Data Sourcing: IMPDv1 #charcoal_recommendedformat","Sample Age Source: IMPDv1"
"1637",69,"charcoal | num",34.5,34.75,35,0.5,5081.5,5045,5118,"IMPDv1","Charcoal (sum)","(additional options)",NA,NA,"False","False","number","Macroscopic charcoal (sieved)","direct",NA,"CHAR",41,NA,NA,"quant_raw",5,"volume","cm^3","IMPDv1","IMPD_16657","charcoal","count","char","wet_sieve","particle","num","count","no_size","num","IMPDv1","measured",1,"IMPDv1",NA,"Xindi - charcoal db",67.111667,-159.491667,NA,"north",NA,NA,"sedlac",1637,0,NA,"Higuera,P.E.;Brubaker,L.B.;Anderson,P.M.;Hu,F.S.;Brown,T.A.;. Xindi - charcoal db. NOAA/WDS Paleoclimatology IMPD study 16657",NA,NA,NA,NA,NA,NA,NA,NA,NA,NA,NA,NA,NA,NA,"https://www.ncei.noaa.gov/access/paleo-search/study/16657",NA,NA,NA,NA,"noaa_study_id=16657; original pub in IMPD datafile header","IMPDv1:IMPD_16657",1637,"Higuera,P.E.",1,"Higuera","P.E.",NA,NA,NA,NA,NA,NA,NA,NA,NA,"IMPDv1:IMPD_16657",1637,"IMPDv1","IMPD_16657",NA,41.17,41.17,"cm",NA,"Radiocarbon","concentrated charcoal",1505,40,1388,NA,"CAMS 111400",TRUE,NA,"na Date is in uncalibrated radiocarbon years.","Xindi - charcoal db_SIEVED","counted","NaN-NaN",NA,NA,"",1505,1465,1545,1505,41.17,NA,"na Date is in uncalibrated radiocarbon years.",". Cal curve: NA. Source DB: IMPDv1","Lacustrine","Carbon-14","Radiocarbon",-52,18017,"Calibrated radiocarbon years BP","sedimentary charcoal","Data Sourcing: IMPDv1 #charcoal_recommendedformat","Sample Age Source: IMPDv1"
"1637",70,"charcoal | num",35,35.25,35.5,0.5,5154,5118,5190,"IMPDv1","Charcoal (sum)","(additional options)",NA,NA,"False","False","number","Macroscopic charcoal (sieved)","direct",NA,"CHAR",107,NA,NA,"quant_raw",5,"volume","cm^3","IMPDv1","IMPD_16657","charcoal","count","char","wet_sieve","particle","num","count","no_size","num","IMPDv1","measured",1,"IMPDv1",NA,"Xindi - charcoal db",67.111667,-159.491667,NA,"north",NA,NA,"sedlac",1637,0,NA,"Higuera,P.E.;Brubaker,L.B.;Anderson,P.M.;Hu,F.S.;Brown,T.A.;. Xindi - charcoal db. NOAA/WDS Paleoclimatology IMPD study 16657",NA,NA,NA,NA,NA,NA,NA,NA,NA,NA,NA,NA,NA,NA,"https://www.ncei.noaa.gov/access/paleo-search/study/16657",NA,NA,NA,NA,"noaa_study_id=16657; original pub in IMPD datafile header","IMPDv1:IMPD_16657",1637,"Higuera,P.E.",1,"Higuera","P.E.",NA,NA,NA,NA,NA,NA,NA,NA,NA,"IMPDv1:IMPD_16657",1637,"IMPDv1","IMPD_16657",NA,41.17,41.17,"cm",NA,"Radiocarbon","concentrated charcoal",1505,40,1388,NA,"CAMS 111400",TRUE,NA,"na Date is in uncalibrated radiocarbon years.","Xindi - charcoal db_SIEVED","counted","NaN-NaN",NA,NA,"",1505,1465,1545,1505,41.17,NA,"na Date is in uncalibrated radiocarbon years.",". Cal curve: NA. Source DB: IMPDv1","Lacustrine","Carbon-14","Radiocarbon",-52,18017,"Calibrated radiocarbon years BP","sedimentary charcoal","Data Sourcing: IMPDv1 #charcoal_recommendedformat","Sample Age Source: IMPDv1"
"1637",71,"charcoal | num",35.5,35.75,36,0.5,5226,5190,5262,"IMPDv1","Charcoal (sum)","(additional options)",NA,NA,"False","False","number","Macroscopic charcoal (sieved)","direct",NA,"CHAR",80,NA,NA,"quant_raw",5,"volume","cm^3","IMPDv1","IMPD_16657","charcoal","count","char","wet_sieve","particle","num","count","no_size","num","IMPDv1","measured",1,"IMPDv1",NA,"Xindi - charcoal db",67.111667,-159.491667,NA,"north",NA,NA,"sedlac",1637,0,NA,"Higuera,P.E.;Brubaker,L.B.;Anderson,P.M.;Hu,F.S.;Brown,T.A.;. Xindi - charcoal db. NOAA/WDS Paleoclimatology IMPD study 16657",NA,NA,NA,NA,NA,NA,NA,NA,NA,NA,NA,NA,NA,NA,"https://www.ncei.noaa.gov/access/paleo-search/study/16657",NA,NA,NA,NA,"noaa_study_id=16657; original pub in IMPD datafile header","IMPDv1:IMPD_16657",1637,"Higuera,P.E.",1,"Higuera","P.E.",NA,NA,NA,NA,NA,NA,NA,NA,NA,"IMPDv1:IMPD_16657",1637,"IMPDv1","IMPD_16657",NA,41.17,41.17,"cm",NA,"Radiocarbon","concentrated charcoal",1505,40,1388,NA,"CAMS 111400",TRUE,NA,"na Date is in uncalibrated radiocarbon years.","Xindi - charcoal db_SIEVED","counted","NaN-NaN",NA,NA,"",1505,1465,1545,1505,41.17,NA,"na Date is in uncalibrated radiocarbon years.",". Cal curve: NA. Source DB: IMPDv1","Lacustrine","Carbon-14","Radiocarbon",-52,18017,"Calibrated radiocarbon years BP","sedimentary charcoal","Data Sourcing: IMPDv1 #charcoal_recommendedformat","Sample Age Source: IMPDv1"
"1637",72,"charcoal | num",36,36.25,36.5,0.5,5297.5,5262,5333,"IMPDv1","Charcoal (sum)","(additional options)",NA,NA,"False","False","number","Macroscopic charcoal (sieved)","direct",NA,"CHAR",38,NA,NA,"quant_raw",5,"volume","cm^3","IMPDv1","IMPD_16657","charcoal","count","char","wet_sieve","particle","num","count","no_size","num","IMPDv1","measured",1,"IMPDv1",NA,"Xindi - charcoal db",67.111667,-159.491667,NA,"north",NA,NA,"sedlac",1637,0,NA,"Higuera,P.E.;Brubaker,L.B.;Anderson,P.M.;Hu,F.S.;Brown,T.A.;. Xindi - charcoal db. NOAA/WDS Paleoclimatology IMPD study 16657",NA,NA,NA,NA,NA,NA,NA,NA,NA,NA,NA,NA,NA,NA,"https://www.ncei.noaa.gov/access/paleo-search/study/16657",NA,NA,NA,NA,"noaa_study_id=16657; original pub in IMPD datafile header","IMPDv1:IMPD_16657",1637,"Higuera,P.E.",1,"Higuera","P.E.",NA,NA,NA,NA,NA,NA,NA,NA,NA,"IMPDv1:IMPD_16657",1637,"IMPDv1","IMPD_16657",NA,41.17,41.17,"cm",NA,"Radiocarbon","concentrated charcoal",1505,40,1388,NA,"CAMS 111400",TRUE,NA,"na Date is in uncalibrated radiocarbon years.","Xindi - charcoal db_SIEVED","counted","NaN-NaN",NA,NA,"",1505,1465,1545,1505,41.17,NA,"na Date is in uncalibrated radiocarbon years.",". Cal curve: NA. Source DB: IMPDv1","Lacustrine","Carbon-14","Radiocarbon",-52,18017,"Calibrated radiocarbon years BP","sedimentary charcoal","Data Sourcing: IMPDv1 #charcoal_recommendedformat","Sample Age Source: IMPDv1"
"1637",73,"charcoal | num",36.5,36.75,37,0.5,5368,5333,5403,"IMPDv1","Charcoal (sum)","(additional options)",NA,NA,"False","False","number","Macroscopic charcoal (sieved)","direct",NA,"CHAR",44,NA,NA,"quant_raw",5,"volume","cm^3","IMPDv1","IMPD_16657","charcoal","count","char","wet_sieve","particle","num","count","no_size","num","IMPDv1","measured",1,"IMPDv1",NA,"Xindi - charcoal db",67.111667,-159.491667,NA,"north",NA,NA,"sedlac",1637,0,NA,"Higuera,P.E.;Brubaker,L.B.;Anderson,P.M.;Hu,F.S.;Brown,T.A.;. Xindi - charcoal db. NOAA/WDS Paleoclimatology IMPD study 16657",NA,NA,NA,NA,NA,NA,NA,NA,NA,NA,NA,NA,NA,NA,"https://www.ncei.noaa.gov/access/paleo-search/study/16657",NA,NA,NA,NA,"noaa_study_id=16657; original pub in IMPD datafile header","IMPDv1:IMPD_16657",1637,"Higuera,P.E.",1,"Higuera","P.E.",NA,NA,NA,NA,NA,NA,NA,NA,NA,"IMPDv1:IMPD_16657",1637,"IMPDv1","IMPD_16657",NA,41.17,41.17,"cm",NA,"Radiocarbon","concentrated charcoal",1505,40,1388,NA,"CAMS 111400",TRUE,NA,"na Date is in uncalibrated radiocarbon years.","Xindi - charcoal db_SIEVED","counted","NaN-NaN",NA,NA,"",1505,1465,1545,1505,41.17,NA,"na Date is in uncalibrated radiocarbon years.",". Cal curve: NA. Source DB: IMPDv1","Lacustrine","Carbon-14","Radiocarbon",-52,18017,"Calibrated radiocarbon years BP","sedimentary charcoal","Data Sourcing: IMPDv1 #charcoal_recommendedformat","Sample Age Source: IMPDv1"
"1637",74,"charcoal | num",37,37.25,37.5,0.5,5438,5403,5473,"IMPDv1","Charcoal (sum)","(additional options)",NA,NA,"False","False","number","Macroscopic charcoal (sieved)","direct",NA,"CHAR",25,NA,NA,"quant_raw",5,"volume","cm^3","IMPDv1","IMPD_16657","charcoal","count","char","wet_sieve","particle","num","count","no_size","num","IMPDv1","measured",1,"IMPDv1",NA,"Xindi - charcoal db",67.111667,-159.491667,NA,"north",NA,NA,"sedlac",1637,0,NA,"Higuera,P.E.;Brubaker,L.B.;Anderson,P.M.;Hu,F.S.;Brown,T.A.;. Xindi - charcoal db. NOAA/WDS Paleoclimatology IMPD study 16657",NA,NA,NA,NA,NA,NA,NA,NA,NA,NA,NA,NA,NA,NA,"https://www.ncei.noaa.gov/access/paleo-search/study/16657",NA,NA,NA,NA,"noaa_study_id=16657; original pub in IMPD datafile header","IMPDv1:IMPD_16657",1637,"Higuera,P.E.",1,"Higuera","P.E.",NA,NA,NA,NA,NA,NA,NA,NA,NA,"IMPDv1:IMPD_16657",1637,"IMPDv1","IMPD_16657",NA,41.17,41.17,"cm",NA,"Radiocarbon","concentrated charcoal",1505,40,1388,NA,"CAMS 111400",TRUE,NA,"na Date is in uncalibrated radiocarbon years.","Xindi - charcoal db_SIEVED","counted","NaN-NaN",NA,NA,"",1505,1465,1545,1505,41.17,NA,"na Date is in uncalibrated radiocarbon years.",". Cal curve: NA. Source DB: IMPDv1","Lacustrine","Carbon-14","Radiocarbon",-52,18017,"Calibrated radiocarbon years BP","sedimentary charcoal","Data Sourcing: IMPDv1 #charcoal_recommendedformat","Sample Age Source: IMPDv1"
"1637",75,"charcoal | num",37.5,37.75,38,0.5,5507.5,5473,5542,"IMPDv1","Charcoal (sum)","(additional options)",NA,NA,"False","False","number","Macroscopic charcoal (sieved)","direct",NA,"CHAR",44,NA,NA,"quant_raw",5,"volume","cm^3","IMPDv1","IMPD_16657","charcoal","count","char","wet_sieve","particle","num","count","no_size","num","IMPDv1","measured",1,"IMPDv1",NA,"Xindi - charcoal db",67.111667,-159.491667,NA,"north",NA,NA,"sedlac",1637,0,NA,"Higuera,P.E.;Brubaker,L.B.;Anderson,P.M.;Hu,F.S.;Brown,T.A.;. Xindi - charcoal db. NOAA/WDS Paleoclimatology IMPD study 16657",NA,NA,NA,NA,NA,NA,NA,NA,NA,NA,NA,NA,NA,NA,"https://www.ncei.noaa.gov/access/paleo-search/study/16657",NA,NA,NA,NA,"noaa_study_id=16657; original pub in IMPD datafile header","IMPDv1:IMPD_16657",1637,"Higuera,P.E.",1,"Higuera","P.E.",NA,NA,NA,NA,NA,NA,NA,NA,NA,"IMPDv1:IMPD_16657",1637,"IMPDv1","IMPD_16657",NA,41.17,41.17,"cm",NA,"Radiocarbon","concentrated charcoal",1505,40,1388,NA,"CAMS 111400",TRUE,NA,"na Date is in uncalibrated radiocarbon years.","Xindi - charcoal db_SIEVED","counted","NaN-NaN",NA,NA,"",1505,1465,1545,1505,41.17,NA,"na Date is in uncalibrated radiocarbon years.",". Cal curve: NA. Source DB: IMPDv1","Lacustrine","Carbon-14","Radiocarbon",-52,18017,"Calibrated radiocarbon years BP","sedimentary charcoal","Data Sourcing: IMPDv1 #charcoal_recommendedformat","Sample Age Source: IMPDv1"
"1637",76,"charcoal | num",38,38.25,38.5,0.5,5576,5542,5610,"IMPDv1","Charcoal (sum)","(additional options)",NA,NA,"False","False","number","Macroscopic charcoal (sieved)","direct",NA,"CHAR",26,NA,NA,"quant_raw",5,"volume","cm^3","IMPDv1","IMPD_16657","charcoal","count","char","wet_sieve","particle","num","count","no_size","num","IMPDv1","measured",1,"IMPDv1",NA,"Xindi - charcoal db",67.111667,-159.491667,NA,"north",NA,NA,"sedlac",1637,0,NA,"Higuera,P.E.;Brubaker,L.B.;Anderson,P.M.;Hu,F.S.;Brown,T.A.;. Xindi - charcoal db. NOAA/WDS Paleoclimatology IMPD study 16657",NA,NA,NA,NA,NA,NA,NA,NA,NA,NA,NA,NA,NA,NA,"https://www.ncei.noaa.gov/access/paleo-search/study/16657",NA,NA,NA,NA,"noaa_study_id=16657; original pub in IMPD datafile header","IMPDv1:IMPD_16657",1637,"Higuera,P.E.",1,"Higuera","P.E.",NA,NA,NA,NA,NA,NA,NA,NA,NA,"IMPDv1:IMPD_16657",1637,"IMPDv1","IMPD_16657",NA,41.17,41.17,"cm",NA,"Radiocarbon","concentrated charcoal",1505,40,1388,NA,"CAMS 111400",TRUE,NA,"na Date is in uncalibrated radiocarbon years.","Xindi - charcoal db_SIEVED","counted","NaN-NaN",NA,NA,"",1505,1465,1545,1505,41.17,NA,"na Date is in uncalibrated radiocarbon years.",". Cal curve: NA. Source DB: IMPDv1","Lacustrine","Carbon-14","Radiocarbon",-52,18017,"Calibrated radiocarbon years BP","sedimentary charcoal","Data Sourcing: IMPDv1 #charcoal_recommendedformat","Sample Age Source: IMPDv1"
"1637",77,"charcoal | num",38.5,38.75,39,0.5,5644,5610,5678,"IMPDv1","Charcoal (sum)","(additional options)",NA,NA,"False","False","number","Macroscopic charcoal (sieved)","direct",NA,"CHAR",13,NA,NA,"quant_raw",5,"volume","cm^3","IMPDv1","IMPD_16657","charcoal","count","char","wet_sieve","particle","num","count","no_size","num","IMPDv1","measured",1,"IMPDv1",NA,"Xindi - charcoal db",67.111667,-159.491667,NA,"north",NA,NA,"sedlac",1637,0,NA,"Higuera,P.E.;Brubaker,L.B.;Anderson,P.M.;Hu,F.S.;Brown,T.A.;. Xindi - charcoal db. NOAA/WDS Paleoclimatology IMPD study 16657",NA,NA,NA,NA,NA,NA,NA,NA,NA,NA,NA,NA,NA,NA,"https://www.ncei.noaa.gov/access/paleo-search/study/16657",NA,NA,NA,NA,"noaa_study_id=16657; original pub in IMPD datafile header","IMPDv1:IMPD_16657",1637,"Higuera,P.E.",1,"Higuera","P.E.",NA,NA,NA,NA,NA,NA,NA,NA,NA,"IMPDv1:IMPD_16657",1637,"IMPDv1","IMPD_16657",NA,41.17,41.17,"cm",NA,"Radiocarbon","concentrated charcoal",1505,40,1388,NA,"CAMS 111400",TRUE,NA,"na Date is in uncalibrated radiocarbon years.","Xindi - charcoal db_SIEVED","counted","NaN-NaN",NA,NA,"",1505,1465,1545,1505,41.17,NA,"na Date is in uncalibrated radiocarbon years.",". Cal curve: NA. Source DB: IMPDv1","Lacustrine","Carbon-14","Radiocarbon",-52,18017,"Calibrated radiocarbon years BP","sedimentary charcoal","Data Sourcing: IMPDv1 #charcoal_recommendedformat","Sample Age Source: IMPDv1"
"1637",78,"charcoal | num",39,39.25,39.5,0.5,5711.5,5678,5745,"IMPDv1","Charcoal (sum)","(additional options)",NA,NA,"False","False","number","Macroscopic charcoal (sieved)","direct",NA,"CHAR",26,NA,NA,"quant_raw",5,"volume","cm^3","IMPDv1","IMPD_16657","charcoal","count","char","wet_sieve","particle","num","count","no_size","num","IMPDv1","measured",1,"IMPDv1",NA,"Xindi - charcoal db",67.111667,-159.491667,NA,"north",NA,NA,"sedlac",1637,0,NA,"Higuera,P.E.;Brubaker,L.B.;Anderson,P.M.;Hu,F.S.;Brown,T.A.;. Xindi - charcoal db. NOAA/WDS Paleoclimatology IMPD study 16657",NA,NA,NA,NA,NA,NA,NA,NA,NA,NA,NA,NA,NA,NA,"https://www.ncei.noaa.gov/access/paleo-search/study/16657",NA,NA,NA,NA,"noaa_study_id=16657; original pub in IMPD datafile header","IMPDv1:IMPD_16657",1637,"Higuera,P.E.",1,"Higuera","P.E.",NA,NA,NA,NA,NA,NA,NA,NA,NA,"IMPDv1:IMPD_16657",1637,"IMPDv1","IMPD_16657",NA,45.98,45.98,"cm",NA,"Radiocarbon","concentrated charcoal",1740,35,1648,NA,"CAMS 110401",TRUE,NA,"na Date is in uncalibrated radiocarbon years.","Xindi - charcoal db_SIEVED","counted","NaN-NaN",NA,NA,"",1740,1705,1775,1740,45.98,NA,"na Date is in uncalibrated radiocarbon years.",". Cal curve: NA. Source DB: IMPDv1","Lacustrine","Carbon-14","Radiocarbon",-52,18017,"Calibrated radiocarbon years BP","sedimentary charcoal","Data Sourcing: IMPDv1 #charcoal_recommendedformat","Sample Age Source: IMPDv1"
"1637",79,"charcoal | num",39.5,39.75,40,0.5,5778.5,5745,5812,"IMPDv1","Charcoal (sum)","(additional options)",NA,NA,"False","False","number","Macroscopic charcoal (sieved)","direct",NA,"CHAR",126,NA,NA,"quant_raw",5,"volume","cm^3","IMPDv1","IMPD_16657","charcoal","count","char","wet_sieve","particle","num","count","no_size","num","IMPDv1","measured",1,"IMPDv1",NA,"Xindi - charcoal db",67.111667,-159.491667,NA,"north",NA,NA,"sedlac",1637,0,NA,"Higuera,P.E.;Brubaker,L.B.;Anderson,P.M.;Hu,F.S.;Brown,T.A.;. Xindi - charcoal db. NOAA/WDS Paleoclimatology IMPD study 16657",NA,NA,NA,NA,NA,NA,NA,NA,NA,NA,NA,NA,NA,NA,"https://www.ncei.noaa.gov/access/paleo-search/study/16657",NA,NA,NA,NA,"noaa_study_id=16657; original pub in IMPD datafile header","IMPDv1:IMPD_16657",1637,"Higuera,P.E.",1,"Higuera","P.E.",NA,NA,NA,NA,NA,NA,NA,NA,NA,"IMPDv1:IMPD_16657",1637,"IMPDv1","IMPD_16657",NA,45.98,45.98,"cm",NA,"Radiocarbon","concentrated charcoal",1740,35,1648,NA,"CAMS 110401",TRUE,NA,"na Date is in uncalibrated radiocarbon years.","Xindi - charcoal db_SIEVED","counted","NaN-NaN",NA,NA,"",1740,1705,1775,1740,45.98,NA,"na Date is in uncalibrated radiocarbon years.",". Cal curve: NA. Source DB: IMPDv1","Lacustrine","Carbon-14","Radiocarbon",-52,18017,"Calibrated radiocarbon years BP","sedimentary charcoal","Data Sourcing: IMPDv1 #charcoal_recommendedformat","Sample Age Source: IMPDv1"
"1637",80,"charcoal | num",40,40.25,40.5,0.5,5845,5812,5878,"IMPDv1","Charcoal (sum)","(additional options)",NA,NA,"False","False","number","Macroscopic charcoal (sieved)","direct",NA,"CHAR",10,NA,NA,"quant_raw",5,"volume","cm^3","IMPDv1","IMPD_16657","charcoal","count","char","wet_sieve","particle","num","count","no_size","num","IMPDv1","measured",1,"IMPDv1",NA,"Xindi - charcoal db",67.111667,-159.491667,NA,"north",NA,NA,"sedlac",1637,0,NA,"Higuera,P.E.;Brubaker,L.B.;Anderson,P.M.;Hu,F.S.;Brown,T.A.;. Xindi - charcoal db. NOAA/WDS Paleoclimatology IMPD study 16657",NA,NA,NA,NA,NA,NA,NA,NA,NA,NA,NA,NA,NA,NA,"https://www.ncei.noaa.gov/access/paleo-search/study/16657",NA,NA,NA,NA,"noaa_study_id=16657; original pub in IMPD datafile header","IMPDv1:IMPD_16657",1637,"Higuera,P.E.",1,"Higuera","P.E.",NA,NA,NA,NA,NA,NA,NA,NA,NA,"IMPDv1:IMPD_16657",1637,"IMPDv1","IMPD_16657",NA,45.98,45.98,"cm",NA,"Radiocarbon","concentrated charcoal",1740,35,1648,NA,"CAMS 110401",TRUE,NA,"na Date is in uncalibrated radiocarbon years.","Xindi - charcoal db_SIEVED","counted","NaN-NaN",NA,NA,"",1740,1705,1775,1740,45.98,NA,"na Date is in uncalibrated radiocarbon years.",". Cal curve: NA. Source DB: IMPDv1","Lacustrine","Carbon-14","Radiocarbon",-52,18017,"Calibrated radiocarbon years BP","sedimentary charcoal","Data Sourcing: IMPDv1 #charcoal_recommendedformat","Sample Age Source: IMPDv1"
"1637",81,"charcoal | num",40.5,40.75,41,0.5,5911,5878,5944,"IMPDv1","Charcoal (sum)","(additional options)",NA,NA,"False","False","number","Macroscopic charcoal (sieved)","direct",NA,"CHAR",19,NA,NA,"quant_raw",5,"volume","cm^3","IMPDv1","IMPD_16657","charcoal","count","char","wet_sieve","particle","num","count","no_size","num","IMPDv1","measured",1,"IMPDv1",NA,"Xindi - charcoal db",67.111667,-159.491667,NA,"north",NA,NA,"sedlac",1637,0,NA,"Higuera,P.E.;Brubaker,L.B.;Anderson,P.M.;Hu,F.S.;Brown,T.A.;. Xindi - charcoal db. NOAA/WDS Paleoclimatology IMPD study 16657",NA,NA,NA,NA,NA,NA,NA,NA,NA,NA,NA,NA,NA,NA,"https://www.ncei.noaa.gov/access/paleo-search/study/16657",NA,NA,NA,NA,"noaa_study_id=16657; original pub in IMPD datafile header","IMPDv1:IMPD_16657",1637,"Higuera,P.E.",1,"Higuera","P.E.",NA,NA,NA,NA,NA,NA,NA,NA,NA,"IMPDv1:IMPD_16657",1637,"IMPDv1","IMPD_16657",NA,45.98,45.98,"cm",NA,"Radiocarbon","concentrated charcoal",1740,35,1648,NA,"CAMS 110401",TRUE,NA,"na Date is in uncalibrated radiocarbon years.","Xindi - charcoal db_SIEVED","counted","NaN-NaN",NA,NA,"",1740,1705,1775,1740,45.98,NA,"na Date is in uncalibrated radiocarbon years.",". Cal curve: NA. Source DB: IMPDv1","Lacustrine","Carbon-14","Radiocarbon",-52,18017,"Calibrated radiocarbon years BP","sedimentary charcoal","Data Sourcing: IMPDv1 #charcoal_recommendedformat","Sample Age Source: IMPDv1"
"1637",82,"charcoal | num",41,41.25,41.5,0.5,5976.5,5944,6009,"IMPDv1","Charcoal (sum)","(additional options)",NA,NA,"False","False","number","Macroscopic charcoal (sieved)","direct",NA,"CHAR",31,NA,NA,"quant_raw",5,"volume","cm^3","IMPDv1","IMPD_16657","charcoal","count","char","wet_sieve","particle","num","count","no_size","num","IMPDv1","measured",1,"IMPDv1",NA,"Xindi - charcoal db",67.111667,-159.491667,NA,"north",NA,NA,"sedlac",1637,0,NA,"Higuera,P.E.;Brubaker,L.B.;Anderson,P.M.;Hu,F.S.;Brown,T.A.;. Xindi - charcoal db. NOAA/WDS Paleoclimatology IMPD study 16657",NA,NA,NA,NA,NA,NA,NA,NA,NA,NA,NA,NA,NA,NA,"https://www.ncei.noaa.gov/access/paleo-search/study/16657",NA,NA,NA,NA,"noaa_study_id=16657; original pub in IMPD datafile header","IMPDv1:IMPD_16657",1637,"Higuera,P.E.",1,"Higuera","P.E.",NA,NA,NA,NA,NA,NA,NA,NA,NA,"IMPDv1:IMPD_16657",1637,"IMPDv1","IMPD_16657",NA,45.98,45.98,"cm",NA,"Radiocarbon","concentrated charcoal",1740,35,1648,NA,"CAMS 110401",TRUE,NA,"na Date is in uncalibrated radiocarbon years.","Xindi - charcoal db_SIEVED","counted","NaN-NaN",NA,NA,"",1740,1705,1775,1740,45.98,NA,"na Date is in uncalibrated radiocarbon years.",". Cal curve: NA. Source DB: IMPDv1","Lacustrine","Carbon-14","Radiocarbon",-52,18017,"Calibrated radiocarbon years BP","sedimentary charcoal","Data Sourcing: IMPDv1 #charcoal_recommendedformat","Sample Age Source: IMPDv1"
"1637",83,"charcoal | num",41.5,41.75,42,0.5,6041.5,6009,6074,"IMPDv1","Charcoal (sum)","(additional options)",NA,NA,"False","False","number","Macroscopic charcoal (sieved)","direct",NA,"CHAR",19,NA,NA,"quant_raw",5,"volume","cm^3","IMPDv1","IMPD_16657","charcoal","count","char","wet_sieve","particle","num","count","no_size","num","IMPDv1","measured",1,"IMPDv1",NA,"Xindi - charcoal db",67.111667,-159.491667,NA,"north",NA,NA,"sedlac",1637,0,NA,"Higuera,P.E.;Brubaker,L.B.;Anderson,P.M.;Hu,F.S.;Brown,T.A.;. Xindi - charcoal db. NOAA/WDS Paleoclimatology IMPD study 16657",NA,NA,NA,NA,NA,NA,NA,NA,NA,NA,NA,NA,NA,NA,"https://www.ncei.noaa.gov/access/paleo-search/study/16657",NA,NA,NA,NA,"noaa_study_id=16657; original pub in IMPD datafile header","IMPDv1:IMPD_16657",1637,"Higuera,P.E.",1,"Higuera","P.E.",NA,NA,NA,NA,NA,NA,NA,NA,NA,"IMPDv1:IMPD_16657",1637,"IMPDv1","IMPD_16657",NA,45.98,45.98,"cm",NA,"Radiocarbon","concentrated charcoal",1740,35,1648,NA,"CAMS 110401",TRUE,NA,"na Date is in uncalibrated radiocarbon years.","Xindi - charcoal db_SIEVED","counted","NaN-NaN",NA,NA,"",1740,1705,1775,1740,45.98,NA,"na Date is in uncalibrated radiocarbon years.",". Cal curve: NA. Source DB: IMPDv1","Lacustrine","Carbon-14","Radiocarbon",-52,18017,"Calibrated radiocarbon years BP","sedimentary charcoal","Data Sourcing: IMPDv1 #charcoal_recommendedformat","Sample Age Source: IMPDv1"
"1637",84,"charcoal | num",42,42.25,42.5,0.5,6106,6074,6138,"IMPDv1","Charcoal (sum)","(additional options)",NA,NA,"False","False","number","Macroscopic charcoal (sieved)","direct",NA,"CHAR",13,NA,NA,"quant_raw",5,"volume","cm^3","IMPDv1","IMPD_16657","charcoal","count","char","wet_sieve","particle","num","count","no_size","num","IMPDv1","measured",1,"IMPDv1",NA,"Xindi - charcoal db",67.111667,-159.491667,NA,"north",NA,NA,"sedlac",1637,0,NA,"Higuera,P.E.;Brubaker,L.B.;Anderson,P.M.;Hu,F.S.;Brown,T.A.;. Xindi - charcoal db. NOAA/WDS Paleoclimatology IMPD study 16657",NA,NA,NA,NA,NA,NA,NA,NA,NA,NA,NA,NA,NA,NA,"https://www.ncei.noaa.gov/access/paleo-search/study/16657",NA,NA,NA,NA,"noaa_study_id=16657; original pub in IMPD datafile header","IMPDv1:IMPD_16657",1637,"Higuera,P.E.",1,"Higuera","P.E.",NA,NA,NA,NA,NA,NA,NA,NA,NA,"IMPDv1:IMPD_16657",1637,"IMPDv1","IMPD_16657",NA,45.98,45.98,"cm",NA,"Radiocarbon","concentrated charcoal",1740,35,1648,NA,"CAMS 110401",TRUE,NA,"na Date is in uncalibrated radiocarbon years.","Xindi - charcoal db_SIEVED","counted","NaN-NaN",NA,NA,"",1740,1705,1775,1740,45.98,NA,"na Date is in uncalibrated radiocarbon years.",". Cal curve: NA. Source DB: IMPDv1","Lacustrine","Carbon-14","Radiocarbon",-52,18017,"Calibrated radiocarbon years BP","sedimentary charcoal","Data Sourcing: IMPDv1 #charcoal_recommendedformat","Sample Age Source: IMPDv1"
"1637",85,"charcoal | num",42.5,42.75,43,0.5,6169.5,6138,6201,"IMPDv1","Charcoal (sum)","(additional options)",NA,NA,"False","False","number","Macroscopic charcoal (sieved)","direct",NA,"CHAR",9,NA,NA,"quant_raw",5,"volume","cm^3","IMPDv1","IMPD_16657","charcoal","count","char","wet_sieve","particle","num","count","no_size","num","IMPDv1","measured",1,"IMPDv1",NA,"Xindi - charcoal db",67.111667,-159.491667,NA,"north",NA,NA,"sedlac",1637,0,NA,"Higuera,P.E.;Brubaker,L.B.;Anderson,P.M.;Hu,F.S.;Brown,T.A.;. Xindi - charcoal db. NOAA/WDS Paleoclimatology IMPD study 16657",NA,NA,NA,NA,NA,NA,NA,NA,NA,NA,NA,NA,NA,NA,"https://www.ncei.noaa.gov/access/paleo-search/study/16657",NA,NA,NA,NA,"noaa_study_id=16657; original pub in IMPD datafile header","IMPDv1:IMPD_16657",1637,"Higuera,P.E.",1,"Higuera","P.E.",NA,NA,NA,NA,NA,NA,NA,NA,NA,"IMPDv1:IMPD_16657",1637,"IMPDv1","IMPD_16657",NA,45.98,45.98,"cm",NA,"Radiocarbon","concentrated charcoal",1740,35,1648,NA,"CAMS 110401",TRUE,NA,"na Date is in uncalibrated radiocarbon years.","Xindi - charcoal db_SIEVED","counted","NaN-NaN",NA,NA,"",1740,1705,1775,1740,45.98,NA,"na Date is in uncalibrated radiocarbon years.",". Cal curve: NA. Source DB: IMPDv1","Lacustrine","Carbon-14","Radiocarbon",-52,18017,"Calibrated radiocarbon years BP","sedimentary charcoal","Data Sourcing: IMPDv1 #charcoal_recommendedformat","Sample Age Source: IMPDv1"
"1637",86,"charcoal | num",43,43.25,43.5,0.5,6233,6201,6265,"IMPDv1","Charcoal (sum)","(additional options)",NA,NA,"False","False","number","Macroscopic charcoal (sieved)","direct",NA,"CHAR",190,NA,NA,"quant_raw",5,"volume","cm^3","IMPDv1","IMPD_16657","charcoal","count","char","wet_sieve","particle","num","count","no_size","num","IMPDv1","measured",1,"IMPDv1",NA,"Xindi - charcoal db",67.111667,-159.491667,NA,"north",NA,NA,"sedlac",1637,0,NA,"Higuera,P.E.;Brubaker,L.B.;Anderson,P.M.;Hu,F.S.;Brown,T.A.;. Xindi - charcoal db. NOAA/WDS Paleoclimatology IMPD study 16657",NA,NA,NA,NA,NA,NA,NA,NA,NA,NA,NA,NA,NA,NA,"https://www.ncei.noaa.gov/access/paleo-search/study/16657",NA,NA,NA,NA,"noaa_study_id=16657; original pub in IMPD datafile header","IMPDv1:IMPD_16657",1637,"Higuera,P.E.",1,"Higuera","P.E.",NA,NA,NA,NA,NA,NA,NA,NA,NA,"IMPDv1:IMPD_16657",1637,"IMPDv1","IMPD_16657",NA,45.98,45.98,"cm",NA,"Radiocarbon","concentrated charcoal",1740,35,1648,NA,"CAMS 110401",TRUE,NA,"na Date is in uncalibrated radiocarbon years.","Xindi - charcoal db_SIEVED","counted","NaN-NaN",NA,NA,"",1740,1705,1775,1740,45.98,NA,"na Date is in uncalibrated radiocarbon years.",". Cal curve: NA. Source DB: IMPDv1","Lacustrine","Carbon-14","Radiocarbon",-52,18017,"Calibrated radiocarbon years BP","sedimentary charcoal","Data Sourcing: IMPDv1 #charcoal_recommendedformat","Sample Age Source: IMPDv1"
"1637",87,"charcoal | num",43.5,43.75,44,0.5,6296,6265,6327,"IMPDv1","Charcoal (sum)","(additional options)",NA,NA,"False","False","number","Macroscopic charcoal (sieved)","direct",NA,"CHAR",48,NA,NA,"quant_raw",5,"volume","cm^3","IMPDv1","IMPD_16657","charcoal","count","char","wet_sieve","particle","num","count","no_size","num","IMPDv1","measured",1,"IMPDv1",NA,"Xindi - charcoal db",67.111667,-159.491667,NA,"north",NA,NA,"sedlac",1637,0,NA,"Higuera,P.E.;Brubaker,L.B.;Anderson,P.M.;Hu,F.S.;Brown,T.A.;. Xindi - charcoal db. NOAA/WDS Paleoclimatology IMPD study 16657",NA,NA,NA,NA,NA,NA,NA,NA,NA,NA,NA,NA,NA,NA,"https://www.ncei.noaa.gov/access/paleo-search/study/16657",NA,NA,NA,NA,"noaa_study_id=16657; original pub in IMPD datafile header","IMPDv1:IMPD_16657",1637,"Higuera,P.E.",1,"Higuera","P.E.",NA,NA,NA,NA,NA,NA,NA,NA,NA,"IMPDv1:IMPD_16657",1637,"IMPDv1","IMPD_16657",NA,45.98,45.98,"cm",NA,"Radiocarbon","concentrated charcoal",1740,35,1648,NA,"CAMS 110401",TRUE,NA,"na Date is in uncalibrated radiocarbon years.","Xindi - charcoal db_SIEVED","counted","NaN-NaN",NA,NA,"",1740,1705,1775,1740,45.98,NA,"na Date is in uncalibrated radiocarbon years.",". Cal curve: NA. Source DB: IMPDv1","Lacustrine","Carbon-14","Radiocarbon",-52,18017,"Calibrated radiocarbon years BP","sedimentary charcoal","Data Sourcing: IMPDv1 #charcoal_recommendedformat","Sample Age Source: IMPDv1"
"1637",88,"charcoal | num",44,44.25,44.5,0.5,6358,6327,6389,"IMPDv1","Charcoal (sum)","(additional options)",NA,NA,"False","False","number","Macroscopic charcoal (sieved)","direct",NA,"CHAR",13,NA,NA,"quant_raw",5,"volume","cm^3","IMPDv1","IMPD_16657","charcoal","count","char","wet_sieve","particle","num","count","no_size","num","IMPDv1","measured",1,"IMPDv1",NA,"Xindi - charcoal db",67.111667,-159.491667,NA,"north",NA,NA,"sedlac",1637,0,NA,"Higuera,P.E.;Brubaker,L.B.;Anderson,P.M.;Hu,F.S.;Brown,T.A.;. Xindi - charcoal db. NOAA/WDS Paleoclimatology IMPD study 16657",NA,NA,NA,NA,NA,NA,NA,NA,NA,NA,NA,NA,NA,NA,"https://www.ncei.noaa.gov/access/paleo-search/study/16657",NA,NA,NA,NA,"noaa_study_id=16657; original pub in IMPD datafile header","IMPDv1:IMPD_16657",1637,"Higuera,P.E.",1,"Higuera","P.E.",NA,NA,NA,NA,NA,NA,NA,NA,NA,"IMPDv1:IMPD_16657",1637,"IMPDv1","IMPD_16657",NA,45.98,45.98,"cm",NA,"Radiocarbon","concentrated charcoal",1740,35,1648,NA,"CAMS 110401",TRUE,NA,"na Date is in uncalibrated radiocarbon years.","Xindi - charcoal db_SIEVED","counted","NaN-NaN",NA,NA,"",1740,1705,1775,1740,45.98,NA,"na Date is in uncalibrated radiocarbon years.",". Cal curve: NA. Source DB: IMPDv1","Lacustrine","Carbon-14","Radiocarbon",-52,18017,"Calibrated radiocarbon years BP","sedimentary charcoal","Data Sourcing: IMPDv1 #charcoal_recommendedformat","Sample Age Source: IMPDv1"
"1637",89,"charcoal | num",44.5,44.75,45,0.5,6420,6389,6451,"IMPDv1","Charcoal (sum)","(additional options)",NA,NA,"False","False","number","Macroscopic charcoal (sieved)","direct",NA,"CHAR",5,NA,NA,"quant_raw",5,"volume","cm^3","IMPDv1","IMPD_16657","charcoal","count","char","wet_sieve","particle","num","count","no_size","num","IMPDv1","measured",1,"IMPDv1",NA,"Xindi - charcoal db",67.111667,-159.491667,NA,"north",NA,NA,"sedlac",1637,0,NA,"Higuera,P.E.;Brubaker,L.B.;Anderson,P.M.;Hu,F.S.;Brown,T.A.;. Xindi - charcoal db. NOAA/WDS Paleoclimatology IMPD study 16657",NA,NA,NA,NA,NA,NA,NA,NA,NA,NA,NA,NA,NA,NA,"https://www.ncei.noaa.gov/access/paleo-search/study/16657",NA,NA,NA,NA,"noaa_study_id=16657; original pub in IMPD datafile header","IMPDv1:IMPD_16657",1637,"Higuera,P.E.",1,"Higuera","P.E.",NA,NA,NA,NA,NA,NA,NA,NA,NA,"IMPDv1:IMPD_16657",1637,"IMPDv1","IMPD_16657",NA,45.98,45.98,"cm",NA,"Radiocarbon","concentrated charcoal",1740,35,1648,NA,"CAMS 110401",TRUE,NA,"na Date is in uncalibrated radiocarbon years.","Xindi - charcoal db_SIEVED","counted","NaN-NaN",NA,NA,"",1740,1705,1775,1740,45.98,NA,"na Date is in uncalibrated radiocarbon years.",". Cal curve: NA. Source DB: IMPDv1","Lacustrine","Carbon-14","Radiocarbon",-52,18017,"Calibrated radiocarbon years BP","sedimentary charcoal","Data Sourcing: IMPDv1 #charcoal_recommendedformat","Sample Age Source: IMPDv1"
"1637",90,"charcoal | num",45,45.25,45.5,0.5,6482,6451,6513,"IMPDv1","Charcoal (sum)","(additional options)",NA,NA,"False","False","number","Macroscopic charcoal (sieved)","direct",NA,"CHAR",69,NA,NA,"quant_raw",5,"volume","cm^3","IMPDv1","IMPD_16657","charcoal","count","char","wet_sieve","particle","num","count","no_size","num","IMPDv1","measured",1,"IMPDv1",NA,"Xindi - charcoal db",67.111667,-159.491667,NA,"north",NA,NA,"sedlac",1637,0,NA,"Higuera,P.E.;Brubaker,L.B.;Anderson,P.M.;Hu,F.S.;Brown,T.A.;. Xindi - charcoal db. NOAA/WDS Paleoclimatology IMPD study 16657",NA,NA,NA,NA,NA,NA,NA,NA,NA,NA,NA,NA,NA,NA,"https://www.ncei.noaa.gov/access/paleo-search/study/16657",NA,NA,NA,NA,"noaa_study_id=16657; original pub in IMPD datafile header","IMPDv1:IMPD_16657",1637,"Higuera,P.E.",1,"Higuera","P.E.",NA,NA,NA,NA,NA,NA,NA,NA,NA,"IMPDv1:IMPD_16657",1637,"IMPDv1","IMPD_16657",NA,45.98,45.98,"cm",NA,"Radiocarbon","concentrated charcoal",1740,35,1648,NA,"CAMS 110401",TRUE,NA,"na Date is in uncalibrated radiocarbon years.","Xindi - charcoal db_SIEVED","counted","NaN-NaN",NA,NA,"",1740,1705,1775,1740,45.98,NA,"na Date is in uncalibrated radiocarbon years.",". Cal curve: NA. Source DB: IMPDv1","Lacustrine","Carbon-14","Radiocarbon",-52,18017,"Calibrated radiocarbon years BP","sedimentary charcoal","Data Sourcing: IMPDv1 #charcoal_recommendedformat","Sample Age Source: IMPDv1"
"1637",91,"charcoal | num",45.5,45.75,46,0.5,6543,6513,6573,"IMPDv1","Charcoal (sum)","(additional options)",NA,NA,"False","False","number","Macroscopic charcoal (sieved)","direct",NA,"CHAR",30,NA,NA,"quant_raw",5,"volume","cm^3","IMPDv1","IMPD_16657","charcoal","count","char","wet_sieve","particle","num","count","no_size","num","IMPDv1","measured",1,"IMPDv1",NA,"Xindi - charcoal db",67.111667,-159.491667,NA,"north",NA,NA,"sedlac",1637,0,NA,"Higuera,P.E.;Brubaker,L.B.;Anderson,P.M.;Hu,F.S.;Brown,T.A.;. Xindi - charcoal db. NOAA/WDS Paleoclimatology IMPD study 16657",NA,NA,NA,NA,NA,NA,NA,NA,NA,NA,NA,NA,NA,NA,"https://www.ncei.noaa.gov/access/paleo-search/study/16657",NA,NA,NA,NA,"noaa_study_id=16657; original pub in IMPD datafile header","IMPDv1:IMPD_16657",1637,"Higuera,P.E.",1,"Higuera","P.E.",NA,NA,NA,NA,NA,NA,NA,NA,NA,"IMPDv1:IMPD_16657",1637,"IMPDv1","IMPD_16657",NA,57.78,57.78,"cm",NA,"Radiocarbon","con. charcoal & Picea needle",2185,40,2210,NA,"CAMS 111401",TRUE,NA,"na Date is in uncalibrated radiocarbon years.","Xindi - charcoal db_SIEVED","counted","NaN-NaN",NA,NA,"",2185,2145,2225,2185,57.78,NA,"na Date is in uncalibrated radiocarbon years.",". Cal curve: NA. Source DB: IMPDv1","Lacustrine","Carbon-14","Radiocarbon",-52,18017,"Calibrated radiocarbon years BP","sedimentary charcoal","Data Sourcing: IMPDv1 #charcoal_recommendedformat","Sample Age Source: IMPDv1"
"1637",92,"charcoal | num",46,46.25,46.5,0.5,6603.5,6573,6634,"IMPDv1","Charcoal (sum)","(additional options)",NA,NA,"False","False","number","Macroscopic charcoal (sieved)","direct",NA,"CHAR",14,NA,NA,"quant_raw",5,"volume","cm^3","IMPDv1","IMPD_16657","charcoal","count","char","wet_sieve","particle","num","count","no_size","num","IMPDv1","measured",1,"IMPDv1",NA,"Xindi - charcoal db",67.111667,-159.491667,NA,"north",NA,NA,"sedlac",1637,0,NA,"Higuera,P.E.;Brubaker,L.B.;Anderson,P.M.;Hu,F.S.;Brown,T.A.;. Xindi - charcoal db. NOAA/WDS Paleoclimatology IMPD study 16657",NA,NA,NA,NA,NA,NA,NA,NA,NA,NA,NA,NA,NA,NA,"https://www.ncei.noaa.gov/access/paleo-search/study/16657",NA,NA,NA,NA,"noaa_study_id=16657; original pub in IMPD datafile header","IMPDv1:IMPD_16657",1637,"Higuera,P.E.",1,"Higuera","P.E.",NA,NA,NA,NA,NA,NA,NA,NA,NA,"IMPDv1:IMPD_16657",1637,"IMPDv1","IMPD_16657",NA,57.78,57.78,"cm",NA,"Radiocarbon","con. charcoal & Picea needle",2185,40,2210,NA,"CAMS 111401",TRUE,NA,"na Date is in uncalibrated radiocarbon years.","Xindi - charcoal db_SIEVED","counted","NaN-NaN",NA,NA,"",2185,2145,2225,2185,57.78,NA,"na Date is in uncalibrated radiocarbon years.",". Cal curve: NA. Source DB: IMPDv1","Lacustrine","Carbon-14","Radiocarbon",-52,18017,"Calibrated radiocarbon years BP","sedimentary charcoal","Data Sourcing: IMPDv1 #charcoal_recommendedformat","Sample Age Source: IMPDv1"
"1637",93,"charcoal | num",46.5,46.75,47,0.5,6664,6634,6694,"IMPDv1","Charcoal (sum)","(additional options)",NA,NA,"False","False","number","Macroscopic charcoal (sieved)","direct",NA,"CHAR",17,NA,NA,"quant_raw",5,"volume","cm^3","IMPDv1","IMPD_16657","charcoal","count","char","wet_sieve","particle","num","count","no_size","num","IMPDv1","measured",1,"IMPDv1",NA,"Xindi - charcoal db",67.111667,-159.491667,NA,"north",NA,NA,"sedlac",1637,0,NA,"Higuera,P.E.;Brubaker,L.B.;Anderson,P.M.;Hu,F.S.;Brown,T.A.;. Xindi - charcoal db. NOAA/WDS Paleoclimatology IMPD study 16657",NA,NA,NA,NA,NA,NA,NA,NA,NA,NA,NA,NA,NA,NA,"https://www.ncei.noaa.gov/access/paleo-search/study/16657",NA,NA,NA,NA,"noaa_study_id=16657; original pub in IMPD datafile header","IMPDv1:IMPD_16657",1637,"Higuera,P.E.",1,"Higuera","P.E.",NA,NA,NA,NA,NA,NA,NA,NA,NA,"IMPDv1:IMPD_16657",1637,"IMPDv1","IMPD_16657",NA,57.78,57.78,"cm",NA,"Radiocarbon","con. charcoal & Picea needle",2185,40,2210,NA,"CAMS 111401",TRUE,NA,"na Date is in uncalibrated radiocarbon years.","Xindi - charcoal db_SIEVED","counted","NaN-NaN",NA,NA,"",2185,2145,2225,2185,57.78,NA,"na Date is in uncalibrated radiocarbon years.",". Cal curve: NA. Source DB: IMPDv1","Lacustrine","Carbon-14","Radiocarbon",-52,18017,"Calibrated radiocarbon years BP","sedimentary charcoal","Data Sourcing: IMPDv1 #charcoal_recommendedformat","Sample Age Source: IMPDv1"
"1637",94,"charcoal | num",47,47.25,47.5,0.5,6724,6694,6754,"IMPDv1","Charcoal (sum)","(additional options)",NA,NA,"False","False","number","Macroscopic charcoal (sieved)","direct",NA,"CHAR",26,NA,NA,"quant_raw",5,"volume","cm^3","IMPDv1","IMPD_16657","charcoal","count","char","wet_sieve","particle","num","count","no_size","num","IMPDv1","measured",1,"IMPDv1",NA,"Xindi - charcoal db",67.111667,-159.491667,NA,"north",NA,NA,"sedlac",1637,0,NA,"Higuera,P.E.;Brubaker,L.B.;Anderson,P.M.;Hu,F.S.;Brown,T.A.;. Xindi - charcoal db. NOAA/WDS Paleoclimatology IMPD study 16657",NA,NA,NA,NA,NA,NA,NA,NA,NA,NA,NA,NA,NA,NA,"https://www.ncei.noaa.gov/access/paleo-search/study/16657",NA,NA,NA,NA,"noaa_study_id=16657; original pub in IMPD datafile header","IMPDv1:IMPD_16657",1637,"Higuera,P.E.",1,"Higuera","P.E.",NA,NA,NA,NA,NA,NA,NA,NA,NA,"IMPDv1:IMPD_16657",1637,"IMPDv1","IMPD_16657",NA,57.78,57.78,"cm",NA,"Radiocarbon","con. charcoal & Picea needle",2185,40,2210,NA,"CAMS 111401",TRUE,NA,"na Date is in uncalibrated radiocarbon years.","Xindi - charcoal db_SIEVED","counted","NaN-NaN",NA,NA,"",2185,2145,2225,2185,57.78,NA,"na Date is in uncalibrated radiocarbon years.",". Cal curve: NA. Source DB: IMPDv1","Lacustrine","Carbon-14","Radiocarbon",-52,18017,"Calibrated radiocarbon years BP","sedimentary charcoal","Data Sourcing: IMPDv1 #charcoal_recommendedformat","Sample Age Source: IMPDv1"
"1637",95,"charcoal | num",47.5,47.75,48,0.5,6783.5,6754,6813,"IMPDv1","Charcoal (sum)","(additional options)",NA,NA,"False","False","number","Macroscopic charcoal (sieved)","direct",NA,"CHAR",23,NA,NA,"quant_raw",5,"volume","cm^3","IMPDv1","IMPD_16657","charcoal","count","char","wet_sieve","particle","num","count","no_size","num","IMPDv1","measured",1,"IMPDv1",NA,"Xindi - charcoal db",67.111667,-159.491667,NA,"north",NA,NA,"sedlac",1637,0,NA,"Higuera,P.E.;Brubaker,L.B.;Anderson,P.M.;Hu,F.S.;Brown,T.A.;. Xindi - charcoal db. NOAA/WDS Paleoclimatology IMPD study 16657",NA,NA,NA,NA,NA,NA,NA,NA,NA,NA,NA,NA,NA,NA,"https://www.ncei.noaa.gov/access/paleo-search/study/16657",NA,NA,NA,NA,"noaa_study_id=16657; original pub in IMPD datafile header","IMPDv1:IMPD_16657",1637,"Higuera,P.E.",1,"Higuera","P.E.",NA,NA,NA,NA,NA,NA,NA,NA,NA,"IMPDv1:IMPD_16657",1637,"IMPDv1","IMPD_16657",NA,57.78,57.78,"cm",NA,"Radiocarbon","con. charcoal & Picea needle",2185,40,2210,NA,"CAMS 111401",TRUE,NA,"na Date is in uncalibrated radiocarbon years.","Xindi - charcoal db_SIEVED","counted","NaN-NaN",NA,NA,"",2185,2145,2225,2185,57.78,NA,"na Date is in uncalibrated radiocarbon years.",". Cal curve: NA. Source DB: IMPDv1","Lacustrine","Carbon-14","Radiocarbon",-52,18017,"Calibrated radiocarbon years BP","sedimentary charcoal","Data Sourcing: IMPDv1 #charcoal_recommendedformat","Sample Age Source: IMPDv1"
"1637",96,"charcoal | num",48,48.25,48.5,0.5,6842.5,6813,6872,"IMPDv1","Charcoal (sum)","(additional options)",NA,NA,"False","False","number","Macroscopic charcoal (sieved)","direct",NA,"CHAR",216,NA,NA,"quant_raw",5,"volume","cm^3","IMPDv1","IMPD_16657","charcoal","count","char","wet_sieve","particle","num","count","no_size","num","IMPDv1","measured",1,"IMPDv1",NA,"Xindi - charcoal db",67.111667,-159.491667,NA,"north",NA,NA,"sedlac",1637,0,NA,"Higuera,P.E.;Brubaker,L.B.;Anderson,P.M.;Hu,F.S.;Brown,T.A.;. Xindi - charcoal db. NOAA/WDS Paleoclimatology IMPD study 16657",NA,NA,NA,NA,NA,NA,NA,NA,NA,NA,NA,NA,NA,NA,"https://www.ncei.noaa.gov/access/paleo-search/study/16657",NA,NA,NA,NA,"noaa_study_id=16657; original pub in IMPD datafile header","IMPDv1:IMPD_16657",1637,"Higuera,P.E.",1,"Higuera","P.E.",NA,NA,NA,NA,NA,NA,NA,NA,NA,"IMPDv1:IMPD_16657",1637,"IMPDv1","IMPD_16657",NA,57.78,57.78,"cm",NA,"Radiocarbon","con. charcoal & Picea needle",2185,40,2210,NA,"CAMS 111401",TRUE,NA,"na Date is in uncalibrated radiocarbon years.","Xindi - charcoal db_SIEVED","counted","NaN-NaN",NA,NA,"",2185,2145,2225,2185,57.78,NA,"na Date is in uncalibrated radiocarbon years.",". Cal curve: NA. Source DB: IMPDv1","Lacustrine","Carbon-14","Radiocarbon",-52,18017,"Calibrated radiocarbon years BP","sedimentary charcoal","Data Sourcing: IMPDv1 #charcoal_recommendedformat","Sample Age Source: IMPDv1"
"1637",97,"charcoal | num",48.5,48.75,49,0.5,6901.5,6872,6931,"IMPDv1","Charcoal (sum)","(additional options)",NA,NA,"False","False","number","Macroscopic charcoal (sieved)","direct",NA,"CHAR",12,NA,NA,"quant_raw",5,"volume","cm^3","IMPDv1","IMPD_16657","charcoal","count","char","wet_sieve","particle","num","count","no_size","num","IMPDv1","measured",1,"IMPDv1",NA,"Xindi - charcoal db",67.111667,-159.491667,NA,"north",NA,NA,"sedlac",1637,0,NA,"Higuera,P.E.;Brubaker,L.B.;Anderson,P.M.;Hu,F.S.;Brown,T.A.;. Xindi - charcoal db. NOAA/WDS Paleoclimatology IMPD study 16657",NA,NA,NA,NA,NA,NA,NA,NA,NA,NA,NA,NA,NA,NA,"https://www.ncei.noaa.gov/access/paleo-search/study/16657",NA,NA,NA,NA,"noaa_study_id=16657; original pub in IMPD datafile header","IMPDv1:IMPD_16657",1637,"Higuera,P.E.",1,"Higuera","P.E.",NA,NA,NA,NA,NA,NA,NA,NA,NA,"IMPDv1:IMPD_16657",1637,"IMPDv1","IMPD_16657",NA,57.78,57.78,"cm",NA,"Radiocarbon","con. charcoal & Picea needle",2185,40,2210,NA,"CAMS 111401",TRUE,NA,"na Date is in uncalibrated radiocarbon years.","Xindi - charcoal db_SIEVED","counted","NaN-NaN",NA,NA,"",2185,2145,2225,2185,57.78,NA,"na Date is in uncalibrated radiocarbon years.",". Cal curve: NA. Source DB: IMPDv1","Lacustrine","Carbon-14","Radiocarbon",-52,18017,"Calibrated radiocarbon years BP","sedimentary charcoal","Data Sourcing: IMPDv1 #charcoal_recommendedformat","Sample Age Source: IMPDv1"
"1637",98,"charcoal | num",49,49.25,49.5,0.5,6960,6931,6989,"IMPDv1","Charcoal (sum)","(additional options)",NA,NA,"False","False","number","Macroscopic charcoal (sieved)","direct",NA,"CHAR",13,NA,NA,"quant_raw",5,"volume","cm^3","IMPDv1","IMPD_16657","charcoal","count","char","wet_sieve","particle","num","count","no_size","num","IMPDv1","measured",1,"IMPDv1",NA,"Xindi - charcoal db",67.111667,-159.491667,NA,"north",NA,NA,"sedlac",1637,0,NA,"Higuera,P.E.;Brubaker,L.B.;Anderson,P.M.;Hu,F.S.;Brown,T.A.;. Xindi - charcoal db. NOAA/WDS Paleoclimatology IMPD study 16657",NA,NA,NA,NA,NA,NA,NA,NA,NA,NA,NA,NA,NA,NA,"https://www.ncei.noaa.gov/access/paleo-search/study/16657",NA,NA,NA,NA,"noaa_study_id=16657; original pub in IMPD datafile header","IMPDv1:IMPD_16657",1637,"Higuera,P.E.",1,"Higuera","P.E.",NA,NA,NA,NA,NA,NA,NA,NA,NA,"IMPDv1:IMPD_16657",1637,"IMPDv1","IMPD_16657",NA,57.78,57.78,"cm",NA,"Radiocarbon","con. charcoal & Picea needle",2185,40,2210,NA,"CAMS 111401",TRUE,NA,"na Date is in uncalibrated radiocarbon years.","Xindi - charcoal db_SIEVED","counted","NaN-NaN",NA,NA,"",2185,2145,2225,2185,57.78,NA,"na Date is in uncalibrated radiocarbon years.",". Cal curve: NA. Source DB: IMPDv1","Lacustrine","Carbon-14","Radiocarbon",-52,18017,"Calibrated radiocarbon years BP","sedimentary charcoal","Data Sourcing: IMPDv1 #charcoal_recommendedformat","Sample Age Source: IMPDv1"
"1637",99,"charcoal | num",49.5,49.75,50,0.5,7018,6989,7047,"IMPDv1","Charcoal (sum)","(additional options)",NA,NA,"False","False","number","Macroscopic charcoal (sieved)","direct",NA,"CHAR",10,NA,NA,"quant_raw",5,"volume","cm^3","IMPDv1","IMPD_16657","charcoal","count","char","wet_sieve","particle","num","count","no_size","num","IMPDv1","measured",1,"IMPDv1",NA,"Xindi - charcoal db",67.111667,-159.491667,NA,"north",NA,NA,"sedlac",1637,0,NA,"Higuera,P.E.;Brubaker,L.B.;Anderson,P.M.;Hu,F.S.;Brown,T.A.;. Xindi - charcoal db. NOAA/WDS Paleoclimatology IMPD study 16657",NA,NA,NA,NA,NA,NA,NA,NA,NA,NA,NA,NA,NA,NA,"https://www.ncei.noaa.gov/access/paleo-search/study/16657",NA,NA,NA,NA,"noaa_study_id=16657; original pub in IMPD datafile header","IMPDv1:IMPD_16657",1637,"Higuera,P.E.",1,"Higuera","P.E.",NA,NA,NA,NA,NA,NA,NA,NA,NA,"IMPDv1:IMPD_16657",1637,"IMPDv1","IMPD_16657",NA,57.78,57.78,"cm",NA,"Radiocarbon","con. charcoal & Picea needle",2185,40,2210,NA,"CAMS 111401",TRUE,NA,"na Date is in uncalibrated radiocarbon years.","Xindi - charcoal db_SIEVED","counted","NaN-NaN",NA,NA,"",2185,2145,2225,2185,57.78,NA,"na Date is in uncalibrated radiocarbon years.",". Cal curve: NA. Source DB: IMPDv1","Lacustrine","Carbon-14","Radiocarbon",-52,18017,"Calibrated radiocarbon years BP","sedimentary charcoal","Data Sourcing: IMPDv1 #charcoal_recommendedformat","Sample Age Source: IMPDv1"
"1637",100,"charcoal | num",50,50.25,50.5,0.5,7075.5,7047,7104,"IMPDv1","Charcoal (sum)","(additional options)",NA,NA,"False","False","number","Macroscopic charcoal (sieved)","direct",NA,"CHAR",18,NA,NA,"quant_raw",5,"volume","cm^3","IMPDv1","IMPD_16657","charcoal","count","char","wet_sieve","particle","num","count","no_size","num","IMPDv1","measured",1,"IMPDv1",NA,"Xindi - charcoal db",67.111667,-159.491667,NA,"north",NA,NA,"sedlac",1637,0,NA,"Higuera,P.E.;Brubaker,L.B.;Anderson,P.M.;Hu,F.S.;Brown,T.A.;. Xindi - charcoal db. NOAA/WDS Paleoclimatology IMPD study 16657",NA,NA,NA,NA,NA,NA,NA,NA,NA,NA,NA,NA,NA,NA,"https://www.ncei.noaa.gov/access/paleo-search/study/16657",NA,NA,NA,NA,"noaa_study_id=16657; original pub in IMPD datafile header","IMPDv1:IMPD_16657",1637,"Higuera,P.E.",1,"Higuera","P.E.",NA,NA,NA,NA,NA,NA,NA,NA,NA,"IMPDv1:IMPD_16657",1637,"IMPDv1","IMPD_16657",NA,57.78,57.78,"cm",NA,"Radiocarbon","con. charcoal & Picea needle",2185,40,2210,NA,"CAMS 111401",TRUE,NA,"na Date is in uncalibrated radiocarbon years.","Xindi - charcoal db_SIEVED","counted","NaN-NaN",NA,NA,"",2185,2145,2225,2185,57.78,NA,"na Date is in uncalibrated radiocarbon years.",". Cal curve: NA. Source DB: IMPDv1","Lacustrine","Carbon-14","Radiocarbon",-52,18017,"Calibrated radiocarbon years BP","sedimentary charcoal","Data Sourcing: IMPDv1 #charcoal_recommendedformat","Sample Age Source: IMPDv1"
"1637",101,"charcoal | num",50.5,50.75,51,0.5,7132.5,7104,7161,"IMPDv1","Charcoal (sum)","(additional options)",NA,NA,"False","False","number","Macroscopic charcoal (sieved)","direct",NA,"CHAR",5,NA,NA,"quant_raw",5,"volume","cm^3","IMPDv1","IMPD_16657","charcoal","count","char","wet_sieve","particle","num","count","no_size","num","IMPDv1","measured",1,"IMPDv1",NA,"Xindi - charcoal db",67.111667,-159.491667,NA,"north",NA,NA,"sedlac",1637,0,NA,"Higuera,P.E.;Brubaker,L.B.;Anderson,P.M.;Hu,F.S.;Brown,T.A.;. Xindi - charcoal db. NOAA/WDS Paleoclimatology IMPD study 16657",NA,NA,NA,NA,NA,NA,NA,NA,NA,NA,NA,NA,NA,NA,"https://www.ncei.noaa.gov/access/paleo-search/study/16657",NA,NA,NA,NA,"noaa_study_id=16657; original pub in IMPD datafile header","IMPDv1:IMPD_16657",1637,"Higuera,P.E.",1,"Higuera","P.E.",NA,NA,NA,NA,NA,NA,NA,NA,NA,"IMPDv1:IMPD_16657",1637,"IMPDv1","IMPD_16657",NA,57.78,57.78,"cm",NA,"Radiocarbon","con. charcoal & Picea needle",2185,40,2210,NA,"CAMS 111401",TRUE,NA,"na Date is in uncalibrated radiocarbon years.","Xindi - charcoal db_SIEVED","counted","NaN-NaN",NA,NA,"",2185,2145,2225,2185,57.78,NA,"na Date is in uncalibrated radiocarbon years.",". Cal curve: NA. Source DB: IMPDv1","Lacustrine","Carbon-14","Radiocarbon",-52,18017,"Calibrated radiocarbon years BP","sedimentary charcoal","Data Sourcing: IMPDv1 #charcoal_recommendedformat","Sample Age Source: IMPDv1"
"1637",102,"charcoal | num",51,51.25,51.5,0.5,7189.5,7161,7218,"IMPDv1","Charcoal (sum)","(additional options)",NA,NA,"False","False","number","Macroscopic charcoal (sieved)","direct",NA,"CHAR",55,NA,NA,"quant_raw",5,"volume","cm^3","IMPDv1","IMPD_16657","charcoal","count","char","wet_sieve","particle","num","count","no_size","num","IMPDv1","measured",1,"IMPDv1",NA,"Xindi - charcoal db",67.111667,-159.491667,NA,"north",NA,NA,"sedlac",1637,0,NA,"Higuera,P.E.;Brubaker,L.B.;Anderson,P.M.;Hu,F.S.;Brown,T.A.;. Xindi - charcoal db. NOAA/WDS Paleoclimatology IMPD study 16657",NA,NA,NA,NA,NA,NA,NA,NA,NA,NA,NA,NA,NA,NA,"https://www.ncei.noaa.gov/access/paleo-search/study/16657",NA,NA,NA,NA,"noaa_study_id=16657; original pub in IMPD datafile header","IMPDv1:IMPD_16657",1637,"Higuera,P.E.",1,"Higuera","P.E.",NA,NA,NA,NA,NA,NA,NA,NA,NA,"IMPDv1:IMPD_16657",1637,"IMPDv1","IMPD_16657",NA,57.78,57.78,"cm",NA,"Radiocarbon","con. charcoal & Picea needle",2185,40,2210,NA,"CAMS 111401",TRUE,NA,"na Date is in uncalibrated radiocarbon years.","Xindi - charcoal db_SIEVED","counted","NaN-NaN",NA,NA,"",2185,2145,2225,2185,57.78,NA,"na Date is in uncalibrated radiocarbon years.",". Cal curve: NA. Source DB: IMPDv1","Lacustrine","Carbon-14","Radiocarbon",-52,18017,"Calibrated radiocarbon years BP","sedimentary charcoal","Data Sourcing: IMPDv1 #charcoal_recommendedformat","Sample Age Source: IMPDv1"
"1637",103,"charcoal | num",51.5,51.75,52,0.5,7246.5,7218,7275,"IMPDv1","Charcoal (sum)","(additional options)",NA,NA,"False","False","number","Macroscopic charcoal (sieved)","direct",NA,"CHAR",62,NA,NA,"quant_raw",5,"volume","cm^3","IMPDv1","IMPD_16657","charcoal","count","char","wet_sieve","particle","num","count","no_size","num","IMPDv1","measured",1,"IMPDv1",NA,"Xindi - charcoal db",67.111667,-159.491667,NA,"north",NA,NA,"sedlac",1637,0,NA,"Higuera,P.E.;Brubaker,L.B.;Anderson,P.M.;Hu,F.S.;Brown,T.A.;. Xindi - charcoal db. NOAA/WDS Paleoclimatology IMPD study 16657",NA,NA,NA,NA,NA,NA,NA,NA,NA,NA,NA,NA,NA,NA,"https://www.ncei.noaa.gov/access/paleo-search/study/16657",NA,NA,NA,NA,"noaa_study_id=16657; original pub in IMPD datafile header","IMPDv1:IMPD_16657",1637,"Higuera,P.E.",1,"Higuera","P.E.",NA,NA,NA,NA,NA,NA,NA,NA,NA,"IMPDv1:IMPD_16657",1637,"IMPDv1","IMPD_16657",NA,57.78,57.78,"cm",NA,"Radiocarbon","con. charcoal & Picea needle",2185,40,2210,NA,"CAMS 111401",TRUE,NA,"na Date is in uncalibrated radiocarbon years.","Xindi - charcoal db_SIEVED","counted","NaN-NaN",NA,NA,"",2185,2145,2225,2185,57.78,NA,"na Date is in uncalibrated radiocarbon years.",". Cal curve: NA. Source DB: IMPDv1","Lacustrine","Carbon-14","Radiocarbon",-52,18017,"Calibrated radiocarbon years BP","sedimentary charcoal","Data Sourcing: IMPDv1 #charcoal_recommendedformat","Sample Age Source: IMPDv1"
"1637",104,"charcoal | num",52,52.25,52.5,0.5,7303,7275,7331,"IMPDv1","Charcoal (sum)","(additional options)",NA,NA,"False","False","number","Macroscopic charcoal (sieved)","direct",NA,"CHAR",12,NA,NA,"quant_raw",5,"volume","cm^3","IMPDv1","IMPD_16657","charcoal","count","char","wet_sieve","particle","num","count","no_size","num","IMPDv1","measured",1,"IMPDv1",NA,"Xindi - charcoal db",67.111667,-159.491667,NA,"north",NA,NA,"sedlac",1637,0,NA,"Higuera,P.E.;Brubaker,L.B.;Anderson,P.M.;Hu,F.S.;Brown,T.A.;. Xindi - charcoal db. NOAA/WDS Paleoclimatology IMPD study 16657",NA,NA,NA,NA,NA,NA,NA,NA,NA,NA,NA,NA,NA,NA,"https://www.ncei.noaa.gov/access/paleo-search/study/16657",NA,NA,NA,NA,"noaa_study_id=16657; original pub in IMPD datafile header","IMPDv1:IMPD_16657",1637,"Higuera,P.E.",1,"Higuera","P.E.",NA,NA,NA,NA,NA,NA,NA,NA,NA,"IMPDv1:IMPD_16657",1637,"IMPDv1","IMPD_16657",NA,78.5,78.5,"cm",NA,"Radiocarbon","concentrated charcoal",3000,60,3185,NA,"CAMS 110948",TRUE,NA,"na Date is in uncalibrated radiocarbon years.","Xindi - charcoal db_SIEVED","counted","NaN-NaN",NA,NA,"",3000,2940,3060,3000,78.5,NA,"na Date is in uncalibrated radiocarbon years.",". Cal curve: NA. Source DB: IMPDv1","Lacustrine","Carbon-14","Radiocarbon",-52,18017,"Calibrated radiocarbon years BP","sedimentary charcoal","Data Sourcing: IMPDv1 #charcoal_recommendedformat","Sample Age Source: IMPDv1"
"1637",105,"charcoal | num",52.5,52.75,53,0.5,7359,7331,7387,"IMPDv1","Charcoal (sum)","(additional options)",NA,NA,"False","False","number","Macroscopic charcoal (sieved)","direct",NA,"CHAR",23,NA,NA,"quant_raw",5,"volume","cm^3","IMPDv1","IMPD_16657","charcoal","count","char","wet_sieve","particle","num","count","no_size","num","IMPDv1","measured",1,"IMPDv1",NA,"Xindi - charcoal db",67.111667,-159.491667,NA,"north",NA,NA,"sedlac",1637,0,NA,"Higuera,P.E.;Brubaker,L.B.;Anderson,P.M.;Hu,F.S.;Brown,T.A.;. Xindi - charcoal db. NOAA/WDS Paleoclimatology IMPD study 16657",NA,NA,NA,NA,NA,NA,NA,NA,NA,NA,NA,NA,NA,NA,"https://www.ncei.noaa.gov/access/paleo-search/study/16657",NA,NA,NA,NA,"noaa_study_id=16657; original pub in IMPD datafile header","IMPDv1:IMPD_16657",1637,"Higuera,P.E.",1,"Higuera","P.E.",NA,NA,NA,NA,NA,NA,NA,NA,NA,"IMPDv1:IMPD_16657",1637,"IMPDv1","IMPD_16657",NA,78.5,78.5,"cm",NA,"Radiocarbon","concentrated charcoal",3000,60,3185,NA,"CAMS 110948",TRUE,NA,"na Date is in uncalibrated radiocarbon years.","Xindi - charcoal db_SIEVED","counted","NaN-NaN",NA,NA,"",3000,2940,3060,3000,78.5,NA,"na Date is in uncalibrated radiocarbon years.",". Cal curve: NA. Source DB: IMPDv1","Lacustrine","Carbon-14","Radiocarbon",-52,18017,"Calibrated radiocarbon years BP","sedimentary charcoal","Data Sourcing: IMPDv1 #charcoal_recommendedformat","Sample Age Source: IMPDv1"
"1637",106,"charcoal | num",53,53.25,53.5,0.5,7415,7387,7443,"IMPDv1","Charcoal (sum)","(additional options)",NA,NA,"False","False","number","Macroscopic charcoal (sieved)","direct",NA,"CHAR",10,NA,NA,"quant_raw",5,"volume","cm^3","IMPDv1","IMPD_16657","charcoal","count","char","wet_sieve","particle","num","count","no_size","num","IMPDv1","measured",1,"IMPDv1",NA,"Xindi - charcoal db",67.111667,-159.491667,NA,"north",NA,NA,"sedlac",1637,0,NA,"Higuera,P.E.;Brubaker,L.B.;Anderson,P.M.;Hu,F.S.;Brown,T.A.;. Xindi - charcoal db. NOAA/WDS Paleoclimatology IMPD study 16657",NA,NA,NA,NA,NA,NA,NA,NA,NA,NA,NA,NA,NA,NA,"https://www.ncei.noaa.gov/access/paleo-search/study/16657",NA,NA,NA,NA,"noaa_study_id=16657; original pub in IMPD datafile header","IMPDv1:IMPD_16657",1637,"Higuera,P.E.",1,"Higuera","P.E.",NA,NA,NA,NA,NA,NA,NA,NA,NA,"IMPDv1:IMPD_16657",1637,"IMPDv1","IMPD_16657",NA,78.5,78.5,"cm",NA,"Radiocarbon","concentrated charcoal",3000,60,3185,NA,"CAMS 110948",TRUE,NA,"na Date is in uncalibrated radiocarbon years.","Xindi - charcoal db_SIEVED","counted","NaN-NaN",NA,NA,"",3000,2940,3060,3000,78.5,NA,"na Date is in uncalibrated radiocarbon years.",". Cal curve: NA. Source DB: IMPDv1","Lacustrine","Carbon-14","Radiocarbon",-52,18017,"Calibrated radiocarbon years BP","sedimentary charcoal","Data Sourcing: IMPDv1 #charcoal_recommendedformat","Sample Age Source: IMPDv1"
"1637",107,"charcoal | num",53.5,53.75,54,0.5,7470.5,7443,7498,"IMPDv1","Charcoal (sum)","(additional options)",NA,NA,"False","False","number","Macroscopic charcoal (sieved)","direct",NA,"CHAR",26,NA,NA,"quant_raw",5,"volume","cm^3","IMPDv1","IMPD_16657","charcoal","count","char","wet_sieve","particle","num","count","no_size","num","IMPDv1","measured",1,"IMPDv1",NA,"Xindi - charcoal db",67.111667,-159.491667,NA,"north",NA,NA,"sedlac",1637,0,NA,"Higuera,P.E.;Brubaker,L.B.;Anderson,P.M.;Hu,F.S.;Brown,T.A.;. Xindi - charcoal db. NOAA/WDS Paleoclimatology IMPD study 16657",NA,NA,NA,NA,NA,NA,NA,NA,NA,NA,NA,NA,NA,NA,"https://www.ncei.noaa.gov/access/paleo-search/study/16657",NA,NA,NA,NA,"noaa_study_id=16657; original pub in IMPD datafile header","IMPDv1:IMPD_16657",1637,"Higuera,P.E.",1,"Higuera","P.E.",NA,NA,NA,NA,NA,NA,NA,NA,NA,"IMPDv1:IMPD_16657",1637,"IMPDv1","IMPD_16657",NA,78.5,78.5,"cm",NA,"Radiocarbon","concentrated charcoal",3000,60,3185,NA,"CAMS 110948",TRUE,NA,"na Date is in uncalibrated radiocarbon years.","Xindi - charcoal db_SIEVED","counted","NaN-NaN",NA,NA,"",3000,2940,3060,3000,78.5,NA,"na Date is in uncalibrated radiocarbon years.",". Cal curve: NA. Source DB: IMPDv1","Lacustrine","Carbon-14","Radiocarbon",-52,18017,"Calibrated radiocarbon years BP","sedimentary charcoal","Data Sourcing: IMPDv1 #charcoal_recommendedformat","Sample Age Source: IMPDv1"
"1637",108,"charcoal | num",54,54.25,54.5,0.5,7525.5,7498,7553,"IMPDv1","Charcoal (sum)","(additional options)",NA,NA,"False","False","number","Macroscopic charcoal (sieved)","direct",NA,"CHAR",14,NA,NA,"quant_raw",5,"volume","cm^3","IMPDv1","IMPD_16657","charcoal","count","char","wet_sieve","particle","num","count","no_size","num","IMPDv1","measured",1,"IMPDv1",NA,"Xindi - charcoal db",67.111667,-159.491667,NA,"north",NA,NA,"sedlac",1637,0,NA,"Higuera,P.E.;Brubaker,L.B.;Anderson,P.M.;Hu,F.S.;Brown,T.A.;. Xindi - charcoal db. NOAA/WDS Paleoclimatology IMPD study 16657",NA,NA,NA,NA,NA,NA,NA,NA,NA,NA,NA,NA,NA,NA,"https://www.ncei.noaa.gov/access/paleo-search/study/16657",NA,NA,NA,NA,"noaa_study_id=16657; original pub in IMPD datafile header","IMPDv1:IMPD_16657",1637,"Higuera,P.E.",1,"Higuera","P.E.",NA,NA,NA,NA,NA,NA,NA,NA,NA,"IMPDv1:IMPD_16657",1637,"IMPDv1","IMPD_16657",NA,78.5,78.5,"cm",NA,"Radiocarbon","concentrated charcoal",3000,60,3185,NA,"CAMS 110948",TRUE,NA,"na Date is in uncalibrated radiocarbon years.","Xindi - charcoal db_SIEVED","counted","NaN-NaN",NA,NA,"",3000,2940,3060,3000,78.5,NA,"na Date is in uncalibrated radiocarbon years.",". Cal curve: NA. Source DB: IMPDv1","Lacustrine","Carbon-14","Radiocarbon",-52,18017,"Calibrated radiocarbon years BP","sedimentary charcoal","Data Sourcing: IMPDv1 #charcoal_recommendedformat","Sample Age Source: IMPDv1"
"1637",109,"charcoal | num",54.5,54.75,55,0.5,7580,7553,7607,"IMPDv1","Charcoal (sum)","(additional options)",NA,NA,"False","False","number","Macroscopic charcoal (sieved)","direct",NA,"CHAR",6,NA,NA,"quant_raw",5,"volume","cm^3","IMPDv1","IMPD_16657","charcoal","count","char","wet_sieve","particle","num","count","no_size","num","IMPDv1","measured",1,"IMPDv1",NA,"Xindi - charcoal db",67.111667,-159.491667,NA,"north",NA,NA,"sedlac",1637,0,NA,"Higuera,P.E.;Brubaker,L.B.;Anderson,P.M.;Hu,F.S.;Brown,T.A.;. Xindi - charcoal db. NOAA/WDS Paleoclimatology IMPD study 16657",NA,NA,NA,NA,NA,NA,NA,NA,NA,NA,NA,NA,NA,NA,"https://www.ncei.noaa.gov/access/paleo-search/study/16657",NA,NA,NA,NA,"noaa_study_id=16657; original pub in IMPD datafile header","IMPDv1:IMPD_16657",1637,"Higuera,P.E.",1,"Higuera","P.E.",NA,NA,NA,NA,NA,NA,NA,NA,NA,"IMPDv1:IMPD_16657",1637,"IMPDv1","IMPD_16657",NA,78.5,78.5,"cm",NA,"Radiocarbon","concentrated charcoal",3000,60,3185,NA,"CAMS 110948",TRUE,NA,"na Date is in uncalibrated radiocarbon years.","Xindi - charcoal db_SIEVED","counted","NaN-NaN",NA,NA,"",3000,2940,3060,3000,78.5,NA,"na Date is in uncalibrated radiocarbon years.",". Cal curve: NA. Source DB: IMPDv1","Lacustrine","Carbon-14","Radiocarbon",-52,18017,"Calibrated radiocarbon years BP","sedimentary charcoal","Data Sourcing: IMPDv1 #charcoal_recommendedformat","Sample Age Source: IMPDv1"
"1637",110,"charcoal | num",55,55.25,55.5,0.5,7634.5,7607,7662,"IMPDv1","Charcoal (sum)","(additional options)",NA,NA,"False","False","number","Macroscopic charcoal (sieved)","direct",NA,"CHAR",73,NA,NA,"quant_raw",5,"volume","cm^3","IMPDv1","IMPD_16657","charcoal","count","char","wet_sieve","particle","num","count","no_size","num","IMPDv1","measured",1,"IMPDv1",NA,"Xindi - charcoal db",67.111667,-159.491667,NA,"north",NA,NA,"sedlac",1637,0,NA,"Higuera,P.E.;Brubaker,L.B.;Anderson,P.M.;Hu,F.S.;Brown,T.A.;. Xindi - charcoal db. NOAA/WDS Paleoclimatology IMPD study 16657",NA,NA,NA,NA,NA,NA,NA,NA,NA,NA,NA,NA,NA,NA,"https://www.ncei.noaa.gov/access/paleo-search/study/16657",NA,NA,NA,NA,"noaa_study_id=16657; original pub in IMPD datafile header","IMPDv1:IMPD_16657",1637,"Higuera,P.E.",1,"Higuera","P.E.",NA,NA,NA,NA,NA,NA,NA,NA,NA,"IMPDv1:IMPD_16657",1637,"IMPDv1","IMPD_16657",NA,78.5,78.5,"cm",NA,"Radiocarbon","concentrated charcoal",3000,60,3185,NA,"CAMS 110948",TRUE,NA,"na Date is in uncalibrated radiocarbon years.","Xindi - charcoal db_SIEVED","counted","NaN-NaN",NA,NA,"",3000,2940,3060,3000,78.5,NA,"na Date is in uncalibrated radiocarbon years.",". Cal curve: NA. Source DB: IMPDv1","Lacustrine","Carbon-14","Radiocarbon",-52,18017,"Calibrated radiocarbon years BP","sedimentary charcoal","Data Sourcing: IMPDv1 #charcoal_recommendedformat","Sample Age Source: IMPDv1"
"1637",111,"charcoal | num",55.5,55.75,56,0.5,7689,7662,7716,"IMPDv1","Charcoal (sum)","(additional options)",NA,NA,"False","False","number","Macroscopic charcoal (sieved)","direct",NA,"CHAR",42,NA,NA,"quant_raw",5,"volume","cm^3","IMPDv1","IMPD_16657","charcoal","count","char","wet_sieve","particle","num","count","no_size","num","IMPDv1","measured",1,"IMPDv1",NA,"Xindi - charcoal db",67.111667,-159.491667,NA,"north",NA,NA,"sedlac",1637,0,NA,"Higuera,P.E.;Brubaker,L.B.;Anderson,P.M.;Hu,F.S.;Brown,T.A.;. Xindi - charcoal db. NOAA/WDS Paleoclimatology IMPD study 16657",NA,NA,NA,NA,NA,NA,NA,NA,NA,NA,NA,NA,NA,NA,"https://www.ncei.noaa.gov/access/paleo-search/study/16657",NA,NA,NA,NA,"noaa_study_id=16657; original pub in IMPD datafile header","IMPDv1:IMPD_16657",1637,"Higuera,P.E.",1,"Higuera","P.E.",NA,NA,NA,NA,NA,NA,NA,NA,NA,"IMPDv1:IMPD_16657",1637,"IMPDv1","IMPD_16657",NA,78.5,78.5,"cm",NA,"Radiocarbon","concentrated charcoal",3000,60,3185,NA,"CAMS 110948",TRUE,NA,"na Date is in uncalibrated radiocarbon years.","Xindi - charcoal db_SIEVED","counted","NaN-NaN",NA,NA,"",3000,2940,3060,3000,78.5,NA,"na Date is in uncalibrated radiocarbon years.",". Cal curve: NA. Source DB: IMPDv1","Lacustrine","Carbon-14","Radiocarbon",-52,18017,"Calibrated radiocarbon years BP","sedimentary charcoal","Data Sourcing: IMPDv1 #charcoal_recommendedformat","Sample Age Source: IMPDv1"
"1637",112,"charcoal | num",56,56.25,56.5,0.5,7743,7716,7770,"IMPDv1","Charcoal (sum)","(additional options)",NA,NA,"False","False","number","Macroscopic charcoal (sieved)","direct",NA,"CHAR",11,NA,NA,"quant_raw",5,"volume","cm^3","IMPDv1","IMPD_16657","charcoal","count","char","wet_sieve","particle","num","count","no_size","num","IMPDv1","measured",1,"IMPDv1",NA,"Xindi - charcoal db",67.111667,-159.491667,NA,"north",NA,NA,"sedlac",1637,0,NA,"Higuera,P.E.;Brubaker,L.B.;Anderson,P.M.;Hu,F.S.;Brown,T.A.;. Xindi - charcoal db. NOAA/WDS Paleoclimatology IMPD study 16657",NA,NA,NA,NA,NA,NA,NA,NA,NA,NA,NA,NA,NA,NA,"https://www.ncei.noaa.gov/access/paleo-search/study/16657",NA,NA,NA,NA,"noaa_study_id=16657; original pub in IMPD datafile header","IMPDv1:IMPD_16657",1637,"Higuera,P.E.",1,"Higuera","P.E.",NA,NA,NA,NA,NA,NA,NA,NA,NA,"IMPDv1:IMPD_16657",1637,"IMPDv1","IMPD_16657",NA,78.5,78.5,"cm",NA,"Radiocarbon","concentrated charcoal",3000,60,3185,NA,"CAMS 110948",TRUE,NA,"na Date is in uncalibrated radiocarbon years.","Xindi - charcoal db_SIEVED","counted","NaN-NaN",NA,NA,"",3000,2940,3060,3000,78.5,NA,"na Date is in uncalibrated radiocarbon years.",". Cal curve: NA. Source DB: IMPDv1","Lacustrine","Carbon-14","Radiocarbon",-52,18017,"Calibrated radiocarbon years BP","sedimentary charcoal","Data Sourcing: IMPDv1 #charcoal_recommendedformat","Sample Age Source: IMPDv1"
"1637",113,"charcoal | num",56.5,56.75,57,0.5,7796.5,7770,7823,"IMPDv1","Charcoal (sum)","(additional options)",NA,NA,"False","False","number","Macroscopic charcoal (sieved)","direct",NA,"CHAR",20,NA,NA,"quant_raw",5,"volume","cm^3","IMPDv1","IMPD_16657","charcoal","count","char","wet_sieve","particle","num","count","no_size","num","IMPDv1","measured",1,"IMPDv1",NA,"Xindi - charcoal db",67.111667,-159.491667,NA,"north",NA,NA,"sedlac",1637,0,NA,"Higuera,P.E.;Brubaker,L.B.;Anderson,P.M.;Hu,F.S.;Brown,T.A.;. Xindi - charcoal db. NOAA/WDS Paleoclimatology IMPD study 16657",NA,NA,NA,NA,NA,NA,NA,NA,NA,NA,NA,NA,NA,NA,"https://www.ncei.noaa.gov/access/paleo-search/study/16657",NA,NA,NA,NA,"noaa_study_id=16657; original pub in IMPD datafile header","IMPDv1:IMPD_16657",1637,"Higuera,P.E.",1,"Higuera","P.E.",NA,NA,NA,NA,NA,NA,NA,NA,NA,"IMPDv1:IMPD_16657",1637,"IMPDv1","IMPD_16657",NA,78.5,78.5,"cm",NA,"Radiocarbon","concentrated charcoal",3000,60,3185,NA,"CAMS 110948",TRUE,NA,"na Date is in uncalibrated radiocarbon years.","Xindi - charcoal db_SIEVED","counted","NaN-NaN",NA,NA,"",3000,2940,3060,3000,78.5,NA,"na Date is in uncalibrated radiocarbon years.",". Cal curve: NA. Source DB: IMPDv1","Lacustrine","Carbon-14","Radiocarbon",-52,18017,"Calibrated radiocarbon years BP","sedimentary charcoal","Data Sourcing: IMPDv1 #charcoal_recommendedformat","Sample Age Source: IMPDv1"
"1637",114,"charcoal | num",57,57.25,57.5,0.5,7849.5,7823,7876,"IMPDv1","Charcoal (sum)","(additional options)",NA,NA,"False","False","number","Macroscopic charcoal (sieved)","direct",NA,"CHAR",12,NA,NA,"quant_raw",5,"volume","cm^3","IMPDv1","IMPD_16657","charcoal","count","char","wet_sieve","particle","num","count","no_size","num","IMPDv1","measured",1,"IMPDv1",NA,"Xindi - charcoal db",67.111667,-159.491667,NA,"north",NA,NA,"sedlac",1637,0,NA,"Higuera,P.E.;Brubaker,L.B.;Anderson,P.M.;Hu,F.S.;Brown,T.A.;. Xindi - charcoal db. NOAA/WDS Paleoclimatology IMPD study 16657",NA,NA,NA,NA,NA,NA,NA,NA,NA,NA,NA,NA,NA,NA,"https://www.ncei.noaa.gov/access/paleo-search/study/16657",NA,NA,NA,NA,"noaa_study_id=16657; original pub in IMPD datafile header","IMPDv1:IMPD_16657",1637,"Higuera,P.E.",1,"Higuera","P.E.",NA,NA,NA,NA,NA,NA,NA,NA,NA,"IMPDv1:IMPD_16657",1637,"IMPDv1","IMPD_16657",NA,78.5,78.5,"cm",NA,"Radiocarbon","concentrated charcoal",3000,60,3185,NA,"CAMS 110948",TRUE,NA,"na Date is in uncalibrated radiocarbon years.","Xindi - charcoal db_SIEVED","counted","NaN-NaN",NA,NA,"",3000,2940,3060,3000,78.5,NA,"na Date is in uncalibrated radiocarbon years.",". Cal curve: NA. Source DB: IMPDv1","Lacustrine","Carbon-14","Radiocarbon",-52,18017,"Calibrated radiocarbon years BP","sedimentary charcoal","Data Sourcing: IMPDv1 #charcoal_recommendedformat","Sample Age Source: IMPDv1"
"1637",115,"charcoal | num",57.5,57.75,58,0.5,7902.5,7876,7929,"IMPDv1","Charcoal (sum)","(additional options)",NA,NA,"False","False","number","Macroscopic charcoal (sieved)","direct",NA,"CHAR",9,NA,NA,"quant_raw",5,"volume","cm^3","IMPDv1","IMPD_16657","charcoal","count","char","wet_sieve","particle","num","count","no_size","num","IMPDv1","measured",1,"IMPDv1",NA,"Xindi - charcoal db",67.111667,-159.491667,NA,"north",NA,NA,"sedlac",1637,0,NA,"Higuera,P.E.;Brubaker,L.B.;Anderson,P.M.;Hu,F.S.;Brown,T.A.;. Xindi - charcoal db. NOAA/WDS Paleoclimatology IMPD study 16657",NA,NA,NA,NA,NA,NA,NA,NA,NA,NA,NA,NA,NA,NA,"https://www.ncei.noaa.gov/access/paleo-search/study/16657",NA,NA,NA,NA,"noaa_study_id=16657; original pub in IMPD datafile header","IMPDv1:IMPD_16657",1637,"Higuera,P.E.",1,"Higuera","P.E.",NA,NA,NA,NA,NA,NA,NA,NA,NA,"IMPDv1:IMPD_16657",1637,"IMPDv1","IMPD_16657",NA,78.5,78.5,"cm",NA,"Radiocarbon","concentrated charcoal",3000,60,3185,NA,"CAMS 110948",TRUE,NA,"na Date is in uncalibrated radiocarbon years.","Xindi - charcoal db_SIEVED","counted","NaN-NaN",NA,NA,"",3000,2940,3060,3000,78.5,NA,"na Date is in uncalibrated radiocarbon years.",". Cal curve: NA. Source DB: IMPDv1","Lacustrine","Carbon-14","Radiocarbon",-52,18017,"Calibrated radiocarbon years BP","sedimentary charcoal","Data Sourcing: IMPDv1 #charcoal_recommendedformat","Sample Age Source: IMPDv1"
"1637",116,"charcoal | num",58,58.25,58.5,0.5,7955,7929,7981,"IMPDv1","Charcoal (sum)","(additional options)",NA,NA,"False","False","number","Macroscopic charcoal (sieved)","direct",NA,"CHAR",22,NA,NA,"quant_raw",5,"volume","cm^3","IMPDv1","IMPD_16657","charcoal","count","char","wet_sieve","particle","num","count","no_size","num","IMPDv1","measured",1,"IMPDv1",NA,"Xindi - charcoal db",67.111667,-159.491667,NA,"north",NA,NA,"sedlac",1637,0,NA,"Higuera,P.E.;Brubaker,L.B.;Anderson,P.M.;Hu,F.S.;Brown,T.A.;. Xindi - charcoal db. NOAA/WDS Paleoclimatology IMPD study 16657",NA,NA,NA,NA,NA,NA,NA,NA,NA,NA,NA,NA,NA,NA,"https://www.ncei.noaa.gov/access/paleo-search/study/16657",NA,NA,NA,NA,"noaa_study_id=16657; original pub in IMPD datafile header","IMPDv1:IMPD_16657",1637,"Brubaker,L.B.",1,"Brubaker","L.B.",NA,NA,NA,NA,NA,NA,NA,NA,NA,"IMPDv1:IMPD_16657",1637,"IMPDv1","IMPD_16657",NA,78.5,78.5,"cm",NA,"Radiocarbon","concentrated charcoal",3000,60,3185,NA,"CAMS 110948",TRUE,NA,"na Date is in uncalibrated radiocarbon years.","Xindi - charcoal db_SIEVED","counted","NaN-NaN",NA,NA,"",3000,2940,3060,3000,78.5,NA,"na Date is in uncalibrated radiocarbon years.",". Cal curve: NA. Source DB: IMPDv1","Lacustrine","Carbon-14","Radiocarbon",-52,18017,"Calibrated radiocarbon years BP","sedimentary charcoal","Data Sourcing: IMPDv1 #charcoal_recommendedformat","Sample Age Source: IMPDv1"
"1637",117,"charcoal | num",58.5,58.75,59,0.5,8007.5,7981,8034,"IMPDv1","Charcoal (sum)","(additional options)",NA,NA,"False","False","number","Macroscopic charcoal (sieved)","direct",NA,"CHAR",6,NA,NA,"quant_raw",5,"volume","cm^3","IMPDv1","IMPD_16657","charcoal","count","char","wet_sieve","particle","num","count","no_size","num","IMPDv1","measured",1,"IMPDv1",NA,"Xindi - charcoal db",67.111667,-159.491667,NA,"north",NA,NA,"sedlac",1637,0,NA,"Higuera,P.E.;Brubaker,L.B.;Anderson,P.M.;Hu,F.S.;Brown,T.A.;. Xindi - charcoal db. NOAA/WDS Paleoclimatology IMPD study 16657",NA,NA,NA,NA,NA,NA,NA,NA,NA,NA,NA,NA,NA,NA,"https://www.ncei.noaa.gov/access/paleo-search/study/16657",NA,NA,NA,NA,"noaa_study_id=16657; original pub in IMPD datafile header","IMPDv1:IMPD_16657",1637,"Brubaker,L.B.",1,"Brubaker","L.B.",NA,NA,NA,NA,NA,NA,NA,NA,NA,"IMPDv1:IMPD_16657",1637,"IMPDv1","IMPD_16657",NA,86.5,86.5,"cm",NA,"Radiocarbon","concentrated charcoal",3145,35,3369,NA,"CAMS 111402",TRUE,NA,"na Date is in uncalibrated radiocarbon years.","Xindi - charcoal db_SIEVED","counted","NaN-NaN",NA,NA,"",3145,3110,3180,3145,86.5,NA,"na Date is in uncalibrated radiocarbon years.",". Cal curve: NA. Source DB: IMPDv1","Lacustrine","Carbon-14","Radiocarbon",-52,18017,"Calibrated radiocarbon years BP","sedimentary charcoal","Data Sourcing: IMPDv1 #charcoal_recommendedformat","Sample Age Source: IMPDv1"
"1637",118,"charcoal | num",59,59.25,59.5,0.5,8059.5,8034,8085,"IMPDv1","Charcoal (sum)","(additional options)",NA,NA,"False","False","number","Macroscopic charcoal (sieved)","direct",NA,"CHAR",28,NA,NA,"quant_raw",5,"volume","cm^3","IMPDv1","IMPD_16657","charcoal","count","char","wet_sieve","particle","num","count","no_size","num","IMPDv1","measured",1,"IMPDv1",NA,"Xindi - charcoal db",67.111667,-159.491667,NA,"north",NA,NA,"sedlac",1637,0,NA,"Higuera,P.E.;Brubaker,L.B.;Anderson,P.M.;Hu,F.S.;Brown,T.A.;. Xindi - charcoal db. NOAA/WDS Paleoclimatology IMPD study 16657",NA,NA,NA,NA,NA,NA,NA,NA,NA,NA,NA,NA,NA,NA,"https://www.ncei.noaa.gov/access/paleo-search/study/16657",NA,NA,NA,NA,"noaa_study_id=16657; original pub in IMPD datafile header","IMPDv1:IMPD_16657",1637,"Brubaker,L.B.",1,"Brubaker","L.B.",NA,NA,NA,NA,NA,NA,NA,NA,NA,"IMPDv1:IMPD_16657",1637,"IMPDv1","IMPD_16657",NA,86.5,86.5,"cm",NA,"Radiocarbon","concentrated charcoal",3145,35,3369,NA,"CAMS 111402",TRUE,NA,"na Date is in uncalibrated radiocarbon years.","Xindi - charcoal db_SIEVED","counted","NaN-NaN",NA,NA,"",3145,3110,3180,3145,86.5,NA,"na Date is in uncalibrated radiocarbon years.",". Cal curve: NA. Source DB: IMPDv1","Lacustrine","Carbon-14","Radiocarbon",-52,18017,"Calibrated radiocarbon years BP","sedimentary charcoal","Data Sourcing: IMPDv1 #charcoal_recommendedformat","Sample Age Source: IMPDv1"
"1637",119,"charcoal | num",59.5,59.75,60,0.5,8111,8085,8137,"IMPDv1","Charcoal (sum)","(additional options)",NA,NA,"False","False","number","Macroscopic charcoal (sieved)","direct",NA,"CHAR",28,NA,NA,"quant_raw",5,"volume","cm^3","IMPDv1","IMPD_16657","charcoal","count","char","wet_sieve","particle","num","count","no_size","num","IMPDv1","measured",1,"IMPDv1",NA,"Xindi - charcoal db",67.111667,-159.491667,NA,"north",NA,NA,"sedlac",1637,0,NA,"Higuera,P.E.;Brubaker,L.B.;Anderson,P.M.;Hu,F.S.;Brown,T.A.;. Xindi - charcoal db. NOAA/WDS Paleoclimatology IMPD study 16657",NA,NA,NA,NA,NA,NA,NA,NA,NA,NA,NA,NA,NA,NA,"https://www.ncei.noaa.gov/access/paleo-search/study/16657",NA,NA,NA,NA,"noaa_study_id=16657; original pub in IMPD datafile header","IMPDv1:IMPD_16657",1637,"Brubaker,L.B.",1,"Brubaker","L.B.",NA,NA,NA,NA,NA,NA,NA,NA,NA,"IMPDv1:IMPD_16657",1637,"IMPDv1","IMPD_16657",NA,86.5,86.5,"cm",NA,"Radiocarbon","concentrated charcoal",3145,35,3369,NA,"CAMS 111402",TRUE,NA,"na Date is in uncalibrated radiocarbon years.","Xindi - charcoal db_SIEVED","counted","NaN-NaN",NA,NA,"",3145,3110,3180,3145,86.5,NA,"na Date is in uncalibrated radiocarbon years.",". Cal curve: NA. Source DB: IMPDv1","Lacustrine","Carbon-14","Radiocarbon",-52,18017,"Calibrated radiocarbon years BP","sedimentary charcoal","Data Sourcing: IMPDv1 #charcoal_recommendedformat","Sample Age Source: IMPDv1"
"1637",120,"charcoal | num",60,60.25,60.5,0.5,8162.5,8137,8188,"IMPDv1","Charcoal (sum)","(additional options)",NA,NA,"False","False","number","Macroscopic charcoal (sieved)","direct",NA,"CHAR",10,NA,NA,"quant_raw",5,"volume","cm^3","IMPDv1","IMPD_16657","charcoal","count","char","wet_sieve","particle","num","count","no_size","num","IMPDv1","measured",1,"IMPDv1",NA,"Xindi - charcoal db",67.111667,-159.491667,NA,"north",NA,NA,"sedlac",1637,0,NA,"Higuera,P.E.;Brubaker,L.B.;Anderson,P.M.;Hu,F.S.;Brown,T.A.;. Xindi - charcoal db. NOAA/WDS Paleoclimatology IMPD study 16657",NA,NA,NA,NA,NA,NA,NA,NA,NA,NA,NA,NA,NA,NA,"https://www.ncei.noaa.gov/access/paleo-search/study/16657",NA,NA,NA,NA,"noaa_study_id=16657; original pub in IMPD datafile header","IMPDv1:IMPD_16657",1637,"Brubaker,L.B.",1,"Brubaker","L.B.",NA,NA,NA,NA,NA,NA,NA,NA,NA,"IMPDv1:IMPD_16657",1637,"IMPDv1","IMPD_16657",NA,86.5,86.5,"cm",NA,"Radiocarbon","concentrated charcoal",3145,35,3369,NA,"CAMS 111402",TRUE,NA,"na Date is in uncalibrated radiocarbon years.","Xindi - charcoal db_SIEVED","counted","NaN-NaN",NA,NA,"",3145,3110,3180,3145,86.5,NA,"na Date is in uncalibrated radiocarbon years.",". Cal curve: NA. Source DB: IMPDv1","Lacustrine","Carbon-14","Radiocarbon",-52,18017,"Calibrated radiocarbon years BP","sedimentary charcoal","Data Sourcing: IMPDv1 #charcoal_recommendedformat","Sample Age Source: IMPDv1"
"1637",121,"charcoal | num",60.5,60.75,61,0.5,8213.5,8188,8239,"IMPDv1","Charcoal (sum)","(additional options)",NA,NA,"False","False","number","Macroscopic charcoal (sieved)","direct",NA,"CHAR",26,NA,NA,"quant_raw",5,"volume","cm^3","IMPDv1","IMPD_16657","charcoal","count","char","wet_sieve","particle","num","count","no_size","num","IMPDv1","measured",1,"IMPDv1",NA,"Xindi - charcoal db",67.111667,-159.491667,NA,"north",NA,NA,"sedlac",1637,0,NA,"Higuera,P.E.;Brubaker,L.B.;Anderson,P.M.;Hu,F.S.;Brown,T.A.;. Xindi - charcoal db. NOAA/WDS Paleoclimatology IMPD study 16657",NA,NA,NA,NA,NA,NA,NA,NA,NA,NA,NA,NA,NA,NA,"https://www.ncei.noaa.gov/access/paleo-search/study/16657",NA,NA,NA,NA,"noaa_study_id=16657; original pub in IMPD datafile header","IMPDv1:IMPD_16657",1637,"Brubaker,L.B.",1,"Brubaker","L.B.",NA,NA,NA,NA,NA,NA,NA,NA,NA,"IMPDv1:IMPD_16657",1637,"IMPDv1","IMPD_16657",NA,86.5,86.5,"cm",NA,"Radiocarbon","concentrated charcoal",3145,35,3369,NA,"CAMS 111402",TRUE,NA,"na Date is in uncalibrated radiocarbon years.","Xindi - charcoal db_SIEVED","counted","NaN-NaN",NA,NA,"",3145,3110,3180,3145,86.5,NA,"na Date is in uncalibrated radiocarbon years.",". Cal curve: NA. Source DB: IMPDv1","Lacustrine","Carbon-14","Radiocarbon",-52,18017,"Calibrated radiocarbon years BP","sedimentary charcoal","Data Sourcing: IMPDv1 #charcoal_recommendedformat","Sample Age Source: IMPDv1"
"1637",122,"charcoal | num",61,61.25,61.5,0.5,8264.5,8239,8290,"IMPDv1","Charcoal (sum)","(additional options)",NA,NA,"False","False","number","Macroscopic charcoal (sieved)","direct",NA,"CHAR",23,NA,NA,"quant_raw",5,"volume","cm^3","IMPDv1","IMPD_16657","charcoal","count","char","wet_sieve","particle","num","count","no_size","num","IMPDv1","measured",1,"IMPDv1",NA,"Xindi - charcoal db",67.111667,-159.491667,NA,"north",NA,NA,"sedlac",1637,0,NA,"Higuera,P.E.;Brubaker,L.B.;Anderson,P.M.;Hu,F.S.;Brown,T.A.;. Xindi - charcoal db. NOAA/WDS Paleoclimatology IMPD study 16657",NA,NA,NA,NA,NA,NA,NA,NA,NA,NA,NA,NA,NA,NA,"https://www.ncei.noaa.gov/access/paleo-search/study/16657",NA,NA,NA,NA,"noaa_study_id=16657; original pub in IMPD datafile header","IMPDv1:IMPD_16657",1637,"Brubaker,L.B.",1,"Brubaker","L.B.",NA,NA,NA,NA,NA,NA,NA,NA,NA,"IMPDv1:IMPD_16657",1637,"IMPDv1","IMPD_16657",NA,86.5,86.5,"cm",NA,"Radiocarbon","concentrated charcoal",3145,35,3369,NA,"CAMS 111402",TRUE,NA,"na Date is in uncalibrated radiocarbon years.","Xindi - charcoal db_SIEVED","counted","NaN-NaN",NA,NA,"",3145,3110,3180,3145,86.5,NA,"na Date is in uncalibrated radiocarbon years.",". Cal curve: NA. Source DB: IMPDv1","Lacustrine","Carbon-14","Radiocarbon",-52,18017,"Calibrated radiocarbon years BP","sedimentary charcoal","Data Sourcing: IMPDv1 #charcoal_recommendedformat","Sample Age Source: IMPDv1"
"1637",123,"charcoal | num",61.5,61.75,62,0.5,8315,8290,8340,"IMPDv1","Charcoal (sum)","(additional options)",NA,NA,"False","False","number","Macroscopic charcoal (sieved)","direct",NA,"CHAR",9,NA,NA,"quant_raw",5,"volume","cm^3","IMPDv1","IMPD_16657","charcoal","count","char","wet_sieve","particle","num","count","no_size","num","IMPDv1","measured",1,"IMPDv1",NA,"Xindi - charcoal db",67.111667,-159.491667,NA,"north",NA,NA,"sedlac",1637,0,NA,"Higuera,P.E.;Brubaker,L.B.;Anderson,P.M.;Hu,F.S.;Brown,T.A.;. Xindi - charcoal db. NOAA/WDS Paleoclimatology IMPD study 16657",NA,NA,NA,NA,NA,NA,NA,NA,NA,NA,NA,NA,NA,NA,"https://www.ncei.noaa.gov/access/paleo-search/study/16657",NA,NA,NA,NA,"noaa_study_id=16657; original pub in IMPD datafile header","IMPDv1:IMPD_16657",1637,"Brubaker,L.B.",1,"Brubaker","L.B.",NA,NA,NA,NA,NA,NA,NA,NA,NA,"IMPDv1:IMPD_16657",1637,"IMPDv1","IMPD_16657",NA,86.5,86.5,"cm",NA,"Radiocarbon","concentrated charcoal",3145,35,3369,NA,"CAMS 111402",TRUE,NA,"na Date is in uncalibrated radiocarbon years.","Xindi - charcoal db_SIEVED","counted","NaN-NaN",NA,NA,"",3145,3110,3180,3145,86.5,NA,"na Date is in uncalibrated radiocarbon years.",". Cal curve: NA. Source DB: IMPDv1","Lacustrine","Carbon-14","Radiocarbon",-52,18017,"Calibrated radiocarbon years BP","sedimentary charcoal","Data Sourcing: IMPDv1 #charcoal_recommendedformat","Sample Age Source: IMPDv1"
"1637",124,"charcoal | num",62,62.25,62.5,0.5,8365,8340,8390,"IMPDv1","Charcoal (sum)","(additional options)",NA,NA,"False","False","number","Macroscopic charcoal (sieved)","direct",NA,"CHAR",9,NA,NA,"quant_raw",5,"volume","cm^3","IMPDv1","IMPD_16657","charcoal","count","char","wet_sieve","particle","num","count","no_size","num","IMPDv1","measured",1,"IMPDv1",NA,"Xindi - charcoal db",67.111667,-159.491667,NA,"north",NA,NA,"sedlac",1637,0,NA,"Higuera,P.E.;Brubaker,L.B.;Anderson,P.M.;Hu,F.S.;Brown,T.A.;. Xindi - charcoal db. NOAA/WDS Paleoclimatology IMPD study 16657",NA,NA,NA,NA,NA,NA,NA,NA,NA,NA,NA,NA,NA,NA,"https://www.ncei.noaa.gov/access/paleo-search/study/16657",NA,NA,NA,NA,"noaa_study_id=16657; original pub in IMPD datafile header","IMPDv1:IMPD_16657",1637,"Brubaker,L.B.",1,"Brubaker","L.B.",NA,NA,NA,NA,NA,NA,NA,NA,NA,"IMPDv1:IMPD_16657",1637,"IMPDv1","IMPD_16657",NA,86.5,86.5,"cm",NA,"Radiocarbon","concentrated charcoal",3145,35,3369,NA,"CAMS 111402",TRUE,NA,"na Date is in uncalibrated radiocarbon years.","Xindi - charcoal db_SIEVED","counted","NaN-NaN",NA,NA,"",3145,3110,3180,3145,86.5,NA,"na Date is in uncalibrated radiocarbon years.",". Cal curve: NA. Source DB: IMPDv1","Lacustrine","Carbon-14","Radiocarbon",-52,18017,"Calibrated radiocarbon years BP","sedimentary charcoal","Data Sourcing: IMPDv1 #charcoal_recommendedformat","Sample Age Source: IMPDv1"
"1637",125,"charcoal | num",62.5,62.75,63,0.5,8415,8390,8440,"IMPDv1","Charcoal (sum)","(additional options)",NA,NA,"False","False","number","Macroscopic charcoal (sieved)","direct",NA,"CHAR",10,NA,NA,"quant_raw",5,"volume","cm^3","IMPDv1","IMPD_16657","charcoal","count","char","wet_sieve","particle","num","count","no_size","num","IMPDv1","measured",1,"IMPDv1",NA,"Xindi - charcoal db",67.111667,-159.491667,NA,"north",NA,NA,"sedlac",1637,0,NA,"Higuera,P.E.;Brubaker,L.B.;Anderson,P.M.;Hu,F.S.;Brown,T.A.;. Xindi - charcoal db. NOAA/WDS Paleoclimatology IMPD study 16657",NA,NA,NA,NA,NA,NA,NA,NA,NA,NA,NA,NA,NA,NA,"https://www.ncei.noaa.gov/access/paleo-search/study/16657",NA,NA,NA,NA,"noaa_study_id=16657; original pub in IMPD datafile header","IMPDv1:IMPD_16657",1637,"Brubaker,L.B.",1,"Brubaker","L.B.",NA,NA,NA,NA,NA,NA,NA,NA,NA,"IMPDv1:IMPD_16657",1637,"IMPDv1","IMPD_16657",NA,86.5,86.5,"cm",NA,"Radiocarbon","concentrated charcoal",3145,35,3369,NA,"CAMS 111402",TRUE,NA,"na Date is in uncalibrated radiocarbon years.","Xindi - charcoal db_SIEVED","counted","NaN-NaN",NA,NA,"",3145,3110,3180,3145,86.5,NA,"na Date is in uncalibrated radiocarbon years.",". Cal curve: NA. Source DB: IMPDv1","Lacustrine","Carbon-14","Radiocarbon",-52,18017,"Calibrated radiocarbon years BP","sedimentary charcoal","Data Sourcing: IMPDv1 #charcoal_recommendedformat","Sample Age Source: IMPDv1"
"1637",126,"charcoal | num",63,63.25,63.5,0.5,8464.5,8440,8489,"IMPDv1","Charcoal (sum)","(additional options)",NA,NA,"False","False","number","Macroscopic charcoal (sieved)","direct",NA,"CHAR",8,NA,NA,"quant_raw",5,"volume","cm^3","IMPDv1","IMPD_16657","charcoal","count","char","wet_sieve","particle","num","count","no_size","num","IMPDv1","measured",1,"IMPDv1",NA,"Xindi - charcoal db",67.111667,-159.491667,NA,"north",NA,NA,"sedlac",1637,0,NA,"Higuera,P.E.;Brubaker,L.B.;Anderson,P.M.;Hu,F.S.;Brown,T.A.;. Xindi - charcoal db. NOAA/WDS Paleoclimatology IMPD study 16657",NA,NA,NA,NA,NA,NA,NA,NA,NA,NA,NA,NA,NA,NA,"https://www.ncei.noaa.gov/access/paleo-search/study/16657",NA,NA,NA,NA,"noaa_study_id=16657; original pub in IMPD datafile header","IMPDv1:IMPD_16657",1637,"Brubaker,L.B.",1,"Brubaker","L.B.",NA,NA,NA,NA,NA,NA,NA,NA,NA,"IMPDv1:IMPD_16657",1637,"IMPDv1","IMPD_16657",NA,86.5,86.5,"cm",NA,"Radiocarbon","concentrated charcoal",3145,35,3369,NA,"CAMS 111402",TRUE,NA,"na Date is in uncalibrated radiocarbon years.","Xindi - charcoal db_SIEVED","counted","NaN-NaN",NA,NA,"",3145,3110,3180,3145,86.5,NA,"na Date is in uncalibrated radiocarbon years.",". Cal curve: NA. Source DB: IMPDv1","Lacustrine","Carbon-14","Radiocarbon",-52,18017,"Calibrated radiocarbon years BP","sedimentary charcoal","Data Sourcing: IMPDv1 #charcoal_recommendedformat","Sample Age Source: IMPDv1"
"1637",127,"charcoal | num",63.5,63.75,64,0.5,8513.5,8489,8538,"IMPDv1","Charcoal (sum)","(additional options)",NA,NA,"False","False","number","Macroscopic charcoal (sieved)","direct",NA,"CHAR",4,NA,NA,"quant_raw",5,"volume","cm^3","IMPDv1","IMPD_16657","charcoal","count","char","wet_sieve","particle","num","count","no_size","num","IMPDv1","measured",1,"IMPDv1",NA,"Xindi - charcoal db",67.111667,-159.491667,NA,"north",NA,NA,"sedlac",1637,0,NA,"Higuera,P.E.;Brubaker,L.B.;Anderson,P.M.;Hu,F.S.;Brown,T.A.;. Xindi - charcoal db. NOAA/WDS Paleoclimatology IMPD study 16657",NA,NA,NA,NA,NA,NA,NA,NA,NA,NA,NA,NA,NA,NA,"https://www.ncei.noaa.gov/access/paleo-search/study/16657",NA,NA,NA,NA,"noaa_study_id=16657; original pub in IMPD datafile header","IMPDv1:IMPD_16657",1637,"Brubaker,L.B.",1,"Brubaker","L.B.",NA,NA,NA,NA,NA,NA,NA,NA,NA,"IMPDv1:IMPD_16657",1637,"IMPDv1","IMPD_16657",NA,86.5,86.5,"cm",NA,"Radiocarbon","concentrated charcoal",3145,35,3369,NA,"CAMS 111402",TRUE,NA,"na Date is in uncalibrated radiocarbon years.","Xindi - charcoal db_SIEVED","counted","NaN-NaN",NA,NA,"",3145,3110,3180,3145,86.5,NA,"na Date is in uncalibrated radiocarbon years.",". Cal curve: NA. Source DB: IMPDv1","Lacustrine","Carbon-14","Radiocarbon",-52,18017,"Calibrated radiocarbon years BP","sedimentary charcoal","Data Sourcing: IMPDv1 #charcoal_recommendedformat","Sample Age Source: IMPDv1"
"1637",128,"charcoal | num",64,64.25,64.5,0.5,8562.5,8538,8587,"IMPDv1","Charcoal (sum)","(additional options)",NA,NA,"False","False","number","Macroscopic charcoal (sieved)","direct",NA,"CHAR",4,NA,NA,"quant_raw",5,"volume","cm^3","IMPDv1","IMPD_16657","charcoal","count","char","wet_sieve","particle","num","count","no_size","num","IMPDv1","measured",1,"IMPDv1",NA,"Xindi - charcoal db",67.111667,-159.491667,NA,"north",NA,NA,"sedlac",1637,0,NA,"Higuera,P.E.;Brubaker,L.B.;Anderson,P.M.;Hu,F.S.;Brown,T.A.;. Xindi - charcoal db. NOAA/WDS Paleoclimatology IMPD study 16657",NA,NA,NA,NA,NA,NA,NA,NA,NA,NA,NA,NA,NA,NA,"https://www.ncei.noaa.gov/access/paleo-search/study/16657",NA,NA,NA,NA,"noaa_study_id=16657; original pub in IMPD datafile header","IMPDv1:IMPD_16657",1637,"Brubaker,L.B.",1,"Brubaker","L.B.",NA,NA,NA,NA,NA,NA,NA,NA,NA,"IMPDv1:IMPD_16657",1637,"IMPDv1","IMPD_16657",NA,86.5,86.5,"cm",NA,"Radiocarbon","concentrated charcoal",3145,35,3369,NA,"CAMS 111402",TRUE,NA,"na Date is in uncalibrated radiocarbon years.","Xindi - charcoal db_SIEVED","counted","NaN-NaN",NA,NA,"",3145,3110,3180,3145,86.5,NA,"na Date is in uncalibrated radiocarbon years.",". Cal curve: NA. Source DB: IMPDv1","Lacustrine","Carbon-14","Radiocarbon",-52,18017,"Calibrated radiocarbon years BP","sedimentary charcoal","Data Sourcing: IMPDv1 #charcoal_recommendedformat","Sample Age Source: IMPDv1"
"1637",129,"charcoal | num",64.5,64.75,65,0.5,8611,8587,8635,"IMPDv1","Charcoal (sum)","(additional options)",NA,NA,"False","False","number","Macroscopic charcoal (sieved)","direct",NA,"CHAR",20,NA,NA,"quant_raw",5,"volume","cm^3","IMPDv1","IMPD_16657","charcoal","count","char","wet_sieve","particle","num","count","no_size","num","IMPDv1","measured",1,"IMPDv1",NA,"Xindi - charcoal db",67.111667,-159.491667,NA,"north",NA,NA,"sedlac",1637,0,NA,"Higuera,P.E.;Brubaker,L.B.;Anderson,P.M.;Hu,F.S.;Brown,T.A.;. Xindi - charcoal db. NOAA/WDS Paleoclimatology IMPD study 16657",NA,NA,NA,NA,NA,NA,NA,NA,NA,NA,NA,NA,NA,NA,"https://www.ncei.noaa.gov/access/paleo-search/study/16657",NA,NA,NA,NA,"noaa_study_id=16657; original pub in IMPD datafile header","IMPDv1:IMPD_16657",1637,"Brubaker,L.B.",1,"Brubaker","L.B.",NA,NA,NA,NA,NA,NA,NA,NA,NA,"IMPDv1:IMPD_16657",1637,"IMPDv1","IMPD_16657",NA,86.5,86.5,"cm",NA,"Radiocarbon","concentrated charcoal",3145,35,3369,NA,"CAMS 111402",TRUE,NA,"na Date is in uncalibrated radiocarbon years.","Xindi - charcoal db_SIEVED","counted","NaN-NaN",NA,NA,"",3145,3110,3180,3145,86.5,NA,"na Date is in uncalibrated radiocarbon years.",". Cal curve: NA. Source DB: IMPDv1","Lacustrine","Carbon-14","Radiocarbon",-52,18017,"Calibrated radiocarbon years BP","sedimentary charcoal","Data Sourcing: IMPDv1 #charcoal_recommendedformat","Sample Age Source: IMPDv1"
"1637",130,"charcoal | num",65,65.25,65.5,0.5,8659,8635,8683,"IMPDv1","Charcoal (sum)","(additional options)",NA,NA,"False","False","number","Macroscopic charcoal (sieved)","direct",NA,"CHAR",6,NA,NA,"quant_raw",5,"volume","cm^3","IMPDv1","IMPD_16657","charcoal","count","char","wet_sieve","particle","num","count","no_size","num","IMPDv1","measured",1,"IMPDv1",NA,"Xindi - charcoal db",67.111667,-159.491667,NA,"north",NA,NA,"sedlac",1637,0,NA,"Higuera,P.E.;Brubaker,L.B.;Anderson,P.M.;Hu,F.S.;Brown,T.A.;. Xindi - charcoal db. NOAA/WDS Paleoclimatology IMPD study 16657",NA,NA,NA,NA,NA,NA,NA,NA,NA,NA,NA,NA,NA,NA,"https://www.ncei.noaa.gov/access/paleo-search/study/16657",NA,NA,NA,NA,"noaa_study_id=16657; original pub in IMPD datafile header","IMPDv1:IMPD_16657",1637,"Brubaker,L.B.",1,"Brubaker","L.B.",NA,NA,NA,NA,NA,NA,NA,NA,NA,"IMPDv1:IMPD_16657",1637,"IMPDv1","IMPD_16657",NA,99,99,"cm",NA,"Radiocarbon","concentrated Picea pollen",3860,45,4281,NA,"CAMS 100063",TRUE,NA,"na Date is in uncalibrated radiocarbon years.","Xindi - charcoal db_SIEVED","counted","NaN-NaN",NA,NA,"",3860,3815,3905,3860,99,NA,"na Date is in uncalibrated radiocarbon years.",". Cal curve: NA. Source DB: IMPDv1","Lacustrine","Carbon-14","Radiocarbon",-52,18017,"Calibrated radiocarbon years BP","sedimentary charcoal","Data Sourcing: IMPDv1 #charcoal_recommendedformat","Sample Age Source: IMPDv1"
"1637",131,"charcoal | num",65.5,65.75,66,0.5,8707,8683,8731,"IMPDv1","Charcoal (sum)","(additional options)",NA,NA,"False","False","number","Macroscopic charcoal (sieved)","direct",NA,"CHAR",4,NA,NA,"quant_raw",5,"volume","cm^3","IMPDv1","IMPD_16657","charcoal","count","char","wet_sieve","particle","num","count","no_size","num","IMPDv1","measured",1,"IMPDv1",NA,"Xindi - charcoal db",67.111667,-159.491667,NA,"north",NA,NA,"sedlac",1637,0,NA,"Higuera,P.E.;Brubaker,L.B.;Anderson,P.M.;Hu,F.S.;Brown,T.A.;. Xindi - charcoal db. NOAA/WDS Paleoclimatology IMPD study 16657",NA,NA,NA,NA,NA,NA,NA,NA,NA,NA,NA,NA,NA,NA,"https://www.ncei.noaa.gov/access/paleo-search/study/16657",NA,NA,NA,NA,"noaa_study_id=16657; original pub in IMPD datafile header","IMPDv1:IMPD_16657",1637,"Brubaker,L.B.",1,"Brubaker","L.B.",NA,NA,NA,NA,NA,NA,NA,NA,NA,"IMPDv1:IMPD_16657",1637,"IMPDv1","IMPD_16657",NA,99,99,"cm",NA,"Radiocarbon","concentrated Picea pollen",3860,45,4281,NA,"CAMS 100063",TRUE,NA,"na Date is in uncalibrated radiocarbon years.","Xindi - charcoal db_SIEVED","counted","NaN-NaN",NA,NA,"",3860,3815,3905,3860,99,NA,"na Date is in uncalibrated radiocarbon years.",". Cal curve: NA. Source DB: IMPDv1","Lacustrine","Carbon-14","Radiocarbon",-52,18017,"Calibrated radiocarbon years BP","sedimentary charcoal","Data Sourcing: IMPDv1 #charcoal_recommendedformat","Sample Age Source: IMPDv1"
"1637",132,"charcoal | num",66,66.25,66.5,0.5,8755,8731,8779,"IMPDv1","Charcoal (sum)","(additional options)",NA,NA,"False","False","number","Macroscopic charcoal (sieved)","direct",NA,"CHAR",2,NA,NA,"quant_raw",5,"volume","cm^3","IMPDv1","IMPD_16657","charcoal","count","char","wet_sieve","particle","num","count","no_size","num","IMPDv1","measured",1,"IMPDv1",NA,"Xindi - charcoal db",67.111667,-159.491667,NA,"north",NA,NA,"sedlac",1637,0,NA,"Higuera,P.E.;Brubaker,L.B.;Anderson,P.M.;Hu,F.S.;Brown,T.A.;. Xindi - charcoal db. NOAA/WDS Paleoclimatology IMPD study 16657",NA,NA,NA,NA,NA,NA,NA,NA,NA,NA,NA,NA,NA,NA,"https://www.ncei.noaa.gov/access/paleo-search/study/16657",NA,NA,NA,NA,"noaa_study_id=16657; original pub in IMPD datafile header","IMPDv1:IMPD_16657",1637,"Brubaker,L.B.",1,"Brubaker","L.B.",NA,NA,NA,NA,NA,NA,NA,NA,NA,"IMPDv1:IMPD_16657",1637,"IMPDv1","IMPD_16657",NA,99,99,"cm",NA,"Radiocarbon","concentrated Picea pollen",3860,45,4281,NA,"CAMS 100063",TRUE,NA,"na Date is in uncalibrated radiocarbon years.","Xindi - charcoal db_SIEVED","counted","NaN-NaN",NA,NA,"",3860,3815,3905,3860,99,NA,"na Date is in uncalibrated radiocarbon years.",". Cal curve: NA. Source DB: IMPDv1","Lacustrine","Carbon-14","Radiocarbon",-52,18017,"Calibrated radiocarbon years BP","sedimentary charcoal","Data Sourcing: IMPDv1 #charcoal_recommendedformat","Sample Age Source: IMPDv1"
"1637",133,"charcoal | num",66.5,66.75,67,0.5,8802.5,8779,8826,"IMPDv1","Charcoal (sum)","(additional options)",NA,NA,"False","False","number","Macroscopic charcoal (sieved)","direct",NA,"CHAR",4,NA,NA,"quant_raw",5,"volume","cm^3","IMPDv1","IMPD_16657","charcoal","count","char","wet_sieve","particle","num","count","no_size","num","IMPDv1","measured",1,"IMPDv1",NA,"Xindi - charcoal db",67.111667,-159.491667,NA,"north",NA,NA,"sedlac",1637,0,NA,"Higuera,P.E.;Brubaker,L.B.;Anderson,P.M.;Hu,F.S.;Brown,T.A.;. Xindi - charcoal db. NOAA/WDS Paleoclimatology IMPD study 16657",NA,NA,NA,NA,NA,NA,NA,NA,NA,NA,NA,NA,NA,NA,"https://www.ncei.noaa.gov/access/paleo-search/study/16657",NA,NA,NA,NA,"noaa_study_id=16657; original pub in IMPD datafile header","IMPDv1:IMPD_16657",1637,"Brubaker,L.B.",1,"Brubaker","L.B.",NA,NA,NA,NA,NA,NA,NA,NA,NA,"IMPDv1:IMPD_16657",1637,"IMPDv1","IMPD_16657",NA,99,99,"cm",NA,"Radiocarbon","concentrated Picea pollen",3860,45,4281,NA,"CAMS 100063",TRUE,NA,"na Date is in uncalibrated radiocarbon years.","Xindi - charcoal db_SIEVED","counted","NaN-NaN",NA,NA,"",3860,3815,3905,3860,99,NA,"na Date is in uncalibrated radiocarbon years.",". Cal curve: NA. Source DB: IMPDv1","Lacustrine","Carbon-14","Radiocarbon",-52,18017,"Calibrated radiocarbon years BP","sedimentary charcoal","Data Sourcing: IMPDv1 #charcoal_recommendedformat","Sample Age Source: IMPDv1"
"1637",134,"charcoal | num",67,67.25,67.5,0.5,8849.5,8826,8873,"IMPDv1","Charcoal (sum)","(additional options)",NA,NA,"False","False","number","Macroscopic charcoal (sieved)","direct",NA,"CHAR",0,NA,NA,"quant_raw",5,"volume","cm^3","IMPDv1","IMPD_16657","charcoal","count","char","wet_sieve","particle","num","count","no_size","num","IMPDv1","measured",1,"IMPDv1",NA,"Xindi - charcoal db",67.111667,-159.491667,NA,"north",NA,NA,"sedlac",1637,0,NA,"Higuera,P.E.;Brubaker,L.B.;Anderson,P.M.;Hu,F.S.;Brown,T.A.;. Xindi - charcoal db. NOAA/WDS Paleoclimatology IMPD study 16657",NA,NA,NA,NA,NA,NA,NA,NA,NA,NA,NA,NA,NA,NA,"https://www.ncei.noaa.gov/access/paleo-search/study/16657",NA,NA,NA,NA,"noaa_study_id=16657; original pub in IMPD datafile header","IMPDv1:IMPD_16657",1637,"Brubaker,L.B.",1,"Brubaker","L.B.",NA,NA,NA,NA,NA,NA,NA,NA,NA,"IMPDv1:IMPD_16657",1637,"IMPDv1","IMPD_16657",NA,99,99,"cm",NA,"Radiocarbon","concentrated Picea pollen",3860,45,4281,NA,"CAMS 100063",TRUE,NA,"na Date is in uncalibrated radiocarbon years.","Xindi - charcoal db_SIEVED","counted","NaN-NaN",NA,NA,"",3860,3815,3905,3860,99,NA,"na Date is in uncalibrated radiocarbon years.",". Cal curve: NA. Source DB: IMPDv1","Lacustrine","Carbon-14","Radiocarbon",-52,18017,"Calibrated radiocarbon years BP","sedimentary charcoal","Data Sourcing: IMPDv1 #charcoal_recommendedformat","Sample Age Source: IMPDv1"
"1637",135,"charcoal | num",67.5,67.75,68,0.5,8896.5,8873,8920,"IMPDv1","Charcoal (sum)","(additional options)",NA,NA,"False","False","number","Macroscopic charcoal (sieved)","direct",NA,"CHAR",8,NA,NA,"quant_raw",5,"volume","cm^3","IMPDv1","IMPD_16657","charcoal","count","char","wet_sieve","particle","num","count","no_size","num","IMPDv1","measured",1,"IMPDv1",NA,"Xindi - charcoal db",67.111667,-159.491667,NA,"north",NA,NA,"sedlac",1637,0,NA,"Higuera,P.E.;Brubaker,L.B.;Anderson,P.M.;Hu,F.S.;Brown,T.A.;. Xindi - charcoal db. NOAA/WDS Paleoclimatology IMPD study 16657",NA,NA,NA,NA,NA,NA,NA,NA,NA,NA,NA,NA,NA,NA,"https://www.ncei.noaa.gov/access/paleo-search/study/16657",NA,NA,NA,NA,"noaa_study_id=16657; original pub in IMPD datafile header","IMPDv1:IMPD_16657",1637,"Brubaker,L.B.",1,"Brubaker","L.B.",NA,NA,NA,NA,NA,NA,NA,NA,NA,"IMPDv1:IMPD_16657",1637,"IMPDv1","IMPD_16657",NA,99,99,"cm",NA,"Radiocarbon","concentrated Picea pollen",3860,45,4281,NA,"CAMS 100063",TRUE,NA,"na Date is in uncalibrated radiocarbon years.","Xindi - charcoal db_SIEVED","counted","NaN-NaN",NA,NA,"",3860,3815,3905,3860,99,NA,"na Date is in uncalibrated radiocarbon years.",". Cal curve: NA. Source DB: IMPDv1","Lacustrine","Carbon-14","Radiocarbon",-52,18017,"Calibrated radiocarbon years BP","sedimentary charcoal","Data Sourcing: IMPDv1 #charcoal_recommendedformat","Sample Age Source: IMPDv1"
"1637",136,"charcoal | num",68,68.25,68.5,0.5,8943,8920,8966,"IMPDv1","Charcoal (sum)","(additional options)",NA,NA,"False","False","number","Macroscopic charcoal (sieved)","direct",NA,"CHAR",11,NA,NA,"quant_raw",5,"volume","cm^3","IMPDv1","IMPD_16657","charcoal","count","char","wet_sieve","particle","num","count","no_size","num","IMPDv1","measured",1,"IMPDv1",NA,"Xindi - charcoal db",67.111667,-159.491667,NA,"north",NA,NA,"sedlac",1637,0,NA,"Higuera,P.E.;Brubaker,L.B.;Anderson,P.M.;Hu,F.S.;Brown,T.A.;. Xindi - charcoal db. NOAA/WDS Paleoclimatology IMPD study 16657",NA,NA,NA,NA,NA,NA,NA,NA,NA,NA,NA,NA,NA,NA,"https://www.ncei.noaa.gov/access/paleo-search/study/16657",NA,NA,NA,NA,"noaa_study_id=16657; original pub in IMPD datafile header","IMPDv1:IMPD_16657",1637,"Brubaker,L.B.",1,"Brubaker","L.B.",NA,NA,NA,NA,NA,NA,NA,NA,NA,"IMPDv1:IMPD_16657",1637,"IMPDv1","IMPD_16657",NA,99,99,"cm",NA,"Radiocarbon","concentrated Picea pollen",3860,45,4281,NA,"CAMS 100063",TRUE,NA,"na Date is in uncalibrated radiocarbon years.","Xindi - charcoal db_SIEVED","counted","NaN-NaN",NA,NA,"",3860,3815,3905,3860,99,NA,"na Date is in uncalibrated radiocarbon years.",". Cal curve: NA. Source DB: IMPDv1","Lacustrine","Carbon-14","Radiocarbon",-52,18017,"Calibrated radiocarbon years BP","sedimentary charcoal","Data Sourcing: IMPDv1 #charcoal_recommendedformat","Sample Age Source: IMPDv1"
"1637",137,"charcoal | num",68.5,68.75,69,0.5,8989,8966,9012,"IMPDv1","Charcoal (sum)","(additional options)",NA,NA,"False","False","number","Macroscopic charcoal (sieved)","direct",NA,"CHAR",16,NA,NA,"quant_raw",5,"volume","cm^3","IMPDv1","IMPD_16657","charcoal","count","char","wet_sieve","particle","num","count","no_size","num","IMPDv1","measured",1,"IMPDv1",NA,"Xindi - charcoal db",67.111667,-159.491667,NA,"north",NA,NA,"sedlac",1637,0,NA,"Higuera,P.E.;Brubaker,L.B.;Anderson,P.M.;Hu,F.S.;Brown,T.A.;. Xindi - charcoal db. NOAA/WDS Paleoclimatology IMPD study 16657",NA,NA,NA,NA,NA,NA,NA,NA,NA,NA,NA,NA,NA,NA,"https://www.ncei.noaa.gov/access/paleo-search/study/16657",NA,NA,NA,NA,"noaa_study_id=16657; original pub in IMPD datafile header","IMPDv1:IMPD_16657",1637,"Brubaker,L.B.",1,"Brubaker","L.B.",NA,NA,NA,NA,NA,NA,NA,NA,NA,"IMPDv1:IMPD_16657",1637,"IMPDv1","IMPD_16657",NA,99,99,"cm",NA,"Radiocarbon","concentrated Picea pollen",3860,45,4281,NA,"CAMS 100063",TRUE,NA,"na Date is in uncalibrated radiocarbon years.","Xindi - charcoal db_SIEVED","counted","NaN-NaN",NA,NA,"",3860,3815,3905,3860,99,NA,"na Date is in uncalibrated radiocarbon years.",". Cal curve: NA. Source DB: IMPDv1","Lacustrine","Carbon-14","Radiocarbon",-52,18017,"Calibrated radiocarbon years BP","sedimentary charcoal","Data Sourcing: IMPDv1 #charcoal_recommendedformat","Sample Age Source: IMPDv1"
"1637",138,"charcoal | num",69,69.25,69.5,0.5,9035,9012,9058,"IMPDv1","Charcoal (sum)","(additional options)",NA,NA,"False","False","number","Macroscopic charcoal (sieved)","direct",NA,"CHAR",2,NA,NA,"quant_raw",5,"volume","cm^3","IMPDv1","IMPD_16657","charcoal","count","char","wet_sieve","particle","num","count","no_size","num","IMPDv1","measured",1,"IMPDv1",NA,"Xindi - charcoal db",67.111667,-159.491667,NA,"north",NA,NA,"sedlac",1637,0,NA,"Higuera,P.E.;Brubaker,L.B.;Anderson,P.M.;Hu,F.S.;Brown,T.A.;. Xindi - charcoal db. NOAA/WDS Paleoclimatology IMPD study 16657",NA,NA,NA,NA,NA,NA,NA,NA,NA,NA,NA,NA,NA,NA,"https://www.ncei.noaa.gov/access/paleo-search/study/16657",NA,NA,NA,NA,"noaa_study_id=16657; original pub in IMPD datafile header","IMPDv1:IMPD_16657",1637,"Brubaker,L.B.",1,"Brubaker","L.B.",NA,NA,NA,NA,NA,NA,NA,NA,NA,"IMPDv1:IMPD_16657",1637,"IMPDv1","IMPD_16657",NA,99,99,"cm",NA,"Radiocarbon","concentrated Picea pollen",3860,45,4281,NA,"CAMS 100063",TRUE,NA,"na Date is in uncalibrated radiocarbon years.","Xindi - charcoal db_SIEVED","counted","NaN-NaN",NA,NA,"",3860,3815,3905,3860,99,NA,"na Date is in uncalibrated radiocarbon years.",". Cal curve: NA. Source DB: IMPDv1","Lacustrine","Carbon-14","Radiocarbon",-52,18017,"Calibrated radiocarbon years BP","sedimentary charcoal","Data Sourcing: IMPDv1 #charcoal_recommendedformat","Sample Age Source: IMPDv1"
"1637",139,"charcoal | num",69.5,69.75,70,0.5,9080.5,9058,9103,"IMPDv1","Charcoal (sum)","(additional options)",NA,NA,"False","False","number","Macroscopic charcoal (sieved)","direct",NA,"CHAR",2,NA,NA,"quant_raw",5,"volume","cm^3","IMPDv1","IMPD_16657","charcoal","count","char","wet_sieve","particle","num","count","no_size","num","IMPDv1","measured",1,"IMPDv1",NA,"Xindi - charcoal db",67.111667,-159.491667,NA,"north",NA,NA,"sedlac",1637,0,NA,"Higuera,P.E.;Brubaker,L.B.;Anderson,P.M.;Hu,F.S.;Brown,T.A.;. Xindi - charcoal db. NOAA/WDS Paleoclimatology IMPD study 16657",NA,NA,NA,NA,NA,NA,NA,NA,NA,NA,NA,NA,NA,NA,"https://www.ncei.noaa.gov/access/paleo-search/study/16657",NA,NA,NA,NA,"noaa_study_id=16657; original pub in IMPD datafile header","IMPDv1:IMPD_16657",1637,"Brubaker,L.B.",1,"Brubaker","L.B.",NA,NA,NA,NA,NA,NA,NA,NA,NA,"IMPDv1:IMPD_16657",1637,"IMPDv1","IMPD_16657",NA,99,99,"cm",NA,"Radiocarbon","concentrated Picea pollen",3860,45,4281,NA,"CAMS 100063",TRUE,NA,"na Date is in uncalibrated radiocarbon years.","Xindi - charcoal db_SIEVED","counted","NaN-NaN",NA,NA,"",3860,3815,3905,3860,99,NA,"na Date is in uncalibrated radiocarbon years.",". Cal curve: NA. Source DB: IMPDv1","Lacustrine","Carbon-14","Radiocarbon",-52,18017,"Calibrated radiocarbon years BP","sedimentary charcoal","Data Sourcing: IMPDv1 #charcoal_recommendedformat","Sample Age Source: IMPDv1"
"1637",140,"charcoal | num",70,70.25,70.5,0.5,9125.5,9103,9148,"IMPDv1","Charcoal (sum)","(additional options)",NA,NA,"False","False","number","Macroscopic charcoal (sieved)","direct",NA,"CHAR",10,NA,NA,"quant_raw",5,"volume","cm^3","IMPDv1","IMPD_16657","charcoal","count","char","wet_sieve","particle","num","count","no_size","num","IMPDv1","measured",1,"IMPDv1",NA,"Xindi - charcoal db",67.111667,-159.491667,NA,"north",NA,NA,"sedlac",1637,0,NA,"Higuera,P.E.;Brubaker,L.B.;Anderson,P.M.;Hu,F.S.;Brown,T.A.;. Xindi - charcoal db. NOAA/WDS Paleoclimatology IMPD study 16657",NA,NA,NA,NA,NA,NA,NA,NA,NA,NA,NA,NA,NA,NA,"https://www.ncei.noaa.gov/access/paleo-search/study/16657",NA,NA,NA,NA,"noaa_study_id=16657; original pub in IMPD datafile header","IMPDv1:IMPD_16657",1637,"Brubaker,L.B.",1,"Brubaker","L.B.",NA,NA,NA,NA,NA,NA,NA,NA,NA,"IMPDv1:IMPD_16657",1637,"IMPDv1","IMPD_16657",NA,99,99,"cm",NA,"Radiocarbon","concentrated Picea pollen",3860,45,4281,NA,"CAMS 100063",TRUE,NA,"na Date is in uncalibrated radiocarbon years.","Xindi - charcoal db_SIEVED","counted","NaN-NaN",NA,NA,"",3860,3815,3905,3860,99,NA,"na Date is in uncalibrated radiocarbon years.",". Cal curve: NA. Source DB: IMPDv1","Lacustrine","Carbon-14","Radiocarbon",-52,18017,"Calibrated radiocarbon years BP","sedimentary charcoal","Data Sourcing: IMPDv1 #charcoal_recommendedformat","Sample Age Source: IMPDv1"
"1637",141,"charcoal | num",70.5,70.75,71,0.5,9170.5,9148,9193,"IMPDv1","Charcoal (sum)","(additional options)",NA,NA,"False","False","number","Macroscopic charcoal (sieved)","direct",NA,"CHAR",1,NA,NA,"quant_raw",5,"volume","cm^3","IMPDv1","IMPD_16657","charcoal","count","char","wet_sieve","particle","num","count","no_size","num","IMPDv1","measured",1,"IMPDv1",NA,"Xindi - charcoal db",67.111667,-159.491667,NA,"north",NA,NA,"sedlac",1637,0,NA,"Higuera,P.E.;Brubaker,L.B.;Anderson,P.M.;Hu,F.S.;Brown,T.A.;. Xindi - charcoal db. NOAA/WDS Paleoclimatology IMPD study 16657",NA,NA,NA,NA,NA,NA,NA,NA,NA,NA,NA,NA,NA,NA,"https://www.ncei.noaa.gov/access/paleo-search/study/16657",NA,NA,NA,NA,"noaa_study_id=16657; original pub in IMPD datafile header","IMPDv1:IMPD_16657",1637,"Brubaker,L.B.",1,"Brubaker","L.B.",NA,NA,NA,NA,NA,NA,NA,NA,NA,"IMPDv1:IMPD_16657",1637,"IMPDv1","IMPD_16657",NA,99,99,"cm",NA,"Radiocarbon","concentrated Picea pollen",3860,45,4281,NA,"CAMS 100063",TRUE,NA,"na Date is in uncalibrated radiocarbon years.","Xindi - charcoal db_SIEVED","counted","NaN-NaN",NA,NA,"",3860,3815,3905,3860,99,NA,"na Date is in uncalibrated radiocarbon years.",". Cal curve: NA. Source DB: IMPDv1","Lacustrine","Carbon-14","Radiocarbon",-52,18017,"Calibrated radiocarbon years BP","sedimentary charcoal","Data Sourcing: IMPDv1 #charcoal_recommendedformat","Sample Age Source: IMPDv1"
"1637",142,"charcoal | num",71,71.25,71.5,0.5,9215,9193,9237,"IMPDv1","Charcoal (sum)","(additional options)",NA,NA,"False","False","number","Macroscopic charcoal (sieved)","direct",NA,"CHAR",12,NA,NA,"quant_raw",5,"volume","cm^3","IMPDv1","IMPD_16657","charcoal","count","char","wet_sieve","particle","num","count","no_size","num","IMPDv1","measured",1,"IMPDv1",NA,"Xindi - charcoal db",67.111667,-159.491667,NA,"north",NA,NA,"sedlac",1637,0,NA,"Higuera,P.E.;Brubaker,L.B.;Anderson,P.M.;Hu,F.S.;Brown,T.A.;. Xindi - charcoal db. NOAA/WDS Paleoclimatology IMPD study 16657",NA,NA,NA,NA,NA,NA,NA,NA,NA,NA,NA,NA,NA,NA,"https://www.ncei.noaa.gov/access/paleo-search/study/16657",NA,NA,NA,NA,"noaa_study_id=16657; original pub in IMPD datafile header","IMPDv1:IMPD_16657",1637,"Brubaker,L.B.",1,"Brubaker","L.B.",NA,NA,NA,NA,NA,NA,NA,NA,NA,"IMPDv1:IMPD_16657",1637,"IMPDv1","IMPD_16657",NA,99,99,"cm",NA,"Radiocarbon","concentrated Picea pollen",3860,45,4281,NA,"CAMS 100063",TRUE,NA,"na Date is in uncalibrated radiocarbon years.","Xindi - charcoal db_SIEVED","counted","NaN-NaN",NA,NA,"",3860,3815,3905,3860,99,NA,"na Date is in uncalibrated radiocarbon years.",". Cal curve: NA. Source DB: IMPDv1","Lacustrine","Carbon-14","Radiocarbon",-52,18017,"Calibrated radiocarbon years BP","sedimentary charcoal","Data Sourcing: IMPDv1 #charcoal_recommendedformat","Sample Age Source: IMPDv1"
"1637",143,"charcoal | num",71.5,71.75,72,0.5,9259,9237,9281,"IMPDv1","Charcoal (sum)","(additional options)",NA,NA,"False","False","number","Macroscopic charcoal (sieved)","direct",NA,"CHAR",0,NA,NA,"quant_raw",5,"volume","cm^3","IMPDv1","IMPD_16657","charcoal","count","char","wet_sieve","particle","num","count","no_size","num","IMPDv1","measured",1,"IMPDv1",NA,"Xindi - charcoal db",67.111667,-159.491667,NA,"north",NA,NA,"sedlac",1637,0,NA,"Higuera,P.E.;Brubaker,L.B.;Anderson,P.M.;Hu,F.S.;Brown,T.A.;. Xindi - charcoal db. NOAA/WDS Paleoclimatology IMPD study 16657",NA,NA,NA,NA,NA,NA,NA,NA,NA,NA,NA,NA,NA,NA,"https://www.ncei.noaa.gov/access/paleo-search/study/16657",NA,NA,NA,NA,"noaa_study_id=16657; original pub in IMPD datafile header","IMPDv1:IMPD_16657",1637,"Brubaker,L.B.",1,"Brubaker","L.B.",NA,NA,NA,NA,NA,NA,NA,NA,NA,"IMPDv1:IMPD_16657",1637,"IMPDv1","IMPD_16657",NA,100,100,"cm",NA,"Radiocarbon","con. charcoal & Picea needle",3770,40,4137,NA,"CAMS 110949",TRUE,NA,"na Date is in uncalibrated radiocarbon years.","Xindi - charcoal db_SIEVED","counted","NaN-NaN",NA,NA,"",3770,3730,3810,3770,100,NA,"na Date is in uncalibrated radiocarbon years.",". Cal curve: NA. Source DB: IMPDv1","Lacustrine","Carbon-14","Radiocarbon",-52,18017,"Calibrated radiocarbon years BP","sedimentary charcoal","Data Sourcing: IMPDv1 #charcoal_recommendedformat","Sample Age Source: IMPDv1"
"1637",144,"charcoal | num",72,72.25,72.5,0.5,9303,9281,9325,"IMPDv1","Charcoal (sum)","(additional options)",NA,NA,"False","False","number","Macroscopic charcoal (sieved)","direct",NA,"CHAR",5,NA,NA,"quant_raw",5,"volume","cm^3","IMPDv1","IMPD_16657","charcoal","count","char","wet_sieve","particle","num","count","no_size","num","IMPDv1","measured",1,"IMPDv1",NA,"Xindi - charcoal db",67.111667,-159.491667,NA,"north",NA,NA,"sedlac",1637,0,NA,"Higuera,P.E.;Brubaker,L.B.;Anderson,P.M.;Hu,F.S.;Brown,T.A.;. Xindi - charcoal db. NOAA/WDS Paleoclimatology IMPD study 16657",NA,NA,NA,NA,NA,NA,NA,NA,NA,NA,NA,NA,NA,NA,"https://www.ncei.noaa.gov/access/paleo-search/study/16657",NA,NA,NA,NA,"noaa_study_id=16657; original pub in IMPD datafile header","IMPDv1:IMPD_16657",1637,"Brubaker,L.B.",1,"Brubaker","L.B.",NA,NA,NA,NA,NA,NA,NA,NA,NA,"IMPDv1:IMPD_16657",1637,"IMPDv1","IMPD_16657",NA,100,100,"cm",NA,"Radiocarbon","con. charcoal & Picea needle",3770,40,4137,NA,"CAMS 110949",TRUE,NA,"na Date is in uncalibrated radiocarbon years.","Xindi - charcoal db_SIEVED","counted","NaN-NaN",NA,NA,"",3770,3730,3810,3770,100,NA,"na Date is in uncalibrated radiocarbon years.",". Cal curve: NA. Source DB: IMPDv1","Lacustrine","Carbon-14","Radiocarbon",-52,18017,"Calibrated radiocarbon years BP","sedimentary charcoal","Data Sourcing: IMPDv1 #charcoal_recommendedformat","Sample Age Source: IMPDv1"
"1637",145,"charcoal | num",72.5,72.75,73,0.5,9347,9325,9369,"IMPDv1","Charcoal (sum)","(additional options)",NA,NA,"False","False","number","Macroscopic charcoal (sieved)","direct",NA,"CHAR",2,NA,NA,"quant_raw",5,"volume","cm^3","IMPDv1","IMPD_16657","charcoal","count","char","wet_sieve","particle","num","count","no_size","num","IMPDv1","measured",1,"IMPDv1",NA,"Xindi - charcoal db",67.111667,-159.491667,NA,"north",NA,NA,"sedlac",1637,0,NA,"Higuera,P.E.;Brubaker,L.B.;Anderson,P.M.;Hu,F.S.;Brown,T.A.;. Xindi - charcoal db. NOAA/WDS Paleoclimatology IMPD study 16657",NA,NA,NA,NA,NA,NA,NA,NA,NA,NA,NA,NA,NA,NA,"https://www.ncei.noaa.gov/access/paleo-search/study/16657",NA,NA,NA,NA,"noaa_study_id=16657; original pub in IMPD datafile header","IMPDv1:IMPD_16657",1637,"Brubaker,L.B.",1,"Brubaker","L.B.",NA,NA,NA,NA,NA,NA,NA,NA,NA,"IMPDv1:IMPD_16657",1637,"IMPDv1","IMPD_16657",NA,100,100,"cm",NA,"Radiocarbon","con. charcoal & Picea needle",3770,40,4137,NA,"CAMS 110949",TRUE,NA,"na Date is in uncalibrated radiocarbon years.","Xindi - charcoal db_SIEVED","counted","NaN-NaN",NA,NA,"",3770,3730,3810,3770,100,NA,"na Date is in uncalibrated radiocarbon years.",". Cal curve: NA. Source DB: IMPDv1","Lacustrine","Carbon-14","Radiocarbon",-52,18017,"Calibrated radiocarbon years BP","sedimentary charcoal","Data Sourcing: IMPDv1 #charcoal_recommendedformat","Sample Age Source: IMPDv1"
"1637",146,"charcoal | num",73,73.25,73.5,0.5,9390.5,9369,9412,"IMPDv1","Charcoal (sum)","(additional options)",NA,NA,"False","False","number","Macroscopic charcoal (sieved)","direct",NA,"CHAR",15,NA,NA,"quant_raw",5,"volume","cm^3","IMPDv1","IMPD_16657","charcoal","count","char","wet_sieve","particle","num","count","no_size","num","IMPDv1","measured",1,"IMPDv1",NA,"Xindi - charcoal db",67.111667,-159.491667,NA,"north",NA,NA,"sedlac",1637,0,NA,"Higuera,P.E.;Brubaker,L.B.;Anderson,P.M.;Hu,F.S.;Brown,T.A.;. Xindi - charcoal db. NOAA/WDS Paleoclimatology IMPD study 16657",NA,NA,NA,NA,NA,NA,NA,NA,NA,NA,NA,NA,NA,NA,"https://www.ncei.noaa.gov/access/paleo-search/study/16657",NA,NA,NA,NA,"noaa_study_id=16657; original pub in IMPD datafile header","IMPDv1:IMPD_16657",1637,"Brubaker,L.B.",1,"Brubaker","L.B.",NA,NA,NA,NA,NA,NA,NA,NA,NA,"IMPDv1:IMPD_16657",1637,"IMPDv1","IMPD_16657",NA,100,100,"cm",NA,"Radiocarbon","con. charcoal & Picea needle",3770,40,4137,NA,"CAMS 110949",TRUE,NA,"na Date is in uncalibrated radiocarbon years.","Xindi - charcoal db_SIEVED","counted","NaN-NaN",NA,NA,"",3770,3730,3810,3770,100,NA,"na Date is in uncalibrated radiocarbon years.",". Cal curve: NA. Source DB: IMPDv1","Lacustrine","Carbon-14","Radiocarbon",-52,18017,"Calibrated radiocarbon years BP","sedimentary charcoal","Data Sourcing: IMPDv1 #charcoal_recommendedformat","Sample Age Source: IMPDv1"
"1637",147,"charcoal | num",73.5,73.75,74,0.5,9433.5,9412,9455,"IMPDv1","Charcoal (sum)","(additional options)",NA,NA,"False","False","number","Macroscopic charcoal (sieved)","direct",NA,"CHAR",28,NA,NA,"quant_raw",5,"volume","cm^3","IMPDv1","IMPD_16657","charcoal","count","char","wet_sieve","particle","num","count","no_size","num","IMPDv1","measured",1,"IMPDv1",NA,"Xindi - charcoal db",67.111667,-159.491667,NA,"north",NA,NA,"sedlac",1637,0,NA,"Higuera,P.E.;Brubaker,L.B.;Anderson,P.M.;Hu,F.S.;Brown,T.A.;. Xindi - charcoal db. NOAA/WDS Paleoclimatology IMPD study 16657",NA,NA,NA,NA,NA,NA,NA,NA,NA,NA,NA,NA,NA,NA,"https://www.ncei.noaa.gov/access/paleo-search/study/16657",NA,NA,NA,NA,"noaa_study_id=16657; original pub in IMPD datafile header","IMPDv1:IMPD_16657",1637,"Brubaker,L.B.",1,"Brubaker","L.B.",NA,NA,NA,NA,NA,NA,NA,NA,NA,"IMPDv1:IMPD_16657",1637,"IMPDv1","IMPD_16657",NA,100,100,"cm",NA,"Radiocarbon","con. charcoal & Picea needle",3770,40,4137,NA,"CAMS 110949",TRUE,NA,"na Date is in uncalibrated radiocarbon years.","Xindi - charcoal db_SIEVED","counted","NaN-NaN",NA,NA,"",3770,3730,3810,3770,100,NA,"na Date is in uncalibrated radiocarbon years.",". Cal curve: NA. Source DB: IMPDv1","Lacustrine","Carbon-14","Radiocarbon",-52,18017,"Calibrated radiocarbon years BP","sedimentary charcoal","Data Sourcing: IMPDv1 #charcoal_recommendedformat","Sample Age Source: IMPDv1"
"1637",148,"charcoal | num",74,74.25,74.5,0.5,9476.5,9455,9498,"IMPDv1","Charcoal (sum)","(additional options)",NA,NA,"False","False","number","Macroscopic charcoal (sieved)","direct",NA,"CHAR",2,NA,NA,"quant_raw",5,"volume","cm^3","IMPDv1","IMPD_16657","charcoal","count","char","wet_sieve","particle","num","count","no_size","num","IMPDv1","measured",1,"IMPDv1",NA,"Xindi - charcoal db",67.111667,-159.491667,NA,"north",NA,NA,"sedlac",1637,0,NA,"Higuera,P.E.;Brubaker,L.B.;Anderson,P.M.;Hu,F.S.;Brown,T.A.;. Xindi - charcoal db. NOAA/WDS Paleoclimatology IMPD study 16657",NA,NA,NA,NA,NA,NA,NA,NA,NA,NA,NA,NA,NA,NA,"https://www.ncei.noaa.gov/access/paleo-search/study/16657",NA,NA,NA,NA,"noaa_study_id=16657; original pub in IMPD datafile header","IMPDv1:IMPD_16657",1637,"Brubaker,L.B.",1,"Brubaker","L.B.",NA,NA,NA,NA,NA,NA,NA,NA,NA,"IMPDv1:IMPD_16657",1637,"IMPDv1","IMPD_16657",NA,100,100,"cm",NA,"Radiocarbon","con. charcoal & Picea needle",3770,40,4137,NA,"CAMS 110949",TRUE,NA,"na Date is in uncalibrated radiocarbon years.","Xindi - charcoal db_SIEVED","counted","NaN-NaN",NA,NA,"",3770,3730,3810,3770,100,NA,"na Date is in uncalibrated radiocarbon years.",". Cal curve: NA. Source DB: IMPDv1","Lacustrine","Carbon-14","Radiocarbon",-52,18017,"Calibrated radiocarbon years BP","sedimentary charcoal","Data Sourcing: IMPDv1 #charcoal_recommendedformat","Sample Age Source: IMPDv1"
"1637",149,"charcoal | num",74.5,74.75,75,0.5,9519,9498,9540,"IMPDv1","Charcoal (sum)","(additional options)",NA,NA,"False","False","number","Macroscopic charcoal (sieved)","direct",NA,"CHAR",2,NA,NA,"quant_raw",5,"volume","cm^3","IMPDv1","IMPD_16657","charcoal","count","char","wet_sieve","particle","num","count","no_size","num","IMPDv1","measured",1,"IMPDv1",NA,"Xindi - charcoal db",67.111667,-159.491667,NA,"north",NA,NA,"sedlac",1637,0,NA,"Higuera,P.E.;Brubaker,L.B.;Anderson,P.M.;Hu,F.S.;Brown,T.A.;. Xindi - charcoal db. NOAA/WDS Paleoclimatology IMPD study 16657",NA,NA,NA,NA,NA,NA,NA,NA,NA,NA,NA,NA,NA,NA,"https://www.ncei.noaa.gov/access/paleo-search/study/16657",NA,NA,NA,NA,"noaa_study_id=16657; original pub in IMPD datafile header","IMPDv1:IMPD_16657",1637,"Brubaker,L.B.",1,"Brubaker","L.B.",NA,NA,NA,NA,NA,NA,NA,NA,NA,"IMPDv1:IMPD_16657",1637,"IMPDv1","IMPD_16657",NA,100,100,"cm",NA,"Radiocarbon","con. charcoal & Picea needle",3770,40,4137,NA,"CAMS 110949",TRUE,NA,"na Date is in uncalibrated radiocarbon years.","Xindi - charcoal db_SIEVED","counted","NaN-NaN",NA,NA,"",3770,3730,3810,3770,100,NA,"na Date is in uncalibrated radiocarbon years.",". Cal curve: NA. Source DB: IMPDv1","Lacustrine","Carbon-14","Radiocarbon",-52,18017,"Calibrated radiocarbon years BP","sedimentary charcoal","Data Sourcing: IMPDv1 #charcoal_recommendedformat","Sample Age Source: IMPDv1"
"1637",150,"charcoal | num",75,75.25,75.5,0.5,9561,9540,9582,"IMPDv1","Charcoal (sum)","(additional options)",NA,NA,"False","False","number","Macroscopic charcoal (sieved)","direct",NA,"CHAR",7,NA,NA,"quant_raw",5,"volume","cm^3","IMPDv1","IMPD_16657","charcoal","count","char","wet_sieve","particle","num","count","no_size","num","IMPDv1","measured",1,"IMPDv1",NA,"Xindi - charcoal db",67.111667,-159.491667,NA,"north",NA,NA,"sedlac",1637,0,NA,"Higuera,P.E.;Brubaker,L.B.;Anderson,P.M.;Hu,F.S.;Brown,T.A.;. Xindi - charcoal db. NOAA/WDS Paleoclimatology IMPD study 16657",NA,NA,NA,NA,NA,NA,NA,NA,NA,NA,NA,NA,NA,NA,"https://www.ncei.noaa.gov/access/paleo-search/study/16657",NA,NA,NA,NA,"noaa_study_id=16657; original pub in IMPD datafile header","IMPDv1:IMPD_16657",1637,"Brubaker,L.B.",1,"Brubaker","L.B.",NA,NA,NA,NA,NA,NA,NA,NA,NA,"IMPDv1:IMPD_16657",1637,"IMPDv1","IMPD_16657",NA,100,100,"cm",NA,"Radiocarbon","con. charcoal & Picea needle",3770,40,4137,NA,"CAMS 110949",TRUE,NA,"na Date is in uncalibrated radiocarbon years.","Xindi - charcoal db_SIEVED","counted","NaN-NaN",NA,NA,"",3770,3730,3810,3770,100,NA,"na Date is in uncalibrated radiocarbon years.",". Cal curve: NA. Source DB: IMPDv1","Lacustrine","Carbon-14","Radiocarbon",-52,18017,"Calibrated radiocarbon years BP","sedimentary charcoal","Data Sourcing: IMPDv1 #charcoal_recommendedformat","Sample Age Source: IMPDv1"
"1637",151,"charcoal | num",75.5,75.75,76,0.5,9603,9582,9624,"IMPDv1","Charcoal (sum)","(additional options)",NA,NA,"False","False","number","Macroscopic charcoal (sieved)","direct",NA,"CHAR",3,NA,NA,"quant_raw",5,"volume","cm^3","IMPDv1","IMPD_16657","charcoal","count","char","wet_sieve","particle","num","count","no_size","num","IMPDv1","measured",1,"IMPDv1",NA,"Xindi - charcoal db",67.111667,-159.491667,NA,"north",NA,NA,"sedlac",1637,0,NA,"Higuera,P.E.;Brubaker,L.B.;Anderson,P.M.;Hu,F.S.;Brown,T.A.;. Xindi - charcoal db. NOAA/WDS Paleoclimatology IMPD study 16657",NA,NA,NA,NA,NA,NA,NA,NA,NA,NA,NA,NA,NA,NA,"https://www.ncei.noaa.gov/access/paleo-search/study/16657",NA,NA,NA,NA,"noaa_study_id=16657; original pub in IMPD datafile header","IMPDv1:IMPD_16657",1637,"Brubaker,L.B.",1,"Brubaker","L.B.",NA,NA,NA,NA,NA,NA,NA,NA,NA,"IMPDv1:IMPD_16657",1637,"IMPDv1","IMPD_16657",NA,100,100,"cm",NA,"Radiocarbon","con. charcoal & Picea needle",3770,40,4137,NA,"CAMS 110949",TRUE,NA,"na Date is in uncalibrated radiocarbon years.","Xindi - charcoal db_SIEVED","counted","NaN-NaN",NA,NA,"",3770,3730,3810,3770,100,NA,"na Date is in uncalibrated radiocarbon years.",". Cal curve: NA. Source DB: IMPDv1","Lacustrine","Carbon-14","Radiocarbon",-52,18017,"Calibrated radiocarbon years BP","sedimentary charcoal","Data Sourcing: IMPDv1 #charcoal_recommendedformat","Sample Age Source: IMPDv1"
"1637",152,"charcoal | num",76,76.25,76.5,0.5,9644.5,9624,9665,"IMPDv1","Charcoal (sum)","(additional options)",NA,NA,"False","False","number","Macroscopic charcoal (sieved)","direct",NA,"CHAR",3,NA,NA,"quant_raw",5,"volume","cm^3","IMPDv1","IMPD_16657","charcoal","count","char","wet_sieve","particle","num","count","no_size","num","IMPDv1","measured",1,"IMPDv1",NA,"Xindi - charcoal db",67.111667,-159.491667,NA,"north",NA,NA,"sedlac",1637,0,NA,"Higuera,P.E.;Brubaker,L.B.;Anderson,P.M.;Hu,F.S.;Brown,T.A.;. Xindi - charcoal db. NOAA/WDS Paleoclimatology IMPD study 16657",NA,NA,NA,NA,NA,NA,NA,NA,NA,NA,NA,NA,NA,NA,"https://www.ncei.noaa.gov/access/paleo-search/study/16657",NA,NA,NA,NA,"noaa_study_id=16657; original pub in IMPD datafile header","IMPDv1:IMPD_16657",1637,"Brubaker,L.B.",1,"Brubaker","L.B.",NA,NA,NA,NA,NA,NA,NA,NA,NA,"IMPDv1:IMPD_16657",1637,"IMPDv1","IMPD_16657",NA,100,100,"cm",NA,"Radiocarbon","con. charcoal & Picea needle",3770,40,4137,NA,"CAMS 110949",TRUE,NA,"na Date is in uncalibrated radiocarbon years.","Xindi - charcoal db_SIEVED","counted","NaN-NaN",NA,NA,"",3770,3730,3810,3770,100,NA,"na Date is in uncalibrated radiocarbon years.",". Cal curve: NA. Source DB: IMPDv1","Lacustrine","Carbon-14","Radiocarbon",-52,18017,"Calibrated radiocarbon years BP","sedimentary charcoal","Data Sourcing: IMPDv1 #charcoal_recommendedformat","Sample Age Source: IMPDv1"
"1637",153,"charcoal | num",76.5,76.75,77,0.5,9685.5,9665,9706,"IMPDv1","Charcoal (sum)","(additional options)",NA,NA,"False","False","number","Macroscopic charcoal (sieved)","direct",NA,"CHAR",1,NA,NA,"quant_raw",5,"volume","cm^3","IMPDv1","IMPD_16657","charcoal","count","char","wet_sieve","particle","num","count","no_size","num","IMPDv1","measured",1,"IMPDv1",NA,"Xindi - charcoal db",67.111667,-159.491667,NA,"north",NA,NA,"sedlac",1637,0,NA,"Higuera,P.E.;Brubaker,L.B.;Anderson,P.M.;Hu,F.S.;Brown,T.A.;. Xindi - charcoal db. NOAA/WDS Paleoclimatology IMPD study 16657",NA,NA,NA,NA,NA,NA,NA,NA,NA,NA,NA,NA,NA,NA,"https://www.ncei.noaa.gov/access/paleo-search/study/16657",NA,NA,NA,NA,"noaa_study_id=16657; original pub in IMPD datafile header","IMPDv1:IMPD_16657",1637,"Brubaker,L.B.",1,"Brubaker","L.B.",NA,NA,NA,NA,NA,NA,NA,NA,NA,"IMPDv1:IMPD_16657",1637,"IMPDv1","IMPD_16657",NA,100,100,"cm",NA,"Radiocarbon","con. charcoal & Picea needle",3770,40,4137,NA,"CAMS 110949",TRUE,NA,"na Date is in uncalibrated radiocarbon years.","Xindi - charcoal db_SIEVED","counted","NaN-NaN",NA,NA,"",3770,3730,3810,3770,100,NA,"na Date is in uncalibrated radiocarbon years.",". Cal curve: NA. Source DB: IMPDv1","Lacustrine","Carbon-14","Radiocarbon",-52,18017,"Calibrated radiocarbon years BP","sedimentary charcoal","Data Sourcing: IMPDv1 #charcoal_recommendedformat","Sample Age Source: IMPDv1"
"1637",154,"charcoal | num",77,77.25,77.5,0.5,9726.5,9706,9747,"IMPDv1","Charcoal (sum)","(additional options)",NA,NA,"False","False","number","Macroscopic charcoal (sieved)","direct",NA,"CHAR",5,NA,NA,"quant_raw",5,"volume","cm^3","IMPDv1","IMPD_16657","charcoal","count","char","wet_sieve","particle","num","count","no_size","num","IMPDv1","measured",1,"IMPDv1",NA,"Xindi - charcoal db",67.111667,-159.491667,NA,"north",NA,NA,"sedlac",1637,0,NA,"Higuera,P.E.;Brubaker,L.B.;Anderson,P.M.;Hu,F.S.;Brown,T.A.;. Xindi - charcoal db. NOAA/WDS Paleoclimatology IMPD study 16657",NA,NA,NA,NA,NA,NA,NA,NA,NA,NA,NA,NA,NA,NA,"https://www.ncei.noaa.gov/access/paleo-search/study/16657",NA,NA,NA,NA,"noaa_study_id=16657; original pub in IMPD datafile header","IMPDv1:IMPD_16657",1637,"Brubaker,L.B.",1,"Brubaker","L.B.",NA,NA,NA,NA,NA,NA,NA,NA,NA,"IMPDv1:IMPD_16657",1637,"IMPDv1","IMPD_16657",NA,100,100,"cm",NA,"Radiocarbon","con. charcoal & Picea needle",3770,40,4137,NA,"CAMS 110949",TRUE,NA,"na Date is in uncalibrated radiocarbon years.","Xindi - charcoal db_SIEVED","counted","NaN-NaN",NA,NA,"",3770,3730,3810,3770,100,NA,"na Date is in uncalibrated radiocarbon years.",". Cal curve: NA. Source DB: IMPDv1","Lacustrine","Carbon-14","Radiocarbon",-52,18017,"Calibrated radiocarbon years BP","sedimentary charcoal","Data Sourcing: IMPDv1 #charcoal_recommendedformat","Sample Age Source: IMPDv1"
"1637",155,"charcoal | num",77.5,77.75,78,0.5,9767.5,9747,9788,"IMPDv1","Charcoal (sum)","(additional options)",NA,NA,"False","False","number","Macroscopic charcoal (sieved)","direct",NA,"CHAR",5,NA,NA,"quant_raw",5,"volume","cm^3","IMPDv1","IMPD_16657","charcoal","count","char","wet_sieve","particle","num","count","no_size","num","IMPDv1","measured",1,"IMPDv1",NA,"Xindi - charcoal db",67.111667,-159.491667,NA,"north",NA,NA,"sedlac",1637,0,NA,"Higuera,P.E.;Brubaker,L.B.;Anderson,P.M.;Hu,F.S.;Brown,T.A.;. Xindi - charcoal db. NOAA/WDS Paleoclimatology IMPD study 16657",NA,NA,NA,NA,NA,NA,NA,NA,NA,NA,NA,NA,NA,NA,"https://www.ncei.noaa.gov/access/paleo-search/study/16657",NA,NA,NA,NA,"noaa_study_id=16657; original pub in IMPD datafile header","IMPDv1:IMPD_16657",1637,"Brubaker,L.B.",1,"Brubaker","L.B.",NA,NA,NA,NA,NA,NA,NA,NA,NA,"IMPDv1:IMPD_16657",1637,"IMPDv1","IMPD_16657",NA,100,100,"cm",NA,"Radiocarbon","con. charcoal & Picea needle",3770,40,4137,NA,"CAMS 110949",TRUE,NA,"na Date is in uncalibrated radiocarbon years.","Xindi - charcoal db_SIEVED","counted","NaN-NaN",NA,NA,"",3770,3730,3810,3770,100,NA,"na Date is in uncalibrated radiocarbon years.",". Cal curve: NA. Source DB: IMPDv1","Lacustrine","Carbon-14","Radiocarbon",-52,18017,"Calibrated radiocarbon years BP","sedimentary charcoal","Data Sourcing: IMPDv1 #charcoal_recommendedformat","Sample Age Source: IMPDv1"
"1637",156,"charcoal | num",78,78.25,78.5,0.5,9808,9788,9828,"IMPDv1","Charcoal (sum)","(additional options)",NA,NA,"False","False","number","Macroscopic charcoal (sieved)","direct",NA,"CHAR",4,NA,NA,"quant_raw",5,"volume","cm^3","IMPDv1","IMPD_16657","charcoal","count","char","wet_sieve","particle","num","count","no_size","num","IMPDv1","measured",1,"IMPDv1",NA,"Xindi - charcoal db",67.111667,-159.491667,NA,"north",NA,NA,"sedlac",1637,0,NA,"Higuera,P.E.;Brubaker,L.B.;Anderson,P.M.;Hu,F.S.;Brown,T.A.;. Xindi - charcoal db. NOAA/WDS Paleoclimatology IMPD study 16657",NA,NA,NA,NA,NA,NA,NA,NA,NA,NA,NA,NA,NA,NA,"https://www.ncei.noaa.gov/access/paleo-search/study/16657",NA,NA,NA,NA,"noaa_study_id=16657; original pub in IMPD datafile header","IMPDv1:IMPD_16657",1637,"Brubaker,L.B.",1,"Brubaker","L.B.",NA,NA,NA,NA,NA,NA,NA,NA,NA,"IMPDv1:IMPD_16657",1637,"IMPDv1","IMPD_16657",NA,115.2,115.2,"cm",NA,"Radiocarbon","concentrated charcoal",5050,45,5812,NA,"CAMS 110402",TRUE,NA,"na Date is in uncalibrated radiocarbon years.","Xindi - charcoal db_SIEVED","counted","NaN-NaN",NA,NA,"",5050,5005,5095,5050,115.2,NA,"na Date is in uncalibrated radiocarbon years.",". Cal curve: NA. Source DB: IMPDv1","Lacustrine","Carbon-14","Radiocarbon",-52,18017,"Calibrated radiocarbon years BP","sedimentary charcoal","Data Sourcing: IMPDv1 #charcoal_recommendedformat","Sample Age Source: IMPDv1"
"1637",157,"charcoal | num",78.5,78.75,79,0.5,9848,9828,9868,"IMPDv1","Charcoal (sum)","(additional options)",NA,NA,"False","False","number","Macroscopic charcoal (sieved)","direct",NA,"CHAR",6,NA,NA,"quant_raw",5,"volume","cm^3","IMPDv1","IMPD_16657","charcoal","count","char","wet_sieve","particle","num","count","no_size","num","IMPDv1","measured",1,"IMPDv1",NA,"Xindi - charcoal db",67.111667,-159.491667,NA,"north",NA,NA,"sedlac",1637,0,NA,"Higuera,P.E.;Brubaker,L.B.;Anderson,P.M.;Hu,F.S.;Brown,T.A.;. Xindi - charcoal db. NOAA/WDS Paleoclimatology IMPD study 16657",NA,NA,NA,NA,NA,NA,NA,NA,NA,NA,NA,NA,NA,NA,"https://www.ncei.noaa.gov/access/paleo-search/study/16657",NA,NA,NA,NA,"noaa_study_id=16657; original pub in IMPD datafile header","IMPDv1:IMPD_16657",1637,"Brubaker,L.B.",1,"Brubaker","L.B.",NA,NA,NA,NA,NA,NA,NA,NA,NA,"IMPDv1:IMPD_16657",1637,"IMPDv1","IMPD_16657",NA,115.2,115.2,"cm",NA,"Radiocarbon","concentrated charcoal",5050,45,5812,NA,"CAMS 110402",TRUE,NA,"na Date is in uncalibrated radiocarbon years.","Xindi - charcoal db_SIEVED","counted","NaN-NaN",NA,NA,"",5050,5005,5095,5050,115.2,NA,"na Date is in uncalibrated radiocarbon years.",". Cal curve: NA. Source DB: IMPDv1","Lacustrine","Carbon-14","Radiocarbon",-52,18017,"Calibrated radiocarbon years BP","sedimentary charcoal","Data Sourcing: IMPDv1 #charcoal_recommendedformat","Sample Age Source: IMPDv1"
"1637",158,"charcoal | num",79,79.25,79.5,0.5,9887.5,9868,9907,"IMPDv1","Charcoal (sum)","(additional options)",NA,NA,"False","False","number","Macroscopic charcoal (sieved)","direct",NA,"CHAR",3,NA,NA,"quant_raw",5,"volume","cm^3","IMPDv1","IMPD_16657","charcoal","count","char","wet_sieve","particle","num","count","no_size","num","IMPDv1","measured",1,"IMPDv1",NA,"Xindi - charcoal db",67.111667,-159.491667,NA,"north",NA,NA,"sedlac",1637,0,NA,"Higuera,P.E.;Brubaker,L.B.;Anderson,P.M.;Hu,F.S.;Brown,T.A.;. Xindi - charcoal db. NOAA/WDS Paleoclimatology IMPD study 16657",NA,NA,NA,NA,NA,NA,NA,NA,NA,NA,NA,NA,NA,NA,"https://www.ncei.noaa.gov/access/paleo-search/study/16657",NA,NA,NA,NA,"noaa_study_id=16657; original pub in IMPD datafile header","IMPDv1:IMPD_16657",1637,"Brubaker,L.B.",1,"Brubaker","L.B.",NA,NA,NA,NA,NA,NA,NA,NA,NA,"IMPDv1:IMPD_16657",1637,"IMPDv1","IMPD_16657",NA,115.2,115.2,"cm",NA,"Radiocarbon","concentrated charcoal",5050,45,5812,NA,"CAMS 110402",TRUE,NA,"na Date is in uncalibrated radiocarbon years.","Xindi - charcoal db_SIEVED","counted","NaN-NaN",NA,NA,"",5050,5005,5095,5050,115.2,NA,"na Date is in uncalibrated radiocarbon years.",". Cal curve: NA. Source DB: IMPDv1","Lacustrine","Carbon-14","Radiocarbon",-52,18017,"Calibrated radiocarbon years BP","sedimentary charcoal","Data Sourcing: IMPDv1 #charcoal_recommendedformat","Sample Age Source: IMPDv1"
"1637",159,"charcoal | num",79.5,79.75,80,0.5,9927,9907,9947,"IMPDv1","Charcoal (sum)","(additional options)",NA,NA,"False","False","number","Macroscopic charcoal (sieved)","direct",NA,"CHAR",1,NA,NA,"quant_raw",5,"volume","cm^3","IMPDv1","IMPD_16657","charcoal","count","char","wet_sieve","particle","num","count","no_size","num","IMPDv1","measured",1,"IMPDv1",NA,"Xindi - charcoal db",67.111667,-159.491667,NA,"north",NA,NA,"sedlac",1637,0,NA,"Higuera,P.E.;Brubaker,L.B.;Anderson,P.M.;Hu,F.S.;Brown,T.A.;. Xindi - charcoal db. NOAA/WDS Paleoclimatology IMPD study 16657",NA,NA,NA,NA,NA,NA,NA,NA,NA,NA,NA,NA,NA,NA,"https://www.ncei.noaa.gov/access/paleo-search/study/16657",NA,NA,NA,NA,"noaa_study_id=16657; original pub in IMPD datafile header","IMPDv1:IMPD_16657",1637,"Brubaker,L.B.",1,"Brubaker","L.B.",NA,NA,NA,NA,NA,NA,NA,NA,NA,"IMPDv1:IMPD_16657",1637,"IMPDv1","IMPD_16657",NA,115.2,115.2,"cm",NA,"Radiocarbon","concentrated charcoal",5050,45,5812,NA,"CAMS 110402",TRUE,NA,"na Date is in uncalibrated radiocarbon years.","Xindi - charcoal db_SIEVED","counted","NaN-NaN",NA,NA,"",5050,5005,5095,5050,115.2,NA,"na Date is in uncalibrated radiocarbon years.",". Cal curve: NA. Source DB: IMPDv1","Lacustrine","Carbon-14","Radiocarbon",-52,18017,"Calibrated radiocarbon years BP","sedimentary charcoal","Data Sourcing: IMPDv1 #charcoal_recommendedformat","Sample Age Source: IMPDv1"
"1637",160,"charcoal | num",80,80.25,80.5,0.5,9966.5,9947,9986,"IMPDv1","Charcoal (sum)","(additional options)",NA,NA,"False","False","number","Macroscopic charcoal (sieved)","direct",NA,"CHAR",5,NA,NA,"quant_raw",5,"volume","cm^3","IMPDv1","IMPD_16657","charcoal","count","char","wet_sieve","particle","num","count","no_size","num","IMPDv1","measured",1,"IMPDv1",NA,"Xindi - charcoal db",67.111667,-159.491667,NA,"north",NA,NA,"sedlac",1637,0,NA,"Higuera,P.E.;Brubaker,L.B.;Anderson,P.M.;Hu,F.S.;Brown,T.A.;. Xindi - charcoal db. NOAA/WDS Paleoclimatology IMPD study 16657",NA,NA,NA,NA,NA,NA,NA,NA,NA,NA,NA,NA,NA,NA,"https://www.ncei.noaa.gov/access/paleo-search/study/16657",NA,NA,NA,NA,"noaa_study_id=16657; original pub in IMPD datafile header","IMPDv1:IMPD_16657",1637,"Brubaker,L.B.",1,"Brubaker","L.B.",NA,NA,NA,NA,NA,NA,NA,NA,NA,"IMPDv1:IMPD_16657",1637,"IMPDv1","IMPD_16657",NA,115.2,115.2,"cm",NA,"Radiocarbon","concentrated charcoal",5050,45,5812,NA,"CAMS 110402",TRUE,NA,"na Date is in uncalibrated radiocarbon years.","Xindi - charcoal db_SIEVED","counted","NaN-NaN",NA,NA,"",5050,5005,5095,5050,115.2,NA,"na Date is in uncalibrated radiocarbon years.",". Cal curve: NA. Source DB: IMPDv1","Lacustrine","Carbon-14","Radiocarbon",-52,18017,"Calibrated radiocarbon years BP","sedimentary charcoal","Data Sourcing: IMPDv1 #charcoal_recommendedformat","Sample Age Source: IMPDv1"
"1637",161,"charcoal | num",80.5,80.75,81,0.5,10005,9986,10024,"IMPDv1","Charcoal (sum)","(additional options)",NA,NA,"False","False","number","Macroscopic charcoal (sieved)","direct",NA,"CHAR",1,NA,NA,"quant_raw",5,"volume","cm^3","IMPDv1","IMPD_16657","charcoal","count","char","wet_sieve","particle","num","count","no_size","num","IMPDv1","measured",1,"IMPDv1",NA,"Xindi - charcoal db",67.111667,-159.491667,NA,"north",NA,NA,"sedlac",1637,0,NA,"Higuera,P.E.;Brubaker,L.B.;Anderson,P.M.;Hu,F.S.;Brown,T.A.;. Xindi - charcoal db. NOAA/WDS Paleoclimatology IMPD study 16657",NA,NA,NA,NA,NA,NA,NA,NA,NA,NA,NA,NA,NA,NA,"https://www.ncei.noaa.gov/access/paleo-search/study/16657",NA,NA,NA,NA,"noaa_study_id=16657; original pub in IMPD datafile header","IMPDv1:IMPD_16657",1637,"Brubaker,L.B.",1,"Brubaker","L.B.",NA,NA,NA,NA,NA,NA,NA,NA,NA,"IMPDv1:IMPD_16657",1637,"IMPDv1","IMPD_16657",NA,115.2,115.2,"cm",NA,"Radiocarbon","concentrated charcoal",5050,45,5812,NA,"CAMS 110402",TRUE,NA,"na Date is in uncalibrated radiocarbon years.","Xindi - charcoal db_SIEVED","counted","NaN-NaN",NA,NA,"",5050,5005,5095,5050,115.2,NA,"na Date is in uncalibrated radiocarbon years.",". Cal curve: NA. Source DB: IMPDv1","Lacustrine","Carbon-14","Radiocarbon",-52,18017,"Calibrated radiocarbon years BP","sedimentary charcoal","Data Sourcing: IMPDv1 #charcoal_recommendedformat","Sample Age Source: IMPDv1"
"1637",162,"charcoal | num",81,81.25,81.5,0.5,10043.5,10024,10063,"IMPDv1","Charcoal (sum)","(additional options)",NA,NA,"False","False","number","Macroscopic charcoal (sieved)","direct",NA,"CHAR",1,NA,NA,"quant_raw",5,"volume","cm^3","IMPDv1","IMPD_16657","charcoal","count","char","wet_sieve","particle","num","count","no_size","num","IMPDv1","measured",1,"IMPDv1",NA,"Xindi - charcoal db",67.111667,-159.491667,NA,"north",NA,NA,"sedlac",1637,0,NA,"Higuera,P.E.;Brubaker,L.B.;Anderson,P.M.;Hu,F.S.;Brown,T.A.;. Xindi - charcoal db. NOAA/WDS Paleoclimatology IMPD study 16657",NA,NA,NA,NA,NA,NA,NA,NA,NA,NA,NA,NA,NA,NA,"https://www.ncei.noaa.gov/access/paleo-search/study/16657",NA,NA,NA,NA,"noaa_study_id=16657; original pub in IMPD datafile header","IMPDv1:IMPD_16657",1637,"Brubaker,L.B.",1,"Brubaker","L.B.",NA,NA,NA,NA,NA,NA,NA,NA,NA,"IMPDv1:IMPD_16657",1637,"IMPDv1","IMPD_16657",NA,115.2,115.2,"cm",NA,"Radiocarbon","concentrated charcoal",5050,45,5812,NA,"CAMS 110402",TRUE,NA,"na Date is in uncalibrated radiocarbon years.","Xindi - charcoal db_SIEVED","counted","NaN-NaN",NA,NA,"",5050,5005,5095,5050,115.2,NA,"na Date is in uncalibrated radiocarbon years.",". Cal curve: NA. Source DB: IMPDv1","Lacustrine","Carbon-14","Radiocarbon",-52,18017,"Calibrated radiocarbon years BP","sedimentary charcoal","Data Sourcing: IMPDv1 #charcoal_recommendedformat","Sample Age Source: IMPDv1"
"1637",163,"charcoal | num",81.5,81.75,82,0.5,10082,10063,10101,"IMPDv1","Charcoal (sum)","(additional options)",NA,NA,"False","False","number","Macroscopic charcoal (sieved)","direct",NA,"CHAR",2,NA,NA,"quant_raw",5,"volume","cm^3","IMPDv1","IMPD_16657","charcoal","count","char","wet_sieve","particle","num","count","no_size","num","IMPDv1","measured",1,"IMPDv1",NA,"Xindi - charcoal db",67.111667,-159.491667,NA,"north",NA,NA,"sedlac",1637,0,NA,"Higuera,P.E.;Brubaker,L.B.;Anderson,P.M.;Hu,F.S.;Brown,T.A.;. Xindi - charcoal db. NOAA/WDS Paleoclimatology IMPD study 16657",NA,NA,NA,NA,NA,NA,NA,NA,NA,NA,NA,NA,NA,NA,"https://www.ncei.noaa.gov/access/paleo-search/study/16657",NA,NA,NA,NA,"noaa_study_id=16657; original pub in IMPD datafile header","IMPDv1:IMPD_16657",1637,"Brubaker,L.B.",1,"Brubaker","L.B.",NA,NA,NA,NA,NA,NA,NA,NA,NA,"IMPDv1:IMPD_16657",1637,"IMPDv1","IMPD_16657",NA,115.2,115.2,"cm",NA,"Radiocarbon","concentrated charcoal",5050,45,5812,NA,"CAMS 110402",TRUE,NA,"na Date is in uncalibrated radiocarbon years.","Xindi - charcoal db_SIEVED","counted","NaN-NaN",NA,NA,"",5050,5005,5095,5050,115.2,NA,"na Date is in uncalibrated radiocarbon years.",". Cal curve: NA. Source DB: IMPDv1","Lacustrine","Carbon-14","Radiocarbon",-52,18017,"Calibrated radiocarbon years BP","sedimentary charcoal","Data Sourcing: IMPDv1 #charcoal_recommendedformat","Sample Age Source: IMPDv1"
"1637",164,"charcoal | num",82,82.25,82.5,0.5,10120,10101,10139,"IMPDv1","Charcoal (sum)","(additional options)",NA,NA,"False","False","number","Macroscopic charcoal (sieved)","direct",NA,"CHAR",3,NA,NA,"quant_raw",5,"volume","cm^3","IMPDv1","IMPD_16657","charcoal","count","char","wet_sieve","particle","num","count","no_size","num","IMPDv1","measured",1,"IMPDv1",NA,"Xindi - charcoal db",67.111667,-159.491667,NA,"north",NA,NA,"sedlac",1637,0,NA,"Higuera,P.E.;Brubaker,L.B.;Anderson,P.M.;Hu,F.S.;Brown,T.A.;. Xindi - charcoal db. NOAA/WDS Paleoclimatology IMPD study 16657",NA,NA,NA,NA,NA,NA,NA,NA,NA,NA,NA,NA,NA,NA,"https://www.ncei.noaa.gov/access/paleo-search/study/16657",NA,NA,NA,NA,"noaa_study_id=16657; original pub in IMPD datafile header","IMPDv1:IMPD_16657",1637,"Brubaker,L.B.",1,"Brubaker","L.B.",NA,NA,NA,NA,NA,NA,NA,NA,NA,"IMPDv1:IMPD_16657",1637,"IMPDv1","IMPD_16657",NA,115.2,115.2,"cm",NA,"Radiocarbon","concentrated charcoal",5050,45,5812,NA,"CAMS 110402",TRUE,NA,"na Date is in uncalibrated radiocarbon years.","Xindi - charcoal db_SIEVED","counted","NaN-NaN",NA,NA,"",5050,5005,5095,5050,115.2,NA,"na Date is in uncalibrated radiocarbon years.",". Cal curve: NA. Source DB: IMPDv1","Lacustrine","Carbon-14","Radiocarbon",-52,18017,"Calibrated radiocarbon years BP","sedimentary charcoal","Data Sourcing: IMPDv1 #charcoal_recommendedformat","Sample Age Source: IMPDv1"
"1637",165,"charcoal | num",82.5,82.75,83,0.5,10157.5,10139,10176,"IMPDv1","Charcoal (sum)","(additional options)",NA,NA,"False","False","number","Macroscopic charcoal (sieved)","direct",NA,"CHAR",2,NA,NA,"quant_raw",5,"volume","cm^3","IMPDv1","IMPD_16657","charcoal","count","char","wet_sieve","particle","num","count","no_size","num","IMPDv1","measured",1,"IMPDv1",NA,"Xindi - charcoal db",67.111667,-159.491667,NA,"north",NA,NA,"sedlac",1637,0,NA,"Higuera,P.E.;Brubaker,L.B.;Anderson,P.M.;Hu,F.S.;Brown,T.A.;. Xindi - charcoal db. NOAA/WDS Paleoclimatology IMPD study 16657",NA,NA,NA,NA,NA,NA,NA,NA,NA,NA,NA,NA,NA,NA,"https://www.ncei.noaa.gov/access/paleo-search/study/16657",NA,NA,NA,NA,"noaa_study_id=16657; original pub in IMPD datafile header","IMPDv1:IMPD_16657",1637,"Brubaker,L.B.",1,"Brubaker","L.B.",NA,NA,NA,NA,NA,NA,NA,NA,NA,"IMPDv1:IMPD_16657",1637,"IMPDv1","IMPD_16657",NA,115.2,115.2,"cm",NA,"Radiocarbon","concentrated charcoal",5050,45,5812,NA,"CAMS 110402",TRUE,NA,"na Date is in uncalibrated radiocarbon years.","Xindi - charcoal db_SIEVED","counted","NaN-NaN",NA,NA,"",5050,5005,5095,5050,115.2,NA,"na Date is in uncalibrated radiocarbon years.",". Cal curve: NA. Source DB: IMPDv1","Lacustrine","Carbon-14","Radiocarbon",-52,18017,"Calibrated radiocarbon years BP","sedimentary charcoal","Data Sourcing: IMPDv1 #charcoal_recommendedformat","Sample Age Source: IMPDv1"
"1637",166,"charcoal | num",83,83.25,83.5,0.5,10194.5,10176,10213,"IMPDv1","Charcoal (sum)","(additional options)",NA,NA,"False","False","number","Macroscopic charcoal (sieved)","direct",NA,"CHAR",0,NA,NA,"quant_raw",5,"volume","cm^3","IMPDv1","IMPD_16657","charcoal","count","char","wet_sieve","particle","num","count","no_size","num","IMPDv1","measured",1,"IMPDv1",NA,"Xindi - charcoal db",67.111667,-159.491667,NA,"north",NA,NA,"sedlac",1637,0,NA,"Higuera,P.E.;Brubaker,L.B.;Anderson,P.M.;Hu,F.S.;Brown,T.A.;. Xindi - charcoal db. NOAA/WDS Paleoclimatology IMPD study 16657",NA,NA,NA,NA,NA,NA,NA,NA,NA,NA,NA,NA,NA,NA,"https://www.ncei.noaa.gov/access/paleo-search/study/16657",NA,NA,NA,NA,"noaa_study_id=16657; original pub in IMPD datafile header","IMPDv1:IMPD_16657",1637,"Brubaker,L.B.",1,"Brubaker","L.B.",NA,NA,NA,NA,NA,NA,NA,NA,NA,"IMPDv1:IMPD_16657",1637,"IMPDv1","IMPD_16657",NA,115.2,115.2,"cm",NA,"Radiocarbon","concentrated charcoal",5050,45,5812,NA,"CAMS 110402",TRUE,NA,"na Date is in uncalibrated radiocarbon years.","Xindi - charcoal db_SIEVED","counted","NaN-NaN",NA,NA,"",5050,5005,5095,5050,115.2,NA,"na Date is in uncalibrated radiocarbon years.",". Cal curve: NA. Source DB: IMPDv1","Lacustrine","Carbon-14","Radiocarbon",-52,18017,"Calibrated radiocarbon years BP","sedimentary charcoal","Data Sourcing: IMPDv1 #charcoal_recommendedformat","Sample Age Source: IMPDv1"
"1637",167,"charcoal | num",83.5,83.75,84,0.5,10231.5,10213,10250,"IMPDv1","Charcoal (sum)","(additional options)",NA,NA,"False","False","number","Macroscopic charcoal (sieved)","direct",NA,"CHAR",6,NA,NA,"quant_raw",5,"volume","cm^3","IMPDv1","IMPD_16657","charcoal","count","char","wet_sieve","particle","num","count","no_size","num","IMPDv1","measured",1,"IMPDv1",NA,"Xindi - charcoal db",67.111667,-159.491667,NA,"north",NA,NA,"sedlac",1637,0,NA,"Higuera,P.E.;Brubaker,L.B.;Anderson,P.M.;Hu,F.S.;Brown,T.A.;. Xindi - charcoal db. NOAA/WDS Paleoclimatology IMPD study 16657",NA,NA,NA,NA,NA,NA,NA,NA,NA,NA,NA,NA,NA,NA,"https://www.ncei.noaa.gov/access/paleo-search/study/16657",NA,NA,NA,NA,"noaa_study_id=16657; original pub in IMPD datafile header","IMPDv1:IMPD_16657",1637,"Brubaker,L.B.",1,"Brubaker","L.B.",NA,NA,NA,NA,NA,NA,NA,NA,NA,"IMPDv1:IMPD_16657",1637,"IMPDv1","IMPD_16657",NA,115.2,115.2,"cm",NA,"Radiocarbon","concentrated charcoal",5050,45,5812,NA,"CAMS 110402",TRUE,NA,"na Date is in uncalibrated radiocarbon years.","Xindi - charcoal db_SIEVED","counted","NaN-NaN",NA,NA,"",5050,5005,5095,5050,115.2,NA,"na Date is in uncalibrated radiocarbon years.",". Cal curve: NA. Source DB: IMPDv1","Lacustrine","Carbon-14","Radiocarbon",-52,18017,"Calibrated radiocarbon years BP","sedimentary charcoal","Data Sourcing: IMPDv1 #charcoal_recommendedformat","Sample Age Source: IMPDv1"
"1637",168,"charcoal | num",84,84.25,84.5,0.5,10268.5,10250,10287,"IMPDv1","Charcoal (sum)","(additional options)",NA,NA,"False","False","number","Macroscopic charcoal (sieved)","direct",NA,"CHAR",1,NA,NA,"quant_raw",5,"volume","cm^3","IMPDv1","IMPD_16657","charcoal","count","char","wet_sieve","particle","num","count","no_size","num","IMPDv1","measured",1,"IMPDv1",NA,"Xindi - charcoal db",67.111667,-159.491667,NA,"north",NA,NA,"sedlac",1637,0,NA,"Higuera,P.E.;Brubaker,L.B.;Anderson,P.M.;Hu,F.S.;Brown,T.A.;. Xindi - charcoal db. NOAA/WDS Paleoclimatology IMPD study 16657",NA,NA,NA,NA,NA,NA,NA,NA,NA,NA,NA,NA,NA,NA,"https://www.ncei.noaa.gov/access/paleo-search/study/16657",NA,NA,NA,NA,"noaa_study_id=16657; original pub in IMPD datafile header","IMPDv1:IMPD_16657",1637,"Brubaker,L.B.",1,"Brubaker","L.B.",NA,NA,NA,NA,NA,NA,NA,NA,NA,"IMPDv1:IMPD_16657",1637,"IMPDv1","IMPD_16657",NA,115.2,115.2,"cm",NA,"Radiocarbon","concentrated charcoal",5050,45,5812,NA,"CAMS 110402",TRUE,NA,"na Date is in uncalibrated radiocarbon years.","Xindi - charcoal db_SIEVED","counted","NaN-NaN",NA,NA,"",5050,5005,5095,5050,115.2,NA,"na Date is in uncalibrated radiocarbon years.",". Cal curve: NA. Source DB: IMPDv1","Lacustrine","Carbon-14","Radiocarbon",-52,18017,"Calibrated radiocarbon years BP","sedimentary charcoal","Data Sourcing: IMPDv1 #charcoal_recommendedformat","Sample Age Source: IMPDv1"
"1637",169,"charcoal | num",84.5,84.75,85,0.5,10305,10287,10323,"IMPDv1","Charcoal (sum)","(additional options)",NA,NA,"False","False","number","Macroscopic charcoal (sieved)","direct",NA,"CHAR",1,NA,NA,"quant_raw",5,"volume","cm^3","IMPDv1","IMPD_16657","charcoal","count","char","wet_sieve","particle","num","count","no_size","num","IMPDv1","measured",1,"IMPDv1",NA,"Xindi - charcoal db",67.111667,-159.491667,NA,"north",NA,NA,"sedlac",1637,0,NA,"Higuera,P.E.;Brubaker,L.B.;Anderson,P.M.;Hu,F.S.;Brown,T.A.;. Xindi - charcoal db. NOAA/WDS Paleoclimatology IMPD study 16657",NA,NA,NA,NA,NA,NA,NA,NA,NA,NA,NA,NA,NA,NA,"https://www.ncei.noaa.gov/access/paleo-search/study/16657",NA,NA,NA,NA,"noaa_study_id=16657; original pub in IMPD datafile header","IMPDv1:IMPD_16657",1637,"Brubaker,L.B.",1,"Brubaker","L.B.",NA,NA,NA,NA,NA,NA,NA,NA,NA,"IMPDv1:IMPD_16657",1637,"IMPDv1","IMPD_16657",NA,160.5,160.5,"cm",NA,"Radiocarbon","concentrated charcoal",6350,110,7266,NA,"CAMS 110950",TRUE,NA,"na Date is in uncalibrated radiocarbon years.","Xindi - charcoal db_SIEVED","counted","NaN-NaN",NA,NA,"",6350,6240,6460,6350,160.5,NA,"na Date is in uncalibrated radiocarbon years.",". Cal curve: NA. Source DB: IMPDv1","Lacustrine","Carbon-14","Radiocarbon",-52,18017,"Calibrated radiocarbon years BP","sedimentary charcoal","Data Sourcing: IMPDv1 #charcoal_recommendedformat","Sample Age Source: IMPDv1"
"1637",170,"charcoal | num",85,85.25,85.5,0.5,10341,10323,10359,"IMPDv1","Charcoal (sum)","(additional options)",NA,NA,"False","False","number","Macroscopic charcoal (sieved)","direct",NA,"CHAR",2,NA,NA,"quant_raw",5,"volume","cm^3","IMPDv1","IMPD_16657","charcoal","count","char","wet_sieve","particle","num","count","no_size","num","IMPDv1","measured",1,"IMPDv1",NA,"Xindi - charcoal db",67.111667,-159.491667,NA,"north",NA,NA,"sedlac",1637,0,NA,"Higuera,P.E.;Brubaker,L.B.;Anderson,P.M.;Hu,F.S.;Brown,T.A.;. Xindi - charcoal db. NOAA/WDS Paleoclimatology IMPD study 16657",NA,NA,NA,NA,NA,NA,NA,NA,NA,NA,NA,NA,NA,NA,"https://www.ncei.noaa.gov/access/paleo-search/study/16657",NA,NA,NA,NA,"noaa_study_id=16657; original pub in IMPD datafile header","IMPDv1:IMPD_16657",1637,"Brubaker,L.B.",1,"Brubaker","L.B.",NA,NA,NA,NA,NA,NA,NA,NA,NA,"IMPDv1:IMPD_16657",1637,"IMPDv1","IMPD_16657",NA,160.5,160.5,"cm",NA,"Radiocarbon","concentrated charcoal",6350,110,7266,NA,"CAMS 110950",TRUE,NA,"na Date is in uncalibrated radiocarbon years.","Xindi - charcoal db_SIEVED","counted","NaN-NaN",NA,NA,"",6350,6240,6460,6350,160.5,NA,"na Date is in uncalibrated radiocarbon years.",". Cal curve: NA. Source DB: IMPDv1","Lacustrine","Carbon-14","Radiocarbon",-52,18017,"Calibrated radiocarbon years BP","sedimentary charcoal","Data Sourcing: IMPDv1 #charcoal_recommendedformat","Sample Age Source: IMPDv1"
"1637",171,"charcoal | num",85.5,85.75,86,0.5,10377,10359,10395,"IMPDv1","Charcoal (sum)","(additional options)",NA,NA,"False","False","number","Macroscopic charcoal (sieved)","direct",NA,"CHAR",2,NA,NA,"quant_raw",5,"volume","cm^3","IMPDv1","IMPD_16657","charcoal","count","char","wet_sieve","particle","num","count","no_size","num","IMPDv1","measured",1,"IMPDv1",NA,"Xindi - charcoal db",67.111667,-159.491667,NA,"north",NA,NA,"sedlac",1637,0,NA,"Higuera,P.E.;Brubaker,L.B.;Anderson,P.M.;Hu,F.S.;Brown,T.A.;. Xindi - charcoal db. NOAA/WDS Paleoclimatology IMPD study 16657",NA,NA,NA,NA,NA,NA,NA,NA,NA,NA,NA,NA,NA,NA,"https://www.ncei.noaa.gov/access/paleo-search/study/16657",NA,NA,NA,NA,"noaa_study_id=16657; original pub in IMPD datafile header","IMPDv1:IMPD_16657",1637,"Brubaker,L.B.",1,"Brubaker","L.B.",NA,NA,NA,NA,NA,NA,NA,NA,NA,"IMPDv1:IMPD_16657",1637,"IMPDv1","IMPD_16657",NA,160.5,160.5,"cm",NA,"Radiocarbon","concentrated charcoal",6350,110,7266,NA,"CAMS 110950",TRUE,NA,"na Date is in uncalibrated radiocarbon years.","Xindi - charcoal db_SIEVED","counted","NaN-NaN",NA,NA,"",6350,6240,6460,6350,160.5,NA,"na Date is in uncalibrated radiocarbon years.",". Cal curve: NA. Source DB: IMPDv1","Lacustrine","Carbon-14","Radiocarbon",-52,18017,"Calibrated radiocarbon years BP","sedimentary charcoal","Data Sourcing: IMPDv1 #charcoal_recommendedformat","Sample Age Source: IMPDv1"
"1637",172,"charcoal | num",86,86.25,86.5,0.5,10412.5,10395,10430,"IMPDv1","Charcoal (sum)","(additional options)",NA,NA,"False","False","number","Macroscopic charcoal (sieved)","direct",NA,"CHAR",5,NA,NA,"quant_raw",5,"volume","cm^3","IMPDv1","IMPD_16657","charcoal","count","char","wet_sieve","particle","num","count","no_size","num","IMPDv1","measured",1,"IMPDv1",NA,"Xindi - charcoal db",67.111667,-159.491667,NA,"north",NA,NA,"sedlac",1637,0,NA,"Higuera,P.E.;Brubaker,L.B.;Anderson,P.M.;Hu,F.S.;Brown,T.A.;. Xindi - charcoal db. NOAA/WDS Paleoclimatology IMPD study 16657",NA,NA,NA,NA,NA,NA,NA,NA,NA,NA,NA,NA,NA,NA,"https://www.ncei.noaa.gov/access/paleo-search/study/16657",NA,NA,NA,NA,"noaa_study_id=16657; original pub in IMPD datafile header","IMPDv1:IMPD_16657",1637,"Brubaker,L.B.",1,"Brubaker","L.B.",NA,NA,NA,NA,NA,NA,NA,NA,NA,"IMPDv1:IMPD_16657",1637,"IMPDv1","IMPD_16657",NA,160.5,160.5,"cm",NA,"Radiocarbon","concentrated charcoal",6350,110,7266,NA,"CAMS 110950",TRUE,NA,"na Date is in uncalibrated radiocarbon years.","Xindi - charcoal db_SIEVED","counted","NaN-NaN",NA,NA,"",6350,6240,6460,6350,160.5,NA,"na Date is in uncalibrated radiocarbon years.",". Cal curve: NA. Source DB: IMPDv1","Lacustrine","Carbon-14","Radiocarbon",-52,18017,"Calibrated radiocarbon years BP","sedimentary charcoal","Data Sourcing: IMPDv1 #charcoal_recommendedformat","Sample Age Source: IMPDv1"
"1637",173,"charcoal | num",86.5,86.75,87,0.5,10447.5,10430,10465,"IMPDv1","Charcoal (sum)","(additional options)",NA,NA,"False","False","number","Macroscopic charcoal (sieved)","direct",NA,"CHAR",3,NA,NA,"quant_raw",5,"volume","cm^3","IMPDv1","IMPD_16657","charcoal","count","char","wet_sieve","particle","num","count","no_size","num","IMPDv1","measured",1,"IMPDv1",NA,"Xindi - charcoal db",67.111667,-159.491667,NA,"north",NA,NA,"sedlac",1637,0,NA,"Higuera,P.E.;Brubaker,L.B.;Anderson,P.M.;Hu,F.S.;Brown,T.A.;. Xindi - charcoal db. NOAA/WDS Paleoclimatology IMPD study 16657",NA,NA,NA,NA,NA,NA,NA,NA,NA,NA,NA,NA,NA,NA,"https://www.ncei.noaa.gov/access/paleo-search/study/16657",NA,NA,NA,NA,"noaa_study_id=16657; original pub in IMPD datafile header","IMPDv1:IMPD_16657",1637,"Brubaker,L.B.",1,"Brubaker","L.B.",NA,NA,NA,NA,NA,NA,NA,NA,NA,"IMPDv1:IMPD_16657",1637,"IMPDv1","IMPD_16657",NA,160.5,160.5,"cm",NA,"Radiocarbon","concentrated charcoal",6350,110,7266,NA,"CAMS 110950",TRUE,NA,"na Date is in uncalibrated radiocarbon years.","Xindi - charcoal db_SIEVED","counted","NaN-NaN",NA,NA,"",6350,6240,6460,6350,160.5,NA,"na Date is in uncalibrated radiocarbon years.",". Cal curve: NA. Source DB: IMPDv1","Lacustrine","Carbon-14","Radiocarbon",-52,18017,"Calibrated radiocarbon years BP","sedimentary charcoal","Data Sourcing: IMPDv1 #charcoal_recommendedformat","Sample Age Source: IMPDv1"
"1637",174,"charcoal | num",87,87.25,87.5,0.5,10482.5,10465,10500,"IMPDv1","Charcoal (sum)","(additional options)",NA,NA,"False","False","number","Macroscopic charcoal (sieved)","direct",NA,"CHAR",7,NA,NA,"quant_raw",5,"volume","cm^3","IMPDv1","IMPD_16657","charcoal","count","char","wet_sieve","particle","num","count","no_size","num","IMPDv1","measured",1,"IMPDv1",NA,"Xindi - charcoal db",67.111667,-159.491667,NA,"north",NA,NA,"sedlac",1637,0,NA,"Higuera,P.E.;Brubaker,L.B.;Anderson,P.M.;Hu,F.S.;Brown,T.A.;. Xindi - charcoal db. NOAA/WDS Paleoclimatology IMPD study 16657",NA,NA,NA,NA,NA,NA,NA,NA,NA,NA,NA,NA,NA,NA,"https://www.ncei.noaa.gov/access/paleo-search/study/16657",NA,NA,NA,NA,"noaa_study_id=16657; original pub in IMPD datafile header","IMPDv1:IMPD_16657",1637,"Brubaker,L.B.",1,"Brubaker","L.B.",NA,NA,NA,NA,NA,NA,NA,NA,NA,"IMPDv1:IMPD_16657",1637,"IMPDv1","IMPD_16657",NA,160.5,160.5,"cm",NA,"Radiocarbon","concentrated charcoal",6350,110,7266,NA,"CAMS 110950",TRUE,NA,"na Date is in uncalibrated radiocarbon years.","Xindi - charcoal db_SIEVED","counted","NaN-NaN",NA,NA,"",6350,6240,6460,6350,160.5,NA,"na Date is in uncalibrated radiocarbon years.",". Cal curve: NA. Source DB: IMPDv1","Lacustrine","Carbon-14","Radiocarbon",-52,18017,"Calibrated radiocarbon years BP","sedimentary charcoal","Data Sourcing: IMPDv1 #charcoal_recommendedformat","Sample Age Source: IMPDv1"
"1637",175,"charcoal | num",87.5,87.75,88,0.5,10517.5,10500,10535,"IMPDv1","Charcoal (sum)","(additional options)",NA,NA,"False","False","number","Macroscopic charcoal (sieved)","direct",NA,"CHAR",13,NA,NA,"quant_raw",5,"volume","cm^3","IMPDv1","IMPD_16657","charcoal","count","char","wet_sieve","particle","num","count","no_size","num","IMPDv1","measured",1,"IMPDv1",NA,"Xindi - charcoal db",67.111667,-159.491667,NA,"north",NA,NA,"sedlac",1637,0,NA,"Higuera,P.E.;Brubaker,L.B.;Anderson,P.M.;Hu,F.S.;Brown,T.A.;. Xindi - charcoal db. NOAA/WDS Paleoclimatology IMPD study 16657",NA,NA,NA,NA,NA,NA,NA,NA,NA,NA,NA,NA,NA,NA,"https://www.ncei.noaa.gov/access/paleo-search/study/16657",NA,NA,NA,NA,"noaa_study_id=16657; original pub in IMPD datafile header","IMPDv1:IMPD_16657",1637,"Brubaker,L.B.",1,"Brubaker","L.B.",NA,NA,NA,NA,NA,NA,NA,NA,NA,"IMPDv1:IMPD_16657",1637,"IMPDv1","IMPD_16657",NA,160.5,160.5,"cm",NA,"Radiocarbon","concentrated charcoal",6350,110,7266,NA,"CAMS 110950",TRUE,NA,"na Date is in uncalibrated radiocarbon years.","Xindi - charcoal db_SIEVED","counted","NaN-NaN",NA,NA,"",6350,6240,6460,6350,160.5,NA,"na Date is in uncalibrated radiocarbon years.",". Cal curve: NA. Source DB: IMPDv1","Lacustrine","Carbon-14","Radiocarbon",-52,18017,"Calibrated radiocarbon years BP","sedimentary charcoal","Data Sourcing: IMPDv1 #charcoal_recommendedformat","Sample Age Source: IMPDv1"
"1637",176,"charcoal | num",88,88.25,88.5,0.5,10552,10535,10569,"IMPDv1","Charcoal (sum)","(additional options)",NA,NA,"False","False","number","Macroscopic charcoal (sieved)","direct",NA,"CHAR",3,NA,NA,"quant_raw",5,"volume","cm^3","IMPDv1","IMPD_16657","charcoal","count","char","wet_sieve","particle","num","count","no_size","num","IMPDv1","measured",1,"IMPDv1",NA,"Xindi - charcoal db",67.111667,-159.491667,NA,"north",NA,NA,"sedlac",1637,0,NA,"Higuera,P.E.;Brubaker,L.B.;Anderson,P.M.;Hu,F.S.;Brown,T.A.;. Xindi - charcoal db. NOAA/WDS Paleoclimatology IMPD study 16657",NA,NA,NA,NA,NA,NA,NA,NA,NA,NA,NA,NA,NA,NA,"https://www.ncei.noaa.gov/access/paleo-search/study/16657",NA,NA,NA,NA,"noaa_study_id=16657; original pub in IMPD datafile header","IMPDv1:IMPD_16657",1637,"Brubaker,L.B.",1,"Brubaker","L.B.",NA,NA,NA,NA,NA,NA,NA,NA,NA,"IMPDv1:IMPD_16657",1637,"IMPDv1","IMPD_16657",NA,160.5,160.5,"cm",NA,"Radiocarbon","concentrated charcoal",6350,110,7266,NA,"CAMS 110950",TRUE,NA,"na Date is in uncalibrated radiocarbon years.","Xindi - charcoal db_SIEVED","counted","NaN-NaN",NA,NA,"",6350,6240,6460,6350,160.5,NA,"na Date is in uncalibrated radiocarbon years.",". Cal curve: NA. Source DB: IMPDv1","Lacustrine","Carbon-14","Radiocarbon",-52,18017,"Calibrated radiocarbon years BP","sedimentary charcoal","Data Sourcing: IMPDv1 #charcoal_recommendedformat","Sample Age Source: IMPDv1"
"1637",177,"charcoal | num",88.5,88.75,89,0.5,10586,10569,10603,"IMPDv1","Charcoal (sum)","(additional options)",NA,NA,"False","False","number","Macroscopic charcoal (sieved)","direct",NA,"CHAR",7,NA,NA,"quant_raw",5,"volume","cm^3","IMPDv1","IMPD_16657","charcoal","count","char","wet_sieve","particle","num","count","no_size","num","IMPDv1","measured",1,"IMPDv1",NA,"Xindi - charcoal db",67.111667,-159.491667,NA,"north",NA,NA,"sedlac",1637,0,NA,"Higuera,P.E.;Brubaker,L.B.;Anderson,P.M.;Hu,F.S.;Brown,T.A.;. Xindi - charcoal db. NOAA/WDS Paleoclimatology IMPD study 16657",NA,NA,NA,NA,NA,NA,NA,NA,NA,NA,NA,NA,NA,NA,"https://www.ncei.noaa.gov/access/paleo-search/study/16657",NA,NA,NA,NA,"noaa_study_id=16657; original pub in IMPD datafile header","IMPDv1:IMPD_16657",1637,"Brubaker,L.B.",1,"Brubaker","L.B.",NA,NA,NA,NA,NA,NA,NA,NA,NA,"IMPDv1:IMPD_16657",1637,"IMPDv1","IMPD_16657",NA,160.5,160.5,"cm",NA,"Radiocarbon","concentrated charcoal",6350,110,7266,NA,"CAMS 110950",TRUE,NA,"na Date is in uncalibrated radiocarbon years.","Xindi - charcoal db_SIEVED","counted","NaN-NaN",NA,NA,"",6350,6240,6460,6350,160.5,NA,"na Date is in uncalibrated radiocarbon years.",". Cal curve: NA. Source DB: IMPDv1","Lacustrine","Carbon-14","Radiocarbon",-52,18017,"Calibrated radiocarbon years BP","sedimentary charcoal","Data Sourcing: IMPDv1 #charcoal_recommendedformat","Sample Age Source: IMPDv1"
"1637",178,"charcoal | num",89,89.25,89.5,0.5,10620,10603,10637,"IMPDv1","Charcoal (sum)","(additional options)",NA,NA,"False","False","number","Macroscopic charcoal (sieved)","direct",NA,"CHAR",4,NA,NA,"quant_raw",5,"volume","cm^3","IMPDv1","IMPD_16657","charcoal","count","char","wet_sieve","particle","num","count","no_size","num","IMPDv1","measured",1,"IMPDv1",NA,"Xindi - charcoal db",67.111667,-159.491667,NA,"north",NA,NA,"sedlac",1637,0,NA,"Higuera,P.E.;Brubaker,L.B.;Anderson,P.M.;Hu,F.S.;Brown,T.A.;. Xindi - charcoal db. NOAA/WDS Paleoclimatology IMPD study 16657",NA,NA,NA,NA,NA,NA,NA,NA,NA,NA,NA,NA,NA,NA,"https://www.ncei.noaa.gov/access/paleo-search/study/16657",NA,NA,NA,NA,"noaa_study_id=16657; original pub in IMPD datafile header","IMPDv1:IMPD_16657",1637,"Brubaker,L.B.",1,"Brubaker","L.B.",NA,NA,NA,NA,NA,NA,NA,NA,NA,"IMPDv1:IMPD_16657",1637,"IMPDv1","IMPD_16657",NA,160.5,160.5,"cm",NA,"Radiocarbon","concentrated charcoal",6350,110,7266,NA,"CAMS 110950",TRUE,NA,"na Date is in uncalibrated radiocarbon years.","Xindi - charcoal db_SIEVED","counted","NaN-NaN",NA,NA,"",6350,6240,6460,6350,160.5,NA,"na Date is in uncalibrated radiocarbon years.",". Cal curve: NA. Source DB: IMPDv1","Lacustrine","Carbon-14","Radiocarbon",-52,18017,"Calibrated radiocarbon years BP","sedimentary charcoal","Data Sourcing: IMPDv1 #charcoal_recommendedformat","Sample Age Source: IMPDv1"
"1637",179,"charcoal | num",89.5,89.75,90,0.5,10653.5,10637,10670,"IMPDv1","Charcoal (sum)","(additional options)",NA,NA,"False","False","number","Macroscopic charcoal (sieved)","direct",NA,"CHAR",9,NA,NA,"quant_raw",5,"volume","cm^3","IMPDv1","IMPD_16657","charcoal","count","char","wet_sieve","particle","num","count","no_size","num","IMPDv1","measured",1,"IMPDv1",NA,"Xindi - charcoal db",67.111667,-159.491667,NA,"north",NA,NA,"sedlac",1637,0,NA,"Higuera,P.E.;Brubaker,L.B.;Anderson,P.M.;Hu,F.S.;Brown,T.A.;. Xindi - charcoal db. NOAA/WDS Paleoclimatology IMPD study 16657",NA,NA,NA,NA,NA,NA,NA,NA,NA,NA,NA,NA,NA,NA,"https://www.ncei.noaa.gov/access/paleo-search/study/16657",NA,NA,NA,NA,"noaa_study_id=16657; original pub in IMPD datafile header","IMPDv1:IMPD_16657",1637,"Brubaker,L.B.",1,"Brubaker","L.B.",NA,NA,NA,NA,NA,NA,NA,NA,NA,"IMPDv1:IMPD_16657",1637,"IMPDv1","IMPD_16657",NA,160.5,160.5,"cm",NA,"Radiocarbon","concentrated charcoal",6350,110,7266,NA,"CAMS 110950",TRUE,NA,"na Date is in uncalibrated radiocarbon years.","Xindi - charcoal db_SIEVED","counted","NaN-NaN",NA,NA,"",6350,6240,6460,6350,160.5,NA,"na Date is in uncalibrated radiocarbon years.",". Cal curve: NA. Source DB: IMPDv1","Lacustrine","Carbon-14","Radiocarbon",-52,18017,"Calibrated radiocarbon years BP","sedimentary charcoal","Data Sourcing: IMPDv1 #charcoal_recommendedformat","Sample Age Source: IMPDv1"
"1637",180,"charcoal | num",90,90.25,90.5,0.5,10686.5,10670,10703,"IMPDv1","Charcoal (sum)","(additional options)",NA,NA,"False","False","number","Macroscopic charcoal (sieved)","direct",NA,"CHAR",9,NA,NA,"quant_raw",5,"volume","cm^3","IMPDv1","IMPD_16657","charcoal","count","char","wet_sieve","particle","num","count","no_size","num","IMPDv1","measured",1,"IMPDv1",NA,"Xindi - charcoal db",67.111667,-159.491667,NA,"north",NA,NA,"sedlac",1637,0,NA,"Higuera,P.E.;Brubaker,L.B.;Anderson,P.M.;Hu,F.S.;Brown,T.A.;. Xindi - charcoal db. NOAA/WDS Paleoclimatology IMPD study 16657",NA,NA,NA,NA,NA,NA,NA,NA,NA,NA,NA,NA,NA,NA,"https://www.ncei.noaa.gov/access/paleo-search/study/16657",NA,NA,NA,NA,"noaa_study_id=16657; original pub in IMPD datafile header","IMPDv1:IMPD_16657",1637,"Brubaker,L.B.",1,"Brubaker","L.B.",NA,NA,NA,NA,NA,NA,NA,NA,NA,"IMPDv1:IMPD_16657",1637,"IMPDv1","IMPD_16657",NA,160.5,160.5,"cm",NA,"Radiocarbon","concentrated charcoal",6350,110,7266,NA,"CAMS 110950",TRUE,NA,"na Date is in uncalibrated radiocarbon years.","Xindi - charcoal db_SIEVED","counted","NaN-NaN",NA,NA,"",6350,6240,6460,6350,160.5,NA,"na Date is in uncalibrated radiocarbon years.",". Cal curve: NA. Source DB: IMPDv1","Lacustrine","Carbon-14","Radiocarbon",-52,18017,"Calibrated radiocarbon years BP","sedimentary charcoal","Data Sourcing: IMPDv1 #charcoal_recommendedformat","Sample Age Source: IMPDv1"
"1637",181,"charcoal | num",90.5,90.75,91,0.5,10719.5,10703,10736,"IMPDv1","Charcoal (sum)","(additional options)",NA,NA,"False","False","number","Macroscopic charcoal (sieved)","direct",NA,"CHAR",9,NA,NA,"quant_raw",5,"volume","cm^3","IMPDv1","IMPD_16657","charcoal","count","char","wet_sieve","particle","num","count","no_size","num","IMPDv1","measured",1,"IMPDv1",NA,"Xindi - charcoal db",67.111667,-159.491667,NA,"north",NA,NA,"sedlac",1637,0,NA,"Higuera,P.E.;Brubaker,L.B.;Anderson,P.M.;Hu,F.S.;Brown,T.A.;. Xindi - charcoal db. NOAA/WDS Paleoclimatology IMPD study 16657",NA,NA,NA,NA,NA,NA,NA,NA,NA,NA,NA,NA,NA,NA,"https://www.ncei.noaa.gov/access/paleo-search/study/16657",NA,NA,NA,NA,"noaa_study_id=16657; original pub in IMPD datafile header","IMPDv1:IMPD_16657",1637,"Brubaker,L.B.",1,"Brubaker","L.B.",NA,NA,NA,NA,NA,NA,NA,NA,NA,"IMPDv1:IMPD_16657",1637,"IMPDv1","IMPD_16657",NA,160.5,160.5,"cm",NA,"Radiocarbon","concentrated charcoal",6350,110,7266,NA,"CAMS 110950",TRUE,NA,"na Date is in uncalibrated radiocarbon years.","Xindi - charcoal db_SIEVED","counted","NaN-NaN",NA,NA,"",6350,6240,6460,6350,160.5,NA,"na Date is in uncalibrated radiocarbon years.",". Cal curve: NA. Source DB: IMPDv1","Lacustrine","Carbon-14","Radiocarbon",-52,18017,"Calibrated radiocarbon years BP","sedimentary charcoal","Data Sourcing: IMPDv1 #charcoal_recommendedformat","Sample Age Source: IMPDv1"
"1637",182,"charcoal | num",91,91.25,91.5,0.5,10752,10736,10768,"IMPDv1","Charcoal (sum)","(additional options)",NA,NA,"False","False","number","Macroscopic charcoal (sieved)","direct",NA,"CHAR",21,NA,NA,"quant_raw",5,"volume","cm^3","IMPDv1","IMPD_16657","charcoal","count","char","wet_sieve","particle","num","count","no_size","num","IMPDv1","measured",1,"IMPDv1",NA,"Xindi - charcoal db",67.111667,-159.491667,NA,"north",NA,NA,"sedlac",1637,0,NA,"Higuera,P.E.;Brubaker,L.B.;Anderson,P.M.;Hu,F.S.;Brown,T.A.;. Xindi - charcoal db. NOAA/WDS Paleoclimatology IMPD study 16657",NA,NA,NA,NA,NA,NA,NA,NA,NA,NA,NA,NA,NA,NA,"https://www.ncei.noaa.gov/access/paleo-search/study/16657",NA,NA,NA,NA,"noaa_study_id=16657; original pub in IMPD datafile header","IMPDv1:IMPD_16657",1637,"Brubaker,L.B.",1,"Brubaker","L.B.",NA,NA,NA,NA,NA,NA,NA,NA,NA,"IMPDv1:IMPD_16657",1637,"IMPDv1","IMPD_16657",NA,206.5,206.5,"cm",NA,"Radiocarbon","concentrated charcoal",7460,110,8256,NA,"CAMS 113762",TRUE,NA,"na Date is in uncalibrated radiocarbon years.","Xindi - charcoal db_SIEVED","counted","NaN-NaN",NA,NA,"",7460,7350,7570,7460,206.5,NA,"na Date is in uncalibrated radiocarbon years.",". Cal curve: NA. Source DB: IMPDv1","Lacustrine","Carbon-14","Radiocarbon",-52,18017,"Calibrated radiocarbon years BP","sedimentary charcoal","Data Sourcing: IMPDv1 #charcoal_recommendedformat","Sample Age Source: IMPDv1"
"1637",183,"charcoal | num",91.5,91.75,92,0.5,10784.5,10768,10801,"IMPDv1","Charcoal (sum)","(additional options)",NA,NA,"False","False","number","Macroscopic charcoal (sieved)","direct",NA,"CHAR",6,NA,NA,"quant_raw",5,"volume","cm^3","IMPDv1","IMPD_16657","charcoal","count","char","wet_sieve","particle","num","count","no_size","num","IMPDv1","measured",1,"IMPDv1",NA,"Xindi - charcoal db",67.111667,-159.491667,NA,"north",NA,NA,"sedlac",1637,0,NA,"Higuera,P.E.;Brubaker,L.B.;Anderson,P.M.;Hu,F.S.;Brown,T.A.;. Xindi - charcoal db. NOAA/WDS Paleoclimatology IMPD study 16657",NA,NA,NA,NA,NA,NA,NA,NA,NA,NA,NA,NA,NA,NA,"https://www.ncei.noaa.gov/access/paleo-search/study/16657",NA,NA,NA,NA,"noaa_study_id=16657; original pub in IMPD datafile header","IMPDv1:IMPD_16657",1637,"Brubaker,L.B.",1,"Brubaker","L.B.",NA,NA,NA,NA,NA,NA,NA,NA,NA,"IMPDv1:IMPD_16657",1637,"IMPDv1","IMPD_16657",NA,206.5,206.5,"cm",NA,"Radiocarbon","concentrated charcoal",7460,110,8256,NA,"CAMS 113762",TRUE,NA,"na Date is in uncalibrated radiocarbon years.","Xindi - charcoal db_SIEVED","counted","NaN-NaN",NA,NA,"",7460,7350,7570,7460,206.5,NA,"na Date is in uncalibrated radiocarbon years.",". Cal curve: NA. Source DB: IMPDv1","Lacustrine","Carbon-14","Radiocarbon",-52,18017,"Calibrated radiocarbon years BP","sedimentary charcoal","Data Sourcing: IMPDv1 #charcoal_recommendedformat","Sample Age Source: IMPDv1"
"1637",184,"charcoal | num",92,92.25,92.5,0.5,10817,10801,10833,"IMPDv1","Charcoal (sum)","(additional options)",NA,NA,"False","False","number","Macroscopic charcoal (sieved)","direct",NA,"CHAR",23,NA,NA,"quant_raw",5,"volume","cm^3","IMPDv1","IMPD_16657","charcoal","count","char","wet_sieve","particle","num","count","no_size","num","IMPDv1","measured",1,"IMPDv1",NA,"Xindi - charcoal db",67.111667,-159.491667,NA,"north",NA,NA,"sedlac",1637,0,NA,"Higuera,P.E.;Brubaker,L.B.;Anderson,P.M.;Hu,F.S.;Brown,T.A.;. Xindi - charcoal db. NOAA/WDS Paleoclimatology IMPD study 16657",NA,NA,NA,NA,NA,NA,NA,NA,NA,NA,NA,NA,NA,NA,"https://www.ncei.noaa.gov/access/paleo-search/study/16657",NA,NA,NA,NA,"noaa_study_id=16657; original pub in IMPD datafile header","IMPDv1:IMPD_16657",1637,"Brubaker,L.B.",1,"Brubaker","L.B.",NA,NA,NA,NA,NA,NA,NA,NA,NA,"IMPDv1:IMPD_16657",1637,"IMPDv1","IMPD_16657",NA,206.5,206.5,"cm",NA,"Radiocarbon","concentrated charcoal",7460,110,8256,NA,"CAMS 113762",TRUE,NA,"na Date is in uncalibrated radiocarbon years.","Xindi - charcoal db_SIEVED","counted","NaN-NaN",NA,NA,"",7460,7350,7570,7460,206.5,NA,"na Date is in uncalibrated radiocarbon years.",". Cal curve: NA. Source DB: IMPDv1","Lacustrine","Carbon-14","Radiocarbon",-52,18017,"Calibrated radiocarbon years BP","sedimentary charcoal","Data Sourcing: IMPDv1 #charcoal_recommendedformat","Sample Age Source: IMPDv1"
"1637",185,"charcoal | num",92.5,92.75,93,0.5,10848.5,10833,10864,"IMPDv1","Charcoal (sum)","(additional options)",NA,NA,"False","False","number","Macroscopic charcoal (sieved)","direct",NA,"CHAR",101,NA,NA,"quant_raw",5,"volume","cm^3","IMPDv1","IMPD_16657","charcoal","count","char","wet_sieve","particle","num","count","no_size","num","IMPDv1","measured",1,"IMPDv1",NA,"Xindi - charcoal db",67.111667,-159.491667,NA,"north",NA,NA,"sedlac",1637,0,NA,"Higuera,P.E.;Brubaker,L.B.;Anderson,P.M.;Hu,F.S.;Brown,T.A.;. Xindi - charcoal db. NOAA/WDS Paleoclimatology IMPD study 16657",NA,NA,NA,NA,NA,NA,NA,NA,NA,NA,NA,NA,NA,NA,"https://www.ncei.noaa.gov/access/paleo-search/study/16657",NA,NA,NA,NA,"noaa_study_id=16657; original pub in IMPD datafile header","IMPDv1:IMPD_16657",1637,"Brubaker,L.B.",1,"Brubaker","L.B.",NA,NA,NA,NA,NA,NA,NA,NA,NA,"IMPDv1:IMPD_16657",1637,"IMPDv1","IMPD_16657",NA,206.5,206.5,"cm",NA,"Radiocarbon","concentrated charcoal",7460,110,8256,NA,"CAMS 113762",TRUE,NA,"na Date is in uncalibrated radiocarbon years.","Xindi - charcoal db_SIEVED","counted","NaN-NaN",NA,NA,"",7460,7350,7570,7460,206.5,NA,"na Date is in uncalibrated radiocarbon years.",". Cal curve: NA. Source DB: IMPDv1","Lacustrine","Carbon-14","Radiocarbon",-52,18017,"Calibrated radiocarbon years BP","sedimentary charcoal","Data Sourcing: IMPDv1 #charcoal_recommendedformat","Sample Age Source: IMPDv1"
"1637",186,"charcoal | num",93,93.25,93.5,0.5,10880,10864,10896,"IMPDv1","Charcoal (sum)","(additional options)",NA,NA,"False","False","number","Macroscopic charcoal (sieved)","direct",NA,"CHAR",20,NA,NA,"quant_raw",5,"volume","cm^3","IMPDv1","IMPD_16657","charcoal","count","char","wet_sieve","particle","num","count","no_size","num","IMPDv1","measured",1,"IMPDv1",NA,"Xindi - charcoal db",67.111667,-159.491667,NA,"north",NA,NA,"sedlac",1637,0,NA,"Higuera,P.E.;Brubaker,L.B.;Anderson,P.M.;Hu,F.S.;Brown,T.A.;. Xindi - charcoal db. NOAA/WDS Paleoclimatology IMPD study 16657",NA,NA,NA,NA,NA,NA,NA,NA,NA,NA,NA,NA,NA,NA,"https://www.ncei.noaa.gov/access/paleo-search/study/16657",NA,NA,NA,NA,"noaa_study_id=16657; original pub in IMPD datafile header","IMPDv1:IMPD_16657",1637,"Brubaker,L.B.",1,"Brubaker","L.B.",NA,NA,NA,NA,NA,NA,NA,NA,NA,"IMPDv1:IMPD_16657",1637,"IMPDv1","IMPD_16657",NA,206.5,206.5,"cm",NA,"Radiocarbon","concentrated charcoal",7460,110,8256,NA,"CAMS 113762",TRUE,NA,"na Date is in uncalibrated radiocarbon years.","Xindi - charcoal db_SIEVED","counted","NaN-NaN",NA,NA,"",7460,7350,7570,7460,206.5,NA,"na Date is in uncalibrated radiocarbon years.",". Cal curve: NA. Source DB: IMPDv1","Lacustrine","Carbon-14","Radiocarbon",-52,18017,"Calibrated radiocarbon years BP","sedimentary charcoal","Data Sourcing: IMPDv1 #charcoal_recommendedformat","Sample Age Source: IMPDv1"
"1637",187,"charcoal | num",93.5,93.75,94,0.5,10911.5,10896,10927,"IMPDv1","Charcoal (sum)","(additional options)",NA,NA,"False","False","number","Macroscopic charcoal (sieved)","direct",NA,"CHAR",4,NA,NA,"quant_raw",5,"volume","cm^3","IMPDv1","IMPD_16657","charcoal","count","char","wet_sieve","particle","num","count","no_size","num","IMPDv1","measured",1,"IMPDv1",NA,"Xindi - charcoal db",67.111667,-159.491667,NA,"north",NA,NA,"sedlac",1637,0,NA,"Higuera,P.E.;Brubaker,L.B.;Anderson,P.M.;Hu,F.S.;Brown,T.A.;. Xindi - charcoal db. NOAA/WDS Paleoclimatology IMPD study 16657",NA,NA,NA,NA,NA,NA,NA,NA,NA,NA,NA,NA,NA,NA,"https://www.ncei.noaa.gov/access/paleo-search/study/16657",NA,NA,NA,NA,"noaa_study_id=16657; original pub in IMPD datafile header","IMPDv1:IMPD_16657",1637,"Brubaker,L.B.",1,"Brubaker","L.B.",NA,NA,NA,NA,NA,NA,NA,NA,NA,"IMPDv1:IMPD_16657",1637,"IMPDv1","IMPD_16657",NA,206.5,206.5,"cm",NA,"Radiocarbon","concentrated charcoal",7460,110,8256,NA,"CAMS 113762",TRUE,NA,"na Date is in uncalibrated radiocarbon years.","Xindi - charcoal db_SIEVED","counted","NaN-NaN",NA,NA,"",7460,7350,7570,7460,206.5,NA,"na Date is in uncalibrated radiocarbon years.",". Cal curve: NA. Source DB: IMPDv1","Lacustrine","Carbon-14","Radiocarbon",-52,18017,"Calibrated radiocarbon years BP","sedimentary charcoal","Data Sourcing: IMPDv1 #charcoal_recommendedformat","Sample Age Source: IMPDv1"
"1637",188,"charcoal | num",94,94.25,94.5,0.5,10942.5,10927,10958,"IMPDv1","Charcoal (sum)","(additional options)",NA,NA,"False","False","number","Macroscopic charcoal (sieved)","direct",NA,"CHAR",0,NA,NA,"quant_raw",5,"volume","cm^3","IMPDv1","IMPD_16657","charcoal","count","char","wet_sieve","particle","num","count","no_size","num","IMPDv1","measured",1,"IMPDv1",NA,"Xindi - charcoal db",67.111667,-159.491667,NA,"north",NA,NA,"sedlac",1637,0,NA,"Higuera,P.E.;Brubaker,L.B.;Anderson,P.M.;Hu,F.S.;Brown,T.A.;. Xindi - charcoal db. NOAA/WDS Paleoclimatology IMPD study 16657",NA,NA,NA,NA,NA,NA,NA,NA,NA,NA,NA,NA,NA,NA,"https://www.ncei.noaa.gov/access/paleo-search/study/16657",NA,NA,NA,NA,"noaa_study_id=16657; original pub in IMPD datafile header","IMPDv1:IMPD_16657",1637,"Brubaker,L.B.",1,"Brubaker","L.B.",NA,NA,NA,NA,NA,NA,NA,NA,NA,"IMPDv1:IMPD_16657",1637,"IMPDv1","IMPD_16657",NA,206.5,206.5,"cm",NA,"Radiocarbon","concentrated charcoal",7460,110,8256,NA,"CAMS 113762",TRUE,NA,"na Date is in uncalibrated radiocarbon years.","Xindi - charcoal db_SIEVED","counted","NaN-NaN",NA,NA,"",7460,7350,7570,7460,206.5,NA,"na Date is in uncalibrated radiocarbon years.",". Cal curve: NA. Source DB: IMPDv1","Lacustrine","Carbon-14","Radiocarbon",-52,18017,"Calibrated radiocarbon years BP","sedimentary charcoal","Data Sourcing: IMPDv1 #charcoal_recommendedformat","Sample Age Source: IMPDv1"
"1637",189,"charcoal | num",94.5,94.75,95,0.5,10973,10958,10988,"IMPDv1","Charcoal (sum)","(additional options)",NA,NA,"False","False","number","Macroscopic charcoal (sieved)","direct",NA,"CHAR",1,NA,NA,"quant_raw",5,"volume","cm^3","IMPDv1","IMPD_16657","charcoal","count","char","wet_sieve","particle","num","count","no_size","num","IMPDv1","measured",1,"IMPDv1",NA,"Xindi - charcoal db",67.111667,-159.491667,NA,"north",NA,NA,"sedlac",1637,0,NA,"Higuera,P.E.;Brubaker,L.B.;Anderson,P.M.;Hu,F.S.;Brown,T.A.;. Xindi - charcoal db. NOAA/WDS Paleoclimatology IMPD study 16657",NA,NA,NA,NA,NA,NA,NA,NA,NA,NA,NA,NA,NA,NA,"https://www.ncei.noaa.gov/access/paleo-search/study/16657",NA,NA,NA,NA,"noaa_study_id=16657; original pub in IMPD datafile header","IMPDv1:IMPD_16657",1637,"Brubaker,L.B.",1,"Brubaker","L.B.",NA,NA,NA,NA,NA,NA,NA,NA,NA,"IMPDv1:IMPD_16657",1637,"IMPDv1","IMPD_16657",NA,206.5,206.5,"cm",NA,"Radiocarbon","concentrated charcoal",7460,110,8256,NA,"CAMS 113762",TRUE,NA,"na Date is in uncalibrated radiocarbon years.","Xindi - charcoal db_SIEVED","counted","NaN-NaN",NA,NA,"",7460,7350,7570,7460,206.5,NA,"na Date is in uncalibrated radiocarbon years.",". Cal curve: NA. Source DB: IMPDv1","Lacustrine","Carbon-14","Radiocarbon",-52,18017,"Calibrated radiocarbon years BP","sedimentary charcoal","Data Sourcing: IMPDv1 #charcoal_recommendedformat","Sample Age Source: IMPDv1"
"1637",190,"charcoal | num",95,95.25,95.5,0.5,11003.5,10988,11019,"IMPDv1","Charcoal (sum)","(additional options)",NA,NA,"False","False","number","Macroscopic charcoal (sieved)","direct",NA,"CHAR",14,NA,NA,"quant_raw",5,"volume","cm^3","IMPDv1","IMPD_16657","charcoal","count","char","wet_sieve","particle","num","count","no_size","num","IMPDv1","measured",1,"IMPDv1",NA,"Xindi - charcoal db",67.111667,-159.491667,NA,"north",NA,NA,"sedlac",1637,0,NA,"Higuera,P.E.;Brubaker,L.B.;Anderson,P.M.;Hu,F.S.;Brown,T.A.;. Xindi - charcoal db. NOAA/WDS Paleoclimatology IMPD study 16657",NA,NA,NA,NA,NA,NA,NA,NA,NA,NA,NA,NA,NA,NA,"https://www.ncei.noaa.gov/access/paleo-search/study/16657",NA,NA,NA,NA,"noaa_study_id=16657; original pub in IMPD datafile header","IMPDv1:IMPD_16657",1637,"Brubaker,L.B.",1,"Brubaker","L.B.",NA,NA,NA,NA,NA,NA,NA,NA,NA,"IMPDv1:IMPD_16657",1637,"IMPDv1","IMPD_16657",NA,206.5,206.5,"cm",NA,"Radiocarbon","concentrated charcoal",7460,110,8256,NA,"CAMS 113762",TRUE,NA,"na Date is in uncalibrated radiocarbon years.","Xindi - charcoal db_SIEVED","counted","NaN-NaN",NA,NA,"",7460,7350,7570,7460,206.5,NA,"na Date is in uncalibrated radiocarbon years.",". Cal curve: NA. Source DB: IMPDv1","Lacustrine","Carbon-14","Radiocarbon",-52,18017,"Calibrated radiocarbon years BP","sedimentary charcoal","Data Sourcing: IMPDv1 #charcoal_recommendedformat","Sample Age Source: IMPDv1"
"1637",191,"charcoal | num",95.5,95.75,96,0.5,11034,11019,11049,"IMPDv1","Charcoal (sum)","(additional options)",NA,NA,"False","False","number","Macroscopic charcoal (sieved)","direct",NA,"CHAR",11,NA,NA,"quant_raw",5,"volume","cm^3","IMPDv1","IMPD_16657","charcoal","count","char","wet_sieve","particle","num","count","no_size","num","IMPDv1","measured",1,"IMPDv1",NA,"Xindi - charcoal db",67.111667,-159.491667,NA,"north",NA,NA,"sedlac",1637,0,NA,"Higuera,P.E.;Brubaker,L.B.;Anderson,P.M.;Hu,F.S.;Brown,T.A.;. Xindi - charcoal db. NOAA/WDS Paleoclimatology IMPD study 16657",NA,NA,NA,NA,NA,NA,NA,NA,NA,NA,NA,NA,NA,NA,"https://www.ncei.noaa.gov/access/paleo-search/study/16657",NA,NA,NA,NA,"noaa_study_id=16657; original pub in IMPD datafile header","IMPDv1:IMPD_16657",1637,"Brubaker,L.B.",1,"Brubaker","L.B.",NA,NA,NA,NA,NA,NA,NA,NA,NA,"IMPDv1:IMPD_16657",1637,"IMPDv1","IMPD_16657",NA,206.5,206.5,"cm",NA,"Radiocarbon","concentrated charcoal",7460,110,8256,NA,"CAMS 113762",TRUE,NA,"na Date is in uncalibrated radiocarbon years.","Xindi - charcoal db_SIEVED","counted","NaN-NaN",NA,NA,"",7460,7350,7570,7460,206.5,NA,"na Date is in uncalibrated radiocarbon years.",". Cal curve: NA. Source DB: IMPDv1","Lacustrine","Carbon-14","Radiocarbon",-52,18017,"Calibrated radiocarbon years BP","sedimentary charcoal","Data Sourcing: IMPDv1 #charcoal_recommendedformat","Sample Age Source: IMPDv1"
"1637",192,"charcoal | num",96,96.25,96.5,0.5,11064,11049,11079,"IMPDv1","Charcoal (sum)","(additional options)",NA,NA,"False","False","number","Macroscopic charcoal (sieved)","direct",NA,"CHAR",14,NA,NA,"quant_raw",5,"volume","cm^3","IMPDv1","IMPD_16657","charcoal","count","char","wet_sieve","particle","num","count","no_size","num","IMPDv1","measured",1,"IMPDv1",NA,"Xindi - charcoal db",67.111667,-159.491667,NA,"north",NA,NA,"sedlac",1637,0,NA,"Higuera,P.E.;Brubaker,L.B.;Anderson,P.M.;Hu,F.S.;Brown,T.A.;. Xindi - charcoal db. NOAA/WDS Paleoclimatology IMPD study 16657",NA,NA,NA,NA,NA,NA,NA,NA,NA,NA,NA,NA,NA,NA,"https://www.ncei.noaa.gov/access/paleo-search/study/16657",NA,NA,NA,NA,"noaa_study_id=16657; original pub in IMPD datafile header","IMPDv1:IMPD_16657",1637,"Brubaker,L.B.",1,"Brubaker","L.B.",NA,NA,NA,NA,NA,NA,NA,NA,NA,"IMPDv1:IMPD_16657",1637,"IMPDv1","IMPD_16657",NA,206.5,206.5,"cm",NA,"Radiocarbon","concentrated charcoal",7460,110,8256,NA,"CAMS 113762",TRUE,NA,"na Date is in uncalibrated radiocarbon years.","Xindi - charcoal db_SIEVED","counted","NaN-NaN",NA,NA,"",7460,7350,7570,7460,206.5,NA,"na Date is in uncalibrated radiocarbon years.",". Cal curve: NA. Source DB: IMPDv1","Lacustrine","Carbon-14","Radiocarbon",-52,18017,"Calibrated radiocarbon years BP","sedimentary charcoal","Data Sourcing: IMPDv1 #charcoal_recommendedformat","Sample Age Source: IMPDv1"
"1637",193,"charcoal | num",96.5,96.75,97,0.5,11093.5,11079,11108,"IMPDv1","Charcoal (sum)","(additional options)",NA,NA,"False","False","number","Macroscopic charcoal (sieved)","direct",NA,"CHAR",3,NA,NA,"quant_raw",5,"volume","cm^3","IMPDv1","IMPD_16657","charcoal","count","char","wet_sieve","particle","num","count","no_size","num","IMPDv1","measured",1,"IMPDv1",NA,"Xindi - charcoal db",67.111667,-159.491667,NA,"north",NA,NA,"sedlac",1637,0,NA,"Higuera,P.E.;Brubaker,L.B.;Anderson,P.M.;Hu,F.S.;Brown,T.A.;. Xindi - charcoal db. NOAA/WDS Paleoclimatology IMPD study 16657",NA,NA,NA,NA,NA,NA,NA,NA,NA,NA,NA,NA,NA,NA,"https://www.ncei.noaa.gov/access/paleo-search/study/16657",NA,NA,NA,NA,"noaa_study_id=16657; original pub in IMPD datafile header","IMPDv1:IMPD_16657",1637,"Brubaker,L.B.",1,"Brubaker","L.B.",NA,NA,NA,NA,NA,NA,NA,NA,NA,"IMPDv1:IMPD_16657",1637,"IMPDv1","IMPD_16657",NA,206.5,206.5,"cm",NA,"Radiocarbon","concentrated charcoal",7460,110,8256,NA,"CAMS 113762",TRUE,NA,"na Date is in uncalibrated radiocarbon years.","Xindi - charcoal db_SIEVED","counted","NaN-NaN",NA,NA,"",7460,7350,7570,7460,206.5,NA,"na Date is in uncalibrated radiocarbon years.",". Cal curve: NA. Source DB: IMPDv1","Lacustrine","Carbon-14","Radiocarbon",-52,18017,"Calibrated radiocarbon years BP","sedimentary charcoal","Data Sourcing: IMPDv1 #charcoal_recommendedformat","Sample Age Source: IMPDv1"
"1637",194,"charcoal | num",97,97.25,97.5,0.5,11123,11108,11138,"IMPDv1","Charcoal (sum)","(additional options)",NA,NA,"False","False","number","Macroscopic charcoal (sieved)","direct",NA,"CHAR",4,NA,NA,"quant_raw",5,"volume","cm^3","IMPDv1","IMPD_16657","charcoal","count","char","wet_sieve","particle","num","count","no_size","num","IMPDv1","measured",1,"IMPDv1",NA,"Xindi - charcoal db",67.111667,-159.491667,NA,"north",NA,NA,"sedlac",1637,0,NA,"Higuera,P.E.;Brubaker,L.B.;Anderson,P.M.;Hu,F.S.;Brown,T.A.;. Xindi - charcoal db. NOAA/WDS Paleoclimatology IMPD study 16657",NA,NA,NA,NA,NA,NA,NA,NA,NA,NA,NA,NA,NA,NA,"https://www.ncei.noaa.gov/access/paleo-search/study/16657",NA,NA,NA,NA,"noaa_study_id=16657; original pub in IMPD datafile header","IMPDv1:IMPD_16657",1637,"Brubaker,L.B.",1,"Brubaker","L.B.",NA,NA,NA,NA,NA,NA,NA,NA,NA,"IMPDv1:IMPD_16657",1637,"IMPDv1","IMPD_16657",NA,206.5,206.5,"cm",NA,"Radiocarbon","concentrated charcoal",7460,110,8256,NA,"CAMS 113762",TRUE,NA,"na Date is in uncalibrated radiocarbon years.","Xindi - charcoal db_SIEVED","counted","NaN-NaN",NA,NA,"",7460,7350,7570,7460,206.5,NA,"na Date is in uncalibrated radiocarbon years.",". Cal curve: NA. Source DB: IMPDv1","Lacustrine","Carbon-14","Radiocarbon",-52,18017,"Calibrated radiocarbon years BP","sedimentary charcoal","Data Sourcing: IMPDv1 #charcoal_recommendedformat","Sample Age Source: IMPDv1"
"1637",195,"charcoal | num",97.5,97.75,98,0.5,11152.5,11138,11167,"IMPDv1","Charcoal (sum)","(additional options)",NA,NA,"False","False","number","Macroscopic charcoal (sieved)","direct",NA,"CHAR",4,NA,NA,"quant_raw",5,"volume","cm^3","IMPDv1","IMPD_16657","charcoal","count","char","wet_sieve","particle","num","count","no_size","num","IMPDv1","measured",1,"IMPDv1",NA,"Xindi - charcoal db",67.111667,-159.491667,NA,"north",NA,NA,"sedlac",1637,0,NA,"Higuera,P.E.;Brubaker,L.B.;Anderson,P.M.;Hu,F.S.;Brown,T.A.;. Xindi - charcoal db. NOAA/WDS Paleoclimatology IMPD study 16657",NA,NA,NA,NA,NA,NA,NA,NA,NA,NA,NA,NA,NA,NA,"https://www.ncei.noaa.gov/access/paleo-search/study/16657",NA,NA,NA,NA,"noaa_study_id=16657; original pub in IMPD datafile header","IMPDv1:IMPD_16657",1637,"Brubaker,L.B.",1,"Brubaker","L.B.",NA,NA,NA,NA,NA,NA,NA,NA,NA,"IMPDv1:IMPD_16657",1637,"IMPDv1","IMPD_16657",NA,298,298,"cm",NA,"Radiocarbon","con. charcoal & Betula leafs",8710,40,9654,NA,"CAMS 122361",TRUE,NA,"na Date is in uncalibrated radiocarbon years.","Xindi - charcoal db_SIEVED","counted","NaN-NaN",NA,NA,"",8710,8670,8750,8710,298,NA,"na Date is in uncalibrated radiocarbon years.",". Cal curve: NA. Source DB: IMPDv1","Lacustrine","Carbon-14","Radiocarbon",-52,18017,"Calibrated radiocarbon years BP","sedimentary charcoal","Data Sourcing: IMPDv1 #charcoal_recommendedformat","Sample Age Source: IMPDv1"
"1637",196,"charcoal | num",98,98.25,98.5,0.5,11181.5,11167,11196,"IMPDv1","Charcoal (sum)","(additional options)",NA,NA,"False","False","number","Macroscopic charcoal (sieved)","direct",NA,"CHAR",41,NA,NA,"quant_raw",5,"volume","cm^3","IMPDv1","IMPD_16657","charcoal","count","char","wet_sieve","particle","num","count","no_size","num","IMPDv1","measured",1,"IMPDv1",NA,"Xindi - charcoal db",67.111667,-159.491667,NA,"north",NA,NA,"sedlac",1637,0,NA,"Higuera,P.E.;Brubaker,L.B.;Anderson,P.M.;Hu,F.S.;Brown,T.A.;. Xindi - charcoal db. NOAA/WDS Paleoclimatology IMPD study 16657",NA,NA,NA,NA,NA,NA,NA,NA,NA,NA,NA,NA,NA,NA,"https://www.ncei.noaa.gov/access/paleo-search/study/16657",NA,NA,NA,NA,"noaa_study_id=16657; original pub in IMPD datafile header","IMPDv1:IMPD_16657",1637,"Brubaker,L.B.",1,"Brubaker","L.B.",NA,NA,NA,NA,NA,NA,NA,NA,NA,"IMPDv1:IMPD_16657",1637,"IMPDv1","IMPD_16657",NA,298,298,"cm",NA,"Radiocarbon","con. charcoal & Betula leafs",8710,40,9654,NA,"CAMS 122361",TRUE,NA,"na Date is in uncalibrated radiocarbon years.","Xindi - charcoal db_SIEVED","counted","NaN-NaN",NA,NA,"",8710,8670,8750,8710,298,NA,"na Date is in uncalibrated radiocarbon years.",". Cal curve: NA. Source DB: IMPDv1","Lacustrine","Carbon-14","Radiocarbon",-52,18017,"Calibrated radiocarbon years BP","sedimentary charcoal","Data Sourcing: IMPDv1 #charcoal_recommendedformat","Sample Age Source: IMPDv1"
"1637",197,"charcoal | num",98.5,98.75,99,0.5,11210,11196,11224,"IMPDv1","Charcoal (sum)","(additional options)",NA,NA,"False","False","number","Macroscopic charcoal (sieved)","direct",NA,"CHAR",2,NA,NA,"quant_raw",5,"volume","cm^3","IMPDv1","IMPD_16657","charcoal","count","char","wet_sieve","particle","num","count","no_size","num","IMPDv1","measured",1,"IMPDv1",NA,"Xindi - charcoal db",67.111667,-159.491667,NA,"north",NA,NA,"sedlac",1637,0,NA,"Higuera,P.E.;Brubaker,L.B.;Anderson,P.M.;Hu,F.S.;Brown,T.A.;. Xindi - charcoal db. NOAA/WDS Paleoclimatology IMPD study 16657",NA,NA,NA,NA,NA,NA,NA,NA,NA,NA,NA,NA,NA,NA,"https://www.ncei.noaa.gov/access/paleo-search/study/16657",NA,NA,NA,NA,"noaa_study_id=16657; original pub in IMPD datafile header","IMPDv1:IMPD_16657",1637,"Brubaker,L.B.",1,"Brubaker","L.B.",NA,NA,NA,NA,NA,NA,NA,NA,NA,"IMPDv1:IMPD_16657",1637,"IMPDv1","IMPD_16657",NA,298,298,"cm",NA,"Radiocarbon","con. charcoal & Betula leafs",8710,40,9654,NA,"CAMS 122361",TRUE,NA,"na Date is in uncalibrated radiocarbon years.","Xindi - charcoal db_SIEVED","counted","NaN-NaN",NA,NA,"",8710,8670,8750,8710,298,NA,"na Date is in uncalibrated radiocarbon years.",". Cal curve: NA. Source DB: IMPDv1","Lacustrine","Carbon-14","Radiocarbon",-52,18017,"Calibrated radiocarbon years BP","sedimentary charcoal","Data Sourcing: IMPDv1 #charcoal_recommendedformat","Sample Age Source: IMPDv1"
"1637",198,"charcoal | num",99,99.25,99.5,0.5,11238.5,11224,11253,"IMPDv1","Charcoal (sum)","(additional options)",NA,NA,"False","False","number","Macroscopic charcoal (sieved)","direct",NA,"CHAR",4,NA,NA,"quant_raw",5,"volume","cm^3","IMPDv1","IMPD_16657","charcoal","count","char","wet_sieve","particle","num","count","no_size","num","IMPDv1","measured",1,"IMPDv1",NA,"Xindi - charcoal db",67.111667,-159.491667,NA,"north",NA,NA,"sedlac",1637,0,NA,"Higuera,P.E.;Brubaker,L.B.;Anderson,P.M.;Hu,F.S.;Brown,T.A.;. Xindi - charcoal db. NOAA/WDS Paleoclimatology IMPD study 16657",NA,NA,NA,NA,NA,NA,NA,NA,NA,NA,NA,NA,NA,NA,"https://www.ncei.noaa.gov/access/paleo-search/study/16657",NA,NA,NA,NA,"noaa_study_id=16657; original pub in IMPD datafile header","IMPDv1:IMPD_16657",1637,"Brubaker,L.B.",1,"Brubaker","L.B.",NA,NA,NA,NA,NA,NA,NA,NA,NA,"IMPDv1:IMPD_16657",1637,"IMPDv1","IMPD_16657",NA,298,298,"cm",NA,"Radiocarbon","con. charcoal & Betula leafs",8710,40,9654,NA,"CAMS 122361",TRUE,NA,"na Date is in uncalibrated radiocarbon years.","Xindi - charcoal db_SIEVED","counted","NaN-NaN",NA,NA,"",8710,8670,8750,8710,298,NA,"na Date is in uncalibrated radiocarbon years.",". Cal curve: NA. Source DB: IMPDv1","Lacustrine","Carbon-14","Radiocarbon",-52,18017,"Calibrated radiocarbon years BP","sedimentary charcoal","Data Sourcing: IMPDv1 #charcoal_recommendedformat","Sample Age Source: IMPDv1"
"1637",199,"charcoal | num",99.5,99.75,100,0.5,11267,11253,11281,"IMPDv1","Charcoal (sum)","(additional options)",NA,NA,"False","False","number","Macroscopic charcoal (sieved)","direct",NA,"CHAR",2,NA,NA,"quant_raw",5,"volume","cm^3","IMPDv1","IMPD_16657","charcoal","count","char","wet_sieve","particle","num","count","no_size","num","IMPDv1","measured",1,"IMPDv1",NA,"Xindi - charcoal db",67.111667,-159.491667,NA,"north",NA,NA,"sedlac",1637,0,NA,"Higuera,P.E.;Brubaker,L.B.;Anderson,P.M.;Hu,F.S.;Brown,T.A.;. Xindi - charcoal db. NOAA/WDS Paleoclimatology IMPD study 16657",NA,NA,NA,NA,NA,NA,NA,NA,NA,NA,NA,NA,NA,NA,"https://www.ncei.noaa.gov/access/paleo-search/study/16657",NA,NA,NA,NA,"noaa_study_id=16657; original pub in IMPD datafile header","IMPDv1:IMPD_16657",1637,"Brubaker,L.B.",1,"Brubaker","L.B.",NA,NA,NA,NA,NA,NA,NA,NA,NA,"IMPDv1:IMPD_16657",1637,"IMPDv1","IMPD_16657",NA,298,298,"cm",NA,"Radiocarbon","con. charcoal & Betula leafs",8710,40,9654,NA,"CAMS 122361",TRUE,NA,"na Date is in uncalibrated radiocarbon years.","Xindi - charcoal db_SIEVED","counted","NaN-NaN",NA,NA,"",8710,8670,8750,8710,298,NA,"na Date is in uncalibrated radiocarbon years.",". Cal curve: NA. Source DB: IMPDv1","Lacustrine","Carbon-14","Radiocarbon",-52,18017,"Calibrated radiocarbon years BP","sedimentary charcoal","Data Sourcing: IMPDv1 #charcoal_recommendedformat","Sample Age Source: IMPDv1"
"1637",200,"charcoal | num",100,100.25,100.5,0.5,11295,11281,11309,"IMPDv1","Charcoal (sum)","(additional options)",NA,NA,"False","False","number","Macroscopic charcoal (sieved)","direct",NA,"CHAR",9,NA,NA,"quant_raw",5,"volume","cm^3","IMPDv1","IMPD_16657","charcoal","count","char","wet_sieve","particle","num","count","no_size","num","IMPDv1","measured",1,"IMPDv1",NA,"Xindi - charcoal db",67.111667,-159.491667,NA,"north",NA,NA,"sedlac",1637,0,NA,"Higuera,P.E.;Brubaker,L.B.;Anderson,P.M.;Hu,F.S.;Brown,T.A.;. Xindi - charcoal db. NOAA/WDS Paleoclimatology IMPD study 16657",NA,NA,NA,NA,NA,NA,NA,NA,NA,NA,NA,NA,NA,NA,"https://www.ncei.noaa.gov/access/paleo-search/study/16657",NA,NA,NA,NA,"noaa_study_id=16657; original pub in IMPD datafile header","IMPDv1:IMPD_16657",1637,"Brubaker,L.B.",1,"Brubaker","L.B.",NA,NA,NA,NA,NA,NA,NA,NA,NA,"IMPDv1:IMPD_16657",1637,"IMPDv1","IMPD_16657",NA,298,298,"cm",NA,"Radiocarbon","con. charcoal & Betula leafs",8710,40,9654,NA,"CAMS 122361",TRUE,NA,"na Date is in uncalibrated radiocarbon years.","Xindi - charcoal db_SIEVED","counted","NaN-NaN",NA,NA,"",8710,8670,8750,8710,298,NA,"na Date is in uncalibrated radiocarbon years.",". Cal curve: NA. Source DB: IMPDv1","Lacustrine","Carbon-14","Radiocarbon",-52,18017,"Calibrated radiocarbon years BP","sedimentary charcoal","Data Sourcing: IMPDv1 #charcoal_recommendedformat","Sample Age Source: IMPDv1"
"1637",201,"charcoal | num",100.5,100.75,101,0.5,11322.5,11309,11336,"IMPDv1","Charcoal (sum)","(additional options)",NA,NA,"False","False","number","Macroscopic charcoal (sieved)","direct",NA,"CHAR",11,NA,NA,"quant_raw",5,"volume","cm^3","IMPDv1","IMPD_16657","charcoal","count","char","wet_sieve","particle","num","count","no_size","num","IMPDv1","measured",1,"IMPDv1",NA,"Xindi - charcoal db",67.111667,-159.491667,NA,"north",NA,NA,"sedlac",1637,0,NA,"Higuera,P.E.;Brubaker,L.B.;Anderson,P.M.;Hu,F.S.;Brown,T.A.;. Xindi - charcoal db. NOAA/WDS Paleoclimatology IMPD study 16657",NA,NA,NA,NA,NA,NA,NA,NA,NA,NA,NA,NA,NA,NA,"https://www.ncei.noaa.gov/access/paleo-search/study/16657",NA,NA,NA,NA,"noaa_study_id=16657; original pub in IMPD datafile header","IMPDv1:IMPD_16657",1637,"Brubaker,L.B.",1,"Brubaker","L.B.",NA,NA,NA,NA,NA,NA,NA,NA,NA,"IMPDv1:IMPD_16657",1637,"IMPDv1","IMPD_16657",NA,298,298,"cm",NA,"Radiocarbon","con. charcoal & Betula leafs",8710,40,9654,NA,"CAMS 122361",TRUE,NA,"na Date is in uncalibrated radiocarbon years.","Xindi - charcoal db_SIEVED","counted","NaN-NaN",NA,NA,"",8710,8670,8750,8710,298,NA,"na Date is in uncalibrated radiocarbon years.",". Cal curve: NA. Source DB: IMPDv1","Lacustrine","Carbon-14","Radiocarbon",-52,18017,"Calibrated radiocarbon years BP","sedimentary charcoal","Data Sourcing: IMPDv1 #charcoal_recommendedformat","Sample Age Source: IMPDv1"
"1637",202,"charcoal | num",101,101.25,101.5,0.5,11350,11336,11364,"IMPDv1","Charcoal (sum)","(additional options)",NA,NA,"False","False","number","Macroscopic charcoal (sieved)","direct",NA,"CHAR",17,NA,NA,"quant_raw",5,"volume","cm^3","IMPDv1","IMPD_16657","charcoal","count","char","wet_sieve","particle","num","count","no_size","num","IMPDv1","measured",1,"IMPDv1",NA,"Xindi - charcoal db",67.111667,-159.491667,NA,"north",NA,NA,"sedlac",1637,0,NA,"Higuera,P.E.;Brubaker,L.B.;Anderson,P.M.;Hu,F.S.;Brown,T.A.;. Xindi - charcoal db. NOAA/WDS Paleoclimatology IMPD study 16657",NA,NA,NA,NA,NA,NA,NA,NA,NA,NA,NA,NA,NA,NA,"https://www.ncei.noaa.gov/access/paleo-search/study/16657",NA,NA,NA,NA,"noaa_study_id=16657; original pub in IMPD datafile header","IMPDv1:IMPD_16657",1637,"Brubaker,L.B.",1,"Brubaker","L.B.",NA,NA,NA,NA,NA,NA,NA,NA,NA,"IMPDv1:IMPD_16657",1637,"IMPDv1","IMPD_16657",NA,298,298,"cm",NA,"Radiocarbon","con. charcoal & Betula leafs",8710,40,9654,NA,"CAMS 122361",TRUE,NA,"na Date is in uncalibrated radiocarbon years.","Xindi - charcoal db_SIEVED","counted","NaN-NaN",NA,NA,"",8710,8670,8750,8710,298,NA,"na Date is in uncalibrated radiocarbon years.",". Cal curve: NA. Source DB: IMPDv1","Lacustrine","Carbon-14","Radiocarbon",-52,18017,"Calibrated radiocarbon years BP","sedimentary charcoal","Data Sourcing: IMPDv1 #charcoal_recommendedformat","Sample Age Source: IMPDv1"
"1637",203,"charcoal | num",101.5,101.75,102,0.5,11377.5,11364,11391,"IMPDv1","Charcoal (sum)","(additional options)",NA,NA,"False","False","number","Macroscopic charcoal (sieved)","direct",NA,"CHAR",3,NA,NA,"quant_raw",5,"volume","cm^3","IMPDv1","IMPD_16657","charcoal","count","char","wet_sieve","particle","num","count","no_size","num","IMPDv1","measured",1,"IMPDv1",NA,"Xindi - charcoal db",67.111667,-159.491667,NA,"north",NA,NA,"sedlac",1637,0,NA,"Higuera,P.E.;Brubaker,L.B.;Anderson,P.M.;Hu,F.S.;Brown,T.A.;. Xindi - charcoal db. NOAA/WDS Paleoclimatology IMPD study 16657",NA,NA,NA,NA,NA,NA,NA,NA,NA,NA,NA,NA,NA,NA,"https://www.ncei.noaa.gov/access/paleo-search/study/16657",NA,NA,NA,NA,"noaa_study_id=16657; original pub in IMPD datafile header","IMPDv1:IMPD_16657",1637,"Brubaker,L.B.",1,"Brubaker","L.B.",NA,NA,NA,NA,NA,NA,NA,NA,NA,"IMPDv1:IMPD_16657",1637,"IMPDv1","IMPD_16657",NA,298,298,"cm",NA,"Radiocarbon","con. charcoal & Betula leafs",8710,40,9654,NA,"CAMS 122361",TRUE,NA,"na Date is in uncalibrated radiocarbon years.","Xindi - charcoal db_SIEVED","counted","NaN-NaN",NA,NA,"",8710,8670,8750,8710,298,NA,"na Date is in uncalibrated radiocarbon years.",". Cal curve: NA. Source DB: IMPDv1","Lacustrine","Carbon-14","Radiocarbon",-52,18017,"Calibrated radiocarbon years BP","sedimentary charcoal","Data Sourcing: IMPDv1 #charcoal_recommendedformat","Sample Age Source: IMPDv1"
"1637",204,"charcoal | num",102,102.25,102.5,0.5,11404.5,11391,11418,"IMPDv1","Charcoal (sum)","(additional options)",NA,NA,"False","False","number","Macroscopic charcoal (sieved)","direct",NA,"CHAR",1,NA,NA,"quant_raw",5,"volume","cm^3","IMPDv1","IMPD_16657","charcoal","count","char","wet_sieve","particle","num","count","no_size","num","IMPDv1","measured",1,"IMPDv1",NA,"Xindi - charcoal db",67.111667,-159.491667,NA,"north",NA,NA,"sedlac",1637,0,NA,"Higuera,P.E.;Brubaker,L.B.;Anderson,P.M.;Hu,F.S.;Brown,T.A.;. Xindi - charcoal db. NOAA/WDS Paleoclimatology IMPD study 16657",NA,NA,NA,NA,NA,NA,NA,NA,NA,NA,NA,NA,NA,NA,"https://www.ncei.noaa.gov/access/paleo-search/study/16657",NA,NA,NA,NA,"noaa_study_id=16657; original pub in IMPD datafile header","IMPDv1:IMPD_16657",1637,"Brubaker,L.B.",1,"Brubaker","L.B.",NA,NA,NA,NA,NA,NA,NA,NA,NA,"IMPDv1:IMPD_16657",1637,"IMPDv1","IMPD_16657",NA,298,298,"cm",NA,"Radiocarbon","con. charcoal & Betula leafs",8710,40,9654,NA,"CAMS 122361",TRUE,NA,"na Date is in uncalibrated radiocarbon years.","Xindi - charcoal db_SIEVED","counted","NaN-NaN",NA,NA,"",8710,8670,8750,8710,298,NA,"na Date is in uncalibrated radiocarbon years.",". Cal curve: NA. Source DB: IMPDv1","Lacustrine","Carbon-14","Radiocarbon",-52,18017,"Calibrated radiocarbon years BP","sedimentary charcoal","Data Sourcing: IMPDv1 #charcoal_recommendedformat","Sample Age Source: IMPDv1"
"1637",205,"charcoal | num",102.5,102.75,103,0.5,11431.5,11418,11445,"IMPDv1","Charcoal (sum)","(additional options)",NA,NA,"False","False","number","Macroscopic charcoal (sieved)","direct",NA,"CHAR",34,NA,NA,"quant_raw",5,"volume","cm^3","IMPDv1","IMPD_16657","charcoal","count","char","wet_sieve","particle","num","count","no_size","num","IMPDv1","measured",1,"IMPDv1",NA,"Xindi - charcoal db",67.111667,-159.491667,NA,"north",NA,NA,"sedlac",1637,0,NA,"Higuera,P.E.;Brubaker,L.B.;Anderson,P.M.;Hu,F.S.;Brown,T.A.;. Xindi - charcoal db. NOAA/WDS Paleoclimatology IMPD study 16657",NA,NA,NA,NA,NA,NA,NA,NA,NA,NA,NA,NA,NA,NA,"https://www.ncei.noaa.gov/access/paleo-search/study/16657",NA,NA,NA,NA,"noaa_study_id=16657; original pub in IMPD datafile header","IMPDv1:IMPD_16657",1637,"Brubaker,L.B.",1,"Brubaker","L.B.",NA,NA,NA,NA,NA,NA,NA,NA,NA,"IMPDv1:IMPD_16657",1637,"IMPDv1","IMPD_16657",NA,298,298,"cm",NA,"Radiocarbon","con. charcoal & Betula leafs",8710,40,9654,NA,"CAMS 122361",TRUE,NA,"na Date is in uncalibrated radiocarbon years.","Xindi - charcoal db_SIEVED","counted","NaN-NaN",NA,NA,"",8710,8670,8750,8710,298,NA,"na Date is in uncalibrated radiocarbon years.",". Cal curve: NA. Source DB: IMPDv1","Lacustrine","Carbon-14","Radiocarbon",-52,18017,"Calibrated radiocarbon years BP","sedimentary charcoal","Data Sourcing: IMPDv1 #charcoal_recommendedformat","Sample Age Source: IMPDv1"
"1637",206,"charcoal | num",103,103.25,103.5,0.5,11458,11445,11471,"IMPDv1","Charcoal (sum)","(additional options)",NA,NA,"False","False","number","Macroscopic charcoal (sieved)","direct",NA,"CHAR",5,NA,NA,"quant_raw",5,"volume","cm^3","IMPDv1","IMPD_16657","charcoal","count","char","wet_sieve","particle","num","count","no_size","num","IMPDv1","measured",1,"IMPDv1",NA,"Xindi - charcoal db",67.111667,-159.491667,NA,"north",NA,NA,"sedlac",1637,0,NA,"Higuera,P.E.;Brubaker,L.B.;Anderson,P.M.;Hu,F.S.;Brown,T.A.;. Xindi - charcoal db. NOAA/WDS Paleoclimatology IMPD study 16657",NA,NA,NA,NA,NA,NA,NA,NA,NA,NA,NA,NA,NA,NA,"https://www.ncei.noaa.gov/access/paleo-search/study/16657",NA,NA,NA,NA,"noaa_study_id=16657; original pub in IMPD datafile header","IMPDv1:IMPD_16657",1637,"Brubaker,L.B.",1,"Brubaker","L.B.",NA,NA,NA,NA,NA,NA,NA,NA,NA,"IMPDv1:IMPD_16657",1637,"IMPDv1","IMPD_16657",NA,298,298,"cm",NA,"Radiocarbon","con. charcoal & Betula leafs",8710,40,9654,NA,"CAMS 122361",TRUE,NA,"na Date is in uncalibrated radiocarbon years.","Xindi - charcoal db_SIEVED","counted","NaN-NaN",NA,NA,"",8710,8670,8750,8710,298,NA,"na Date is in uncalibrated radiocarbon years.",". Cal curve: NA. Source DB: IMPDv1","Lacustrine","Carbon-14","Radiocarbon",-52,18017,"Calibrated radiocarbon years BP","sedimentary charcoal","Data Sourcing: IMPDv1 #charcoal_recommendedformat","Sample Age Source: IMPDv1"
"1637",207,"charcoal | num",103.5,103.75,104,0.5,11484,11471,11497,"IMPDv1","Charcoal (sum)","(additional options)",NA,NA,"False","False","number","Macroscopic charcoal (sieved)","direct",NA,"CHAR",2,NA,NA,"quant_raw",5,"volume","cm^3","IMPDv1","IMPD_16657","charcoal","count","char","wet_sieve","particle","num","count","no_size","num","IMPDv1","measured",1,"IMPDv1",NA,"Xindi - charcoal db",67.111667,-159.491667,NA,"north",NA,NA,"sedlac",1637,0,NA,"Higuera,P.E.;Brubaker,L.B.;Anderson,P.M.;Hu,F.S.;Brown,T.A.;. Xindi - charcoal db. NOAA/WDS Paleoclimatology IMPD study 16657",NA,NA,NA,NA,NA,NA,NA,NA,NA,NA,NA,NA,NA,NA,"https://www.ncei.noaa.gov/access/paleo-search/study/16657",NA,NA,NA,NA,"noaa_study_id=16657; original pub in IMPD datafile header","IMPDv1:IMPD_16657",1637,"Brubaker,L.B.",1,"Brubaker","L.B.",NA,NA,NA,NA,NA,NA,NA,NA,NA,"IMPDv1:IMPD_16657",1637,"IMPDv1","IMPD_16657",NA,298,298,"cm",NA,"Radiocarbon","con. charcoal & Betula leafs",8710,40,9654,NA,"CAMS 122361",TRUE,NA,"na Date is in uncalibrated radiocarbon years.","Xindi - charcoal db_SIEVED","counted","NaN-NaN",NA,NA,"",8710,8670,8750,8710,298,NA,"na Date is in uncalibrated radiocarbon years.",". Cal curve: NA. Source DB: IMPDv1","Lacustrine","Carbon-14","Radiocarbon",-52,18017,"Calibrated radiocarbon years BP","sedimentary charcoal","Data Sourcing: IMPDv1 #charcoal_recommendedformat","Sample Age Source: IMPDv1"
"1637",208,"charcoal | num",104,104.25,104.5,0.5,11510,11497,11523,"IMPDv1","Charcoal (sum)","(additional options)",NA,NA,"False","False","number","Macroscopic charcoal (sieved)","direct",NA,"CHAR",0,NA,NA,"quant_raw",5,"volume","cm^3","IMPDv1","IMPD_16657","charcoal","count","char","wet_sieve","particle","num","count","no_size","num","IMPDv1","measured",1,"IMPDv1",NA,"Xindi - charcoal db",67.111667,-159.491667,NA,"north",NA,NA,"sedlac",1637,0,NA,"Higuera,P.E.;Brubaker,L.B.;Anderson,P.M.;Hu,F.S.;Brown,T.A.;. Xindi - charcoal db. NOAA/WDS Paleoclimatology IMPD study 16657",NA,NA,NA,NA,NA,NA,NA,NA,NA,NA,NA,NA,NA,NA,"https://www.ncei.noaa.gov/access/paleo-search/study/16657",NA,NA,NA,NA,"noaa_study_id=16657; original pub in IMPD datafile header","IMPDv1:IMPD_16657",1637,"Brubaker,L.B.",1,"Brubaker","L.B.",NA,NA,NA,NA,NA,NA,NA,NA,NA,"IMPDv1:IMPD_16657",1637,"IMPDv1","IMPD_16657",NA,324.5,324.5,"cm",NA,"Radiocarbon","concentrated charcoal",10220,160,11939,NA,"CAMS 111403",TRUE,NA,"na Date is in uncalibrated radiocarbon years.","Xindi - charcoal db_SIEVED","counted","NaN-NaN",NA,NA,"",10220,10060,10380,10220,324.5,NA,"na Date is in uncalibrated radiocarbon years.",". Cal curve: NA. Source DB: IMPDv1","Lacustrine","Carbon-14","Radiocarbon",-52,18017,"Calibrated radiocarbon years BP","sedimentary charcoal","Data Sourcing: IMPDv1 #charcoal_recommendedformat","Sample Age Source: IMPDv1"
"1637",209,"charcoal | num",104.5,104.75,105,0.5,11536,11523,11549,"IMPDv1","Charcoal (sum)","(additional options)",NA,NA,"False","False","number","Macroscopic charcoal (sieved)","direct",NA,"CHAR",1,NA,NA,"quant_raw",5,"volume","cm^3","IMPDv1","IMPD_16657","charcoal","count","char","wet_sieve","particle","num","count","no_size","num","IMPDv1","measured",1,"IMPDv1",NA,"Xindi - charcoal db",67.111667,-159.491667,NA,"north",NA,NA,"sedlac",1637,0,NA,"Higuera,P.E.;Brubaker,L.B.;Anderson,P.M.;Hu,F.S.;Brown,T.A.;. Xindi - charcoal db. NOAA/WDS Paleoclimatology IMPD study 16657",NA,NA,NA,NA,NA,NA,NA,NA,NA,NA,NA,NA,NA,NA,"https://www.ncei.noaa.gov/access/paleo-search/study/16657",NA,NA,NA,NA,"noaa_study_id=16657; original pub in IMPD datafile header","IMPDv1:IMPD_16657",1637,"Brubaker,L.B.",1,"Brubaker","L.B.",NA,NA,NA,NA,NA,NA,NA,NA,NA,"IMPDv1:IMPD_16657",1637,"IMPDv1","IMPD_16657",NA,324.5,324.5,"cm",NA,"Radiocarbon","concentrated charcoal",10220,160,11939,NA,"CAMS 111403",TRUE,NA,"na Date is in uncalibrated radiocarbon years.","Xindi - charcoal db_SIEVED","counted","NaN-NaN",NA,NA,"",10220,10060,10380,10220,324.5,NA,"na Date is in uncalibrated radiocarbon years.",". Cal curve: NA. Source DB: IMPDv1","Lacustrine","Carbon-14","Radiocarbon",-52,18017,"Calibrated radiocarbon years BP","sedimentary charcoal","Data Sourcing: IMPDv1 #charcoal_recommendedformat","Sample Age Source: IMPDv1"
"1637",210,"charcoal | num",105,105.25,105.5,0.5,11562,11549,11575,"IMPDv1","Charcoal (sum)","(additional options)",NA,NA,"False","False","number","Macroscopic charcoal (sieved)","direct",NA,"CHAR",3,NA,NA,"quant_raw",5,"volume","cm^3","IMPDv1","IMPD_16657","charcoal","count","char","wet_sieve","particle","num","count","no_size","num","IMPDv1","measured",1,"IMPDv1",NA,"Xindi - charcoal db",67.111667,-159.491667,NA,"north",NA,NA,"sedlac",1637,0,NA,"Higuera,P.E.;Brubaker,L.B.;Anderson,P.M.;Hu,F.S.;Brown,T.A.;. Xindi - charcoal db. NOAA/WDS Paleoclimatology IMPD study 16657",NA,NA,NA,NA,NA,NA,NA,NA,NA,NA,NA,NA,NA,NA,"https://www.ncei.noaa.gov/access/paleo-search/study/16657",NA,NA,NA,NA,"noaa_study_id=16657; original pub in IMPD datafile header","IMPDv1:IMPD_16657",1637,"Brubaker,L.B.",1,"Brubaker","L.B.",NA,NA,NA,NA,NA,NA,NA,NA,NA,"IMPDv1:IMPD_16657",1637,"IMPDv1","IMPD_16657",NA,324.5,324.5,"cm",NA,"Radiocarbon","concentrated charcoal",10220,160,11939,NA,"CAMS 111403",TRUE,NA,"na Date is in uncalibrated radiocarbon years.","Xindi - charcoal db_SIEVED","counted","NaN-NaN",NA,NA,"",10220,10060,10380,10220,324.5,NA,"na Date is in uncalibrated radiocarbon years.",". Cal curve: NA. Source DB: IMPDv1","Lacustrine","Carbon-14","Radiocarbon",-52,18017,"Calibrated radiocarbon years BP","sedimentary charcoal","Data Sourcing: IMPDv1 #charcoal_recommendedformat","Sample Age Source: IMPDv1"
"1637",211,"charcoal | num",105.5,105.75,106,0.5,11587.5,11575,11600,"IMPDv1","Charcoal (sum)","(additional options)",NA,NA,"False","False","number","Macroscopic charcoal (sieved)","direct",NA,"CHAR",9,NA,NA,"quant_raw",5,"volume","cm^3","IMPDv1","IMPD_16657","charcoal","count","char","wet_sieve","particle","num","count","no_size","num","IMPDv1","measured",1,"IMPDv1",NA,"Xindi - charcoal db",67.111667,-159.491667,NA,"north",NA,NA,"sedlac",1637,0,NA,"Higuera,P.E.;Brubaker,L.B.;Anderson,P.M.;Hu,F.S.;Brown,T.A.;. Xindi - charcoal db. NOAA/WDS Paleoclimatology IMPD study 16657",NA,NA,NA,NA,NA,NA,NA,NA,NA,NA,NA,NA,NA,NA,"https://www.ncei.noaa.gov/access/paleo-search/study/16657",NA,NA,NA,NA,"noaa_study_id=16657; original pub in IMPD datafile header","IMPDv1:IMPD_16657",1637,"Brubaker,L.B.",1,"Brubaker","L.B.",NA,NA,NA,NA,NA,NA,NA,NA,NA,"IMPDv1:IMPD_16657",1637,"IMPDv1","IMPD_16657",NA,324.5,324.5,"cm",NA,"Radiocarbon","concentrated charcoal",10220,160,11939,NA,"CAMS 111403",TRUE,NA,"na Date is in uncalibrated radiocarbon years.","Xindi - charcoal db_SIEVED","counted","NaN-NaN",NA,NA,"",10220,10060,10380,10220,324.5,NA,"na Date is in uncalibrated radiocarbon years.",". Cal curve: NA. Source DB: IMPDv1","Lacustrine","Carbon-14","Radiocarbon",-52,18017,"Calibrated radiocarbon years BP","sedimentary charcoal","Data Sourcing: IMPDv1 #charcoal_recommendedformat","Sample Age Source: IMPDv1"
"1637",212,"charcoal | num",106,106.25,106.5,0.5,11613,11600,11626,"IMPDv1","Charcoal (sum)","(additional options)",NA,NA,"False","False","number","Macroscopic charcoal (sieved)","direct",NA,"CHAR",24,NA,NA,"quant_raw",5,"volume","cm^3","IMPDv1","IMPD_16657","charcoal","count","char","wet_sieve","particle","num","count","no_size","num","IMPDv1","measured",1,"IMPDv1",NA,"Xindi - charcoal db",67.111667,-159.491667,NA,"north",NA,NA,"sedlac",1637,0,NA,"Higuera,P.E.;Brubaker,L.B.;Anderson,P.M.;Hu,F.S.;Brown,T.A.;. Xindi - charcoal db. NOAA/WDS Paleoclimatology IMPD study 16657",NA,NA,NA,NA,NA,NA,NA,NA,NA,NA,NA,NA,NA,NA,"https://www.ncei.noaa.gov/access/paleo-search/study/16657",NA,NA,NA,NA,"noaa_study_id=16657; original pub in IMPD datafile header","IMPDv1:IMPD_16657",1637,"Brubaker,L.B.",1,"Brubaker","L.B.",NA,NA,NA,NA,NA,NA,NA,NA,NA,"IMPDv1:IMPD_16657",1637,"IMPDv1","IMPD_16657",NA,324.5,324.5,"cm",NA,"Radiocarbon","concentrated charcoal",10220,160,11939,NA,"CAMS 111403",TRUE,NA,"na Date is in uncalibrated radiocarbon years.","Xindi - charcoal db_SIEVED","counted","NaN-NaN",NA,NA,"",10220,10060,10380,10220,324.5,NA,"na Date is in uncalibrated radiocarbon years.",". Cal curve: NA. Source DB: IMPDv1","Lacustrine","Carbon-14","Radiocarbon",-52,18017,"Calibrated radiocarbon years BP","sedimentary charcoal","Data Sourcing: IMPDv1 #charcoal_recommendedformat","Sample Age Source: IMPDv1"
"1637",213,"charcoal | num",106.5,106.75,107,0.5,11638.5,11626,11651,"IMPDv1","Charcoal (sum)","(additional options)",NA,NA,"False","False","number","Macroscopic charcoal (sieved)","direct",NA,"CHAR",51,NA,NA,"quant_raw",5,"volume","cm^3","IMPDv1","IMPD_16657","charcoal","count","char","wet_sieve","particle","num","count","no_size","num","IMPDv1","measured",1,"IMPDv1",NA,"Xindi - charcoal db",67.111667,-159.491667,NA,"north",NA,NA,"sedlac",1637,0,NA,"Higuera,P.E.;Brubaker,L.B.;Anderson,P.M.;Hu,F.S.;Brown,T.A.;. Xindi - charcoal db. NOAA/WDS Paleoclimatology IMPD study 16657",NA,NA,NA,NA,NA,NA,NA,NA,NA,NA,NA,NA,NA,NA,"https://www.ncei.noaa.gov/access/paleo-search/study/16657",NA,NA,NA,NA,"noaa_study_id=16657; original pub in IMPD datafile header","IMPDv1:IMPD_16657",1637,"Brubaker,L.B.",1,"Brubaker","L.B.",NA,NA,NA,NA,NA,NA,NA,NA,NA,"IMPDv1:IMPD_16657",1637,"IMPDv1","IMPD_16657",NA,324.5,324.5,"cm",NA,"Radiocarbon","concentrated charcoal",10220,160,11939,NA,"CAMS 111403",TRUE,NA,"na Date is in uncalibrated radiocarbon years.","Xindi - charcoal db_SIEVED","counted","NaN-NaN",NA,NA,"",10220,10060,10380,10220,324.5,NA,"na Date is in uncalibrated radiocarbon years.",". Cal curve: NA. Source DB: IMPDv1","Lacustrine","Carbon-14","Radiocarbon",-52,18017,"Calibrated radiocarbon years BP","sedimentary charcoal","Data Sourcing: IMPDv1 #charcoal_recommendedformat","Sample Age Source: IMPDv1"
"1637",214,"charcoal | num",107,107.25,107.5,0.5,11663,11651,11675,"IMPDv1","Charcoal (sum)","(additional options)",NA,NA,"False","False","number","Macroscopic charcoal (sieved)","direct",NA,"CHAR",11,NA,NA,"quant_raw",5,"volume","cm^3","IMPDv1","IMPD_16657","charcoal","count","char","wet_sieve","particle","num","count","no_size","num","IMPDv1","measured",1,"IMPDv1",NA,"Xindi - charcoal db",67.111667,-159.491667,NA,"north",NA,NA,"sedlac",1637,0,NA,"Higuera,P.E.;Brubaker,L.B.;Anderson,P.M.;Hu,F.S.;Brown,T.A.;. Xindi - charcoal db. NOAA/WDS Paleoclimatology IMPD study 16657",NA,NA,NA,NA,NA,NA,NA,NA,NA,NA,NA,NA,NA,NA,"https://www.ncei.noaa.gov/access/paleo-search/study/16657",NA,NA,NA,NA,"noaa_study_id=16657; original pub in IMPD datafile header","IMPDv1:IMPD_16657",1637,"Brubaker,L.B.",1,"Brubaker","L.B.",NA,NA,NA,NA,NA,NA,NA,NA,NA,"IMPDv1:IMPD_16657",1637,"IMPDv1","IMPD_16657",NA,324.5,324.5,"cm",NA,"Radiocarbon","concentrated charcoal",10220,160,11939,NA,"CAMS 111403",TRUE,NA,"na Date is in uncalibrated radiocarbon years.","Xindi - charcoal db_SIEVED","counted","NaN-NaN",NA,NA,"",10220,10060,10380,10220,324.5,NA,"na Date is in uncalibrated radiocarbon years.",". Cal curve: NA. Source DB: IMPDv1","Lacustrine","Carbon-14","Radiocarbon",-52,18017,"Calibrated radiocarbon years BP","sedimentary charcoal","Data Sourcing: IMPDv1 #charcoal_recommendedformat","Sample Age Source: IMPDv1"
"1637",215,"charcoal | num",107.5,107.75,108,0.5,11687.5,11675,11700,"IMPDv1","Charcoal (sum)","(additional options)",NA,NA,"False","False","number","Macroscopic charcoal (sieved)","direct",NA,"CHAR",25,NA,NA,"quant_raw",5,"volume","cm^3","IMPDv1","IMPD_16657","charcoal","count","char","wet_sieve","particle","num","count","no_size","num","IMPDv1","measured",1,"IMPDv1",NA,"Xindi - charcoal db",67.111667,-159.491667,NA,"north",NA,NA,"sedlac",1637,0,NA,"Higuera,P.E.;Brubaker,L.B.;Anderson,P.M.;Hu,F.S.;Brown,T.A.;. Xindi - charcoal db. NOAA/WDS Paleoclimatology IMPD study 16657",NA,NA,NA,NA,NA,NA,NA,NA,NA,NA,NA,NA,NA,NA,"https://www.ncei.noaa.gov/access/paleo-search/study/16657",NA,NA,NA,NA,"noaa_study_id=16657; original pub in IMPD datafile header","IMPDv1:IMPD_16657",1637,"Brubaker,L.B.",1,"Brubaker","L.B.",NA,NA,NA,NA,NA,NA,NA,NA,NA,"IMPDv1:IMPD_16657",1637,"IMPDv1","IMPD_16657",NA,324.5,324.5,"cm",NA,"Radiocarbon","concentrated charcoal",10220,160,11939,NA,"CAMS 111403",TRUE,NA,"na Date is in uncalibrated radiocarbon years.","Xindi - charcoal db_SIEVED","counted","NaN-NaN",NA,NA,"",10220,10060,10380,10220,324.5,NA,"na Date is in uncalibrated radiocarbon years.",". Cal curve: NA. Source DB: IMPDv1","Lacustrine","Carbon-14","Radiocarbon",-52,18017,"Calibrated radiocarbon years BP","sedimentary charcoal","Data Sourcing: IMPDv1 #charcoal_recommendedformat","Sample Age Source: IMPDv1"
"1637",216,"charcoal | num",108,108.25,108.5,0.5,11712,11700,11724,"IMPDv1","Charcoal (sum)","(additional options)",NA,NA,"False","False","number","Macroscopic charcoal (sieved)","direct",NA,"CHAR",18,NA,NA,"quant_raw",5,"volume","cm^3","IMPDv1","IMPD_16657","charcoal","count","char","wet_sieve","particle","num","count","no_size","num","IMPDv1","measured",1,"IMPDv1",NA,"Xindi - charcoal db",67.111667,-159.491667,NA,"north",NA,NA,"sedlac",1637,0,NA,"Higuera,P.E.;Brubaker,L.B.;Anderson,P.M.;Hu,F.S.;Brown,T.A.;. Xindi - charcoal db. NOAA/WDS Paleoclimatology IMPD study 16657",NA,NA,NA,NA,NA,NA,NA,NA,NA,NA,NA,NA,NA,NA,"https://www.ncei.noaa.gov/access/paleo-search/study/16657",NA,NA,NA,NA,"noaa_study_id=16657; original pub in IMPD datafile header","IMPDv1:IMPD_16657",1637,"Brubaker,L.B.",1,"Brubaker","L.B.",NA,NA,NA,NA,NA,NA,NA,NA,NA,"IMPDv1:IMPD_16657",1637,"IMPDv1","IMPD_16657",NA,324.5,324.5,"cm",NA,"Radiocarbon","concentrated charcoal",10220,160,11939,NA,"CAMS 111403",TRUE,NA,"na Date is in uncalibrated radiocarbon years.","Xindi - charcoal db_SIEVED","counted","NaN-NaN",NA,NA,"",10220,10060,10380,10220,324.5,NA,"na Date is in uncalibrated radiocarbon years.",". Cal curve: NA. Source DB: IMPDv1","Lacustrine","Carbon-14","Radiocarbon",-52,18017,"Calibrated radiocarbon years BP","sedimentary charcoal","Data Sourcing: IMPDv1 #charcoal_recommendedformat","Sample Age Source: IMPDv1"
"1637",217,"charcoal | num",108.5,108.75,109,0.5,11736,11724,11748,"IMPDv1","Charcoal (sum)","(additional options)",NA,NA,"False","False","number","Macroscopic charcoal (sieved)","direct",NA,"CHAR",2,NA,NA,"quant_raw",5,"volume","cm^3","IMPDv1","IMPD_16657","charcoal","count","char","wet_sieve","particle","num","count","no_size","num","IMPDv1","measured",1,"IMPDv1",NA,"Xindi - charcoal db",67.111667,-159.491667,NA,"north",NA,NA,"sedlac",1637,0,NA,"Higuera,P.E.;Brubaker,L.B.;Anderson,P.M.;Hu,F.S.;Brown,T.A.;. Xindi - charcoal db. NOAA/WDS Paleoclimatology IMPD study 16657",NA,NA,NA,NA,NA,NA,NA,NA,NA,NA,NA,NA,NA,NA,"https://www.ncei.noaa.gov/access/paleo-search/study/16657",NA,NA,NA,NA,"noaa_study_id=16657; original pub in IMPD datafile header","IMPDv1:IMPD_16657",1637,"Brubaker,L.B.",1,"Brubaker","L.B.",NA,NA,NA,NA,NA,NA,NA,NA,NA,"IMPDv1:IMPD_16657",1637,"IMPDv1","IMPD_16657",NA,324.5,324.5,"cm",NA,"Radiocarbon","concentrated charcoal",10220,160,11939,NA,"CAMS 111403",TRUE,NA,"na Date is in uncalibrated radiocarbon years.","Xindi - charcoal db_SIEVED","counted","NaN-NaN",NA,NA,"",10220,10060,10380,10220,324.5,NA,"na Date is in uncalibrated radiocarbon years.",". Cal curve: NA. Source DB: IMPDv1","Lacustrine","Carbon-14","Radiocarbon",-52,18017,"Calibrated radiocarbon years BP","sedimentary charcoal","Data Sourcing: IMPDv1 #charcoal_recommendedformat","Sample Age Source: IMPDv1"
"1637",218,"charcoal | num",109,109.25,109.5,0.5,11760,11748,11772,"IMPDv1","Charcoal (sum)","(additional options)",NA,NA,"False","False","number","Macroscopic charcoal (sieved)","direct",NA,"CHAR",17,NA,NA,"quant_raw",5,"volume","cm^3","IMPDv1","IMPD_16657","charcoal","count","char","wet_sieve","particle","num","count","no_size","num","IMPDv1","measured",1,"IMPDv1",NA,"Xindi - charcoal db",67.111667,-159.491667,NA,"north",NA,NA,"sedlac",1637,0,NA,"Higuera,P.E.;Brubaker,L.B.;Anderson,P.M.;Hu,F.S.;Brown,T.A.;. Xindi - charcoal db. NOAA/WDS Paleoclimatology IMPD study 16657",NA,NA,NA,NA,NA,NA,NA,NA,NA,NA,NA,NA,NA,NA,"https://www.ncei.noaa.gov/access/paleo-search/study/16657",NA,NA,NA,NA,"noaa_study_id=16657; original pub in IMPD datafile header","IMPDv1:IMPD_16657",1637,"Brubaker,L.B.",1,"Brubaker","L.B.",NA,NA,NA,NA,NA,NA,NA,NA,NA,"IMPDv1:IMPD_16657",1637,"IMPDv1","IMPD_16657",NA,324.5,324.5,"cm",NA,"Radiocarbon","concentrated charcoal",10220,160,11939,NA,"CAMS 111403",TRUE,NA,"na Date is in uncalibrated radiocarbon years.","Xindi - charcoal db_SIEVED","counted","NaN-NaN",NA,NA,"",10220,10060,10380,10220,324.5,NA,"na Date is in uncalibrated radiocarbon years.",". Cal curve: NA. Source DB: IMPDv1","Lacustrine","Carbon-14","Radiocarbon",-52,18017,"Calibrated radiocarbon years BP","sedimentary charcoal","Data Sourcing: IMPDv1 #charcoal_recommendedformat","Sample Age Source: IMPDv1"
"1637",219,"charcoal | num",109.5,109.75,110,0.5,11784,11772,11796,"IMPDv1","Charcoal (sum)","(additional options)",NA,NA,"False","False","number","Macroscopic charcoal (sieved)","direct",NA,"CHAR",1,NA,NA,"quant_raw",5,"volume","cm^3","IMPDv1","IMPD_16657","charcoal","count","char","wet_sieve","particle","num","count","no_size","num","IMPDv1","measured",1,"IMPDv1",NA,"Xindi - charcoal db",67.111667,-159.491667,NA,"north",NA,NA,"sedlac",1637,0,NA,"Higuera,P.E.;Brubaker,L.B.;Anderson,P.M.;Hu,F.S.;Brown,T.A.;. Xindi - charcoal db. NOAA/WDS Paleoclimatology IMPD study 16657",NA,NA,NA,NA,NA,NA,NA,NA,NA,NA,NA,NA,NA,NA,"https://www.ncei.noaa.gov/access/paleo-search/study/16657",NA,NA,NA,NA,"noaa_study_id=16657; original pub in IMPD datafile header","IMPDv1:IMPD_16657",1637,"Brubaker,L.B.",1,"Brubaker","L.B.",NA,NA,NA,NA,NA,NA,NA,NA,NA,"IMPDv1:IMPD_16657",1637,"IMPDv1","IMPD_16657",NA,324.5,324.5,"cm",NA,"Radiocarbon","concentrated charcoal",10220,160,11939,NA,"CAMS 111403",TRUE,NA,"na Date is in uncalibrated radiocarbon years.","Xindi - charcoal db_SIEVED","counted","NaN-NaN",NA,NA,"",10220,10060,10380,10220,324.5,NA,"na Date is in uncalibrated radiocarbon years.",". Cal curve: NA. Source DB: IMPDv1","Lacustrine","Carbon-14","Radiocarbon",-52,18017,"Calibrated radiocarbon years BP","sedimentary charcoal","Data Sourcing: IMPDv1 #charcoal_recommendedformat","Sample Age Source: IMPDv1"
"1637",220,"charcoal | num",110,110.25,110.5,0.5,11808,11796,11820,"IMPDv1","Charcoal (sum)","(additional options)",NA,NA,"False","False","number","Macroscopic charcoal (sieved)","direct",NA,"CHAR",1,NA,NA,"quant_raw",5,"volume","cm^3","IMPDv1","IMPD_16657","charcoal","count","char","wet_sieve","particle","num","count","no_size","num","IMPDv1","measured",1,"IMPDv1",NA,"Xindi - charcoal db",67.111667,-159.491667,NA,"north",NA,NA,"sedlac",1637,0,NA,"Higuera,P.E.;Brubaker,L.B.;Anderson,P.M.;Hu,F.S.;Brown,T.A.;. Xindi - charcoal db. NOAA/WDS Paleoclimatology IMPD study 16657",NA,NA,NA,NA,NA,NA,NA,NA,NA,NA,NA,NA,NA,NA,"https://www.ncei.noaa.gov/access/paleo-search/study/16657",NA,NA,NA,NA,"noaa_study_id=16657; original pub in IMPD datafile header","IMPDv1:IMPD_16657",1637,"Brubaker,L.B.",1,"Brubaker","L.B.",NA,NA,NA,NA,NA,NA,NA,NA,NA,"IMPDv1:IMPD_16657",1637,"IMPDv1","IMPD_16657",NA,324.5,324.5,"cm",NA,"Radiocarbon","concentrated charcoal",10220,160,11939,NA,"CAMS 111403",TRUE,NA,"na Date is in uncalibrated radiocarbon years.","Xindi - charcoal db_SIEVED","counted","NaN-NaN",NA,NA,"",10220,10060,10380,10220,324.5,NA,"na Date is in uncalibrated radiocarbon years.",". Cal curve: NA. Source DB: IMPDv1","Lacustrine","Carbon-14","Radiocarbon",-52,18017,"Calibrated radiocarbon years BP","sedimentary charcoal","Data Sourcing: IMPDv1 #charcoal_recommendedformat","Sample Age Source: IMPDv1"
"1637",221,"charcoal | num",110.5,110.75,111,0.5,11831.5,11820,11843,"IMPDv1","Charcoal (sum)","(additional options)",NA,NA,"False","False","number","Macroscopic charcoal (sieved)","direct",NA,"CHAR",22,NA,NA,"quant_raw",5,"volume","cm^3","IMPDv1","IMPD_16657","charcoal","count","char","wet_sieve","particle","num","count","no_size","num","IMPDv1","measured",1,"IMPDv1",NA,"Xindi - charcoal db",67.111667,-159.491667,NA,"north",NA,NA,"sedlac",1637,0,NA,"Higuera,P.E.;Brubaker,L.B.;Anderson,P.M.;Hu,F.S.;Brown,T.A.;. Xindi - charcoal db. NOAA/WDS Paleoclimatology IMPD study 16657",NA,NA,NA,NA,NA,NA,NA,NA,NA,NA,NA,NA,NA,NA,"https://www.ncei.noaa.gov/access/paleo-search/study/16657",NA,NA,NA,NA,"noaa_study_id=16657; original pub in IMPD datafile header","IMPDv1:IMPD_16657",1637,"Brubaker,L.B.",1,"Brubaker","L.B.",NA,NA,NA,NA,NA,NA,NA,NA,NA,"IMPDv1:IMPD_16657",1637,"IMPDv1","IMPD_16657",NA,380.5,380.5,"cm",NA,"Radiocarbon","concentrated charcoal",10740,80,12820,NA,"CAMS 110951",TRUE,NA,"na Date is in uncalibrated radiocarbon years.","Xindi - charcoal db_SIEVED","counted","NaN-NaN",NA,NA,"",10740,10660,10820,10740,380.5,NA,"na Date is in uncalibrated radiocarbon years.",". Cal curve: NA. Source DB: IMPDv1","Lacustrine","Carbon-14","Radiocarbon",-52,18017,"Calibrated radiocarbon years BP","sedimentary charcoal","Data Sourcing: IMPDv1 #charcoal_recommendedformat","Sample Age Source: IMPDv1"
"1637",222,"charcoal | num",111,111.25,111.5,0.5,11854.5,11843,11866,"IMPDv1","Charcoal (sum)","(additional options)",NA,NA,"False","False","number","Macroscopic charcoal (sieved)","direct",NA,"CHAR",25,NA,NA,"quant_raw",5,"volume","cm^3","IMPDv1","IMPD_16657","charcoal","count","char","wet_sieve","particle","num","count","no_size","num","IMPDv1","measured",1,"IMPDv1",NA,"Xindi - charcoal db",67.111667,-159.491667,NA,"north",NA,NA,"sedlac",1637,0,NA,"Higuera,P.E.;Brubaker,L.B.;Anderson,P.M.;Hu,F.S.;Brown,T.A.;. Xindi - charcoal db. NOAA/WDS Paleoclimatology IMPD study 16657",NA,NA,NA,NA,NA,NA,NA,NA,NA,NA,NA,NA,NA,NA,"https://www.ncei.noaa.gov/access/paleo-search/study/16657",NA,NA,NA,NA,"noaa_study_id=16657; original pub in IMPD datafile header","IMPDv1:IMPD_16657",1637,"Brubaker,L.B.",1,"Brubaker","L.B.",NA,NA,NA,NA,NA,NA,NA,NA,NA,"IMPDv1:IMPD_16657",1637,"IMPDv1","IMPD_16657",NA,380.5,380.5,"cm",NA,"Radiocarbon","concentrated charcoal",10740,80,12820,NA,"CAMS 110951",TRUE,NA,"na Date is in uncalibrated radiocarbon years.","Xindi - charcoal db_SIEVED","counted","NaN-NaN",NA,NA,"",10740,10660,10820,10740,380.5,NA,"na Date is in uncalibrated radiocarbon years.",". Cal curve: NA. Source DB: IMPDv1","Lacustrine","Carbon-14","Radiocarbon",-52,18017,"Calibrated radiocarbon years BP","sedimentary charcoal","Data Sourcing: IMPDv1 #charcoal_recommendedformat","Sample Age Source: IMPDv1"
"1637",223,"charcoal | num",111.5,111.75,112,0.5,11877.5,11866,11889,"IMPDv1","Charcoal (sum)","(additional options)",NA,NA,"False","False","number","Macroscopic charcoal (sieved)","direct",NA,"CHAR",3,NA,NA,"quant_raw",5,"volume","cm^3","IMPDv1","IMPD_16657","charcoal","count","char","wet_sieve","particle","num","count","no_size","num","IMPDv1","measured",1,"IMPDv1",NA,"Xindi - charcoal db",67.111667,-159.491667,NA,"north",NA,NA,"sedlac",1637,0,NA,"Higuera,P.E.;Brubaker,L.B.;Anderson,P.M.;Hu,F.S.;Brown,T.A.;. Xindi - charcoal db. NOAA/WDS Paleoclimatology IMPD study 16657",NA,NA,NA,NA,NA,NA,NA,NA,NA,NA,NA,NA,NA,NA,"https://www.ncei.noaa.gov/access/paleo-search/study/16657",NA,NA,NA,NA,"noaa_study_id=16657; original pub in IMPD datafile header","IMPDv1:IMPD_16657",1637,"Brubaker,L.B.",1,"Brubaker","L.B.",NA,NA,NA,NA,NA,NA,NA,NA,NA,"IMPDv1:IMPD_16657",1637,"IMPDv1","IMPD_16657",NA,380.5,380.5,"cm",NA,"Radiocarbon","concentrated charcoal",10740,80,12820,NA,"CAMS 110951",TRUE,NA,"na Date is in uncalibrated radiocarbon years.","Xindi - charcoal db_SIEVED","counted","NaN-NaN",NA,NA,"",10740,10660,10820,10740,380.5,NA,"na Date is in uncalibrated radiocarbon years.",". Cal curve: NA. Source DB: IMPDv1","Lacustrine","Carbon-14","Radiocarbon",-52,18017,"Calibrated radiocarbon years BP","sedimentary charcoal","Data Sourcing: IMPDv1 #charcoal_recommendedformat","Sample Age Source: IMPDv1"
"1637",224,"charcoal | num",112,112.25,112.5,0.5,11900.5,11889,11912,"IMPDv1","Charcoal (sum)","(additional options)",NA,NA,"False","False","number","Macroscopic charcoal (sieved)","direct",NA,"CHAR",0,NA,NA,"quant_raw",5,"volume","cm^3","IMPDv1","IMPD_16657","charcoal","count","char","wet_sieve","particle","num","count","no_size","num","IMPDv1","measured",1,"IMPDv1",NA,"Xindi - charcoal db",67.111667,-159.491667,NA,"north",NA,NA,"sedlac",1637,0,NA,"Higuera,P.E.;Brubaker,L.B.;Anderson,P.M.;Hu,F.S.;Brown,T.A.;. Xindi - charcoal db. NOAA/WDS Paleoclimatology IMPD study 16657",NA,NA,NA,NA,NA,NA,NA,NA,NA,NA,NA,NA,NA,NA,"https://www.ncei.noaa.gov/access/paleo-search/study/16657",NA,NA,NA,NA,"noaa_study_id=16657; original pub in IMPD datafile header","IMPDv1:IMPD_16657",1637,"Brubaker,L.B.",1,"Brubaker","L.B.",NA,NA,NA,NA,NA,NA,NA,NA,NA,"IMPDv1:IMPD_16657",1637,"IMPDv1","IMPD_16657",NA,380.5,380.5,"cm",NA,"Radiocarbon","concentrated charcoal",10740,80,12820,NA,"CAMS 110951",TRUE,NA,"na Date is in uncalibrated radiocarbon years.","Xindi - charcoal db_SIEVED","counted","NaN-NaN",NA,NA,"",10740,10660,10820,10740,380.5,NA,"na Date is in uncalibrated radiocarbon years.",". Cal curve: NA. Source DB: IMPDv1","Lacustrine","Carbon-14","Radiocarbon",-52,18017,"Calibrated radiocarbon years BP","sedimentary charcoal","Data Sourcing: IMPDv1 #charcoal_recommendedformat","Sample Age Source: IMPDv1"
"1637",225,"charcoal | num",112.5,112.75,113,0.5,11923.5,11912,11935,"IMPDv1","Charcoal (sum)","(additional options)",NA,NA,"False","False","number","Macroscopic charcoal (sieved)","direct",NA,"CHAR",0,NA,NA,"quant_raw",5,"volume","cm^3","IMPDv1","IMPD_16657","charcoal","count","char","wet_sieve","particle","num","count","no_size","num","IMPDv1","measured",1,"IMPDv1",NA,"Xindi - charcoal db",67.111667,-159.491667,NA,"north",NA,NA,"sedlac",1637,0,NA,"Higuera,P.E.;Brubaker,L.B.;Anderson,P.M.;Hu,F.S.;Brown,T.A.;. Xindi - charcoal db. NOAA/WDS Paleoclimatology IMPD study 16657",NA,NA,NA,NA,NA,NA,NA,NA,NA,NA,NA,NA,NA,NA,"https://www.ncei.noaa.gov/access/paleo-search/study/16657",NA,NA,NA,NA,"noaa_study_id=16657; original pub in IMPD datafile header","IMPDv1:IMPD_16657",1637,"Brubaker,L.B.",1,"Brubaker","L.B.",NA,NA,NA,NA,NA,NA,NA,NA,NA,"IMPDv1:IMPD_16657",1637,"IMPDv1","IMPD_16657",NA,380.5,380.5,"cm",NA,"Radiocarbon","concentrated charcoal",10740,80,12820,NA,"CAMS 110951",TRUE,NA,"na Date is in uncalibrated radiocarbon years.","Xindi - charcoal db_SIEVED","counted","NaN-NaN",NA,NA,"",10740,10660,10820,10740,380.5,NA,"na Date is in uncalibrated radiocarbon years.",". Cal curve: NA. Source DB: IMPDv1","Lacustrine","Carbon-14","Radiocarbon",-52,18017,"Calibrated radiocarbon years BP","sedimentary charcoal","Data Sourcing: IMPDv1 #charcoal_recommendedformat","Sample Age Source: IMPDv1"
"1637",226,"charcoal | num",113,113.25,113.5,0.5,11946,11935,11957,"IMPDv1","Charcoal (sum)","(additional options)",NA,NA,"False","False","number","Macroscopic charcoal (sieved)","direct",NA,"CHAR",4,NA,NA,"quant_raw",5,"volume","cm^3","IMPDv1","IMPD_16657","charcoal","count","char","wet_sieve","particle","num","count","no_size","num","IMPDv1","measured",1,"IMPDv1",NA,"Xindi - charcoal db",67.111667,-159.491667,NA,"north",NA,NA,"sedlac",1637,0,NA,"Higuera,P.E.;Brubaker,L.B.;Anderson,P.M.;Hu,F.S.;Brown,T.A.;. Xindi - charcoal db. NOAA/WDS Paleoclimatology IMPD study 16657",NA,NA,NA,NA,NA,NA,NA,NA,NA,NA,NA,NA,NA,NA,"https://www.ncei.noaa.gov/access/paleo-search/study/16657",NA,NA,NA,NA,"noaa_study_id=16657; original pub in IMPD datafile header","IMPDv1:IMPD_16657",1637,"Brubaker,L.B.",1,"Brubaker","L.B.",NA,NA,NA,NA,NA,NA,NA,NA,NA,"IMPDv1:IMPD_16657",1637,"IMPDv1","IMPD_16657",NA,380.5,380.5,"cm",NA,"Radiocarbon","concentrated charcoal",10740,80,12820,NA,"CAMS 110951",TRUE,NA,"na Date is in uncalibrated radiocarbon years.","Xindi - charcoal db_SIEVED","counted","NaN-NaN",NA,NA,"",10740,10660,10820,10740,380.5,NA,"na Date is in uncalibrated radiocarbon years.",". Cal curve: NA. Source DB: IMPDv1","Lacustrine","Carbon-14","Radiocarbon",-52,18017,"Calibrated radiocarbon years BP","sedimentary charcoal","Data Sourcing: IMPDv1 #charcoal_recommendedformat","Sample Age Source: IMPDv1"
"1637",227,"charcoal | num",113.5,113.75,114,0.5,11968.5,11957,11980,"IMPDv1","Charcoal (sum)","(additional options)",NA,NA,"False","False","number","Macroscopic charcoal (sieved)","direct",NA,"CHAR",1,NA,NA,"quant_raw",5,"volume","cm^3","IMPDv1","IMPD_16657","charcoal","count","char","wet_sieve","particle","num","count","no_size","num","IMPDv1","measured",1,"IMPDv1",NA,"Xindi - charcoal db",67.111667,-159.491667,NA,"north",NA,NA,"sedlac",1637,0,NA,"Higuera,P.E.;Brubaker,L.B.;Anderson,P.M.;Hu,F.S.;Brown,T.A.;. Xindi - charcoal db. NOAA/WDS Paleoclimatology IMPD study 16657",NA,NA,NA,NA,NA,NA,NA,NA,NA,NA,NA,NA,NA,NA,"https://www.ncei.noaa.gov/access/paleo-search/study/16657",NA,NA,NA,NA,"noaa_study_id=16657; original pub in IMPD datafile header","IMPDv1:IMPD_16657",1637,"Brubaker,L.B.",1,"Brubaker","L.B.",NA,NA,NA,NA,NA,NA,NA,NA,NA,"IMPDv1:IMPD_16657",1637,"IMPDv1","IMPD_16657",NA,380.5,380.5,"cm",NA,"Radiocarbon","concentrated charcoal",10740,80,12820,NA,"CAMS 110951",TRUE,NA,"na Date is in uncalibrated radiocarbon years.","Xindi - charcoal db_SIEVED","counted","NaN-NaN",NA,NA,"",10740,10660,10820,10740,380.5,NA,"na Date is in uncalibrated radiocarbon years.",". Cal curve: NA. Source DB: IMPDv1","Lacustrine","Carbon-14","Radiocarbon",-52,18017,"Calibrated radiocarbon years BP","sedimentary charcoal","Data Sourcing: IMPDv1 #charcoal_recommendedformat","Sample Age Source: IMPDv1"
"1637",228,"charcoal | num",114,114.25,114.5,0.5,11991,11980,12002,"IMPDv1","Charcoal (sum)","(additional options)",NA,NA,"False","False","number","Macroscopic charcoal (sieved)","direct",NA,"CHAR",1,NA,NA,"quant_raw",5,"volume","cm^3","IMPDv1","IMPD_16657","charcoal","count","char","wet_sieve","particle","num","count","no_size","num","IMPDv1","measured",1,"IMPDv1",NA,"Xindi - charcoal db",67.111667,-159.491667,NA,"north",NA,NA,"sedlac",1637,0,NA,"Higuera,P.E.;Brubaker,L.B.;Anderson,P.M.;Hu,F.S.;Brown,T.A.;. Xindi - charcoal db. NOAA/WDS Paleoclimatology IMPD study 16657",NA,NA,NA,NA,NA,NA,NA,NA,NA,NA,NA,NA,NA,NA,"https://www.ncei.noaa.gov/access/paleo-search/study/16657",NA,NA,NA,NA,"noaa_study_id=16657; original pub in IMPD datafile header","IMPDv1:IMPD_16657",1637,"Brubaker,L.B.",1,"Brubaker","L.B.",NA,NA,NA,NA,NA,NA,NA,NA,NA,"IMPDv1:IMPD_16657",1637,"IMPDv1","IMPD_16657",NA,380.5,380.5,"cm",NA,"Radiocarbon","concentrated charcoal",10740,80,12820,NA,"CAMS 110951",TRUE,NA,"na Date is in uncalibrated radiocarbon years.","Xindi - charcoal db_SIEVED","counted","NaN-NaN",NA,NA,"",10740,10660,10820,10740,380.5,NA,"na Date is in uncalibrated radiocarbon years.",". Cal curve: NA. Source DB: IMPDv1","Lacustrine","Carbon-14","Radiocarbon",-52,18017,"Calibrated radiocarbon years BP","sedimentary charcoal","Data Sourcing: IMPDv1 #charcoal_recommendedformat","Sample Age Source: IMPDv1"
"1637",229,"charcoal | num",114.5,114.75,115,0.5,12013,12002,12024,"IMPDv1","Charcoal (sum)","(additional options)",NA,NA,"False","False","number","Macroscopic charcoal (sieved)","direct",NA,"CHAR",0,NA,NA,"quant_raw",5,"volume","cm^3","IMPDv1","IMPD_16657","charcoal","count","char","wet_sieve","particle","num","count","no_size","num","IMPDv1","measured",1,"IMPDv1",NA,"Xindi - charcoal db",67.111667,-159.491667,NA,"north",NA,NA,"sedlac",1637,0,NA,"Higuera,P.E.;Brubaker,L.B.;Anderson,P.M.;Hu,F.S.;Brown,T.A.;. Xindi - charcoal db. NOAA/WDS Paleoclimatology IMPD study 16657",NA,NA,NA,NA,NA,NA,NA,NA,NA,NA,NA,NA,NA,NA,"https://www.ncei.noaa.gov/access/paleo-search/study/16657",NA,NA,NA,NA,"noaa_study_id=16657; original pub in IMPD datafile header","IMPDv1:IMPD_16657",1637,"Brubaker,L.B.",1,"Brubaker","L.B.",NA,NA,NA,NA,NA,NA,NA,NA,NA,"IMPDv1:IMPD_16657",1637,"IMPDv1","IMPD_16657",NA,380.5,380.5,"cm",NA,"Radiocarbon","concentrated charcoal",10740,80,12820,NA,"CAMS 110951",TRUE,NA,"na Date is in uncalibrated radiocarbon years.","Xindi - charcoal db_SIEVED","counted","NaN-NaN",NA,NA,"",10740,10660,10820,10740,380.5,NA,"na Date is in uncalibrated radiocarbon years.",". Cal curve: NA. Source DB: IMPDv1","Lacustrine","Carbon-14","Radiocarbon",-52,18017,"Calibrated radiocarbon years BP","sedimentary charcoal","Data Sourcing: IMPDv1 #charcoal_recommendedformat","Sample Age Source: IMPDv1"
"1637",230,"charcoal | num",115,115.25,115.5,0.5,12034.5,12024,12045,"IMPDv1","Charcoal (sum)","(additional options)",NA,NA,"False","False","number","Macroscopic charcoal (sieved)","direct",NA,"CHAR",61,NA,NA,"quant_raw",5,"volume","cm^3","IMPDv1","IMPD_16657","charcoal","count","char","wet_sieve","particle","num","count","no_size","num","IMPDv1","measured",1,"IMPDv1",NA,"Xindi - charcoal db",67.111667,-159.491667,NA,"north",NA,NA,"sedlac",1637,0,NA,"Higuera,P.E.;Brubaker,L.B.;Anderson,P.M.;Hu,F.S.;Brown,T.A.;. Xindi - charcoal db. NOAA/WDS Paleoclimatology IMPD study 16657",NA,NA,NA,NA,NA,NA,NA,NA,NA,NA,NA,NA,NA,NA,"https://www.ncei.noaa.gov/access/paleo-search/study/16657",NA,NA,NA,NA,"noaa_study_id=16657; original pub in IMPD datafile header","IMPDv1:IMPD_16657",1637,"Brubaker,L.B.",1,"Brubaker","L.B.",NA,NA,NA,NA,NA,NA,NA,NA,NA,"IMPDv1:IMPD_16657",1637,"IMPDv1","IMPD_16657",NA,380.5,380.5,"cm",NA,"Radiocarbon","concentrated charcoal",10740,80,12820,NA,"CAMS 110951",TRUE,NA,"na Date is in uncalibrated radiocarbon years.","Xindi - charcoal db_SIEVED","counted","NaN-NaN",NA,NA,"",10740,10660,10820,10740,380.5,NA,"na Date is in uncalibrated radiocarbon years.",". Cal curve: NA. Source DB: IMPDv1","Lacustrine","Carbon-14","Radiocarbon",-52,18017,"Calibrated radiocarbon years BP","sedimentary charcoal","Data Sourcing: IMPDv1 #charcoal_recommendedformat","Sample Age Source: IMPDv1"
"1637",231,"charcoal | num",115.5,115.75,116,0.5,12056,12045,12067,"IMPDv1","Charcoal (sum)","(additional options)",NA,NA,"False","False","number","Macroscopic charcoal (sieved)","direct",NA,"CHAR",44,NA,NA,"quant_raw",5,"volume","cm^3","IMPDv1","IMPD_16657","charcoal","count","char","wet_sieve","particle","num","count","no_size","num","IMPDv1","measured",1,"IMPDv1",NA,"Xindi - charcoal db",67.111667,-159.491667,NA,"north",NA,NA,"sedlac",1637,0,NA,"Higuera,P.E.;Brubaker,L.B.;Anderson,P.M.;Hu,F.S.;Brown,T.A.;. Xindi - charcoal db. NOAA/WDS Paleoclimatology IMPD study 16657",NA,NA,NA,NA,NA,NA,NA,NA,NA,NA,NA,NA,NA,NA,"https://www.ncei.noaa.gov/access/paleo-search/study/16657",NA,NA,NA,NA,"noaa_study_id=16657; original pub in IMPD datafile header","IMPDv1:IMPD_16657",1637,"Brubaker,L.B.",1,"Brubaker","L.B.",NA,NA,NA,NA,NA,NA,NA,NA,NA,"IMPDv1:IMPD_16657",1637,"IMPDv1","IMPD_16657",NA,380.5,380.5,"cm",NA,"Radiocarbon","concentrated charcoal",10740,80,12820,NA,"CAMS 110951",TRUE,NA,"na Date is in uncalibrated radiocarbon years.","Xindi - charcoal db_SIEVED","counted","NaN-NaN",NA,NA,"",10740,10660,10820,10740,380.5,NA,"na Date is in uncalibrated radiocarbon years.",". Cal curve: NA. Source DB: IMPDv1","Lacustrine","Carbon-14","Radiocarbon",-52,18017,"Calibrated radiocarbon years BP","sedimentary charcoal","Data Sourcing: IMPDv1 #charcoal_recommendedformat","Sample Age Source: IMPDv1"
"1637",232,"charcoal | num",116,116.25,116.5,0.5,12077.5,12067,12088,"IMPDv1","Charcoal (sum)","(additional options)",NA,NA,"False","False","number","Macroscopic charcoal (sieved)","direct",NA,"CHAR",0,NA,NA,"quant_raw",5,"volume","cm^3","IMPDv1","IMPD_16657","charcoal","count","char","wet_sieve","particle","num","count","no_size","num","IMPDv1","measured",1,"IMPDv1",NA,"Xindi - charcoal db",67.111667,-159.491667,NA,"north",NA,NA,"sedlac",1637,0,NA,"Higuera,P.E.;Brubaker,L.B.;Anderson,P.M.;Hu,F.S.;Brown,T.A.;. Xindi - charcoal db. NOAA/WDS Paleoclimatology IMPD study 16657",NA,NA,NA,NA,NA,NA,NA,NA,NA,NA,NA,NA,NA,NA,"https://www.ncei.noaa.gov/access/paleo-search/study/16657",NA,NA,NA,NA,"noaa_study_id=16657; original pub in IMPD datafile header","IMPDv1:IMPD_16657",1637,"Anderson,P.M.",1,"Anderson","P.M.",NA,NA,NA,NA,NA,NA,NA,NA,NA,"IMPDv1:IMPD_16657",1637,"IMPDv1","IMPD_16657",NA,380.5,380.5,"cm",NA,"Radiocarbon","concentrated charcoal",10740,80,12820,NA,"CAMS 110951",TRUE,NA,"na Date is in uncalibrated radiocarbon years.","Xindi - charcoal db_SIEVED","counted","NaN-NaN",NA,NA,"",10740,10660,10820,10740,380.5,NA,"na Date is in uncalibrated radiocarbon years.",". Cal curve: NA. Source DB: IMPDv1","Lacustrine","Carbon-14","Radiocarbon",-52,18017,"Calibrated radiocarbon years BP","sedimentary charcoal","Data Sourcing: IMPDv1 #charcoal_recommendedformat","Sample Age Source: IMPDv1"
"1637",233,"charcoal | num",116.5,116.75,117,0.5,12099,12088,12110,"IMPDv1","Charcoal (sum)","(additional options)",NA,NA,"False","False","number","Macroscopic charcoal (sieved)","direct",NA,"CHAR",0,NA,NA,"quant_raw",5,"volume","cm^3","IMPDv1","IMPD_16657","charcoal","count","char","wet_sieve","particle","num","count","no_size","num","IMPDv1","measured",1,"IMPDv1",NA,"Xindi - charcoal db",67.111667,-159.491667,NA,"north",NA,NA,"sedlac",1637,0,NA,"Higuera,P.E.;Brubaker,L.B.;Anderson,P.M.;Hu,F.S.;Brown,T.A.;. Xindi - charcoal db. NOAA/WDS Paleoclimatology IMPD study 16657",NA,NA,NA,NA,NA,NA,NA,NA,NA,NA,NA,NA,NA,NA,"https://www.ncei.noaa.gov/access/paleo-search/study/16657",NA,NA,NA,NA,"noaa_study_id=16657; original pub in IMPD datafile header","IMPDv1:IMPD_16657",1637,"Anderson,P.M.",1,"Anderson","P.M.",NA,NA,NA,NA,NA,NA,NA,NA,NA,"IMPDv1:IMPD_16657",1637,"IMPDv1","IMPD_16657",NA,380.5,380.5,"cm",NA,"Radiocarbon","concentrated charcoal",10740,80,12820,NA,"CAMS 110951",TRUE,NA,"na Date is in uncalibrated radiocarbon years.","Xindi - charcoal db_SIEVED","counted","NaN-NaN",NA,NA,"",10740,10660,10820,10740,380.5,NA,"na Date is in uncalibrated radiocarbon years.",". Cal curve: NA. Source DB: IMPDv1","Lacustrine","Carbon-14","Radiocarbon",-52,18017,"Calibrated radiocarbon years BP","sedimentary charcoal","Data Sourcing: IMPDv1 #charcoal_recommendedformat","Sample Age Source: IMPDv1"
"1637",234,"charcoal | num",117,117.25,117.5,0.5,12120.5,12110,12131,"IMPDv1","Charcoal (sum)","(additional options)",NA,NA,"False","False","number","Macroscopic charcoal (sieved)","direct",NA,"CHAR",6,NA,NA,"quant_raw",5,"volume","cm^3","IMPDv1","IMPD_16657","charcoal","count","char","wet_sieve","particle","num","count","no_size","num","IMPDv1","measured",1,"IMPDv1",NA,"Xindi - charcoal db",67.111667,-159.491667,NA,"north",NA,NA,"sedlac",1637,0,NA,"Higuera,P.E.;Brubaker,L.B.;Anderson,P.M.;Hu,F.S.;Brown,T.A.;. Xindi - charcoal db. NOAA/WDS Paleoclimatology IMPD study 16657",NA,NA,NA,NA,NA,NA,NA,NA,NA,NA,NA,NA,NA,NA,"https://www.ncei.noaa.gov/access/paleo-search/study/16657",NA,NA,NA,NA,"noaa_study_id=16657; original pub in IMPD datafile header","IMPDv1:IMPD_16657",1637,"Anderson,P.M.",1,"Anderson","P.M.",NA,NA,NA,NA,NA,NA,NA,NA,NA,"IMPDv1:IMPD_16657",1637,"IMPDv1","IMPD_16657",NA,423.9,423.9,"cm",NA,"Radiocarbon","concentrated charcoal",10870,80,12860,NA,"CAMS 122362",TRUE,NA,"na Date is in uncalibrated radiocarbon years.","Xindi - charcoal db_SIEVED","counted","NaN-NaN",NA,NA,"",10870,10790,10950,10870,423.9,NA,"na Date is in uncalibrated radiocarbon years.",". Cal curve: NA. Source DB: IMPDv1","Lacustrine","Carbon-14","Radiocarbon",-52,18017,"Calibrated radiocarbon years BP","sedimentary charcoal","Data Sourcing: IMPDv1 #charcoal_recommendedformat","Sample Age Source: IMPDv1"
"1637",235,"charcoal | num",117.5,117.75,118,0.5,12141.5,12131,12152,"IMPDv1","Charcoal (sum)","(additional options)",NA,NA,"False","False","number","Macroscopic charcoal (sieved)","direct",NA,"CHAR",13,NA,NA,"quant_raw",5,"volume","cm^3","IMPDv1","IMPD_16657","charcoal","count","char","wet_sieve","particle","num","count","no_size","num","IMPDv1","measured",1,"IMPDv1",NA,"Xindi - charcoal db",67.111667,-159.491667,NA,"north",NA,NA,"sedlac",1637,0,NA,"Higuera,P.E.;Brubaker,L.B.;Anderson,P.M.;Hu,F.S.;Brown,T.A.;. Xindi - charcoal db. NOAA/WDS Paleoclimatology IMPD study 16657",NA,NA,NA,NA,NA,NA,NA,NA,NA,NA,NA,NA,NA,NA,"https://www.ncei.noaa.gov/access/paleo-search/study/16657",NA,NA,NA,NA,"noaa_study_id=16657; original pub in IMPD datafile header","IMPDv1:IMPD_16657",1637,"Anderson,P.M.",1,"Anderson","P.M.",NA,NA,NA,NA,NA,NA,NA,NA,NA,"IMPDv1:IMPD_16657",1637,"IMPDv1","IMPD_16657",NA,423.9,423.9,"cm",NA,"Radiocarbon","concentrated charcoal",10870,80,12860,NA,"CAMS 122362",TRUE,NA,"na Date is in uncalibrated radiocarbon years.","Xindi - charcoal db_SIEVED","counted","NaN-NaN",NA,NA,"",10870,10790,10950,10870,423.9,NA,"na Date is in uncalibrated radiocarbon years.",". Cal curve: NA. Source DB: IMPDv1","Lacustrine","Carbon-14","Radiocarbon",-52,18017,"Calibrated radiocarbon years BP","sedimentary charcoal","Data Sourcing: IMPDv1 #charcoal_recommendedformat","Sample Age Source: IMPDv1"
"1637",236,"charcoal | num",118,118.25,118.5,0.5,12162,12152,12172,"IMPDv1","Charcoal (sum)","(additional options)",NA,NA,"False","False","number","Macroscopic charcoal (sieved)","direct",NA,"CHAR",1,NA,NA,"quant_raw",5,"volume","cm^3","IMPDv1","IMPD_16657","charcoal","count","char","wet_sieve","particle","num","count","no_size","num","IMPDv1","measured",1,"IMPDv1",NA,"Xindi - charcoal db",67.111667,-159.491667,NA,"north",NA,NA,"sedlac",1637,0,NA,"Higuera,P.E.;Brubaker,L.B.;Anderson,P.M.;Hu,F.S.;Brown,T.A.;. Xindi - charcoal db. NOAA/WDS Paleoclimatology IMPD study 16657",NA,NA,NA,NA,NA,NA,NA,NA,NA,NA,NA,NA,NA,NA,"https://www.ncei.noaa.gov/access/paleo-search/study/16657",NA,NA,NA,NA,"noaa_study_id=16657; original pub in IMPD datafile header","IMPDv1:IMPD_16657",1637,"Anderson,P.M.",1,"Anderson","P.M.",NA,NA,NA,NA,NA,NA,NA,NA,NA,"IMPDv1:IMPD_16657",1637,"IMPDv1","IMPD_16657",NA,423.9,423.9,"cm",NA,"Radiocarbon","concentrated charcoal",10870,80,12860,NA,"CAMS 122362",TRUE,NA,"na Date is in uncalibrated radiocarbon years.","Xindi - charcoal db_SIEVED","counted","NaN-NaN",NA,NA,"",10870,10790,10950,10870,423.9,NA,"na Date is in uncalibrated radiocarbon years.",". Cal curve: NA. Source DB: IMPDv1","Lacustrine","Carbon-14","Radiocarbon",-52,18017,"Calibrated radiocarbon years BP","sedimentary charcoal","Data Sourcing: IMPDv1 #charcoal_recommendedformat","Sample Age Source: IMPDv1"
"1637",237,"charcoal | num",118.5,118.75,119,0.5,12182.5,12172,12193,"IMPDv1","Charcoal (sum)","(additional options)",NA,NA,"False","False","number","Macroscopic charcoal (sieved)","direct",NA,"CHAR",14,NA,NA,"quant_raw",5,"volume","cm^3","IMPDv1","IMPD_16657","charcoal","count","char","wet_sieve","particle","num","count","no_size","num","IMPDv1","measured",1,"IMPDv1",NA,"Xindi - charcoal db",67.111667,-159.491667,NA,"north",NA,NA,"sedlac",1637,0,NA,"Higuera,P.E.;Brubaker,L.B.;Anderson,P.M.;Hu,F.S.;Brown,T.A.;. Xindi - charcoal db. NOAA/WDS Paleoclimatology IMPD study 16657",NA,NA,NA,NA,NA,NA,NA,NA,NA,NA,NA,NA,NA,NA,"https://www.ncei.noaa.gov/access/paleo-search/study/16657",NA,NA,NA,NA,"noaa_study_id=16657; original pub in IMPD datafile header","IMPDv1:IMPD_16657",1637,"Anderson,P.M.",1,"Anderson","P.M.",NA,NA,NA,NA,NA,NA,NA,NA,NA,"IMPDv1:IMPD_16657",1637,"IMPDv1","IMPD_16657",NA,423.9,423.9,"cm",NA,"Radiocarbon","concentrated charcoal",10870,80,12860,NA,"CAMS 122362",TRUE,NA,"na Date is in uncalibrated radiocarbon years.","Xindi - charcoal db_SIEVED","counted","NaN-NaN",NA,NA,"",10870,10790,10950,10870,423.9,NA,"na Date is in uncalibrated radiocarbon years.",". Cal curve: NA. Source DB: IMPDv1","Lacustrine","Carbon-14","Radiocarbon",-52,18017,"Calibrated radiocarbon years BP","sedimentary charcoal","Data Sourcing: IMPDv1 #charcoal_recommendedformat","Sample Age Source: IMPDv1"
"1637",238,"charcoal | num",119,119.25,119.5,0.5,12203,12193,12213,"IMPDv1","Charcoal (sum)","(additional options)",NA,NA,"False","False","number","Macroscopic charcoal (sieved)","direct",NA,"CHAR",6,NA,NA,"quant_raw",5,"volume","cm^3","IMPDv1","IMPD_16657","charcoal","count","char","wet_sieve","particle","num","count","no_size","num","IMPDv1","measured",1,"IMPDv1",NA,"Xindi - charcoal db",67.111667,-159.491667,NA,"north",NA,NA,"sedlac",1637,0,NA,"Higuera,P.E.;Brubaker,L.B.;Anderson,P.M.;Hu,F.S.;Brown,T.A.;. Xindi - charcoal db. NOAA/WDS Paleoclimatology IMPD study 16657",NA,NA,NA,NA,NA,NA,NA,NA,NA,NA,NA,NA,NA,NA,"https://www.ncei.noaa.gov/access/paleo-search/study/16657",NA,NA,NA,NA,"noaa_study_id=16657; original pub in IMPD datafile header","IMPDv1:IMPD_16657",1637,"Anderson,P.M.",1,"Anderson","P.M.",NA,NA,NA,NA,NA,NA,NA,NA,NA,"IMPDv1:IMPD_16657",1637,"IMPDv1","IMPD_16657",NA,423.9,423.9,"cm",NA,"Radiocarbon","concentrated charcoal",10870,80,12860,NA,"CAMS 122362",TRUE,NA,"na Date is in uncalibrated radiocarbon years.","Xindi - charcoal db_SIEVED","counted","NaN-NaN",NA,NA,"",10870,10790,10950,10870,423.9,NA,"na Date is in uncalibrated radiocarbon years.",". Cal curve: NA. Source DB: IMPDv1","Lacustrine","Carbon-14","Radiocarbon",-52,18017,"Calibrated radiocarbon years BP","sedimentary charcoal","Data Sourcing: IMPDv1 #charcoal_recommendedformat","Sample Age Source: IMPDv1"
"1637",239,"charcoal | num",119.5,119.75,120,0.5,12223.5,12213,12234,"IMPDv1","Charcoal (sum)","(additional options)",NA,NA,"False","False","number","Macroscopic charcoal (sieved)","direct",NA,"CHAR",3,NA,NA,"quant_raw",5,"volume","cm^3","IMPDv1","IMPD_16657","charcoal","count","char","wet_sieve","particle","num","count","no_size","num","IMPDv1","measured",1,"IMPDv1",NA,"Xindi - charcoal db",67.111667,-159.491667,NA,"north",NA,NA,"sedlac",1637,0,NA,"Higuera,P.E.;Brubaker,L.B.;Anderson,P.M.;Hu,F.S.;Brown,T.A.;. Xindi - charcoal db. NOAA/WDS Paleoclimatology IMPD study 16657",NA,NA,NA,NA,NA,NA,NA,NA,NA,NA,NA,NA,NA,NA,"https://www.ncei.noaa.gov/access/paleo-search/study/16657",NA,NA,NA,NA,"noaa_study_id=16657; original pub in IMPD datafile header","IMPDv1:IMPD_16657",1637,"Anderson,P.M.",1,"Anderson","P.M.",NA,NA,NA,NA,NA,NA,NA,NA,NA,"IMPDv1:IMPD_16657",1637,"IMPDv1","IMPD_16657",NA,423.9,423.9,"cm",NA,"Radiocarbon","concentrated charcoal",10870,80,12860,NA,"CAMS 122362",TRUE,NA,"na Date is in uncalibrated radiocarbon years.","Xindi - charcoal db_SIEVED","counted","NaN-NaN",NA,NA,"",10870,10790,10950,10870,423.9,NA,"na Date is in uncalibrated radiocarbon years.",". Cal curve: NA. Source DB: IMPDv1","Lacustrine","Carbon-14","Radiocarbon",-52,18017,"Calibrated radiocarbon years BP","sedimentary charcoal","Data Sourcing: IMPDv1 #charcoal_recommendedformat","Sample Age Source: IMPDv1"
"1637",240,"charcoal | num",120,120.25,120.5,0.5,12244,12234,12254,"IMPDv1","Charcoal (sum)","(additional options)",NA,NA,"False","False","number","Macroscopic charcoal (sieved)","direct",NA,"CHAR",4,NA,NA,"quant_raw",5,"volume","cm^3","IMPDv1","IMPD_16657","charcoal","count","char","wet_sieve","particle","num","count","no_size","num","IMPDv1","measured",1,"IMPDv1",NA,"Xindi - charcoal db",67.111667,-159.491667,NA,"north",NA,NA,"sedlac",1637,0,NA,"Higuera,P.E.;Brubaker,L.B.;Anderson,P.M.;Hu,F.S.;Brown,T.A.;. Xindi - charcoal db. NOAA/WDS Paleoclimatology IMPD study 16657",NA,NA,NA,NA,NA,NA,NA,NA,NA,NA,NA,NA,NA,NA,"https://www.ncei.noaa.gov/access/paleo-search/study/16657",NA,NA,NA,NA,"noaa_study_id=16657; original pub in IMPD datafile header","IMPDv1:IMPD_16657",1637,"Anderson,P.M.",1,"Anderson","P.M.",NA,NA,NA,NA,NA,NA,NA,NA,NA,"IMPDv1:IMPD_16657",1637,"IMPDv1","IMPD_16657",NA,423.9,423.9,"cm",NA,"Radiocarbon","concentrated charcoal",10870,80,12860,NA,"CAMS 122362",TRUE,NA,"na Date is in uncalibrated radiocarbon years.","Xindi - charcoal db_SIEVED","counted","NaN-NaN",NA,NA,"",10870,10790,10950,10870,423.9,NA,"na Date is in uncalibrated radiocarbon years.",". Cal curve: NA. Source DB: IMPDv1","Lacustrine","Carbon-14","Radiocarbon",-52,18017,"Calibrated radiocarbon years BP","sedimentary charcoal","Data Sourcing: IMPDv1 #charcoal_recommendedformat","Sample Age Source: IMPDv1"
"1637",241,"charcoal | num",120.5,120.75,121,0.5,12264,12254,12274,"IMPDv1","Charcoal (sum)","(additional options)",NA,NA,"False","False","number","Macroscopic charcoal (sieved)","direct",NA,"CHAR",7,NA,NA,"quant_raw",5,"volume","cm^3","IMPDv1","IMPD_16657","charcoal","count","char","wet_sieve","particle","num","count","no_size","num","IMPDv1","measured",1,"IMPDv1",NA,"Xindi - charcoal db",67.111667,-159.491667,NA,"north",NA,NA,"sedlac",1637,0,NA,"Higuera,P.E.;Brubaker,L.B.;Anderson,P.M.;Hu,F.S.;Brown,T.A.;. Xindi - charcoal db. NOAA/WDS Paleoclimatology IMPD study 16657",NA,NA,NA,NA,NA,NA,NA,NA,NA,NA,NA,NA,NA,NA,"https://www.ncei.noaa.gov/access/paleo-search/study/16657",NA,NA,NA,NA,"noaa_study_id=16657; original pub in IMPD datafile header","IMPDv1:IMPD_16657",1637,"Anderson,P.M.",1,"Anderson","P.M.",NA,NA,NA,NA,NA,NA,NA,NA,NA,"IMPDv1:IMPD_16657",1637,"IMPDv1","IMPD_16657",NA,423.9,423.9,"cm",NA,"Radiocarbon","concentrated charcoal",10870,80,12860,NA,"CAMS 122362",TRUE,NA,"na Date is in uncalibrated radiocarbon years.","Xindi - charcoal db_SIEVED","counted","NaN-NaN",NA,NA,"",10870,10790,10950,10870,423.9,NA,"na Date is in uncalibrated radiocarbon years.",". Cal curve: NA. Source DB: IMPDv1","Lacustrine","Carbon-14","Radiocarbon",-52,18017,"Calibrated radiocarbon years BP","sedimentary charcoal","Data Sourcing: IMPDv1 #charcoal_recommendedformat","Sample Age Source: IMPDv1"
"1637",242,"charcoal | num",121,121.25,121.5,0.5,12284,12274,12294,"IMPDv1","Charcoal (sum)","(additional options)",NA,NA,"False","False","number","Macroscopic charcoal (sieved)","direct",NA,"CHAR",10,NA,NA,"quant_raw",5,"volume","cm^3","IMPDv1","IMPD_16657","charcoal","count","char","wet_sieve","particle","num","count","no_size","num","IMPDv1","measured",1,"IMPDv1",NA,"Xindi - charcoal db",67.111667,-159.491667,NA,"north",NA,NA,"sedlac",1637,0,NA,"Higuera,P.E.;Brubaker,L.B.;Anderson,P.M.;Hu,F.S.;Brown,T.A.;. Xindi - charcoal db. NOAA/WDS Paleoclimatology IMPD study 16657",NA,NA,NA,NA,NA,NA,NA,NA,NA,NA,NA,NA,NA,NA,"https://www.ncei.noaa.gov/access/paleo-search/study/16657",NA,NA,NA,NA,"noaa_study_id=16657; original pub in IMPD datafile header","IMPDv1:IMPD_16657",1637,"Anderson,P.M.",1,"Anderson","P.M.",NA,NA,NA,NA,NA,NA,NA,NA,NA,"IMPDv1:IMPD_16657",1637,"IMPDv1","IMPD_16657",NA,423.9,423.9,"cm",NA,"Radiocarbon","concentrated charcoal",10870,80,12860,NA,"CAMS 122362",TRUE,NA,"na Date is in uncalibrated radiocarbon years.","Xindi - charcoal db_SIEVED","counted","NaN-NaN",NA,NA,"",10870,10790,10950,10870,423.9,NA,"na Date is in uncalibrated radiocarbon years.",". Cal curve: NA. Source DB: IMPDv1","Lacustrine","Carbon-14","Radiocarbon",-52,18017,"Calibrated radiocarbon years BP","sedimentary charcoal","Data Sourcing: IMPDv1 #charcoal_recommendedformat","Sample Age Source: IMPDv1"
"1637",243,"charcoal | num",121.5,121.75,122,0.5,12303.5,12294,12313,"IMPDv1","Charcoal (sum)","(additional options)",NA,NA,"False","False","number","Macroscopic charcoal (sieved)","direct",NA,"CHAR",0,NA,NA,"quant_raw",5,"volume","cm^3","IMPDv1","IMPD_16657","charcoal","count","char","wet_sieve","particle","num","count","no_size","num","IMPDv1","measured",1,"IMPDv1",NA,"Xindi - charcoal db",67.111667,-159.491667,NA,"north",NA,NA,"sedlac",1637,0,NA,"Higuera,P.E.;Brubaker,L.B.;Anderson,P.M.;Hu,F.S.;Brown,T.A.;. Xindi - charcoal db. NOAA/WDS Paleoclimatology IMPD study 16657",NA,NA,NA,NA,NA,NA,NA,NA,NA,NA,NA,NA,NA,NA,"https://www.ncei.noaa.gov/access/paleo-search/study/16657",NA,NA,NA,NA,"noaa_study_id=16657; original pub in IMPD datafile header","IMPDv1:IMPD_16657",1637,"Anderson,P.M.",1,"Anderson","P.M.",NA,NA,NA,NA,NA,NA,NA,NA,NA,"IMPDv1:IMPD_16657",1637,"IMPDv1","IMPD_16657",NA,423.9,423.9,"cm",NA,"Radiocarbon","concentrated charcoal",10870,80,12860,NA,"CAMS 122362",TRUE,NA,"na Date is in uncalibrated radiocarbon years.","Xindi - charcoal db_SIEVED","counted","NaN-NaN",NA,NA,"",10870,10790,10950,10870,423.9,NA,"na Date is in uncalibrated radiocarbon years.",". Cal curve: NA. Source DB: IMPDv1","Lacustrine","Carbon-14","Radiocarbon",-52,18017,"Calibrated radiocarbon years BP","sedimentary charcoal","Data Sourcing: IMPDv1 #charcoal_recommendedformat","Sample Age Source: IMPDv1"
"1637",244,"charcoal | num",122,122.25,122.5,0.5,12323,12313,12333,"IMPDv1","Charcoal (sum)","(additional options)",NA,NA,"False","False","number","Macroscopic charcoal (sieved)","direct",NA,"CHAR",1,NA,NA,"quant_raw",5,"volume","cm^3","IMPDv1","IMPD_16657","charcoal","count","char","wet_sieve","particle","num","count","no_size","num","IMPDv1","measured",1,"IMPDv1",NA,"Xindi - charcoal db",67.111667,-159.491667,NA,"north",NA,NA,"sedlac",1637,0,NA,"Higuera,P.E.;Brubaker,L.B.;Anderson,P.M.;Hu,F.S.;Brown,T.A.;. Xindi - charcoal db. NOAA/WDS Paleoclimatology IMPD study 16657",NA,NA,NA,NA,NA,NA,NA,NA,NA,NA,NA,NA,NA,NA,"https://www.ncei.noaa.gov/access/paleo-search/study/16657",NA,NA,NA,NA,"noaa_study_id=16657; original pub in IMPD datafile header","IMPDv1:IMPD_16657",1637,"Anderson,P.M.",1,"Anderson","P.M.",NA,NA,NA,NA,NA,NA,NA,NA,NA,"IMPDv1:IMPD_16657",1637,"IMPDv1","IMPD_16657",NA,423.9,423.9,"cm",NA,"Radiocarbon","concentrated charcoal",10870,80,12860,NA,"CAMS 122362",TRUE,NA,"na Date is in uncalibrated radiocarbon years.","Xindi - charcoal db_SIEVED","counted","NaN-NaN",NA,NA,"",10870,10790,10950,10870,423.9,NA,"na Date is in uncalibrated radiocarbon years.",". Cal curve: NA. Source DB: IMPDv1","Lacustrine","Carbon-14","Radiocarbon",-52,18017,"Calibrated radiocarbon years BP","sedimentary charcoal","Data Sourcing: IMPDv1 #charcoal_recommendedformat","Sample Age Source: IMPDv1"
"1637",245,"charcoal | num",122.5,122.75,123,0.5,12342.5,12333,12352,"IMPDv1","Charcoal (sum)","(additional options)",NA,NA,"False","False","number","Macroscopic charcoal (sieved)","direct",NA,"CHAR",64,NA,NA,"quant_raw",5,"volume","cm^3","IMPDv1","IMPD_16657","charcoal","count","char","wet_sieve","particle","num","count","no_size","num","IMPDv1","measured",1,"IMPDv1",NA,"Xindi - charcoal db",67.111667,-159.491667,NA,"north",NA,NA,"sedlac",1637,0,NA,"Higuera,P.E.;Brubaker,L.B.;Anderson,P.M.;Hu,F.S.;Brown,T.A.;. Xindi - charcoal db. NOAA/WDS Paleoclimatology IMPD study 16657",NA,NA,NA,NA,NA,NA,NA,NA,NA,NA,NA,NA,NA,NA,"https://www.ncei.noaa.gov/access/paleo-search/study/16657",NA,NA,NA,NA,"noaa_study_id=16657; original pub in IMPD datafile header","IMPDv1:IMPD_16657",1637,"Anderson,P.M.",1,"Anderson","P.M.",NA,NA,NA,NA,NA,NA,NA,NA,NA,"IMPDv1:IMPD_16657",1637,"IMPDv1","IMPD_16657",NA,423.9,423.9,"cm",NA,"Radiocarbon","concentrated charcoal",10870,80,12860,NA,"CAMS 122362",TRUE,NA,"na Date is in uncalibrated radiocarbon years.","Xindi - charcoal db_SIEVED","counted","NaN-NaN",NA,NA,"",10870,10790,10950,10870,423.9,NA,"na Date is in uncalibrated radiocarbon years.",". Cal curve: NA. Source DB: IMPDv1","Lacustrine","Carbon-14","Radiocarbon",-52,18017,"Calibrated radiocarbon years BP","sedimentary charcoal","Data Sourcing: IMPDv1 #charcoal_recommendedformat","Sample Age Source: IMPDv1"
"1637",246,"charcoal | num",123,123.25,123.5,0.5,12362,12352,12372,"IMPDv1","Charcoal (sum)","(additional options)",NA,NA,"False","False","number","Macroscopic charcoal (sieved)","direct",NA,"CHAR",1,NA,NA,"quant_raw",5,"volume","cm^3","IMPDv1","IMPD_16657","charcoal","count","char","wet_sieve","particle","num","count","no_size","num","IMPDv1","measured",1,"IMPDv1",NA,"Xindi - charcoal db",67.111667,-159.491667,NA,"north",NA,NA,"sedlac",1637,0,NA,"Higuera,P.E.;Brubaker,L.B.;Anderson,P.M.;Hu,F.S.;Brown,T.A.;. Xindi - charcoal db. NOAA/WDS Paleoclimatology IMPD study 16657",NA,NA,NA,NA,NA,NA,NA,NA,NA,NA,NA,NA,NA,NA,"https://www.ncei.noaa.gov/access/paleo-search/study/16657",NA,NA,NA,NA,"noaa_study_id=16657; original pub in IMPD datafile header","IMPDv1:IMPD_16657",1637,"Anderson,P.M.",1,"Anderson","P.M.",NA,NA,NA,NA,NA,NA,NA,NA,NA,"IMPDv1:IMPD_16657",1637,"IMPDv1","IMPD_16657",NA,423.9,423.9,"cm",NA,"Radiocarbon","concentrated charcoal",10870,80,12860,NA,"CAMS 122362",TRUE,NA,"na Date is in uncalibrated radiocarbon years.","Xindi - charcoal db_SIEVED","counted","NaN-NaN",NA,NA,"",10870,10790,10950,10870,423.9,NA,"na Date is in uncalibrated radiocarbon years.",". Cal curve: NA. Source DB: IMPDv1","Lacustrine","Carbon-14","Radiocarbon",-52,18017,"Calibrated radiocarbon years BP","sedimentary charcoal","Data Sourcing: IMPDv1 #charcoal_recommendedformat","Sample Age Source: IMPDv1"
"1637",247,"charcoal | num",123.5,123.75,124,0.5,12381.5,12372,12391,"IMPDv1","Charcoal (sum)","(additional options)",NA,NA,"False","False","number","Macroscopic charcoal (sieved)","direct",NA,"CHAR",0,NA,NA,"quant_raw",5,"volume","cm^3","IMPDv1","IMPD_16657","charcoal","count","char","wet_sieve","particle","num","count","no_size","num","IMPDv1","measured",1,"IMPDv1",NA,"Xindi - charcoal db",67.111667,-159.491667,NA,"north",NA,NA,"sedlac",1637,0,NA,"Higuera,P.E.;Brubaker,L.B.;Anderson,P.M.;Hu,F.S.;Brown,T.A.;. Xindi - charcoal db. NOAA/WDS Paleoclimatology IMPD study 16657",NA,NA,NA,NA,NA,NA,NA,NA,NA,NA,NA,NA,NA,NA,"https://www.ncei.noaa.gov/access/paleo-search/study/16657",NA,NA,NA,NA,"noaa_study_id=16657; original pub in IMPD datafile header","IMPDv1:IMPD_16657",1637,"Anderson,P.M.",1,"Anderson","P.M.",NA,NA,NA,NA,NA,NA,NA,NA,NA,"IMPDv1:IMPD_16657",1637,"IMPDv1","IMPD_16657",NA,10.5,10.5,"cm",NA,"Radiocarbon","concentrated charcoal",1240,70,1159,NA,"CAMS 113558",TRUE,NA,"na Date is in uncalibrated radiocarbon years.","Xindi - charcoal db_SIEVED","counted","NaN-NaN",NA,NA,"",1240,1170,1310,1240,10.5,NA,"na Date is in uncalibrated radiocarbon years.",". Cal curve: NA. Source DB: IMPDv1","Lacustrine","Carbon-14","Radiocarbon",-52,18017,"Calibrated radiocarbon years BP","sedimentary charcoal","Data Sourcing: IMPDv1 #charcoal_recommendedformat","Sample Age Source: IMPDv1"
"1637",248,"charcoal | num",124,124.25,124.5,0.5,12400.5,12391,12410,"IMPDv1","Charcoal (sum)","(additional options)",NA,NA,"False","False","number","Macroscopic charcoal (sieved)","direct",NA,"CHAR",0,NA,NA,"quant_raw",5,"volume","cm^3","IMPDv1","IMPD_16657","charcoal","count","char","wet_sieve","particle","num","count","no_size","num","IMPDv1","measured",1,"IMPDv1",NA,"Xindi - charcoal db",67.111667,-159.491667,NA,"north",NA,NA,"sedlac",1637,0,NA,"Higuera,P.E.;Brubaker,L.B.;Anderson,P.M.;Hu,F.S.;Brown,T.A.;. Xindi - charcoal db. NOAA/WDS Paleoclimatology IMPD study 16657",NA,NA,NA,NA,NA,NA,NA,NA,NA,NA,NA,NA,NA,NA,"https://www.ncei.noaa.gov/access/paleo-search/study/16657",NA,NA,NA,NA,"noaa_study_id=16657; original pub in IMPD datafile header","IMPDv1:IMPD_16657",1637,"Anderson,P.M.",1,"Anderson","P.M.",NA,NA,NA,NA,NA,NA,NA,NA,NA,"IMPDv1:IMPD_16657",1637,"IMPDv1","IMPD_16657",NA,10.5,10.5,"cm",NA,"Radiocarbon","concentrated charcoal",1240,70,1159,NA,"CAMS 113558",TRUE,NA,"na Date is in uncalibrated radiocarbon years.","Xindi - charcoal db_SIEVED","counted","NaN-NaN",NA,NA,"",1240,1170,1310,1240,10.5,NA,"na Date is in uncalibrated radiocarbon years.",". Cal curve: NA. Source DB: IMPDv1","Lacustrine","Carbon-14","Radiocarbon",-52,18017,"Calibrated radiocarbon years BP","sedimentary charcoal","Data Sourcing: IMPDv1 #charcoal_recommendedformat","Sample Age Source: IMPDv1"
"1637",249,"charcoal | num",124.5,124.75,125,0.5,12419.5,12410,12429,"IMPDv1","Charcoal (sum)","(additional options)",NA,NA,"False","False","number","Macroscopic charcoal (sieved)","direct",NA,"CHAR",0,NA,NA,"quant_raw",5,"volume","cm^3","IMPDv1","IMPD_16657","charcoal","count","char","wet_sieve","particle","num","count","no_size","num","IMPDv1","measured",1,"IMPDv1",NA,"Xindi - charcoal db",67.111667,-159.491667,NA,"north",NA,NA,"sedlac",1637,0,NA,"Higuera,P.E.;Brubaker,L.B.;Anderson,P.M.;Hu,F.S.;Brown,T.A.;. Xindi - charcoal db. NOAA/WDS Paleoclimatology IMPD study 16657",NA,NA,NA,NA,NA,NA,NA,NA,NA,NA,NA,NA,NA,NA,"https://www.ncei.noaa.gov/access/paleo-search/study/16657",NA,NA,NA,NA,"noaa_study_id=16657; original pub in IMPD datafile header","IMPDv1:IMPD_16657",1637,"Anderson,P.M.",1,"Anderson","P.M.",NA,NA,NA,NA,NA,NA,NA,NA,NA,"IMPDv1:IMPD_16657",1637,"IMPDv1","IMPD_16657",NA,10.5,10.5,"cm",NA,"Radiocarbon","concentrated charcoal",1240,70,1159,NA,"CAMS 113558",TRUE,NA,"na Date is in uncalibrated radiocarbon years.","Xindi - charcoal db_SIEVED","counted","NaN-NaN",NA,NA,"",1240,1170,1310,1240,10.5,NA,"na Date is in uncalibrated radiocarbon years.",". Cal curve: NA. Source DB: IMPDv1","Lacustrine","Carbon-14","Radiocarbon",-52,18017,"Calibrated radiocarbon years BP","sedimentary charcoal","Data Sourcing: IMPDv1 #charcoal_recommendedformat","Sample Age Source: IMPDv1"
"1637",250,"charcoal | num",125,125.25,125.5,0.5,12438,12429,12447,"IMPDv1","Charcoal (sum)","(additional options)",NA,NA,"False","False","number","Macroscopic charcoal (sieved)","direct",NA,"CHAR",2,NA,NA,"quant_raw",5,"volume","cm^3","IMPDv1","IMPD_16657","charcoal","count","char","wet_sieve","particle","num","count","no_size","num","IMPDv1","measured",1,"IMPDv1",NA,"Xindi - charcoal db",67.111667,-159.491667,NA,"north",NA,NA,"sedlac",1637,0,NA,"Higuera,P.E.;Brubaker,L.B.;Anderson,P.M.;Hu,F.S.;Brown,T.A.;. Xindi - charcoal db. NOAA/WDS Paleoclimatology IMPD study 16657",NA,NA,NA,NA,NA,NA,NA,NA,NA,NA,NA,NA,NA,NA,"https://www.ncei.noaa.gov/access/paleo-search/study/16657",NA,NA,NA,NA,"noaa_study_id=16657; original pub in IMPD datafile header","IMPDv1:IMPD_16657",1637,"Anderson,P.M.",1,"Anderson","P.M.",NA,NA,NA,NA,NA,NA,NA,NA,NA,"IMPDv1:IMPD_16657",1637,"IMPDv1","IMPD_16657",NA,10.5,10.5,"cm",NA,"Radiocarbon","concentrated charcoal",1240,70,1159,NA,"CAMS 113558",TRUE,NA,"na Date is in uncalibrated radiocarbon years.","Xindi - charcoal db_SIEVED","counted","NaN-NaN",NA,NA,"",1240,1170,1310,1240,10.5,NA,"na Date is in uncalibrated radiocarbon years.",". Cal curve: NA. Source DB: IMPDv1","Lacustrine","Carbon-14","Radiocarbon",-52,18017,"Calibrated radiocarbon years BP","sedimentary charcoal","Data Sourcing: IMPDv1 #charcoal_recommendedformat","Sample Age Source: IMPDv1"
"1637",251,"charcoal | num",125.5,125.75,126,0.5,12456.5,12447,12466,"IMPDv1","Charcoal (sum)","(additional options)",NA,NA,"False","False","number","Macroscopic charcoal (sieved)","direct",NA,"CHAR",1,NA,NA,"quant_raw",5,"volume","cm^3","IMPDv1","IMPD_16657","charcoal","count","char","wet_sieve","particle","num","count","no_size","num","IMPDv1","measured",1,"IMPDv1",NA,"Xindi - charcoal db",67.111667,-159.491667,NA,"north",NA,NA,"sedlac",1637,0,NA,"Higuera,P.E.;Brubaker,L.B.;Anderson,P.M.;Hu,F.S.;Brown,T.A.;. Xindi - charcoal db. NOAA/WDS Paleoclimatology IMPD study 16657",NA,NA,NA,NA,NA,NA,NA,NA,NA,NA,NA,NA,NA,NA,"https://www.ncei.noaa.gov/access/paleo-search/study/16657",NA,NA,NA,NA,"noaa_study_id=16657; original pub in IMPD datafile header","IMPDv1:IMPD_16657",1637,"Anderson,P.M.",1,"Anderson","P.M.",NA,NA,NA,NA,NA,NA,NA,NA,NA,"IMPDv1:IMPD_16657",1637,"IMPDv1","IMPD_16657",NA,10.5,10.5,"cm",NA,"Radiocarbon","concentrated charcoal",1240,70,1159,NA,"CAMS 113558",TRUE,NA,"na Date is in uncalibrated radiocarbon years.","Xindi - charcoal db_SIEVED","counted","NaN-NaN",NA,NA,"",1240,1170,1310,1240,10.5,NA,"na Date is in uncalibrated radiocarbon years.",". Cal curve: NA. Source DB: IMPDv1","Lacustrine","Carbon-14","Radiocarbon",-52,18017,"Calibrated radiocarbon years BP","sedimentary charcoal","Data Sourcing: IMPDv1 #charcoal_recommendedformat","Sample Age Source: IMPDv1"
"1637",252,"charcoal | num",126,126.25,126.5,0.5,12475,12466,12484,"IMPDv1","Charcoal (sum)","(additional options)",NA,NA,"False","False","number","Macroscopic charcoal (sieved)","direct",NA,"CHAR",3,NA,NA,"quant_raw",5,"volume","cm^3","IMPDv1","IMPD_16657","charcoal","count","char","wet_sieve","particle","num","count","no_size","num","IMPDv1","measured",1,"IMPDv1",NA,"Xindi - charcoal db",67.111667,-159.491667,NA,"north",NA,NA,"sedlac",1637,0,NA,"Higuera,P.E.;Brubaker,L.B.;Anderson,P.M.;Hu,F.S.;Brown,T.A.;. Xindi - charcoal db. NOAA/WDS Paleoclimatology IMPD study 16657",NA,NA,NA,NA,NA,NA,NA,NA,NA,NA,NA,NA,NA,NA,"https://www.ncei.noaa.gov/access/paleo-search/study/16657",NA,NA,NA,NA,"noaa_study_id=16657; original pub in IMPD datafile header","IMPDv1:IMPD_16657",1637,"Anderson,P.M.",1,"Anderson","P.M.",NA,NA,NA,NA,NA,NA,NA,NA,NA,"IMPDv1:IMPD_16657",1637,"IMPDv1","IMPD_16657",NA,10.5,10.5,"cm",NA,"Radiocarbon","concentrated charcoal",1240,70,1159,NA,"CAMS 113558",TRUE,NA,"na Date is in uncalibrated radiocarbon years.","Xindi - charcoal db_SIEVED","counted","NaN-NaN",NA,NA,"",1240,1170,1310,1240,10.5,NA,"na Date is in uncalibrated radiocarbon years.",". Cal curve: NA. Source DB: IMPDv1","Lacustrine","Carbon-14","Radiocarbon",-52,18017,"Calibrated radiocarbon years BP","sedimentary charcoal","Data Sourcing: IMPDv1 #charcoal_recommendedformat","Sample Age Source: IMPDv1"
"1637",253,"charcoal | num",126.5,126.75,127,0.5,12493.5,12484,12503,"IMPDv1","Charcoal (sum)","(additional options)",NA,NA,"False","False","number","Macroscopic charcoal (sieved)","direct",NA,"CHAR",11,NA,NA,"quant_raw",5,"volume","cm^3","IMPDv1","IMPD_16657","charcoal","count","char","wet_sieve","particle","num","count","no_size","num","IMPDv1","measured",1,"IMPDv1",NA,"Xindi - charcoal db",67.111667,-159.491667,NA,"north",NA,NA,"sedlac",1637,0,NA,"Higuera,P.E.;Brubaker,L.B.;Anderson,P.M.;Hu,F.S.;Brown,T.A.;. Xindi - charcoal db. NOAA/WDS Paleoclimatology IMPD study 16657",NA,NA,NA,NA,NA,NA,NA,NA,NA,NA,NA,NA,NA,NA,"https://www.ncei.noaa.gov/access/paleo-search/study/16657",NA,NA,NA,NA,"noaa_study_id=16657; original pub in IMPD datafile header","IMPDv1:IMPD_16657",1637,"Anderson,P.M.",1,"Anderson","P.M.",NA,NA,NA,NA,NA,NA,NA,NA,NA,"IMPDv1:IMPD_16657",1637,"IMPDv1","IMPD_16657",NA,10.5,10.5,"cm",NA,"Radiocarbon","concentrated charcoal",1240,70,1159,NA,"CAMS 113558",TRUE,NA,"na Date is in uncalibrated radiocarbon years.","Xindi - charcoal db_SIEVED","counted","NaN-NaN",NA,NA,"",1240,1170,1310,1240,10.5,NA,"na Date is in uncalibrated radiocarbon years.",". Cal curve: NA. Source DB: IMPDv1","Lacustrine","Carbon-14","Radiocarbon",-52,18017,"Calibrated radiocarbon years BP","sedimentary charcoal","Data Sourcing: IMPDv1 #charcoal_recommendedformat","Sample Age Source: IMPDv1"
"1637",254,"charcoal | num",127,127.25,127.5,0.5,12512,12503,12521,"IMPDv1","Charcoal (sum)","(additional options)",NA,NA,"False","False","number","Macroscopic charcoal (sieved)","direct",NA,"CHAR",67,NA,NA,"quant_raw",5,"volume","cm^3","IMPDv1","IMPD_16657","charcoal","count","char","wet_sieve","particle","num","count","no_size","num","IMPDv1","measured",1,"IMPDv1",NA,"Xindi - charcoal db",67.111667,-159.491667,NA,"north",NA,NA,"sedlac",1637,0,NA,"Higuera,P.E.;Brubaker,L.B.;Anderson,P.M.;Hu,F.S.;Brown,T.A.;. Xindi - charcoal db. NOAA/WDS Paleoclimatology IMPD study 16657",NA,NA,NA,NA,NA,NA,NA,NA,NA,NA,NA,NA,NA,NA,"https://www.ncei.noaa.gov/access/paleo-search/study/16657",NA,NA,NA,NA,"noaa_study_id=16657; original pub in IMPD datafile header","IMPDv1:IMPD_16657",1637,"Anderson,P.M.",1,"Anderson","P.M.",NA,NA,NA,NA,NA,NA,NA,NA,NA,"IMPDv1:IMPD_16657",1637,"IMPDv1","IMPD_16657",NA,10.5,10.5,"cm",NA,"Radiocarbon","concentrated charcoal",1240,70,1159,NA,"CAMS 113558",TRUE,NA,"na Date is in uncalibrated radiocarbon years.","Xindi - charcoal db_SIEVED","counted","NaN-NaN",NA,NA,"",1240,1170,1310,1240,10.5,NA,"na Date is in uncalibrated radiocarbon years.",". Cal curve: NA. Source DB: IMPDv1","Lacustrine","Carbon-14","Radiocarbon",-52,18017,"Calibrated radiocarbon years BP","sedimentary charcoal","Data Sourcing: IMPDv1 #charcoal_recommendedformat","Sample Age Source: IMPDv1"
"1637",255,"charcoal | num",127.5,127.75,128,0.5,12530,12521,12539,"IMPDv1","Charcoal (sum)","(additional options)",NA,NA,"False","False","number","Macroscopic charcoal (sieved)","direct",NA,"CHAR",3,NA,NA,"quant_raw",5,"volume","cm^3","IMPDv1","IMPD_16657","charcoal","count","char","wet_sieve","particle","num","count","no_size","num","IMPDv1","measured",1,"IMPDv1",NA,"Xindi - charcoal db",67.111667,-159.491667,NA,"north",NA,NA,"sedlac",1637,0,NA,"Higuera,P.E.;Brubaker,L.B.;Anderson,P.M.;Hu,F.S.;Brown,T.A.;. Xindi - charcoal db. NOAA/WDS Paleoclimatology IMPD study 16657",NA,NA,NA,NA,NA,NA,NA,NA,NA,NA,NA,NA,NA,NA,"https://www.ncei.noaa.gov/access/paleo-search/study/16657",NA,NA,NA,NA,"noaa_study_id=16657; original pub in IMPD datafile header","IMPDv1:IMPD_16657",1637,"Anderson,P.M.",1,"Anderson","P.M.",NA,NA,NA,NA,NA,NA,NA,NA,NA,"IMPDv1:IMPD_16657",1637,"IMPDv1","IMPD_16657",NA,10.5,10.5,"cm",NA,"Radiocarbon","concentrated charcoal",1240,70,1159,NA,"CAMS 113558",TRUE,NA,"na Date is in uncalibrated radiocarbon years.","Xindi - charcoal db_SIEVED","counted","NaN-NaN",NA,NA,"",1240,1170,1310,1240,10.5,NA,"na Date is in uncalibrated radiocarbon years.",". Cal curve: NA. Source DB: IMPDv1","Lacustrine","Carbon-14","Radiocarbon",-52,18017,"Calibrated radiocarbon years BP","sedimentary charcoal","Data Sourcing: IMPDv1 #charcoal_recommendedformat","Sample Age Source: IMPDv1"
"1637",256,"charcoal | num",128,128.25,128.5,0.5,12548,12539,12557,"IMPDv1","Charcoal (sum)","(additional options)",NA,NA,"False","False","number","Macroscopic charcoal (sieved)","direct",NA,"CHAR",0,NA,NA,"quant_raw",5,"volume","cm^3","IMPDv1","IMPD_16657","charcoal","count","char","wet_sieve","particle","num","count","no_size","num","IMPDv1","measured",1,"IMPDv1",NA,"Xindi - charcoal db",67.111667,-159.491667,NA,"north",NA,NA,"sedlac",1637,0,NA,"Higuera,P.E.;Brubaker,L.B.;Anderson,P.M.;Hu,F.S.;Brown,T.A.;. Xindi - charcoal db. NOAA/WDS Paleoclimatology IMPD study 16657",NA,NA,NA,NA,NA,NA,NA,NA,NA,NA,NA,NA,NA,NA,"https://www.ncei.noaa.gov/access/paleo-search/study/16657",NA,NA,NA,NA,"noaa_study_id=16657; original pub in IMPD datafile header","IMPDv1:IMPD_16657",1637,"Anderson,P.M.",1,"Anderson","P.M.",NA,NA,NA,NA,NA,NA,NA,NA,NA,"IMPDv1:IMPD_16657",1637,"IMPDv1","IMPD_16657",NA,10.5,10.5,"cm",NA,"Radiocarbon","concentrated charcoal",1240,70,1159,NA,"CAMS 113558",TRUE,NA,"na Date is in uncalibrated radiocarbon years.","Xindi - charcoal db_SIEVED","counted","NaN-NaN",NA,NA,"",1240,1170,1310,1240,10.5,NA,"na Date is in uncalibrated radiocarbon years.",". Cal curve: NA. Source DB: IMPDv1","Lacustrine","Carbon-14","Radiocarbon",-52,18017,"Calibrated radiocarbon years BP","sedimentary charcoal","Data Sourcing: IMPDv1 #charcoal_recommendedformat","Sample Age Source: IMPDv1"
"1637",257,"charcoal | num",128.5,128.75,129,0.5,12566,12557,12575,"IMPDv1","Charcoal (sum)","(additional options)",NA,NA,"False","False","number","Macroscopic charcoal (sieved)","direct",NA,"CHAR",23,NA,NA,"quant_raw",5,"volume","cm^3","IMPDv1","IMPD_16657","charcoal","count","char","wet_sieve","particle","num","count","no_size","num","IMPDv1","measured",1,"IMPDv1",NA,"Xindi - charcoal db",67.111667,-159.491667,NA,"north",NA,NA,"sedlac",1637,0,NA,"Higuera,P.E.;Brubaker,L.B.;Anderson,P.M.;Hu,F.S.;Brown,T.A.;. Xindi - charcoal db. NOAA/WDS Paleoclimatology IMPD study 16657",NA,NA,NA,NA,NA,NA,NA,NA,NA,NA,NA,NA,NA,NA,"https://www.ncei.noaa.gov/access/paleo-search/study/16657",NA,NA,NA,NA,"noaa_study_id=16657; original pub in IMPD datafile header","IMPDv1:IMPD_16657",1637,"Anderson,P.M.",1,"Anderson","P.M.",NA,NA,NA,NA,NA,NA,NA,NA,NA,"IMPDv1:IMPD_16657",1637,"IMPDv1","IMPD_16657",NA,10.5,10.5,"cm",NA,"Radiocarbon","concentrated charcoal",1240,70,1159,NA,"CAMS 113558",TRUE,NA,"na Date is in uncalibrated radiocarbon years.","Xindi - charcoal db_SIEVED","counted","NaN-NaN",NA,NA,"",1240,1170,1310,1240,10.5,NA,"na Date is in uncalibrated radiocarbon years.",". Cal curve: NA. Source DB: IMPDv1","Lacustrine","Carbon-14","Radiocarbon",-52,18017,"Calibrated radiocarbon years BP","sedimentary charcoal","Data Sourcing: IMPDv1 #charcoal_recommendedformat","Sample Age Source: IMPDv1"
"1637",258,"charcoal | num",129,129.25,129.5,0.5,12584,12575,12593,"IMPDv1","Charcoal (sum)","(additional options)",NA,NA,"False","False","number","Macroscopic charcoal (sieved)","direct",NA,"CHAR",5,NA,NA,"quant_raw",5,"volume","cm^3","IMPDv1","IMPD_16657","charcoal","count","char","wet_sieve","particle","num","count","no_size","num","IMPDv1","measured",1,"IMPDv1",NA,"Xindi - charcoal db",67.111667,-159.491667,NA,"north",NA,NA,"sedlac",1637,0,NA,"Higuera,P.E.;Brubaker,L.B.;Anderson,P.M.;Hu,F.S.;Brown,T.A.;. Xindi - charcoal db. NOAA/WDS Paleoclimatology IMPD study 16657",NA,NA,NA,NA,NA,NA,NA,NA,NA,NA,NA,NA,NA,NA,"https://www.ncei.noaa.gov/access/paleo-search/study/16657",NA,NA,NA,NA,"noaa_study_id=16657; original pub in IMPD datafile header","IMPDv1:IMPD_16657",1637,"Anderson,P.M.",1,"Anderson","P.M.",NA,NA,NA,NA,NA,NA,NA,NA,NA,"IMPDv1:IMPD_16657",1637,"IMPDv1","IMPD_16657",NA,10.5,10.5,"cm",NA,"Radiocarbon","concentrated charcoal",1240,70,1159,NA,"CAMS 113558",TRUE,NA,"na Date is in uncalibrated radiocarbon years.","Xindi - charcoal db_SIEVED","counted","NaN-NaN",NA,NA,"",1240,1170,1310,1240,10.5,NA,"na Date is in uncalibrated radiocarbon years.",". Cal curve: NA. Source DB: IMPDv1","Lacustrine","Carbon-14","Radiocarbon",-52,18017,"Calibrated radiocarbon years BP","sedimentary charcoal","Data Sourcing: IMPDv1 #charcoal_recommendedformat","Sample Age Source: IMPDv1"
"1637",259,"charcoal | num",129.5,129.75,130,0.5,12602,12593,12611,"IMPDv1","Charcoal (sum)","(additional options)",NA,NA,"False","False","number","Macroscopic charcoal (sieved)","direct",NA,"CHAR",6,NA,NA,"quant_raw",5,"volume","cm^3","IMPDv1","IMPD_16657","charcoal","count","char","wet_sieve","particle","num","count","no_size","num","IMPDv1","measured",1,"IMPDv1",NA,"Xindi - charcoal db",67.111667,-159.491667,NA,"north",NA,NA,"sedlac",1637,0,NA,"Higuera,P.E.;Brubaker,L.B.;Anderson,P.M.;Hu,F.S.;Brown,T.A.;. Xindi - charcoal db. NOAA/WDS Paleoclimatology IMPD study 16657",NA,NA,NA,NA,NA,NA,NA,NA,NA,NA,NA,NA,NA,NA,"https://www.ncei.noaa.gov/access/paleo-search/study/16657",NA,NA,NA,NA,"noaa_study_id=16657; original pub in IMPD datafile header","IMPDv1:IMPD_16657",1637,"Anderson,P.M.",1,"Anderson","P.M.",NA,NA,NA,NA,NA,NA,NA,NA,NA,"IMPDv1:IMPD_16657",1637,"IMPDv1","IMPD_16657",NA,10.5,10.5,"cm",NA,"Radiocarbon","concentrated charcoal",1240,70,1159,NA,"CAMS 113558",TRUE,NA,"na Date is in uncalibrated radiocarbon years.","Xindi - charcoal db_SIEVED","counted","NaN-NaN",NA,NA,"",1240,1170,1310,1240,10.5,NA,"na Date is in uncalibrated radiocarbon years.",". Cal curve: NA. Source DB: IMPDv1","Lacustrine","Carbon-14","Radiocarbon",-52,18017,"Calibrated radiocarbon years BP","sedimentary charcoal","Data Sourcing: IMPDv1 #charcoal_recommendedformat","Sample Age Source: IMPDv1"
"1637",260,"charcoal | num",130,130.25,130.5,0.5,12619.5,12611,12628,"IMPDv1","Charcoal (sum)","(additional options)",NA,NA,"False","False","number","Macroscopic charcoal (sieved)","direct",NA,"CHAR",2,NA,NA,"quant_raw",5,"volume","cm^3","IMPDv1","IMPD_16657","charcoal","count","char","wet_sieve","particle","num","count","no_size","num","IMPDv1","measured",1,"IMPDv1",NA,"Xindi - charcoal db",67.111667,-159.491667,NA,"north",NA,NA,"sedlac",1637,0,NA,"Higuera,P.E.;Brubaker,L.B.;Anderson,P.M.;Hu,F.S.;Brown,T.A.;. Xindi - charcoal db. NOAA/WDS Paleoclimatology IMPD study 16657",NA,NA,NA,NA,NA,NA,NA,NA,NA,NA,NA,NA,NA,NA,"https://www.ncei.noaa.gov/access/paleo-search/study/16657",NA,NA,NA,NA,"noaa_study_id=16657; original pub in IMPD datafile header","IMPDv1:IMPD_16657",1637,"Anderson,P.M.",1,"Anderson","P.M.",NA,NA,NA,NA,NA,NA,NA,NA,NA,"IMPDv1:IMPD_16657",1637,"IMPDv1","IMPD_16657",NA,24,24,"cm",NA,"Radiocarbon","concentrated charcoal",3490,35,3956,NA,"CAMS 116226",TRUE,NA,"na Date is in uncalibrated radiocarbon years.","Xindi - charcoal db_SIEVED","counted","NaN-NaN",NA,NA,"",3490,3455,3525,3490,24,NA,"na Date is in uncalibrated radiocarbon years.",". Cal curve: NA. Source DB: IMPDv1","Lacustrine","Carbon-14","Radiocarbon",-52,18017,"Calibrated radiocarbon years BP","sedimentary charcoal","Data Sourcing: IMPDv1 #charcoal_recommendedformat","Sample Age Source: IMPDv1"
"1637",261,"charcoal | num",130.5,130.75,131,0.5,12637,12628,12646,"IMPDv1","Charcoal (sum)","(additional options)",NA,NA,"False","False","number","Macroscopic charcoal (sieved)","direct",NA,"CHAR",3,NA,NA,"quant_raw",5,"volume","cm^3","IMPDv1","IMPD_16657","charcoal","count","char","wet_sieve","particle","num","count","no_size","num","IMPDv1","measured",1,"IMPDv1",NA,"Xindi - charcoal db",67.111667,-159.491667,NA,"north",NA,NA,"sedlac",1637,0,NA,"Higuera,P.E.;Brubaker,L.B.;Anderson,P.M.;Hu,F.S.;Brown,T.A.;. Xindi - charcoal db. NOAA/WDS Paleoclimatology IMPD study 16657",NA,NA,NA,NA,NA,NA,NA,NA,NA,NA,NA,NA,NA,NA,"https://www.ncei.noaa.gov/access/paleo-search/study/16657",NA,NA,NA,NA,"noaa_study_id=16657; original pub in IMPD datafile header","IMPDv1:IMPD_16657",1637,"Anderson,P.M.",1,"Anderson","P.M.",NA,NA,NA,NA,NA,NA,NA,NA,NA,"IMPDv1:IMPD_16657",1637,"IMPDv1","IMPD_16657",NA,24,24,"cm",NA,"Radiocarbon","concentrated charcoal",3490,35,3956,NA,"CAMS 116226",TRUE,NA,"na Date is in uncalibrated radiocarbon years.","Xindi - charcoal db_SIEVED","counted","NaN-NaN",NA,NA,"",3490,3455,3525,3490,24,NA,"na Date is in uncalibrated radiocarbon years.",". Cal curve: NA. Source DB: IMPDv1","Lacustrine","Carbon-14","Radiocarbon",-52,18017,"Calibrated radiocarbon years BP","sedimentary charcoal","Data Sourcing: IMPDv1 #charcoal_recommendedformat","Sample Age Source: IMPDv1"
"1637",262,"charcoal | num",131,131.25,131.5,0.5,12654.5,12646,12663,"IMPDv1","Charcoal (sum)","(additional options)",NA,NA,"False","False","number","Macroscopic charcoal (sieved)","direct",NA,"CHAR",17,NA,NA,"quant_raw",5,"volume","cm^3","IMPDv1","IMPD_16657","charcoal","count","char","wet_sieve","particle","num","count","no_size","num","IMPDv1","measured",1,"IMPDv1",NA,"Xindi - charcoal db",67.111667,-159.491667,NA,"north",NA,NA,"sedlac",1637,0,NA,"Higuera,P.E.;Brubaker,L.B.;Anderson,P.M.;Hu,F.S.;Brown,T.A.;. Xindi - charcoal db. NOAA/WDS Paleoclimatology IMPD study 16657",NA,NA,NA,NA,NA,NA,NA,NA,NA,NA,NA,NA,NA,NA,"https://www.ncei.noaa.gov/access/paleo-search/study/16657",NA,NA,NA,NA,"noaa_study_id=16657; original pub in IMPD datafile header","IMPDv1:IMPD_16657",1637,"Anderson,P.M.",1,"Anderson","P.M.",NA,NA,NA,NA,NA,NA,NA,NA,NA,"IMPDv1:IMPD_16657",1637,"IMPDv1","IMPD_16657",NA,24,24,"cm",NA,"Radiocarbon","concentrated charcoal",3490,35,3956,NA,"CAMS 116226",TRUE,NA,"na Date is in uncalibrated radiocarbon years.","Xindi - charcoal db_SIEVED","counted","NaN-NaN",NA,NA,"",3490,3455,3525,3490,24,NA,"na Date is in uncalibrated radiocarbon years.",". Cal curve: NA. Source DB: IMPDv1","Lacustrine","Carbon-14","Radiocarbon",-52,18017,"Calibrated radiocarbon years BP","sedimentary charcoal","Data Sourcing: IMPDv1 #charcoal_recommendedformat","Sample Age Source: IMPDv1"
"1637",263,"charcoal | num",131.5,131.75,132,0.5,12671.5,12663,12680,"IMPDv1","Charcoal (sum)","(additional options)",NA,NA,"False","False","number","Macroscopic charcoal (sieved)","direct",NA,"CHAR",4,NA,NA,"quant_raw",5,"volume","cm^3","IMPDv1","IMPD_16657","charcoal","count","char","wet_sieve","particle","num","count","no_size","num","IMPDv1","measured",1,"IMPDv1",NA,"Xindi - charcoal db",67.111667,-159.491667,NA,"north",NA,NA,"sedlac",1637,0,NA,"Higuera,P.E.;Brubaker,L.B.;Anderson,P.M.;Hu,F.S.;Brown,T.A.;. Xindi - charcoal db. NOAA/WDS Paleoclimatology IMPD study 16657",NA,NA,NA,NA,NA,NA,NA,NA,NA,NA,NA,NA,NA,NA,"https://www.ncei.noaa.gov/access/paleo-search/study/16657",NA,NA,NA,NA,"noaa_study_id=16657; original pub in IMPD datafile header","IMPDv1:IMPD_16657",1637,"Anderson,P.M.",1,"Anderson","P.M.",NA,NA,NA,NA,NA,NA,NA,NA,NA,"IMPDv1:IMPD_16657",1637,"IMPDv1","IMPD_16657",NA,24,24,"cm",NA,"Radiocarbon","concentrated charcoal",3490,35,3956,NA,"CAMS 116226",TRUE,NA,"na Date is in uncalibrated radiocarbon years.","Xindi - charcoal db_SIEVED","counted","NaN-NaN",NA,NA,"",3490,3455,3525,3490,24,NA,"na Date is in uncalibrated radiocarbon years.",". Cal curve: NA. Source DB: IMPDv1","Lacustrine","Carbon-14","Radiocarbon",-52,18017,"Calibrated radiocarbon years BP","sedimentary charcoal","Data Sourcing: IMPDv1 #charcoal_recommendedformat","Sample Age Source: IMPDv1"
"1637",264,"charcoal | num",132,132.25,132.5,0.5,12688.5,12680,12697,"IMPDv1","Charcoal (sum)","(additional options)",NA,NA,"False","False","number","Macroscopic charcoal (sieved)","direct",NA,"CHAR",5,NA,NA,"quant_raw",5,"volume","cm^3","IMPDv1","IMPD_16657","charcoal","count","char","wet_sieve","particle","num","count","no_size","num","IMPDv1","measured",1,"IMPDv1",NA,"Xindi - charcoal db",67.111667,-159.491667,NA,"north",NA,NA,"sedlac",1637,0,NA,"Higuera,P.E.;Brubaker,L.B.;Anderson,P.M.;Hu,F.S.;Brown,T.A.;. Xindi - charcoal db. NOAA/WDS Paleoclimatology IMPD study 16657",NA,NA,NA,NA,NA,NA,NA,NA,NA,NA,NA,NA,NA,NA,"https://www.ncei.noaa.gov/access/paleo-search/study/16657",NA,NA,NA,NA,"noaa_study_id=16657; original pub in IMPD datafile header","IMPDv1:IMPD_16657",1637,"Anderson,P.M.",1,"Anderson","P.M.",NA,NA,NA,NA,NA,NA,NA,NA,NA,"IMPDv1:IMPD_16657",1637,"IMPDv1","IMPD_16657",NA,24,24,"cm",NA,"Radiocarbon","concentrated charcoal",3490,35,3956,NA,"CAMS 116226",TRUE,NA,"na Date is in uncalibrated radiocarbon years.","Xindi - charcoal db_SIEVED","counted","NaN-NaN",NA,NA,"",3490,3455,3525,3490,24,NA,"na Date is in uncalibrated radiocarbon years.",". Cal curve: NA. Source DB: IMPDv1","Lacustrine","Carbon-14","Radiocarbon",-52,18017,"Calibrated radiocarbon years BP","sedimentary charcoal","Data Sourcing: IMPDv1 #charcoal_recommendedformat","Sample Age Source: IMPDv1"
"1637",265,"charcoal | num",132.5,132.75,133,0.5,12705.5,12697,12714,"IMPDv1","Charcoal (sum)","(additional options)",NA,NA,"False","False","number","Macroscopic charcoal (sieved)","direct",NA,"CHAR",1,NA,NA,"quant_raw",5,"volume","cm^3","IMPDv1","IMPD_16657","charcoal","count","char","wet_sieve","particle","num","count","no_size","num","IMPDv1","measured",1,"IMPDv1",NA,"Xindi - charcoal db",67.111667,-159.491667,NA,"north",NA,NA,"sedlac",1637,0,NA,"Higuera,P.E.;Brubaker,L.B.;Anderson,P.M.;Hu,F.S.;Brown,T.A.;. Xindi - charcoal db. NOAA/WDS Paleoclimatology IMPD study 16657",NA,NA,NA,NA,NA,NA,NA,NA,NA,NA,NA,NA,NA,NA,"https://www.ncei.noaa.gov/access/paleo-search/study/16657",NA,NA,NA,NA,"noaa_study_id=16657; original pub in IMPD datafile header","IMPDv1:IMPD_16657",1637,"Anderson,P.M.",1,"Anderson","P.M.",NA,NA,NA,NA,NA,NA,NA,NA,NA,"IMPDv1:IMPD_16657",1637,"IMPDv1","IMPD_16657",NA,24,24,"cm",NA,"Radiocarbon","concentrated charcoal",3490,35,3956,NA,"CAMS 116226",TRUE,NA,"na Date is in uncalibrated radiocarbon years.","Xindi - charcoal db_SIEVED","counted","NaN-NaN",NA,NA,"",3490,3455,3525,3490,24,NA,"na Date is in uncalibrated radiocarbon years.",". Cal curve: NA. Source DB: IMPDv1","Lacustrine","Carbon-14","Radiocarbon",-52,18017,"Calibrated radiocarbon years BP","sedimentary charcoal","Data Sourcing: IMPDv1 #charcoal_recommendedformat","Sample Age Source: IMPDv1"
"1637",266,"charcoal | num",133,133.25,133.5,0.5,12722.5,12714,12731,"IMPDv1","Charcoal (sum)","(additional options)",NA,NA,"False","False","number","Macroscopic charcoal (sieved)","direct",NA,"CHAR",13,NA,NA,"quant_raw",5,"volume","cm^3","IMPDv1","IMPD_16657","charcoal","count","char","wet_sieve","particle","num","count","no_size","num","IMPDv1","measured",1,"IMPDv1",NA,"Xindi - charcoal db",67.111667,-159.491667,NA,"north",NA,NA,"sedlac",1637,0,NA,"Higuera,P.E.;Brubaker,L.B.;Anderson,P.M.;Hu,F.S.;Brown,T.A.;. Xindi - charcoal db. NOAA/WDS Paleoclimatology IMPD study 16657",NA,NA,NA,NA,NA,NA,NA,NA,NA,NA,NA,NA,NA,NA,"https://www.ncei.noaa.gov/access/paleo-search/study/16657",NA,NA,NA,NA,"noaa_study_id=16657; original pub in IMPD datafile header","IMPDv1:IMPD_16657",1637,"Anderson,P.M.",1,"Anderson","P.M.",NA,NA,NA,NA,NA,NA,NA,NA,NA,"IMPDv1:IMPD_16657",1637,"IMPDv1","IMPD_16657",NA,24,24,"cm",NA,"Radiocarbon","concentrated charcoal",3490,35,3956,NA,"CAMS 116226",TRUE,NA,"na Date is in uncalibrated radiocarbon years.","Xindi - charcoal db_SIEVED","counted","NaN-NaN",NA,NA,"",3490,3455,3525,3490,24,NA,"na Date is in uncalibrated radiocarbon years.",". Cal curve: NA. Source DB: IMPDv1","Lacustrine","Carbon-14","Radiocarbon",-52,18017,"Calibrated radiocarbon years BP","sedimentary charcoal","Data Sourcing: IMPDv1 #charcoal_recommendedformat","Sample Age Source: IMPDv1"
"1637",267,"charcoal | num",133.5,133.75,134,0.5,12739.5,12731,12748,"IMPDv1","Charcoal (sum)","(additional options)",NA,NA,"False","False","number","Macroscopic charcoal (sieved)","direct",NA,"CHAR",8,NA,NA,"quant_raw",5,"volume","cm^3","IMPDv1","IMPD_16657","charcoal","count","char","wet_sieve","particle","num","count","no_size","num","IMPDv1","measured",1,"IMPDv1",NA,"Xindi - charcoal db",67.111667,-159.491667,NA,"north",NA,NA,"sedlac",1637,0,NA,"Higuera,P.E.;Brubaker,L.B.;Anderson,P.M.;Hu,F.S.;Brown,T.A.;. Xindi - charcoal db. NOAA/WDS Paleoclimatology IMPD study 16657",NA,NA,NA,NA,NA,NA,NA,NA,NA,NA,NA,NA,NA,NA,"https://www.ncei.noaa.gov/access/paleo-search/study/16657",NA,NA,NA,NA,"noaa_study_id=16657; original pub in IMPD datafile header","IMPDv1:IMPD_16657",1637,"Anderson,P.M.",1,"Anderson","P.M.",NA,NA,NA,NA,NA,NA,NA,NA,NA,"IMPDv1:IMPD_16657",1637,"IMPDv1","IMPD_16657",NA,24,24,"cm",NA,"Radiocarbon","concentrated charcoal",3490,35,3956,NA,"CAMS 116226",TRUE,NA,"na Date is in uncalibrated radiocarbon years.","Xindi - charcoal db_SIEVED","counted","NaN-NaN",NA,NA,"",3490,3455,3525,3490,24,NA,"na Date is in uncalibrated radiocarbon years.",". Cal curve: NA. Source DB: IMPDv1","Lacustrine","Carbon-14","Radiocarbon",-52,18017,"Calibrated radiocarbon years BP","sedimentary charcoal","Data Sourcing: IMPDv1 #charcoal_recommendedformat","Sample Age Source: IMPDv1"
"1637",268,"charcoal | num",134,134.25,134.5,0.5,12756.5,12748,12765,"IMPDv1","Charcoal (sum)","(additional options)",NA,NA,"False","False","number","Macroscopic charcoal (sieved)","direct",NA,"CHAR",66,NA,NA,"quant_raw",5,"volume","cm^3","IMPDv1","IMPD_16657","charcoal","count","char","wet_sieve","particle","num","count","no_size","num","IMPDv1","measured",1,"IMPDv1",NA,"Xindi - charcoal db",67.111667,-159.491667,NA,"north",NA,NA,"sedlac",1637,0,NA,"Higuera,P.E.;Brubaker,L.B.;Anderson,P.M.;Hu,F.S.;Brown,T.A.;. Xindi - charcoal db. NOAA/WDS Paleoclimatology IMPD study 16657",NA,NA,NA,NA,NA,NA,NA,NA,NA,NA,NA,NA,NA,NA,"https://www.ncei.noaa.gov/access/paleo-search/study/16657",NA,NA,NA,NA,"noaa_study_id=16657; original pub in IMPD datafile header","IMPDv1:IMPD_16657",1637,"Anderson,P.M.",1,"Anderson","P.M.",NA,NA,NA,NA,NA,NA,NA,NA,NA,"IMPDv1:IMPD_16657",1637,"IMPDv1","IMPD_16657",NA,24,24,"cm",NA,"Radiocarbon","concentrated charcoal",3490,35,3956,NA,"CAMS 116226",TRUE,NA,"na Date is in uncalibrated radiocarbon years.","Xindi - charcoal db_SIEVED","counted","NaN-NaN",NA,NA,"",3490,3455,3525,3490,24,NA,"na Date is in uncalibrated radiocarbon years.",". Cal curve: NA. Source DB: IMPDv1","Lacustrine","Carbon-14","Radiocarbon",-52,18017,"Calibrated radiocarbon years BP","sedimentary charcoal","Data Sourcing: IMPDv1 #charcoal_recommendedformat","Sample Age Source: IMPDv1"
"1637",269,"charcoal | num",134.5,134.75,135,0.5,12773,12765,12781,"IMPDv1","Charcoal (sum)","(additional options)",NA,NA,"False","False","number","Macroscopic charcoal (sieved)","direct",NA,"CHAR",17,NA,NA,"quant_raw",5,"volume","cm^3","IMPDv1","IMPD_16657","charcoal","count","char","wet_sieve","particle","num","count","no_size","num","IMPDv1","measured",1,"IMPDv1",NA,"Xindi - charcoal db",67.111667,-159.491667,NA,"north",NA,NA,"sedlac",1637,0,NA,"Higuera,P.E.;Brubaker,L.B.;Anderson,P.M.;Hu,F.S.;Brown,T.A.;. Xindi - charcoal db. NOAA/WDS Paleoclimatology IMPD study 16657",NA,NA,NA,NA,NA,NA,NA,NA,NA,NA,NA,NA,NA,NA,"https://www.ncei.noaa.gov/access/paleo-search/study/16657",NA,NA,NA,NA,"noaa_study_id=16657; original pub in IMPD datafile header","IMPDv1:IMPD_16657",1637,"Anderson,P.M.",1,"Anderson","P.M.",NA,NA,NA,NA,NA,NA,NA,NA,NA,"IMPDv1:IMPD_16657",1637,"IMPDv1","IMPD_16657",NA,24,24,"cm",NA,"Radiocarbon","concentrated charcoal",3490,35,3956,NA,"CAMS 116226",TRUE,NA,"na Date is in uncalibrated radiocarbon years.","Xindi - charcoal db_SIEVED","counted","NaN-NaN",NA,NA,"",3490,3455,3525,3490,24,NA,"na Date is in uncalibrated radiocarbon years.",". Cal curve: NA. Source DB: IMPDv1","Lacustrine","Carbon-14","Radiocarbon",-52,18017,"Calibrated radiocarbon years BP","sedimentary charcoal","Data Sourcing: IMPDv1 #charcoal_recommendedformat","Sample Age Source: IMPDv1"
"1637",270,"charcoal | num",135,135.25,135.5,0.5,12789.5,12781,12798,"IMPDv1","Charcoal (sum)","(additional options)",NA,NA,"False","False","number","Macroscopic charcoal (sieved)","direct",NA,"CHAR",4,NA,NA,"quant_raw",5,"volume","cm^3","IMPDv1","IMPD_16657","charcoal","count","char","wet_sieve","particle","num","count","no_size","num","IMPDv1","measured",1,"IMPDv1",NA,"Xindi - charcoal db",67.111667,-159.491667,NA,"north",NA,NA,"sedlac",1637,0,NA,"Higuera,P.E.;Brubaker,L.B.;Anderson,P.M.;Hu,F.S.;Brown,T.A.;. Xindi - charcoal db. NOAA/WDS Paleoclimatology IMPD study 16657",NA,NA,NA,NA,NA,NA,NA,NA,NA,NA,NA,NA,NA,NA,"https://www.ncei.noaa.gov/access/paleo-search/study/16657",NA,NA,NA,NA,"noaa_study_id=16657; original pub in IMPD datafile header","IMPDv1:IMPD_16657",1637,"Anderson,P.M.",1,"Anderson","P.M.",NA,NA,NA,NA,NA,NA,NA,NA,NA,"IMPDv1:IMPD_16657",1637,"IMPDv1","IMPD_16657",NA,24,24,"cm",NA,"Radiocarbon","concentrated charcoal",3490,35,3956,NA,"CAMS 116226",TRUE,NA,"na Date is in uncalibrated radiocarbon years.","Xindi - charcoal db_SIEVED","counted","NaN-NaN",NA,NA,"",3490,3455,3525,3490,24,NA,"na Date is in uncalibrated radiocarbon years.",". Cal curve: NA. Source DB: IMPDv1","Lacustrine","Carbon-14","Radiocarbon",-52,18017,"Calibrated radiocarbon years BP","sedimentary charcoal","Data Sourcing: IMPDv1 #charcoal_recommendedformat","Sample Age Source: IMPDv1"
"1637",271,"charcoal | num",135.5,135.75,136,0.5,12806,12798,12814,"IMPDv1","Charcoal (sum)","(additional options)",NA,NA,"False","False","number","Macroscopic charcoal (sieved)","direct",NA,"CHAR",4,NA,NA,"quant_raw",5,"volume","cm^3","IMPDv1","IMPD_16657","charcoal","count","char","wet_sieve","particle","num","count","no_size","num","IMPDv1","measured",1,"IMPDv1",NA,"Xindi - charcoal db",67.111667,-159.491667,NA,"north",NA,NA,"sedlac",1637,0,NA,"Higuera,P.E.;Brubaker,L.B.;Anderson,P.M.;Hu,F.S.;Brown,T.A.;. Xindi - charcoal db. NOAA/WDS Paleoclimatology IMPD study 16657",NA,NA,NA,NA,NA,NA,NA,NA,NA,NA,NA,NA,NA,NA,"https://www.ncei.noaa.gov/access/paleo-search/study/16657",NA,NA,NA,NA,"noaa_study_id=16657; original pub in IMPD datafile header","IMPDv1:IMPD_16657",1637,"Anderson,P.M.",1,"Anderson","P.M.",NA,NA,NA,NA,NA,NA,NA,NA,NA,"IMPDv1:IMPD_16657",1637,"IMPDv1","IMPD_16657",NA,24,24,"cm",NA,"Radiocarbon","concentrated charcoal",3490,35,3956,NA,"CAMS 116226",TRUE,NA,"na Date is in uncalibrated radiocarbon years.","Xindi - charcoal db_SIEVED","counted","NaN-NaN",NA,NA,"",3490,3455,3525,3490,24,NA,"na Date is in uncalibrated radiocarbon years.",". Cal curve: NA. Source DB: IMPDv1","Lacustrine","Carbon-14","Radiocarbon",-52,18017,"Calibrated radiocarbon years BP","sedimentary charcoal","Data Sourcing: IMPDv1 #charcoal_recommendedformat","Sample Age Source: IMPDv1"
"1637",272,"charcoal | num",136,136.25,136.5,0.5,12822.5,12814,12831,"IMPDv1","Charcoal (sum)","(additional options)",NA,NA,"False","False","number","Macroscopic charcoal (sieved)","direct",NA,"CHAR",4,NA,NA,"quant_raw",5,"volume","cm^3","IMPDv1","IMPD_16657","charcoal","count","char","wet_sieve","particle","num","count","no_size","num","IMPDv1","measured",1,"IMPDv1",NA,"Xindi - charcoal db",67.111667,-159.491667,NA,"north",NA,NA,"sedlac",1637,0,NA,"Higuera,P.E.;Brubaker,L.B.;Anderson,P.M.;Hu,F.S.;Brown,T.A.;. Xindi - charcoal db. NOAA/WDS Paleoclimatology IMPD study 16657",NA,NA,NA,NA,NA,NA,NA,NA,NA,NA,NA,NA,NA,NA,"https://www.ncei.noaa.gov/access/paleo-search/study/16657",NA,NA,NA,NA,"noaa_study_id=16657; original pub in IMPD datafile header","IMPDv1:IMPD_16657",1637,"Anderson,P.M.",1,"Anderson","P.M.",NA,NA,NA,NA,NA,NA,NA,NA,NA,"IMPDv1:IMPD_16657",1637,"IMPDv1","IMPD_16657",NA,24,24,"cm",NA,"Radiocarbon","concentrated charcoal",3490,35,3956,NA,"CAMS 116226",TRUE,NA,"na Date is in uncalibrated radiocarbon years.","Xindi - charcoal db_SIEVED","counted","NaN-NaN",NA,NA,"",3490,3455,3525,3490,24,NA,"na Date is in uncalibrated radiocarbon years.",". Cal curve: NA. Source DB: IMPDv1","Lacustrine","Carbon-14","Radiocarbon",-52,18017,"Calibrated radiocarbon years BP","sedimentary charcoal","Data Sourcing: IMPDv1 #charcoal_recommendedformat","Sample Age Source: IMPDv1"
"1637",273,"charcoal | num",136.5,136.75,137,0.5,12839,12831,12847,"IMPDv1","Charcoal (sum)","(additional options)",NA,NA,"False","False","number","Macroscopic charcoal (sieved)","direct",NA,"CHAR",1,NA,NA,"quant_raw",5,"volume","cm^3","IMPDv1","IMPD_16657","charcoal","count","char","wet_sieve","particle","num","count","no_size","num","IMPDv1","measured",1,"IMPDv1",NA,"Xindi - charcoal db",67.111667,-159.491667,NA,"north",NA,NA,"sedlac",1637,0,NA,"Higuera,P.E.;Brubaker,L.B.;Anderson,P.M.;Hu,F.S.;Brown,T.A.;. Xindi - charcoal db. NOAA/WDS Paleoclimatology IMPD study 16657",NA,NA,NA,NA,NA,NA,NA,NA,NA,NA,NA,NA,NA,NA,"https://www.ncei.noaa.gov/access/paleo-search/study/16657",NA,NA,NA,NA,"noaa_study_id=16657; original pub in IMPD datafile header","IMPDv1:IMPD_16657",1637,"Anderson,P.M.",1,"Anderson","P.M.",NA,NA,NA,NA,NA,NA,NA,NA,NA,"IMPDv1:IMPD_16657",1637,"IMPDv1","IMPD_16657",NA,31,31,"cm",NA,"Radiocarbon","concentrated Picea pollen",4930,90,5679,NA,"CAMS 105876",TRUE,NA,"na Date is in uncalibrated radiocarbon years.","Xindi - charcoal db_SIEVED","counted","NaN-NaN",NA,NA,"",4930,4840,5020,4930,31,NA,"na Date is in uncalibrated radiocarbon years.",". Cal curve: NA. Source DB: IMPDv1","Lacustrine","Carbon-14","Radiocarbon",-52,18017,"Calibrated radiocarbon years BP","sedimentary charcoal","Data Sourcing: IMPDv1 #charcoal_recommendedformat","Sample Age Source: IMPDv1"
"1637",274,"charcoal | num",137,137.25,137.5,0.5,12855,12847,12863,"IMPDv1","Charcoal (sum)","(additional options)",NA,NA,"False","False","number","Macroscopic charcoal (sieved)","direct",NA,"CHAR",8,NA,NA,"quant_raw",5,"volume","cm^3","IMPDv1","IMPD_16657","charcoal","count","char","wet_sieve","particle","num","count","no_size","num","IMPDv1","measured",1,"IMPDv1",NA,"Xindi - charcoal db",67.111667,-159.491667,NA,"north",NA,NA,"sedlac",1637,0,NA,"Higuera,P.E.;Brubaker,L.B.;Anderson,P.M.;Hu,F.S.;Brown,T.A.;. Xindi - charcoal db. NOAA/WDS Paleoclimatology IMPD study 16657",NA,NA,NA,NA,NA,NA,NA,NA,NA,NA,NA,NA,NA,NA,"https://www.ncei.noaa.gov/access/paleo-search/study/16657",NA,NA,NA,NA,"noaa_study_id=16657; original pub in IMPD datafile header","IMPDv1:IMPD_16657",1637,"Anderson,P.M.",1,"Anderson","P.M.",NA,NA,NA,NA,NA,NA,NA,NA,NA,"IMPDv1:IMPD_16657",1637,"IMPDv1","IMPD_16657",NA,31,31,"cm",NA,"Radiocarbon","concentrated Picea pollen",4930,90,5679,NA,"CAMS 105876",TRUE,NA,"na Date is in uncalibrated radiocarbon years.","Xindi - charcoal db_SIEVED","counted","NaN-NaN",NA,NA,"",4930,4840,5020,4930,31,NA,"na Date is in uncalibrated radiocarbon years.",". Cal curve: NA. Source DB: IMPDv1","Lacustrine","Carbon-14","Radiocarbon",-52,18017,"Calibrated radiocarbon years BP","sedimentary charcoal","Data Sourcing: IMPDv1 #charcoal_recommendedformat","Sample Age Source: IMPDv1"
"1637",275,"charcoal | num",137.5,137.75,138,0.5,12871,12863,12879,"IMPDv1","Charcoal (sum)","(additional options)",NA,NA,"False","False","number","Macroscopic charcoal (sieved)","direct",NA,"CHAR",25,NA,NA,"quant_raw",5,"volume","cm^3","IMPDv1","IMPD_16657","charcoal","count","char","wet_sieve","particle","num","count","no_size","num","IMPDv1","measured",1,"IMPDv1",NA,"Xindi - charcoal db",67.111667,-159.491667,NA,"north",NA,NA,"sedlac",1637,0,NA,"Higuera,P.E.;Brubaker,L.B.;Anderson,P.M.;Hu,F.S.;Brown,T.A.;. Xindi - charcoal db. NOAA/WDS Paleoclimatology IMPD study 16657",NA,NA,NA,NA,NA,NA,NA,NA,NA,NA,NA,NA,NA,NA,"https://www.ncei.noaa.gov/access/paleo-search/study/16657",NA,NA,NA,NA,"noaa_study_id=16657; original pub in IMPD datafile header","IMPDv1:IMPD_16657",1637,"Anderson,P.M.",1,"Anderson","P.M.",NA,NA,NA,NA,NA,NA,NA,NA,NA,"IMPDv1:IMPD_16657",1637,"IMPDv1","IMPD_16657",NA,31,31,"cm",NA,"Radiocarbon","concentrated Picea pollen",4930,90,5679,NA,"CAMS 105876",TRUE,NA,"na Date is in uncalibrated radiocarbon years.","Xindi - charcoal db_SIEVED","counted","NaN-NaN",NA,NA,"",4930,4840,5020,4930,31,NA,"na Date is in uncalibrated radiocarbon years.",". Cal curve: NA. Source DB: IMPDv1","Lacustrine","Carbon-14","Radiocarbon",-52,18017,"Calibrated radiocarbon years BP","sedimentary charcoal","Data Sourcing: IMPDv1 #charcoal_recommendedformat","Sample Age Source: IMPDv1"
"1637",276,"charcoal | num",138,138.25,138.5,0.5,12887,12879,12895,"IMPDv1","Charcoal (sum)","(additional options)",NA,NA,"False","False","number","Macroscopic charcoal (sieved)","direct",NA,"CHAR",11,NA,NA,"quant_raw",5,"volume","cm^3","IMPDv1","IMPD_16657","charcoal","count","char","wet_sieve","particle","num","count","no_size","num","IMPDv1","measured",1,"IMPDv1",NA,"Xindi - charcoal db",67.111667,-159.491667,NA,"north",NA,NA,"sedlac",1637,0,NA,"Higuera,P.E.;Brubaker,L.B.;Anderson,P.M.;Hu,F.S.;Brown,T.A.;. Xindi - charcoal db. NOAA/WDS Paleoclimatology IMPD study 16657",NA,NA,NA,NA,NA,NA,NA,NA,NA,NA,NA,NA,NA,NA,"https://www.ncei.noaa.gov/access/paleo-search/study/16657",NA,NA,NA,NA,"noaa_study_id=16657; original pub in IMPD datafile header","IMPDv1:IMPD_16657",1637,"Anderson,P.M.",1,"Anderson","P.M.",NA,NA,NA,NA,NA,NA,NA,NA,NA,"IMPDv1:IMPD_16657",1637,"IMPDv1","IMPD_16657",NA,31,31,"cm",NA,"Radiocarbon","concentrated Picea pollen",4930,90,5679,NA,"CAMS 105876",TRUE,NA,"na Date is in uncalibrated radiocarbon years.","Xindi - charcoal db_SIEVED","counted","NaN-NaN",NA,NA,"",4930,4840,5020,4930,31,NA,"na Date is in uncalibrated radiocarbon years.",". Cal curve: NA. Source DB: IMPDv1","Lacustrine","Carbon-14","Radiocarbon",-52,18017,"Calibrated radiocarbon years BP","sedimentary charcoal","Data Sourcing: IMPDv1 #charcoal_recommendedformat","Sample Age Source: IMPDv1"
"1637",277,"charcoal | num",138.5,138.75,139,0.5,12903,12895,12911,"IMPDv1","Charcoal (sum)","(additional options)",NA,NA,"False","False","number","Macroscopic charcoal (sieved)","direct",NA,"CHAR",9,NA,NA,"quant_raw",5,"volume","cm^3","IMPDv1","IMPD_16657","charcoal","count","char","wet_sieve","particle","num","count","no_size","num","IMPDv1","measured",1,"IMPDv1",NA,"Xindi - charcoal db",67.111667,-159.491667,NA,"north",NA,NA,"sedlac",1637,0,NA,"Higuera,P.E.;Brubaker,L.B.;Anderson,P.M.;Hu,F.S.;Brown,T.A.;. Xindi - charcoal db. NOAA/WDS Paleoclimatology IMPD study 16657",NA,NA,NA,NA,NA,NA,NA,NA,NA,NA,NA,NA,NA,NA,"https://www.ncei.noaa.gov/access/paleo-search/study/16657",NA,NA,NA,NA,"noaa_study_id=16657; original pub in IMPD datafile header","IMPDv1:IMPD_16657",1637,"Anderson,P.M.",1,"Anderson","P.M.",NA,NA,NA,NA,NA,NA,NA,NA,NA,"IMPDv1:IMPD_16657",1637,"IMPDv1","IMPD_16657",NA,31,31,"cm",NA,"Radiocarbon","concentrated Picea pollen",4930,90,5679,NA,"CAMS 105876",TRUE,NA,"na Date is in uncalibrated radiocarbon years.","Xindi - charcoal db_SIEVED","counted","NaN-NaN",NA,NA,"",4930,4840,5020,4930,31,NA,"na Date is in uncalibrated radiocarbon years.",". Cal curve: NA. Source DB: IMPDv1","Lacustrine","Carbon-14","Radiocarbon",-52,18017,"Calibrated radiocarbon years BP","sedimentary charcoal","Data Sourcing: IMPDv1 #charcoal_recommendedformat","Sample Age Source: IMPDv1"
"1637",278,"charcoal | num",139,139.25,139.5,0.5,12918.5,12911,12926,"IMPDv1","Charcoal (sum)","(additional options)",NA,NA,"False","False","number","Macroscopic charcoal (sieved)","direct",NA,"CHAR",2,NA,NA,"quant_raw",5,"volume","cm^3","IMPDv1","IMPD_16657","charcoal","count","char","wet_sieve","particle","num","count","no_size","num","IMPDv1","measured",1,"IMPDv1",NA,"Xindi - charcoal db",67.111667,-159.491667,NA,"north",NA,NA,"sedlac",1637,0,NA,"Higuera,P.E.;Brubaker,L.B.;Anderson,P.M.;Hu,F.S.;Brown,T.A.;. Xindi - charcoal db. NOAA/WDS Paleoclimatology IMPD study 16657",NA,NA,NA,NA,NA,NA,NA,NA,NA,NA,NA,NA,NA,NA,"https://www.ncei.noaa.gov/access/paleo-search/study/16657",NA,NA,NA,NA,"noaa_study_id=16657; original pub in IMPD datafile header","IMPDv1:IMPD_16657",1637,"Anderson,P.M.",1,"Anderson","P.M.",NA,NA,NA,NA,NA,NA,NA,NA,NA,"IMPDv1:IMPD_16657",1637,"IMPDv1","IMPD_16657",NA,31,31,"cm",NA,"Radiocarbon","concentrated Picea pollen",4930,90,5679,NA,"CAMS 105876",TRUE,NA,"na Date is in uncalibrated radiocarbon years.","Xindi - charcoal db_SIEVED","counted","NaN-NaN",NA,NA,"",4930,4840,5020,4930,31,NA,"na Date is in uncalibrated radiocarbon years.",". Cal curve: NA. Source DB: IMPDv1","Lacustrine","Carbon-14","Radiocarbon",-52,18017,"Calibrated radiocarbon years BP","sedimentary charcoal","Data Sourcing: IMPDv1 #charcoal_recommendedformat","Sample Age Source: IMPDv1"
"1637",279,"charcoal | num",139.5,139.75,140,0.5,12934,12926,12942,"IMPDv1","Charcoal (sum)","(additional options)",NA,NA,"False","False","number","Macroscopic charcoal (sieved)","direct",NA,"CHAR",3,NA,NA,"quant_raw",5,"volume","cm^3","IMPDv1","IMPD_16657","charcoal","count","char","wet_sieve","particle","num","count","no_size","num","IMPDv1","measured",1,"IMPDv1",NA,"Xindi - charcoal db",67.111667,-159.491667,NA,"north",NA,NA,"sedlac",1637,0,NA,"Higuera,P.E.;Brubaker,L.B.;Anderson,P.M.;Hu,F.S.;Brown,T.A.;. Xindi - charcoal db. NOAA/WDS Paleoclimatology IMPD study 16657",NA,NA,NA,NA,NA,NA,NA,NA,NA,NA,NA,NA,NA,NA,"https://www.ncei.noaa.gov/access/paleo-search/study/16657",NA,NA,NA,NA,"noaa_study_id=16657; original pub in IMPD datafile header","IMPDv1:IMPD_16657",1637,"Anderson,P.M.",1,"Anderson","P.M.",NA,NA,NA,NA,NA,NA,NA,NA,NA,"IMPDv1:IMPD_16657",1637,"IMPDv1","IMPD_16657",NA,31,31,"cm",NA,"Radiocarbon","concentrated Picea pollen",4930,90,5679,NA,"CAMS 105876",TRUE,NA,"na Date is in uncalibrated radiocarbon years.","Xindi - charcoal db_SIEVED","counted","NaN-NaN",NA,NA,"",4930,4840,5020,4930,31,NA,"na Date is in uncalibrated radiocarbon years.",". Cal curve: NA. Source DB: IMPDv1","Lacustrine","Carbon-14","Radiocarbon",-52,18017,"Calibrated radiocarbon years BP","sedimentary charcoal","Data Sourcing: IMPDv1 #charcoal_recommendedformat","Sample Age Source: IMPDv1"
"1637",280,"charcoal | num",140,140.25,140.5,0.5,12950,12942,12958,"IMPDv1","Charcoal (sum)","(additional options)",NA,NA,"False","False","number","Macroscopic charcoal (sieved)","direct",NA,"CHAR",7,NA,NA,"quant_raw",5,"volume","cm^3","IMPDv1","IMPD_16657","charcoal","count","char","wet_sieve","particle","num","count","no_size","num","IMPDv1","measured",1,"IMPDv1",NA,"Xindi - charcoal db",67.111667,-159.491667,NA,"north",NA,NA,"sedlac",1637,0,NA,"Higuera,P.E.;Brubaker,L.B.;Anderson,P.M.;Hu,F.S.;Brown,T.A.;. Xindi - charcoal db. NOAA/WDS Paleoclimatology IMPD study 16657",NA,NA,NA,NA,NA,NA,NA,NA,NA,NA,NA,NA,NA,NA,"https://www.ncei.noaa.gov/access/paleo-search/study/16657",NA,NA,NA,NA,"noaa_study_id=16657; original pub in IMPD datafile header","IMPDv1:IMPD_16657",1637,"Anderson,P.M.",1,"Anderson","P.M.",NA,NA,NA,NA,NA,NA,NA,NA,NA,"IMPDv1:IMPD_16657",1637,"IMPDv1","IMPD_16657",NA,31,31,"cm",NA,"Radiocarbon","concentrated Picea pollen",4930,90,5679,NA,"CAMS 105876",TRUE,NA,"na Date is in uncalibrated radiocarbon years.","Xindi - charcoal db_SIEVED","counted","NaN-NaN",NA,NA,"",4930,4840,5020,4930,31,NA,"na Date is in uncalibrated radiocarbon years.",". Cal curve: NA. Source DB: IMPDv1","Lacustrine","Carbon-14","Radiocarbon",-52,18017,"Calibrated radiocarbon years BP","sedimentary charcoal","Data Sourcing: IMPDv1 #charcoal_recommendedformat","Sample Age Source: IMPDv1"
"1637",281,"charcoal | num",140.5,140.75,141,0.5,12965.5,12958,12973,"IMPDv1","Charcoal (sum)","(additional options)",NA,NA,"False","False","number","Macroscopic charcoal (sieved)","direct",NA,"CHAR",11,NA,NA,"quant_raw",5,"volume","cm^3","IMPDv1","IMPD_16657","charcoal","count","char","wet_sieve","particle","num","count","no_size","num","IMPDv1","measured",1,"IMPDv1",NA,"Xindi - charcoal db",67.111667,-159.491667,NA,"north",NA,NA,"sedlac",1637,0,NA,"Higuera,P.E.;Brubaker,L.B.;Anderson,P.M.;Hu,F.S.;Brown,T.A.;. Xindi - charcoal db. NOAA/WDS Paleoclimatology IMPD study 16657",NA,NA,NA,NA,NA,NA,NA,NA,NA,NA,NA,NA,NA,NA,"https://www.ncei.noaa.gov/access/paleo-search/study/16657",NA,NA,NA,NA,"noaa_study_id=16657; original pub in IMPD datafile header","IMPDv1:IMPD_16657",1637,"Anderson,P.M.",1,"Anderson","P.M.",NA,NA,NA,NA,NA,NA,NA,NA,NA,"IMPDv1:IMPD_16657",1637,"IMPDv1","IMPD_16657",NA,31,31,"cm",NA,"Radiocarbon","concentrated Picea pollen",4930,90,5679,NA,"CAMS 105876",TRUE,NA,"na Date is in uncalibrated radiocarbon years.","Xindi - charcoal db_SIEVED","counted","NaN-NaN",NA,NA,"",4930,4840,5020,4930,31,NA,"na Date is in uncalibrated radiocarbon years.",". Cal curve: NA. Source DB: IMPDv1","Lacustrine","Carbon-14","Radiocarbon",-52,18017,"Calibrated radiocarbon years BP","sedimentary charcoal","Data Sourcing: IMPDv1 #charcoal_recommendedformat","Sample Age Source: IMPDv1"
"1637",282,"charcoal | num",141,141.25,141.5,0.5,12980.5,12973,12988,"IMPDv1","Charcoal (sum)","(additional options)",NA,NA,"False","False","number","Macroscopic charcoal (sieved)","direct",NA,"CHAR",5,NA,NA,"quant_raw",5,"volume","cm^3","IMPDv1","IMPD_16657","charcoal","count","char","wet_sieve","particle","num","count","no_size","num","IMPDv1","measured",1,"IMPDv1",NA,"Xindi - charcoal db",67.111667,-159.491667,NA,"north",NA,NA,"sedlac",1637,0,NA,"Higuera,P.E.;Brubaker,L.B.;Anderson,P.M.;Hu,F.S.;Brown,T.A.;. Xindi - charcoal db. NOAA/WDS Paleoclimatology IMPD study 16657",NA,NA,NA,NA,NA,NA,NA,NA,NA,NA,NA,NA,NA,NA,"https://www.ncei.noaa.gov/access/paleo-search/study/16657",NA,NA,NA,NA,"noaa_study_id=16657; original pub in IMPD datafile header","IMPDv1:IMPD_16657",1637,"Anderson,P.M.",1,"Anderson","P.M.",NA,NA,NA,NA,NA,NA,NA,NA,NA,"IMPDv1:IMPD_16657",1637,"IMPDv1","IMPD_16657",NA,31,31,"cm",NA,"Radiocarbon","concentrated Picea pollen",4930,90,5679,NA,"CAMS 105876",TRUE,NA,"na Date is in uncalibrated radiocarbon years.","Xindi - charcoal db_SIEVED","counted","NaN-NaN",NA,NA,"",4930,4840,5020,4930,31,NA,"na Date is in uncalibrated radiocarbon years.",". Cal curve: NA. Source DB: IMPDv1","Lacustrine","Carbon-14","Radiocarbon",-52,18017,"Calibrated radiocarbon years BP","sedimentary charcoal","Data Sourcing: IMPDv1 #charcoal_recommendedformat","Sample Age Source: IMPDv1"
"1637",283,"charcoal | num",141.5,141.75,142,0.5,12996,12988,13004,"IMPDv1","Charcoal (sum)","(additional options)",NA,NA,"False","False","number","Macroscopic charcoal (sieved)","direct",NA,"CHAR",37,NA,NA,"quant_raw",5,"volume","cm^3","IMPDv1","IMPD_16657","charcoal","count","char","wet_sieve","particle","num","count","no_size","num","IMPDv1","measured",1,"IMPDv1",NA,"Xindi - charcoal db",67.111667,-159.491667,NA,"north",NA,NA,"sedlac",1637,0,NA,"Higuera,P.E.;Brubaker,L.B.;Anderson,P.M.;Hu,F.S.;Brown,T.A.;. Xindi - charcoal db. NOAA/WDS Paleoclimatology IMPD study 16657",NA,NA,NA,NA,NA,NA,NA,NA,NA,NA,NA,NA,NA,NA,"https://www.ncei.noaa.gov/access/paleo-search/study/16657",NA,NA,NA,NA,"noaa_study_id=16657; original pub in IMPD datafile header","IMPDv1:IMPD_16657",1637,"Anderson,P.M.",1,"Anderson","P.M.",NA,NA,NA,NA,NA,NA,NA,NA,NA,"IMPDv1:IMPD_16657",1637,"IMPDv1","IMPD_16657",NA,31,31,"cm",NA,"Radiocarbon","concentrated Picea pollen",4930,90,5679,NA,"CAMS 105876",TRUE,NA,"na Date is in uncalibrated radiocarbon years.","Xindi - charcoal db_SIEVED","counted","NaN-NaN",NA,NA,"",4930,4840,5020,4930,31,NA,"na Date is in uncalibrated radiocarbon years.",". Cal curve: NA. Source DB: IMPDv1","Lacustrine","Carbon-14","Radiocarbon",-52,18017,"Calibrated radiocarbon years BP","sedimentary charcoal","Data Sourcing: IMPDv1 #charcoal_recommendedformat","Sample Age Source: IMPDv1"
"1637",284,"charcoal | num",142,142.25,142.5,0.5,13011.5,13004,13019,"IMPDv1","Charcoal (sum)","(additional options)",NA,NA,"False","False","number","Macroscopic charcoal (sieved)","direct",NA,"CHAR",15,NA,NA,"quant_raw",5,"volume","cm^3","IMPDv1","IMPD_16657","charcoal","count","char","wet_sieve","particle","num","count","no_size","num","IMPDv1","measured",1,"IMPDv1",NA,"Xindi - charcoal db",67.111667,-159.491667,NA,"north",NA,NA,"sedlac",1637,0,NA,"Higuera,P.E.;Brubaker,L.B.;Anderson,P.M.;Hu,F.S.;Brown,T.A.;. Xindi - charcoal db. NOAA/WDS Paleoclimatology IMPD study 16657",NA,NA,NA,NA,NA,NA,NA,NA,NA,NA,NA,NA,NA,NA,"https://www.ncei.noaa.gov/access/paleo-search/study/16657",NA,NA,NA,NA,"noaa_study_id=16657; original pub in IMPD datafile header","IMPDv1:IMPD_16657",1637,"Anderson,P.M.",1,"Anderson","P.M.",NA,NA,NA,NA,NA,NA,NA,NA,NA,"IMPDv1:IMPD_16657",1637,"IMPDv1","IMPD_16657",NA,31,31,"cm",NA,"Radiocarbon","concentrated Picea pollen",4930,90,5679,NA,"CAMS 105876",TRUE,NA,"na Date is in uncalibrated radiocarbon years.","Xindi - charcoal db_SIEVED","counted","NaN-NaN",NA,NA,"",4930,4840,5020,4930,31,NA,"na Date is in uncalibrated radiocarbon years.",". Cal curve: NA. Source DB: IMPDv1","Lacustrine","Carbon-14","Radiocarbon",-52,18017,"Calibrated radiocarbon years BP","sedimentary charcoal","Data Sourcing: IMPDv1 #charcoal_recommendedformat","Sample Age Source: IMPDv1"
"1637",285,"charcoal | num",142.5,142.75,143,0.5,13026.5,13019,13034,"IMPDv1","Charcoal (sum)","(additional options)",NA,NA,"False","False","number","Macroscopic charcoal (sieved)","direct",NA,"CHAR",5,NA,NA,"quant_raw",5,"volume","cm^3","IMPDv1","IMPD_16657","charcoal","count","char","wet_sieve","particle","num","count","no_size","num","IMPDv1","measured",1,"IMPDv1",NA,"Xindi - charcoal db",67.111667,-159.491667,NA,"north",NA,NA,"sedlac",1637,0,NA,"Higuera,P.E.;Brubaker,L.B.;Anderson,P.M.;Hu,F.S.;Brown,T.A.;. Xindi - charcoal db. NOAA/WDS Paleoclimatology IMPD study 16657",NA,NA,NA,NA,NA,NA,NA,NA,NA,NA,NA,NA,NA,NA,"https://www.ncei.noaa.gov/access/paleo-search/study/16657",NA,NA,NA,NA,"noaa_study_id=16657; original pub in IMPD datafile header","IMPDv1:IMPD_16657",1637,"Anderson,P.M.",1,"Anderson","P.M.",NA,NA,NA,NA,NA,NA,NA,NA,NA,"IMPDv1:IMPD_16657",1637,"IMPDv1","IMPD_16657",NA,31,31,"cm",NA,"Radiocarbon","concentrated Picea pollen",4930,90,5679,NA,"CAMS 105876",TRUE,NA,"na Date is in uncalibrated radiocarbon years.","Xindi - charcoal db_SIEVED","counted","NaN-NaN",NA,NA,"",4930,4840,5020,4930,31,NA,"na Date is in uncalibrated radiocarbon years.",". Cal curve: NA. Source DB: IMPDv1","Lacustrine","Carbon-14","Radiocarbon",-52,18017,"Calibrated radiocarbon years BP","sedimentary charcoal","Data Sourcing: IMPDv1 #charcoal_recommendedformat","Sample Age Source: IMPDv1"
"1637",286,"charcoal | num",143,143.25,143.5,0.5,13041.5,13034,13049,"IMPDv1","Charcoal (sum)","(additional options)",NA,NA,"False","False","number","Macroscopic charcoal (sieved)","direct",NA,"CHAR",3,NA,NA,"quant_raw",5,"volume","cm^3","IMPDv1","IMPD_16657","charcoal","count","char","wet_sieve","particle","num","count","no_size","num","IMPDv1","measured",1,"IMPDv1",NA,"Xindi - charcoal db",67.111667,-159.491667,NA,"north",NA,NA,"sedlac",1637,0,NA,"Higuera,P.E.;Brubaker,L.B.;Anderson,P.M.;Hu,F.S.;Brown,T.A.;. Xindi - charcoal db. NOAA/WDS Paleoclimatology IMPD study 16657",NA,NA,NA,NA,NA,NA,NA,NA,NA,NA,NA,NA,NA,NA,"https://www.ncei.noaa.gov/access/paleo-search/study/16657",NA,NA,NA,NA,"noaa_study_id=16657; original pub in IMPD datafile header","IMPDv1:IMPD_16657",1637,"Anderson,P.M.",1,"Anderson","P.M.",NA,NA,NA,NA,NA,NA,NA,NA,NA,"IMPDv1:IMPD_16657",1637,"IMPDv1","IMPD_16657",NA,32,32,"cm",NA,"Radiocarbon","concentrated charcoal",4560,120,5208,NA,"CAMS 112145",TRUE,NA,"na Date is in uncalibrated radiocarbon years.","Xindi - charcoal db_SIEVED","counted","NaN-NaN",NA,NA,"",4560,4440,4680,4560,32,NA,"na Date is in uncalibrated radiocarbon years.",". Cal curve: NA. Source DB: IMPDv1","Lacustrine","Carbon-14","Radiocarbon",-52,18017,"Calibrated radiocarbon years BP","sedimentary charcoal","Data Sourcing: IMPDv1 #charcoal_recommendedformat","Sample Age Source: IMPDv1"
"1637",287,"charcoal | num",143.5,143.75,144,0.5,13056.5,13049,13064,"IMPDv1","Charcoal (sum)","(additional options)",NA,NA,"False","False","number","Macroscopic charcoal (sieved)","direct",NA,"CHAR",10,NA,NA,"quant_raw",5,"volume","cm^3","IMPDv1","IMPD_16657","charcoal","count","char","wet_sieve","particle","num","count","no_size","num","IMPDv1","measured",1,"IMPDv1",NA,"Xindi - charcoal db",67.111667,-159.491667,NA,"north",NA,NA,"sedlac",1637,0,NA,"Higuera,P.E.;Brubaker,L.B.;Anderson,P.M.;Hu,F.S.;Brown,T.A.;. Xindi - charcoal db. NOAA/WDS Paleoclimatology IMPD study 16657",NA,NA,NA,NA,NA,NA,NA,NA,NA,NA,NA,NA,NA,NA,"https://www.ncei.noaa.gov/access/paleo-search/study/16657",NA,NA,NA,NA,"noaa_study_id=16657; original pub in IMPD datafile header","IMPDv1:IMPD_16657",1637,"Anderson,P.M.",1,"Anderson","P.M.",NA,NA,NA,NA,NA,NA,NA,NA,NA,"IMPDv1:IMPD_16657",1637,"IMPDv1","IMPD_16657",NA,32,32,"cm",NA,"Radiocarbon","concentrated charcoal",4560,120,5208,NA,"CAMS 112145",TRUE,NA,"na Date is in uncalibrated radiocarbon years.","Xindi - charcoal db_SIEVED","counted","NaN-NaN",NA,NA,"",4560,4440,4680,4560,32,NA,"na Date is in uncalibrated radiocarbon years.",". Cal curve: NA. Source DB: IMPDv1","Lacustrine","Carbon-14","Radiocarbon",-52,18017,"Calibrated radiocarbon years BP","sedimentary charcoal","Data Sourcing: IMPDv1 #charcoal_recommendedformat","Sample Age Source: IMPDv1"
"1637",288,"charcoal | num",144,144.25,144.5,0.5,13071.5,13064,13079,"IMPDv1","Charcoal (sum)","(additional options)",NA,NA,"False","False","number","Macroscopic charcoal (sieved)","direct",NA,"CHAR",17,NA,NA,"quant_raw",5,"volume","cm^3","IMPDv1","IMPD_16657","charcoal","count","char","wet_sieve","particle","num","count","no_size","num","IMPDv1","measured",1,"IMPDv1",NA,"Xindi - charcoal db",67.111667,-159.491667,NA,"north",NA,NA,"sedlac",1637,0,NA,"Higuera,P.E.;Brubaker,L.B.;Anderson,P.M.;Hu,F.S.;Brown,T.A.;. Xindi - charcoal db. NOAA/WDS Paleoclimatology IMPD study 16657",NA,NA,NA,NA,NA,NA,NA,NA,NA,NA,NA,NA,NA,NA,"https://www.ncei.noaa.gov/access/paleo-search/study/16657",NA,NA,NA,NA,"noaa_study_id=16657; original pub in IMPD datafile header","IMPDv1:IMPD_16657",1637,"Anderson,P.M.",1,"Anderson","P.M.",NA,NA,NA,NA,NA,NA,NA,NA,NA,"IMPDv1:IMPD_16657",1637,"IMPDv1","IMPD_16657",NA,32,32,"cm",NA,"Radiocarbon","concentrated charcoal",4560,120,5208,NA,"CAMS 112145",TRUE,NA,"na Date is in uncalibrated radiocarbon years.","Xindi - charcoal db_SIEVED","counted","NaN-NaN",NA,NA,"",4560,4440,4680,4560,32,NA,"na Date is in uncalibrated radiocarbon years.",". Cal curve: NA. Source DB: IMPDv1","Lacustrine","Carbon-14","Radiocarbon",-52,18017,"Calibrated radiocarbon years BP","sedimentary charcoal","Data Sourcing: IMPDv1 #charcoal_recommendedformat","Sample Age Source: IMPDv1"
"1637",289,"charcoal | num",144.5,144.75,145,0.5,13086.5,13079,13094,"IMPDv1","Charcoal (sum)","(additional options)",NA,NA,"False","False","number","Macroscopic charcoal (sieved)","direct",NA,"CHAR",21,NA,NA,"quant_raw",5,"volume","cm^3","IMPDv1","IMPD_16657","charcoal","count","char","wet_sieve","particle","num","count","no_size","num","IMPDv1","measured",1,"IMPDv1",NA,"Xindi - charcoal db",67.111667,-159.491667,NA,"north",NA,NA,"sedlac",1637,0,NA,"Higuera,P.E.;Brubaker,L.B.;Anderson,P.M.;Hu,F.S.;Brown,T.A.;. Xindi - charcoal db. NOAA/WDS Paleoclimatology IMPD study 16657",NA,NA,NA,NA,NA,NA,NA,NA,NA,NA,NA,NA,NA,NA,"https://www.ncei.noaa.gov/access/paleo-search/study/16657",NA,NA,NA,NA,"noaa_study_id=16657; original pub in IMPD datafile header","IMPDv1:IMPD_16657",1637,"Anderson,P.M.",1,"Anderson","P.M.",NA,NA,NA,NA,NA,NA,NA,NA,NA,"IMPDv1:IMPD_16657",1637,"IMPDv1","IMPD_16657",NA,32,32,"cm",NA,"Radiocarbon","concentrated charcoal",4560,120,5208,NA,"CAMS 112145",TRUE,NA,"na Date is in uncalibrated radiocarbon years.","Xindi - charcoal db_SIEVED","counted","NaN-NaN",NA,NA,"",4560,4440,4680,4560,32,NA,"na Date is in uncalibrated radiocarbon years.",". Cal curve: NA. Source DB: IMPDv1","Lacustrine","Carbon-14","Radiocarbon",-52,18017,"Calibrated radiocarbon years BP","sedimentary charcoal","Data Sourcing: IMPDv1 #charcoal_recommendedformat","Sample Age Source: IMPDv1"
"1637",290,"charcoal | num",145,145.25,145.5,0.5,13101,13094,13108,"IMPDv1","Charcoal (sum)","(additional options)",NA,NA,"False","False","number","Macroscopic charcoal (sieved)","direct",NA,"CHAR",11,NA,NA,"quant_raw",5,"volume","cm^3","IMPDv1","IMPD_16657","charcoal","count","char","wet_sieve","particle","num","count","no_size","num","IMPDv1","measured",1,"IMPDv1",NA,"Xindi - charcoal db",67.111667,-159.491667,NA,"north",NA,NA,"sedlac",1637,0,NA,"Higuera,P.E.;Brubaker,L.B.;Anderson,P.M.;Hu,F.S.;Brown,T.A.;. Xindi - charcoal db. NOAA/WDS Paleoclimatology IMPD study 16657",NA,NA,NA,NA,NA,NA,NA,NA,NA,NA,NA,NA,NA,NA,"https://www.ncei.noaa.gov/access/paleo-search/study/16657",NA,NA,NA,NA,"noaa_study_id=16657; original pub in IMPD datafile header","IMPDv1:IMPD_16657",1637,"Anderson,P.M.",1,"Anderson","P.M.",NA,NA,NA,NA,NA,NA,NA,NA,NA,"IMPDv1:IMPD_16657",1637,"IMPDv1","IMPD_16657",NA,32,32,"cm",NA,"Radiocarbon","concentrated charcoal",4560,120,5208,NA,"CAMS 112145",TRUE,NA,"na Date is in uncalibrated radiocarbon years.","Xindi - charcoal db_SIEVED","counted","NaN-NaN",NA,NA,"",4560,4440,4680,4560,32,NA,"na Date is in uncalibrated radiocarbon years.",". Cal curve: NA. Source DB: IMPDv1","Lacustrine","Carbon-14","Radiocarbon",-52,18017,"Calibrated radiocarbon years BP","sedimentary charcoal","Data Sourcing: IMPDv1 #charcoal_recommendedformat","Sample Age Source: IMPDv1"
"1637",291,"charcoal | num",145.5,145.75,146,0.5,13115.5,13108,13123,"IMPDv1","Charcoal (sum)","(additional options)",NA,NA,"False","False","number","Macroscopic charcoal (sieved)","direct",NA,"CHAR",3,NA,NA,"quant_raw",5,"volume","cm^3","IMPDv1","IMPD_16657","charcoal","count","char","wet_sieve","particle","num","count","no_size","num","IMPDv1","measured",1,"IMPDv1",NA,"Xindi - charcoal db",67.111667,-159.491667,NA,"north",NA,NA,"sedlac",1637,0,NA,"Higuera,P.E.;Brubaker,L.B.;Anderson,P.M.;Hu,F.S.;Brown,T.A.;. Xindi - charcoal db. NOAA/WDS Paleoclimatology IMPD study 16657",NA,NA,NA,NA,NA,NA,NA,NA,NA,NA,NA,NA,NA,NA,"https://www.ncei.noaa.gov/access/paleo-search/study/16657",NA,NA,NA,NA,"noaa_study_id=16657; original pub in IMPD datafile header","IMPDv1:IMPD_16657",1637,"Anderson,P.M.",1,"Anderson","P.M.",NA,NA,NA,NA,NA,NA,NA,NA,NA,"IMPDv1:IMPD_16657",1637,"IMPDv1","IMPD_16657",NA,32,32,"cm",NA,"Radiocarbon","concentrated charcoal",4560,120,5208,NA,"CAMS 112145",TRUE,NA,"na Date is in uncalibrated radiocarbon years.","Xindi - charcoal db_SIEVED","counted","NaN-NaN",NA,NA,"",4560,4440,4680,4560,32,NA,"na Date is in uncalibrated radiocarbon years.",". Cal curve: NA. Source DB: IMPDv1","Lacustrine","Carbon-14","Radiocarbon",-52,18017,"Calibrated radiocarbon years BP","sedimentary charcoal","Data Sourcing: IMPDv1 #charcoal_recommendedformat","Sample Age Source: IMPDv1"
"1637",292,"charcoal | num",146,146.25,146.5,0.5,13130,13123,13137,"IMPDv1","Charcoal (sum)","(additional options)",NA,NA,"False","False","number","Macroscopic charcoal (sieved)","direct",NA,"CHAR",3,NA,NA,"quant_raw",5,"volume","cm^3","IMPDv1","IMPD_16657","charcoal","count","char","wet_sieve","particle","num","count","no_size","num","IMPDv1","measured",1,"IMPDv1",NA,"Xindi - charcoal db",67.111667,-159.491667,NA,"north",NA,NA,"sedlac",1637,0,NA,"Higuera,P.E.;Brubaker,L.B.;Anderson,P.M.;Hu,F.S.;Brown,T.A.;. Xindi - charcoal db. NOAA/WDS Paleoclimatology IMPD study 16657",NA,NA,NA,NA,NA,NA,NA,NA,NA,NA,NA,NA,NA,NA,"https://www.ncei.noaa.gov/access/paleo-search/study/16657",NA,NA,NA,NA,"noaa_study_id=16657; original pub in IMPD datafile header","IMPDv1:IMPD_16657",1637,"Anderson,P.M.",1,"Anderson","P.M.",NA,NA,NA,NA,NA,NA,NA,NA,NA,"IMPDv1:IMPD_16657",1637,"IMPDv1","IMPD_16657",NA,32,32,"cm",NA,"Radiocarbon","concentrated charcoal",4560,120,5208,NA,"CAMS 112145",TRUE,NA,"na Date is in uncalibrated radiocarbon years.","Xindi - charcoal db_SIEVED","counted","NaN-NaN",NA,NA,"",4560,4440,4680,4560,32,NA,"na Date is in uncalibrated radiocarbon years.",". Cal curve: NA. Source DB: IMPDv1","Lacustrine","Carbon-14","Radiocarbon",-52,18017,"Calibrated radiocarbon years BP","sedimentary charcoal","Data Sourcing: IMPDv1 #charcoal_recommendedformat","Sample Age Source: IMPDv1"
"1637",293,"charcoal | num",146.5,146.75,147,0.5,13144.5,13137,13152,"IMPDv1","Charcoal (sum)","(additional options)",NA,NA,"False","False","number","Macroscopic charcoal (sieved)","direct",NA,"CHAR",2,NA,NA,"quant_raw",5,"volume","cm^3","IMPDv1","IMPD_16657","charcoal","count","char","wet_sieve","particle","num","count","no_size","num","IMPDv1","measured",1,"IMPDv1",NA,"Xindi - charcoal db",67.111667,-159.491667,NA,"north",NA,NA,"sedlac",1637,0,NA,"Higuera,P.E.;Brubaker,L.B.;Anderson,P.M.;Hu,F.S.;Brown,T.A.;. Xindi - charcoal db. NOAA/WDS Paleoclimatology IMPD study 16657",NA,NA,NA,NA,NA,NA,NA,NA,NA,NA,NA,NA,NA,NA,"https://www.ncei.noaa.gov/access/paleo-search/study/16657",NA,NA,NA,NA,"noaa_study_id=16657; original pub in IMPD datafile header","IMPDv1:IMPD_16657",1637,"Anderson,P.M.",1,"Anderson","P.M.",NA,NA,NA,NA,NA,NA,NA,NA,NA,"IMPDv1:IMPD_16657",1637,"IMPDv1","IMPD_16657",NA,32,32,"cm",NA,"Radiocarbon","concentrated charcoal",4560,120,5208,NA,"CAMS 112145",TRUE,NA,"na Date is in uncalibrated radiocarbon years.","Xindi - charcoal db_SIEVED","counted","NaN-NaN",NA,NA,"",4560,4440,4680,4560,32,NA,"na Date is in uncalibrated radiocarbon years.",". Cal curve: NA. Source DB: IMPDv1","Lacustrine","Carbon-14","Radiocarbon",-52,18017,"Calibrated radiocarbon years BP","sedimentary charcoal","Data Sourcing: IMPDv1 #charcoal_recommendedformat","Sample Age Source: IMPDv1"
"1637",294,"charcoal | num",147,147.25,147.5,0.5,13159,13152,13166,"IMPDv1","Charcoal (sum)","(additional options)",NA,NA,"False","False","number","Macroscopic charcoal (sieved)","direct",NA,"CHAR",1,NA,NA,"quant_raw",5,"volume","cm^3","IMPDv1","IMPD_16657","charcoal","count","char","wet_sieve","particle","num","count","no_size","num","IMPDv1","measured",1,"IMPDv1",NA,"Xindi - charcoal db",67.111667,-159.491667,NA,"north",NA,NA,"sedlac",1637,0,NA,"Higuera,P.E.;Brubaker,L.B.;Anderson,P.M.;Hu,F.S.;Brown,T.A.;. Xindi - charcoal db. NOAA/WDS Paleoclimatology IMPD study 16657",NA,NA,NA,NA,NA,NA,NA,NA,NA,NA,NA,NA,NA,NA,"https://www.ncei.noaa.gov/access/paleo-search/study/16657",NA,NA,NA,NA,"noaa_study_id=16657; original pub in IMPD datafile header","IMPDv1:IMPD_16657",1637,"Anderson,P.M.",1,"Anderson","P.M.",NA,NA,NA,NA,NA,NA,NA,NA,NA,"IMPDv1:IMPD_16657",1637,"IMPDv1","IMPD_16657",NA,32,32,"cm",NA,"Radiocarbon","concentrated charcoal",4560,120,5208,NA,"CAMS 112145",TRUE,NA,"na Date is in uncalibrated radiocarbon years.","Xindi - charcoal db_SIEVED","counted","NaN-NaN",NA,NA,"",4560,4440,4680,4560,32,NA,"na Date is in uncalibrated radiocarbon years.",". Cal curve: NA. Source DB: IMPDv1","Lacustrine","Carbon-14","Radiocarbon",-52,18017,"Calibrated radiocarbon years BP","sedimentary charcoal","Data Sourcing: IMPDv1 #charcoal_recommendedformat","Sample Age Source: IMPDv1"
"1637",295,"charcoal | num",147.5,147.75,148,0.5,13173,13166,13180,"IMPDv1","Charcoal (sum)","(additional options)",NA,NA,"False","False","number","Macroscopic charcoal (sieved)","direct",NA,"CHAR",1,NA,NA,"quant_raw",5,"volume","cm^3","IMPDv1","IMPD_16657","charcoal","count","char","wet_sieve","particle","num","count","no_size","num","IMPDv1","measured",1,"IMPDv1",NA,"Xindi - charcoal db",67.111667,-159.491667,NA,"north",NA,NA,"sedlac",1637,0,NA,"Higuera,P.E.;Brubaker,L.B.;Anderson,P.M.;Hu,F.S.;Brown,T.A.;. Xindi - charcoal db. NOAA/WDS Paleoclimatology IMPD study 16657",NA,NA,NA,NA,NA,NA,NA,NA,NA,NA,NA,NA,NA,NA,"https://www.ncei.noaa.gov/access/paleo-search/study/16657",NA,NA,NA,NA,"noaa_study_id=16657; original pub in IMPD datafile header","IMPDv1:IMPD_16657",1637,"Anderson,P.M.",1,"Anderson","P.M.",NA,NA,NA,NA,NA,NA,NA,NA,NA,"IMPDv1:IMPD_16657",1637,"IMPDv1","IMPD_16657",NA,32,32,"cm",NA,"Radiocarbon","concentrated charcoal",4560,120,5208,NA,"CAMS 112145",TRUE,NA,"na Date is in uncalibrated radiocarbon years.","Xindi - charcoal db_SIEVED","counted","NaN-NaN",NA,NA,"",4560,4440,4680,4560,32,NA,"na Date is in uncalibrated radiocarbon years.",". Cal curve: NA. Source DB: IMPDv1","Lacustrine","Carbon-14","Radiocarbon",-52,18017,"Calibrated radiocarbon years BP","sedimentary charcoal","Data Sourcing: IMPDv1 #charcoal_recommendedformat","Sample Age Source: IMPDv1"
"1637",296,"charcoal | num",148,148.25,148.5,0.5,13187.5,13180,13195,"IMPDv1","Charcoal (sum)","(additional options)",NA,NA,"False","False","number","Macroscopic charcoal (sieved)","direct",NA,"CHAR",0,NA,NA,"quant_raw",5,"volume","cm^3","IMPDv1","IMPD_16657","charcoal","count","char","wet_sieve","particle","num","count","no_size","num","IMPDv1","measured",1,"IMPDv1",NA,"Xindi - charcoal db",67.111667,-159.491667,NA,"north",NA,NA,"sedlac",1637,0,NA,"Higuera,P.E.;Brubaker,L.B.;Anderson,P.M.;Hu,F.S.;Brown,T.A.;. Xindi - charcoal db. NOAA/WDS Paleoclimatology IMPD study 16657",NA,NA,NA,NA,NA,NA,NA,NA,NA,NA,NA,NA,NA,NA,"https://www.ncei.noaa.gov/access/paleo-search/study/16657",NA,NA,NA,NA,"noaa_study_id=16657; original pub in IMPD datafile header","IMPDv1:IMPD_16657",1637,"Anderson,P.M.",1,"Anderson","P.M.",NA,NA,NA,NA,NA,NA,NA,NA,NA,"IMPDv1:IMPD_16657",1637,"IMPDv1","IMPD_16657",NA,32,32,"cm",NA,"Radiocarbon","concentrated charcoal",4560,120,5208,NA,"CAMS 112145",TRUE,NA,"na Date is in uncalibrated radiocarbon years.","Xindi - charcoal db_SIEVED","counted","NaN-NaN",NA,NA,"",4560,4440,4680,4560,32,NA,"na Date is in uncalibrated radiocarbon years.",". Cal curve: NA. Source DB: IMPDv1","Lacustrine","Carbon-14","Radiocarbon",-52,18017,"Calibrated radiocarbon years BP","sedimentary charcoal","Data Sourcing: IMPDv1 #charcoal_recommendedformat","Sample Age Source: IMPDv1"
"1637",297,"charcoal | num",148.5,148.75,149,0.5,13202,13195,13209,"IMPDv1","Charcoal (sum)","(additional options)",NA,NA,"False","False","number","Macroscopic charcoal (sieved)","direct",NA,"CHAR",3,NA,NA,"quant_raw",5,"volume","cm^3","IMPDv1","IMPD_16657","charcoal","count","char","wet_sieve","particle","num","count","no_size","num","IMPDv1","measured",1,"IMPDv1",NA,"Xindi - charcoal db",67.111667,-159.491667,NA,"north",NA,NA,"sedlac",1637,0,NA,"Higuera,P.E.;Brubaker,L.B.;Anderson,P.M.;Hu,F.S.;Brown,T.A.;. Xindi - charcoal db. NOAA/WDS Paleoclimatology IMPD study 16657",NA,NA,NA,NA,NA,NA,NA,NA,NA,NA,NA,NA,NA,NA,"https://www.ncei.noaa.gov/access/paleo-search/study/16657",NA,NA,NA,NA,"noaa_study_id=16657; original pub in IMPD datafile header","IMPDv1:IMPD_16657",1637,"Anderson,P.M.",1,"Anderson","P.M.",NA,NA,NA,NA,NA,NA,NA,NA,NA,"IMPDv1:IMPD_16657",1637,"IMPDv1","IMPD_16657",NA,32,32,"cm",NA,"Radiocarbon","concentrated charcoal",4560,120,5208,NA,"CAMS 112145",TRUE,NA,"na Date is in uncalibrated radiocarbon years.","Xindi - charcoal db_SIEVED","counted","NaN-NaN",NA,NA,"",4560,4440,4680,4560,32,NA,"na Date is in uncalibrated radiocarbon years.",". Cal curve: NA. Source DB: IMPDv1","Lacustrine","Carbon-14","Radiocarbon",-52,18017,"Calibrated radiocarbon years BP","sedimentary charcoal","Data Sourcing: IMPDv1 #charcoal_recommendedformat","Sample Age Source: IMPDv1"
"1637",298,"charcoal | num",149,149.25,149.5,0.5,13216,13209,13223,"IMPDv1","Charcoal (sum)","(additional options)",NA,NA,"False","False","number","Macroscopic charcoal (sieved)","direct",NA,"CHAR",2,NA,NA,"quant_raw",5,"volume","cm^3","IMPDv1","IMPD_16657","charcoal","count","char","wet_sieve","particle","num","count","no_size","num","IMPDv1","measured",1,"IMPDv1",NA,"Xindi - charcoal db",67.111667,-159.491667,NA,"north",NA,NA,"sedlac",1637,0,NA,"Higuera,P.E.;Brubaker,L.B.;Anderson,P.M.;Hu,F.S.;Brown,T.A.;. Xindi - charcoal db. NOAA/WDS Paleoclimatology IMPD study 16657",NA,NA,NA,NA,NA,NA,NA,NA,NA,NA,NA,NA,NA,NA,"https://www.ncei.noaa.gov/access/paleo-search/study/16657",NA,NA,NA,NA,"noaa_study_id=16657; original pub in IMPD datafile header","IMPDv1:IMPD_16657",1637,"Anderson,P.M.",1,"Anderson","P.M.",NA,NA,NA,NA,NA,NA,NA,NA,NA,"IMPDv1:IMPD_16657",1637,"IMPDv1","IMPD_16657",NA,32,32,"cm",NA,"Radiocarbon","concentrated charcoal",4560,120,5208,NA,"CAMS 112145",TRUE,NA,"na Date is in uncalibrated radiocarbon years.","Xindi - charcoal db_SIEVED","counted","NaN-NaN",NA,NA,"",4560,4440,4680,4560,32,NA,"na Date is in uncalibrated radiocarbon years.",". Cal curve: NA. Source DB: IMPDv1","Lacustrine","Carbon-14","Radiocarbon",-52,18017,"Calibrated radiocarbon years BP","sedimentary charcoal","Data Sourcing: IMPDv1 #charcoal_recommendedformat","Sample Age Source: IMPDv1"
"1637",299,"charcoal | num",149.5,149.75,150,0.5,13230,13223,13237,"IMPDv1","Charcoal (sum)","(additional options)",NA,NA,"False","False","number","Macroscopic charcoal (sieved)","direct",NA,"CHAR",26,NA,NA,"quant_raw",5,"volume","cm^3","IMPDv1","IMPD_16657","charcoal","count","char","wet_sieve","particle","num","count","no_size","num","IMPDv1","measured",1,"IMPDv1",NA,"Xindi - charcoal db",67.111667,-159.491667,NA,"north",NA,NA,"sedlac",1637,0,NA,"Higuera,P.E.;Brubaker,L.B.;Anderson,P.M.;Hu,F.S.;Brown,T.A.;. Xindi - charcoal db. NOAA/WDS Paleoclimatology IMPD study 16657",NA,NA,NA,NA,NA,NA,NA,NA,NA,NA,NA,NA,NA,NA,"https://www.ncei.noaa.gov/access/paleo-search/study/16657",NA,NA,NA,NA,"noaa_study_id=16657; original pub in IMPD datafile header","IMPDv1:IMPD_16657",1637,"Anderson,P.M.",1,"Anderson","P.M.",NA,NA,NA,NA,NA,NA,NA,NA,NA,"IMPDv1:IMPD_16657",1637,"IMPDv1","IMPD_16657",NA,43,43,"cm",NA,"Radiocarbon","concentrated charcoal",4760,70,5493,NA,"CAMS 113559",TRUE,NA,"na Date is in uncalibrated radiocarbon years.","Xindi - charcoal db_SIEVED","counted","NaN-NaN",NA,NA,"",4760,4690,4830,4760,43,NA,"na Date is in uncalibrated radiocarbon years.",". Cal curve: NA. Source DB: IMPDv1","Lacustrine","Carbon-14","Radiocarbon",-52,18017,"Calibrated radiocarbon years BP","sedimentary charcoal","Data Sourcing: IMPDv1 #charcoal_recommendedformat","Sample Age Source: IMPDv1"
"1637",300,"charcoal | num",150,150.25,150.5,0.5,13244,13237,13251,"IMPDv1","Charcoal (sum)","(additional options)",NA,NA,"False","False","number","Macroscopic charcoal (sieved)","direct",NA,"CHAR",6,NA,NA,"quant_raw",5,"volume","cm^3","IMPDv1","IMPD_16657","charcoal","count","char","wet_sieve","particle","num","count","no_size","num","IMPDv1","measured",1,"IMPDv1",NA,"Xindi - charcoal db",67.111667,-159.491667,NA,"north",NA,NA,"sedlac",1637,0,NA,"Higuera,P.E.;Brubaker,L.B.;Anderson,P.M.;Hu,F.S.;Brown,T.A.;. Xindi - charcoal db. NOAA/WDS Paleoclimatology IMPD study 16657",NA,NA,NA,NA,NA,NA,NA,NA,NA,NA,NA,NA,NA,NA,"https://www.ncei.noaa.gov/access/paleo-search/study/16657",NA,NA,NA,NA,"noaa_study_id=16657; original pub in IMPD datafile header","IMPDv1:IMPD_16657",1637,"Anderson,P.M.",1,"Anderson","P.M.",NA,NA,NA,NA,NA,NA,NA,NA,NA,"IMPDv1:IMPD_16657",1637,"IMPDv1","IMPD_16657",NA,43,43,"cm",NA,"Radiocarbon","concentrated charcoal",4760,70,5493,NA,"CAMS 113559",TRUE,NA,"na Date is in uncalibrated radiocarbon years.","Xindi - charcoal db_SIEVED","counted","NaN-NaN",NA,NA,"",4760,4690,4830,4760,43,NA,"na Date is in uncalibrated radiocarbon years.",". Cal curve: NA. Source DB: IMPDv1","Lacustrine","Carbon-14","Radiocarbon",-52,18017,"Calibrated radiocarbon years BP","sedimentary charcoal","Data Sourcing: IMPDv1 #charcoal_recommendedformat","Sample Age Source: IMPDv1"
"1637",301,"charcoal | num",150.5,150.75,151,0.5,13258,13251,13265,"IMPDv1","Charcoal (sum)","(additional options)",NA,NA,"False","False","number","Macroscopic charcoal (sieved)","direct",NA,"CHAR",1,NA,NA,"quant_raw",5,"volume","cm^3","IMPDv1","IMPD_16657","charcoal","count","char","wet_sieve","particle","num","count","no_size","num","IMPDv1","measured",1,"IMPDv1",NA,"Xindi - charcoal db",67.111667,-159.491667,NA,"north",NA,NA,"sedlac",1637,0,NA,"Higuera,P.E.;Brubaker,L.B.;Anderson,P.M.;Hu,F.S.;Brown,T.A.;. Xindi - charcoal db. NOAA/WDS Paleoclimatology IMPD study 16657",NA,NA,NA,NA,NA,NA,NA,NA,NA,NA,NA,NA,NA,NA,"https://www.ncei.noaa.gov/access/paleo-search/study/16657",NA,NA,NA,NA,"noaa_study_id=16657; original pub in IMPD datafile header","IMPDv1:IMPD_16657",1637,"Anderson,P.M.",1,"Anderson","P.M.",NA,NA,NA,NA,NA,NA,NA,NA,NA,"IMPDv1:IMPD_16657",1637,"IMPDv1","IMPD_16657",NA,43,43,"cm",NA,"Radiocarbon","concentrated charcoal",4760,70,5493,NA,"CAMS 113559",TRUE,NA,"na Date is in uncalibrated radiocarbon years.","Xindi - charcoal db_SIEVED","counted","NaN-NaN",NA,NA,"",4760,4690,4830,4760,43,NA,"na Date is in uncalibrated radiocarbon years.",". Cal curve: NA. Source DB: IMPDv1","Lacustrine","Carbon-14","Radiocarbon",-52,18017,"Calibrated radiocarbon years BP","sedimentary charcoal","Data Sourcing: IMPDv1 #charcoal_recommendedformat","Sample Age Source: IMPDv1"
"1637",302,"charcoal | num",151,151.25,151.5,0.5,13272,13265,13279,"IMPDv1","Charcoal (sum)","(additional options)",NA,NA,"False","False","number","Macroscopic charcoal (sieved)","direct",NA,"CHAR",2,NA,NA,"quant_raw",5,"volume","cm^3","IMPDv1","IMPD_16657","charcoal","count","char","wet_sieve","particle","num","count","no_size","num","IMPDv1","measured",1,"IMPDv1",NA,"Xindi - charcoal db",67.111667,-159.491667,NA,"north",NA,NA,"sedlac",1637,0,NA,"Higuera,P.E.;Brubaker,L.B.;Anderson,P.M.;Hu,F.S.;Brown,T.A.;. Xindi - charcoal db. NOAA/WDS Paleoclimatology IMPD study 16657",NA,NA,NA,NA,NA,NA,NA,NA,NA,NA,NA,NA,NA,NA,"https://www.ncei.noaa.gov/access/paleo-search/study/16657",NA,NA,NA,NA,"noaa_study_id=16657; original pub in IMPD datafile header","IMPDv1:IMPD_16657",1637,"Anderson,P.M.",1,"Anderson","P.M.",NA,NA,NA,NA,NA,NA,NA,NA,NA,"IMPDv1:IMPD_16657",1637,"IMPDv1","IMPD_16657",NA,43,43,"cm",NA,"Radiocarbon","concentrated charcoal",4760,70,5493,NA,"CAMS 113559",TRUE,NA,"na Date is in uncalibrated radiocarbon years.","Xindi - charcoal db_SIEVED","counted","NaN-NaN",NA,NA,"",4760,4690,4830,4760,43,NA,"na Date is in uncalibrated radiocarbon years.",". Cal curve: NA. Source DB: IMPDv1","Lacustrine","Carbon-14","Radiocarbon",-52,18017,"Calibrated radiocarbon years BP","sedimentary charcoal","Data Sourcing: IMPDv1 #charcoal_recommendedformat","Sample Age Source: IMPDv1"
"1637",303,"charcoal | num",151.5,151.75,152,0.5,13285.5,13279,13292,"IMPDv1","Charcoal (sum)","(additional options)",NA,NA,"False","False","number","Macroscopic charcoal (sieved)","direct",NA,"CHAR",3,NA,NA,"quant_raw",5,"volume","cm^3","IMPDv1","IMPD_16657","charcoal","count","char","wet_sieve","particle","num","count","no_size","num","IMPDv1","measured",1,"IMPDv1",NA,"Xindi - charcoal db",67.111667,-159.491667,NA,"north",NA,NA,"sedlac",1637,0,NA,"Higuera,P.E.;Brubaker,L.B.;Anderson,P.M.;Hu,F.S.;Brown,T.A.;. Xindi - charcoal db. NOAA/WDS Paleoclimatology IMPD study 16657",NA,NA,NA,NA,NA,NA,NA,NA,NA,NA,NA,NA,NA,NA,"https://www.ncei.noaa.gov/access/paleo-search/study/16657",NA,NA,NA,NA,"noaa_study_id=16657; original pub in IMPD datafile header","IMPDv1:IMPD_16657",1637,"Anderson,P.M.",1,"Anderson","P.M.",NA,NA,NA,NA,NA,NA,NA,NA,NA,"IMPDv1:IMPD_16657",1637,"IMPDv1","IMPD_16657",NA,43,43,"cm",NA,"Radiocarbon","concentrated charcoal",4760,70,5493,NA,"CAMS 113559",TRUE,NA,"na Date is in uncalibrated radiocarbon years.","Xindi - charcoal db_SIEVED","counted","NaN-NaN",NA,NA,"",4760,4690,4830,4760,43,NA,"na Date is in uncalibrated radiocarbon years.",". Cal curve: NA. Source DB: IMPDv1","Lacustrine","Carbon-14","Radiocarbon",-52,18017,"Calibrated radiocarbon years BP","sedimentary charcoal","Data Sourcing: IMPDv1 #charcoal_recommendedformat","Sample Age Source: IMPDv1"
"1637",304,"charcoal | num",152,152.25,152.5,0.5,13299,13292,13306,"IMPDv1","Charcoal (sum)","(additional options)",NA,NA,"False","False","number","Macroscopic charcoal (sieved)","direct",NA,"CHAR",3,NA,NA,"quant_raw",5,"volume","cm^3","IMPDv1","IMPD_16657","charcoal","count","char","wet_sieve","particle","num","count","no_size","num","IMPDv1","measured",1,"IMPDv1",NA,"Xindi - charcoal db",67.111667,-159.491667,NA,"north",NA,NA,"sedlac",1637,0,NA,"Higuera,P.E.;Brubaker,L.B.;Anderson,P.M.;Hu,F.S.;Brown,T.A.;. Xindi - charcoal db. NOAA/WDS Paleoclimatology IMPD study 16657",NA,NA,NA,NA,NA,NA,NA,NA,NA,NA,NA,NA,NA,NA,"https://www.ncei.noaa.gov/access/paleo-search/study/16657",NA,NA,NA,NA,"noaa_study_id=16657; original pub in IMPD datafile header","IMPDv1:IMPD_16657",1637,"Anderson,P.M.",1,"Anderson","P.M.",NA,NA,NA,NA,NA,NA,NA,NA,NA,"IMPDv1:IMPD_16657",1637,"IMPDv1","IMPD_16657",NA,43,43,"cm",NA,"Radiocarbon","concentrated charcoal",4760,70,5493,NA,"CAMS 113559",TRUE,NA,"na Date is in uncalibrated radiocarbon years.","Xindi - charcoal db_SIEVED","counted","NaN-NaN",NA,NA,"",4760,4690,4830,4760,43,NA,"na Date is in uncalibrated radiocarbon years.",". Cal curve: NA. Source DB: IMPDv1","Lacustrine","Carbon-14","Radiocarbon",-52,18017,"Calibrated radiocarbon years BP","sedimentary charcoal","Data Sourcing: IMPDv1 #charcoal_recommendedformat","Sample Age Source: IMPDv1"
"1637",305,"charcoal | num",152.5,152.75,153,0.5,13313,13306,13320,"IMPDv1","Charcoal (sum)","(additional options)",NA,NA,"False","False","number","Macroscopic charcoal (sieved)","direct",NA,"CHAR",2,NA,NA,"quant_raw",5,"volume","cm^3","IMPDv1","IMPD_16657","charcoal","count","char","wet_sieve","particle","num","count","no_size","num","IMPDv1","measured",1,"IMPDv1",NA,"Xindi - charcoal db",67.111667,-159.491667,NA,"north",NA,NA,"sedlac",1637,0,NA,"Higuera,P.E.;Brubaker,L.B.;Anderson,P.M.;Hu,F.S.;Brown,T.A.;. Xindi - charcoal db. NOAA/WDS Paleoclimatology IMPD study 16657",NA,NA,NA,NA,NA,NA,NA,NA,NA,NA,NA,NA,NA,NA,"https://www.ncei.noaa.gov/access/paleo-search/study/16657",NA,NA,NA,NA,"noaa_study_id=16657; original pub in IMPD datafile header","IMPDv1:IMPD_16657",1637,"Anderson,P.M.",1,"Anderson","P.M.",NA,NA,NA,NA,NA,NA,NA,NA,NA,"IMPDv1:IMPD_16657",1637,"IMPDv1","IMPD_16657",NA,43,43,"cm",NA,"Radiocarbon","concentrated charcoal",4760,70,5493,NA,"CAMS 113559",TRUE,NA,"na Date is in uncalibrated radiocarbon years.","Xindi - charcoal db_SIEVED","counted","NaN-NaN",NA,NA,"",4760,4690,4830,4760,43,NA,"na Date is in uncalibrated radiocarbon years.",". Cal curve: NA. Source DB: IMPDv1","Lacustrine","Carbon-14","Radiocarbon",-52,18017,"Calibrated radiocarbon years BP","sedimentary charcoal","Data Sourcing: IMPDv1 #charcoal_recommendedformat","Sample Age Source: IMPDv1"
"1637",306,"charcoal | num",153,153.25,153.5,0.5,13326.5,13320,13333,"IMPDv1","Charcoal (sum)","(additional options)",NA,NA,"False","False","number","Macroscopic charcoal (sieved)","direct",NA,"CHAR",3,NA,NA,"quant_raw",5,"volume","cm^3","IMPDv1","IMPD_16657","charcoal","count","char","wet_sieve","particle","num","count","no_size","num","IMPDv1","measured",1,"IMPDv1",NA,"Xindi - charcoal db",67.111667,-159.491667,NA,"north",NA,NA,"sedlac",1637,0,NA,"Higuera,P.E.;Brubaker,L.B.;Anderson,P.M.;Hu,F.S.;Brown,T.A.;. Xindi - charcoal db. NOAA/WDS Paleoclimatology IMPD study 16657",NA,NA,NA,NA,NA,NA,NA,NA,NA,NA,NA,NA,NA,NA,"https://www.ncei.noaa.gov/access/paleo-search/study/16657",NA,NA,NA,NA,"noaa_study_id=16657; original pub in IMPD datafile header","IMPDv1:IMPD_16657",1637,"Anderson,P.M.",1,"Anderson","P.M.",NA,NA,NA,NA,NA,NA,NA,NA,NA,"IMPDv1:IMPD_16657",1637,"IMPDv1","IMPD_16657",NA,43,43,"cm",NA,"Radiocarbon","concentrated charcoal",4760,70,5493,NA,"CAMS 113559",TRUE,NA,"na Date is in uncalibrated radiocarbon years.","Xindi - charcoal db_SIEVED","counted","NaN-NaN",NA,NA,"",4760,4690,4830,4760,43,NA,"na Date is in uncalibrated radiocarbon years.",". Cal curve: NA. Source DB: IMPDv1","Lacustrine","Carbon-14","Radiocarbon",-52,18017,"Calibrated radiocarbon years BP","sedimentary charcoal","Data Sourcing: IMPDv1 #charcoal_recommendedformat","Sample Age Source: IMPDv1"
"1637",307,"charcoal | num",153.5,153.75,154,0.5,13340,13333,13347,"IMPDv1","Charcoal (sum)","(additional options)",NA,NA,"False","False","number","Macroscopic charcoal (sieved)","direct",NA,"CHAR",5,NA,NA,"quant_raw",5,"volume","cm^3","IMPDv1","IMPD_16657","charcoal","count","char","wet_sieve","particle","num","count","no_size","num","IMPDv1","measured",1,"IMPDv1",NA,"Xindi - charcoal db",67.111667,-159.491667,NA,"north",NA,NA,"sedlac",1637,0,NA,"Higuera,P.E.;Brubaker,L.B.;Anderson,P.M.;Hu,F.S.;Brown,T.A.;. Xindi - charcoal db. NOAA/WDS Paleoclimatology IMPD study 16657",NA,NA,NA,NA,NA,NA,NA,NA,NA,NA,NA,NA,NA,NA,"https://www.ncei.noaa.gov/access/paleo-search/study/16657",NA,NA,NA,NA,"noaa_study_id=16657; original pub in IMPD datafile header","IMPDv1:IMPD_16657",1637,"Anderson,P.M.",1,"Anderson","P.M.",NA,NA,NA,NA,NA,NA,NA,NA,NA,"IMPDv1:IMPD_16657",1637,"IMPDv1","IMPD_16657",NA,43,43,"cm",NA,"Radiocarbon","concentrated charcoal",4760,70,5493,NA,"CAMS 113559",TRUE,NA,"na Date is in uncalibrated radiocarbon years.","Xindi - charcoal db_SIEVED","counted","NaN-NaN",NA,NA,"",4760,4690,4830,4760,43,NA,"na Date is in uncalibrated radiocarbon years.",". Cal curve: NA. Source DB: IMPDv1","Lacustrine","Carbon-14","Radiocarbon",-52,18017,"Calibrated radiocarbon years BP","sedimentary charcoal","Data Sourcing: IMPDv1 #charcoal_recommendedformat","Sample Age Source: IMPDv1"
"1637",308,"charcoal | num",154,154.25,154.5,0.5,13353.5,13347,13360,"IMPDv1","Charcoal (sum)","(additional options)",NA,NA,"False","False","number","Macroscopic charcoal (sieved)","direct",NA,"CHAR",2,NA,NA,"quant_raw",5,"volume","cm^3","IMPDv1","IMPD_16657","charcoal","count","char","wet_sieve","particle","num","count","no_size","num","IMPDv1","measured",1,"IMPDv1",NA,"Xindi - charcoal db",67.111667,-159.491667,NA,"north",NA,NA,"sedlac",1637,0,NA,"Higuera,P.E.;Brubaker,L.B.;Anderson,P.M.;Hu,F.S.;Brown,T.A.;. Xindi - charcoal db. NOAA/WDS Paleoclimatology IMPD study 16657",NA,NA,NA,NA,NA,NA,NA,NA,NA,NA,NA,NA,NA,NA,"https://www.ncei.noaa.gov/access/paleo-search/study/16657",NA,NA,NA,NA,"noaa_study_id=16657; original pub in IMPD datafile header","IMPDv1:IMPD_16657",1637,"Anderson,P.M.",1,"Anderson","P.M.",NA,NA,NA,NA,NA,NA,NA,NA,NA,"IMPDv1:IMPD_16657",1637,"IMPDv1","IMPD_16657",NA,43,43,"cm",NA,"Radiocarbon","concentrated charcoal",4760,70,5493,NA,"CAMS 113559",TRUE,NA,"na Date is in uncalibrated radiocarbon years.","Xindi - charcoal db_SIEVED","counted","NaN-NaN",NA,NA,"",4760,4690,4830,4760,43,NA,"na Date is in uncalibrated radiocarbon years.",". Cal curve: NA. Source DB: IMPDv1","Lacustrine","Carbon-14","Radiocarbon",-52,18017,"Calibrated radiocarbon years BP","sedimentary charcoal","Data Sourcing: IMPDv1 #charcoal_recommendedformat","Sample Age Source: IMPDv1"
"1637",309,"charcoal | num",154.5,154.75,155,0.5,13367,13360,13374,"IMPDv1","Charcoal (sum)","(additional options)",NA,NA,"False","False","number","Macroscopic charcoal (sieved)","direct",NA,"CHAR",0,NA,NA,"quant_raw",5,"volume","cm^3","IMPDv1","IMPD_16657","charcoal","count","char","wet_sieve","particle","num","count","no_size","num","IMPDv1","measured",1,"IMPDv1",NA,"Xindi - charcoal db",67.111667,-159.491667,NA,"north",NA,NA,"sedlac",1637,0,NA,"Higuera,P.E.;Brubaker,L.B.;Anderson,P.M.;Hu,F.S.;Brown,T.A.;. Xindi - charcoal db. NOAA/WDS Paleoclimatology IMPD study 16657",NA,NA,NA,NA,NA,NA,NA,NA,NA,NA,NA,NA,NA,NA,"https://www.ncei.noaa.gov/access/paleo-search/study/16657",NA,NA,NA,NA,"noaa_study_id=16657; original pub in IMPD datafile header","IMPDv1:IMPD_16657",1637,"Anderson,P.M.",1,"Anderson","P.M.",NA,NA,NA,NA,NA,NA,NA,NA,NA,"IMPDv1:IMPD_16657",1637,"IMPDv1","IMPD_16657",NA,43,43,"cm",NA,"Radiocarbon","concentrated charcoal",4760,70,5493,NA,"CAMS 113559",TRUE,NA,"na Date is in uncalibrated radiocarbon years.","Xindi - charcoal db_SIEVED","counted","NaN-NaN",NA,NA,"",4760,4690,4830,4760,43,NA,"na Date is in uncalibrated radiocarbon years.",". Cal curve: NA. Source DB: IMPDv1","Lacustrine","Carbon-14","Radiocarbon",-52,18017,"Calibrated radiocarbon years BP","sedimentary charcoal","Data Sourcing: IMPDv1 #charcoal_recommendedformat","Sample Age Source: IMPDv1"
"1637",310,"charcoal | num",155,155.25,155.5,0.5,13380.5,13374,13387,"IMPDv1","Charcoal (sum)","(additional options)",NA,NA,"False","False","number","Macroscopic charcoal (sieved)","direct",NA,"CHAR",0,NA,NA,"quant_raw",5,"volume","cm^3","IMPDv1","IMPD_16657","charcoal","count","char","wet_sieve","particle","num","count","no_size","num","IMPDv1","measured",1,"IMPDv1",NA,"Xindi - charcoal db",67.111667,-159.491667,NA,"north",NA,NA,"sedlac",1637,0,NA,"Higuera,P.E.;Brubaker,L.B.;Anderson,P.M.;Hu,F.S.;Brown,T.A.;. Xindi - charcoal db. NOAA/WDS Paleoclimatology IMPD study 16657",NA,NA,NA,NA,NA,NA,NA,NA,NA,NA,NA,NA,NA,NA,"https://www.ncei.noaa.gov/access/paleo-search/study/16657",NA,NA,NA,NA,"noaa_study_id=16657; original pub in IMPD datafile header","IMPDv1:IMPD_16657",1637,"Anderson,P.M.",1,"Anderson","P.M.",NA,NA,NA,NA,NA,NA,NA,NA,NA,"IMPDv1:IMPD_16657",1637,"IMPDv1","IMPD_16657",NA,43,43,"cm",NA,"Radiocarbon","concentrated charcoal",4760,70,5493,NA,"CAMS 113559",TRUE,NA,"na Date is in uncalibrated radiocarbon years.","Xindi - charcoal db_SIEVED","counted","NaN-NaN",NA,NA,"",4760,4690,4830,4760,43,NA,"na Date is in uncalibrated radiocarbon years.",". Cal curve: NA. Source DB: IMPDv1","Lacustrine","Carbon-14","Radiocarbon",-52,18017,"Calibrated radiocarbon years BP","sedimentary charcoal","Data Sourcing: IMPDv1 #charcoal_recommendedformat","Sample Age Source: IMPDv1"
"1637",311,"charcoal | num",155.5,155.75,156,0.5,13393.5,13387,13400,"IMPDv1","Charcoal (sum)","(additional options)",NA,NA,"False","False","number","Macroscopic charcoal (sieved)","direct",NA,"CHAR",2,NA,NA,"quant_raw",5,"volume","cm^3","IMPDv1","IMPD_16657","charcoal","count","char","wet_sieve","particle","num","count","no_size","num","IMPDv1","measured",1,"IMPDv1",NA,"Xindi - charcoal db",67.111667,-159.491667,NA,"north",NA,NA,"sedlac",1637,0,NA,"Higuera,P.E.;Brubaker,L.B.;Anderson,P.M.;Hu,F.S.;Brown,T.A.;. Xindi - charcoal db. NOAA/WDS Paleoclimatology IMPD study 16657",NA,NA,NA,NA,NA,NA,NA,NA,NA,NA,NA,NA,NA,NA,"https://www.ncei.noaa.gov/access/paleo-search/study/16657",NA,NA,NA,NA,"noaa_study_id=16657; original pub in IMPD datafile header","IMPDv1:IMPD_16657",1637,"Anderson,P.M.",1,"Anderson","P.M.",NA,NA,NA,NA,NA,NA,NA,NA,NA,"IMPDv1:IMPD_16657",1637,"IMPDv1","IMPD_16657",NA,43,43,"cm",NA,"Radiocarbon","concentrated charcoal",4760,70,5493,NA,"CAMS 113559",TRUE,NA,"na Date is in uncalibrated radiocarbon years.","Xindi - charcoal db_SIEVED","counted","NaN-NaN",NA,NA,"",4760,4690,4830,4760,43,NA,"na Date is in uncalibrated radiocarbon years.",". Cal curve: NA. Source DB: IMPDv1","Lacustrine","Carbon-14","Radiocarbon",-52,18017,"Calibrated radiocarbon years BP","sedimentary charcoal","Data Sourcing: IMPDv1 #charcoal_recommendedformat","Sample Age Source: IMPDv1"
"1637",312,"charcoal | num",156,156.25,156.5,0.5,13406.5,13400,13413,"IMPDv1","Charcoal (sum)","(additional options)",NA,NA,"False","False","number","Macroscopic charcoal (sieved)","direct",NA,"CHAR",0,NA,NA,"quant_raw",5,"volume","cm^3","IMPDv1","IMPD_16657","charcoal","count","char","wet_sieve","particle","num","count","no_size","num","IMPDv1","measured",1,"IMPDv1",NA,"Xindi - charcoal db",67.111667,-159.491667,NA,"north",NA,NA,"sedlac",1637,0,NA,"Higuera,P.E.;Brubaker,L.B.;Anderson,P.M.;Hu,F.S.;Brown,T.A.;. Xindi - charcoal db. NOAA/WDS Paleoclimatology IMPD study 16657",NA,NA,NA,NA,NA,NA,NA,NA,NA,NA,NA,NA,NA,NA,"https://www.ncei.noaa.gov/access/paleo-search/study/16657",NA,NA,NA,NA,"noaa_study_id=16657; original pub in IMPD datafile header","IMPDv1:IMPD_16657",1637,"Anderson,P.M.",1,"Anderson","P.M.",NA,NA,NA,NA,NA,NA,NA,NA,NA,"IMPDv1:IMPD_16657",1637,"IMPDv1","IMPD_16657",NA,51,51,"cm",NA,"Radiocarbon","concentrated charcoal",5960,60,7153,NA,"CAMS 116227",TRUE,NA,"na Date is in uncalibrated radiocarbon years.","Xindi - charcoal db_SIEVED","counted","NaN-NaN",NA,NA,"",5960,5900,6020,5960,51,NA,"na Date is in uncalibrated radiocarbon years.",". Cal curve: NA. Source DB: IMPDv1","Lacustrine","Carbon-14","Radiocarbon",-52,18017,"Calibrated radiocarbon years BP","sedimentary charcoal","Data Sourcing: IMPDv1 #charcoal_recommendedformat","Sample Age Source: IMPDv1"
"1637",313,"charcoal | num",156.5,156.75,157,0.5,13420,13413,13427,"IMPDv1","Charcoal (sum)","(additional options)",NA,NA,"False","False","number","Macroscopic charcoal (sieved)","direct",NA,"CHAR",0,NA,NA,"quant_raw",5,"volume","cm^3","IMPDv1","IMPD_16657","charcoal","count","char","wet_sieve","particle","num","count","no_size","num","IMPDv1","measured",1,"IMPDv1",NA,"Xindi - charcoal db",67.111667,-159.491667,NA,"north",NA,NA,"sedlac",1637,0,NA,"Higuera,P.E.;Brubaker,L.B.;Anderson,P.M.;Hu,F.S.;Brown,T.A.;. Xindi - charcoal db. NOAA/WDS Paleoclimatology IMPD study 16657",NA,NA,NA,NA,NA,NA,NA,NA,NA,NA,NA,NA,NA,NA,"https://www.ncei.noaa.gov/access/paleo-search/study/16657",NA,NA,NA,NA,"noaa_study_id=16657; original pub in IMPD datafile header","IMPDv1:IMPD_16657",1637,"Anderson,P.M.",1,"Anderson","P.M.",NA,NA,NA,NA,NA,NA,NA,NA,NA,"IMPDv1:IMPD_16657",1637,"IMPDv1","IMPD_16657",NA,51,51,"cm",NA,"Radiocarbon","concentrated charcoal",5960,60,7153,NA,"CAMS 116227",TRUE,NA,"na Date is in uncalibrated radiocarbon years.","Xindi - charcoal db_SIEVED","counted","NaN-NaN",NA,NA,"",5960,5900,6020,5960,51,NA,"na Date is in uncalibrated radiocarbon years.",". Cal curve: NA. Source DB: IMPDv1","Lacustrine","Carbon-14","Radiocarbon",-52,18017,"Calibrated radiocarbon years BP","sedimentary charcoal","Data Sourcing: IMPDv1 #charcoal_recommendedformat","Sample Age Source: IMPDv1"
"1637",314,"charcoal | num",157,157.25,157.5,0.5,13433.5,13427,13440,"IMPDv1","Charcoal (sum)","(additional options)",NA,NA,"False","False","number","Macroscopic charcoal (sieved)","direct",NA,"CHAR",0,NA,NA,"quant_raw",5,"volume","cm^3","IMPDv1","IMPD_16657","charcoal","count","char","wet_sieve","particle","num","count","no_size","num","IMPDv1","measured",1,"IMPDv1",NA,"Xindi - charcoal db",67.111667,-159.491667,NA,"north",NA,NA,"sedlac",1637,0,NA,"Higuera,P.E.;Brubaker,L.B.;Anderson,P.M.;Hu,F.S.;Brown,T.A.;. Xindi - charcoal db. NOAA/WDS Paleoclimatology IMPD study 16657",NA,NA,NA,NA,NA,NA,NA,NA,NA,NA,NA,NA,NA,NA,"https://www.ncei.noaa.gov/access/paleo-search/study/16657",NA,NA,NA,NA,"noaa_study_id=16657; original pub in IMPD datafile header","IMPDv1:IMPD_16657",1637,"Anderson,P.M.",1,"Anderson","P.M.",NA,NA,NA,NA,NA,NA,NA,NA,NA,"IMPDv1:IMPD_16657",1637,"IMPDv1","IMPD_16657",NA,51,51,"cm",NA,"Radiocarbon","concentrated charcoal",5960,60,7153,NA,"CAMS 116227",TRUE,NA,"na Date is in uncalibrated radiocarbon years.","Xindi - charcoal db_SIEVED","counted","NaN-NaN",NA,NA,"",5960,5900,6020,5960,51,NA,"na Date is in uncalibrated radiocarbon years.",". Cal curve: NA. Source DB: IMPDv1","Lacustrine","Carbon-14","Radiocarbon",-52,18017,"Calibrated radiocarbon years BP","sedimentary charcoal","Data Sourcing: IMPDv1 #charcoal_recommendedformat","Sample Age Source: IMPDv1"
"1637",315,"charcoal | num",157.5,157.75,158,0.5,13446.5,13440,13453,"IMPDv1","Charcoal (sum)","(additional options)",NA,NA,"False","False","number","Macroscopic charcoal (sieved)","direct",NA,"CHAR",4,NA,NA,"quant_raw",5,"volume","cm^3","IMPDv1","IMPD_16657","charcoal","count","char","wet_sieve","particle","num","count","no_size","num","IMPDv1","measured",1,"IMPDv1",NA,"Xindi - charcoal db",67.111667,-159.491667,NA,"north",NA,NA,"sedlac",1637,0,NA,"Higuera,P.E.;Brubaker,L.B.;Anderson,P.M.;Hu,F.S.;Brown,T.A.;. Xindi - charcoal db. NOAA/WDS Paleoclimatology IMPD study 16657",NA,NA,NA,NA,NA,NA,NA,NA,NA,NA,NA,NA,NA,NA,"https://www.ncei.noaa.gov/access/paleo-search/study/16657",NA,NA,NA,NA,"noaa_study_id=16657; original pub in IMPD datafile header","IMPDv1:IMPD_16657",1637,"Anderson,P.M.",1,"Anderson","P.M.",NA,NA,NA,NA,NA,NA,NA,NA,NA,"IMPDv1:IMPD_16657",1637,"IMPDv1","IMPD_16657",NA,51,51,"cm",NA,"Radiocarbon","concentrated charcoal",5960,60,7153,NA,"CAMS 116227",TRUE,NA,"na Date is in uncalibrated radiocarbon years.","Xindi - charcoal db_SIEVED","counted","NaN-NaN",NA,NA,"",5960,5900,6020,5960,51,NA,"na Date is in uncalibrated radiocarbon years.",". Cal curve: NA. Source DB: IMPDv1","Lacustrine","Carbon-14","Radiocarbon",-52,18017,"Calibrated radiocarbon years BP","sedimentary charcoal","Data Sourcing: IMPDv1 #charcoal_recommendedformat","Sample Age Source: IMPDv1"
"1637",316,"charcoal | num",158,158.25,158.5,0.5,13459.5,13453,13466,"IMPDv1","Charcoal (sum)","(additional options)",NA,NA,"False","False","number","Macroscopic charcoal (sieved)","direct",NA,"CHAR",1,NA,NA,"quant_raw",5,"volume","cm^3","IMPDv1","IMPD_16657","charcoal","count","char","wet_sieve","particle","num","count","no_size","num","IMPDv1","measured",1,"IMPDv1",NA,"Xindi - charcoal db",67.111667,-159.491667,NA,"north",NA,NA,"sedlac",1637,0,NA,"Higuera,P.E.;Brubaker,L.B.;Anderson,P.M.;Hu,F.S.;Brown,T.A.;. Xindi - charcoal db. NOAA/WDS Paleoclimatology IMPD study 16657",NA,NA,NA,NA,NA,NA,NA,NA,NA,NA,NA,NA,NA,NA,"https://www.ncei.noaa.gov/access/paleo-search/study/16657",NA,NA,NA,NA,"noaa_study_id=16657; original pub in IMPD datafile header","IMPDv1:IMPD_16657",1637,"Anderson,P.M.",1,"Anderson","P.M.",NA,NA,NA,NA,NA,NA,NA,NA,NA,"IMPDv1:IMPD_16657",1637,"IMPDv1","IMPD_16657",NA,51,51,"cm",NA,"Radiocarbon","concentrated charcoal",5960,60,7153,NA,"CAMS 116227",TRUE,NA,"na Date is in uncalibrated radiocarbon years.","Xindi - charcoal db_SIEVED","counted","NaN-NaN",NA,NA,"",5960,5900,6020,5960,51,NA,"na Date is in uncalibrated radiocarbon years.",". Cal curve: NA. Source DB: IMPDv1","Lacustrine","Carbon-14","Radiocarbon",-52,18017,"Calibrated radiocarbon years BP","sedimentary charcoal","Data Sourcing: IMPDv1 #charcoal_recommendedformat","Sample Age Source: IMPDv1"
"1637",317,"charcoal | num",158.5,158.75,159,0.5,13472.5,13466,13479,"IMPDv1","Charcoal (sum)","(additional options)",NA,NA,"False","False","number","Macroscopic charcoal (sieved)","direct",NA,"CHAR",5,NA,NA,"quant_raw",5,"volume","cm^3","IMPDv1","IMPD_16657","charcoal","count","char","wet_sieve","particle","num","count","no_size","num","IMPDv1","measured",1,"IMPDv1",NA,"Xindi - charcoal db",67.111667,-159.491667,NA,"north",NA,NA,"sedlac",1637,0,NA,"Higuera,P.E.;Brubaker,L.B.;Anderson,P.M.;Hu,F.S.;Brown,T.A.;. Xindi - charcoal db. NOAA/WDS Paleoclimatology IMPD study 16657",NA,NA,NA,NA,NA,NA,NA,NA,NA,NA,NA,NA,NA,NA,"https://www.ncei.noaa.gov/access/paleo-search/study/16657",NA,NA,NA,NA,"noaa_study_id=16657; original pub in IMPD datafile header","IMPDv1:IMPD_16657",1637,"Anderson,P.M.",1,"Anderson","P.M.",NA,NA,NA,NA,NA,NA,NA,NA,NA,"IMPDv1:IMPD_16657",1637,"IMPDv1","IMPD_16657",NA,51,51,"cm",NA,"Radiocarbon","concentrated charcoal",5960,60,7153,NA,"CAMS 116227",TRUE,NA,"na Date is in uncalibrated radiocarbon years.","Xindi - charcoal db_SIEVED","counted","NaN-NaN",NA,NA,"",5960,5900,6020,5960,51,NA,"na Date is in uncalibrated radiocarbon years.",". Cal curve: NA. Source DB: IMPDv1","Lacustrine","Carbon-14","Radiocarbon",-52,18017,"Calibrated radiocarbon years BP","sedimentary charcoal","Data Sourcing: IMPDv1 #charcoal_recommendedformat","Sample Age Source: IMPDv1"
"1637",318,"charcoal | num",159,159.25,159.5,0.5,13485.5,13479,13492,"IMPDv1","Charcoal (sum)","(additional options)",NA,NA,"False","False","number","Macroscopic charcoal (sieved)","direct",NA,"CHAR",0,NA,NA,"quant_raw",5,"volume","cm^3","IMPDv1","IMPD_16657","charcoal","count","char","wet_sieve","particle","num","count","no_size","num","IMPDv1","measured",1,"IMPDv1",NA,"Xindi - charcoal db",67.111667,-159.491667,NA,"north",NA,NA,"sedlac",1637,0,NA,"Higuera,P.E.;Brubaker,L.B.;Anderson,P.M.;Hu,F.S.;Brown,T.A.;. Xindi - charcoal db. NOAA/WDS Paleoclimatology IMPD study 16657",NA,NA,NA,NA,NA,NA,NA,NA,NA,NA,NA,NA,NA,NA,"https://www.ncei.noaa.gov/access/paleo-search/study/16657",NA,NA,NA,NA,"noaa_study_id=16657; original pub in IMPD datafile header","IMPDv1:IMPD_16657",1637,"Anderson,P.M.",1,"Anderson","P.M.",NA,NA,NA,NA,NA,NA,NA,NA,NA,"IMPDv1:IMPD_16657",1637,"IMPDv1","IMPD_16657",NA,51,51,"cm",NA,"Radiocarbon","concentrated charcoal",5960,60,7153,NA,"CAMS 116227",TRUE,NA,"na Date is in uncalibrated radiocarbon years.","Xindi - charcoal db_SIEVED","counted","NaN-NaN",NA,NA,"",5960,5900,6020,5960,51,NA,"na Date is in uncalibrated radiocarbon years.",". Cal curve: NA. Source DB: IMPDv1","Lacustrine","Carbon-14","Radiocarbon",-52,18017,"Calibrated radiocarbon years BP","sedimentary charcoal","Data Sourcing: IMPDv1 #charcoal_recommendedformat","Sample Age Source: IMPDv1"
"1637",319,"charcoal | num",159.5,159.75,160,0.5,13498,13492,13504,"IMPDv1","Charcoal (sum)","(additional options)",NA,NA,"False","False","number","Macroscopic charcoal (sieved)","direct",NA,"CHAR",5,NA,NA,"quant_raw",5,"volume","cm^3","IMPDv1","IMPD_16657","charcoal","count","char","wet_sieve","particle","num","count","no_size","num","IMPDv1","measured",1,"IMPDv1",NA,"Xindi - charcoal db",67.111667,-159.491667,NA,"north",NA,NA,"sedlac",1637,0,NA,"Higuera,P.E.;Brubaker,L.B.;Anderson,P.M.;Hu,F.S.;Brown,T.A.;. Xindi - charcoal db. NOAA/WDS Paleoclimatology IMPD study 16657",NA,NA,NA,NA,NA,NA,NA,NA,NA,NA,NA,NA,NA,NA,"https://www.ncei.noaa.gov/access/paleo-search/study/16657",NA,NA,NA,NA,"noaa_study_id=16657; original pub in IMPD datafile header","IMPDv1:IMPD_16657",1637,"Anderson,P.M.",1,"Anderson","P.M.",NA,NA,NA,NA,NA,NA,NA,NA,NA,"IMPDv1:IMPD_16657",1637,"IMPDv1","IMPD_16657",NA,51,51,"cm",NA,"Radiocarbon","concentrated charcoal",5960,60,7153,NA,"CAMS 116227",TRUE,NA,"na Date is in uncalibrated radiocarbon years.","Xindi - charcoal db_SIEVED","counted","NaN-NaN",NA,NA,"",5960,5900,6020,5960,51,NA,"na Date is in uncalibrated radiocarbon years.",". Cal curve: NA. Source DB: IMPDv1","Lacustrine","Carbon-14","Radiocarbon",-52,18017,"Calibrated radiocarbon years BP","sedimentary charcoal","Data Sourcing: IMPDv1 #charcoal_recommendedformat","Sample Age Source: IMPDv1"
"1637",320,"charcoal | num",160,160.25,160.5,0.5,13510.5,13504,13517,"IMPDv1","Charcoal (sum)","(additional options)",NA,NA,"False","False","number","Macroscopic charcoal (sieved)","direct",NA,"CHAR",2,NA,NA,"quant_raw",5,"volume","cm^3","IMPDv1","IMPD_16657","charcoal","count","char","wet_sieve","particle","num","count","no_size","num","IMPDv1","measured",1,"IMPDv1",NA,"Xindi - charcoal db",67.111667,-159.491667,NA,"north",NA,NA,"sedlac",1637,0,NA,"Higuera,P.E.;Brubaker,L.B.;Anderson,P.M.;Hu,F.S.;Brown,T.A.;. Xindi - charcoal db. NOAA/WDS Paleoclimatology IMPD study 16657",NA,NA,NA,NA,NA,NA,NA,NA,NA,NA,NA,NA,NA,NA,"https://www.ncei.noaa.gov/access/paleo-search/study/16657",NA,NA,NA,NA,"noaa_study_id=16657; original pub in IMPD datafile header","IMPDv1:IMPD_16657",1637,"Anderson,P.M.",1,"Anderson","P.M.",NA,NA,NA,NA,NA,NA,NA,NA,NA,"IMPDv1:IMPD_16657",1637,"IMPDv1","IMPD_16657",NA,51,51,"cm",NA,"Radiocarbon","concentrated charcoal",5960,60,7153,NA,"CAMS 116227",TRUE,NA,"na Date is in uncalibrated radiocarbon years.","Xindi - charcoal db_SIEVED","counted","NaN-NaN",NA,NA,"",5960,5900,6020,5960,51,NA,"na Date is in uncalibrated radiocarbon years.",". Cal curve: NA. Source DB: IMPDv1","Lacustrine","Carbon-14","Radiocarbon",-52,18017,"Calibrated radiocarbon years BP","sedimentary charcoal","Data Sourcing: IMPDv1 #charcoal_recommendedformat","Sample Age Source: IMPDv1"
"1637",321,"charcoal | num",160.5,160.75,161,0.5,13523.5,13517,13530,"IMPDv1","Charcoal (sum)","(additional options)",NA,NA,"False","False","number","Macroscopic charcoal (sieved)","direct",NA,"CHAR",0,NA,NA,"quant_raw",5,"volume","cm^3","IMPDv1","IMPD_16657","charcoal","count","char","wet_sieve","particle","num","count","no_size","num","IMPDv1","measured",1,"IMPDv1",NA,"Xindi - charcoal db",67.111667,-159.491667,NA,"north",NA,NA,"sedlac",1637,0,NA,"Higuera,P.E.;Brubaker,L.B.;Anderson,P.M.;Hu,F.S.;Brown,T.A.;. Xindi - charcoal db. NOAA/WDS Paleoclimatology IMPD study 16657",NA,NA,NA,NA,NA,NA,NA,NA,NA,NA,NA,NA,NA,NA,"https://www.ncei.noaa.gov/access/paleo-search/study/16657",NA,NA,NA,NA,"noaa_study_id=16657; original pub in IMPD datafile header","IMPDv1:IMPD_16657",1637,"Anderson,P.M.",1,"Anderson","P.M.",NA,NA,NA,NA,NA,NA,NA,NA,NA,"IMPDv1:IMPD_16657",1637,"IMPDv1","IMPD_16657",NA,51,51,"cm",NA,"Radiocarbon","concentrated charcoal",5960,60,7153,NA,"CAMS 116227",TRUE,NA,"na Date is in uncalibrated radiocarbon years.","Xindi - charcoal db_SIEVED","counted","NaN-NaN",NA,NA,"",5960,5900,6020,5960,51,NA,"na Date is in uncalibrated radiocarbon years.",". Cal curve: NA. Source DB: IMPDv1","Lacustrine","Carbon-14","Radiocarbon",-52,18017,"Calibrated radiocarbon years BP","sedimentary charcoal","Data Sourcing: IMPDv1 #charcoal_recommendedformat","Sample Age Source: IMPDv1"
"1637",322,"charcoal | num",161,161.25,161.5,0.5,13536.5,13530,13543,"IMPDv1","Charcoal (sum)","(additional options)",NA,NA,"False","False","number","Macroscopic charcoal (sieved)","direct",NA,"CHAR",43,NA,NA,"quant_raw",5,"volume","cm^3","IMPDv1","IMPD_16657","charcoal","count","char","wet_sieve","particle","num","count","no_size","num","IMPDv1","measured",1,"IMPDv1",NA,"Xindi - charcoal db",67.111667,-159.491667,NA,"north",NA,NA,"sedlac",1637,0,NA,"Higuera,P.E.;Brubaker,L.B.;Anderson,P.M.;Hu,F.S.;Brown,T.A.;. Xindi - charcoal db. NOAA/WDS Paleoclimatology IMPD study 16657",NA,NA,NA,NA,NA,NA,NA,NA,NA,NA,NA,NA,NA,NA,"https://www.ncei.noaa.gov/access/paleo-search/study/16657",NA,NA,NA,NA,"noaa_study_id=16657; original pub in IMPD datafile header","IMPDv1:IMPD_16657",1637,"Anderson,P.M.",1,"Anderson","P.M.",NA,NA,NA,NA,NA,NA,NA,NA,NA,"IMPDv1:IMPD_16657",1637,"IMPDv1","IMPD_16657",NA,51,51,"cm",NA,"Radiocarbon","concentrated charcoal",5960,60,7153,NA,"CAMS 116227",TRUE,NA,"na Date is in uncalibrated radiocarbon years.","Xindi - charcoal db_SIEVED","counted","NaN-NaN",NA,NA,"",5960,5900,6020,5960,51,NA,"na Date is in uncalibrated radiocarbon years.",". Cal curve: NA. Source DB: IMPDv1","Lacustrine","Carbon-14","Radiocarbon",-52,18017,"Calibrated radiocarbon years BP","sedimentary charcoal","Data Sourcing: IMPDv1 #charcoal_recommendedformat","Sample Age Source: IMPDv1"
"1637",323,"charcoal | num",161.5,161.75,162,0.5,13549,13543,13555,"IMPDv1","Charcoal (sum)","(additional options)",NA,NA,"False","False","number","Macroscopic charcoal (sieved)","direct",NA,"CHAR",5,NA,NA,"quant_raw",5,"volume","cm^3","IMPDv1","IMPD_16657","charcoal","count","char","wet_sieve","particle","num","count","no_size","num","IMPDv1","measured",1,"IMPDv1",NA,"Xindi - charcoal db",67.111667,-159.491667,NA,"north",NA,NA,"sedlac",1637,0,NA,"Higuera,P.E.;Brubaker,L.B.;Anderson,P.M.;Hu,F.S.;Brown,T.A.;. Xindi - charcoal db. NOAA/WDS Paleoclimatology IMPD study 16657",NA,NA,NA,NA,NA,NA,NA,NA,NA,NA,NA,NA,NA,NA,"https://www.ncei.noaa.gov/access/paleo-search/study/16657",NA,NA,NA,NA,"noaa_study_id=16657; original pub in IMPD datafile header","IMPDv1:IMPD_16657",1637,"Anderson,P.M.",1,"Anderson","P.M.",NA,NA,NA,NA,NA,NA,NA,NA,NA,"IMPDv1:IMPD_16657",1637,"IMPDv1","IMPD_16657",NA,51,51,"cm",NA,"Radiocarbon","concentrated charcoal",5960,60,7153,NA,"CAMS 116227",TRUE,NA,"na Date is in uncalibrated radiocarbon years.","Xindi - charcoal db_SIEVED","counted","NaN-NaN",NA,NA,"",5960,5900,6020,5960,51,NA,"na Date is in uncalibrated radiocarbon years.",". Cal curve: NA. Source DB: IMPDv1","Lacustrine","Carbon-14","Radiocarbon",-52,18017,"Calibrated radiocarbon years BP","sedimentary charcoal","Data Sourcing: IMPDv1 #charcoal_recommendedformat","Sample Age Source: IMPDv1"
"1637",324,"charcoal | num",162,162.25,162.5,0.5,13561.5,13555,13568,"IMPDv1","Charcoal (sum)","(additional options)",NA,NA,"False","False","number","Macroscopic charcoal (sieved)","direct",NA,"CHAR",10,NA,NA,"quant_raw",5,"volume","cm^3","IMPDv1","IMPD_16657","charcoal","count","char","wet_sieve","particle","num","count","no_size","num","IMPDv1","measured",1,"IMPDv1",NA,"Xindi - charcoal db",67.111667,-159.491667,NA,"north",NA,NA,"sedlac",1637,0,NA,"Higuera,P.E.;Brubaker,L.B.;Anderson,P.M.;Hu,F.S.;Brown,T.A.;. Xindi - charcoal db. NOAA/WDS Paleoclimatology IMPD study 16657",NA,NA,NA,NA,NA,NA,NA,NA,NA,NA,NA,NA,NA,NA,"https://www.ncei.noaa.gov/access/paleo-search/study/16657",NA,NA,NA,NA,"noaa_study_id=16657; original pub in IMPD datafile header","IMPDv1:IMPD_16657",1637,"Anderson,P.M.",1,"Anderson","P.M.",NA,NA,NA,NA,NA,NA,NA,NA,NA,"IMPDv1:IMPD_16657",1637,"IMPDv1","IMPD_16657",NA,51,51,"cm",NA,"Radiocarbon","concentrated charcoal",5960,60,7153,NA,"CAMS 116227",TRUE,NA,"na Date is in uncalibrated radiocarbon years.","Xindi - charcoal db_SIEVED","counted","NaN-NaN",NA,NA,"",5960,5900,6020,5960,51,NA,"na Date is in uncalibrated radiocarbon years.",". Cal curve: NA. Source DB: IMPDv1","Lacustrine","Carbon-14","Radiocarbon",-52,18017,"Calibrated radiocarbon years BP","sedimentary charcoal","Data Sourcing: IMPDv1 #charcoal_recommendedformat","Sample Age Source: IMPDv1"
"1637",325,"charcoal | num",162.5,162.75,163,0.5,13574.5,13568,13581,"IMPDv1","Charcoal (sum)","(additional options)",NA,NA,"False","False","number","Macroscopic charcoal (sieved)","direct",NA,"CHAR",3,NA,NA,"quant_raw",5,"volume","cm^3","IMPDv1","IMPD_16657","charcoal","count","char","wet_sieve","particle","num","count","no_size","num","IMPDv1","measured",1,"IMPDv1",NA,"Xindi - charcoal db",67.111667,-159.491667,NA,"north",NA,NA,"sedlac",1637,0,NA,"Higuera,P.E.;Brubaker,L.B.;Anderson,P.M.;Hu,F.S.;Brown,T.A.;. Xindi - charcoal db. NOAA/WDS Paleoclimatology IMPD study 16657",NA,NA,NA,NA,NA,NA,NA,NA,NA,NA,NA,NA,NA,NA,"https://www.ncei.noaa.gov/access/paleo-search/study/16657",NA,NA,NA,NA,"noaa_study_id=16657; original pub in IMPD datafile header","IMPDv1:IMPD_16657",1637,"Anderson,P.M.",1,"Anderson","P.M.",NA,NA,NA,NA,NA,NA,NA,NA,NA,"IMPDv1:IMPD_16657",1637,"IMPDv1","IMPD_16657",NA,85.5,85.5,"cm",NA,"Radiocarbon","wood macrofossil",9585,40,10907,NA,"CAMS 106159",TRUE,NA,"na Date is in uncalibrated radiocarbon years.","Xindi - charcoal db_SIEVED","counted","NaN-NaN",NA,NA,"",9585,9545,9625,9585,85.5,NA,"na Date is in uncalibrated radiocarbon years.",". Cal curve: NA. Source DB: IMPDv1","Lacustrine","Carbon-14","Radiocarbon",-52,18017,"Calibrated radiocarbon years BP","sedimentary charcoal","Data Sourcing: IMPDv1 #charcoal_recommendedformat","Sample Age Source: IMPDv1"
"1637",326,"charcoal | num",163,163.25,163.5,0.5,13587,13581,13593,"IMPDv1","Charcoal (sum)","(additional options)",NA,NA,"False","False","number","Macroscopic charcoal (sieved)","direct",NA,"CHAR",4,NA,NA,"quant_raw",5,"volume","cm^3","IMPDv1","IMPD_16657","charcoal","count","char","wet_sieve","particle","num","count","no_size","num","IMPDv1","measured",1,"IMPDv1",NA,"Xindi - charcoal db",67.111667,-159.491667,NA,"north",NA,NA,"sedlac",1637,0,NA,"Higuera,P.E.;Brubaker,L.B.;Anderson,P.M.;Hu,F.S.;Brown,T.A.;. Xindi - charcoal db. NOAA/WDS Paleoclimatology IMPD study 16657",NA,NA,NA,NA,NA,NA,NA,NA,NA,NA,NA,NA,NA,NA,"https://www.ncei.noaa.gov/access/paleo-search/study/16657",NA,NA,NA,NA,"noaa_study_id=16657; original pub in IMPD datafile header","IMPDv1:IMPD_16657",1637,"Anderson,P.M.",1,"Anderson","P.M.",NA,NA,NA,NA,NA,NA,NA,NA,NA,"IMPDv1:IMPD_16657",1637,"IMPDv1","IMPD_16657",NA,85.5,85.5,"cm",NA,"Radiocarbon","wood macrofossil",9585,40,10907,NA,"CAMS 106159",TRUE,NA,"na Date is in uncalibrated radiocarbon years.","Xindi - charcoal db_SIEVED","counted","NaN-NaN",NA,NA,"",9585,9545,9625,9585,85.5,NA,"na Date is in uncalibrated radiocarbon years.",". Cal curve: NA. Source DB: IMPDv1","Lacustrine","Carbon-14","Radiocarbon",-52,18017,"Calibrated radiocarbon years BP","sedimentary charcoal","Data Sourcing: IMPDv1 #charcoal_recommendedformat","Sample Age Source: IMPDv1"
"1637",327,"charcoal | num",163.5,163.75,164,0.5,13599.5,13593,13606,"IMPDv1","Charcoal (sum)","(additional options)",NA,NA,"False","False","number","Macroscopic charcoal (sieved)","direct",NA,"CHAR",6,NA,NA,"quant_raw",5,"volume","cm^3","IMPDv1","IMPD_16657","charcoal","count","char","wet_sieve","particle","num","count","no_size","num","IMPDv1","measured",1,"IMPDv1",NA,"Xindi - charcoal db",67.111667,-159.491667,NA,"north",NA,NA,"sedlac",1637,0,NA,"Higuera,P.E.;Brubaker,L.B.;Anderson,P.M.;Hu,F.S.;Brown,T.A.;. Xindi - charcoal db. NOAA/WDS Paleoclimatology IMPD study 16657",NA,NA,NA,NA,NA,NA,NA,NA,NA,NA,NA,NA,NA,NA,"https://www.ncei.noaa.gov/access/paleo-search/study/16657",NA,NA,NA,NA,"noaa_study_id=16657; original pub in IMPD datafile header","IMPDv1:IMPD_16657",1637,"Anderson,P.M.",1,"Anderson","P.M.",NA,NA,NA,NA,NA,NA,NA,NA,NA,"IMPDv1:IMPD_16657",1637,"IMPDv1","IMPD_16657",NA,85.5,85.5,"cm",NA,"Radiocarbon","wood macrofossil",9585,40,10907,NA,"CAMS 106159",TRUE,NA,"na Date is in uncalibrated radiocarbon years.","Xindi - charcoal db_SIEVED","counted","NaN-NaN",NA,NA,"",9585,9545,9625,9585,85.5,NA,"na Date is in uncalibrated radiocarbon years.",". Cal curve: NA. Source DB: IMPDv1","Lacustrine","Carbon-14","Radiocarbon",-52,18017,"Calibrated radiocarbon years BP","sedimentary charcoal","Data Sourcing: IMPDv1 #charcoal_recommendedformat","Sample Age Source: IMPDv1"
"1637",328,"charcoal | num",164,164.25,164.5,0.5,13612,13606,13618,"IMPDv1","Charcoal (sum)","(additional options)",NA,NA,"False","False","number","Macroscopic charcoal (sieved)","direct",NA,"CHAR",4,NA,NA,"quant_raw",5,"volume","cm^3","IMPDv1","IMPD_16657","charcoal","count","char","wet_sieve","particle","num","count","no_size","num","IMPDv1","measured",1,"IMPDv1",NA,"Xindi - charcoal db",67.111667,-159.491667,NA,"north",NA,NA,"sedlac",1637,0,NA,"Higuera,P.E.;Brubaker,L.B.;Anderson,P.M.;Hu,F.S.;Brown,T.A.;. Xindi - charcoal db. NOAA/WDS Paleoclimatology IMPD study 16657",NA,NA,NA,NA,NA,NA,NA,NA,NA,NA,NA,NA,NA,NA,"https://www.ncei.noaa.gov/access/paleo-search/study/16657",NA,NA,NA,NA,"noaa_study_id=16657; original pub in IMPD datafile header","IMPDv1:IMPD_16657",1637,"Anderson,P.M.",1,"Anderson","P.M.",NA,NA,NA,NA,NA,NA,NA,NA,NA,"IMPDv1:IMPD_16657",1637,"IMPDv1","IMPD_16657",NA,85.5,85.5,"cm",NA,"Radiocarbon","wood macrofossil",9585,40,10907,NA,"CAMS 106159",TRUE,NA,"na Date is in uncalibrated radiocarbon years.","Xindi - charcoal db_SIEVED","counted","NaN-NaN",NA,NA,"",9585,9545,9625,9585,85.5,NA,"na Date is in uncalibrated radiocarbon years.",". Cal curve: NA. Source DB: IMPDv1","Lacustrine","Carbon-14","Radiocarbon",-52,18017,"Calibrated radiocarbon years BP","sedimentary charcoal","Data Sourcing: IMPDv1 #charcoal_recommendedformat","Sample Age Source: IMPDv1"
"1637",329,"charcoal | num",164.5,164.75,165,0.5,13624.5,13618,13631,"IMPDv1","Charcoal (sum)","(additional options)",NA,NA,"False","False","number","Macroscopic charcoal (sieved)","direct",NA,"CHAR",5,NA,NA,"quant_raw",5,"volume","cm^3","IMPDv1","IMPD_16657","charcoal","count","char","wet_sieve","particle","num","count","no_size","num","IMPDv1","measured",1,"IMPDv1",NA,"Xindi - charcoal db",67.111667,-159.491667,NA,"north",NA,NA,"sedlac",1637,0,NA,"Higuera,P.E.;Brubaker,L.B.;Anderson,P.M.;Hu,F.S.;Brown,T.A.;. Xindi - charcoal db. NOAA/WDS Paleoclimatology IMPD study 16657",NA,NA,NA,NA,NA,NA,NA,NA,NA,NA,NA,NA,NA,NA,"https://www.ncei.noaa.gov/access/paleo-search/study/16657",NA,NA,NA,NA,"noaa_study_id=16657; original pub in IMPD datafile header","IMPDv1:IMPD_16657",1637,"Anderson,P.M.",1,"Anderson","P.M.",NA,NA,NA,NA,NA,NA,NA,NA,NA,"IMPDv1:IMPD_16657",1637,"IMPDv1","IMPD_16657",NA,85.5,85.5,"cm",NA,"Radiocarbon","wood macrofossil",9585,40,10907,NA,"CAMS 106159",TRUE,NA,"na Date is in uncalibrated radiocarbon years.","Xindi - charcoal db_SIEVED","counted","NaN-NaN",NA,NA,"",9585,9545,9625,9585,85.5,NA,"na Date is in uncalibrated radiocarbon years.",". Cal curve: NA. Source DB: IMPDv1","Lacustrine","Carbon-14","Radiocarbon",-52,18017,"Calibrated radiocarbon years BP","sedimentary charcoal","Data Sourcing: IMPDv1 #charcoal_recommendedformat","Sample Age Source: IMPDv1"
"1637",330,"charcoal | num",165,165.25,165.5,0.5,13637,13631,13643,"IMPDv1","Charcoal (sum)","(additional options)",NA,NA,"False","False","number","Macroscopic charcoal (sieved)","direct",NA,"CHAR",22,NA,NA,"quant_raw",5,"volume","cm^3","IMPDv1","IMPD_16657","charcoal","count","char","wet_sieve","particle","num","count","no_size","num","IMPDv1","measured",1,"IMPDv1",NA,"Xindi - charcoal db",67.111667,-159.491667,NA,"north",NA,NA,"sedlac",1637,0,NA,"Higuera,P.E.;Brubaker,L.B.;Anderson,P.M.;Hu,F.S.;Brown,T.A.;. Xindi - charcoal db. NOAA/WDS Paleoclimatology IMPD study 16657",NA,NA,NA,NA,NA,NA,NA,NA,NA,NA,NA,NA,NA,NA,"https://www.ncei.noaa.gov/access/paleo-search/study/16657",NA,NA,NA,NA,"noaa_study_id=16657; original pub in IMPD datafile header","IMPDv1:IMPD_16657",1637,"Anderson,P.M.",1,"Anderson","P.M.",NA,NA,NA,NA,NA,NA,NA,NA,NA,"IMPDv1:IMPD_16657",1637,"IMPDv1","IMPD_16657",NA,85.5,85.5,"cm",NA,"Radiocarbon","wood macrofossil",9585,40,10907,NA,"CAMS 106159",TRUE,NA,"na Date is in uncalibrated radiocarbon years.","Xindi - charcoal db_SIEVED","counted","NaN-NaN",NA,NA,"",9585,9545,9625,9585,85.5,NA,"na Date is in uncalibrated radiocarbon years.",". Cal curve: NA. Source DB: IMPDv1","Lacustrine","Carbon-14","Radiocarbon",-52,18017,"Calibrated radiocarbon years BP","sedimentary charcoal","Data Sourcing: IMPDv1 #charcoal_recommendedformat","Sample Age Source: IMPDv1"
"1637",331,"charcoal | num",165.5,165.75,166,0.5,13649,13643,13655,"IMPDv1","Charcoal (sum)","(additional options)",NA,NA,"False","False","number","Macroscopic charcoal (sieved)","direct",NA,"CHAR",29,NA,NA,"quant_raw",5,"volume","cm^3","IMPDv1","IMPD_16657","charcoal","count","char","wet_sieve","particle","num","count","no_size","num","IMPDv1","measured",1,"IMPDv1",NA,"Xindi - charcoal db",67.111667,-159.491667,NA,"north",NA,NA,"sedlac",1637,0,NA,"Higuera,P.E.;Brubaker,L.B.;Anderson,P.M.;Hu,F.S.;Brown,T.A.;. Xindi - charcoal db. NOAA/WDS Paleoclimatology IMPD study 16657",NA,NA,NA,NA,NA,NA,NA,NA,NA,NA,NA,NA,NA,NA,"https://www.ncei.noaa.gov/access/paleo-search/study/16657",NA,NA,NA,NA,"noaa_study_id=16657; original pub in IMPD datafile header","IMPDv1:IMPD_16657",1637,"Anderson,P.M.",1,"Anderson","P.M.",NA,NA,NA,NA,NA,NA,NA,NA,NA,"IMPDv1:IMPD_16657",1637,"IMPDv1","IMPD_16657",NA,85.5,85.5,"cm",NA,"Radiocarbon","wood macrofossil",9585,40,10907,NA,"CAMS 106159",TRUE,NA,"na Date is in uncalibrated radiocarbon years.","Xindi - charcoal db_SIEVED","counted","NaN-NaN",NA,NA,"",9585,9545,9625,9585,85.5,NA,"na Date is in uncalibrated radiocarbon years.",". Cal curve: NA. Source DB: IMPDv1","Lacustrine","Carbon-14","Radiocarbon",-52,18017,"Calibrated radiocarbon years BP","sedimentary charcoal","Data Sourcing: IMPDv1 #charcoal_recommendedformat","Sample Age Source: IMPDv1"
"1637",332,"charcoal | num",166,166.25,166.5,0.5,13661.5,13655,13668,"IMPDv1","Charcoal (sum)","(additional options)",NA,NA,"False","False","number","Macroscopic charcoal (sieved)","direct",NA,"CHAR",14,NA,NA,"quant_raw",5,"volume","cm^3","IMPDv1","IMPD_16657","charcoal","count","char","wet_sieve","particle","num","count","no_size","num","IMPDv1","measured",1,"IMPDv1",NA,"Xindi - charcoal db",67.111667,-159.491667,NA,"north",NA,NA,"sedlac",1637,0,NA,"Higuera,P.E.;Brubaker,L.B.;Anderson,P.M.;Hu,F.S.;Brown,T.A.;. Xindi - charcoal db. NOAA/WDS Paleoclimatology IMPD study 16657",NA,NA,NA,NA,NA,NA,NA,NA,NA,NA,NA,NA,NA,NA,"https://www.ncei.noaa.gov/access/paleo-search/study/16657",NA,NA,NA,NA,"noaa_study_id=16657; original pub in IMPD datafile header","IMPDv1:IMPD_16657",1637,"Anderson,P.M.",1,"Anderson","P.M.",NA,NA,NA,NA,NA,NA,NA,NA,NA,"IMPDv1:IMPD_16657",1637,"IMPDv1","IMPD_16657",NA,85.5,85.5,"cm",NA,"Radiocarbon","wood macrofossil",9585,40,10907,NA,"CAMS 106159",TRUE,NA,"na Date is in uncalibrated radiocarbon years.","Xindi - charcoal db_SIEVED","counted","NaN-NaN",NA,NA,"",9585,9545,9625,9585,85.5,NA,"na Date is in uncalibrated radiocarbon years.",". Cal curve: NA. Source DB: IMPDv1","Lacustrine","Carbon-14","Radiocarbon",-52,18017,"Calibrated radiocarbon years BP","sedimentary charcoal","Data Sourcing: IMPDv1 #charcoal_recommendedformat","Sample Age Source: IMPDv1"
"1637",333,"charcoal | num",166.5,166.75,167,0.5,13674,13668,13680,"IMPDv1","Charcoal (sum)","(additional options)",NA,NA,"False","False","number","Macroscopic charcoal (sieved)","direct",NA,"CHAR",3,NA,NA,"quant_raw",5,"volume","cm^3","IMPDv1","IMPD_16657","charcoal","count","char","wet_sieve","particle","num","count","no_size","num","IMPDv1","measured",1,"IMPDv1",NA,"Xindi - charcoal db",67.111667,-159.491667,NA,"north",NA,NA,"sedlac",1637,0,NA,"Higuera,P.E.;Brubaker,L.B.;Anderson,P.M.;Hu,F.S.;Brown,T.A.;. Xindi - charcoal db. NOAA/WDS Paleoclimatology IMPD study 16657",NA,NA,NA,NA,NA,NA,NA,NA,NA,NA,NA,NA,NA,NA,"https://www.ncei.noaa.gov/access/paleo-search/study/16657",NA,NA,NA,NA,"noaa_study_id=16657; original pub in IMPD datafile header","IMPDv1:IMPD_16657",1637,"Anderson,P.M.",1,"Anderson","P.M.",NA,NA,NA,NA,NA,NA,NA,NA,NA,"IMPDv1:IMPD_16657",1637,"IMPDv1","IMPD_16657",NA,85.5,85.5,"cm",NA,"Radiocarbon","wood macrofossil",9585,40,10907,NA,"CAMS 106159",TRUE,NA,"na Date is in uncalibrated radiocarbon years.","Xindi - charcoal db_SIEVED","counted","NaN-NaN",NA,NA,"",9585,9545,9625,9585,85.5,NA,"na Date is in uncalibrated radiocarbon years.",". Cal curve: NA. Source DB: IMPDv1","Lacustrine","Carbon-14","Radiocarbon",-52,18017,"Calibrated radiocarbon years BP","sedimentary charcoal","Data Sourcing: IMPDv1 #charcoal_recommendedformat","Sample Age Source: IMPDv1"
"1637",334,"charcoal | num",167,167.25,167.5,0.5,13686,13680,13692,"IMPDv1","Charcoal (sum)","(additional options)",NA,NA,"False","False","number","Macroscopic charcoal (sieved)","direct",NA,"CHAR",0,NA,NA,"quant_raw",5,"volume","cm^3","IMPDv1","IMPD_16657","charcoal","count","char","wet_sieve","particle","num","count","no_size","num","IMPDv1","measured",1,"IMPDv1",NA,"Xindi - charcoal db",67.111667,-159.491667,NA,"north",NA,NA,"sedlac",1637,0,NA,"Higuera,P.E.;Brubaker,L.B.;Anderson,P.M.;Hu,F.S.;Brown,T.A.;. Xindi - charcoal db. NOAA/WDS Paleoclimatology IMPD study 16657",NA,NA,NA,NA,NA,NA,NA,NA,NA,NA,NA,NA,NA,NA,"https://www.ncei.noaa.gov/access/paleo-search/study/16657",NA,NA,NA,NA,"noaa_study_id=16657; original pub in IMPD datafile header","IMPDv1:IMPD_16657",1637,"Anderson,P.M.",1,"Anderson","P.M.",NA,NA,NA,NA,NA,NA,NA,NA,NA,"IMPDv1:IMPD_16657",1637,"IMPDv1","IMPD_16657",NA,85.5,85.5,"cm",NA,"Radiocarbon","wood macrofossil",9585,40,10907,NA,"CAMS 106159",TRUE,NA,"na Date is in uncalibrated radiocarbon years.","Xindi - charcoal db_SIEVED","counted","NaN-NaN",NA,NA,"",9585,9545,9625,9585,85.5,NA,"na Date is in uncalibrated radiocarbon years.",". Cal curve: NA. Source DB: IMPDv1","Lacustrine","Carbon-14","Radiocarbon",-52,18017,"Calibrated radiocarbon years BP","sedimentary charcoal","Data Sourcing: IMPDv1 #charcoal_recommendedformat","Sample Age Source: IMPDv1"
"1637",335,"charcoal | num",167.5,167.75,168,0.5,13698,13692,13704,"IMPDv1","Charcoal (sum)","(additional options)",NA,NA,"False","False","number","Macroscopic charcoal (sieved)","direct",NA,"CHAR",28,NA,NA,"quant_raw",5,"volume","cm^3","IMPDv1","IMPD_16657","charcoal","count","char","wet_sieve","particle","num","count","no_size","num","IMPDv1","measured",1,"IMPDv1",NA,"Xindi - charcoal db",67.111667,-159.491667,NA,"north",NA,NA,"sedlac",1637,0,NA,"Higuera,P.E.;Brubaker,L.B.;Anderson,P.M.;Hu,F.S.;Brown,T.A.;. Xindi - charcoal db. NOAA/WDS Paleoclimatology IMPD study 16657",NA,NA,NA,NA,NA,NA,NA,NA,NA,NA,NA,NA,NA,NA,"https://www.ncei.noaa.gov/access/paleo-search/study/16657",NA,NA,NA,NA,"noaa_study_id=16657; original pub in IMPD datafile header","IMPDv1:IMPD_16657",1637,"Anderson,P.M.",1,"Anderson","P.M.",NA,NA,NA,NA,NA,NA,NA,NA,NA,"IMPDv1:IMPD_16657",1637,"IMPDv1","IMPD_16657",NA,85.5,85.5,"cm",NA,"Radiocarbon","wood macrofossil",9585,40,10907,NA,"CAMS 106159",TRUE,NA,"na Date is in uncalibrated radiocarbon years.","Xindi - charcoal db_SIEVED","counted","NaN-NaN",NA,NA,"",9585,9545,9625,9585,85.5,NA,"na Date is in uncalibrated radiocarbon years.",". Cal curve: NA. Source DB: IMPDv1","Lacustrine","Carbon-14","Radiocarbon",-52,18017,"Calibrated radiocarbon years BP","sedimentary charcoal","Data Sourcing: IMPDv1 #charcoal_recommendedformat","Sample Age Source: IMPDv1"
"1637",336,"charcoal | num",168,168.25,168.5,0.5,13710.5,13704,13717,"IMPDv1","Charcoal (sum)","(additional options)",NA,NA,"False","False","number","Macroscopic charcoal (sieved)","direct",NA,"CHAR",46,NA,NA,"quant_raw",5,"volume","cm^3","IMPDv1","IMPD_16657","charcoal","count","char","wet_sieve","particle","num","count","no_size","num","IMPDv1","measured",1,"IMPDv1",NA,"Xindi - charcoal db",67.111667,-159.491667,NA,"north",NA,NA,"sedlac",1637,0,NA,"Higuera,P.E.;Brubaker,L.B.;Anderson,P.M.;Hu,F.S.;Brown,T.A.;. Xindi - charcoal db. NOAA/WDS Paleoclimatology IMPD study 16657",NA,NA,NA,NA,NA,NA,NA,NA,NA,NA,NA,NA,NA,NA,"https://www.ncei.noaa.gov/access/paleo-search/study/16657",NA,NA,NA,NA,"noaa_study_id=16657; original pub in IMPD datafile header","IMPDv1:IMPD_16657",1637,"Anderson,P.M.",1,"Anderson","P.M.",NA,NA,NA,NA,NA,NA,NA,NA,NA,"IMPDv1:IMPD_16657",1637,"IMPDv1","IMPD_16657",NA,85.5,85.5,"cm",NA,"Radiocarbon","wood macrofossil",9585,40,10907,NA,"CAMS 106159",TRUE,NA,"na Date is in uncalibrated radiocarbon years.","Xindi - charcoal db_SIEVED","counted","NaN-NaN",NA,NA,"",9585,9545,9625,9585,85.5,NA,"na Date is in uncalibrated radiocarbon years.",". Cal curve: NA. Source DB: IMPDv1","Lacustrine","Carbon-14","Radiocarbon",-52,18017,"Calibrated radiocarbon years BP","sedimentary charcoal","Data Sourcing: IMPDv1 #charcoal_recommendedformat","Sample Age Source: IMPDv1"
"1637",337,"charcoal | num",168.5,168.75,169,0.5,13723,13717,13729,"IMPDv1","Charcoal (sum)","(additional options)",NA,NA,"False","False","number","Macroscopic charcoal (sieved)","direct",NA,"CHAR",8,NA,NA,"quant_raw",5,"volume","cm^3","IMPDv1","IMPD_16657","charcoal","count","char","wet_sieve","particle","num","count","no_size","num","IMPDv1","measured",1,"IMPDv1",NA,"Xindi - charcoal db",67.111667,-159.491667,NA,"north",NA,NA,"sedlac",1637,0,NA,"Higuera,P.E.;Brubaker,L.B.;Anderson,P.M.;Hu,F.S.;Brown,T.A.;. Xindi - charcoal db. NOAA/WDS Paleoclimatology IMPD study 16657",NA,NA,NA,NA,NA,NA,NA,NA,NA,NA,NA,NA,NA,NA,"https://www.ncei.noaa.gov/access/paleo-search/study/16657",NA,NA,NA,NA,"noaa_study_id=16657; original pub in IMPD datafile header","IMPDv1:IMPD_16657",1637,"Anderson,P.M.",1,"Anderson","P.M.",NA,NA,NA,NA,NA,NA,NA,NA,NA,"IMPDv1:IMPD_16657",1637,"IMPDv1","IMPD_16657",NA,85.5,85.5,"cm",NA,"Radiocarbon","wood macrofossil",9585,40,10907,NA,"CAMS 106159",TRUE,NA,"na Date is in uncalibrated radiocarbon years.","Xindi - charcoal db_SIEVED","counted","NaN-NaN",NA,NA,"",9585,9545,9625,9585,85.5,NA,"na Date is in uncalibrated radiocarbon years.",". Cal curve: NA. Source DB: IMPDv1","Lacustrine","Carbon-14","Radiocarbon",-52,18017,"Calibrated radiocarbon years BP","sedimentary charcoal","Data Sourcing: IMPDv1 #charcoal_recommendedformat","Sample Age Source: IMPDv1"
"1637",338,"charcoal | num",169,169.25,169.5,0.5,13735,13729,13741,"IMPDv1","Charcoal (sum)","(additional options)",NA,NA,"False","False","number","Macroscopic charcoal (sieved)","direct",NA,"CHAR",1,NA,NA,"quant_raw",5,"volume","cm^3","IMPDv1","IMPD_16657","charcoal","count","char","wet_sieve","particle","num","count","no_size","num","IMPDv1","measured",1,"IMPDv1",NA,"Xindi - charcoal db",67.111667,-159.491667,NA,"north",NA,NA,"sedlac",1637,0,NA,"Higuera,P.E.;Brubaker,L.B.;Anderson,P.M.;Hu,F.S.;Brown,T.A.;. Xindi - charcoal db. NOAA/WDS Paleoclimatology IMPD study 16657",NA,NA,NA,NA,NA,NA,NA,NA,NA,NA,NA,NA,NA,NA,"https://www.ncei.noaa.gov/access/paleo-search/study/16657",NA,NA,NA,NA,"noaa_study_id=16657; original pub in IMPD datafile header","IMPDv1:IMPD_16657",1637,"Anderson,P.M.",1,"Anderson","P.M.",NA,NA,NA,NA,NA,NA,NA,NA,NA,"IMPDv1:IMPD_16657",1637,"IMPDv1","IMPD_16657",NA,127,127,"cm",NA,"Radiocarbon","concentrated charcoal",10180,120,11844,NA,"CAMS 114331",TRUE,NA,"na Date is in uncalibrated radiocarbon years.","Xindi - charcoal db_SIEVED","counted","NaN-NaN",NA,NA,"",10180,10060,10300,10180,127,NA,"na Date is in uncalibrated radiocarbon years.",". Cal curve: NA. Source DB: IMPDv1","Lacustrine","Carbon-14","Radiocarbon",-52,18017,"Calibrated radiocarbon years BP","sedimentary charcoal","Data Sourcing: IMPDv1 #charcoal_recommendedformat","Sample Age Source: IMPDv1"
"1637",339,"charcoal | num",169.5,169.75,170,0.5,13747,13741,13753,"IMPDv1","Charcoal (sum)","(additional options)",NA,NA,"False","False","number","Macroscopic charcoal (sieved)","direct",NA,"CHAR",0,NA,NA,"quant_raw",5,"volume","cm^3","IMPDv1","IMPD_16657","charcoal","count","char","wet_sieve","particle","num","count","no_size","num","IMPDv1","measured",1,"IMPDv1",NA,"Xindi - charcoal db",67.111667,-159.491667,NA,"north",NA,NA,"sedlac",1637,0,NA,"Higuera,P.E.;Brubaker,L.B.;Anderson,P.M.;Hu,F.S.;Brown,T.A.;. Xindi - charcoal db. NOAA/WDS Paleoclimatology IMPD study 16657",NA,NA,NA,NA,NA,NA,NA,NA,NA,NA,NA,NA,NA,NA,"https://www.ncei.noaa.gov/access/paleo-search/study/16657",NA,NA,NA,NA,"noaa_study_id=16657; original pub in IMPD datafile header","IMPDv1:IMPD_16657",1637,"Anderson,P.M.",1,"Anderson","P.M.",NA,NA,NA,NA,NA,NA,NA,NA,NA,"IMPDv1:IMPD_16657",1637,"IMPDv1","IMPD_16657",NA,127,127,"cm",NA,"Radiocarbon","concentrated charcoal",10180,120,11844,NA,"CAMS 114331",TRUE,NA,"na Date is in uncalibrated radiocarbon years.","Xindi - charcoal db_SIEVED","counted","NaN-NaN",NA,NA,"",10180,10060,10300,10180,127,NA,"na Date is in uncalibrated radiocarbon years.",". Cal curve: NA. Source DB: IMPDv1","Lacustrine","Carbon-14","Radiocarbon",-52,18017,"Calibrated radiocarbon years BP","sedimentary charcoal","Data Sourcing: IMPDv1 #charcoal_recommendedformat","Sample Age Source: IMPDv1"
"1637",340,"charcoal | num",170,170.25,170.5,0.5,13759,13753,13765,"IMPDv1","Charcoal (sum)","(additional options)",NA,NA,"False","False","number","Macroscopic charcoal (sieved)","direct",NA,"CHAR",0,NA,NA,"quant_raw",5,"volume","cm^3","IMPDv1","IMPD_16657","charcoal","count","char","wet_sieve","particle","num","count","no_size","num","IMPDv1","measured",1,"IMPDv1",NA,"Xindi - charcoal db",67.111667,-159.491667,NA,"north",NA,NA,"sedlac",1637,0,NA,"Higuera,P.E.;Brubaker,L.B.;Anderson,P.M.;Hu,F.S.;Brown,T.A.;. Xindi - charcoal db. NOAA/WDS Paleoclimatology IMPD study 16657",NA,NA,NA,NA,NA,NA,NA,NA,NA,NA,NA,NA,NA,NA,"https://www.ncei.noaa.gov/access/paleo-search/study/16657",NA,NA,NA,NA,"noaa_study_id=16657; original pub in IMPD datafile header","IMPDv1:IMPD_16657",1637,"Anderson,P.M.",1,"Anderson","P.M.",NA,NA,NA,NA,NA,NA,NA,NA,NA,"IMPDv1:IMPD_16657",1637,"IMPDv1","IMPD_16657",NA,127,127,"cm",NA,"Radiocarbon","concentrated charcoal",10180,120,11844,NA,"CAMS 114331",TRUE,NA,"na Date is in uncalibrated radiocarbon years.","Xindi - charcoal db_SIEVED","counted","NaN-NaN",NA,NA,"",10180,10060,10300,10180,127,NA,"na Date is in uncalibrated radiocarbon years.",". Cal curve: NA. Source DB: IMPDv1","Lacustrine","Carbon-14","Radiocarbon",-52,18017,"Calibrated radiocarbon years BP","sedimentary charcoal","Data Sourcing: IMPDv1 #charcoal_recommendedformat","Sample Age Source: IMPDv1"
"1637",341,"charcoal | num",170.5,170.75,171,0.5,13771,13765,13777,"IMPDv1","Charcoal (sum)","(additional options)",NA,NA,"False","False","number","Macroscopic charcoal (sieved)","direct",NA,"CHAR",1,NA,NA,"quant_raw",5,"volume","cm^3","IMPDv1","IMPD_16657","charcoal","count","char","wet_sieve","particle","num","count","no_size","num","IMPDv1","measured",1,"IMPDv1",NA,"Xindi - charcoal db",67.111667,-159.491667,NA,"north",NA,NA,"sedlac",1637,0,NA,"Higuera,P.E.;Brubaker,L.B.;Anderson,P.M.;Hu,F.S.;Brown,T.A.;. Xindi - charcoal db. NOAA/WDS Paleoclimatology IMPD study 16657",NA,NA,NA,NA,NA,NA,NA,NA,NA,NA,NA,NA,NA,NA,"https://www.ncei.noaa.gov/access/paleo-search/study/16657",NA,NA,NA,NA,"noaa_study_id=16657; original pub in IMPD datafile header","IMPDv1:IMPD_16657",1637,"Anderson,P.M.",1,"Anderson","P.M.",NA,NA,NA,NA,NA,NA,NA,NA,NA,"IMPDv1:IMPD_16657",1637,"IMPDv1","IMPD_16657",NA,127,127,"cm",NA,"Radiocarbon","concentrated charcoal",10180,120,11844,NA,"CAMS 114331",TRUE,NA,"na Date is in uncalibrated radiocarbon years.","Xindi - charcoal db_SIEVED","counted","NaN-NaN",NA,NA,"",10180,10060,10300,10180,127,NA,"na Date is in uncalibrated radiocarbon years.",". Cal curve: NA. Source DB: IMPDv1","Lacustrine","Carbon-14","Radiocarbon",-52,18017,"Calibrated radiocarbon years BP","sedimentary charcoal","Data Sourcing: IMPDv1 #charcoal_recommendedformat","Sample Age Source: IMPDv1"
"1637",342,"charcoal | num",171,171.25,171.5,0.5,13783,13777,13789,"IMPDv1","Charcoal (sum)","(additional options)",NA,NA,"False","False","number","Macroscopic charcoal (sieved)","direct",NA,"CHAR",10,NA,NA,"quant_raw",5,"volume","cm^3","IMPDv1","IMPD_16657","charcoal","count","char","wet_sieve","particle","num","count","no_size","num","IMPDv1","measured",1,"IMPDv1",NA,"Xindi - charcoal db",67.111667,-159.491667,NA,"north",NA,NA,"sedlac",1637,0,NA,"Higuera,P.E.;Brubaker,L.B.;Anderson,P.M.;Hu,F.S.;Brown,T.A.;. Xindi - charcoal db. NOAA/WDS Paleoclimatology IMPD study 16657",NA,NA,NA,NA,NA,NA,NA,NA,NA,NA,NA,NA,NA,NA,"https://www.ncei.noaa.gov/access/paleo-search/study/16657",NA,NA,NA,NA,"noaa_study_id=16657; original pub in IMPD datafile header","IMPDv1:IMPD_16657",1637,"Anderson,P.M.",1,"Anderson","P.M.",NA,NA,NA,NA,NA,NA,NA,NA,NA,"IMPDv1:IMPD_16657",1637,"IMPDv1","IMPD_16657",NA,127,127,"cm",NA,"Radiocarbon","concentrated charcoal",10180,120,11844,NA,"CAMS 114331",TRUE,NA,"na Date is in uncalibrated radiocarbon years.","Xindi - charcoal db_SIEVED","counted","NaN-NaN",NA,NA,"",10180,10060,10300,10180,127,NA,"na Date is in uncalibrated radiocarbon years.",". Cal curve: NA. Source DB: IMPDv1","Lacustrine","Carbon-14","Radiocarbon",-52,18017,"Calibrated radiocarbon years BP","sedimentary charcoal","Data Sourcing: IMPDv1 #charcoal_recommendedformat","Sample Age Source: IMPDv1"
"1637",343,"charcoal | num",171.5,171.75,172,0.5,13795,13789,13801,"IMPDv1","Charcoal (sum)","(additional options)",NA,NA,"False","False","number","Macroscopic charcoal (sieved)","direct",NA,"CHAR",7,NA,NA,"quant_raw",5,"volume","cm^3","IMPDv1","IMPD_16657","charcoal","count","char","wet_sieve","particle","num","count","no_size","num","IMPDv1","measured",1,"IMPDv1",NA,"Xindi - charcoal db",67.111667,-159.491667,NA,"north",NA,NA,"sedlac",1637,0,NA,"Higuera,P.E.;Brubaker,L.B.;Anderson,P.M.;Hu,F.S.;Brown,T.A.;. Xindi - charcoal db. NOAA/WDS Paleoclimatology IMPD study 16657",NA,NA,NA,NA,NA,NA,NA,NA,NA,NA,NA,NA,NA,NA,"https://www.ncei.noaa.gov/access/paleo-search/study/16657",NA,NA,NA,NA,"noaa_study_id=16657; original pub in IMPD datafile header","IMPDv1:IMPD_16657",1637,"Anderson,P.M.",1,"Anderson","P.M.",NA,NA,NA,NA,NA,NA,NA,NA,NA,"IMPDv1:IMPD_16657",1637,"IMPDv1","IMPD_16657",NA,127,127,"cm",NA,"Radiocarbon","concentrated charcoal",10180,120,11844,NA,"CAMS 114331",TRUE,NA,"na Date is in uncalibrated radiocarbon years.","Xindi - charcoal db_SIEVED","counted","NaN-NaN",NA,NA,"",10180,10060,10300,10180,127,NA,"na Date is in uncalibrated radiocarbon years.",". Cal curve: NA. Source DB: IMPDv1","Lacustrine","Carbon-14","Radiocarbon",-52,18017,"Calibrated radiocarbon years BP","sedimentary charcoal","Data Sourcing: IMPDv1 #charcoal_recommendedformat","Sample Age Source: IMPDv1"
"1637",344,"charcoal | num",172,172.25,172.5,0.5,13807,13801,13813,"IMPDv1","Charcoal (sum)","(additional options)",NA,NA,"False","False","number","Macroscopic charcoal (sieved)","direct",NA,"CHAR",4,NA,NA,"quant_raw",5,"volume","cm^3","IMPDv1","IMPD_16657","charcoal","count","char","wet_sieve","particle","num","count","no_size","num","IMPDv1","measured",1,"IMPDv1",NA,"Xindi - charcoal db",67.111667,-159.491667,NA,"north",NA,NA,"sedlac",1637,0,NA,"Higuera,P.E.;Brubaker,L.B.;Anderson,P.M.;Hu,F.S.;Brown,T.A.;. Xindi - charcoal db. NOAA/WDS Paleoclimatology IMPD study 16657",NA,NA,NA,NA,NA,NA,NA,NA,NA,NA,NA,NA,NA,NA,"https://www.ncei.noaa.gov/access/paleo-search/study/16657",NA,NA,NA,NA,"noaa_study_id=16657; original pub in IMPD datafile header","IMPDv1:IMPD_16657",1637,"Anderson,P.M.",1,"Anderson","P.M.",NA,NA,NA,NA,NA,NA,NA,NA,NA,"IMPDv1:IMPD_16657",1637,"IMPDv1","IMPD_16657",NA,127,127,"cm",NA,"Radiocarbon","concentrated charcoal",10180,120,11844,NA,"CAMS 114331",TRUE,NA,"na Date is in uncalibrated radiocarbon years.","Xindi - charcoal db_SIEVED","counted","NaN-NaN",NA,NA,"",10180,10060,10300,10180,127,NA,"na Date is in uncalibrated radiocarbon years.",". Cal curve: NA. Source DB: IMPDv1","Lacustrine","Carbon-14","Radiocarbon",-52,18017,"Calibrated radiocarbon years BP","sedimentary charcoal","Data Sourcing: IMPDv1 #charcoal_recommendedformat","Sample Age Source: IMPDv1"
"1637",345,"charcoal | num",172.5,172.75,173,0.5,13819,13813,13825,"IMPDv1","Charcoal (sum)","(additional options)",NA,NA,"False","False","number","Macroscopic charcoal (sieved)","direct",NA,"CHAR",1,NA,NA,"quant_raw",5,"volume","cm^3","IMPDv1","IMPD_16657","charcoal","count","char","wet_sieve","particle","num","count","no_size","num","IMPDv1","measured",1,"IMPDv1",NA,"Xindi - charcoal db",67.111667,-159.491667,NA,"north",NA,NA,"sedlac",1637,0,NA,"Higuera,P.E.;Brubaker,L.B.;Anderson,P.M.;Hu,F.S.;Brown,T.A.;. Xindi - charcoal db. NOAA/WDS Paleoclimatology IMPD study 16657",NA,NA,NA,NA,NA,NA,NA,NA,NA,NA,NA,NA,NA,NA,"https://www.ncei.noaa.gov/access/paleo-search/study/16657",NA,NA,NA,NA,"noaa_study_id=16657; original pub in IMPD datafile header","IMPDv1:IMPD_16657",1637,"Anderson,P.M.",1,"Anderson","P.M.",NA,NA,NA,NA,NA,NA,NA,NA,NA,"IMPDv1:IMPD_16657",1637,"IMPDv1","IMPD_16657",NA,127,127,"cm",NA,"Radiocarbon","concentrated charcoal",10180,120,11844,NA,"CAMS 114331",TRUE,NA,"na Date is in uncalibrated radiocarbon years.","Xindi - charcoal db_SIEVED","counted","NaN-NaN",NA,NA,"",10180,10060,10300,10180,127,NA,"na Date is in uncalibrated radiocarbon years.",". Cal curve: NA. Source DB: IMPDv1","Lacustrine","Carbon-14","Radiocarbon",-52,18017,"Calibrated radiocarbon years BP","sedimentary charcoal","Data Sourcing: IMPDv1 #charcoal_recommendedformat","Sample Age Source: IMPDv1"
"1637",346,"charcoal | num",173,173.25,173.5,0.5,13831,13825,13837,"IMPDv1","Charcoal (sum)","(additional options)",NA,NA,"False","False","number","Macroscopic charcoal (sieved)","direct",NA,"CHAR",4,NA,NA,"quant_raw",5,"volume","cm^3","IMPDv1","IMPD_16657","charcoal","count","char","wet_sieve","particle","num","count","no_size","num","IMPDv1","measured",1,"IMPDv1",NA,"Xindi - charcoal db",67.111667,-159.491667,NA,"north",NA,NA,"sedlac",1637,0,NA,"Higuera,P.E.;Brubaker,L.B.;Anderson,P.M.;Hu,F.S.;Brown,T.A.;. Xindi - charcoal db. NOAA/WDS Paleoclimatology IMPD study 16657",NA,NA,NA,NA,NA,NA,NA,NA,NA,NA,NA,NA,NA,NA,"https://www.ncei.noaa.gov/access/paleo-search/study/16657",NA,NA,NA,NA,"noaa_study_id=16657; original pub in IMPD datafile header","IMPDv1:IMPD_16657",1637,"Anderson,P.M.",1,"Anderson","P.M.",NA,NA,NA,NA,NA,NA,NA,NA,NA,"IMPDv1:IMPD_16657",1637,"IMPDv1","IMPD_16657",NA,127,127,"cm",NA,"Radiocarbon","concentrated charcoal",10180,120,11844,NA,"CAMS 114331",TRUE,NA,"na Date is in uncalibrated radiocarbon years.","Xindi - charcoal db_SIEVED","counted","NaN-NaN",NA,NA,"",10180,10060,10300,10180,127,NA,"na Date is in uncalibrated radiocarbon years.",". Cal curve: NA. Source DB: IMPDv1","Lacustrine","Carbon-14","Radiocarbon",-52,18017,"Calibrated radiocarbon years BP","sedimentary charcoal","Data Sourcing: IMPDv1 #charcoal_recommendedformat","Sample Age Source: IMPDv1"
"1637",347,"charcoal | num",173.5,173.75,174,0.5,13843,13837,13849,"IMPDv1","Charcoal (sum)","(additional options)",NA,NA,"False","False","number","Macroscopic charcoal (sieved)","direct",NA,"CHAR",3,NA,NA,"quant_raw",5,"volume","cm^3","IMPDv1","IMPD_16657","charcoal","count","char","wet_sieve","particle","num","count","no_size","num","IMPDv1","measured",1,"IMPDv1",NA,"Xindi - charcoal db",67.111667,-159.491667,NA,"north",NA,NA,"sedlac",1637,0,NA,"Higuera,P.E.;Brubaker,L.B.;Anderson,P.M.;Hu,F.S.;Brown,T.A.;. Xindi - charcoal db. NOAA/WDS Paleoclimatology IMPD study 16657",NA,NA,NA,NA,NA,NA,NA,NA,NA,NA,NA,NA,NA,NA,"https://www.ncei.noaa.gov/access/paleo-search/study/16657",NA,NA,NA,NA,"noaa_study_id=16657; original pub in IMPD datafile header","IMPDv1:IMPD_16657",1637,"Anderson,P.M.",1,"Anderson","P.M.",NA,NA,NA,NA,NA,NA,NA,NA,NA,"IMPDv1:IMPD_16657",1637,"IMPDv1","IMPD_16657",NA,127,127,"cm",NA,"Radiocarbon","concentrated charcoal",10180,120,11844,NA,"CAMS 114331",TRUE,NA,"na Date is in uncalibrated radiocarbon years.","Xindi - charcoal db_SIEVED","counted","NaN-NaN",NA,NA,"",10180,10060,10300,10180,127,NA,"na Date is in uncalibrated radiocarbon years.",". Cal curve: NA. Source DB: IMPDv1","Lacustrine","Carbon-14","Radiocarbon",-52,18017,"Calibrated radiocarbon years BP","sedimentary charcoal","Data Sourcing: IMPDv1 #charcoal_recommendedformat","Sample Age Source: IMPDv1"
"1637",348,"charcoal | num",174,174.25,174.5,0.5,13855,13849,13861,"IMPDv1","Charcoal (sum)","(additional options)",NA,NA,"False","False","number","Macroscopic charcoal (sieved)","direct",NA,"CHAR",1,NA,NA,"quant_raw",5,"volume","cm^3","IMPDv1","IMPD_16657","charcoal","count","char","wet_sieve","particle","num","count","no_size","num","IMPDv1","measured",1,"IMPDv1",NA,"Xindi - charcoal db",67.111667,-159.491667,NA,"north",NA,NA,"sedlac",1637,0,NA,"Higuera,P.E.;Brubaker,L.B.;Anderson,P.M.;Hu,F.S.;Brown,T.A.;. Xindi - charcoal db. NOAA/WDS Paleoclimatology IMPD study 16657",NA,NA,NA,NA,NA,NA,NA,NA,NA,NA,NA,NA,NA,NA,"https://www.ncei.noaa.gov/access/paleo-search/study/16657",NA,NA,NA,NA,"noaa_study_id=16657; original pub in IMPD datafile header","IMPDv1:IMPD_16657",1637,"Hu,F.S.",1,"Hu","F.S.",NA,NA,NA,NA,NA,NA,NA,NA,NA,"IMPDv1:IMPD_16657",1637,"IMPDv1","IMPD_16657",NA,127,127,"cm",NA,"Radiocarbon","concentrated charcoal",10180,120,11844,NA,"CAMS 114331",TRUE,NA,"na Date is in uncalibrated radiocarbon years.","Xindi - charcoal db_SIEVED","counted","NaN-NaN",NA,NA,"",10180,10060,10300,10180,127,NA,"na Date is in uncalibrated radiocarbon years.",". Cal curve: NA. Source DB: IMPDv1","Lacustrine","Carbon-14","Radiocarbon",-52,18017,"Calibrated radiocarbon years BP","sedimentary charcoal","Data Sourcing: IMPDv1 #charcoal_recommendedformat","Sample Age Source: IMPDv1"
"1637",349,"charcoal | num",174.5,174.75,175,0.5,13867,13861,13873,"IMPDv1","Charcoal (sum)","(additional options)",NA,NA,"False","False","number","Macroscopic charcoal (sieved)","direct",NA,"CHAR",13,NA,NA,"quant_raw",5,"volume","cm^3","IMPDv1","IMPD_16657","charcoal","count","char","wet_sieve","particle","num","count","no_size","num","IMPDv1","measured",1,"IMPDv1",NA,"Xindi - charcoal db",67.111667,-159.491667,NA,"north",NA,NA,"sedlac",1637,0,NA,"Higuera,P.E.;Brubaker,L.B.;Anderson,P.M.;Hu,F.S.;Brown,T.A.;. Xindi - charcoal db. NOAA/WDS Paleoclimatology IMPD study 16657",NA,NA,NA,NA,NA,NA,NA,NA,NA,NA,NA,NA,NA,NA,"https://www.ncei.noaa.gov/access/paleo-search/study/16657",NA,NA,NA,NA,"noaa_study_id=16657; original pub in IMPD datafile header","IMPDv1:IMPD_16657",1637,"Hu,F.S.",1,"Hu","F.S.",NA,NA,NA,NA,NA,NA,NA,NA,NA,"IMPDv1:IMPD_16657",1637,"IMPDv1","IMPD_16657",NA,127,127,"cm",NA,"Radiocarbon","concentrated charcoal",10180,120,11844,NA,"CAMS 114331",TRUE,NA,"na Date is in uncalibrated radiocarbon years.","Xindi - charcoal db_SIEVED","counted","NaN-NaN",NA,NA,"",10180,10060,10300,10180,127,NA,"na Date is in uncalibrated radiocarbon years.",". Cal curve: NA. Source DB: IMPDv1","Lacustrine","Carbon-14","Radiocarbon",-52,18017,"Calibrated radiocarbon years BP","sedimentary charcoal","Data Sourcing: IMPDv1 #charcoal_recommendedformat","Sample Age Source: IMPDv1"
"1637",350,"charcoal | num",175,175.25,175.5,0.5,13879,13873,13885,"IMPDv1","Charcoal (sum)","(additional options)",NA,NA,"False","False","number","Macroscopic charcoal (sieved)","direct",NA,"CHAR",0,NA,NA,"quant_raw",5,"volume","cm^3","IMPDv1","IMPD_16657","charcoal","count","char","wet_sieve","particle","num","count","no_size","num","IMPDv1","measured",1,"IMPDv1",NA,"Xindi - charcoal db",67.111667,-159.491667,NA,"north",NA,NA,"sedlac",1637,0,NA,"Higuera,P.E.;Brubaker,L.B.;Anderson,P.M.;Hu,F.S.;Brown,T.A.;. Xindi - charcoal db. NOAA/WDS Paleoclimatology IMPD study 16657",NA,NA,NA,NA,NA,NA,NA,NA,NA,NA,NA,NA,NA,NA,"https://www.ncei.noaa.gov/access/paleo-search/study/16657",NA,NA,NA,NA,"noaa_study_id=16657; original pub in IMPD datafile header","IMPDv1:IMPD_16657",1637,"Hu,F.S.",1,"Hu","F.S.",NA,NA,NA,NA,NA,NA,NA,NA,NA,"IMPDv1:IMPD_16657",1637,"IMPDv1","IMPD_16657",NA,127,127,"cm",NA,"Radiocarbon","concentrated charcoal",10180,120,11844,NA,"CAMS 114331",TRUE,NA,"na Date is in uncalibrated radiocarbon years.","Xindi - charcoal db_SIEVED","counted","NaN-NaN",NA,NA,"",10180,10060,10300,10180,127,NA,"na Date is in uncalibrated radiocarbon years.",". Cal curve: NA. Source DB: IMPDv1","Lacustrine","Carbon-14","Radiocarbon",-52,18017,"Calibrated radiocarbon years BP","sedimentary charcoal","Data Sourcing: IMPDv1 #charcoal_recommendedformat","Sample Age Source: IMPDv1"
"1637",351,"charcoal | num",175.5,175.75,176,0.5,13891,13885,13897,"IMPDv1","Charcoal (sum)","(additional options)",NA,NA,"False","False","number","Macroscopic charcoal (sieved)","direct",NA,"CHAR",4,NA,NA,"quant_raw",5,"volume","cm^3","IMPDv1","IMPD_16657","charcoal","count","char","wet_sieve","particle","num","count","no_size","num","IMPDv1","measured",1,"IMPDv1",NA,"Xindi - charcoal db",67.111667,-159.491667,NA,"north",NA,NA,"sedlac",1637,0,NA,"Higuera,P.E.;Brubaker,L.B.;Anderson,P.M.;Hu,F.S.;Brown,T.A.;. Xindi - charcoal db. NOAA/WDS Paleoclimatology IMPD study 16657",NA,NA,NA,NA,NA,NA,NA,NA,NA,NA,NA,NA,NA,NA,"https://www.ncei.noaa.gov/access/paleo-search/study/16657",NA,NA,NA,NA,"noaa_study_id=16657; original pub in IMPD datafile header","IMPDv1:IMPD_16657",1637,"Hu,F.S.",1,"Hu","F.S.",NA,NA,NA,NA,NA,NA,NA,NA,NA,"IMPDv1:IMPD_16657",1637,"IMPDv1","IMPD_16657",NA,167.5,167.5,"cm",NA,"Radiocarbon","concentrated charcoal",11800,120,13648,NA,"CAMS 114332",TRUE,NA,"na Date is in uncalibrated radiocarbon years.","Xindi - charcoal db_SIEVED","counted","NaN-NaN",NA,NA,"",11800,11680,11920,11800,167.5,NA,"na Date is in uncalibrated radiocarbon years.",". Cal curve: NA. Source DB: IMPDv1","Lacustrine","Carbon-14","Radiocarbon",-52,18017,"Calibrated radiocarbon years BP","sedimentary charcoal","Data Sourcing: IMPDv1 #charcoal_recommendedformat","Sample Age Source: IMPDv1"
"1637",352,"charcoal | num",176,176.25,176.5,0.5,13903,13897,13909,"IMPDv1","Charcoal (sum)","(additional options)",NA,NA,"False","False","number","Macroscopic charcoal (sieved)","direct",NA,"CHAR",1,NA,NA,"quant_raw",5,"volume","cm^3","IMPDv1","IMPD_16657","charcoal","count","char","wet_sieve","particle","num","count","no_size","num","IMPDv1","measured",1,"IMPDv1",NA,"Xindi - charcoal db",67.111667,-159.491667,NA,"north",NA,NA,"sedlac",1637,0,NA,"Higuera,P.E.;Brubaker,L.B.;Anderson,P.M.;Hu,F.S.;Brown,T.A.;. Xindi - charcoal db. NOAA/WDS Paleoclimatology IMPD study 16657",NA,NA,NA,NA,NA,NA,NA,NA,NA,NA,NA,NA,NA,NA,"https://www.ncei.noaa.gov/access/paleo-search/study/16657",NA,NA,NA,NA,"noaa_study_id=16657; original pub in IMPD datafile header","IMPDv1:IMPD_16657",1637,"Hu,F.S.",1,"Hu","F.S.",NA,NA,NA,NA,NA,NA,NA,NA,NA,"IMPDv1:IMPD_16657",1637,"IMPDv1","IMPD_16657",NA,167.5,167.5,"cm",NA,"Radiocarbon","concentrated charcoal",11800,120,13648,NA,"CAMS 114332",TRUE,NA,"na Date is in uncalibrated radiocarbon years.","Xindi - charcoal db_SIEVED","counted","NaN-NaN",NA,NA,"",11800,11680,11920,11800,167.5,NA,"na Date is in uncalibrated radiocarbon years.",". Cal curve: NA. Source DB: IMPDv1","Lacustrine","Carbon-14","Radiocarbon",-52,18017,"Calibrated radiocarbon years BP","sedimentary charcoal","Data Sourcing: IMPDv1 #charcoal_recommendedformat","Sample Age Source: IMPDv1"
"1637",353,"charcoal | num",176.5,176.75,177,0.5,13914.5,13909,13920,"IMPDv1","Charcoal (sum)","(additional options)",NA,NA,"False","False","number","Macroscopic charcoal (sieved)","direct",NA,"CHAR",0,NA,NA,"quant_raw",5,"volume","cm^3","IMPDv1","IMPD_16657","charcoal","count","char","wet_sieve","particle","num","count","no_size","num","IMPDv1","measured",1,"IMPDv1",NA,"Xindi - charcoal db",67.111667,-159.491667,NA,"north",NA,NA,"sedlac",1637,0,NA,"Higuera,P.E.;Brubaker,L.B.;Anderson,P.M.;Hu,F.S.;Brown,T.A.;. Xindi - charcoal db. NOAA/WDS Paleoclimatology IMPD study 16657",NA,NA,NA,NA,NA,NA,NA,NA,NA,NA,NA,NA,NA,NA,"https://www.ncei.noaa.gov/access/paleo-search/study/16657",NA,NA,NA,NA,"noaa_study_id=16657; original pub in IMPD datafile header","IMPDv1:IMPD_16657",1637,"Hu,F.S.",1,"Hu","F.S.",NA,NA,NA,NA,NA,NA,NA,NA,NA,"IMPDv1:IMPD_16657",1637,"IMPDv1","IMPD_16657",NA,167.5,167.5,"cm",NA,"Radiocarbon","concentrated charcoal",11800,120,13648,NA,"CAMS 114332",TRUE,NA,"na Date is in uncalibrated radiocarbon years.","Xindi - charcoal db_SIEVED","counted","NaN-NaN",NA,NA,"",11800,11680,11920,11800,167.5,NA,"na Date is in uncalibrated radiocarbon years.",". Cal curve: NA. Source DB: IMPDv1","Lacustrine","Carbon-14","Radiocarbon",-52,18017,"Calibrated radiocarbon years BP","sedimentary charcoal","Data Sourcing: IMPDv1 #charcoal_recommendedformat","Sample Age Source: IMPDv1"
"1637",354,"charcoal | num",177,177.25,177.5,0.5,13926,13920,13932,"IMPDv1","Charcoal (sum)","(additional options)",NA,NA,"False","False","number","Macroscopic charcoal (sieved)","direct",NA,"CHAR",0,NA,NA,"quant_raw",5,"volume","cm^3","IMPDv1","IMPD_16657","charcoal","count","char","wet_sieve","particle","num","count","no_size","num","IMPDv1","measured",1,"IMPDv1",NA,"Xindi - charcoal db",67.111667,-159.491667,NA,"north",NA,NA,"sedlac",1637,0,NA,"Higuera,P.E.;Brubaker,L.B.;Anderson,P.M.;Hu,F.S.;Brown,T.A.;. Xindi - charcoal db. NOAA/WDS Paleoclimatology IMPD study 16657",NA,NA,NA,NA,NA,NA,NA,NA,NA,NA,NA,NA,NA,NA,"https://www.ncei.noaa.gov/access/paleo-search/study/16657",NA,NA,NA,NA,"noaa_study_id=16657; original pub in IMPD datafile header","IMPDv1:IMPD_16657",1637,"Hu,F.S.",1,"Hu","F.S.",NA,NA,NA,NA,NA,NA,NA,NA,NA,"IMPDv1:IMPD_16657",1637,"IMPDv1","IMPD_16657",NA,167.5,167.5,"cm",NA,"Radiocarbon","concentrated charcoal",11800,120,13648,NA,"CAMS 114332",TRUE,NA,"na Date is in uncalibrated radiocarbon years.","Xindi - charcoal db_SIEVED","counted","NaN-NaN",NA,NA,"",11800,11680,11920,11800,167.5,NA,"na Date is in uncalibrated radiocarbon years.",". Cal curve: NA. Source DB: IMPDv1","Lacustrine","Carbon-14","Radiocarbon",-52,18017,"Calibrated radiocarbon years BP","sedimentary charcoal","Data Sourcing: IMPDv1 #charcoal_recommendedformat","Sample Age Source: IMPDv1"
"1637",355,"charcoal | num",177.5,177.75,178,0.5,13938,13932,13944,"IMPDv1","Charcoal (sum)","(additional options)",NA,NA,"False","False","number","Macroscopic charcoal (sieved)","direct",NA,"CHAR",2,NA,NA,"quant_raw",5,"volume","cm^3","IMPDv1","IMPD_16657","charcoal","count","char","wet_sieve","particle","num","count","no_size","num","IMPDv1","measured",1,"IMPDv1",NA,"Xindi - charcoal db",67.111667,-159.491667,NA,"north",NA,NA,"sedlac",1637,0,NA,"Higuera,P.E.;Brubaker,L.B.;Anderson,P.M.;Hu,F.S.;Brown,T.A.;. Xindi - charcoal db. NOAA/WDS Paleoclimatology IMPD study 16657",NA,NA,NA,NA,NA,NA,NA,NA,NA,NA,NA,NA,NA,NA,"https://www.ncei.noaa.gov/access/paleo-search/study/16657",NA,NA,NA,NA,"noaa_study_id=16657; original pub in IMPD datafile header","IMPDv1:IMPD_16657",1637,"Hu,F.S.",1,"Hu","F.S.",NA,NA,NA,NA,NA,NA,NA,NA,NA,"IMPDv1:IMPD_16657",1637,"IMPDv1","IMPD_16657",NA,167.5,167.5,"cm",NA,"Radiocarbon","concentrated charcoal",11800,120,13648,NA,"CAMS 114332",TRUE,NA,"na Date is in uncalibrated radiocarbon years.","Xindi - charcoal db_SIEVED","counted","NaN-NaN",NA,NA,"",11800,11680,11920,11800,167.5,NA,"na Date is in uncalibrated radiocarbon years.",". Cal curve: NA. Source DB: IMPDv1","Lacustrine","Carbon-14","Radiocarbon",-52,18017,"Calibrated radiocarbon years BP","sedimentary charcoal","Data Sourcing: IMPDv1 #charcoal_recommendedformat","Sample Age Source: IMPDv1"
"1637",356,"charcoal | num",178,178.25,178.5,0.5,13950,13944,13956,"IMPDv1","Charcoal (sum)","(additional options)",NA,NA,"False","False","number","Macroscopic charcoal (sieved)","direct",NA,"CHAR",1,NA,NA,"quant_raw",5,"volume","cm^3","IMPDv1","IMPD_16657","charcoal","count","char","wet_sieve","particle","num","count","no_size","num","IMPDv1","measured",1,"IMPDv1",NA,"Xindi - charcoal db",67.111667,-159.491667,NA,"north",NA,NA,"sedlac",1637,0,NA,"Higuera,P.E.;Brubaker,L.B.;Anderson,P.M.;Hu,F.S.;Brown,T.A.;. Xindi - charcoal db. NOAA/WDS Paleoclimatology IMPD study 16657",NA,NA,NA,NA,NA,NA,NA,NA,NA,NA,NA,NA,NA,NA,"https://www.ncei.noaa.gov/access/paleo-search/study/16657",NA,NA,NA,NA,"noaa_study_id=16657; original pub in IMPD datafile header","IMPDv1:IMPD_16657",1637,"Hu,F.S.",1,"Hu","F.S.",NA,NA,NA,NA,NA,NA,NA,NA,NA,"IMPDv1:IMPD_16657",1637,"IMPDv1","IMPD_16657",NA,167.5,167.5,"cm",NA,"Radiocarbon","concentrated charcoal",11800,120,13648,NA,"CAMS 114332",TRUE,NA,"na Date is in uncalibrated radiocarbon years.","Xindi - charcoal db_SIEVED","counted","NaN-NaN",NA,NA,"",11800,11680,11920,11800,167.5,NA,"na Date is in uncalibrated radiocarbon years.",". Cal curve: NA. Source DB: IMPDv1","Lacustrine","Carbon-14","Radiocarbon",-52,18017,"Calibrated radiocarbon years BP","sedimentary charcoal","Data Sourcing: IMPDv1 #charcoal_recommendedformat","Sample Age Source: IMPDv1"
"1637",357,"charcoal | num",178.5,178.75,179,0.5,13962,13956,13968,"IMPDv1","Charcoal (sum)","(additional options)",NA,NA,"False","False","number","Macroscopic charcoal (sieved)","direct",NA,"CHAR",0,NA,NA,"quant_raw",5,"volume","cm^3","IMPDv1","IMPD_16657","charcoal","count","char","wet_sieve","particle","num","count","no_size","num","IMPDv1","measured",1,"IMPDv1",NA,"Xindi - charcoal db",67.111667,-159.491667,NA,"north",NA,NA,"sedlac",1637,0,NA,"Higuera,P.E.;Brubaker,L.B.;Anderson,P.M.;Hu,F.S.;Brown,T.A.;. Xindi - charcoal db. NOAA/WDS Paleoclimatology IMPD study 16657",NA,NA,NA,NA,NA,NA,NA,NA,NA,NA,NA,NA,NA,NA,"https://www.ncei.noaa.gov/access/paleo-search/study/16657",NA,NA,NA,NA,"noaa_study_id=16657; original pub in IMPD datafile header","IMPDv1:IMPD_16657",1637,"Hu,F.S.",1,"Hu","F.S.",NA,NA,NA,NA,NA,NA,NA,NA,NA,"IMPDv1:IMPD_16657",1637,"IMPDv1","IMPD_16657",NA,167.5,167.5,"cm",NA,"Radiocarbon","concentrated charcoal",11800,120,13648,NA,"CAMS 114332",TRUE,NA,"na Date is in uncalibrated radiocarbon years.","Xindi - charcoal db_SIEVED","counted","NaN-NaN",NA,NA,"",11800,11680,11920,11800,167.5,NA,"na Date is in uncalibrated radiocarbon years.",". Cal curve: NA. Source DB: IMPDv1","Lacustrine","Carbon-14","Radiocarbon",-52,18017,"Calibrated radiocarbon years BP","sedimentary charcoal","Data Sourcing: IMPDv1 #charcoal_recommendedformat","Sample Age Source: IMPDv1"
"1637",358,"charcoal | num",179,179.25,179.5,0.5,13973.5,13968,13979,"IMPDv1","Charcoal (sum)","(additional options)",NA,NA,"False","False","number","Macroscopic charcoal (sieved)","direct",NA,"CHAR",0,NA,NA,"quant_raw",5,"volume","cm^3","IMPDv1","IMPD_16657","charcoal","count","char","wet_sieve","particle","num","count","no_size","num","IMPDv1","measured",1,"IMPDv1",NA,"Xindi - charcoal db",67.111667,-159.491667,NA,"north",NA,NA,"sedlac",1637,0,NA,"Higuera,P.E.;Brubaker,L.B.;Anderson,P.M.;Hu,F.S.;Brown,T.A.;. Xindi - charcoal db. NOAA/WDS Paleoclimatology IMPD study 16657",NA,NA,NA,NA,NA,NA,NA,NA,NA,NA,NA,NA,NA,NA,"https://www.ncei.noaa.gov/access/paleo-search/study/16657",NA,NA,NA,NA,"noaa_study_id=16657; original pub in IMPD datafile header","IMPDv1:IMPD_16657",1637,"Hu,F.S.",1,"Hu","F.S.",NA,NA,NA,NA,NA,NA,NA,NA,NA,"IMPDv1:IMPD_16657",1637,"IMPDv1","IMPD_16657",NA,167.5,167.5,"cm",NA,"Radiocarbon","concentrated charcoal",11800,120,13648,NA,"CAMS 114332",TRUE,NA,"na Date is in uncalibrated radiocarbon years.","Xindi - charcoal db_SIEVED","counted","NaN-NaN",NA,NA,"",11800,11680,11920,11800,167.5,NA,"na Date is in uncalibrated radiocarbon years.",". Cal curve: NA. Source DB: IMPDv1","Lacustrine","Carbon-14","Radiocarbon",-52,18017,"Calibrated radiocarbon years BP","sedimentary charcoal","Data Sourcing: IMPDv1 #charcoal_recommendedformat","Sample Age Source: IMPDv1"
"1637",359,"charcoal | num",179.5,179.75,180,0.5,13985,13979,13991,"IMPDv1","Charcoal (sum)","(additional options)",NA,NA,"False","False","number","Macroscopic charcoal (sieved)","direct",NA,"CHAR",2,NA,NA,"quant_raw",5,"volume","cm^3","IMPDv1","IMPD_16657","charcoal","count","char","wet_sieve","particle","num","count","no_size","num","IMPDv1","measured",1,"IMPDv1",NA,"Xindi - charcoal db",67.111667,-159.491667,NA,"north",NA,NA,"sedlac",1637,0,NA,"Higuera,P.E.;Brubaker,L.B.;Anderson,P.M.;Hu,F.S.;Brown,T.A.;. Xindi - charcoal db. NOAA/WDS Paleoclimatology IMPD study 16657",NA,NA,NA,NA,NA,NA,NA,NA,NA,NA,NA,NA,NA,NA,"https://www.ncei.noaa.gov/access/paleo-search/study/16657",NA,NA,NA,NA,"noaa_study_id=16657; original pub in IMPD datafile header","IMPDv1:IMPD_16657",1637,"Hu,F.S.",1,"Hu","F.S.",NA,NA,NA,NA,NA,NA,NA,NA,NA,"IMPDv1:IMPD_16657",1637,"IMPDv1","IMPD_16657",NA,167.5,167.5,"cm",NA,"Radiocarbon","concentrated charcoal",11800,120,13648,NA,"CAMS 114332",TRUE,NA,"na Date is in uncalibrated radiocarbon years.","Xindi - charcoal db_SIEVED","counted","NaN-NaN",NA,NA,"",11800,11680,11920,11800,167.5,NA,"na Date is in uncalibrated radiocarbon years.",". Cal curve: NA. Source DB: IMPDv1","Lacustrine","Carbon-14","Radiocarbon",-52,18017,"Calibrated radiocarbon years BP","sedimentary charcoal","Data Sourcing: IMPDv1 #charcoal_recommendedformat","Sample Age Source: IMPDv1"
"1637",360,"charcoal | num",180,180.25,180.5,0.5,13997,13991,14003,"IMPDv1","Charcoal (sum)","(additional options)",NA,NA,"False","False","number","Macroscopic charcoal (sieved)","direct",NA,"CHAR",8,NA,NA,"quant_raw",5,"volume","cm^3","IMPDv1","IMPD_16657","charcoal","count","char","wet_sieve","particle","num","count","no_size","num","IMPDv1","measured",1,"IMPDv1",NA,"Xindi - charcoal db",67.111667,-159.491667,NA,"north",NA,NA,"sedlac",1637,0,NA,"Higuera,P.E.;Brubaker,L.B.;Anderson,P.M.;Hu,F.S.;Brown,T.A.;. Xindi - charcoal db. NOAA/WDS Paleoclimatology IMPD study 16657",NA,NA,NA,NA,NA,NA,NA,NA,NA,NA,NA,NA,NA,NA,"https://www.ncei.noaa.gov/access/paleo-search/study/16657",NA,NA,NA,NA,"noaa_study_id=16657; original pub in IMPD datafile header","IMPDv1:IMPD_16657",1637,"Hu,F.S.",1,"Hu","F.S.",NA,NA,NA,NA,NA,NA,NA,NA,NA,"IMPDv1:IMPD_16657",1637,"IMPDv1","IMPD_16657",NA,167.5,167.5,"cm",NA,"Radiocarbon","concentrated charcoal",11800,120,13648,NA,"CAMS 114332",TRUE,NA,"na Date is in uncalibrated radiocarbon years.","Xindi - charcoal db_SIEVED","counted","NaN-NaN",NA,NA,"",11800,11680,11920,11800,167.5,NA,"na Date is in uncalibrated radiocarbon years.",". Cal curve: NA. Source DB: IMPDv1","Lacustrine","Carbon-14","Radiocarbon",-52,18017,"Calibrated radiocarbon years BP","sedimentary charcoal","Data Sourcing: IMPDv1 #charcoal_recommendedformat","Sample Age Source: IMPDv1"
"1637",361,"charcoal | num",180.5,180.75,181,0.5,14009,14003,14015,"IMPDv1","Charcoal (sum)","(additional options)",NA,NA,"False","False","number","Macroscopic charcoal (sieved)","direct",NA,"CHAR",0,NA,NA,"quant_raw",5,"volume","cm^3","IMPDv1","IMPD_16657","charcoal","count","char","wet_sieve","particle","num","count","no_size","num","IMPDv1","measured",1,"IMPDv1",NA,"Xindi - charcoal db",67.111667,-159.491667,NA,"north",NA,NA,"sedlac",1637,0,NA,"Higuera,P.E.;Brubaker,L.B.;Anderson,P.M.;Hu,F.S.;Brown,T.A.;. Xindi - charcoal db. NOAA/WDS Paleoclimatology IMPD study 16657",NA,NA,NA,NA,NA,NA,NA,NA,NA,NA,NA,NA,NA,NA,"https://www.ncei.noaa.gov/access/paleo-search/study/16657",NA,NA,NA,NA,"noaa_study_id=16657; original pub in IMPD datafile header","IMPDv1:IMPD_16657",1637,"Hu,F.S.",1,"Hu","F.S.",NA,NA,NA,NA,NA,NA,NA,NA,NA,"IMPDv1:IMPD_16657",1637,"IMPDv1","IMPD_16657",NA,167.5,167.5,"cm",NA,"Radiocarbon","concentrated charcoal",11800,120,13648,NA,"CAMS 114332",TRUE,NA,"na Date is in uncalibrated radiocarbon years.","Xindi - charcoal db_SIEVED","counted","NaN-NaN",NA,NA,"",11800,11680,11920,11800,167.5,NA,"na Date is in uncalibrated radiocarbon years.",". Cal curve: NA. Source DB: IMPDv1","Lacustrine","Carbon-14","Radiocarbon",-52,18017,"Calibrated radiocarbon years BP","sedimentary charcoal","Data Sourcing: IMPDv1 #charcoal_recommendedformat","Sample Age Source: IMPDv1"
"1637",362,"charcoal | num",181,181.25,181.5,0.5,14021,14015,14027,"IMPDv1","Charcoal (sum)","(additional options)",NA,NA,"False","False","number","Macroscopic charcoal (sieved)","direct",NA,"CHAR",2,NA,NA,"quant_raw",5,"volume","cm^3","IMPDv1","IMPD_16657","charcoal","count","char","wet_sieve","particle","num","count","no_size","num","IMPDv1","measured",1,"IMPDv1",NA,"Xindi - charcoal db",67.111667,-159.491667,NA,"north",NA,NA,"sedlac",1637,0,NA,"Higuera,P.E.;Brubaker,L.B.;Anderson,P.M.;Hu,F.S.;Brown,T.A.;. Xindi - charcoal db. NOAA/WDS Paleoclimatology IMPD study 16657",NA,NA,NA,NA,NA,NA,NA,NA,NA,NA,NA,NA,NA,NA,"https://www.ncei.noaa.gov/access/paleo-search/study/16657",NA,NA,NA,NA,"noaa_study_id=16657; original pub in IMPD datafile header","IMPDv1:IMPD_16657",1637,"Hu,F.S.",1,"Hu","F.S.",NA,NA,NA,NA,NA,NA,NA,NA,NA,"IMPDv1:IMPD_16657",1637,"IMPDv1","IMPD_16657",NA,167.5,167.5,"cm",NA,"Radiocarbon","concentrated charcoal",11800,120,13648,NA,"CAMS 114332",TRUE,NA,"na Date is in uncalibrated radiocarbon years.","Xindi - charcoal db_SIEVED","counted","NaN-NaN",NA,NA,"",11800,11680,11920,11800,167.5,NA,"na Date is in uncalibrated radiocarbon years.",". Cal curve: NA. Source DB: IMPDv1","Lacustrine","Carbon-14","Radiocarbon",-52,18017,"Calibrated radiocarbon years BP","sedimentary charcoal","Data Sourcing: IMPDv1 #charcoal_recommendedformat","Sample Age Source: IMPDv1"
"1637",363,"charcoal | num",181.5,181.75,182,0.5,14032.5,14027,14038,"IMPDv1","Charcoal (sum)","(additional options)",NA,NA,"False","False","number","Macroscopic charcoal (sieved)","direct",NA,"CHAR",3,NA,NA,"quant_raw",5,"volume","cm^3","IMPDv1","IMPD_16657","charcoal","count","char","wet_sieve","particle","num","count","no_size","num","IMPDv1","measured",1,"IMPDv1",NA,"Xindi - charcoal db",67.111667,-159.491667,NA,"north",NA,NA,"sedlac",1637,0,NA,"Higuera,P.E.;Brubaker,L.B.;Anderson,P.M.;Hu,F.S.;Brown,T.A.;. Xindi - charcoal db. NOAA/WDS Paleoclimatology IMPD study 16657",NA,NA,NA,NA,NA,NA,NA,NA,NA,NA,NA,NA,NA,NA,"https://www.ncei.noaa.gov/access/paleo-search/study/16657",NA,NA,NA,NA,"noaa_study_id=16657; original pub in IMPD datafile header","IMPDv1:IMPD_16657",1637,"Hu,F.S.",1,"Hu","F.S.",NA,NA,NA,NA,NA,NA,NA,NA,NA,"IMPDv1:IMPD_16657",1637,"IMPDv1","IMPD_16657",NA,167.5,167.5,"cm",NA,"Radiocarbon","concentrated charcoal",11800,120,13648,NA,"CAMS 114332",TRUE,NA,"na Date is in uncalibrated radiocarbon years.","Xindi - charcoal db_SIEVED","counted","NaN-NaN",NA,NA,"",11800,11680,11920,11800,167.5,NA,"na Date is in uncalibrated radiocarbon years.",". Cal curve: NA. Source DB: IMPDv1","Lacustrine","Carbon-14","Radiocarbon",-52,18017,"Calibrated radiocarbon years BP","sedimentary charcoal","Data Sourcing: IMPDv1 #charcoal_recommendedformat","Sample Age Source: IMPDv1"
"1637",364,"charcoal | num",182,182.25,182.5,0.5,14044,14038,14050,"IMPDv1","Charcoal (sum)","(additional options)",NA,NA,"False","False","number","Macroscopic charcoal (sieved)","direct",NA,"CHAR",4,NA,NA,"quant_raw",5,"volume","cm^3","IMPDv1","IMPD_16657","charcoal","count","char","wet_sieve","particle","num","count","no_size","num","IMPDv1","measured",1,"IMPDv1",NA,"Xindi - charcoal db",67.111667,-159.491667,NA,"north",NA,NA,"sedlac",1637,0,NA,"Higuera,P.E.;Brubaker,L.B.;Anderson,P.M.;Hu,F.S.;Brown,T.A.;. Xindi - charcoal db. NOAA/WDS Paleoclimatology IMPD study 16657",NA,NA,NA,NA,NA,NA,NA,NA,NA,NA,NA,NA,NA,NA,"https://www.ncei.noaa.gov/access/paleo-search/study/16657",NA,NA,NA,NA,"noaa_study_id=16657; original pub in IMPD datafile header","IMPDv1:IMPD_16657",1637,"Hu,F.S.",1,"Hu","F.S.",NA,NA,NA,NA,NA,NA,NA,NA,NA,"IMPDv1:IMPD_16657",1637,"IMPDv1","IMPD_16657",NA,183.5,183.5,"cm",NA,"Radiocarbon","concentrated charcoal",11570,300,13456,NA,"CAMS 114333",TRUE,NA,"na Date is in uncalibrated radiocarbon years.","Xindi - charcoal db_SIEVED","counted","NaN-NaN",NA,NA,"",11570,11270,11870,11570,183.5,NA,"na Date is in uncalibrated radiocarbon years.",". Cal curve: NA. Source DB: IMPDv1","Lacustrine","Carbon-14","Radiocarbon",-52,18017,"Calibrated radiocarbon years BP","sedimentary charcoal","Data Sourcing: IMPDv1 #charcoal_recommendedformat","Sample Age Source: IMPDv1"
"1637",365,"charcoal | num",182.5,182.75,183,0.5,14056,14050,14062,"IMPDv1","Charcoal (sum)","(additional options)",NA,NA,"False","False","number","Macroscopic charcoal (sieved)","direct",NA,"CHAR",2,NA,NA,"quant_raw",5,"volume","cm^3","IMPDv1","IMPD_16657","charcoal","count","char","wet_sieve","particle","num","count","no_size","num","IMPDv1","measured",1,"IMPDv1",NA,"Xindi - charcoal db",67.111667,-159.491667,NA,"north",NA,NA,"sedlac",1637,0,NA,"Higuera,P.E.;Brubaker,L.B.;Anderson,P.M.;Hu,F.S.;Brown,T.A.;. Xindi - charcoal db. NOAA/WDS Paleoclimatology IMPD study 16657",NA,NA,NA,NA,NA,NA,NA,NA,NA,NA,NA,NA,NA,NA,"https://www.ncei.noaa.gov/access/paleo-search/study/16657",NA,NA,NA,NA,"noaa_study_id=16657; original pub in IMPD datafile header","IMPDv1:IMPD_16657",1637,"Hu,F.S.",1,"Hu","F.S.",NA,NA,NA,NA,NA,NA,NA,NA,NA,"IMPDv1:IMPD_16657",1637,"IMPDv1","IMPD_16657",NA,183.5,183.5,"cm",NA,"Radiocarbon","concentrated charcoal",11570,300,13456,NA,"CAMS 114333",TRUE,NA,"na Date is in uncalibrated radiocarbon years.","Xindi - charcoal db_SIEVED","counted","NaN-NaN",NA,NA,"",11570,11270,11870,11570,183.5,NA,"na Date is in uncalibrated radiocarbon years.",". Cal curve: NA. Source DB: IMPDv1","Lacustrine","Carbon-14","Radiocarbon",-52,18017,"Calibrated radiocarbon years BP","sedimentary charcoal","Data Sourcing: IMPDv1 #charcoal_recommendedformat","Sample Age Source: IMPDv1"
"1637",366,"charcoal | num",183,183.25,183.5,0.5,14068,14062,14074,"IMPDv1","Charcoal (sum)","(additional options)",NA,NA,"False","False","number","Macroscopic charcoal (sieved)","direct",NA,"CHAR",1,NA,NA,"quant_raw",5,"volume","cm^3","IMPDv1","IMPD_16657","charcoal","count","char","wet_sieve","particle","num","count","no_size","num","IMPDv1","measured",1,"IMPDv1",NA,"Xindi - charcoal db",67.111667,-159.491667,NA,"north",NA,NA,"sedlac",1637,0,NA,"Higuera,P.E.;Brubaker,L.B.;Anderson,P.M.;Hu,F.S.;Brown,T.A.;. Xindi - charcoal db. NOAA/WDS Paleoclimatology IMPD study 16657",NA,NA,NA,NA,NA,NA,NA,NA,NA,NA,NA,NA,NA,NA,"https://www.ncei.noaa.gov/access/paleo-search/study/16657",NA,NA,NA,NA,"noaa_study_id=16657; original pub in IMPD datafile header","IMPDv1:IMPD_16657",1637,"Hu,F.S.",1,"Hu","F.S.",NA,NA,NA,NA,NA,NA,NA,NA,NA,"IMPDv1:IMPD_16657",1637,"IMPDv1","IMPD_16657",NA,183.5,183.5,"cm",NA,"Radiocarbon","concentrated charcoal",11570,300,13456,NA,"CAMS 114333",TRUE,NA,"na Date is in uncalibrated radiocarbon years.","Xindi - charcoal db_SIEVED","counted","NaN-NaN",NA,NA,"",11570,11270,11870,11570,183.5,NA,"na Date is in uncalibrated radiocarbon years.",". Cal curve: NA. Source DB: IMPDv1","Lacustrine","Carbon-14","Radiocarbon",-52,18017,"Calibrated radiocarbon years BP","sedimentary charcoal","Data Sourcing: IMPDv1 #charcoal_recommendedformat","Sample Age Source: IMPDv1"
"1637",367,"charcoal | num",183.5,183.75,184,0.5,14079.5,14074,14085,"IMPDv1","Charcoal (sum)","(additional options)",NA,NA,"False","False","number","Macroscopic charcoal (sieved)","direct",NA,"CHAR",11,NA,NA,"quant_raw",5,"volume","cm^3","IMPDv1","IMPD_16657","charcoal","count","char","wet_sieve","particle","num","count","no_size","num","IMPDv1","measured",1,"IMPDv1",NA,"Xindi - charcoal db",67.111667,-159.491667,NA,"north",NA,NA,"sedlac",1637,0,NA,"Higuera,P.E.;Brubaker,L.B.;Anderson,P.M.;Hu,F.S.;Brown,T.A.;. Xindi - charcoal db. NOAA/WDS Paleoclimatology IMPD study 16657",NA,NA,NA,NA,NA,NA,NA,NA,NA,NA,NA,NA,NA,NA,"https://www.ncei.noaa.gov/access/paleo-search/study/16657",NA,NA,NA,NA,"noaa_study_id=16657; original pub in IMPD datafile header","IMPDv1:IMPD_16657",1637,"Hu,F.S.",1,"Hu","F.S.",NA,NA,NA,NA,NA,NA,NA,NA,NA,"IMPDv1:IMPD_16657",1637,"IMPDv1","IMPD_16657",NA,183.5,183.5,"cm",NA,"Radiocarbon","concentrated charcoal",11570,300,13456,NA,"CAMS 114333",TRUE,NA,"na Date is in uncalibrated radiocarbon years.","Xindi - charcoal db_SIEVED","counted","NaN-NaN",NA,NA,"",11570,11270,11870,11570,183.5,NA,"na Date is in uncalibrated radiocarbon years.",". Cal curve: NA. Source DB: IMPDv1","Lacustrine","Carbon-14","Radiocarbon",-52,18017,"Calibrated radiocarbon years BP","sedimentary charcoal","Data Sourcing: IMPDv1 #charcoal_recommendedformat","Sample Age Source: IMPDv1"
"1637",368,"charcoal | num",184,184.25,184.5,0.5,14091,14085,14097,"IMPDv1","Charcoal (sum)","(additional options)",NA,NA,"False","False","number","Macroscopic charcoal (sieved)","direct",NA,"CHAR",9,NA,NA,"quant_raw",5,"volume","cm^3","IMPDv1","IMPD_16657","charcoal","count","char","wet_sieve","particle","num","count","no_size","num","IMPDv1","measured",1,"IMPDv1",NA,"Xindi - charcoal db",67.111667,-159.491667,NA,"north",NA,NA,"sedlac",1637,0,NA,"Higuera,P.E.;Brubaker,L.B.;Anderson,P.M.;Hu,F.S.;Brown,T.A.;. Xindi - charcoal db. NOAA/WDS Paleoclimatology IMPD study 16657",NA,NA,NA,NA,NA,NA,NA,NA,NA,NA,NA,NA,NA,NA,"https://www.ncei.noaa.gov/access/paleo-search/study/16657",NA,NA,NA,NA,"noaa_study_id=16657; original pub in IMPD datafile header","IMPDv1:IMPD_16657",1637,"Hu,F.S.",1,"Hu","F.S.",NA,NA,NA,NA,NA,NA,NA,NA,NA,"IMPDv1:IMPD_16657",1637,"IMPDv1","IMPD_16657",NA,183.5,183.5,"cm",NA,"Radiocarbon","concentrated charcoal",11570,300,13456,NA,"CAMS 114333",TRUE,NA,"na Date is in uncalibrated radiocarbon years.","Xindi - charcoal db_SIEVED","counted","NaN-NaN",NA,NA,"",11570,11270,11870,11570,183.5,NA,"na Date is in uncalibrated radiocarbon years.",". Cal curve: NA. Source DB: IMPDv1","Lacustrine","Carbon-14","Radiocarbon",-52,18017,"Calibrated radiocarbon years BP","sedimentary charcoal","Data Sourcing: IMPDv1 #charcoal_recommendedformat","Sample Age Source: IMPDv1"
"1637",369,"charcoal | num",184.5,184.75,185,0.5,14103,14097,14109,"IMPDv1","Charcoal (sum)","(additional options)",NA,NA,"False","False","number","Macroscopic charcoal (sieved)","direct",NA,"CHAR",45,NA,NA,"quant_raw",5,"volume","cm^3","IMPDv1","IMPD_16657","charcoal","count","char","wet_sieve","particle","num","count","no_size","num","IMPDv1","measured",1,"IMPDv1",NA,"Xindi - charcoal db",67.111667,-159.491667,NA,"north",NA,NA,"sedlac",1637,0,NA,"Higuera,P.E.;Brubaker,L.B.;Anderson,P.M.;Hu,F.S.;Brown,T.A.;. Xindi - charcoal db. NOAA/WDS Paleoclimatology IMPD study 16657",NA,NA,NA,NA,NA,NA,NA,NA,NA,NA,NA,NA,NA,NA,"https://www.ncei.noaa.gov/access/paleo-search/study/16657",NA,NA,NA,NA,"noaa_study_id=16657; original pub in IMPD datafile header","IMPDv1:IMPD_16657",1637,"Hu,F.S.",1,"Hu","F.S.",NA,NA,NA,NA,NA,NA,NA,NA,NA,"IMPDv1:IMPD_16657",1637,"IMPDv1","IMPD_16657",NA,183.5,183.5,"cm",NA,"Radiocarbon","concentrated charcoal",11570,300,13456,NA,"CAMS 114333",TRUE,NA,"na Date is in uncalibrated radiocarbon years.","Xindi - charcoal db_SIEVED","counted","NaN-NaN",NA,NA,"",11570,11270,11870,11570,183.5,NA,"na Date is in uncalibrated radiocarbon years.",". Cal curve: NA. Source DB: IMPDv1","Lacustrine","Carbon-14","Radiocarbon",-52,18017,"Calibrated radiocarbon years BP","sedimentary charcoal","Data Sourcing: IMPDv1 #charcoal_recommendedformat","Sample Age Source: IMPDv1"
"1637",370,"charcoal | num",185,185.25,185.5,0.5,14115,14109,14121,"IMPDv1","Charcoal (sum)","(additional options)",NA,NA,"False","False","number","Macroscopic charcoal (sieved)","direct",NA,"CHAR",2,NA,NA,"quant_raw",5,"volume","cm^3","IMPDv1","IMPD_16657","charcoal","count","char","wet_sieve","particle","num","count","no_size","num","IMPDv1","measured",1,"IMPDv1",NA,"Xindi - charcoal db",67.111667,-159.491667,NA,"north",NA,NA,"sedlac",1637,0,NA,"Higuera,P.E.;Brubaker,L.B.;Anderson,P.M.;Hu,F.S.;Brown,T.A.;. Xindi - charcoal db. NOAA/WDS Paleoclimatology IMPD study 16657",NA,NA,NA,NA,NA,NA,NA,NA,NA,NA,NA,NA,NA,NA,"https://www.ncei.noaa.gov/access/paleo-search/study/16657",NA,NA,NA,NA,"noaa_study_id=16657; original pub in IMPD datafile header","IMPDv1:IMPD_16657",1637,"Hu,F.S.",1,"Hu","F.S.",NA,NA,NA,NA,NA,NA,NA,NA,NA,"IMPDv1:IMPD_16657",1637,"IMPDv1","IMPD_16657",NA,183.5,183.5,"cm",NA,"Radiocarbon","concentrated charcoal",11570,300,13456,NA,"CAMS 114333",TRUE,NA,"na Date is in uncalibrated radiocarbon years.","Xindi - charcoal db_SIEVED","counted","NaN-NaN",NA,NA,"",11570,11270,11870,11570,183.5,NA,"na Date is in uncalibrated radiocarbon years.",". Cal curve: NA. Source DB: IMPDv1","Lacustrine","Carbon-14","Radiocarbon",-52,18017,"Calibrated radiocarbon years BP","sedimentary charcoal","Data Sourcing: IMPDv1 #charcoal_recommendedformat","Sample Age Source: IMPDv1"
"1637",371,"charcoal | num",185.5,185.75,186,0.5,14126.5,14121,14132,"IMPDv1","Charcoal (sum)","(additional options)",NA,NA,"False","False","number","Macroscopic charcoal (sieved)","direct",NA,"CHAR",0,NA,NA,"quant_raw",5,"volume","cm^3","IMPDv1","IMPD_16657","charcoal","count","char","wet_sieve","particle","num","count","no_size","num","IMPDv1","measured",1,"IMPDv1",NA,"Xindi - charcoal db",67.111667,-159.491667,NA,"north",NA,NA,"sedlac",1637,0,NA,"Higuera,P.E.;Brubaker,L.B.;Anderson,P.M.;Hu,F.S.;Brown,T.A.;. Xindi - charcoal db. NOAA/WDS Paleoclimatology IMPD study 16657",NA,NA,NA,NA,NA,NA,NA,NA,NA,NA,NA,NA,NA,NA,"https://www.ncei.noaa.gov/access/paleo-search/study/16657",NA,NA,NA,NA,"noaa_study_id=16657; original pub in IMPD datafile header","IMPDv1:IMPD_16657",1637,"Hu,F.S.",1,"Hu","F.S.",NA,NA,NA,NA,NA,NA,NA,NA,NA,"IMPDv1:IMPD_16657",1637,"IMPDv1","IMPD_16657",NA,183.5,183.5,"cm",NA,"Radiocarbon","concentrated charcoal",11570,300,13456,NA,"CAMS 114333",TRUE,NA,"na Date is in uncalibrated radiocarbon years.","Xindi - charcoal db_SIEVED","counted","NaN-NaN",NA,NA,"",11570,11270,11870,11570,183.5,NA,"na Date is in uncalibrated radiocarbon years.",". Cal curve: NA. Source DB: IMPDv1","Lacustrine","Carbon-14","Radiocarbon",-52,18017,"Calibrated radiocarbon years BP","sedimentary charcoal","Data Sourcing: IMPDv1 #charcoal_recommendedformat","Sample Age Source: IMPDv1"
"1637",372,"charcoal | num",186,186.25,186.5,0.5,14138,14132,14144,"IMPDv1","Charcoal (sum)","(additional options)",NA,NA,"False","False","number","Macroscopic charcoal (sieved)","direct",NA,"CHAR",1,NA,NA,"quant_raw",5,"volume","cm^3","IMPDv1","IMPD_16657","charcoal","count","char","wet_sieve","particle","num","count","no_size","num","IMPDv1","measured",1,"IMPDv1",NA,"Xindi - charcoal db",67.111667,-159.491667,NA,"north",NA,NA,"sedlac",1637,0,NA,"Higuera,P.E.;Brubaker,L.B.;Anderson,P.M.;Hu,F.S.;Brown,T.A.;. Xindi - charcoal db. NOAA/WDS Paleoclimatology IMPD study 16657",NA,NA,NA,NA,NA,NA,NA,NA,NA,NA,NA,NA,NA,NA,"https://www.ncei.noaa.gov/access/paleo-search/study/16657",NA,NA,NA,NA,"noaa_study_id=16657; original pub in IMPD datafile header","IMPDv1:IMPD_16657",1637,"Hu,F.S.",1,"Hu","F.S.",NA,NA,NA,NA,NA,NA,NA,NA,NA,"IMPDv1:IMPD_16657",1637,"IMPDv1","IMPD_16657",NA,183.5,183.5,"cm",NA,"Radiocarbon","concentrated charcoal",11570,300,13456,NA,"CAMS 114333",TRUE,NA,"na Date is in uncalibrated radiocarbon years.","Xindi - charcoal db_SIEVED","counted","NaN-NaN",NA,NA,"",11570,11270,11870,11570,183.5,NA,"na Date is in uncalibrated radiocarbon years.",". Cal curve: NA. Source DB: IMPDv1","Lacustrine","Carbon-14","Radiocarbon",-52,18017,"Calibrated radiocarbon years BP","sedimentary charcoal","Data Sourcing: IMPDv1 #charcoal_recommendedformat","Sample Age Source: IMPDv1"
"1637",373,"charcoal | num",186.5,186.75,187,0.5,14150,14144,14156,"IMPDv1","Charcoal (sum)","(additional options)",NA,NA,"False","False","number","Macroscopic charcoal (sieved)","direct",NA,"CHAR",1,NA,NA,"quant_raw",5,"volume","cm^3","IMPDv1","IMPD_16657","charcoal","count","char","wet_sieve","particle","num","count","no_size","num","IMPDv1","measured",1,"IMPDv1",NA,"Xindi - charcoal db",67.111667,-159.491667,NA,"north",NA,NA,"sedlac",1637,0,NA,"Higuera,P.E.;Brubaker,L.B.;Anderson,P.M.;Hu,F.S.;Brown,T.A.;. Xindi - charcoal db. NOAA/WDS Paleoclimatology IMPD study 16657",NA,NA,NA,NA,NA,NA,NA,NA,NA,NA,NA,NA,NA,NA,"https://www.ncei.noaa.gov/access/paleo-search/study/16657",NA,NA,NA,NA,"noaa_study_id=16657; original pub in IMPD datafile header","IMPDv1:IMPD_16657",1637,"Hu,F.S.",1,"Hu","F.S.",NA,NA,NA,NA,NA,NA,NA,NA,NA,"IMPDv1:IMPD_16657",1637,"IMPDv1","IMPD_16657",NA,183.5,183.5,"cm",NA,"Radiocarbon","concentrated charcoal",11570,300,13456,NA,"CAMS 114333",TRUE,NA,"na Date is in uncalibrated radiocarbon years.","Xindi - charcoal db_SIEVED","counted","NaN-NaN",NA,NA,"",11570,11270,11870,11570,183.5,NA,"na Date is in uncalibrated radiocarbon years.",". Cal curve: NA. Source DB: IMPDv1","Lacustrine","Carbon-14","Radiocarbon",-52,18017,"Calibrated radiocarbon years BP","sedimentary charcoal","Data Sourcing: IMPDv1 #charcoal_recommendedformat","Sample Age Source: IMPDv1"
"1637",374,"charcoal | num",187,187.25,187.5,0.5,14162,14156,14168,"IMPDv1","Charcoal (sum)","(additional options)",NA,NA,"False","False","number","Macroscopic charcoal (sieved)","direct",NA,"CHAR",1,NA,NA,"quant_raw",5,"volume","cm^3","IMPDv1","IMPD_16657","charcoal","count","char","wet_sieve","particle","num","count","no_size","num","IMPDv1","measured",1,"IMPDv1",NA,"Xindi - charcoal db",67.111667,-159.491667,NA,"north",NA,NA,"sedlac",1637,0,NA,"Higuera,P.E.;Brubaker,L.B.;Anderson,P.M.;Hu,F.S.;Brown,T.A.;. Xindi - charcoal db. NOAA/WDS Paleoclimatology IMPD study 16657",NA,NA,NA,NA,NA,NA,NA,NA,NA,NA,NA,NA,NA,NA,"https://www.ncei.noaa.gov/access/paleo-search/study/16657",NA,NA,NA,NA,"noaa_study_id=16657; original pub in IMPD datafile header","IMPDv1:IMPD_16657",1637,"Hu,F.S.",1,"Hu","F.S.",NA,NA,NA,NA,NA,NA,NA,NA,NA,"IMPDv1:IMPD_16657",1637,"IMPDv1","IMPD_16657",NA,183.5,183.5,"cm",NA,"Radiocarbon","concentrated charcoal",11570,300,13456,NA,"CAMS 114333",TRUE,NA,"na Date is in uncalibrated radiocarbon years.","Xindi - charcoal db_SIEVED","counted","NaN-NaN",NA,NA,"",11570,11270,11870,11570,183.5,NA,"na Date is in uncalibrated radiocarbon years.",". Cal curve: NA. Source DB: IMPDv1","Lacustrine","Carbon-14","Radiocarbon",-52,18017,"Calibrated radiocarbon years BP","sedimentary charcoal","Data Sourcing: IMPDv1 #charcoal_recommendedformat","Sample Age Source: IMPDv1"
"1637",375,"charcoal | num",187.5,187.75,188,0.5,14173.5,14168,14179,"IMPDv1","Charcoal (sum)","(additional options)",NA,NA,"False","False","number","Macroscopic charcoal (sieved)","direct",NA,"CHAR",0,NA,NA,"quant_raw",5,"volume","cm^3","IMPDv1","IMPD_16657","charcoal","count","char","wet_sieve","particle","num","count","no_size","num","IMPDv1","measured",1,"IMPDv1",NA,"Xindi - charcoal db",67.111667,-159.491667,NA,"north",NA,NA,"sedlac",1637,0,NA,"Higuera,P.E.;Brubaker,L.B.;Anderson,P.M.;Hu,F.S.;Brown,T.A.;. Xindi - charcoal db. NOAA/WDS Paleoclimatology IMPD study 16657",NA,NA,NA,NA,NA,NA,NA,NA,NA,NA,NA,NA,NA,NA,"https://www.ncei.noaa.gov/access/paleo-search/study/16657",NA,NA,NA,NA,"noaa_study_id=16657; original pub in IMPD datafile header","IMPDv1:IMPD_16657",1637,"Hu,F.S.",1,"Hu","F.S.",NA,NA,NA,NA,NA,NA,NA,NA,NA,"IMPDv1:IMPD_16657",1637,"IMPDv1","IMPD_16657",NA,183.5,183.5,"cm",NA,"Radiocarbon","concentrated charcoal",11570,300,13456,NA,"CAMS 114333",TRUE,NA,"na Date is in uncalibrated radiocarbon years.","Xindi - charcoal db_SIEVED","counted","NaN-NaN",NA,NA,"",11570,11270,11870,11570,183.5,NA,"na Date is in uncalibrated radiocarbon years.",". Cal curve: NA. Source DB: IMPDv1","Lacustrine","Carbon-14","Radiocarbon",-52,18017,"Calibrated radiocarbon years BP","sedimentary charcoal","Data Sourcing: IMPDv1 #charcoal_recommendedformat","Sample Age Source: IMPDv1"
"1637",376,"charcoal | num",188,188.25,188.5,0.5,14185,14179,14191,"IMPDv1","Charcoal (sum)","(additional options)",NA,NA,"False","False","number","Macroscopic charcoal (sieved)","direct",NA,"CHAR",0,NA,NA,"quant_raw",5,"volume","cm^3","IMPDv1","IMPD_16657","charcoal","count","char","wet_sieve","particle","num","count","no_size","num","IMPDv1","measured",1,"IMPDv1",NA,"Xindi - charcoal db",67.111667,-159.491667,NA,"north",NA,NA,"sedlac",1637,0,NA,"Higuera,P.E.;Brubaker,L.B.;Anderson,P.M.;Hu,F.S.;Brown,T.A.;. Xindi - charcoal db. NOAA/WDS Paleoclimatology IMPD study 16657",NA,NA,NA,NA,NA,NA,NA,NA,NA,NA,NA,NA,NA,NA,"https://www.ncei.noaa.gov/access/paleo-search/study/16657",NA,NA,NA,NA,"noaa_study_id=16657; original pub in IMPD datafile header","IMPDv1:IMPD_16657",1637,"Hu,F.S.",1,"Hu","F.S.",NA,NA,NA,NA,NA,NA,NA,NA,NA,"IMPDv1:IMPD_16657",1637,"IMPDv1","IMPD_16657",NA,183.5,183.5,"cm",NA,"Radiocarbon","concentrated charcoal",11570,300,13456,NA,"CAMS 114333",TRUE,NA,"na Date is in uncalibrated radiocarbon years.","Xindi - charcoal db_SIEVED","counted","NaN-NaN",NA,NA,"",11570,11270,11870,11570,183.5,NA,"na Date is in uncalibrated radiocarbon years.",". Cal curve: NA. Source DB: IMPDv1","Lacustrine","Carbon-14","Radiocarbon",-52,18017,"Calibrated radiocarbon years BP","sedimentary charcoal","Data Sourcing: IMPDv1 #charcoal_recommendedformat","Sample Age Source: IMPDv1"
"1637",377,"charcoal | num",188.5,188.75,189,0.5,14197,14191,14203,"IMPDv1","Charcoal (sum)","(additional options)",NA,NA,"False","False","number","Macroscopic charcoal (sieved)","direct",NA,"CHAR",0,NA,NA,"quant_raw",5,"volume","cm^3","IMPDv1","IMPD_16657","charcoal","count","char","wet_sieve","particle","num","count","no_size","num","IMPDv1","measured",1,"IMPDv1",NA,"Xindi - charcoal db",67.111667,-159.491667,NA,"north",NA,NA,"sedlac",1637,0,NA,"Higuera,P.E.;Brubaker,L.B.;Anderson,P.M.;Hu,F.S.;Brown,T.A.;. Xindi - charcoal db. NOAA/WDS Paleoclimatology IMPD study 16657",NA,NA,NA,NA,NA,NA,NA,NA,NA,NA,NA,NA,NA,NA,"https://www.ncei.noaa.gov/access/paleo-search/study/16657",NA,NA,NA,NA,"noaa_study_id=16657; original pub in IMPD datafile header","IMPDv1:IMPD_16657",1637,"Hu,F.S.",1,"Hu","F.S.",NA,NA,NA,NA,NA,NA,NA,NA,NA,"IMPDv1:IMPD_16657",1637,"IMPDv1","IMPD_16657",NA,8.5,8.5,"cm",NA,"Radiocarbon","concentrated charcoal",405,40,534,NA,"CAMS 116841",TRUE,NA,"na Date is in uncalibrated radiocarbon years.","Xindi - charcoal db_SIEVED","counted","NaN-NaN",NA,NA,"",405,365,445,405,8.5,NA,"na Date is in uncalibrated radiocarbon years.",". Cal curve: NA. Source DB: IMPDv1","Lacustrine","Carbon-14","Radiocarbon",-52,18017,"Calibrated radiocarbon years BP","sedimentary charcoal","Data Sourcing: IMPDv1 #charcoal_recommendedformat","Sample Age Source: IMPDv1"
"1637",378,"charcoal | num",189,189.25,189.5,0.5,14209,14203,14215,"IMPDv1","Charcoal (sum)","(additional options)",NA,NA,"False","False","number","Macroscopic charcoal (sieved)","direct",NA,"CHAR",1,NA,NA,"quant_raw",5,"volume","cm^3","IMPDv1","IMPD_16657","charcoal","count","char","wet_sieve","particle","num","count","no_size","num","IMPDv1","measured",1,"IMPDv1",NA,"Xindi - charcoal db",67.111667,-159.491667,NA,"north",NA,NA,"sedlac",1637,0,NA,"Higuera,P.E.;Brubaker,L.B.;Anderson,P.M.;Hu,F.S.;Brown,T.A.;. Xindi - charcoal db. NOAA/WDS Paleoclimatology IMPD study 16657",NA,NA,NA,NA,NA,NA,NA,NA,NA,NA,NA,NA,NA,NA,"https://www.ncei.noaa.gov/access/paleo-search/study/16657",NA,NA,NA,NA,"noaa_study_id=16657; original pub in IMPD datafile header","IMPDv1:IMPD_16657",1637,"Hu,F.S.",1,"Hu","F.S.",NA,NA,NA,NA,NA,NA,NA,NA,NA,"IMPDv1:IMPD_16657",1637,"IMPDv1","IMPD_16657",NA,8.5,8.5,"cm",NA,"Radiocarbon","concentrated charcoal",405,40,534,NA,"CAMS 116841",TRUE,NA,"na Date is in uncalibrated radiocarbon years.","Xindi - charcoal db_SIEVED","counted","NaN-NaN",NA,NA,"",405,365,445,405,8.5,NA,"na Date is in uncalibrated radiocarbon years.",". Cal curve: NA. Source DB: IMPDv1","Lacustrine","Carbon-14","Radiocarbon",-52,18017,"Calibrated radiocarbon years BP","sedimentary charcoal","Data Sourcing: IMPDv1 #charcoal_recommendedformat","Sample Age Source: IMPDv1"
"1637",379,"charcoal | num",189.5,189.75,190,0.5,14221,14215,14227,"IMPDv1","Charcoal (sum)","(additional options)",NA,NA,"False","False","number","Macroscopic charcoal (sieved)","direct",NA,"CHAR",1,NA,NA,"quant_raw",5,"volume","cm^3","IMPDv1","IMPD_16657","charcoal","count","char","wet_sieve","particle","num","count","no_size","num","IMPDv1","measured",1,"IMPDv1",NA,"Xindi - charcoal db",67.111667,-159.491667,NA,"north",NA,NA,"sedlac",1637,0,NA,"Higuera,P.E.;Brubaker,L.B.;Anderson,P.M.;Hu,F.S.;Brown,T.A.;. Xindi - charcoal db. NOAA/WDS Paleoclimatology IMPD study 16657",NA,NA,NA,NA,NA,NA,NA,NA,NA,NA,NA,NA,NA,NA,"https://www.ncei.noaa.gov/access/paleo-search/study/16657",NA,NA,NA,NA,"noaa_study_id=16657; original pub in IMPD datafile header","IMPDv1:IMPD_16657",1637,"Hu,F.S.",1,"Hu","F.S.",NA,NA,NA,NA,NA,NA,NA,NA,NA,"IMPDv1:IMPD_16657",1637,"IMPDv1","IMPD_16657",NA,8.5,8.5,"cm",NA,"Radiocarbon","concentrated charcoal",405,40,534,NA,"CAMS 116841",TRUE,NA,"na Date is in uncalibrated radiocarbon years.","Xindi - charcoal db_SIEVED","counted","NaN-NaN",NA,NA,"",405,365,445,405,8.5,NA,"na Date is in uncalibrated radiocarbon years.",". Cal curve: NA. Source DB: IMPDv1","Lacustrine","Carbon-14","Radiocarbon",-52,18017,"Calibrated radiocarbon years BP","sedimentary charcoal","Data Sourcing: IMPDv1 #charcoal_recommendedformat","Sample Age Source: IMPDv1"
"1637",380,"charcoal | num",190,190.25,190.5,0.5,14232.5,14227,14238,"IMPDv1","Charcoal (sum)","(additional options)",NA,NA,"False","False","number","Macroscopic charcoal (sieved)","direct",NA,"CHAR",1,NA,NA,"quant_raw",5,"volume","cm^3","IMPDv1","IMPD_16657","charcoal","count","char","wet_sieve","particle","num","count","no_size","num","IMPDv1","measured",1,"IMPDv1",NA,"Xindi - charcoal db",67.111667,-159.491667,NA,"north",NA,NA,"sedlac",1637,0,NA,"Higuera,P.E.;Brubaker,L.B.;Anderson,P.M.;Hu,F.S.;Brown,T.A.;. Xindi - charcoal db. NOAA/WDS Paleoclimatology IMPD study 16657",NA,NA,NA,NA,NA,NA,NA,NA,NA,NA,NA,NA,NA,NA,"https://www.ncei.noaa.gov/access/paleo-search/study/16657",NA,NA,NA,NA,"noaa_study_id=16657; original pub in IMPD datafile header","IMPDv1:IMPD_16657",1637,"Hu,F.S.",1,"Hu","F.S.",NA,NA,NA,NA,NA,NA,NA,NA,NA,"IMPDv1:IMPD_16657",1637,"IMPDv1","IMPD_16657",NA,8.5,8.5,"cm",NA,"Radiocarbon","concentrated charcoal",405,40,534,NA,"CAMS 116841",TRUE,NA,"na Date is in uncalibrated radiocarbon years.","Xindi - charcoal db_SIEVED","counted","NaN-NaN",NA,NA,"",405,365,445,405,8.5,NA,"na Date is in uncalibrated radiocarbon years.",". Cal curve: NA. Source DB: IMPDv1","Lacustrine","Carbon-14","Radiocarbon",-52,18017,"Calibrated radiocarbon years BP","sedimentary charcoal","Data Sourcing: IMPDv1 #charcoal_recommendedformat","Sample Age Source: IMPDv1"
"1637",381,"charcoal | num",190.5,190.75,191,0.5,14244,14238,14250,"IMPDv1","Charcoal (sum)","(additional options)",NA,NA,"False","False","number","Macroscopic charcoal (sieved)","direct",NA,"CHAR",0,NA,NA,"quant_raw",5,"volume","cm^3","IMPDv1","IMPD_16657","charcoal","count","char","wet_sieve","particle","num","count","no_size","num","IMPDv1","measured",1,"IMPDv1",NA,"Xindi - charcoal db",67.111667,-159.491667,NA,"north",NA,NA,"sedlac",1637,0,NA,"Higuera,P.E.;Brubaker,L.B.;Anderson,P.M.;Hu,F.S.;Brown,T.A.;. Xindi - charcoal db. NOAA/WDS Paleoclimatology IMPD study 16657",NA,NA,NA,NA,NA,NA,NA,NA,NA,NA,NA,NA,NA,NA,"https://www.ncei.noaa.gov/access/paleo-search/study/16657",NA,NA,NA,NA,"noaa_study_id=16657; original pub in IMPD datafile header","IMPDv1:IMPD_16657",1637,"Hu,F.S.",1,"Hu","F.S.",NA,NA,NA,NA,NA,NA,NA,NA,NA,"IMPDv1:IMPD_16657",1637,"IMPDv1","IMPD_16657",NA,8.5,8.5,"cm",NA,"Radiocarbon","concentrated charcoal",405,40,534,NA,"CAMS 116841",TRUE,NA,"na Date is in uncalibrated radiocarbon years.","Xindi - charcoal db_SIEVED","counted","NaN-NaN",NA,NA,"",405,365,445,405,8.5,NA,"na Date is in uncalibrated radiocarbon years.",". Cal curve: NA. Source DB: IMPDv1","Lacustrine","Carbon-14","Radiocarbon",-52,18017,"Calibrated radiocarbon years BP","sedimentary charcoal","Data Sourcing: IMPDv1 #charcoal_recommendedformat","Sample Age Source: IMPDv1"
"1637",382,"charcoal | num",191,191.25,191.5,0.5,14256,14250,14262,"IMPDv1","Charcoal (sum)","(additional options)",NA,NA,"False","False","number","Macroscopic charcoal (sieved)","direct",NA,"CHAR",0,NA,NA,"quant_raw",5,"volume","cm^3","IMPDv1","IMPD_16657","charcoal","count","char","wet_sieve","particle","num","count","no_size","num","IMPDv1","measured",1,"IMPDv1",NA,"Xindi - charcoal db",67.111667,-159.491667,NA,"north",NA,NA,"sedlac",1637,0,NA,"Higuera,P.E.;Brubaker,L.B.;Anderson,P.M.;Hu,F.S.;Brown,T.A.;. Xindi - charcoal db. NOAA/WDS Paleoclimatology IMPD study 16657",NA,NA,NA,NA,NA,NA,NA,NA,NA,NA,NA,NA,NA,NA,"https://www.ncei.noaa.gov/access/paleo-search/study/16657",NA,NA,NA,NA,"noaa_study_id=16657; original pub in IMPD datafile header","IMPDv1:IMPD_16657",1637,"Hu,F.S.",1,"Hu","F.S.",NA,NA,NA,NA,NA,NA,NA,NA,NA,"IMPDv1:IMPD_16657",1637,"IMPDv1","IMPD_16657",NA,8.5,8.5,"cm",NA,"Radiocarbon","concentrated charcoal",405,40,534,NA,"CAMS 116841",TRUE,NA,"na Date is in uncalibrated radiocarbon years.","Xindi - charcoal db_SIEVED","counted","NaN-NaN",NA,NA,"",405,365,445,405,8.5,NA,"na Date is in uncalibrated radiocarbon years.",". Cal curve: NA. Source DB: IMPDv1","Lacustrine","Carbon-14","Radiocarbon",-52,18017,"Calibrated radiocarbon years BP","sedimentary charcoal","Data Sourcing: IMPDv1 #charcoal_recommendedformat","Sample Age Source: IMPDv1"
"1637",383,"charcoal | num",191.5,191.75,192,0.5,14268,14262,14274,"IMPDv1","Charcoal (sum)","(additional options)",NA,NA,"False","False","number","Macroscopic charcoal (sieved)","direct",NA,"CHAR",0,NA,NA,"quant_raw",5,"volume","cm^3","IMPDv1","IMPD_16657","charcoal","count","char","wet_sieve","particle","num","count","no_size","num","IMPDv1","measured",1,"IMPDv1",NA,"Xindi - charcoal db",67.111667,-159.491667,NA,"north",NA,NA,"sedlac",1637,0,NA,"Higuera,P.E.;Brubaker,L.B.;Anderson,P.M.;Hu,F.S.;Brown,T.A.;. Xindi - charcoal db. NOAA/WDS Paleoclimatology IMPD study 16657",NA,NA,NA,NA,NA,NA,NA,NA,NA,NA,NA,NA,NA,NA,"https://www.ncei.noaa.gov/access/paleo-search/study/16657",NA,NA,NA,NA,"noaa_study_id=16657; original pub in IMPD datafile header","IMPDv1:IMPD_16657",1637,"Hu,F.S.",1,"Hu","F.S.",NA,NA,NA,NA,NA,NA,NA,NA,NA,"IMPDv1:IMPD_16657",1637,"IMPDv1","IMPD_16657",NA,8.5,8.5,"cm",NA,"Radiocarbon","concentrated charcoal",405,40,534,NA,"CAMS 116841",TRUE,NA,"na Date is in uncalibrated radiocarbon years.","Xindi - charcoal db_SIEVED","counted","NaN-NaN",NA,NA,"",405,365,445,405,8.5,NA,"na Date is in uncalibrated radiocarbon years.",". Cal curve: NA. Source DB: IMPDv1","Lacustrine","Carbon-14","Radiocarbon",-52,18017,"Calibrated radiocarbon years BP","sedimentary charcoal","Data Sourcing: IMPDv1 #charcoal_recommendedformat","Sample Age Source: IMPDv1"
"1637",384,"charcoal | num",192,192.25,192.5,0.5,14280,14274,14286,"IMPDv1","Charcoal (sum)","(additional options)",NA,NA,"False","False","number","Macroscopic charcoal (sieved)","direct",NA,"CHAR",0,NA,NA,"quant_raw",5,"volume","cm^3","IMPDv1","IMPD_16657","charcoal","count","char","wet_sieve","particle","num","count","no_size","num","IMPDv1","measured",1,"IMPDv1",NA,"Xindi - charcoal db",67.111667,-159.491667,NA,"north",NA,NA,"sedlac",1637,0,NA,"Higuera,P.E.;Brubaker,L.B.;Anderson,P.M.;Hu,F.S.;Brown,T.A.;. Xindi - charcoal db. NOAA/WDS Paleoclimatology IMPD study 16657",NA,NA,NA,NA,NA,NA,NA,NA,NA,NA,NA,NA,NA,NA,"https://www.ncei.noaa.gov/access/paleo-search/study/16657",NA,NA,NA,NA,"noaa_study_id=16657; original pub in IMPD datafile header","IMPDv1:IMPD_16657",1637,"Hu,F.S.",1,"Hu","F.S.",NA,NA,NA,NA,NA,NA,NA,NA,NA,"IMPDv1:IMPD_16657",1637,"IMPDv1","IMPD_16657",NA,8.5,8.5,"cm",NA,"Radiocarbon","concentrated charcoal",405,40,534,NA,"CAMS 116841",TRUE,NA,"na Date is in uncalibrated radiocarbon years.","Xindi - charcoal db_SIEVED","counted","NaN-NaN",NA,NA,"",405,365,445,405,8.5,NA,"na Date is in uncalibrated radiocarbon years.",". Cal curve: NA. Source DB: IMPDv1","Lacustrine","Carbon-14","Radiocarbon",-52,18017,"Calibrated radiocarbon years BP","sedimentary charcoal","Data Sourcing: IMPDv1 #charcoal_recommendedformat","Sample Age Source: IMPDv1"
"1637",385,"charcoal | num",192.5,192.75,193,0.5,14292,14286,14298,"IMPDv1","Charcoal (sum)","(additional options)",NA,NA,"False","False","number","Macroscopic charcoal (sieved)","direct",NA,"CHAR",0,NA,NA,"quant_raw",5,"volume","cm^3","IMPDv1","IMPD_16657","charcoal","count","char","wet_sieve","particle","num","count","no_size","num","IMPDv1","measured",1,"IMPDv1",NA,"Xindi - charcoal db",67.111667,-159.491667,NA,"north",NA,NA,"sedlac",1637,0,NA,"Higuera,P.E.;Brubaker,L.B.;Anderson,P.M.;Hu,F.S.;Brown,T.A.;. Xindi - charcoal db. NOAA/WDS Paleoclimatology IMPD study 16657",NA,NA,NA,NA,NA,NA,NA,NA,NA,NA,NA,NA,NA,NA,"https://www.ncei.noaa.gov/access/paleo-search/study/16657",NA,NA,NA,NA,"noaa_study_id=16657; original pub in IMPD datafile header","IMPDv1:IMPD_16657",1637,"Hu,F.S.",1,"Hu","F.S.",NA,NA,NA,NA,NA,NA,NA,NA,NA,"IMPDv1:IMPD_16657",1637,"IMPDv1","IMPD_16657",NA,8.5,8.5,"cm",NA,"Radiocarbon","concentrated charcoal",405,40,534,NA,"CAMS 116841",TRUE,NA,"na Date is in uncalibrated radiocarbon years.","Xindi - charcoal db_SIEVED","counted","NaN-NaN",NA,NA,"",405,365,445,405,8.5,NA,"na Date is in uncalibrated radiocarbon years.",". Cal curve: NA. Source DB: IMPDv1","Lacustrine","Carbon-14","Radiocarbon",-52,18017,"Calibrated radiocarbon years BP","sedimentary charcoal","Data Sourcing: IMPDv1 #charcoal_recommendedformat","Sample Age Source: IMPDv1"
"1637",386,"charcoal | num",193,193.25,193.5,0.5,14304,14298,14310,"IMPDv1","Charcoal (sum)","(additional options)",NA,NA,"False","False","number","Macroscopic charcoal (sieved)","direct",NA,"CHAR",0,NA,NA,"quant_raw",5,"volume","cm^3","IMPDv1","IMPD_16657","charcoal","count","char","wet_sieve","particle","num","count","no_size","num","IMPDv1","measured",1,"IMPDv1",NA,"Xindi - charcoal db",67.111667,-159.491667,NA,"north",NA,NA,"sedlac",1637,0,NA,"Higuera,P.E.;Brubaker,L.B.;Anderson,P.M.;Hu,F.S.;Brown,T.A.;. Xindi - charcoal db. NOAA/WDS Paleoclimatology IMPD study 16657",NA,NA,NA,NA,NA,NA,NA,NA,NA,NA,NA,NA,NA,NA,"https://www.ncei.noaa.gov/access/paleo-search/study/16657",NA,NA,NA,NA,"noaa_study_id=16657; original pub in IMPD datafile header","IMPDv1:IMPD_16657",1637,"Hu,F.S.",1,"Hu","F.S.",NA,NA,NA,NA,NA,NA,NA,NA,NA,"IMPDv1:IMPD_16657",1637,"IMPDv1","IMPD_16657",NA,8.5,8.5,"cm",NA,"Radiocarbon","concentrated charcoal",405,40,534,NA,"CAMS 116841",TRUE,NA,"na Date is in uncalibrated radiocarbon years.","Xindi - charcoal db_SIEVED","counted","NaN-NaN",NA,NA,"",405,365,445,405,8.5,NA,"na Date is in uncalibrated radiocarbon years.",". Cal curve: NA. Source DB: IMPDv1","Lacustrine","Carbon-14","Radiocarbon",-52,18017,"Calibrated radiocarbon years BP","sedimentary charcoal","Data Sourcing: IMPDv1 #charcoal_recommendedformat","Sample Age Source: IMPDv1"
"1637",387,"charcoal | num",193.5,193.75,194,0.5,14316,14310,14322,"IMPDv1","Charcoal (sum)","(additional options)",NA,NA,"False","False","number","Macroscopic charcoal (sieved)","direct",NA,"CHAR",0,NA,NA,"quant_raw",5,"volume","cm^3","IMPDv1","IMPD_16657","charcoal","count","char","wet_sieve","particle","num","count","no_size","num","IMPDv1","measured",1,"IMPDv1",NA,"Xindi - charcoal db",67.111667,-159.491667,NA,"north",NA,NA,"sedlac",1637,0,NA,"Higuera,P.E.;Brubaker,L.B.;Anderson,P.M.;Hu,F.S.;Brown,T.A.;. Xindi - charcoal db. NOAA/WDS Paleoclimatology IMPD study 16657",NA,NA,NA,NA,NA,NA,NA,NA,NA,NA,NA,NA,NA,NA,"https://www.ncei.noaa.gov/access/paleo-search/study/16657",NA,NA,NA,NA,"noaa_study_id=16657; original pub in IMPD datafile header","IMPDv1:IMPD_16657",1637,"Hu,F.S.",1,"Hu","F.S.",NA,NA,NA,NA,NA,NA,NA,NA,NA,"IMPDv1:IMPD_16657",1637,"IMPDv1","IMPD_16657",NA,8.5,8.5,"cm",NA,"Radiocarbon","concentrated charcoal",405,40,534,NA,"CAMS 116841",TRUE,NA,"na Date is in uncalibrated radiocarbon years.","Xindi - charcoal db_SIEVED","counted","NaN-NaN",NA,NA,"",405,365,445,405,8.5,NA,"na Date is in uncalibrated radiocarbon years.",". Cal curve: NA. Source DB: IMPDv1","Lacustrine","Carbon-14","Radiocarbon",-52,18017,"Calibrated radiocarbon years BP","sedimentary charcoal","Data Sourcing: IMPDv1 #charcoal_recommendedformat","Sample Age Source: IMPDv1"
"1637",388,"charcoal | num",194,194.25,194.5,0.5,14327.5,14322,14333,"IMPDv1","Charcoal (sum)","(additional options)",NA,NA,"False","False","number","Macroscopic charcoal (sieved)","direct",NA,"CHAR",2,NA,NA,"quant_raw",5,"volume","cm^3","IMPDv1","IMPD_16657","charcoal","count","char","wet_sieve","particle","num","count","no_size","num","IMPDv1","measured",1,"IMPDv1",NA,"Xindi - charcoal db",67.111667,-159.491667,NA,"north",NA,NA,"sedlac",1637,0,NA,"Higuera,P.E.;Brubaker,L.B.;Anderson,P.M.;Hu,F.S.;Brown,T.A.;. Xindi - charcoal db. NOAA/WDS Paleoclimatology IMPD study 16657",NA,NA,NA,NA,NA,NA,NA,NA,NA,NA,NA,NA,NA,NA,"https://www.ncei.noaa.gov/access/paleo-search/study/16657",NA,NA,NA,NA,"noaa_study_id=16657; original pub in IMPD datafile header","IMPDv1:IMPD_16657",1637,"Hu,F.S.",1,"Hu","F.S.",NA,NA,NA,NA,NA,NA,NA,NA,NA,"IMPDv1:IMPD_16657",1637,"IMPDv1","IMPD_16657",NA,8.5,8.5,"cm",NA,"Radiocarbon","concentrated charcoal",405,40,534,NA,"CAMS 116841",TRUE,NA,"na Date is in uncalibrated radiocarbon years.","Xindi - charcoal db_SIEVED","counted","NaN-NaN",NA,NA,"",405,365,445,405,8.5,NA,"na Date is in uncalibrated radiocarbon years.",". Cal curve: NA. Source DB: IMPDv1","Lacustrine","Carbon-14","Radiocarbon",-52,18017,"Calibrated radiocarbon years BP","sedimentary charcoal","Data Sourcing: IMPDv1 #charcoal_recommendedformat","Sample Age Source: IMPDv1"
"1637",389,"charcoal | num",194.5,194.75,195,0.5,14339,14333,14345,"IMPDv1","Charcoal (sum)","(additional options)",NA,NA,"False","False","number","Macroscopic charcoal (sieved)","direct",NA,"CHAR",0,NA,NA,"quant_raw",5,"volume","cm^3","IMPDv1","IMPD_16657","charcoal","count","char","wet_sieve","particle","num","count","no_size","num","IMPDv1","measured",1,"IMPDv1",NA,"Xindi - charcoal db",67.111667,-159.491667,NA,"north",NA,NA,"sedlac",1637,0,NA,"Higuera,P.E.;Brubaker,L.B.;Anderson,P.M.;Hu,F.S.;Brown,T.A.;. Xindi - charcoal db. NOAA/WDS Paleoclimatology IMPD study 16657",NA,NA,NA,NA,NA,NA,NA,NA,NA,NA,NA,NA,NA,NA,"https://www.ncei.noaa.gov/access/paleo-search/study/16657",NA,NA,NA,NA,"noaa_study_id=16657; original pub in IMPD datafile header","IMPDv1:IMPD_16657",1637,"Hu,F.S.",1,"Hu","F.S.",NA,NA,NA,NA,NA,NA,NA,NA,NA,"IMPDv1:IMPD_16657",1637,"IMPDv1","IMPD_16657",NA,8.5,8.5,"cm",NA,"Radiocarbon","concentrated charcoal",405,40,534,NA,"CAMS 116841",TRUE,NA,"na Date is in uncalibrated radiocarbon years.","Xindi - charcoal db_SIEVED","counted","NaN-NaN",NA,NA,"",405,365,445,405,8.5,NA,"na Date is in uncalibrated radiocarbon years.",". Cal curve: NA. Source DB: IMPDv1","Lacustrine","Carbon-14","Radiocarbon",-52,18017,"Calibrated radiocarbon years BP","sedimentary charcoal","Data Sourcing: IMPDv1 #charcoal_recommendedformat","Sample Age Source: IMPDv1"
"1637",390,"charcoal | num",195,195.25,195.5,0.5,14351,14345,14357,"IMPDv1","Charcoal (sum)","(additional options)",NA,NA,"False","False","number","Macroscopic charcoal (sieved)","direct",NA,"CHAR",0,NA,NA,"quant_raw",5,"volume","cm^3","IMPDv1","IMPD_16657","charcoal","count","char","wet_sieve","particle","num","count","no_size","num","IMPDv1","measured",1,"IMPDv1",NA,"Xindi - charcoal db",67.111667,-159.491667,NA,"north",NA,NA,"sedlac",1637,0,NA,"Higuera,P.E.;Brubaker,L.B.;Anderson,P.M.;Hu,F.S.;Brown,T.A.;. Xindi - charcoal db. NOAA/WDS Paleoclimatology IMPD study 16657",NA,NA,NA,NA,NA,NA,NA,NA,NA,NA,NA,NA,NA,NA,"https://www.ncei.noaa.gov/access/paleo-search/study/16657",NA,NA,NA,NA,"noaa_study_id=16657; original pub in IMPD datafile header","IMPDv1:IMPD_16657",1637,"Hu,F.S.",1,"Hu","F.S.",NA,NA,NA,NA,NA,NA,NA,NA,NA,"IMPDv1:IMPD_16657",1637,"IMPDv1","IMPD_16657",NA,31,31,"cm",NA,"Radiocarbon","concentrated charcoal",1295,35,1235,NA,"CAMS 114723",TRUE,NA,"na Date is in uncalibrated radiocarbon years.","Xindi - charcoal db_SIEVED","counted","NaN-NaN",NA,NA,"",1295,1260,1330,1295,31,NA,"na Date is in uncalibrated radiocarbon years.",". Cal curve: NA. Source DB: IMPDv1","Lacustrine","Carbon-14","Radiocarbon",-52,18017,"Calibrated radiocarbon years BP","sedimentary charcoal","Data Sourcing: IMPDv1 #charcoal_recommendedformat","Sample Age Source: IMPDv1"
"1637",391,"charcoal | num",195.5,195.75,196,0.5,14363,14357,14369,"IMPDv1","Charcoal (sum)","(additional options)",NA,NA,"False","False","number","Macroscopic charcoal (sieved)","direct",NA,"CHAR",2,NA,NA,"quant_raw",5,"volume","cm^3","IMPDv1","IMPD_16657","charcoal","count","char","wet_sieve","particle","num","count","no_size","num","IMPDv1","measured",1,"IMPDv1",NA,"Xindi - charcoal db",67.111667,-159.491667,NA,"north",NA,NA,"sedlac",1637,0,NA,"Higuera,P.E.;Brubaker,L.B.;Anderson,P.M.;Hu,F.S.;Brown,T.A.;. Xindi - charcoal db. NOAA/WDS Paleoclimatology IMPD study 16657",NA,NA,NA,NA,NA,NA,NA,NA,NA,NA,NA,NA,NA,NA,"https://www.ncei.noaa.gov/access/paleo-search/study/16657",NA,NA,NA,NA,"noaa_study_id=16657; original pub in IMPD datafile header","IMPDv1:IMPD_16657",1637,"Hu,F.S.",1,"Hu","F.S.",NA,NA,NA,NA,NA,NA,NA,NA,NA,"IMPDv1:IMPD_16657",1637,"IMPDv1","IMPD_16657",NA,31,31,"cm",NA,"Radiocarbon","concentrated charcoal",1295,35,1235,NA,"CAMS 114723",TRUE,NA,"na Date is in uncalibrated radiocarbon years.","Xindi - charcoal db_SIEVED","counted","NaN-NaN",NA,NA,"",1295,1260,1330,1295,31,NA,"na Date is in uncalibrated radiocarbon years.",". Cal curve: NA. Source DB: IMPDv1","Lacustrine","Carbon-14","Radiocarbon",-52,18017,"Calibrated radiocarbon years BP","sedimentary charcoal","Data Sourcing: IMPDv1 #charcoal_recommendedformat","Sample Age Source: IMPDv1"
"1637",392,"charcoal | num",196,196.25,196.5,0.5,14375,14369,14381,"IMPDv1","Charcoal (sum)","(additional options)",NA,NA,"False","False","number","Macroscopic charcoal (sieved)","direct",NA,"CHAR",0,NA,NA,"quant_raw",5,"volume","cm^3","IMPDv1","IMPD_16657","charcoal","count","char","wet_sieve","particle","num","count","no_size","num","IMPDv1","measured",1,"IMPDv1",NA,"Xindi - charcoal db",67.111667,-159.491667,NA,"north",NA,NA,"sedlac",1637,0,NA,"Higuera,P.E.;Brubaker,L.B.;Anderson,P.M.;Hu,F.S.;Brown,T.A.;. Xindi - charcoal db. NOAA/WDS Paleoclimatology IMPD study 16657",NA,NA,NA,NA,NA,NA,NA,NA,NA,NA,NA,NA,NA,NA,"https://www.ncei.noaa.gov/access/paleo-search/study/16657",NA,NA,NA,NA,"noaa_study_id=16657; original pub in IMPD datafile header","IMPDv1:IMPD_16657",1637,"Hu,F.S.",1,"Hu","F.S.",NA,NA,NA,NA,NA,NA,NA,NA,NA,"IMPDv1:IMPD_16657",1637,"IMPDv1","IMPD_16657",NA,31,31,"cm",NA,"Radiocarbon","concentrated charcoal",1295,35,1235,NA,"CAMS 114723",TRUE,NA,"na Date is in uncalibrated radiocarbon years.","Xindi - charcoal db_SIEVED","counted","NaN-NaN",NA,NA,"",1295,1260,1330,1295,31,NA,"na Date is in uncalibrated radiocarbon years.",". Cal curve: NA. Source DB: IMPDv1","Lacustrine","Carbon-14","Radiocarbon",-52,18017,"Calibrated radiocarbon years BP","sedimentary charcoal","Data Sourcing: IMPDv1 #charcoal_recommendedformat","Sample Age Source: IMPDv1"
"1637",393,"charcoal | num",196.5,196.75,197,0.5,14387,14381,14393,"IMPDv1","Charcoal (sum)","(additional options)",NA,NA,"False","False","number","Macroscopic charcoal (sieved)","direct",NA,"CHAR",0,NA,NA,"quant_raw",5,"volume","cm^3","IMPDv1","IMPD_16657","charcoal","count","char","wet_sieve","particle","num","count","no_size","num","IMPDv1","measured",1,"IMPDv1",NA,"Xindi - charcoal db",67.111667,-159.491667,NA,"north",NA,NA,"sedlac",1637,0,NA,"Higuera,P.E.;Brubaker,L.B.;Anderson,P.M.;Hu,F.S.;Brown,T.A.;. Xindi - charcoal db. NOAA/WDS Paleoclimatology IMPD study 16657",NA,NA,NA,NA,NA,NA,NA,NA,NA,NA,NA,NA,NA,NA,"https://www.ncei.noaa.gov/access/paleo-search/study/16657",NA,NA,NA,NA,"noaa_study_id=16657; original pub in IMPD datafile header","IMPDv1:IMPD_16657",1637,"Hu,F.S.",1,"Hu","F.S.",NA,NA,NA,NA,NA,NA,NA,NA,NA,"IMPDv1:IMPD_16657",1637,"IMPDv1","IMPD_16657",NA,31,31,"cm",NA,"Radiocarbon","concentrated charcoal",1295,35,1235,NA,"CAMS 114723",TRUE,NA,"na Date is in uncalibrated radiocarbon years.","Xindi - charcoal db_SIEVED","counted","NaN-NaN",NA,NA,"",1295,1260,1330,1295,31,NA,"na Date is in uncalibrated radiocarbon years.",". Cal curve: NA. Source DB: IMPDv1","Lacustrine","Carbon-14","Radiocarbon",-52,18017,"Calibrated radiocarbon years BP","sedimentary charcoal","Data Sourcing: IMPDv1 #charcoal_recommendedformat","Sample Age Source: IMPDv1"
"1637",394,"charcoal | num",197,197.25,197.5,0.5,14399.5,14393,14406,"IMPDv1","Charcoal (sum)","(additional options)",NA,NA,"False","False","number","Macroscopic charcoal (sieved)","direct",NA,"CHAR",2,NA,NA,"quant_raw",5,"volume","cm^3","IMPDv1","IMPD_16657","charcoal","count","char","wet_sieve","particle","num","count","no_size","num","IMPDv1","measured",1,"IMPDv1",NA,"Xindi - charcoal db",67.111667,-159.491667,NA,"north",NA,NA,"sedlac",1637,0,NA,"Higuera,P.E.;Brubaker,L.B.;Anderson,P.M.;Hu,F.S.;Brown,T.A.;. Xindi - charcoal db. NOAA/WDS Paleoclimatology IMPD study 16657",NA,NA,NA,NA,NA,NA,NA,NA,NA,NA,NA,NA,NA,NA,"https://www.ncei.noaa.gov/access/paleo-search/study/16657",NA,NA,NA,NA,"noaa_study_id=16657; original pub in IMPD datafile header","IMPDv1:IMPD_16657",1637,"Hu,F.S.",1,"Hu","F.S.",NA,NA,NA,NA,NA,NA,NA,NA,NA,"IMPDv1:IMPD_16657",1637,"IMPDv1","IMPD_16657",NA,31,31,"cm",NA,"Radiocarbon","concentrated charcoal",1295,35,1235,NA,"CAMS 114723",TRUE,NA,"na Date is in uncalibrated radiocarbon years.","Xindi - charcoal db_SIEVED","counted","NaN-NaN",NA,NA,"",1295,1260,1330,1295,31,NA,"na Date is in uncalibrated radiocarbon years.",". Cal curve: NA. Source DB: IMPDv1","Lacustrine","Carbon-14","Radiocarbon",-52,18017,"Calibrated radiocarbon years BP","sedimentary charcoal","Data Sourcing: IMPDv1 #charcoal_recommendedformat","Sample Age Source: IMPDv1"
"1637",395,"charcoal | num",197.5,197.75,198,0.5,14412,14406,14418,"IMPDv1","Charcoal (sum)","(additional options)",NA,NA,"False","False","number","Macroscopic charcoal (sieved)","direct",NA,"CHAR",0,NA,NA,"quant_raw",5,"volume","cm^3","IMPDv1","IMPD_16657","charcoal","count","char","wet_sieve","particle","num","count","no_size","num","IMPDv1","measured",1,"IMPDv1",NA,"Xindi - charcoal db",67.111667,-159.491667,NA,"north",NA,NA,"sedlac",1637,0,NA,"Higuera,P.E.;Brubaker,L.B.;Anderson,P.M.;Hu,F.S.;Brown,T.A.;. Xindi - charcoal db. NOAA/WDS Paleoclimatology IMPD study 16657",NA,NA,NA,NA,NA,NA,NA,NA,NA,NA,NA,NA,NA,NA,"https://www.ncei.noaa.gov/access/paleo-search/study/16657",NA,NA,NA,NA,"noaa_study_id=16657; original pub in IMPD datafile header","IMPDv1:IMPD_16657",1637,"Hu,F.S.",1,"Hu","F.S.",NA,NA,NA,NA,NA,NA,NA,NA,NA,"IMPDv1:IMPD_16657",1637,"IMPDv1","IMPD_16657",NA,31,31,"cm",NA,"Radiocarbon","concentrated charcoal",1295,35,1235,NA,"CAMS 114723",TRUE,NA,"na Date is in uncalibrated radiocarbon years.","Xindi - charcoal db_SIEVED","counted","NaN-NaN",NA,NA,"",1295,1260,1330,1295,31,NA,"na Date is in uncalibrated radiocarbon years.",". Cal curve: NA. Source DB: IMPDv1","Lacustrine","Carbon-14","Radiocarbon",-52,18017,"Calibrated radiocarbon years BP","sedimentary charcoal","Data Sourcing: IMPDv1 #charcoal_recommendedformat","Sample Age Source: IMPDv1"
"1637",396,"charcoal | num",198,198.25,198.5,0.5,14424,14418,14430,"IMPDv1","Charcoal (sum)","(additional options)",NA,NA,"False","False","number","Macroscopic charcoal (sieved)","direct",NA,"CHAR",0,NA,NA,"quant_raw",5,"volume","cm^3","IMPDv1","IMPD_16657","charcoal","count","char","wet_sieve","particle","num","count","no_size","num","IMPDv1","measured",1,"IMPDv1",NA,"Xindi - charcoal db",67.111667,-159.491667,NA,"north",NA,NA,"sedlac",1637,0,NA,"Higuera,P.E.;Brubaker,L.B.;Anderson,P.M.;Hu,F.S.;Brown,T.A.;. Xindi - charcoal db. NOAA/WDS Paleoclimatology IMPD study 16657",NA,NA,NA,NA,NA,NA,NA,NA,NA,NA,NA,NA,NA,NA,"https://www.ncei.noaa.gov/access/paleo-search/study/16657",NA,NA,NA,NA,"noaa_study_id=16657; original pub in IMPD datafile header","IMPDv1:IMPD_16657",1637,"Hu,F.S.",1,"Hu","F.S.",NA,NA,NA,NA,NA,NA,NA,NA,NA,"IMPDv1:IMPD_16657",1637,"IMPDv1","IMPD_16657",NA,31,31,"cm",NA,"Radiocarbon","concentrated charcoal",1295,35,1235,NA,"CAMS 114723",TRUE,NA,"na Date is in uncalibrated radiocarbon years.","Xindi - charcoal db_SIEVED","counted","NaN-NaN",NA,NA,"",1295,1260,1330,1295,31,NA,"na Date is in uncalibrated radiocarbon years.",". Cal curve: NA. Source DB: IMPDv1","Lacustrine","Carbon-14","Radiocarbon",-52,18017,"Calibrated radiocarbon years BP","sedimentary charcoal","Data Sourcing: IMPDv1 #charcoal_recommendedformat","Sample Age Source: IMPDv1"
"1637",397,"charcoal | num",198.5,198.75,199,0.5,14436,14430,14442,"IMPDv1","Charcoal (sum)","(additional options)",NA,NA,"False","False","number","Macroscopic charcoal (sieved)","direct",NA,"CHAR",2,NA,NA,"quant_raw",5,"volume","cm^3","IMPDv1","IMPD_16657","charcoal","count","char","wet_sieve","particle","num","count","no_size","num","IMPDv1","measured",1,"IMPDv1",NA,"Xindi - charcoal db",67.111667,-159.491667,NA,"north",NA,NA,"sedlac",1637,0,NA,"Higuera,P.E.;Brubaker,L.B.;Anderson,P.M.;Hu,F.S.;Brown,T.A.;. Xindi - charcoal db. NOAA/WDS Paleoclimatology IMPD study 16657",NA,NA,NA,NA,NA,NA,NA,NA,NA,NA,NA,NA,NA,NA,"https://www.ncei.noaa.gov/access/paleo-search/study/16657",NA,NA,NA,NA,"noaa_study_id=16657; original pub in IMPD datafile header","IMPDv1:IMPD_16657",1637,"Hu,F.S.",1,"Hu","F.S.",NA,NA,NA,NA,NA,NA,NA,NA,NA,"IMPDv1:IMPD_16657",1637,"IMPDv1","IMPD_16657",NA,31,31,"cm",NA,"Radiocarbon","concentrated charcoal",1295,35,1235,NA,"CAMS 114723",TRUE,NA,"na Date is in uncalibrated radiocarbon years.","Xindi - charcoal db_SIEVED","counted","NaN-NaN",NA,NA,"",1295,1260,1330,1295,31,NA,"na Date is in uncalibrated radiocarbon years.",". Cal curve: NA. Source DB: IMPDv1","Lacustrine","Carbon-14","Radiocarbon",-52,18017,"Calibrated radiocarbon years BP","sedimentary charcoal","Data Sourcing: IMPDv1 #charcoal_recommendedformat","Sample Age Source: IMPDv1"
"1637",398,"charcoal | num",199,199.25,199.5,0.5,14448,14442,14454,"IMPDv1","Charcoal (sum)","(additional options)",NA,NA,"False","False","number","Macroscopic charcoal (sieved)","direct",NA,"CHAR",2,NA,NA,"quant_raw",5,"volume","cm^3","IMPDv1","IMPD_16657","charcoal","count","char","wet_sieve","particle","num","count","no_size","num","IMPDv1","measured",1,"IMPDv1",NA,"Xindi - charcoal db",67.111667,-159.491667,NA,"north",NA,NA,"sedlac",1637,0,NA,"Higuera,P.E.;Brubaker,L.B.;Anderson,P.M.;Hu,F.S.;Brown,T.A.;. Xindi - charcoal db. NOAA/WDS Paleoclimatology IMPD study 16657",NA,NA,NA,NA,NA,NA,NA,NA,NA,NA,NA,NA,NA,NA,"https://www.ncei.noaa.gov/access/paleo-search/study/16657",NA,NA,NA,NA,"noaa_study_id=16657; original pub in IMPD datafile header","IMPDv1:IMPD_16657",1637,"Hu,F.S.",1,"Hu","F.S.",NA,NA,NA,NA,NA,NA,NA,NA,NA,"IMPDv1:IMPD_16657",1637,"IMPDv1","IMPD_16657",NA,31,31,"cm",NA,"Radiocarbon","concentrated charcoal",1295,35,1235,NA,"CAMS 114723",TRUE,NA,"na Date is in uncalibrated radiocarbon years.","Xindi - charcoal db_SIEVED","counted","NaN-NaN",NA,NA,"",1295,1260,1330,1295,31,NA,"na Date is in uncalibrated radiocarbon years.",". Cal curve: NA. Source DB: IMPDv1","Lacustrine","Carbon-14","Radiocarbon",-52,18017,"Calibrated radiocarbon years BP","sedimentary charcoal","Data Sourcing: IMPDv1 #charcoal_recommendedformat","Sample Age Source: IMPDv1"
"1637",399,"charcoal | num",199.5,199.75,200,0.5,14460,14454,14466,"IMPDv1","Charcoal (sum)","(additional options)",NA,NA,"False","False","number","Macroscopic charcoal (sieved)","direct",NA,"CHAR",0,NA,NA,"quant_raw",5,"volume","cm^3","IMPDv1","IMPD_16657","charcoal","count","char","wet_sieve","particle","num","count","no_size","num","IMPDv1","measured",1,"IMPDv1",NA,"Xindi - charcoal db",67.111667,-159.491667,NA,"north",NA,NA,"sedlac",1637,0,NA,"Higuera,P.E.;Brubaker,L.B.;Anderson,P.M.;Hu,F.S.;Brown,T.A.;. Xindi - charcoal db. NOAA/WDS Paleoclimatology IMPD study 16657",NA,NA,NA,NA,NA,NA,NA,NA,NA,NA,NA,NA,NA,NA,"https://www.ncei.noaa.gov/access/paleo-search/study/16657",NA,NA,NA,NA,"noaa_study_id=16657; original pub in IMPD datafile header","IMPDv1:IMPD_16657",1637,"Hu,F.S.",1,"Hu","F.S.",NA,NA,NA,NA,NA,NA,NA,NA,NA,"IMPDv1:IMPD_16657",1637,"IMPDv1","IMPD_16657",NA,31,31,"cm",NA,"Radiocarbon","concentrated charcoal",1295,35,1235,NA,"CAMS 114723",TRUE,NA,"na Date is in uncalibrated radiocarbon years.","Xindi - charcoal db_SIEVED","counted","NaN-NaN",NA,NA,"",1295,1260,1330,1295,31,NA,"na Date is in uncalibrated radiocarbon years.",". Cal curve: NA. Source DB: IMPDv1","Lacustrine","Carbon-14","Radiocarbon",-52,18017,"Calibrated radiocarbon years BP","sedimentary charcoal","Data Sourcing: IMPDv1 #charcoal_recommendedformat","Sample Age Source: IMPDv1"
"1637",400,"charcoal | num",200,200.25,200.5,0.5,14472,14466,14478,"IMPDv1","Charcoal (sum)","(additional options)",NA,NA,"False","False","number","Macroscopic charcoal (sieved)","direct",NA,"CHAR",0,NA,NA,"quant_raw",5,"volume","cm^3","IMPDv1","IMPD_16657","charcoal","count","char","wet_sieve","particle","num","count","no_size","num","IMPDv1","measured",1,"IMPDv1",NA,"Xindi - charcoal db",67.111667,-159.491667,NA,"north",NA,NA,"sedlac",1637,0,NA,"Higuera,P.E.;Brubaker,L.B.;Anderson,P.M.;Hu,F.S.;Brown,T.A.;. Xindi - charcoal db. NOAA/WDS Paleoclimatology IMPD study 16657",NA,NA,NA,NA,NA,NA,NA,NA,NA,NA,NA,NA,NA,NA,"https://www.ncei.noaa.gov/access/paleo-search/study/16657",NA,NA,NA,NA,"noaa_study_id=16657; original pub in IMPD datafile header","IMPDv1:IMPD_16657",1637,"Hu,F.S.",1,"Hu","F.S.",NA,NA,NA,NA,NA,NA,NA,NA,NA,"IMPDv1:IMPD_16657",1637,"IMPDv1","IMPD_16657",NA,31,31,"cm",NA,"Radiocarbon","concentrated charcoal",1295,35,1235,NA,"CAMS 114723",TRUE,NA,"na Date is in uncalibrated radiocarbon years.","Xindi - charcoal db_SIEVED","counted","NaN-NaN",NA,NA,"",1295,1260,1330,1295,31,NA,"na Date is in uncalibrated radiocarbon years.",". Cal curve: NA. Source DB: IMPDv1","Lacustrine","Carbon-14","Radiocarbon",-52,18017,"Calibrated radiocarbon years BP","sedimentary charcoal","Data Sourcing: IMPDv1 #charcoal_recommendedformat","Sample Age Source: IMPDv1"
"1637",401,"charcoal | num",200.5,200.75,201,0.5,14484.5,14478,14491,"IMPDv1","Charcoal (sum)","(additional options)",NA,NA,"False","False","number","Macroscopic charcoal (sieved)","direct",NA,"CHAR",2,NA,NA,"quant_raw",5,"volume","cm^3","IMPDv1","IMPD_16657","charcoal","count","char","wet_sieve","particle","num","count","no_size","num","IMPDv1","measured",1,"IMPDv1",NA,"Xindi - charcoal db",67.111667,-159.491667,NA,"north",NA,NA,"sedlac",1637,0,NA,"Higuera,P.E.;Brubaker,L.B.;Anderson,P.M.;Hu,F.S.;Brown,T.A.;. Xindi - charcoal db. NOAA/WDS Paleoclimatology IMPD study 16657",NA,NA,NA,NA,NA,NA,NA,NA,NA,NA,NA,NA,NA,NA,"https://www.ncei.noaa.gov/access/paleo-search/study/16657",NA,NA,NA,NA,"noaa_study_id=16657; original pub in IMPD datafile header","IMPDv1:IMPD_16657",1637,"Hu,F.S.",1,"Hu","F.S.",NA,NA,NA,NA,NA,NA,NA,NA,NA,"IMPDv1:IMPD_16657",1637,"IMPDv1","IMPD_16657",NA,31,31,"cm",NA,"Radiocarbon","concentrated charcoal",1295,35,1235,NA,"CAMS 114723",TRUE,NA,"na Date is in uncalibrated radiocarbon years.","Xindi - charcoal db_SIEVED","counted","NaN-NaN",NA,NA,"",1295,1260,1330,1295,31,NA,"na Date is in uncalibrated radiocarbon years.",". Cal curve: NA. Source DB: IMPDv1","Lacustrine","Carbon-14","Radiocarbon",-52,18017,"Calibrated radiocarbon years BP","sedimentary charcoal","Data Sourcing: IMPDv1 #charcoal_recommendedformat","Sample Age Source: IMPDv1"
"1637",402,"charcoal | num",201,201.25,201.5,0.5,14497,14491,14503,"IMPDv1","Charcoal (sum)","(additional options)",NA,NA,"False","False","number","Macroscopic charcoal (sieved)","direct",NA,"CHAR",0,NA,NA,"quant_raw",5,"volume","cm^3","IMPDv1","IMPD_16657","charcoal","count","char","wet_sieve","particle","num","count","no_size","num","IMPDv1","measured",1,"IMPDv1",NA,"Xindi - charcoal db",67.111667,-159.491667,NA,"north",NA,NA,"sedlac",1637,0,NA,"Higuera,P.E.;Brubaker,L.B.;Anderson,P.M.;Hu,F.S.;Brown,T.A.;. Xindi - charcoal db. NOAA/WDS Paleoclimatology IMPD study 16657",NA,NA,NA,NA,NA,NA,NA,NA,NA,NA,NA,NA,NA,NA,"https://www.ncei.noaa.gov/access/paleo-search/study/16657",NA,NA,NA,NA,"noaa_study_id=16657; original pub in IMPD datafile header","IMPDv1:IMPD_16657",1637,"Hu,F.S.",1,"Hu","F.S.",NA,NA,NA,NA,NA,NA,NA,NA,NA,"IMPDv1:IMPD_16657",1637,"IMPDv1","IMPD_16657",NA,31,31,"cm",NA,"Radiocarbon","concentrated charcoal",1295,35,1235,NA,"CAMS 114723",TRUE,NA,"na Date is in uncalibrated radiocarbon years.","Xindi - charcoal db_SIEVED","counted","NaN-NaN",NA,NA,"",1295,1260,1330,1295,31,NA,"na Date is in uncalibrated radiocarbon years.",". Cal curve: NA. Source DB: IMPDv1","Lacustrine","Carbon-14","Radiocarbon",-52,18017,"Calibrated radiocarbon years BP","sedimentary charcoal","Data Sourcing: IMPDv1 #charcoal_recommendedformat","Sample Age Source: IMPDv1"
"1637",403,"charcoal | num",201.5,201.75,202,0.5,14509,14503,14515,"IMPDv1","Charcoal (sum)","(additional options)",NA,NA,"False","False","number","Macroscopic charcoal (sieved)","direct",NA,"CHAR",0,NA,NA,"quant_raw",5,"volume","cm^3","IMPDv1","IMPD_16657","charcoal","count","char","wet_sieve","particle","num","count","no_size","num","IMPDv1","measured",1,"IMPDv1",NA,"Xindi - charcoal db",67.111667,-159.491667,NA,"north",NA,NA,"sedlac",1637,0,NA,"Higuera,P.E.;Brubaker,L.B.;Anderson,P.M.;Hu,F.S.;Brown,T.A.;. Xindi - charcoal db. NOAA/WDS Paleoclimatology IMPD study 16657",NA,NA,NA,NA,NA,NA,NA,NA,NA,NA,NA,NA,NA,NA,"https://www.ncei.noaa.gov/access/paleo-search/study/16657",NA,NA,NA,NA,"noaa_study_id=16657; original pub in IMPD datafile header","IMPDv1:IMPD_16657",1637,"Hu,F.S.",1,"Hu","F.S.",NA,NA,NA,NA,NA,NA,NA,NA,NA,"IMPDv1:IMPD_16657",1637,"IMPDv1","IMPD_16657",NA,49,49,"cm",NA,"Radiocarbon","concentrated charcoal",2275,30,2305,NA,"CAMS 114724",TRUE,NA,"na Date is in uncalibrated radiocarbon years.","Xindi - charcoal db_SIEVED","counted","NaN-NaN",NA,NA,"",2275,2245,2305,2275,49,NA,"na Date is in uncalibrated radiocarbon years.",". Cal curve: NA. Source DB: IMPDv1","Lacustrine","Carbon-14","Radiocarbon",-52,18017,"Calibrated radiocarbon years BP","sedimentary charcoal","Data Sourcing: IMPDv1 #charcoal_recommendedformat","Sample Age Source: IMPDv1"
"1637",404,"charcoal | num",202,202.25,202.5,0.5,14521.5,14515,14528,"IMPDv1","Charcoal (sum)","(additional options)",NA,NA,"False","False","number","Macroscopic charcoal (sieved)","direct",NA,"CHAR",0,NA,NA,"quant_raw",5,"volume","cm^3","IMPDv1","IMPD_16657","charcoal","count","char","wet_sieve","particle","num","count","no_size","num","IMPDv1","measured",1,"IMPDv1",NA,"Xindi - charcoal db",67.111667,-159.491667,NA,"north",NA,NA,"sedlac",1637,0,NA,"Higuera,P.E.;Brubaker,L.B.;Anderson,P.M.;Hu,F.S.;Brown,T.A.;. Xindi - charcoal db. NOAA/WDS Paleoclimatology IMPD study 16657",NA,NA,NA,NA,NA,NA,NA,NA,NA,NA,NA,NA,NA,NA,"https://www.ncei.noaa.gov/access/paleo-search/study/16657",NA,NA,NA,NA,"noaa_study_id=16657; original pub in IMPD datafile header","IMPDv1:IMPD_16657",1637,"Hu,F.S.",1,"Hu","F.S.",NA,NA,NA,NA,NA,NA,NA,NA,NA,"IMPDv1:IMPD_16657",1637,"IMPDv1","IMPD_16657",NA,49,49,"cm",NA,"Radiocarbon","concentrated charcoal",2275,30,2305,NA,"CAMS 114724",TRUE,NA,"na Date is in uncalibrated radiocarbon years.","Xindi - charcoal db_SIEVED","counted","NaN-NaN",NA,NA,"",2275,2245,2305,2275,49,NA,"na Date is in uncalibrated radiocarbon years.",". Cal curve: NA. Source DB: IMPDv1","Lacustrine","Carbon-14","Radiocarbon",-52,18017,"Calibrated radiocarbon years BP","sedimentary charcoal","Data Sourcing: IMPDv1 #charcoal_recommendedformat","Sample Age Source: IMPDv1"
"1637",405,"charcoal | num",202.5,202.75,203,0.5,14534,14528,14540,"IMPDv1","Charcoal (sum)","(additional options)",NA,NA,"False","False","number","Macroscopic charcoal (sieved)","direct",NA,"CHAR",0,NA,NA,"quant_raw",5,"volume","cm^3","IMPDv1","IMPD_16657","charcoal","count","char","wet_sieve","particle","num","count","no_size","num","IMPDv1","measured",1,"IMPDv1",NA,"Xindi - charcoal db",67.111667,-159.491667,NA,"north",NA,NA,"sedlac",1637,0,NA,"Higuera,P.E.;Brubaker,L.B.;Anderson,P.M.;Hu,F.S.;Brown,T.A.;. Xindi - charcoal db. NOAA/WDS Paleoclimatology IMPD study 16657",NA,NA,NA,NA,NA,NA,NA,NA,NA,NA,NA,NA,NA,NA,"https://www.ncei.noaa.gov/access/paleo-search/study/16657",NA,NA,NA,NA,"noaa_study_id=16657; original pub in IMPD datafile header","IMPDv1:IMPD_16657",1637,"Hu,F.S.",1,"Hu","F.S.",NA,NA,NA,NA,NA,NA,NA,NA,NA,"IMPDv1:IMPD_16657",1637,"IMPDv1","IMPD_16657",NA,49,49,"cm",NA,"Radiocarbon","concentrated charcoal",2275,30,2305,NA,"CAMS 114724",TRUE,NA,"na Date is in uncalibrated radiocarbon years.","Xindi - charcoal db_SIEVED","counted","NaN-NaN",NA,NA,"",2275,2245,2305,2275,49,NA,"na Date is in uncalibrated radiocarbon years.",". Cal curve: NA. Source DB: IMPDv1","Lacustrine","Carbon-14","Radiocarbon",-52,18017,"Calibrated radiocarbon years BP","sedimentary charcoal","Data Sourcing: IMPDv1 #charcoal_recommendedformat","Sample Age Source: IMPDv1"
"1637",406,"charcoal | num",203,203.25,203.5,0.5,14546.5,14540,14553,"IMPDv1","Charcoal (sum)","(additional options)",NA,NA,"False","False","number","Macroscopic charcoal (sieved)","direct",NA,"CHAR",0,NA,NA,"quant_raw",5,"volume","cm^3","IMPDv1","IMPD_16657","charcoal","count","char","wet_sieve","particle","num","count","no_size","num","IMPDv1","measured",1,"IMPDv1",NA,"Xindi - charcoal db",67.111667,-159.491667,NA,"north",NA,NA,"sedlac",1637,0,NA,"Higuera,P.E.;Brubaker,L.B.;Anderson,P.M.;Hu,F.S.;Brown,T.A.;. Xindi - charcoal db. NOAA/WDS Paleoclimatology IMPD study 16657",NA,NA,NA,NA,NA,NA,NA,NA,NA,NA,NA,NA,NA,NA,"https://www.ncei.noaa.gov/access/paleo-search/study/16657",NA,NA,NA,NA,"noaa_study_id=16657; original pub in IMPD datafile header","IMPDv1:IMPD_16657",1637,"Hu,F.S.",1,"Hu","F.S.",NA,NA,NA,NA,NA,NA,NA,NA,NA,"IMPDv1:IMPD_16657",1637,"IMPDv1","IMPD_16657",NA,49,49,"cm",NA,"Radiocarbon","concentrated charcoal",2275,30,2305,NA,"CAMS 114724",TRUE,NA,"na Date is in uncalibrated radiocarbon years.","Xindi - charcoal db_SIEVED","counted","NaN-NaN",NA,NA,"",2275,2245,2305,2275,49,NA,"na Date is in uncalibrated radiocarbon years.",". Cal curve: NA. Source DB: IMPDv1","Lacustrine","Carbon-14","Radiocarbon",-52,18017,"Calibrated radiocarbon years BP","sedimentary charcoal","Data Sourcing: IMPDv1 #charcoal_recommendedformat","Sample Age Source: IMPDv1"
"1637",407,"charcoal | num",203.5,203.75,204,0.5,14559,14553,14565,"IMPDv1","Charcoal (sum)","(additional options)",NA,NA,"False","False","number","Macroscopic charcoal (sieved)","direct",NA,"CHAR",2,NA,NA,"quant_raw",5,"volume","cm^3","IMPDv1","IMPD_16657","charcoal","count","char","wet_sieve","particle","num","count","no_size","num","IMPDv1","measured",1,"IMPDv1",NA,"Xindi - charcoal db",67.111667,-159.491667,NA,"north",NA,NA,"sedlac",1637,0,NA,"Higuera,P.E.;Brubaker,L.B.;Anderson,P.M.;Hu,F.S.;Brown,T.A.;. Xindi - charcoal db. NOAA/WDS Paleoclimatology IMPD study 16657",NA,NA,NA,NA,NA,NA,NA,NA,NA,NA,NA,NA,NA,NA,"https://www.ncei.noaa.gov/access/paleo-search/study/16657",NA,NA,NA,NA,"noaa_study_id=16657; original pub in IMPD datafile header","IMPDv1:IMPD_16657",1637,"Hu,F.S.",1,"Hu","F.S.",NA,NA,NA,NA,NA,NA,NA,NA,NA,"IMPDv1:IMPD_16657",1637,"IMPDv1","IMPD_16657",NA,49,49,"cm",NA,"Radiocarbon","concentrated charcoal",2275,30,2305,NA,"CAMS 114724",TRUE,NA,"na Date is in uncalibrated radiocarbon years.","Xindi - charcoal db_SIEVED","counted","NaN-NaN",NA,NA,"",2275,2245,2305,2275,49,NA,"na Date is in uncalibrated radiocarbon years.",". Cal curve: NA. Source DB: IMPDv1","Lacustrine","Carbon-14","Radiocarbon",-52,18017,"Calibrated radiocarbon years BP","sedimentary charcoal","Data Sourcing: IMPDv1 #charcoal_recommendedformat","Sample Age Source: IMPDv1"
"1637",408,"charcoal | num",204,204.25,204.5,0.5,14571.5,14565,14578,"IMPDv1","Charcoal (sum)","(additional options)",NA,NA,"False","False","number","Macroscopic charcoal (sieved)","direct",NA,"CHAR",1,NA,NA,"quant_raw",5,"volume","cm^3","IMPDv1","IMPD_16657","charcoal","count","char","wet_sieve","particle","num","count","no_size","num","IMPDv1","measured",1,"IMPDv1",NA,"Xindi - charcoal db",67.111667,-159.491667,NA,"north",NA,NA,"sedlac",1637,0,NA,"Higuera,P.E.;Brubaker,L.B.;Anderson,P.M.;Hu,F.S.;Brown,T.A.;. Xindi - charcoal db. NOAA/WDS Paleoclimatology IMPD study 16657",NA,NA,NA,NA,NA,NA,NA,NA,NA,NA,NA,NA,NA,NA,"https://www.ncei.noaa.gov/access/paleo-search/study/16657",NA,NA,NA,NA,"noaa_study_id=16657; original pub in IMPD datafile header","IMPDv1:IMPD_16657",1637,"Hu,F.S.",1,"Hu","F.S.",NA,NA,NA,NA,NA,NA,NA,NA,NA,"IMPDv1:IMPD_16657",1637,"IMPDv1","IMPD_16657",NA,49,49,"cm",NA,"Radiocarbon","concentrated charcoal",2275,30,2305,NA,"CAMS 114724",TRUE,NA,"na Date is in uncalibrated radiocarbon years.","Xindi - charcoal db_SIEVED","counted","NaN-NaN",NA,NA,"",2275,2245,2305,2275,49,NA,"na Date is in uncalibrated radiocarbon years.",". Cal curve: NA. Source DB: IMPDv1","Lacustrine","Carbon-14","Radiocarbon",-52,18017,"Calibrated radiocarbon years BP","sedimentary charcoal","Data Sourcing: IMPDv1 #charcoal_recommendedformat","Sample Age Source: IMPDv1"
"1637",409,"charcoal | num",204.5,204.75,205,0.5,14584,14578,14590,"IMPDv1","Charcoal (sum)","(additional options)",NA,NA,"False","False","number","Macroscopic charcoal (sieved)","direct",NA,"CHAR",2,NA,NA,"quant_raw",5,"volume","cm^3","IMPDv1","IMPD_16657","charcoal","count","char","wet_sieve","particle","num","count","no_size","num","IMPDv1","measured",1,"IMPDv1",NA,"Xindi - charcoal db",67.111667,-159.491667,NA,"north",NA,NA,"sedlac",1637,0,NA,"Higuera,P.E.;Brubaker,L.B.;Anderson,P.M.;Hu,F.S.;Brown,T.A.;. Xindi - charcoal db. NOAA/WDS Paleoclimatology IMPD study 16657",NA,NA,NA,NA,NA,NA,NA,NA,NA,NA,NA,NA,NA,NA,"https://www.ncei.noaa.gov/access/paleo-search/study/16657",NA,NA,NA,NA,"noaa_study_id=16657; original pub in IMPD datafile header","IMPDv1:IMPD_16657",1637,"Hu,F.S.",1,"Hu","F.S.",NA,NA,NA,NA,NA,NA,NA,NA,NA,"IMPDv1:IMPD_16657",1637,"IMPDv1","IMPD_16657",NA,49,49,"cm",NA,"Radiocarbon","concentrated charcoal",2275,30,2305,NA,"CAMS 114724",TRUE,NA,"na Date is in uncalibrated radiocarbon years.","Xindi - charcoal db_SIEVED","counted","NaN-NaN",NA,NA,"",2275,2245,2305,2275,49,NA,"na Date is in uncalibrated radiocarbon years.",". Cal curve: NA. Source DB: IMPDv1","Lacustrine","Carbon-14","Radiocarbon",-52,18017,"Calibrated radiocarbon years BP","sedimentary charcoal","Data Sourcing: IMPDv1 #charcoal_recommendedformat","Sample Age Source: IMPDv1"
"1637",410,"charcoal | num",205,205.25,205.5,0.5,14596.5,14590,14603,"IMPDv1","Charcoal (sum)","(additional options)",NA,NA,"False","False","number","Macroscopic charcoal (sieved)","direct",NA,"CHAR",1,NA,NA,"quant_raw",5,"volume","cm^3","IMPDv1","IMPD_16657","charcoal","count","char","wet_sieve","particle","num","count","no_size","num","IMPDv1","measured",1,"IMPDv1",NA,"Xindi - charcoal db",67.111667,-159.491667,NA,"north",NA,NA,"sedlac",1637,0,NA,"Higuera,P.E.;Brubaker,L.B.;Anderson,P.M.;Hu,F.S.;Brown,T.A.;. Xindi - charcoal db. NOAA/WDS Paleoclimatology IMPD study 16657",NA,NA,NA,NA,NA,NA,NA,NA,NA,NA,NA,NA,NA,NA,"https://www.ncei.noaa.gov/access/paleo-search/study/16657",NA,NA,NA,NA,"noaa_study_id=16657; original pub in IMPD datafile header","IMPDv1:IMPD_16657",1637,"Hu,F.S.",1,"Hu","F.S.",NA,NA,NA,NA,NA,NA,NA,NA,NA,"IMPDv1:IMPD_16657",1637,"IMPDv1","IMPD_16657",NA,49,49,"cm",NA,"Radiocarbon","concentrated charcoal",2275,30,2305,NA,"CAMS 114724",TRUE,NA,"na Date is in uncalibrated radiocarbon years.","Xindi - charcoal db_SIEVED","counted","NaN-NaN",NA,NA,"",2275,2245,2305,2275,49,NA,"na Date is in uncalibrated radiocarbon years.",". Cal curve: NA. Source DB: IMPDv1","Lacustrine","Carbon-14","Radiocarbon",-52,18017,"Calibrated radiocarbon years BP","sedimentary charcoal","Data Sourcing: IMPDv1 #charcoal_recommendedformat","Sample Age Source: IMPDv1"
"1637",411,"charcoal | num",205.5,205.75,206,0.5,14609,14603,14615,"IMPDv1","Charcoal (sum)","(additional options)",NA,NA,"False","False","number","Macroscopic charcoal (sieved)","direct",NA,"CHAR",0,NA,NA,"quant_raw",5,"volume","cm^3","IMPDv1","IMPD_16657","charcoal","count","char","wet_sieve","particle","num","count","no_size","num","IMPDv1","measured",1,"IMPDv1",NA,"Xindi - charcoal db",67.111667,-159.491667,NA,"north",NA,NA,"sedlac",1637,0,NA,"Higuera,P.E.;Brubaker,L.B.;Anderson,P.M.;Hu,F.S.;Brown,T.A.;. Xindi - charcoal db. NOAA/WDS Paleoclimatology IMPD study 16657",NA,NA,NA,NA,NA,NA,NA,NA,NA,NA,NA,NA,NA,NA,"https://www.ncei.noaa.gov/access/paleo-search/study/16657",NA,NA,NA,NA,"noaa_study_id=16657; original pub in IMPD datafile header","IMPDv1:IMPD_16657",1637,"Hu,F.S.",1,"Hu","F.S.",NA,NA,NA,NA,NA,NA,NA,NA,NA,"IMPDv1:IMPD_16657",1637,"IMPDv1","IMPD_16657",NA,49,49,"cm",NA,"Radiocarbon","concentrated charcoal",2275,30,2305,NA,"CAMS 114724",TRUE,NA,"na Date is in uncalibrated radiocarbon years.","Xindi - charcoal db_SIEVED","counted","NaN-NaN",NA,NA,"",2275,2245,2305,2275,49,NA,"na Date is in uncalibrated radiocarbon years.",". Cal curve: NA. Source DB: IMPDv1","Lacustrine","Carbon-14","Radiocarbon",-52,18017,"Calibrated radiocarbon years BP","sedimentary charcoal","Data Sourcing: IMPDv1 #charcoal_recommendedformat","Sample Age Source: IMPDv1"
"1637",412,"charcoal | num",206,206.25,206.5,0.5,14621.5,14615,14628,"IMPDv1","Charcoal (sum)","(additional options)",NA,NA,"False","False","number","Macroscopic charcoal (sieved)","direct",NA,"CHAR",1,NA,NA,"quant_raw",5,"volume","cm^3","IMPDv1","IMPD_16657","charcoal","count","char","wet_sieve","particle","num","count","no_size","num","IMPDv1","measured",1,"IMPDv1",NA,"Xindi - charcoal db",67.111667,-159.491667,NA,"north",NA,NA,"sedlac",1637,0,NA,"Higuera,P.E.;Brubaker,L.B.;Anderson,P.M.;Hu,F.S.;Brown,T.A.;. Xindi - charcoal db. NOAA/WDS Paleoclimatology IMPD study 16657",NA,NA,NA,NA,NA,NA,NA,NA,NA,NA,NA,NA,NA,NA,"https://www.ncei.noaa.gov/access/paleo-search/study/16657",NA,NA,NA,NA,"noaa_study_id=16657; original pub in IMPD datafile header","IMPDv1:IMPD_16657",1637,"Hu,F.S.",1,"Hu","F.S.",NA,NA,NA,NA,NA,NA,NA,NA,NA,"IMPDv1:IMPD_16657",1637,"IMPDv1","IMPD_16657",NA,49,49,"cm",NA,"Radiocarbon","concentrated charcoal",2275,30,2305,NA,"CAMS 114724",TRUE,NA,"na Date is in uncalibrated radiocarbon years.","Xindi - charcoal db_SIEVED","counted","NaN-NaN",NA,NA,"",2275,2245,2305,2275,49,NA,"na Date is in uncalibrated radiocarbon years.",". Cal curve: NA. Source DB: IMPDv1","Lacustrine","Carbon-14","Radiocarbon",-52,18017,"Calibrated radiocarbon years BP","sedimentary charcoal","Data Sourcing: IMPDv1 #charcoal_recommendedformat","Sample Age Source: IMPDv1"
"1637",413,"charcoal | num",206.5,206.75,207,0.5,14634.5,14628,14641,"IMPDv1","Charcoal (sum)","(additional options)",NA,NA,"False","False","number","Macroscopic charcoal (sieved)","direct",NA,"CHAR",0,NA,NA,"quant_raw",5,"volume","cm^3","IMPDv1","IMPD_16657","charcoal","count","char","wet_sieve","particle","num","count","no_size","num","IMPDv1","measured",1,"IMPDv1",NA,"Xindi - charcoal db",67.111667,-159.491667,NA,"north",NA,NA,"sedlac",1637,0,NA,"Higuera,P.E.;Brubaker,L.B.;Anderson,P.M.;Hu,F.S.;Brown,T.A.;. Xindi - charcoal db. NOAA/WDS Paleoclimatology IMPD study 16657",NA,NA,NA,NA,NA,NA,NA,NA,NA,NA,NA,NA,NA,NA,"https://www.ncei.noaa.gov/access/paleo-search/study/16657",NA,NA,NA,NA,"noaa_study_id=16657; original pub in IMPD datafile header","IMPDv1:IMPD_16657",1637,"Hu,F.S.",1,"Hu","F.S.",NA,NA,NA,NA,NA,NA,NA,NA,NA,"IMPDv1:IMPD_16657",1637,"IMPDv1","IMPD_16657",NA,49,49,"cm",NA,"Radiocarbon","concentrated charcoal",2275,30,2305,NA,"CAMS 114724",TRUE,NA,"na Date is in uncalibrated radiocarbon years.","Xindi - charcoal db_SIEVED","counted","NaN-NaN",NA,NA,"",2275,2245,2305,2275,49,NA,"na Date is in uncalibrated radiocarbon years.",". Cal curve: NA. Source DB: IMPDv1","Lacustrine","Carbon-14","Radiocarbon",-52,18017,"Calibrated radiocarbon years BP","sedimentary charcoal","Data Sourcing: IMPDv1 #charcoal_recommendedformat","Sample Age Source: IMPDv1"
"1637",414,"charcoal | num",207,207.25,207.5,0.5,14647,14641,14653,"IMPDv1","Charcoal (sum)","(additional options)",NA,NA,"False","False","number","Macroscopic charcoal (sieved)","direct",NA,"CHAR",0,NA,NA,"quant_raw",5,"volume","cm^3","IMPDv1","IMPD_16657","charcoal","count","char","wet_sieve","particle","num","count","no_size","num","IMPDv1","measured",1,"IMPDv1",NA,"Xindi - charcoal db",67.111667,-159.491667,NA,"north",NA,NA,"sedlac",1637,0,NA,"Higuera,P.E.;Brubaker,L.B.;Anderson,P.M.;Hu,F.S.;Brown,T.A.;. Xindi - charcoal db. NOAA/WDS Paleoclimatology IMPD study 16657",NA,NA,NA,NA,NA,NA,NA,NA,NA,NA,NA,NA,NA,NA,"https://www.ncei.noaa.gov/access/paleo-search/study/16657",NA,NA,NA,NA,"noaa_study_id=16657; original pub in IMPD datafile header","IMPDv1:IMPD_16657",1637,"Hu,F.S.",1,"Hu","F.S.",NA,NA,NA,NA,NA,NA,NA,NA,NA,"IMPDv1:IMPD_16657",1637,"IMPDv1","IMPD_16657",NA,49,49,"cm",NA,"Radiocarbon","concentrated charcoal",2275,30,2305,NA,"CAMS 114724",TRUE,NA,"na Date is in uncalibrated radiocarbon years.","Xindi - charcoal db_SIEVED","counted","NaN-NaN",NA,NA,"",2275,2245,2305,2275,49,NA,"na Date is in uncalibrated radiocarbon years.",". Cal curve: NA. Source DB: IMPDv1","Lacustrine","Carbon-14","Radiocarbon",-52,18017,"Calibrated radiocarbon years BP","sedimentary charcoal","Data Sourcing: IMPDv1 #charcoal_recommendedformat","Sample Age Source: IMPDv1"
"1637",415,"charcoal | num",207.5,207.75,208,0.5,14659.5,14653,14666,"IMPDv1","Charcoal (sum)","(additional options)",NA,NA,"False","False","number","Macroscopic charcoal (sieved)","direct",NA,"CHAR",0,NA,NA,"quant_raw",5,"volume","cm^3","IMPDv1","IMPD_16657","charcoal","count","char","wet_sieve","particle","num","count","no_size","num","IMPDv1","measured",1,"IMPDv1",NA,"Xindi - charcoal db",67.111667,-159.491667,NA,"north",NA,NA,"sedlac",1637,0,NA,"Higuera,P.E.;Brubaker,L.B.;Anderson,P.M.;Hu,F.S.;Brown,T.A.;. Xindi - charcoal db. NOAA/WDS Paleoclimatology IMPD study 16657",NA,NA,NA,NA,NA,NA,NA,NA,NA,NA,NA,NA,NA,NA,"https://www.ncei.noaa.gov/access/paleo-search/study/16657",NA,NA,NA,NA,"noaa_study_id=16657; original pub in IMPD datafile header","IMPDv1:IMPD_16657",1637,"Hu,F.S.",1,"Hu","F.S.",NA,NA,NA,NA,NA,NA,NA,NA,NA,"IMPDv1:IMPD_16657",1637,"IMPDv1","IMPD_16657",NA,49,49,"cm",NA,"Radiocarbon","concentrated charcoal",2275,30,2305,NA,"CAMS 114724",TRUE,NA,"na Date is in uncalibrated radiocarbon years.","Xindi - charcoal db_SIEVED","counted","NaN-NaN",NA,NA,"",2275,2245,2305,2275,49,NA,"na Date is in uncalibrated radiocarbon years.",". Cal curve: NA. Source DB: IMPDv1","Lacustrine","Carbon-14","Radiocarbon",-52,18017,"Calibrated radiocarbon years BP","sedimentary charcoal","Data Sourcing: IMPDv1 #charcoal_recommendedformat","Sample Age Source: IMPDv1"
"1637",416,"charcoal | num",208,208.25,208.5,0.5,14672.5,14666,14679,"IMPDv1","Charcoal (sum)","(additional options)",NA,NA,"False","False","number","Macroscopic charcoal (sieved)","direct",NA,"CHAR",2,NA,NA,"quant_raw",5,"volume","cm^3","IMPDv1","IMPD_16657","charcoal","count","char","wet_sieve","particle","num","count","no_size","num","IMPDv1","measured",1,"IMPDv1",NA,"Xindi - charcoal db",67.111667,-159.491667,NA,"north",NA,NA,"sedlac",1637,0,NA,"Higuera,P.E.;Brubaker,L.B.;Anderson,P.M.;Hu,F.S.;Brown,T.A.;. Xindi - charcoal db. NOAA/WDS Paleoclimatology IMPD study 16657",NA,NA,NA,NA,NA,NA,NA,NA,NA,NA,NA,NA,NA,NA,"https://www.ncei.noaa.gov/access/paleo-search/study/16657",NA,NA,NA,NA,"noaa_study_id=16657; original pub in IMPD datafile header","IMPDv1:IMPD_16657",1637,"Hu,F.S.",1,"Hu","F.S.",NA,NA,NA,NA,NA,NA,NA,NA,NA,"IMPDv1:IMPD_16657",1637,"IMPDv1","IMPD_16657",NA,59.25,59.25,"cm",NA,"Radiocarbon","concentrated charcoal",2805,40,3154,NA,"CAMS 116840",TRUE,NA,"na Date is in uncalibrated radiocarbon years.","Xindi - charcoal db_SIEVED","counted","NaN-NaN",NA,NA,"",2805,2765,2845,2805,59.25,NA,"na Date is in uncalibrated radiocarbon years.",". Cal curve: NA. Source DB: IMPDv1","Lacustrine","Carbon-14","Radiocarbon",-52,18017,"Calibrated radiocarbon years BP","sedimentary charcoal","Data Sourcing: IMPDv1 #charcoal_recommendedformat","Sample Age Source: IMPDv1"
"1637",417,"charcoal | num",208.5,208.75,209,0.5,14685.5,14679,14692,"IMPDv1","Charcoal (sum)","(additional options)",NA,NA,"False","False","number","Macroscopic charcoal (sieved)","direct",NA,"CHAR",0,NA,NA,"quant_raw",5,"volume","cm^3","IMPDv1","IMPD_16657","charcoal","count","char","wet_sieve","particle","num","count","no_size","num","IMPDv1","measured",1,"IMPDv1",NA,"Xindi - charcoal db",67.111667,-159.491667,NA,"north",NA,NA,"sedlac",1637,0,NA,"Higuera,P.E.;Brubaker,L.B.;Anderson,P.M.;Hu,F.S.;Brown,T.A.;. Xindi - charcoal db. NOAA/WDS Paleoclimatology IMPD study 16657",NA,NA,NA,NA,NA,NA,NA,NA,NA,NA,NA,NA,NA,NA,"https://www.ncei.noaa.gov/access/paleo-search/study/16657",NA,NA,NA,NA,"noaa_study_id=16657; original pub in IMPD datafile header","IMPDv1:IMPD_16657",1637,"Hu,F.S.",1,"Hu","F.S.",NA,NA,NA,NA,NA,NA,NA,NA,NA,"IMPDv1:IMPD_16657",1637,"IMPDv1","IMPD_16657",NA,59.25,59.25,"cm",NA,"Radiocarbon","concentrated charcoal",2805,40,3154,NA,"CAMS 116840",TRUE,NA,"na Date is in uncalibrated radiocarbon years.","Xindi - charcoal db_SIEVED","counted","NaN-NaN",NA,NA,"",2805,2765,2845,2805,59.25,NA,"na Date is in uncalibrated radiocarbon years.",". Cal curve: NA. Source DB: IMPDv1","Lacustrine","Carbon-14","Radiocarbon",-52,18017,"Calibrated radiocarbon years BP","sedimentary charcoal","Data Sourcing: IMPDv1 #charcoal_recommendedformat","Sample Age Source: IMPDv1"
"1637",418,"charcoal | num",209,209.25,209.5,0.5,14698.5,14692,14705,"IMPDv1","Charcoal (sum)","(additional options)",NA,NA,"False","False","number","Macroscopic charcoal (sieved)","direct",NA,"CHAR",0,NA,NA,"quant_raw",5,"volume","cm^3","IMPDv1","IMPD_16657","charcoal","count","char","wet_sieve","particle","num","count","no_size","num","IMPDv1","measured",1,"IMPDv1",NA,"Xindi - charcoal db",67.111667,-159.491667,NA,"north",NA,NA,"sedlac",1637,0,NA,"Higuera,P.E.;Brubaker,L.B.;Anderson,P.M.;Hu,F.S.;Brown,T.A.;. Xindi - charcoal db. NOAA/WDS Paleoclimatology IMPD study 16657",NA,NA,NA,NA,NA,NA,NA,NA,NA,NA,NA,NA,NA,NA,"https://www.ncei.noaa.gov/access/paleo-search/study/16657",NA,NA,NA,NA,"noaa_study_id=16657; original pub in IMPD datafile header","IMPDv1:IMPD_16657",1637,"Hu,F.S.",1,"Hu","F.S.",NA,NA,NA,NA,NA,NA,NA,NA,NA,"IMPDv1:IMPD_16657",1637,"IMPDv1","IMPD_16657",NA,59.25,59.25,"cm",NA,"Radiocarbon","concentrated charcoal",2805,40,3154,NA,"CAMS 116840",TRUE,NA,"na Date is in uncalibrated radiocarbon years.","Xindi - charcoal db_SIEVED","counted","NaN-NaN",NA,NA,"",2805,2765,2845,2805,59.25,NA,"na Date is in uncalibrated radiocarbon years.",". Cal curve: NA. Source DB: IMPDv1","Lacustrine","Carbon-14","Radiocarbon",-52,18017,"Calibrated radiocarbon years BP","sedimentary charcoal","Data Sourcing: IMPDv1 #charcoal_recommendedformat","Sample Age Source: IMPDv1"
"1637",419,"charcoal | num",209.5,209.75,210,0.5,14711.5,14705,14718,"IMPDv1","Charcoal (sum)","(additional options)",NA,NA,"False","False","number","Macroscopic charcoal (sieved)","direct",NA,"CHAR",0,NA,NA,"quant_raw",5,"volume","cm^3","IMPDv1","IMPD_16657","charcoal","count","char","wet_sieve","particle","num","count","no_size","num","IMPDv1","measured",1,"IMPDv1",NA,"Xindi - charcoal db",67.111667,-159.491667,NA,"north",NA,NA,"sedlac",1637,0,NA,"Higuera,P.E.;Brubaker,L.B.;Anderson,P.M.;Hu,F.S.;Brown,T.A.;. Xindi - charcoal db. NOAA/WDS Paleoclimatology IMPD study 16657",NA,NA,NA,NA,NA,NA,NA,NA,NA,NA,NA,NA,NA,NA,"https://www.ncei.noaa.gov/access/paleo-search/study/16657",NA,NA,NA,NA,"noaa_study_id=16657; original pub in IMPD datafile header","IMPDv1:IMPD_16657",1637,"Hu,F.S.",1,"Hu","F.S.",NA,NA,NA,NA,NA,NA,NA,NA,NA,"IMPDv1:IMPD_16657",1637,"IMPDv1","IMPD_16657",NA,59.25,59.25,"cm",NA,"Radiocarbon","concentrated charcoal",2805,40,3154,NA,"CAMS 116840",TRUE,NA,"na Date is in uncalibrated radiocarbon years.","Xindi - charcoal db_SIEVED","counted","NaN-NaN",NA,NA,"",2805,2765,2845,2805,59.25,NA,"na Date is in uncalibrated radiocarbon years.",". Cal curve: NA. Source DB: IMPDv1","Lacustrine","Carbon-14","Radiocarbon",-52,18017,"Calibrated radiocarbon years BP","sedimentary charcoal","Data Sourcing: IMPDv1 #charcoal_recommendedformat","Sample Age Source: IMPDv1"
"1637",420,"charcoal | num",210,210.25,210.5,0.5,14724.5,14718,14731,"IMPDv1","Charcoal (sum)","(additional options)",NA,NA,"False","False","number","Macroscopic charcoal (sieved)","direct",NA,"CHAR",0,NA,NA,"quant_raw",5,"volume","cm^3","IMPDv1","IMPD_16657","charcoal","count","char","wet_sieve","particle","num","count","no_size","num","IMPDv1","measured",1,"IMPDv1",NA,"Xindi - charcoal db",67.111667,-159.491667,NA,"north",NA,NA,"sedlac",1637,0,NA,"Higuera,P.E.;Brubaker,L.B.;Anderson,P.M.;Hu,F.S.;Brown,T.A.;. Xindi - charcoal db. NOAA/WDS Paleoclimatology IMPD study 16657",NA,NA,NA,NA,NA,NA,NA,NA,NA,NA,NA,NA,NA,NA,"https://www.ncei.noaa.gov/access/paleo-search/study/16657",NA,NA,NA,NA,"noaa_study_id=16657; original pub in IMPD datafile header","IMPDv1:IMPD_16657",1637,"Hu,F.S.",1,"Hu","F.S.",NA,NA,NA,NA,NA,NA,NA,NA,NA,"IMPDv1:IMPD_16657",1637,"IMPDv1","IMPD_16657",NA,59.25,59.25,"cm",NA,"Radiocarbon","concentrated charcoal",2805,40,3154,NA,"CAMS 116840",TRUE,NA,"na Date is in uncalibrated radiocarbon years.","Xindi - charcoal db_SIEVED","counted","NaN-NaN",NA,NA,"",2805,2765,2845,2805,59.25,NA,"na Date is in uncalibrated radiocarbon years.",". Cal curve: NA. Source DB: IMPDv1","Lacustrine","Carbon-14","Radiocarbon",-52,18017,"Calibrated radiocarbon years BP","sedimentary charcoal","Data Sourcing: IMPDv1 #charcoal_recommendedformat","Sample Age Source: IMPDv1"
"1637",421,"charcoal | num",210.5,210.75,211,0.5,14737.5,14731,14744,"IMPDv1","Charcoal (sum)","(additional options)",NA,NA,"False","False","number","Macroscopic charcoal (sieved)","direct",NA,"CHAR",0,NA,NA,"quant_raw",5,"volume","cm^3","IMPDv1","IMPD_16657","charcoal","count","char","wet_sieve","particle","num","count","no_size","num","IMPDv1","measured",1,"IMPDv1",NA,"Xindi - charcoal db",67.111667,-159.491667,NA,"north",NA,NA,"sedlac",1637,0,NA,"Higuera,P.E.;Brubaker,L.B.;Anderson,P.M.;Hu,F.S.;Brown,T.A.;. Xindi - charcoal db. NOAA/WDS Paleoclimatology IMPD study 16657",NA,NA,NA,NA,NA,NA,NA,NA,NA,NA,NA,NA,NA,NA,"https://www.ncei.noaa.gov/access/paleo-search/study/16657",NA,NA,NA,NA,"noaa_study_id=16657; original pub in IMPD datafile header","IMPDv1:IMPD_16657",1637,"Hu,F.S.",1,"Hu","F.S.",NA,NA,NA,NA,NA,NA,NA,NA,NA,"IMPDv1:IMPD_16657",1637,"IMPDv1","IMPD_16657",NA,59.25,59.25,"cm",NA,"Radiocarbon","concentrated charcoal",2805,40,3154,NA,"CAMS 116840",TRUE,NA,"na Date is in uncalibrated radiocarbon years.","Xindi - charcoal db_SIEVED","counted","NaN-NaN",NA,NA,"",2805,2765,2845,2805,59.25,NA,"na Date is in uncalibrated radiocarbon years.",". Cal curve: NA. Source DB: IMPDv1","Lacustrine","Carbon-14","Radiocarbon",-52,18017,"Calibrated radiocarbon years BP","sedimentary charcoal","Data Sourcing: IMPDv1 #charcoal_recommendedformat","Sample Age Source: IMPDv1"
"1637",422,"charcoal | num",211,211.25,211.5,0.5,14750.5,14744,14757,"IMPDv1","Charcoal (sum)","(additional options)",NA,NA,"False","False","number","Macroscopic charcoal (sieved)","direct",NA,"CHAR",0,NA,NA,"quant_raw",5,"volume","cm^3","IMPDv1","IMPD_16657","charcoal","count","char","wet_sieve","particle","num","count","no_size","num","IMPDv1","measured",1,"IMPDv1",NA,"Xindi - charcoal db",67.111667,-159.491667,NA,"north",NA,NA,"sedlac",1637,0,NA,"Higuera,P.E.;Brubaker,L.B.;Anderson,P.M.;Hu,F.S.;Brown,T.A.;. Xindi - charcoal db. NOAA/WDS Paleoclimatology IMPD study 16657",NA,NA,NA,NA,NA,NA,NA,NA,NA,NA,NA,NA,NA,NA,"https://www.ncei.noaa.gov/access/paleo-search/study/16657",NA,NA,NA,NA,"noaa_study_id=16657; original pub in IMPD datafile header","IMPDv1:IMPD_16657",1637,"Hu,F.S.",1,"Hu","F.S.",NA,NA,NA,NA,NA,NA,NA,NA,NA,"IMPDv1:IMPD_16657",1637,"IMPDv1","IMPD_16657",NA,59.25,59.25,"cm",NA,"Radiocarbon","concentrated charcoal",2805,40,3154,NA,"CAMS 116840",TRUE,NA,"na Date is in uncalibrated radiocarbon years.","Xindi - charcoal db_SIEVED","counted","NaN-NaN",NA,NA,"",2805,2765,2845,2805,59.25,NA,"na Date is in uncalibrated radiocarbon years.",". Cal curve: NA. Source DB: IMPDv1","Lacustrine","Carbon-14","Radiocarbon",-52,18017,"Calibrated radiocarbon years BP","sedimentary charcoal","Data Sourcing: IMPDv1 #charcoal_recommendedformat","Sample Age Source: IMPDv1"
"1637",423,"charcoal | num",211.5,211.75,212,0.5,14763.5,14757,14770,"IMPDv1","Charcoal (sum)","(additional options)",NA,NA,"False","False","number","Macroscopic charcoal (sieved)","direct",NA,"CHAR",1,NA,NA,"quant_raw",5,"volume","cm^3","IMPDv1","IMPD_16657","charcoal","count","char","wet_sieve","particle","num","count","no_size","num","IMPDv1","measured",1,"IMPDv1",NA,"Xindi - charcoal db",67.111667,-159.491667,NA,"north",NA,NA,"sedlac",1637,0,NA,"Higuera,P.E.;Brubaker,L.B.;Anderson,P.M.;Hu,F.S.;Brown,T.A.;. Xindi - charcoal db. NOAA/WDS Paleoclimatology IMPD study 16657",NA,NA,NA,NA,NA,NA,NA,NA,NA,NA,NA,NA,NA,NA,"https://www.ncei.noaa.gov/access/paleo-search/study/16657",NA,NA,NA,NA,"noaa_study_id=16657; original pub in IMPD datafile header","IMPDv1:IMPD_16657",1637,"Hu,F.S.",1,"Hu","F.S.",NA,NA,NA,NA,NA,NA,NA,NA,NA,"IMPDv1:IMPD_16657",1637,"IMPDv1","IMPD_16657",NA,59.25,59.25,"cm",NA,"Radiocarbon","concentrated charcoal",2805,40,3154,NA,"CAMS 116840",TRUE,NA,"na Date is in uncalibrated radiocarbon years.","Xindi - charcoal db_SIEVED","counted","NaN-NaN",NA,NA,"",2805,2765,2845,2805,59.25,NA,"na Date is in uncalibrated radiocarbon years.",". Cal curve: NA. Source DB: IMPDv1","Lacustrine","Carbon-14","Radiocarbon",-52,18017,"Calibrated radiocarbon years BP","sedimentary charcoal","Data Sourcing: IMPDv1 #charcoal_recommendedformat","Sample Age Source: IMPDv1"
"1637",424,"charcoal | num",212,212.25,212.5,0.5,14776.5,14770,14783,"IMPDv1","Charcoal (sum)","(additional options)",NA,NA,"False","False","number","Macroscopic charcoal (sieved)","direct",NA,"CHAR",0,NA,NA,"quant_raw",5,"volume","cm^3","IMPDv1","IMPD_16657","charcoal","count","char","wet_sieve","particle","num","count","no_size","num","IMPDv1","measured",1,"IMPDv1",NA,"Xindi - charcoal db",67.111667,-159.491667,NA,"north",NA,NA,"sedlac",1637,0,NA,"Higuera,P.E.;Brubaker,L.B.;Anderson,P.M.;Hu,F.S.;Brown,T.A.;. Xindi - charcoal db. NOAA/WDS Paleoclimatology IMPD study 16657",NA,NA,NA,NA,NA,NA,NA,NA,NA,NA,NA,NA,NA,NA,"https://www.ncei.noaa.gov/access/paleo-search/study/16657",NA,NA,NA,NA,"noaa_study_id=16657; original pub in IMPD datafile header","IMPDv1:IMPD_16657",1637,"Hu,F.S.",1,"Hu","F.S.",NA,NA,NA,NA,NA,NA,NA,NA,NA,"IMPDv1:IMPD_16657",1637,"IMPDv1","IMPD_16657",NA,59.25,59.25,"cm",NA,"Radiocarbon","concentrated charcoal",2805,40,3154,NA,"CAMS 116840",TRUE,NA,"na Date is in uncalibrated radiocarbon years.","Xindi - charcoal db_SIEVED","counted","NaN-NaN",NA,NA,"",2805,2765,2845,2805,59.25,NA,"na Date is in uncalibrated radiocarbon years.",". Cal curve: NA. Source DB: IMPDv1","Lacustrine","Carbon-14","Radiocarbon",-52,18017,"Calibrated radiocarbon years BP","sedimentary charcoal","Data Sourcing: IMPDv1 #charcoal_recommendedformat","Sample Age Source: IMPDv1"
"1637",425,"charcoal | num",212.5,212.75,213,0.5,14790,14783,14797,"IMPDv1","Charcoal (sum)","(additional options)",NA,NA,"False","False","number","Macroscopic charcoal (sieved)","direct",NA,"CHAR",1,NA,NA,"quant_raw",5,"volume","cm^3","IMPDv1","IMPD_16657","charcoal","count","char","wet_sieve","particle","num","count","no_size","num","IMPDv1","measured",1,"IMPDv1",NA,"Xindi - charcoal db",67.111667,-159.491667,NA,"north",NA,NA,"sedlac",1637,0,NA,"Higuera,P.E.;Brubaker,L.B.;Anderson,P.M.;Hu,F.S.;Brown,T.A.;. Xindi - charcoal db. NOAA/WDS Paleoclimatology IMPD study 16657",NA,NA,NA,NA,NA,NA,NA,NA,NA,NA,NA,NA,NA,NA,"https://www.ncei.noaa.gov/access/paleo-search/study/16657",NA,NA,NA,NA,"noaa_study_id=16657; original pub in IMPD datafile header","IMPDv1:IMPD_16657",1637,"Hu,F.S.",1,"Hu","F.S.",NA,NA,NA,NA,NA,NA,NA,NA,NA,"IMPDv1:IMPD_16657",1637,"IMPDv1","IMPD_16657",NA,59.25,59.25,"cm",NA,"Radiocarbon","concentrated charcoal",2805,40,3154,NA,"CAMS 116840",TRUE,NA,"na Date is in uncalibrated radiocarbon years.","Xindi - charcoal db_SIEVED","counted","NaN-NaN",NA,NA,"",2805,2765,2845,2805,59.25,NA,"na Date is in uncalibrated radiocarbon years.",". Cal curve: NA. Source DB: IMPDv1","Lacustrine","Carbon-14","Radiocarbon",-52,18017,"Calibrated radiocarbon years BP","sedimentary charcoal","Data Sourcing: IMPDv1 #charcoal_recommendedformat","Sample Age Source: IMPDv1"
"1637",426,"charcoal | num",213,213.25,213.5,0.5,14803.5,14797,14810,"IMPDv1","Charcoal (sum)","(additional options)",NA,NA,"False","False","number","Macroscopic charcoal (sieved)","direct",NA,"CHAR",0,NA,NA,"quant_raw",5,"volume","cm^3","IMPDv1","IMPD_16657","charcoal","count","char","wet_sieve","particle","num","count","no_size","num","IMPDv1","measured",1,"IMPDv1",NA,"Xindi - charcoal db",67.111667,-159.491667,NA,"north",NA,NA,"sedlac",1637,0,NA,"Higuera,P.E.;Brubaker,L.B.;Anderson,P.M.;Hu,F.S.;Brown,T.A.;. Xindi - charcoal db. NOAA/WDS Paleoclimatology IMPD study 16657",NA,NA,NA,NA,NA,NA,NA,NA,NA,NA,NA,NA,NA,NA,"https://www.ncei.noaa.gov/access/paleo-search/study/16657",NA,NA,NA,NA,"noaa_study_id=16657; original pub in IMPD datafile header","IMPDv1:IMPD_16657",1637,"Hu,F.S.",1,"Hu","F.S.",NA,NA,NA,NA,NA,NA,NA,NA,NA,"IMPDv1:IMPD_16657",1637,"IMPDv1","IMPD_16657",NA,59.25,59.25,"cm",NA,"Radiocarbon","concentrated charcoal",2805,40,3154,NA,"CAMS 116840",TRUE,NA,"na Date is in uncalibrated radiocarbon years.","Xindi - charcoal db_SIEVED","counted","NaN-NaN",NA,NA,"",2805,2765,2845,2805,59.25,NA,"na Date is in uncalibrated radiocarbon years.",". Cal curve: NA. Source DB: IMPDv1","Lacustrine","Carbon-14","Radiocarbon",-52,18017,"Calibrated radiocarbon years BP","sedimentary charcoal","Data Sourcing: IMPDv1 #charcoal_recommendedformat","Sample Age Source: IMPDv1"
"1637",427,"charcoal | num",213.5,213.75,214,0.5,14816.5,14810,14823,"IMPDv1","Charcoal (sum)","(additional options)",NA,NA,"False","False","number","Macroscopic charcoal (sieved)","direct",NA,"CHAR",0,NA,NA,"quant_raw",5,"volume","cm^3","IMPDv1","IMPD_16657","charcoal","count","char","wet_sieve","particle","num","count","no_size","num","IMPDv1","measured",1,"IMPDv1",NA,"Xindi - charcoal db",67.111667,-159.491667,NA,"north",NA,NA,"sedlac",1637,0,NA,"Higuera,P.E.;Brubaker,L.B.;Anderson,P.M.;Hu,F.S.;Brown,T.A.;. Xindi - charcoal db. NOAA/WDS Paleoclimatology IMPD study 16657",NA,NA,NA,NA,NA,NA,NA,NA,NA,NA,NA,NA,NA,NA,"https://www.ncei.noaa.gov/access/paleo-search/study/16657",NA,NA,NA,NA,"noaa_study_id=16657; original pub in IMPD datafile header","IMPDv1:IMPD_16657",1637,"Hu,F.S.",1,"Hu","F.S.",NA,NA,NA,NA,NA,NA,NA,NA,NA,"IMPDv1:IMPD_16657",1637,"IMPDv1","IMPD_16657",NA,59.25,59.25,"cm",NA,"Radiocarbon","concentrated charcoal",2805,40,3154,NA,"CAMS 116840",TRUE,NA,"na Date is in uncalibrated radiocarbon years.","Xindi - charcoal db_SIEVED","counted","NaN-NaN",NA,NA,"",2805,2765,2845,2805,59.25,NA,"na Date is in uncalibrated radiocarbon years.",". Cal curve: NA. Source DB: IMPDv1","Lacustrine","Carbon-14","Radiocarbon",-52,18017,"Calibrated radiocarbon years BP","sedimentary charcoal","Data Sourcing: IMPDv1 #charcoal_recommendedformat","Sample Age Source: IMPDv1"
"1637",428,"charcoal | num",214,214.25,214.5,0.5,14830,14823,14837,"IMPDv1","Charcoal (sum)","(additional options)",NA,NA,"False","False","number","Macroscopic charcoal (sieved)","direct",NA,"CHAR",0,NA,NA,"quant_raw",5,"volume","cm^3","IMPDv1","IMPD_16657","charcoal","count","char","wet_sieve","particle","num","count","no_size","num","IMPDv1","measured",1,"IMPDv1",NA,"Xindi - charcoal db",67.111667,-159.491667,NA,"north",NA,NA,"sedlac",1637,0,NA,"Higuera,P.E.;Brubaker,L.B.;Anderson,P.M.;Hu,F.S.;Brown,T.A.;. Xindi - charcoal db. NOAA/WDS Paleoclimatology IMPD study 16657",NA,NA,NA,NA,NA,NA,NA,NA,NA,NA,NA,NA,NA,NA,"https://www.ncei.noaa.gov/access/paleo-search/study/16657",NA,NA,NA,NA,"noaa_study_id=16657; original pub in IMPD datafile header","IMPDv1:IMPD_16657",1637,"Hu,F.S.",1,"Hu","F.S.",NA,NA,NA,NA,NA,NA,NA,NA,NA,"IMPDv1:IMPD_16657",1637,"IMPDv1","IMPD_16657",NA,59.25,59.25,"cm",NA,"Radiocarbon","concentrated charcoal",2805,40,3154,NA,"CAMS 116840",TRUE,NA,"na Date is in uncalibrated radiocarbon years.","Xindi - charcoal db_SIEVED","counted","NaN-NaN",NA,NA,"",2805,2765,2845,2805,59.25,NA,"na Date is in uncalibrated radiocarbon years.",". Cal curve: NA. Source DB: IMPDv1","Lacustrine","Carbon-14","Radiocarbon",-52,18017,"Calibrated radiocarbon years BP","sedimentary charcoal","Data Sourcing: IMPDv1 #charcoal_recommendedformat","Sample Age Source: IMPDv1"
"1637",429,"charcoal | num",214.5,214.75,215,0.5,14843.5,14837,14850,"IMPDv1","Charcoal (sum)","(additional options)",NA,NA,"False","False","number","Macroscopic charcoal (sieved)","direct",NA,"CHAR",0,NA,NA,"quant_raw",5,"volume","cm^3","IMPDv1","IMPD_16657","charcoal","count","char","wet_sieve","particle","num","count","no_size","num","IMPDv1","measured",1,"IMPDv1",NA,"Xindi - charcoal db",67.111667,-159.491667,NA,"north",NA,NA,"sedlac",1637,0,NA,"Higuera,P.E.;Brubaker,L.B.;Anderson,P.M.;Hu,F.S.;Brown,T.A.;. Xindi - charcoal db. NOAA/WDS Paleoclimatology IMPD study 16657",NA,NA,NA,NA,NA,NA,NA,NA,NA,NA,NA,NA,NA,NA,"https://www.ncei.noaa.gov/access/paleo-search/study/16657",NA,NA,NA,NA,"noaa_study_id=16657; original pub in IMPD datafile header","IMPDv1:IMPD_16657",1637,"Hu,F.S.",1,"Hu","F.S.",NA,NA,NA,NA,NA,NA,NA,NA,NA,"IMPDv1:IMPD_16657",1637,"IMPDv1","IMPD_16657",NA,86.25,86.25,"cm",NA,"Radiocarbon","wood macrofossil",4155,40,4691,NA,"CAMS 80792",TRUE,NA,"na Date is in uncalibrated radiocarbon years.","Xindi - charcoal db_SIEVED","counted","NaN-NaN",NA,NA,"",4155,4115,4195,4155,86.25,NA,"na Date is in uncalibrated radiocarbon years.",". Cal curve: NA. Source DB: IMPDv1","Lacustrine","Carbon-14","Radiocarbon",-52,18017,"Calibrated radiocarbon years BP","sedimentary charcoal","Data Sourcing: IMPDv1 #charcoal_recommendedformat","Sample Age Source: IMPDv1"
"1637",430,"charcoal | num",215,215.25,215.5,0.5,14857,14850,14864,"IMPDv1","Charcoal (sum)","(additional options)",NA,NA,"False","False","number","Macroscopic charcoal (sieved)","direct",NA,"CHAR",0,NA,NA,"quant_raw",5,"volume","cm^3","IMPDv1","IMPD_16657","charcoal","count","char","wet_sieve","particle","num","count","no_size","num","IMPDv1","measured",1,"IMPDv1",NA,"Xindi - charcoal db",67.111667,-159.491667,NA,"north",NA,NA,"sedlac",1637,0,NA,"Higuera,P.E.;Brubaker,L.B.;Anderson,P.M.;Hu,F.S.;Brown,T.A.;. Xindi - charcoal db. NOAA/WDS Paleoclimatology IMPD study 16657",NA,NA,NA,NA,NA,NA,NA,NA,NA,NA,NA,NA,NA,NA,"https://www.ncei.noaa.gov/access/paleo-search/study/16657",NA,NA,NA,NA,"noaa_study_id=16657; original pub in IMPD datafile header","IMPDv1:IMPD_16657",1637,"Hu,F.S.",1,"Hu","F.S.",NA,NA,NA,NA,NA,NA,NA,NA,NA,"IMPDv1:IMPD_16657",1637,"IMPDv1","IMPD_16657",NA,86.25,86.25,"cm",NA,"Radiocarbon","wood macrofossil",4155,40,4691,NA,"CAMS 80792",TRUE,NA,"na Date is in uncalibrated radiocarbon years.","Xindi - charcoal db_SIEVED","counted","NaN-NaN",NA,NA,"",4155,4115,4195,4155,86.25,NA,"na Date is in uncalibrated radiocarbon years.",". Cal curve: NA. Source DB: IMPDv1","Lacustrine","Carbon-14","Radiocarbon",-52,18017,"Calibrated radiocarbon years BP","sedimentary charcoal","Data Sourcing: IMPDv1 #charcoal_recommendedformat","Sample Age Source: IMPDv1"
"1637",431,"charcoal | num",215.5,215.75,216,0.5,14870.5,14864,14877,"IMPDv1","Charcoal (sum)","(additional options)",NA,NA,"False","False","number","Macroscopic charcoal (sieved)","direct",NA,"CHAR",0,NA,NA,"quant_raw",5,"volume","cm^3","IMPDv1","IMPD_16657","charcoal","count","char","wet_sieve","particle","num","count","no_size","num","IMPDv1","measured",1,"IMPDv1",NA,"Xindi - charcoal db",67.111667,-159.491667,NA,"north",NA,NA,"sedlac",1637,0,NA,"Higuera,P.E.;Brubaker,L.B.;Anderson,P.M.;Hu,F.S.;Brown,T.A.;. Xindi - charcoal db. NOAA/WDS Paleoclimatology IMPD study 16657",NA,NA,NA,NA,NA,NA,NA,NA,NA,NA,NA,NA,NA,NA,"https://www.ncei.noaa.gov/access/paleo-search/study/16657",NA,NA,NA,NA,"noaa_study_id=16657; original pub in IMPD datafile header","IMPDv1:IMPD_16657",1637,"Hu,F.S.",1,"Hu","F.S.",NA,NA,NA,NA,NA,NA,NA,NA,NA,"IMPDv1:IMPD_16657",1637,"IMPDv1","IMPD_16657",NA,86.25,86.25,"cm",NA,"Radiocarbon","wood macrofossil",4155,40,4691,NA,"CAMS 80792",TRUE,NA,"na Date is in uncalibrated radiocarbon years.","Xindi - charcoal db_SIEVED","counted","NaN-NaN",NA,NA,"",4155,4115,4195,4155,86.25,NA,"na Date is in uncalibrated radiocarbon years.",". Cal curve: NA. Source DB: IMPDv1","Lacustrine","Carbon-14","Radiocarbon",-52,18017,"Calibrated radiocarbon years BP","sedimentary charcoal","Data Sourcing: IMPDv1 #charcoal_recommendedformat","Sample Age Source: IMPDv1"
"1637",432,"charcoal | num",216,216.25,216.5,0.5,14884,14877,14891,"IMPDv1","Charcoal (sum)","(additional options)",NA,NA,"False","False","number","Macroscopic charcoal (sieved)","direct",NA,"CHAR",0,NA,NA,"quant_raw",5,"volume","cm^3","IMPDv1","IMPD_16657","charcoal","count","char","wet_sieve","particle","num","count","no_size","num","IMPDv1","measured",1,"IMPDv1",NA,"Xindi - charcoal db",67.111667,-159.491667,NA,"north",NA,NA,"sedlac",1637,0,NA,"Higuera,P.E.;Brubaker,L.B.;Anderson,P.M.;Hu,F.S.;Brown,T.A.;. Xindi - charcoal db. NOAA/WDS Paleoclimatology IMPD study 16657",NA,NA,NA,NA,NA,NA,NA,NA,NA,NA,NA,NA,NA,NA,"https://www.ncei.noaa.gov/access/paleo-search/study/16657",NA,NA,NA,NA,"noaa_study_id=16657; original pub in IMPD datafile header","IMPDv1:IMPD_16657",1637,"Hu,F.S.",1,"Hu","F.S.",NA,NA,NA,NA,NA,NA,NA,NA,NA,"IMPDv1:IMPD_16657",1637,"IMPDv1","IMPD_16657",NA,86.25,86.25,"cm",NA,"Radiocarbon","wood macrofossil",4155,40,4691,NA,"CAMS 80792",TRUE,NA,"na Date is in uncalibrated radiocarbon years.","Xindi - charcoal db_SIEVED","counted","NaN-NaN",NA,NA,"",4155,4115,4195,4155,86.25,NA,"na Date is in uncalibrated radiocarbon years.",". Cal curve: NA. Source DB: IMPDv1","Lacustrine","Carbon-14","Radiocarbon",-52,18017,"Calibrated radiocarbon years BP","sedimentary charcoal","Data Sourcing: IMPDv1 #charcoal_recommendedformat","Sample Age Source: IMPDv1"
"1637",433,"charcoal | num",216.5,216.75,217,0.5,14898,14891,14905,"IMPDv1","Charcoal (sum)","(additional options)",NA,NA,"False","False","number","Macroscopic charcoal (sieved)","direct",NA,"CHAR",0,NA,NA,"quant_raw",5,"volume","cm^3","IMPDv1","IMPD_16657","charcoal","count","char","wet_sieve","particle","num","count","no_size","num","IMPDv1","measured",1,"IMPDv1",NA,"Xindi - charcoal db",67.111667,-159.491667,NA,"north",NA,NA,"sedlac",1637,0,NA,"Higuera,P.E.;Brubaker,L.B.;Anderson,P.M.;Hu,F.S.;Brown,T.A.;. Xindi - charcoal db. NOAA/WDS Paleoclimatology IMPD study 16657",NA,NA,NA,NA,NA,NA,NA,NA,NA,NA,NA,NA,NA,NA,"https://www.ncei.noaa.gov/access/paleo-search/study/16657",NA,NA,NA,NA,"noaa_study_id=16657; original pub in IMPD datafile header","IMPDv1:IMPD_16657",1637,"Hu,F.S.",1,"Hu","F.S.",NA,NA,NA,NA,NA,NA,NA,NA,NA,"IMPDv1:IMPD_16657",1637,"IMPDv1","IMPD_16657",NA,86.25,86.25,"cm",NA,"Radiocarbon","wood macrofossil",4155,40,4691,NA,"CAMS 80792",TRUE,NA,"na Date is in uncalibrated radiocarbon years.","Xindi - charcoal db_SIEVED","counted","NaN-NaN",NA,NA,"",4155,4115,4195,4155,86.25,NA,"na Date is in uncalibrated radiocarbon years.",". Cal curve: NA. Source DB: IMPDv1","Lacustrine","Carbon-14","Radiocarbon",-52,18017,"Calibrated radiocarbon years BP","sedimentary charcoal","Data Sourcing: IMPDv1 #charcoal_recommendedformat","Sample Age Source: IMPDv1"
"1637",434,"charcoal | num",217,217.25,217.5,0.5,14911.5,14905,14918,"IMPDv1","Charcoal (sum)","(additional options)",NA,NA,"False","False","number","Macroscopic charcoal (sieved)","direct",NA,"CHAR",0,NA,NA,"quant_raw",5,"volume","cm^3","IMPDv1","IMPD_16657","charcoal","count","char","wet_sieve","particle","num","count","no_size","num","IMPDv1","measured",1,"IMPDv1",NA,"Xindi - charcoal db",67.111667,-159.491667,NA,"north",NA,NA,"sedlac",1637,0,NA,"Higuera,P.E.;Brubaker,L.B.;Anderson,P.M.;Hu,F.S.;Brown,T.A.;. Xindi - charcoal db. NOAA/WDS Paleoclimatology IMPD study 16657",NA,NA,NA,NA,NA,NA,NA,NA,NA,NA,NA,NA,NA,NA,"https://www.ncei.noaa.gov/access/paleo-search/study/16657",NA,NA,NA,NA,"noaa_study_id=16657; original pub in IMPD datafile header","IMPDv1:IMPD_16657",1637,"Hu,F.S.",1,"Hu","F.S.",NA,NA,NA,NA,NA,NA,NA,NA,NA,"IMPDv1:IMPD_16657",1637,"IMPDv1","IMPD_16657",NA,86.25,86.25,"cm",NA,"Radiocarbon","wood macrofossil",4155,40,4691,NA,"CAMS 80792",TRUE,NA,"na Date is in uncalibrated radiocarbon years.","Xindi - charcoal db_SIEVED","counted","NaN-NaN",NA,NA,"",4155,4115,4195,4155,86.25,NA,"na Date is in uncalibrated radiocarbon years.",". Cal curve: NA. Source DB: IMPDv1","Lacustrine","Carbon-14","Radiocarbon",-52,18017,"Calibrated radiocarbon years BP","sedimentary charcoal","Data Sourcing: IMPDv1 #charcoal_recommendedformat","Sample Age Source: IMPDv1"
"1637",435,"charcoal | num",217.5,217.75,218,0.5,14925,14918,14932,"IMPDv1","Charcoal (sum)","(additional options)",NA,NA,"False","False","number","Macroscopic charcoal (sieved)","direct",NA,"CHAR",0,NA,NA,"quant_raw",5,"volume","cm^3","IMPDv1","IMPD_16657","charcoal","count","char","wet_sieve","particle","num","count","no_size","num","IMPDv1","measured",1,"IMPDv1",NA,"Xindi - charcoal db",67.111667,-159.491667,NA,"north",NA,NA,"sedlac",1637,0,NA,"Higuera,P.E.;Brubaker,L.B.;Anderson,P.M.;Hu,F.S.;Brown,T.A.;. Xindi - charcoal db. NOAA/WDS Paleoclimatology IMPD study 16657",NA,NA,NA,NA,NA,NA,NA,NA,NA,NA,NA,NA,NA,NA,"https://www.ncei.noaa.gov/access/paleo-search/study/16657",NA,NA,NA,NA,"noaa_study_id=16657; original pub in IMPD datafile header","IMPDv1:IMPD_16657",1637,"Hu,F.S.",1,"Hu","F.S.",NA,NA,NA,NA,NA,NA,NA,NA,NA,"IMPDv1:IMPD_16657",1637,"IMPDv1","IMPD_16657",NA,86.25,86.25,"cm",NA,"Radiocarbon","wood macrofossil",4155,40,4691,NA,"CAMS 80792",TRUE,NA,"na Date is in uncalibrated radiocarbon years.","Xindi - charcoal db_SIEVED","counted","NaN-NaN",NA,NA,"",4155,4115,4195,4155,86.25,NA,"na Date is in uncalibrated radiocarbon years.",". Cal curve: NA. Source DB: IMPDv1","Lacustrine","Carbon-14","Radiocarbon",-52,18017,"Calibrated radiocarbon years BP","sedimentary charcoal","Data Sourcing: IMPDv1 #charcoal_recommendedformat","Sample Age Source: IMPDv1"
"1637",436,"charcoal | num",218,218.25,218.5,0.5,14939,14932,14946,"IMPDv1","Charcoal (sum)","(additional options)",NA,NA,"False","False","number","Macroscopic charcoal (sieved)","direct",NA,"CHAR",0,NA,NA,"quant_raw",5,"volume","cm^3","IMPDv1","IMPD_16657","charcoal","count","char","wet_sieve","particle","num","count","no_size","num","IMPDv1","measured",1,"IMPDv1",NA,"Xindi - charcoal db",67.111667,-159.491667,NA,"north",NA,NA,"sedlac",1637,0,NA,"Higuera,P.E.;Brubaker,L.B.;Anderson,P.M.;Hu,F.S.;Brown,T.A.;. Xindi - charcoal db. NOAA/WDS Paleoclimatology IMPD study 16657",NA,NA,NA,NA,NA,NA,NA,NA,NA,NA,NA,NA,NA,NA,"https://www.ncei.noaa.gov/access/paleo-search/study/16657",NA,NA,NA,NA,"noaa_study_id=16657; original pub in IMPD datafile header","IMPDv1:IMPD_16657",1637,"Hu,F.S.",1,"Hu","F.S.",NA,NA,NA,NA,NA,NA,NA,NA,NA,"IMPDv1:IMPD_16657",1637,"IMPDv1","IMPD_16657",NA,86.25,86.25,"cm",NA,"Radiocarbon","wood macrofossil",4155,40,4691,NA,"CAMS 80792",TRUE,NA,"na Date is in uncalibrated radiocarbon years.","Xindi - charcoal db_SIEVED","counted","NaN-NaN",NA,NA,"",4155,4115,4195,4155,86.25,NA,"na Date is in uncalibrated radiocarbon years.",". Cal curve: NA. Source DB: IMPDv1","Lacustrine","Carbon-14","Radiocarbon",-52,18017,"Calibrated radiocarbon years BP","sedimentary charcoal","Data Sourcing: IMPDv1 #charcoal_recommendedformat","Sample Age Source: IMPDv1"
"1637",437,"charcoal | num",218.5,218.75,219,0.5,14953,14946,14960,"IMPDv1","Charcoal (sum)","(additional options)",NA,NA,"False","False","number","Macroscopic charcoal (sieved)","direct",NA,"CHAR",0,NA,NA,"quant_raw",5,"volume","cm^3","IMPDv1","IMPD_16657","charcoal","count","char","wet_sieve","particle","num","count","no_size","num","IMPDv1","measured",1,"IMPDv1",NA,"Xindi - charcoal db",67.111667,-159.491667,NA,"north",NA,NA,"sedlac",1637,0,NA,"Higuera,P.E.;Brubaker,L.B.;Anderson,P.M.;Hu,F.S.;Brown,T.A.;. Xindi - charcoal db. NOAA/WDS Paleoclimatology IMPD study 16657",NA,NA,NA,NA,NA,NA,NA,NA,NA,NA,NA,NA,NA,NA,"https://www.ncei.noaa.gov/access/paleo-search/study/16657",NA,NA,NA,NA,"noaa_study_id=16657; original pub in IMPD datafile header","IMPDv1:IMPD_16657",1637,"Hu,F.S.",1,"Hu","F.S.",NA,NA,NA,NA,NA,NA,NA,NA,NA,"IMPDv1:IMPD_16657",1637,"IMPDv1","IMPD_16657",NA,86.25,86.25,"cm",NA,"Radiocarbon","wood macrofossil",4155,40,4691,NA,"CAMS 80792",TRUE,NA,"na Date is in uncalibrated radiocarbon years.","Xindi - charcoal db_SIEVED","counted","NaN-NaN",NA,NA,"",4155,4115,4195,4155,86.25,NA,"na Date is in uncalibrated radiocarbon years.",". Cal curve: NA. Source DB: IMPDv1","Lacustrine","Carbon-14","Radiocarbon",-52,18017,"Calibrated radiocarbon years BP","sedimentary charcoal","Data Sourcing: IMPDv1 #charcoal_recommendedformat","Sample Age Source: IMPDv1"
"1637",438,"charcoal | num",219,219.25,219.5,0.5,14967,14960,14974,"IMPDv1","Charcoal (sum)","(additional options)",NA,NA,"False","False","number","Macroscopic charcoal (sieved)","direct",NA,"CHAR",0,NA,NA,"quant_raw",5,"volume","cm^3","IMPDv1","IMPD_16657","charcoal","count","char","wet_sieve","particle","num","count","no_size","num","IMPDv1","measured",1,"IMPDv1",NA,"Xindi - charcoal db",67.111667,-159.491667,NA,"north",NA,NA,"sedlac",1637,0,NA,"Higuera,P.E.;Brubaker,L.B.;Anderson,P.M.;Hu,F.S.;Brown,T.A.;. Xindi - charcoal db. NOAA/WDS Paleoclimatology IMPD study 16657",NA,NA,NA,NA,NA,NA,NA,NA,NA,NA,NA,NA,NA,NA,"https://www.ncei.noaa.gov/access/paleo-search/study/16657",NA,NA,NA,NA,"noaa_study_id=16657; original pub in IMPD datafile header","IMPDv1:IMPD_16657",1637,"Hu,F.S.",1,"Hu","F.S.",NA,NA,NA,NA,NA,NA,NA,NA,NA,"IMPDv1:IMPD_16657",1637,"IMPDv1","IMPD_16657",NA,86.25,86.25,"cm",NA,"Radiocarbon","wood macrofossil",4155,40,4691,NA,"CAMS 80792",TRUE,NA,"na Date is in uncalibrated radiocarbon years.","Xindi - charcoal db_SIEVED","counted","NaN-NaN",NA,NA,"",4155,4115,4195,4155,86.25,NA,"na Date is in uncalibrated radiocarbon years.",". Cal curve: NA. Source DB: IMPDv1","Lacustrine","Carbon-14","Radiocarbon",-52,18017,"Calibrated radiocarbon years BP","sedimentary charcoal","Data Sourcing: IMPDv1 #charcoal_recommendedformat","Sample Age Source: IMPDv1"
"1637",439,"charcoal | num",219.5,219.75,220,0.5,14981,14974,14988,"IMPDv1","Charcoal (sum)","(additional options)",NA,NA,"False","False","number","Macroscopic charcoal (sieved)","direct",NA,"CHAR",0,NA,NA,"quant_raw",5,"volume","cm^3","IMPDv1","IMPD_16657","charcoal","count","char","wet_sieve","particle","num","count","no_size","num","IMPDv1","measured",1,"IMPDv1",NA,"Xindi - charcoal db",67.111667,-159.491667,NA,"north",NA,NA,"sedlac",1637,0,NA,"Higuera,P.E.;Brubaker,L.B.;Anderson,P.M.;Hu,F.S.;Brown,T.A.;. Xindi - charcoal db. NOAA/WDS Paleoclimatology IMPD study 16657",NA,NA,NA,NA,NA,NA,NA,NA,NA,NA,NA,NA,NA,NA,"https://www.ncei.noaa.gov/access/paleo-search/study/16657",NA,NA,NA,NA,"noaa_study_id=16657; original pub in IMPD datafile header","IMPDv1:IMPD_16657",1637,"Hu,F.S.",1,"Hu","F.S.",NA,NA,NA,NA,NA,NA,NA,NA,NA,"IMPDv1:IMPD_16657",1637,"IMPDv1","IMPD_16657",NA,86.25,86.25,"cm",NA,"Radiocarbon","wood macrofossil",4155,40,4691,NA,"CAMS 80792",TRUE,NA,"na Date is in uncalibrated radiocarbon years.","Xindi - charcoal db_SIEVED","counted","NaN-NaN",NA,NA,"",4155,4115,4195,4155,86.25,NA,"na Date is in uncalibrated radiocarbon years.",". Cal curve: NA. Source DB: IMPDv1","Lacustrine","Carbon-14","Radiocarbon",-52,18017,"Calibrated radiocarbon years BP","sedimentary charcoal","Data Sourcing: IMPDv1 #charcoal_recommendedformat","Sample Age Source: IMPDv1"
"1637",440,"charcoal | num",220,220.25,220.5,0.5,14995,14988,15002,"IMPDv1","Charcoal (sum)","(additional options)",NA,NA,"False","False","number","Macroscopic charcoal (sieved)","direct",NA,"CHAR",0,NA,NA,"quant_raw",5,"volume","cm^3","IMPDv1","IMPD_16657","charcoal","count","char","wet_sieve","particle","num","count","no_size","num","IMPDv1","measured",1,"IMPDv1",NA,"Xindi - charcoal db",67.111667,-159.491667,NA,"north",NA,NA,"sedlac",1637,0,NA,"Higuera,P.E.;Brubaker,L.B.;Anderson,P.M.;Hu,F.S.;Brown,T.A.;. Xindi - charcoal db. NOAA/WDS Paleoclimatology IMPD study 16657",NA,NA,NA,NA,NA,NA,NA,NA,NA,NA,NA,NA,NA,NA,"https://www.ncei.noaa.gov/access/paleo-search/study/16657",NA,NA,NA,NA,"noaa_study_id=16657; original pub in IMPD datafile header","IMPDv1:IMPD_16657",1637,"Hu,F.S.",1,"Hu","F.S.",NA,NA,NA,NA,NA,NA,NA,NA,NA,"IMPDv1:IMPD_16657",1637,"IMPDv1","IMPD_16657",NA,86.25,86.25,"cm",NA,"Radiocarbon","wood macrofossil",4155,40,4691,NA,"CAMS 80792",TRUE,NA,"na Date is in uncalibrated radiocarbon years.","Xindi - charcoal db_SIEVED","counted","NaN-NaN",NA,NA,"",4155,4115,4195,4155,86.25,NA,"na Date is in uncalibrated radiocarbon years.",". Cal curve: NA. Source DB: IMPDv1","Lacustrine","Carbon-14","Radiocarbon",-52,18017,"Calibrated radiocarbon years BP","sedimentary charcoal","Data Sourcing: IMPDv1 #charcoal_recommendedformat","Sample Age Source: IMPDv1"
"1637",441,"charcoal | num",220.5,220.75,221,0.5,15009.5,15002,15017,"IMPDv1","Charcoal (sum)","(additional options)",NA,NA,"False","False","number","Macroscopic charcoal (sieved)","direct",NA,"CHAR",0,NA,NA,"quant_raw",5,"volume","cm^3","IMPDv1","IMPD_16657","charcoal","count","char","wet_sieve","particle","num","count","no_size","num","IMPDv1","measured",1,"IMPDv1",NA,"Xindi - charcoal db",67.111667,-159.491667,NA,"north",NA,NA,"sedlac",1637,0,NA,"Higuera,P.E.;Brubaker,L.B.;Anderson,P.M.;Hu,F.S.;Brown,T.A.;. Xindi - charcoal db. NOAA/WDS Paleoclimatology IMPD study 16657",NA,NA,NA,NA,NA,NA,NA,NA,NA,NA,NA,NA,NA,NA,"https://www.ncei.noaa.gov/access/paleo-search/study/16657",NA,NA,NA,NA,"noaa_study_id=16657; original pub in IMPD datafile header","IMPDv1:IMPD_16657",1637,"Hu,F.S.",1,"Hu","F.S.",NA,NA,NA,NA,NA,NA,NA,NA,NA,"IMPDv1:IMPD_16657",1637,"IMPDv1","IMPD_16657",NA,86.25,86.25,"cm",NA,"Radiocarbon","wood macrofossil",4155,40,4691,NA,"CAMS 80792",TRUE,NA,"na Date is in uncalibrated radiocarbon years.","Xindi - charcoal db_SIEVED","counted","NaN-NaN",NA,NA,"",4155,4115,4195,4155,86.25,NA,"na Date is in uncalibrated radiocarbon years.",". Cal curve: NA. Source DB: IMPDv1","Lacustrine","Carbon-14","Radiocarbon",-52,18017,"Calibrated radiocarbon years BP","sedimentary charcoal","Data Sourcing: IMPDv1 #charcoal_recommendedformat","Sample Age Source: IMPDv1"
"1637",442,"charcoal | num",221,221.25,221.5,0.5,15024,15017,15031,"IMPDv1","Charcoal (sum)","(additional options)",NA,NA,"False","False","number","Macroscopic charcoal (sieved)","direct",NA,"CHAR",0,NA,NA,"quant_raw",5,"volume","cm^3","IMPDv1","IMPD_16657","charcoal","count","char","wet_sieve","particle","num","count","no_size","num","IMPDv1","measured",1,"IMPDv1",NA,"Xindi - charcoal db",67.111667,-159.491667,NA,"north",NA,NA,"sedlac",1637,0,NA,"Higuera,P.E.;Brubaker,L.B.;Anderson,P.M.;Hu,F.S.;Brown,T.A.;. Xindi - charcoal db. NOAA/WDS Paleoclimatology IMPD study 16657",NA,NA,NA,NA,NA,NA,NA,NA,NA,NA,NA,NA,NA,NA,"https://www.ncei.noaa.gov/access/paleo-search/study/16657",NA,NA,NA,NA,"noaa_study_id=16657; original pub in IMPD datafile header","IMPDv1:IMPD_16657",1637,"Hu,F.S.",1,"Hu","F.S.",NA,NA,NA,NA,NA,NA,NA,NA,NA,"IMPDv1:IMPD_16657",1637,"IMPDv1","IMPD_16657",NA,96.5,96.5,"cm",NA,"Radiocarbon","concentrated charcoal",4875,35,5742,NA,"CAMS 116839",TRUE,NA,"na Date is in uncalibrated radiocarbon years.","Xindi - charcoal db_SIEVED","counted","NaN-NaN",NA,NA,"",4875,4840,4910,4875,96.5,NA,"na Date is in uncalibrated radiocarbon years.",". Cal curve: NA. Source DB: IMPDv1","Lacustrine","Carbon-14","Radiocarbon",-52,18017,"Calibrated radiocarbon years BP","sedimentary charcoal","Data Sourcing: IMPDv1 #charcoal_recommendedformat","Sample Age Source: IMPDv1"
"1637",443,"charcoal | num",221.5,221.75,222,0.5,15038,15031,15045,"IMPDv1","Charcoal (sum)","(additional options)",NA,NA,"False","False","number","Macroscopic charcoal (sieved)","direct",NA,"CHAR",0,NA,NA,"quant_raw",5,"volume","cm^3","IMPDv1","IMPD_16657","charcoal","count","char","wet_sieve","particle","num","count","no_size","num","IMPDv1","measured",1,"IMPDv1",NA,"Xindi - charcoal db",67.111667,-159.491667,NA,"north",NA,NA,"sedlac",1637,0,NA,"Higuera,P.E.;Brubaker,L.B.;Anderson,P.M.;Hu,F.S.;Brown,T.A.;. Xindi - charcoal db. NOAA/WDS Paleoclimatology IMPD study 16657",NA,NA,NA,NA,NA,NA,NA,NA,NA,NA,NA,NA,NA,NA,"https://www.ncei.noaa.gov/access/paleo-search/study/16657",NA,NA,NA,NA,"noaa_study_id=16657; original pub in IMPD datafile header","IMPDv1:IMPD_16657",1637,"Hu,F.S.",1,"Hu","F.S.",NA,NA,NA,NA,NA,NA,NA,NA,NA,"IMPDv1:IMPD_16657",1637,"IMPDv1","IMPD_16657",NA,96.5,96.5,"cm",NA,"Radiocarbon","concentrated charcoal",4875,35,5742,NA,"CAMS 116839",TRUE,NA,"na Date is in uncalibrated radiocarbon years.","Xindi - charcoal db_SIEVED","counted","NaN-NaN",NA,NA,"",4875,4840,4910,4875,96.5,NA,"na Date is in uncalibrated radiocarbon years.",". Cal curve: NA. Source DB: IMPDv1","Lacustrine","Carbon-14","Radiocarbon",-52,18017,"Calibrated radiocarbon years BP","sedimentary charcoal","Data Sourcing: IMPDv1 #charcoal_recommendedformat","Sample Age Source: IMPDv1"
"1637",444,"charcoal | num",222,222.25,222.5,0.5,15052.5,15045,15060,"IMPDv1","Charcoal (sum)","(additional options)",NA,NA,"False","False","number","Macroscopic charcoal (sieved)","direct",NA,"CHAR",0,NA,NA,"quant_raw",5,"volume","cm^3","IMPDv1","IMPD_16657","charcoal","count","char","wet_sieve","particle","num","count","no_size","num","IMPDv1","measured",1,"IMPDv1",NA,"Xindi - charcoal db",67.111667,-159.491667,NA,"north",NA,NA,"sedlac",1637,0,NA,"Higuera,P.E.;Brubaker,L.B.;Anderson,P.M.;Hu,F.S.;Brown,T.A.;. Xindi - charcoal db. NOAA/WDS Paleoclimatology IMPD study 16657",NA,NA,NA,NA,NA,NA,NA,NA,NA,NA,NA,NA,NA,NA,"https://www.ncei.noaa.gov/access/paleo-search/study/16657",NA,NA,NA,NA,"noaa_study_id=16657; original pub in IMPD datafile header","IMPDv1:IMPD_16657",1637,"Hu,F.S.",1,"Hu","F.S.",NA,NA,NA,NA,NA,NA,NA,NA,NA,"IMPDv1:IMPD_16657",1637,"IMPDv1","IMPD_16657",NA,96.5,96.5,"cm",NA,"Radiocarbon","concentrated charcoal",4875,35,5742,NA,"CAMS 116839",TRUE,NA,"na Date is in uncalibrated radiocarbon years.","Xindi - charcoal db_SIEVED","counted","NaN-NaN",NA,NA,"",4875,4840,4910,4875,96.5,NA,"na Date is in uncalibrated radiocarbon years.",". Cal curve: NA. Source DB: IMPDv1","Lacustrine","Carbon-14","Radiocarbon",-52,18017,"Calibrated radiocarbon years BP","sedimentary charcoal","Data Sourcing: IMPDv1 #charcoal_recommendedformat","Sample Age Source: IMPDv1"
"1637",445,"charcoal | num",222.5,222.75,223,0.5,15067,15060,15074,"IMPDv1","Charcoal (sum)","(additional options)",NA,NA,"False","False","number","Macroscopic charcoal (sieved)","direct",NA,"CHAR",1,NA,NA,"quant_raw",5,"volume","cm^3","IMPDv1","IMPD_16657","charcoal","count","char","wet_sieve","particle","num","count","no_size","num","IMPDv1","measured",1,"IMPDv1",NA,"Xindi - charcoal db",67.111667,-159.491667,NA,"north",NA,NA,"sedlac",1637,0,NA,"Higuera,P.E.;Brubaker,L.B.;Anderson,P.M.;Hu,F.S.;Brown,T.A.;. Xindi - charcoal db. NOAA/WDS Paleoclimatology IMPD study 16657",NA,NA,NA,NA,NA,NA,NA,NA,NA,NA,NA,NA,NA,NA,"https://www.ncei.noaa.gov/access/paleo-search/study/16657",NA,NA,NA,NA,"noaa_study_id=16657; original pub in IMPD datafile header","IMPDv1:IMPD_16657",1637,"Hu,F.S.",1,"Hu","F.S.",NA,NA,NA,NA,NA,NA,NA,NA,NA,"IMPDv1:IMPD_16657",1637,"IMPDv1","IMPD_16657",NA,96.5,96.5,"cm",NA,"Radiocarbon","concentrated charcoal",4875,35,5742,NA,"CAMS 116839",TRUE,NA,"na Date is in uncalibrated radiocarbon years.","Xindi - charcoal db_SIEVED","counted","NaN-NaN",NA,NA,"",4875,4840,4910,4875,96.5,NA,"na Date is in uncalibrated radiocarbon years.",". Cal curve: NA. Source DB: IMPDv1","Lacustrine","Carbon-14","Radiocarbon",-52,18017,"Calibrated radiocarbon years BP","sedimentary charcoal","Data Sourcing: IMPDv1 #charcoal_recommendedformat","Sample Age Source: IMPDv1"
"1637",446,"charcoal | num",223,223.25,223.5,0.5,15081.5,15074,15089,"IMPDv1","Charcoal (sum)","(additional options)",NA,NA,"False","False","number","Macroscopic charcoal (sieved)","direct",NA,"CHAR",0,NA,NA,"quant_raw",5,"volume","cm^3","IMPDv1","IMPD_16657","charcoal","count","char","wet_sieve","particle","num","count","no_size","num","IMPDv1","measured",1,"IMPDv1",NA,"Xindi - charcoal db",67.111667,-159.491667,NA,"north",NA,NA,"sedlac",1637,0,NA,"Higuera,P.E.;Brubaker,L.B.;Anderson,P.M.;Hu,F.S.;Brown,T.A.;. Xindi - charcoal db. NOAA/WDS Paleoclimatology IMPD study 16657",NA,NA,NA,NA,NA,NA,NA,NA,NA,NA,NA,NA,NA,NA,"https://www.ncei.noaa.gov/access/paleo-search/study/16657",NA,NA,NA,NA,"noaa_study_id=16657; original pub in IMPD datafile header","IMPDv1:IMPD_16657",1637,"Hu,F.S.",1,"Hu","F.S.",NA,NA,NA,NA,NA,NA,NA,NA,NA,"IMPDv1:IMPD_16657",1637,"IMPDv1","IMPD_16657",NA,96.5,96.5,"cm",NA,"Radiocarbon","concentrated charcoal",4875,35,5742,NA,"CAMS 116839",TRUE,NA,"na Date is in uncalibrated radiocarbon years.","Xindi - charcoal db_SIEVED","counted","NaN-NaN",NA,NA,"",4875,4840,4910,4875,96.5,NA,"na Date is in uncalibrated radiocarbon years.",". Cal curve: NA. Source DB: IMPDv1","Lacustrine","Carbon-14","Radiocarbon",-52,18017,"Calibrated radiocarbon years BP","sedimentary charcoal","Data Sourcing: IMPDv1 #charcoal_recommendedformat","Sample Age Source: IMPDv1"
"1637",447,"charcoal | num",223.5,223.75,224,0.5,15096,15089,15103,"IMPDv1","Charcoal (sum)","(additional options)",NA,NA,"False","False","number","Macroscopic charcoal (sieved)","direct",NA,"CHAR",0,NA,NA,"quant_raw",5,"volume","cm^3","IMPDv1","IMPD_16657","charcoal","count","char","wet_sieve","particle","num","count","no_size","num","IMPDv1","measured",1,"IMPDv1",NA,"Xindi - charcoal db",67.111667,-159.491667,NA,"north",NA,NA,"sedlac",1637,0,NA,"Higuera,P.E.;Brubaker,L.B.;Anderson,P.M.;Hu,F.S.;Brown,T.A.;. Xindi - charcoal db. NOAA/WDS Paleoclimatology IMPD study 16657",NA,NA,NA,NA,NA,NA,NA,NA,NA,NA,NA,NA,NA,NA,"https://www.ncei.noaa.gov/access/paleo-search/study/16657",NA,NA,NA,NA,"noaa_study_id=16657; original pub in IMPD datafile header","IMPDv1:IMPD_16657",1637,"Hu,F.S.",1,"Hu","F.S.",NA,NA,NA,NA,NA,NA,NA,NA,NA,"IMPDv1:IMPD_16657",1637,"IMPDv1","IMPD_16657",NA,96.5,96.5,"cm",NA,"Radiocarbon","concentrated charcoal",4875,35,5742,NA,"CAMS 116839",TRUE,NA,"na Date is in uncalibrated radiocarbon years.","Xindi - charcoal db_SIEVED","counted","NaN-NaN",NA,NA,"",4875,4840,4910,4875,96.5,NA,"na Date is in uncalibrated radiocarbon years.",". Cal curve: NA. Source DB: IMPDv1","Lacustrine","Carbon-14","Radiocarbon",-52,18017,"Calibrated radiocarbon years BP","sedimentary charcoal","Data Sourcing: IMPDv1 #charcoal_recommendedformat","Sample Age Source: IMPDv1"
"1637",448,"charcoal | num",224,224.25,224.5,0.5,15110.5,15103,15118,"IMPDv1","Charcoal (sum)","(additional options)",NA,NA,"False","False","number","Macroscopic charcoal (sieved)","direct",NA,"CHAR",0,NA,NA,"quant_raw",5,"volume","cm^3","IMPDv1","IMPD_16657","charcoal","count","char","wet_sieve","particle","num","count","no_size","num","IMPDv1","measured",1,"IMPDv1",NA,"Xindi - charcoal db",67.111667,-159.491667,NA,"north",NA,NA,"sedlac",1637,0,NA,"Higuera,P.E.;Brubaker,L.B.;Anderson,P.M.;Hu,F.S.;Brown,T.A.;. Xindi - charcoal db. NOAA/WDS Paleoclimatology IMPD study 16657",NA,NA,NA,NA,NA,NA,NA,NA,NA,NA,NA,NA,NA,NA,"https://www.ncei.noaa.gov/access/paleo-search/study/16657",NA,NA,NA,NA,"noaa_study_id=16657; original pub in IMPD datafile header","IMPDv1:IMPD_16657",1637,"Hu,F.S.",1,"Hu","F.S.",NA,NA,NA,NA,NA,NA,NA,NA,NA,"IMPDv1:IMPD_16657",1637,"IMPDv1","IMPD_16657",NA,96.5,96.5,"cm",NA,"Radiocarbon","concentrated charcoal",4875,35,5742,NA,"CAMS 116839",TRUE,NA,"na Date is in uncalibrated radiocarbon years.","Xindi - charcoal db_SIEVED","counted","NaN-NaN",NA,NA,"",4875,4840,4910,4875,96.5,NA,"na Date is in uncalibrated radiocarbon years.",". Cal curve: NA. Source DB: IMPDv1","Lacustrine","Carbon-14","Radiocarbon",-52,18017,"Calibrated radiocarbon years BP","sedimentary charcoal","Data Sourcing: IMPDv1 #charcoal_recommendedformat","Sample Age Source: IMPDv1"
"1637",449,"charcoal | num",224.5,224.75,225,0.5,15125.5,15118,15133,"IMPDv1","Charcoal (sum)","(additional options)",NA,NA,"False","False","number","Macroscopic charcoal (sieved)","direct",NA,"CHAR",0,NA,NA,"quant_raw",5,"volume","cm^3","IMPDv1","IMPD_16657","charcoal","count","char","wet_sieve","particle","num","count","no_size","num","IMPDv1","measured",1,"IMPDv1",NA,"Xindi - charcoal db",67.111667,-159.491667,NA,"north",NA,NA,"sedlac",1637,0,NA,"Higuera,P.E.;Brubaker,L.B.;Anderson,P.M.;Hu,F.S.;Brown,T.A.;. Xindi - charcoal db. NOAA/WDS Paleoclimatology IMPD study 16657",NA,NA,NA,NA,NA,NA,NA,NA,NA,NA,NA,NA,NA,NA,"https://www.ncei.noaa.gov/access/paleo-search/study/16657",NA,NA,NA,NA,"noaa_study_id=16657; original pub in IMPD datafile header","IMPDv1:IMPD_16657",1637,"Hu,F.S.",1,"Hu","F.S.",NA,NA,NA,NA,NA,NA,NA,NA,NA,"IMPDv1:IMPD_16657",1637,"IMPDv1","IMPD_16657",NA,96.5,96.5,"cm",NA,"Radiocarbon","concentrated charcoal",4875,35,5742,NA,"CAMS 116839",TRUE,NA,"na Date is in uncalibrated radiocarbon years.","Xindi - charcoal db_SIEVED","counted","NaN-NaN",NA,NA,"",4875,4840,4910,4875,96.5,NA,"na Date is in uncalibrated radiocarbon years.",". Cal curve: NA. Source DB: IMPDv1","Lacustrine","Carbon-14","Radiocarbon",-52,18017,"Calibrated radiocarbon years BP","sedimentary charcoal","Data Sourcing: IMPDv1 #charcoal_recommendedformat","Sample Age Source: IMPDv1"
"1637",450,"charcoal | num",225,225.25,225.5,0.5,15140.5,15133,15148,"IMPDv1","Charcoal (sum)","(additional options)",NA,NA,"False","False","number","Macroscopic charcoal (sieved)","direct",NA,"CHAR",0,NA,NA,"quant_raw",5,"volume","cm^3","IMPDv1","IMPD_16657","charcoal","count","char","wet_sieve","particle","num","count","no_size","num","IMPDv1","measured",1,"IMPDv1",NA,"Xindi - charcoal db",67.111667,-159.491667,NA,"north",NA,NA,"sedlac",1637,0,NA,"Higuera,P.E.;Brubaker,L.B.;Anderson,P.M.;Hu,F.S.;Brown,T.A.;. Xindi - charcoal db. NOAA/WDS Paleoclimatology IMPD study 16657",NA,NA,NA,NA,NA,NA,NA,NA,NA,NA,NA,NA,NA,NA,"https://www.ncei.noaa.gov/access/paleo-search/study/16657",NA,NA,NA,NA,"noaa_study_id=16657; original pub in IMPD datafile header","IMPDv1:IMPD_16657",1637,"Hu,F.S.",1,"Hu","F.S.",NA,NA,NA,NA,NA,NA,NA,NA,NA,"IMPDv1:IMPD_16657",1637,"IMPDv1","IMPD_16657",NA,96.5,96.5,"cm",NA,"Radiocarbon","concentrated charcoal",4875,35,5742,NA,"CAMS 116839",TRUE,NA,"na Date is in uncalibrated radiocarbon years.","Xindi - charcoal db_SIEVED","counted","NaN-NaN",NA,NA,"",4875,4840,4910,4875,96.5,NA,"na Date is in uncalibrated radiocarbon years.",". Cal curve: NA. Source DB: IMPDv1","Lacustrine","Carbon-14","Radiocarbon",-52,18017,"Calibrated radiocarbon years BP","sedimentary charcoal","Data Sourcing: IMPDv1 #charcoal_recommendedformat","Sample Age Source: IMPDv1"
"1637",451,"charcoal | num",225.5,225.75,226,0.5,15155.5,15148,15163,"IMPDv1","Charcoal (sum)","(additional options)",NA,NA,"False","False","number","Macroscopic charcoal (sieved)","direct",NA,"CHAR",0,NA,NA,"quant_raw",5,"volume","cm^3","IMPDv1","IMPD_16657","charcoal","count","char","wet_sieve","particle","num","count","no_size","num","IMPDv1","measured",1,"IMPDv1",NA,"Xindi - charcoal db",67.111667,-159.491667,NA,"north",NA,NA,"sedlac",1637,0,NA,"Higuera,P.E.;Brubaker,L.B.;Anderson,P.M.;Hu,F.S.;Brown,T.A.;. Xindi - charcoal db. NOAA/WDS Paleoclimatology IMPD study 16657",NA,NA,NA,NA,NA,NA,NA,NA,NA,NA,NA,NA,NA,NA,"https://www.ncei.noaa.gov/access/paleo-search/study/16657",NA,NA,NA,NA,"noaa_study_id=16657; original pub in IMPD datafile header","IMPDv1:IMPD_16657",1637,"Hu,F.S.",1,"Hu","F.S.",NA,NA,NA,NA,NA,NA,NA,NA,NA,"IMPDv1:IMPD_16657",1637,"IMPDv1","IMPD_16657",NA,96.5,96.5,"cm",NA,"Radiocarbon","concentrated charcoal",4875,35,5742,NA,"CAMS 116839",TRUE,NA,"na Date is in uncalibrated radiocarbon years.","Xindi - charcoal db_SIEVED","counted","NaN-NaN",NA,NA,"",4875,4840,4910,4875,96.5,NA,"na Date is in uncalibrated radiocarbon years.",". Cal curve: NA. Source DB: IMPDv1","Lacustrine","Carbon-14","Radiocarbon",-52,18017,"Calibrated radiocarbon years BP","sedimentary charcoal","Data Sourcing: IMPDv1 #charcoal_recommendedformat","Sample Age Source: IMPDv1"
"1637",452,"charcoal | num",226,226.25,226.5,0.5,15170.5,15163,15178,"IMPDv1","Charcoal (sum)","(additional options)",NA,NA,"False","False","number","Macroscopic charcoal (sieved)","direct",NA,"CHAR",2,NA,NA,"quant_raw",5,"volume","cm^3","IMPDv1","IMPD_16657","charcoal","count","char","wet_sieve","particle","num","count","no_size","num","IMPDv1","measured",1,"IMPDv1",NA,"Xindi - charcoal db",67.111667,-159.491667,NA,"north",NA,NA,"sedlac",1637,0,NA,"Higuera,P.E.;Brubaker,L.B.;Anderson,P.M.;Hu,F.S.;Brown,T.A.;. Xindi - charcoal db. NOAA/WDS Paleoclimatology IMPD study 16657",NA,NA,NA,NA,NA,NA,NA,NA,NA,NA,NA,NA,NA,NA,"https://www.ncei.noaa.gov/access/paleo-search/study/16657",NA,NA,NA,NA,"noaa_study_id=16657; original pub in IMPD datafile header","IMPDv1:IMPD_16657",1637,"Hu,F.S.",1,"Hu","F.S.",NA,NA,NA,NA,NA,NA,NA,NA,NA,"IMPDv1:IMPD_16657",1637,"IMPDv1","IMPD_16657",NA,96.5,96.5,"cm",NA,"Radiocarbon","concentrated charcoal",4875,35,5742,NA,"CAMS 116839",TRUE,NA,"na Date is in uncalibrated radiocarbon years.","Xindi - charcoal db_SIEVED","counted","NaN-NaN",NA,NA,"",4875,4840,4910,4875,96.5,NA,"na Date is in uncalibrated radiocarbon years.",". Cal curve: NA. Source DB: IMPDv1","Lacustrine","Carbon-14","Radiocarbon",-52,18017,"Calibrated radiocarbon years BP","sedimentary charcoal","Data Sourcing: IMPDv1 #charcoal_recommendedformat","Sample Age Source: IMPDv1"
"1637",453,"charcoal | num",226.5,226.75,227,0.5,15185.5,15178,15193,"IMPDv1","Charcoal (sum)","(additional options)",NA,NA,"False","False","number","Macroscopic charcoal (sieved)","direct",NA,"CHAR",0,NA,NA,"quant_raw",5,"volume","cm^3","IMPDv1","IMPD_16657","charcoal","count","char","wet_sieve","particle","num","count","no_size","num","IMPDv1","measured",1,"IMPDv1",NA,"Xindi - charcoal db",67.111667,-159.491667,NA,"north",NA,NA,"sedlac",1637,0,NA,"Higuera,P.E.;Brubaker,L.B.;Anderson,P.M.;Hu,F.S.;Brown,T.A.;. Xindi - charcoal db. NOAA/WDS Paleoclimatology IMPD study 16657",NA,NA,NA,NA,NA,NA,NA,NA,NA,NA,NA,NA,NA,NA,"https://www.ncei.noaa.gov/access/paleo-search/study/16657",NA,NA,NA,NA,"noaa_study_id=16657; original pub in IMPD datafile header","IMPDv1:IMPD_16657",1637,"Hu,F.S.",1,"Hu","F.S.",NA,NA,NA,NA,NA,NA,NA,NA,NA,"IMPDv1:IMPD_16657",1637,"IMPDv1","IMPD_16657",NA,96.5,96.5,"cm",NA,"Radiocarbon","concentrated charcoal",4875,35,5742,NA,"CAMS 116839",TRUE,NA,"na Date is in uncalibrated radiocarbon years.","Xindi - charcoal db_SIEVED","counted","NaN-NaN",NA,NA,"",4875,4840,4910,4875,96.5,NA,"na Date is in uncalibrated radiocarbon years.",". Cal curve: NA. Source DB: IMPDv1","Lacustrine","Carbon-14","Radiocarbon",-52,18017,"Calibrated radiocarbon years BP","sedimentary charcoal","Data Sourcing: IMPDv1 #charcoal_recommendedformat","Sample Age Source: IMPDv1"
"1637",454,"charcoal | num",227,227.25,227.5,0.5,15200.5,15193,15208,"IMPDv1","Charcoal (sum)","(additional options)",NA,NA,"False","False","number","Macroscopic charcoal (sieved)","direct",NA,"CHAR",0,NA,NA,"quant_raw",5,"volume","cm^3","IMPDv1","IMPD_16657","charcoal","count","char","wet_sieve","particle","num","count","no_size","num","IMPDv1","measured",1,"IMPDv1",NA,"Xindi - charcoal db",67.111667,-159.491667,NA,"north",NA,NA,"sedlac",1637,0,NA,"Higuera,P.E.;Brubaker,L.B.;Anderson,P.M.;Hu,F.S.;Brown,T.A.;. Xindi - charcoal db. NOAA/WDS Paleoclimatology IMPD study 16657",NA,NA,NA,NA,NA,NA,NA,NA,NA,NA,NA,NA,NA,NA,"https://www.ncei.noaa.gov/access/paleo-search/study/16657",NA,NA,NA,NA,"noaa_study_id=16657; original pub in IMPD datafile header","IMPDv1:IMPD_16657",1637,"Hu,F.S.",1,"Hu","F.S.",NA,NA,NA,NA,NA,NA,NA,NA,NA,"IMPDv1:IMPD_16657",1637,"IMPDv1","IMPD_16657",NA,96.5,96.5,"cm",NA,"Radiocarbon","concentrated charcoal",4875,35,5742,NA,"CAMS 116839",TRUE,NA,"na Date is in uncalibrated radiocarbon years.","Xindi - charcoal db_SIEVED","counted","NaN-NaN",NA,NA,"",4875,4840,4910,4875,96.5,NA,"na Date is in uncalibrated radiocarbon years.",". Cal curve: NA. Source DB: IMPDv1","Lacustrine","Carbon-14","Radiocarbon",-52,18017,"Calibrated radiocarbon years BP","sedimentary charcoal","Data Sourcing: IMPDv1 #charcoal_recommendedformat","Sample Age Source: IMPDv1"
"1637",455,"charcoal | num",227.5,227.75,228,0.5,15215.5,15208,15223,"IMPDv1","Charcoal (sum)","(additional options)",NA,NA,"False","False","number","Macroscopic charcoal (sieved)","direct",NA,"CHAR",0,NA,NA,"quant_raw",5,"volume","cm^3","IMPDv1","IMPD_16657","charcoal","count","char","wet_sieve","particle","num","count","no_size","num","IMPDv1","measured",1,"IMPDv1",NA,"Xindi - charcoal db",67.111667,-159.491667,NA,"north",NA,NA,"sedlac",1637,0,NA,"Higuera,P.E.;Brubaker,L.B.;Anderson,P.M.;Hu,F.S.;Brown,T.A.;. Xindi - charcoal db. NOAA/WDS Paleoclimatology IMPD study 16657",NA,NA,NA,NA,NA,NA,NA,NA,NA,NA,NA,NA,NA,NA,"https://www.ncei.noaa.gov/access/paleo-search/study/16657",NA,NA,NA,NA,"noaa_study_id=16657; original pub in IMPD datafile header","IMPDv1:IMPD_16657",1637,"Hu,F.S.",1,"Hu","F.S.",NA,NA,NA,NA,NA,NA,NA,NA,NA,"IMPDv1:IMPD_16657",1637,"IMPDv1","IMPD_16657",NA,123,123,"cm",NA,"Radiocarbon","wood macrofossil",6555,40,7462,NA,"CAMS 80794",TRUE,NA,"na Date is in uncalibrated radiocarbon years.","Xindi - charcoal db_SIEVED","counted","NaN-NaN",NA,NA,"",6555,6515,6595,6555,123,NA,"na Date is in uncalibrated radiocarbon years.",". Cal curve: NA. Source DB: IMPDv1","Lacustrine","Carbon-14","Radiocarbon",-52,18017,"Calibrated radiocarbon years BP","sedimentary charcoal","Data Sourcing: IMPDv1 #charcoal_recommendedformat","Sample Age Source: IMPDv1"
"1637",456,"charcoal | num",228,228.25,228.5,0.5,15231,15223,15239,"IMPDv1","Charcoal (sum)","(additional options)",NA,NA,"False","False","number","Macroscopic charcoal (sieved)","direct",NA,"CHAR",0,NA,NA,"quant_raw",5,"volume","cm^3","IMPDv1","IMPD_16657","charcoal","count","char","wet_sieve","particle","num","count","no_size","num","IMPDv1","measured",1,"IMPDv1",NA,"Xindi - charcoal db",67.111667,-159.491667,NA,"north",NA,NA,"sedlac",1637,0,NA,"Higuera,P.E.;Brubaker,L.B.;Anderson,P.M.;Hu,F.S.;Brown,T.A.;. Xindi - charcoal db. NOAA/WDS Paleoclimatology IMPD study 16657",NA,NA,NA,NA,NA,NA,NA,NA,NA,NA,NA,NA,NA,NA,"https://www.ncei.noaa.gov/access/paleo-search/study/16657",NA,NA,NA,NA,"noaa_study_id=16657; original pub in IMPD datafile header","IMPDv1:IMPD_16657",1637,"Hu,F.S.",1,"Hu","F.S.",NA,NA,NA,NA,NA,NA,NA,NA,NA,"IMPDv1:IMPD_16657",1637,"IMPDv1","IMPD_16657",NA,123,123,"cm",NA,"Radiocarbon","wood macrofossil",6555,40,7462,NA,"CAMS 80794",TRUE,NA,"na Date is in uncalibrated radiocarbon years.","Xindi - charcoal db_SIEVED","counted","NaN-NaN",NA,NA,"",6555,6515,6595,6555,123,NA,"na Date is in uncalibrated radiocarbon years.",". Cal curve: NA. Source DB: IMPDv1","Lacustrine","Carbon-14","Radiocarbon",-52,18017,"Calibrated radiocarbon years BP","sedimentary charcoal","Data Sourcing: IMPDv1 #charcoal_recommendedformat","Sample Age Source: IMPDv1"
"1637",457,"charcoal | num",228.5,228.75,229,0.5,15246.5,15239,15254,"IMPDv1","Charcoal (sum)","(additional options)",NA,NA,"False","False","number","Macroscopic charcoal (sieved)","direct",NA,"CHAR",0,NA,NA,"quant_raw",5,"volume","cm^3","IMPDv1","IMPD_16657","charcoal","count","char","wet_sieve","particle","num","count","no_size","num","IMPDv1","measured",1,"IMPDv1",NA,"Xindi - charcoal db",67.111667,-159.491667,NA,"north",NA,NA,"sedlac",1637,0,NA,"Higuera,P.E.;Brubaker,L.B.;Anderson,P.M.;Hu,F.S.;Brown,T.A.;. Xindi - charcoal db. NOAA/WDS Paleoclimatology IMPD study 16657",NA,NA,NA,NA,NA,NA,NA,NA,NA,NA,NA,NA,NA,NA,"https://www.ncei.noaa.gov/access/paleo-search/study/16657",NA,NA,NA,NA,"noaa_study_id=16657; original pub in IMPD datafile header","IMPDv1:IMPD_16657",1637,"Hu,F.S.",1,"Hu","F.S.",NA,NA,NA,NA,NA,NA,NA,NA,NA,"IMPDv1:IMPD_16657",1637,"IMPDv1","IMPD_16657",NA,123,123,"cm",NA,"Radiocarbon","wood macrofossil",6555,40,7462,NA,"CAMS 80794",TRUE,NA,"na Date is in uncalibrated radiocarbon years.","Xindi - charcoal db_SIEVED","counted","NaN-NaN",NA,NA,"",6555,6515,6595,6555,123,NA,"na Date is in uncalibrated radiocarbon years.",". Cal curve: NA. Source DB: IMPDv1","Lacustrine","Carbon-14","Radiocarbon",-52,18017,"Calibrated radiocarbon years BP","sedimentary charcoal","Data Sourcing: IMPDv1 #charcoal_recommendedformat","Sample Age Source: IMPDv1"
"1637",458,"charcoal | num",229,229.25,229.5,0.5,15262,15254,15270,"IMPDv1","Charcoal (sum)","(additional options)",NA,NA,"False","False","number","Macroscopic charcoal (sieved)","direct",NA,"CHAR",0,NA,NA,"quant_raw",5,"volume","cm^3","IMPDv1","IMPD_16657","charcoal","count","char","wet_sieve","particle","num","count","no_size","num","IMPDv1","measured",1,"IMPDv1",NA,"Xindi - charcoal db",67.111667,-159.491667,NA,"north",NA,NA,"sedlac",1637,0,NA,"Higuera,P.E.;Brubaker,L.B.;Anderson,P.M.;Hu,F.S.;Brown,T.A.;. Xindi - charcoal db. NOAA/WDS Paleoclimatology IMPD study 16657",NA,NA,NA,NA,NA,NA,NA,NA,NA,NA,NA,NA,NA,NA,"https://www.ncei.noaa.gov/access/paleo-search/study/16657",NA,NA,NA,NA,"noaa_study_id=16657; original pub in IMPD datafile header","IMPDv1:IMPD_16657",1637,"Hu,F.S.",1,"Hu","F.S.",NA,NA,NA,NA,NA,NA,NA,NA,NA,"IMPDv1:IMPD_16657",1637,"IMPDv1","IMPD_16657",NA,123,123,"cm",NA,"Radiocarbon","wood macrofossil",6555,40,7462,NA,"CAMS 80794",TRUE,NA,"na Date is in uncalibrated radiocarbon years.","Xindi - charcoal db_SIEVED","counted","NaN-NaN",NA,NA,"",6555,6515,6595,6555,123,NA,"na Date is in uncalibrated radiocarbon years.",". Cal curve: NA. Source DB: IMPDv1","Lacustrine","Carbon-14","Radiocarbon",-52,18017,"Calibrated radiocarbon years BP","sedimentary charcoal","Data Sourcing: IMPDv1 #charcoal_recommendedformat","Sample Age Source: IMPDv1"
"1637",459,"charcoal | num",229.5,229.75,230,0.5,15277.5,15270,15285,"IMPDv1","Charcoal (sum)","(additional options)",NA,NA,"False","False","number","Macroscopic charcoal (sieved)","direct",NA,"CHAR",0,NA,NA,"quant_raw",5,"volume","cm^3","IMPDv1","IMPD_16657","charcoal","count","char","wet_sieve","particle","num","count","no_size","num","IMPDv1","measured",1,"IMPDv1",NA,"Xindi - charcoal db",67.111667,-159.491667,NA,"north",NA,NA,"sedlac",1637,0,NA,"Higuera,P.E.;Brubaker,L.B.;Anderson,P.M.;Hu,F.S.;Brown,T.A.;. Xindi - charcoal db. NOAA/WDS Paleoclimatology IMPD study 16657",NA,NA,NA,NA,NA,NA,NA,NA,NA,NA,NA,NA,NA,NA,"https://www.ncei.noaa.gov/access/paleo-search/study/16657",NA,NA,NA,NA,"noaa_study_id=16657; original pub in IMPD datafile header","IMPDv1:IMPD_16657",1637,"Hu,F.S.",1,"Hu","F.S.",NA,NA,NA,NA,NA,NA,NA,NA,NA,"IMPDv1:IMPD_16657",1637,"IMPDv1","IMPD_16657",NA,123,123,"cm",NA,"Radiocarbon","wood macrofossil",6555,40,7462,NA,"CAMS 80794",TRUE,NA,"na Date is in uncalibrated radiocarbon years.","Xindi - charcoal db_SIEVED","counted","NaN-NaN",NA,NA,"",6555,6515,6595,6555,123,NA,"na Date is in uncalibrated radiocarbon years.",". Cal curve: NA. Source DB: IMPDv1","Lacustrine","Carbon-14","Radiocarbon",-52,18017,"Calibrated radiocarbon years BP","sedimentary charcoal","Data Sourcing: IMPDv1 #charcoal_recommendedformat","Sample Age Source: IMPDv1"
"1637",460,"charcoal | num",230,230.25,230.5,0.5,15293,15285,15301,"IMPDv1","Charcoal (sum)","(additional options)",NA,NA,"False","False","number","Macroscopic charcoal (sieved)","direct",NA,"CHAR",0,NA,NA,"quant_raw",5,"volume","cm^3","IMPDv1","IMPD_16657","charcoal","count","char","wet_sieve","particle","num","count","no_size","num","IMPDv1","measured",1,"IMPDv1",NA,"Xindi - charcoal db",67.111667,-159.491667,NA,"north",NA,NA,"sedlac",1637,0,NA,"Higuera,P.E.;Brubaker,L.B.;Anderson,P.M.;Hu,F.S.;Brown,T.A.;. Xindi - charcoal db. NOAA/WDS Paleoclimatology IMPD study 16657",NA,NA,NA,NA,NA,NA,NA,NA,NA,NA,NA,NA,NA,NA,"https://www.ncei.noaa.gov/access/paleo-search/study/16657",NA,NA,NA,NA,"noaa_study_id=16657; original pub in IMPD datafile header","IMPDv1:IMPD_16657",1637,"Hu,F.S.",1,"Hu","F.S.",NA,NA,NA,NA,NA,NA,NA,NA,NA,"IMPDv1:IMPD_16657",1637,"IMPDv1","IMPD_16657",NA,123,123,"cm",NA,"Radiocarbon","wood macrofossil",6555,40,7462,NA,"CAMS 80794",TRUE,NA,"na Date is in uncalibrated radiocarbon years.","Xindi - charcoal db_SIEVED","counted","NaN-NaN",NA,NA,"",6555,6515,6595,6555,123,NA,"na Date is in uncalibrated radiocarbon years.",". Cal curve: NA. Source DB: IMPDv1","Lacustrine","Carbon-14","Radiocarbon",-52,18017,"Calibrated radiocarbon years BP","sedimentary charcoal","Data Sourcing: IMPDv1 #charcoal_recommendedformat","Sample Age Source: IMPDv1"
"1637",461,"charcoal | num",230.5,230.75,231,0.5,15309,15301,15317,"IMPDv1","Charcoal (sum)","(additional options)",NA,NA,"False","False","number","Macroscopic charcoal (sieved)","direct",NA,"CHAR",0,NA,NA,"quant_raw",5,"volume","cm^3","IMPDv1","IMPD_16657","charcoal","count","char","wet_sieve","particle","num","count","no_size","num","IMPDv1","measured",1,"IMPDv1",NA,"Xindi - charcoal db",67.111667,-159.491667,NA,"north",NA,NA,"sedlac",1637,0,NA,"Higuera,P.E.;Brubaker,L.B.;Anderson,P.M.;Hu,F.S.;Brown,T.A.;. Xindi - charcoal db. NOAA/WDS Paleoclimatology IMPD study 16657",NA,NA,NA,NA,NA,NA,NA,NA,NA,NA,NA,NA,NA,NA,"https://www.ncei.noaa.gov/access/paleo-search/study/16657",NA,NA,NA,NA,"noaa_study_id=16657; original pub in IMPD datafile header","IMPDv1:IMPD_16657",1637,"Hu,F.S.",1,"Hu","F.S.",NA,NA,NA,NA,NA,NA,NA,NA,NA,"IMPDv1:IMPD_16657",1637,"IMPDv1","IMPD_16657",NA,123,123,"cm",NA,"Radiocarbon","wood macrofossil",6555,40,7462,NA,"CAMS 80794",TRUE,NA,"na Date is in uncalibrated radiocarbon years.","Xindi - charcoal db_SIEVED","counted","NaN-NaN",NA,NA,"",6555,6515,6595,6555,123,NA,"na Date is in uncalibrated radiocarbon years.",". Cal curve: NA. Source DB: IMPDv1","Lacustrine","Carbon-14","Radiocarbon",-52,18017,"Calibrated radiocarbon years BP","sedimentary charcoal","Data Sourcing: IMPDv1 #charcoal_recommendedformat","Sample Age Source: IMPDv1"
"1637",462,"charcoal | num",231,231.25,231.5,0.5,15324.5,15317,15332,"IMPDv1","Charcoal (sum)","(additional options)",NA,NA,"False","False","number","Macroscopic charcoal (sieved)","direct",NA,"CHAR",1,NA,NA,"quant_raw",5,"volume","cm^3","IMPDv1","IMPD_16657","charcoal","count","char","wet_sieve","particle","num","count","no_size","num","IMPDv1","measured",1,"IMPDv1",NA,"Xindi - charcoal db",67.111667,-159.491667,NA,"north",NA,NA,"sedlac",1637,0,NA,"Higuera,P.E.;Brubaker,L.B.;Anderson,P.M.;Hu,F.S.;Brown,T.A.;. Xindi - charcoal db. NOAA/WDS Paleoclimatology IMPD study 16657",NA,NA,NA,NA,NA,NA,NA,NA,NA,NA,NA,NA,NA,NA,"https://www.ncei.noaa.gov/access/paleo-search/study/16657",NA,NA,NA,NA,"noaa_study_id=16657; original pub in IMPD datafile header","IMPDv1:IMPD_16657",1637,"Hu,F.S.",1,"Hu","F.S.",NA,NA,NA,NA,NA,NA,NA,NA,NA,"IMPDv1:IMPD_16657",1637,"IMPDv1","IMPD_16657",NA,123,123,"cm",NA,"Radiocarbon","wood macrofossil",6555,40,7462,NA,"CAMS 80794",TRUE,NA,"na Date is in uncalibrated radiocarbon years.","Xindi - charcoal db_SIEVED","counted","NaN-NaN",NA,NA,"",6555,6515,6595,6555,123,NA,"na Date is in uncalibrated radiocarbon years.",". Cal curve: NA. Source DB: IMPDv1","Lacustrine","Carbon-14","Radiocarbon",-52,18017,"Calibrated radiocarbon years BP","sedimentary charcoal","Data Sourcing: IMPDv1 #charcoal_recommendedformat","Sample Age Source: IMPDv1"
"1637",463,"charcoal | num",231.5,231.75,232,0.5,15340,15332,15348,"IMPDv1","Charcoal (sum)","(additional options)",NA,NA,"False","False","number","Macroscopic charcoal (sieved)","direct",NA,"CHAR",0,NA,NA,"quant_raw",5,"volume","cm^3","IMPDv1","IMPD_16657","charcoal","count","char","wet_sieve","particle","num","count","no_size","num","IMPDv1","measured",1,"IMPDv1",NA,"Xindi - charcoal db",67.111667,-159.491667,NA,"north",NA,NA,"sedlac",1637,0,NA,"Higuera,P.E.;Brubaker,L.B.;Anderson,P.M.;Hu,F.S.;Brown,T.A.;. Xindi - charcoal db. NOAA/WDS Paleoclimatology IMPD study 16657",NA,NA,NA,NA,NA,NA,NA,NA,NA,NA,NA,NA,NA,NA,"https://www.ncei.noaa.gov/access/paleo-search/study/16657",NA,NA,NA,NA,"noaa_study_id=16657; original pub in IMPD datafile header","IMPDv1:IMPD_16657",1637,"Hu,F.S.",1,"Hu","F.S.",NA,NA,NA,NA,NA,NA,NA,NA,NA,"IMPDv1:IMPD_16657",1637,"IMPDv1","IMPD_16657",NA,123,123,"cm",NA,"Radiocarbon","wood macrofossil",6555,40,7462,NA,"CAMS 80794",TRUE,NA,"na Date is in uncalibrated radiocarbon years.","Xindi - charcoal db_SIEVED","counted","NaN-NaN",NA,NA,"",6555,6515,6595,6555,123,NA,"na Date is in uncalibrated radiocarbon years.",". Cal curve: NA. Source DB: IMPDv1","Lacustrine","Carbon-14","Radiocarbon",-52,18017,"Calibrated radiocarbon years BP","sedimentary charcoal","Data Sourcing: IMPDv1 #charcoal_recommendedformat","Sample Age Source: IMPDv1"
"1637",464,"charcoal | num",232,232.25,232.5,0.5,15356,15348,15364,"IMPDv1","Charcoal (sum)","(additional options)",NA,NA,"False","False","number","Macroscopic charcoal (sieved)","direct",NA,"CHAR",0,NA,NA,"quant_raw",5,"volume","cm^3","IMPDv1","IMPD_16657","charcoal","count","char","wet_sieve","particle","num","count","no_size","num","IMPDv1","measured",1,"IMPDv1",NA,"Xindi - charcoal db",67.111667,-159.491667,NA,"north",NA,NA,"sedlac",1637,0,NA,"Higuera,P.E.;Brubaker,L.B.;Anderson,P.M.;Hu,F.S.;Brown,T.A.;. Xindi - charcoal db. NOAA/WDS Paleoclimatology IMPD study 16657",NA,NA,NA,NA,NA,NA,NA,NA,NA,NA,NA,NA,NA,NA,"https://www.ncei.noaa.gov/access/paleo-search/study/16657",NA,NA,NA,NA,"noaa_study_id=16657; original pub in IMPD datafile header","IMPDv1:IMPD_16657",1637,"Brown,T.A.",1,"Brown","T.A.",NA,NA,NA,NA,NA,NA,NA,NA,NA,"IMPDv1:IMPD_16657",1637,"IMPDv1","IMPD_16657",NA,123,123,"cm",NA,"Radiocarbon","wood macrofossil",6555,40,7462,NA,"CAMS 80794",TRUE,NA,"na Date is in uncalibrated radiocarbon years.","Xindi - charcoal db_SIEVED","counted","NaN-NaN",NA,NA,"",6555,6515,6595,6555,123,NA,"na Date is in uncalibrated radiocarbon years.",". Cal curve: NA. Source DB: IMPDv1","Lacustrine","Carbon-14","Radiocarbon",-52,18017,"Calibrated radiocarbon years BP","sedimentary charcoal","Data Sourcing: IMPDv1 #charcoal_recommendedformat","Sample Age Source: IMPDv1"
"1637",465,"charcoal | num",232.5,232.75,233,0.5,15372.5,15364,15381,"IMPDv1","Charcoal (sum)","(additional options)",NA,NA,"False","False","number","Macroscopic charcoal (sieved)","direct",NA,"CHAR",0,NA,NA,"quant_raw",5,"volume","cm^3","IMPDv1","IMPD_16657","charcoal","count","char","wet_sieve","particle","num","count","no_size","num","IMPDv1","measured",1,"IMPDv1",NA,"Xindi - charcoal db",67.111667,-159.491667,NA,"north",NA,NA,"sedlac",1637,0,NA,"Higuera,P.E.;Brubaker,L.B.;Anderson,P.M.;Hu,F.S.;Brown,T.A.;. Xindi - charcoal db. NOAA/WDS Paleoclimatology IMPD study 16657",NA,NA,NA,NA,NA,NA,NA,NA,NA,NA,NA,NA,NA,NA,"https://www.ncei.noaa.gov/access/paleo-search/study/16657",NA,NA,NA,NA,"noaa_study_id=16657; original pub in IMPD datafile header","IMPDv1:IMPD_16657",1637,"Brown,T.A.",1,"Brown","T.A.",NA,NA,NA,NA,NA,NA,NA,NA,NA,"IMPDv1:IMPD_16657",1637,"IMPDv1","IMPD_16657",NA,123,123,"cm",NA,"Radiocarbon","wood macrofossil",6555,40,7462,NA,"CAMS 80794",TRUE,NA,"na Date is in uncalibrated radiocarbon years.","Xindi - charcoal db_SIEVED","counted","NaN-NaN",NA,NA,"",6555,6515,6595,6555,123,NA,"na Date is in uncalibrated radiocarbon years.",". Cal curve: NA. Source DB: IMPDv1","Lacustrine","Carbon-14","Radiocarbon",-52,18017,"Calibrated radiocarbon years BP","sedimentary charcoal","Data Sourcing: IMPDv1 #charcoal_recommendedformat","Sample Age Source: IMPDv1"
"1637",466,"charcoal | num",233,233.25,233.5,0.5,15389,15381,15397,"IMPDv1","Charcoal (sum)","(additional options)",NA,NA,"False","False","number","Macroscopic charcoal (sieved)","direct",NA,"CHAR",0,NA,NA,"quant_raw",5,"volume","cm^3","IMPDv1","IMPD_16657","charcoal","count","char","wet_sieve","particle","num","count","no_size","num","IMPDv1","measured",1,"IMPDv1",NA,"Xindi - charcoal db",67.111667,-159.491667,NA,"north",NA,NA,"sedlac",1637,0,NA,"Higuera,P.E.;Brubaker,L.B.;Anderson,P.M.;Hu,F.S.;Brown,T.A.;. Xindi - charcoal db. NOAA/WDS Paleoclimatology IMPD study 16657",NA,NA,NA,NA,NA,NA,NA,NA,NA,NA,NA,NA,NA,NA,"https://www.ncei.noaa.gov/access/paleo-search/study/16657",NA,NA,NA,NA,"noaa_study_id=16657; original pub in IMPD datafile header","IMPDv1:IMPD_16657",1637,"Brown,T.A.",1,"Brown","T.A.",NA,NA,NA,NA,NA,NA,NA,NA,NA,"IMPDv1:IMPD_16657",1637,"IMPDv1","IMPD_16657",NA,123,123,"cm",NA,"Radiocarbon","wood macrofossil",6555,40,7462,NA,"CAMS 80794",TRUE,NA,"na Date is in uncalibrated radiocarbon years.","Xindi - charcoal db_SIEVED","counted","NaN-NaN",NA,NA,"",6555,6515,6595,6555,123,NA,"na Date is in uncalibrated radiocarbon years.",". Cal curve: NA. Source DB: IMPDv1","Lacustrine","Carbon-14","Radiocarbon",-52,18017,"Calibrated radiocarbon years BP","sedimentary charcoal","Data Sourcing: IMPDv1 #charcoal_recommendedformat","Sample Age Source: IMPDv1"
"1637",467,"charcoal | num",233.5,233.75,234,0.5,15405,15397,15413,"IMPDv1","Charcoal (sum)","(additional options)",NA,NA,"False","False","number","Macroscopic charcoal (sieved)","direct",NA,"CHAR",0,NA,NA,"quant_raw",5,"volume","cm^3","IMPDv1","IMPD_16657","charcoal","count","char","wet_sieve","particle","num","count","no_size","num","IMPDv1","measured",1,"IMPDv1",NA,"Xindi - charcoal db",67.111667,-159.491667,NA,"north",NA,NA,"sedlac",1637,0,NA,"Higuera,P.E.;Brubaker,L.B.;Anderson,P.M.;Hu,F.S.;Brown,T.A.;. Xindi - charcoal db. NOAA/WDS Paleoclimatology IMPD study 16657",NA,NA,NA,NA,NA,NA,NA,NA,NA,NA,NA,NA,NA,NA,"https://www.ncei.noaa.gov/access/paleo-search/study/16657",NA,NA,NA,NA,"noaa_study_id=16657; original pub in IMPD datafile header","IMPDv1:IMPD_16657",1637,"Brown,T.A.",1,"Brown","T.A.",NA,NA,NA,NA,NA,NA,NA,NA,NA,"IMPDv1:IMPD_16657",1637,"IMPDv1","IMPD_16657",NA,123,123,"cm",NA,"Radiocarbon","wood macrofossil",6555,40,7462,NA,"CAMS 80794",TRUE,NA,"na Date is in uncalibrated radiocarbon years.","Xindi - charcoal db_SIEVED","counted","NaN-NaN",NA,NA,"",6555,6515,6595,6555,123,NA,"na Date is in uncalibrated radiocarbon years.",". Cal curve: NA. Source DB: IMPDv1","Lacustrine","Carbon-14","Radiocarbon",-52,18017,"Calibrated radiocarbon years BP","sedimentary charcoal","Data Sourcing: IMPDv1 #charcoal_recommendedformat","Sample Age Source: IMPDv1"
"1637",468,"charcoal | num",234,234.25,234.5,0.5,15421,15413,15429,"IMPDv1","Charcoal (sum)","(additional options)",NA,NA,"False","False","number","Macroscopic charcoal (sieved)","direct",NA,"CHAR",0,NA,NA,"quant_raw",5,"volume","cm^3","IMPDv1","IMPD_16657","charcoal","count","char","wet_sieve","particle","num","count","no_size","num","IMPDv1","measured",1,"IMPDv1",NA,"Xindi - charcoal db",67.111667,-159.491667,NA,"north",NA,NA,"sedlac",1637,0,NA,"Higuera,P.E.;Brubaker,L.B.;Anderson,P.M.;Hu,F.S.;Brown,T.A.;. Xindi - charcoal db. NOAA/WDS Paleoclimatology IMPD study 16657",NA,NA,NA,NA,NA,NA,NA,NA,NA,NA,NA,NA,NA,NA,"https://www.ncei.noaa.gov/access/paleo-search/study/16657",NA,NA,NA,NA,"noaa_study_id=16657; original pub in IMPD datafile header","IMPDv1:IMPD_16657",1637,"Brown,T.A.",1,"Brown","T.A.",NA,NA,NA,NA,NA,NA,NA,NA,NA,"IMPDv1:IMPD_16657",1637,"IMPDv1","IMPD_16657",NA,31,31,"cm",NA,"Radiocarbon","concentrated charcoal",1895,45,1845,NA,"CAMS 112143",TRUE,NA,"na Date is in uncalibrated radiocarbon years.","Xindi - charcoal db_SIEVED","counted","NaN-NaN",NA,NA,"",1895,1850,1940,1895,31,NA,"na Date is in uncalibrated radiocarbon years.",". Cal curve: NA. Source DB: IMPDv1","Lacustrine","Carbon-14","Radiocarbon",-52,18017,"Calibrated radiocarbon years BP","sedimentary charcoal","Data Sourcing: IMPDv1 #charcoal_recommendedformat","Sample Age Source: IMPDv1"
"1637",469,"charcoal | num",234.5,234.75,235,0.5,15437.5,15429,15446,"IMPDv1","Charcoal (sum)","(additional options)",NA,NA,"False","False","number","Macroscopic charcoal (sieved)","direct",NA,"CHAR",0,NA,NA,"quant_raw",5,"volume","cm^3","IMPDv1","IMPD_16657","charcoal","count","char","wet_sieve","particle","num","count","no_size","num","IMPDv1","measured",1,"IMPDv1",NA,"Xindi - charcoal db",67.111667,-159.491667,NA,"north",NA,NA,"sedlac",1637,0,NA,"Higuera,P.E.;Brubaker,L.B.;Anderson,P.M.;Hu,F.S.;Brown,T.A.;. Xindi - charcoal db. NOAA/WDS Paleoclimatology IMPD study 16657",NA,NA,NA,NA,NA,NA,NA,NA,NA,NA,NA,NA,NA,NA,"https://www.ncei.noaa.gov/access/paleo-search/study/16657",NA,NA,NA,NA,"noaa_study_id=16657; original pub in IMPD datafile header","IMPDv1:IMPD_16657",1637,"Brown,T.A.",1,"Brown","T.A.",NA,NA,NA,NA,NA,NA,NA,NA,NA,"IMPDv1:IMPD_16657",1637,"IMPDv1","IMPD_16657",NA,31,31,"cm",NA,"Radiocarbon","concentrated charcoal",1895,45,1845,NA,"CAMS 112143",TRUE,NA,"na Date is in uncalibrated radiocarbon years.","Xindi - charcoal db_SIEVED","counted","NaN-NaN",NA,NA,"",1895,1850,1940,1895,31,NA,"na Date is in uncalibrated radiocarbon years.",". Cal curve: NA. Source DB: IMPDv1","Lacustrine","Carbon-14","Radiocarbon",-52,18017,"Calibrated radiocarbon years BP","sedimentary charcoal","Data Sourcing: IMPDv1 #charcoal_recommendedformat","Sample Age Source: IMPDv1"
"1637",470,"charcoal | num",235,235.25,235.5,0.5,15454,15446,15462,"IMPDv1","Charcoal (sum)","(additional options)",NA,NA,"False","False","number","Macroscopic charcoal (sieved)","direct",NA,"CHAR",0,NA,NA,"quant_raw",5,"volume","cm^3","IMPDv1","IMPD_16657","charcoal","count","char","wet_sieve","particle","num","count","no_size","num","IMPDv1","measured",1,"IMPDv1",NA,"Xindi - charcoal db",67.111667,-159.491667,NA,"north",NA,NA,"sedlac",1637,0,NA,"Higuera,P.E.;Brubaker,L.B.;Anderson,P.M.;Hu,F.S.;Brown,T.A.;. Xindi - charcoal db. NOAA/WDS Paleoclimatology IMPD study 16657",NA,NA,NA,NA,NA,NA,NA,NA,NA,NA,NA,NA,NA,NA,"https://www.ncei.noaa.gov/access/paleo-search/study/16657",NA,NA,NA,NA,"noaa_study_id=16657; original pub in IMPD datafile header","IMPDv1:IMPD_16657",1637,"Brown,T.A.",1,"Brown","T.A.",NA,NA,NA,NA,NA,NA,NA,NA,NA,"IMPDv1:IMPD_16657",1637,"IMPDv1","IMPD_16657",NA,31,31,"cm",NA,"Radiocarbon","concentrated charcoal",1895,45,1845,NA,"CAMS 112143",TRUE,NA,"na Date is in uncalibrated radiocarbon years.","Xindi - charcoal db_SIEVED","counted","NaN-NaN",NA,NA,"",1895,1850,1940,1895,31,NA,"na Date is in uncalibrated radiocarbon years.",". Cal curve: NA. Source DB: IMPDv1","Lacustrine","Carbon-14","Radiocarbon",-52,18017,"Calibrated radiocarbon years BP","sedimentary charcoal","Data Sourcing: IMPDv1 #charcoal_recommendedformat","Sample Age Source: IMPDv1"
"1637",471,"charcoal | num",235.5,235.75,236,0.5,15470.5,15462,15479,"IMPDv1","Charcoal (sum)","(additional options)",NA,NA,"False","False","number","Macroscopic charcoal (sieved)","direct",NA,"CHAR",0,NA,NA,"quant_raw",5,"volume","cm^3","IMPDv1","IMPD_16657","charcoal","count","char","wet_sieve","particle","num","count","no_size","num","IMPDv1","measured",1,"IMPDv1",NA,"Xindi - charcoal db",67.111667,-159.491667,NA,"north",NA,NA,"sedlac",1637,0,NA,"Higuera,P.E.;Brubaker,L.B.;Anderson,P.M.;Hu,F.S.;Brown,T.A.;. Xindi - charcoal db. NOAA/WDS Paleoclimatology IMPD study 16657",NA,NA,NA,NA,NA,NA,NA,NA,NA,NA,NA,NA,NA,NA,"https://www.ncei.noaa.gov/access/paleo-search/study/16657",NA,NA,NA,NA,"noaa_study_id=16657; original pub in IMPD datafile header","IMPDv1:IMPD_16657",1637,"Brown,T.A.",1,"Brown","T.A.",NA,NA,NA,NA,NA,NA,NA,NA,NA,"IMPDv1:IMPD_16657",1637,"IMPDv1","IMPD_16657",NA,31,31,"cm",NA,"Radiocarbon","concentrated charcoal",1895,45,1845,NA,"CAMS 112143",TRUE,NA,"na Date is in uncalibrated radiocarbon years.","Xindi - charcoal db_SIEVED","counted","NaN-NaN",NA,NA,"",1895,1850,1940,1895,31,NA,"na Date is in uncalibrated radiocarbon years.",". Cal curve: NA. Source DB: IMPDv1","Lacustrine","Carbon-14","Radiocarbon",-52,18017,"Calibrated radiocarbon years BP","sedimentary charcoal","Data Sourcing: IMPDv1 #charcoal_recommendedformat","Sample Age Source: IMPDv1"
"1637",472,"charcoal | num",236,236.25,236.5,0.5,15487.5,15479,15496,"IMPDv1","Charcoal (sum)","(additional options)",NA,NA,"False","False","number","Macroscopic charcoal (sieved)","direct",NA,"CHAR",0,NA,NA,"quant_raw",5,"volume","cm^3","IMPDv1","IMPD_16657","charcoal","count","char","wet_sieve","particle","num","count","no_size","num","IMPDv1","measured",1,"IMPDv1",NA,"Xindi - charcoal db",67.111667,-159.491667,NA,"north",NA,NA,"sedlac",1637,0,NA,"Higuera,P.E.;Brubaker,L.B.;Anderson,P.M.;Hu,F.S.;Brown,T.A.;. Xindi - charcoal db. NOAA/WDS Paleoclimatology IMPD study 16657",NA,NA,NA,NA,NA,NA,NA,NA,NA,NA,NA,NA,NA,NA,"https://www.ncei.noaa.gov/access/paleo-search/study/16657",NA,NA,NA,NA,"noaa_study_id=16657; original pub in IMPD datafile header","IMPDv1:IMPD_16657",1637,"Brown,T.A.",1,"Brown","T.A.",NA,NA,NA,NA,NA,NA,NA,NA,NA,"IMPDv1:IMPD_16657",1637,"IMPDv1","IMPD_16657",NA,31,31,"cm",NA,"Radiocarbon","concentrated charcoal",1895,45,1845,NA,"CAMS 112143",TRUE,NA,"na Date is in uncalibrated radiocarbon years.","Xindi - charcoal db_SIEVED","counted","NaN-NaN",NA,NA,"",1895,1850,1940,1895,31,NA,"na Date is in uncalibrated radiocarbon years.",". Cal curve: NA. Source DB: IMPDv1","Lacustrine","Carbon-14","Radiocarbon",-52,18017,"Calibrated radiocarbon years BP","sedimentary charcoal","Data Sourcing: IMPDv1 #charcoal_recommendedformat","Sample Age Source: IMPDv1"
"1637",473,"charcoal | num",236.5,236.75,237,0.5,15504.5,15496,15513,"IMPDv1","Charcoal (sum)","(additional options)",NA,NA,"False","False","number","Macroscopic charcoal (sieved)","direct",NA,"CHAR",0,NA,NA,"quant_raw",5,"volume","cm^3","IMPDv1","IMPD_16657","charcoal","count","char","wet_sieve","particle","num","count","no_size","num","IMPDv1","measured",1,"IMPDv1",NA,"Xindi - charcoal db",67.111667,-159.491667,NA,"north",NA,NA,"sedlac",1637,0,NA,"Higuera,P.E.;Brubaker,L.B.;Anderson,P.M.;Hu,F.S.;Brown,T.A.;. Xindi - charcoal db. NOAA/WDS Paleoclimatology IMPD study 16657",NA,NA,NA,NA,NA,NA,NA,NA,NA,NA,NA,NA,NA,NA,"https://www.ncei.noaa.gov/access/paleo-search/study/16657",NA,NA,NA,NA,"noaa_study_id=16657; original pub in IMPD datafile header","IMPDv1:IMPD_16657",1637,"Brown,T.A.",1,"Brown","T.A.",NA,NA,NA,NA,NA,NA,NA,NA,NA,"IMPDv1:IMPD_16657",1637,"IMPDv1","IMPD_16657",NA,31,31,"cm",NA,"Radiocarbon","concentrated charcoal",1895,45,1845,NA,"CAMS 112143",TRUE,NA,"na Date is in uncalibrated radiocarbon years.","Xindi - charcoal db_SIEVED","counted","NaN-NaN",NA,NA,"",1895,1850,1940,1895,31,NA,"na Date is in uncalibrated radiocarbon years.",". Cal curve: NA. Source DB: IMPDv1","Lacustrine","Carbon-14","Radiocarbon",-52,18017,"Calibrated radiocarbon years BP","sedimentary charcoal","Data Sourcing: IMPDv1 #charcoal_recommendedformat","Sample Age Source: IMPDv1"
"1637",474,"charcoal | num",237,237.25,237.5,0.5,15521.5,15513,15530,"IMPDv1","Charcoal (sum)","(additional options)",NA,NA,"False","False","number","Macroscopic charcoal (sieved)","direct",NA,"CHAR",0,NA,NA,"quant_raw",5,"volume","cm^3","IMPDv1","IMPD_16657","charcoal","count","char","wet_sieve","particle","num","count","no_size","num","IMPDv1","measured",1,"IMPDv1",NA,"Xindi - charcoal db",67.111667,-159.491667,NA,"north",NA,NA,"sedlac",1637,0,NA,"Higuera,P.E.;Brubaker,L.B.;Anderson,P.M.;Hu,F.S.;Brown,T.A.;. Xindi - charcoal db. NOAA/WDS Paleoclimatology IMPD study 16657",NA,NA,NA,NA,NA,NA,NA,NA,NA,NA,NA,NA,NA,NA,"https://www.ncei.noaa.gov/access/paleo-search/study/16657",NA,NA,NA,NA,"noaa_study_id=16657; original pub in IMPD datafile header","IMPDv1:IMPD_16657",1637,"Brown,T.A.",1,"Brown","T.A.",NA,NA,NA,NA,NA,NA,NA,NA,NA,"IMPDv1:IMPD_16657",1637,"IMPDv1","IMPD_16657",NA,31,31,"cm",NA,"Radiocarbon","concentrated charcoal",1895,45,1845,NA,"CAMS 112143",TRUE,NA,"na Date is in uncalibrated radiocarbon years.","Xindi - charcoal db_SIEVED","counted","NaN-NaN",NA,NA,"",1895,1850,1940,1895,31,NA,"na Date is in uncalibrated radiocarbon years.",". Cal curve: NA. Source DB: IMPDv1","Lacustrine","Carbon-14","Radiocarbon",-52,18017,"Calibrated radiocarbon years BP","sedimentary charcoal","Data Sourcing: IMPDv1 #charcoal_recommendedformat","Sample Age Source: IMPDv1"
"1637",475,"charcoal | num",237.5,237.75,238,0.5,15538.5,15530,15547,"IMPDv1","Charcoal (sum)","(additional options)",NA,NA,"False","False","number","Macroscopic charcoal (sieved)","direct",NA,"CHAR",2,NA,NA,"quant_raw",5,"volume","cm^3","IMPDv1","IMPD_16657","charcoal","count","char","wet_sieve","particle","num","count","no_size","num","IMPDv1","measured",1,"IMPDv1",NA,"Xindi - charcoal db",67.111667,-159.491667,NA,"north",NA,NA,"sedlac",1637,0,NA,"Higuera,P.E.;Brubaker,L.B.;Anderson,P.M.;Hu,F.S.;Brown,T.A.;. Xindi - charcoal db. NOAA/WDS Paleoclimatology IMPD study 16657",NA,NA,NA,NA,NA,NA,NA,NA,NA,NA,NA,NA,NA,NA,"https://www.ncei.noaa.gov/access/paleo-search/study/16657",NA,NA,NA,NA,"noaa_study_id=16657; original pub in IMPD datafile header","IMPDv1:IMPD_16657",1637,"Brown,T.A.",1,"Brown","T.A.",NA,NA,NA,NA,NA,NA,NA,NA,NA,"IMPDv1:IMPD_16657",1637,"IMPDv1","IMPD_16657",NA,31,31,"cm",NA,"Radiocarbon","concentrated charcoal",1895,45,1845,NA,"CAMS 112143",TRUE,NA,"na Date is in uncalibrated radiocarbon years.","Xindi - charcoal db_SIEVED","counted","NaN-NaN",NA,NA,"",1895,1850,1940,1895,31,NA,"na Date is in uncalibrated radiocarbon years.",". Cal curve: NA. Source DB: IMPDv1","Lacustrine","Carbon-14","Radiocarbon",-52,18017,"Calibrated radiocarbon years BP","sedimentary charcoal","Data Sourcing: IMPDv1 #charcoal_recommendedformat","Sample Age Source: IMPDv1"
"1637",476,"charcoal | num",238,238.25,238.5,0.5,15555.5,15547,15564,"IMPDv1","Charcoal (sum)","(additional options)",NA,NA,"False","False","number","Macroscopic charcoal (sieved)","direct",NA,"CHAR",0,NA,NA,"quant_raw",5,"volume","cm^3","IMPDv1","IMPD_16657","charcoal","count","char","wet_sieve","particle","num","count","no_size","num","IMPDv1","measured",1,"IMPDv1",NA,"Xindi - charcoal db",67.111667,-159.491667,NA,"north",NA,NA,"sedlac",1637,0,NA,"Higuera,P.E.;Brubaker,L.B.;Anderson,P.M.;Hu,F.S.;Brown,T.A.;. Xindi - charcoal db. NOAA/WDS Paleoclimatology IMPD study 16657",NA,NA,NA,NA,NA,NA,NA,NA,NA,NA,NA,NA,NA,NA,"https://www.ncei.noaa.gov/access/paleo-search/study/16657",NA,NA,NA,NA,"noaa_study_id=16657; original pub in IMPD datafile header","IMPDv1:IMPD_16657",1637,"Brown,T.A.",1,"Brown","T.A.",NA,NA,NA,NA,NA,NA,NA,NA,NA,"IMPDv1:IMPD_16657",1637,"IMPDv1","IMPD_16657",NA,31,31,"cm",NA,"Radiocarbon","concentrated charcoal",1895,45,1845,NA,"CAMS 112143",TRUE,NA,"na Date is in uncalibrated radiocarbon years.","Xindi - charcoal db_SIEVED","counted","NaN-NaN",NA,NA,"",1895,1850,1940,1895,31,NA,"na Date is in uncalibrated radiocarbon years.",". Cal curve: NA. Source DB: IMPDv1","Lacustrine","Carbon-14","Radiocarbon",-52,18017,"Calibrated radiocarbon years BP","sedimentary charcoal","Data Sourcing: IMPDv1 #charcoal_recommendedformat","Sample Age Source: IMPDv1"
"1637",477,"charcoal | num",238.5,238.75,239,0.5,15572.5,15564,15581,"IMPDv1","Charcoal (sum)","(additional options)",NA,NA,"False","False","number","Macroscopic charcoal (sieved)","direct",NA,"CHAR",0,NA,NA,"quant_raw",5,"volume","cm^3","IMPDv1","IMPD_16657","charcoal","count","char","wet_sieve","particle","num","count","no_size","num","IMPDv1","measured",1,"IMPDv1",NA,"Xindi - charcoal db",67.111667,-159.491667,NA,"north",NA,NA,"sedlac",1637,0,NA,"Higuera,P.E.;Brubaker,L.B.;Anderson,P.M.;Hu,F.S.;Brown,T.A.;. Xindi - charcoal db. NOAA/WDS Paleoclimatology IMPD study 16657",NA,NA,NA,NA,NA,NA,NA,NA,NA,NA,NA,NA,NA,NA,"https://www.ncei.noaa.gov/access/paleo-search/study/16657",NA,NA,NA,NA,"noaa_study_id=16657; original pub in IMPD datafile header","IMPDv1:IMPD_16657",1637,"Brown,T.A.",1,"Brown","T.A.",NA,NA,NA,NA,NA,NA,NA,NA,NA,"IMPDv1:IMPD_16657",1637,"IMPDv1","IMPD_16657",NA,31,31,"cm",NA,"Radiocarbon","concentrated charcoal",1895,45,1845,NA,"CAMS 112143",TRUE,NA,"na Date is in uncalibrated radiocarbon years.","Xindi - charcoal db_SIEVED","counted","NaN-NaN",NA,NA,"",1895,1850,1940,1895,31,NA,"na Date is in uncalibrated radiocarbon years.",". Cal curve: NA. Source DB: IMPDv1","Lacustrine","Carbon-14","Radiocarbon",-52,18017,"Calibrated radiocarbon years BP","sedimentary charcoal","Data Sourcing: IMPDv1 #charcoal_recommendedformat","Sample Age Source: IMPDv1"
"1637",478,"charcoal | num",239,239.25,239.5,0.5,15589.5,15581,15598,"IMPDv1","Charcoal (sum)","(additional options)",NA,NA,"False","False","number","Macroscopic charcoal (sieved)","direct",NA,"CHAR",0,NA,NA,"quant_raw",5,"volume","cm^3","IMPDv1","IMPD_16657","charcoal","count","char","wet_sieve","particle","num","count","no_size","num","IMPDv1","measured",1,"IMPDv1",NA,"Xindi - charcoal db",67.111667,-159.491667,NA,"north",NA,NA,"sedlac",1637,0,NA,"Higuera,P.E.;Brubaker,L.B.;Anderson,P.M.;Hu,F.S.;Brown,T.A.;. Xindi - charcoal db. NOAA/WDS Paleoclimatology IMPD study 16657",NA,NA,NA,NA,NA,NA,NA,NA,NA,NA,NA,NA,NA,NA,"https://www.ncei.noaa.gov/access/paleo-search/study/16657",NA,NA,NA,NA,"noaa_study_id=16657; original pub in IMPD datafile header","IMPDv1:IMPD_16657",1637,"Brown,T.A.",1,"Brown","T.A.",NA,NA,NA,NA,NA,NA,NA,NA,NA,"IMPDv1:IMPD_16657",1637,"IMPDv1","IMPD_16657",NA,31,31,"cm",NA,"Radiocarbon","concentrated charcoal",1895,45,1845,NA,"CAMS 112143",TRUE,NA,"na Date is in uncalibrated radiocarbon years.","Xindi - charcoal db_SIEVED","counted","NaN-NaN",NA,NA,"",1895,1850,1940,1895,31,NA,"na Date is in uncalibrated radiocarbon years.",". Cal curve: NA. Source DB: IMPDv1","Lacustrine","Carbon-14","Radiocarbon",-52,18017,"Calibrated radiocarbon years BP","sedimentary charcoal","Data Sourcing: IMPDv1 #charcoal_recommendedformat","Sample Age Source: IMPDv1"
"1637",479,"charcoal | num",239.5,239.75,240,0.5,15607,15598,15616,"IMPDv1","Charcoal (sum)","(additional options)",NA,NA,"False","False","number","Macroscopic charcoal (sieved)","direct",NA,"CHAR",0,NA,NA,"quant_raw",5,"volume","cm^3","IMPDv1","IMPD_16657","charcoal","count","char","wet_sieve","particle","num","count","no_size","num","IMPDv1","measured",1,"IMPDv1",NA,"Xindi - charcoal db",67.111667,-159.491667,NA,"north",NA,NA,"sedlac",1637,0,NA,"Higuera,P.E.;Brubaker,L.B.;Anderson,P.M.;Hu,F.S.;Brown,T.A.;. Xindi - charcoal db. NOAA/WDS Paleoclimatology IMPD study 16657",NA,NA,NA,NA,NA,NA,NA,NA,NA,NA,NA,NA,NA,NA,"https://www.ncei.noaa.gov/access/paleo-search/study/16657",NA,NA,NA,NA,"noaa_study_id=16657; original pub in IMPD datafile header","IMPDv1:IMPD_16657",1637,"Brown,T.A.",1,"Brown","T.A.",NA,NA,NA,NA,NA,NA,NA,NA,NA,"IMPDv1:IMPD_16657",1637,"IMPDv1","IMPD_16657",NA,31,31,"cm",NA,"Radiocarbon","concentrated charcoal",1895,45,1845,NA,"CAMS 112143",TRUE,NA,"na Date is in uncalibrated radiocarbon years.","Xindi - charcoal db_SIEVED","counted","NaN-NaN",NA,NA,"",1895,1850,1940,1895,31,NA,"na Date is in uncalibrated radiocarbon years.",". Cal curve: NA. Source DB: IMPDv1","Lacustrine","Carbon-14","Radiocarbon",-52,18017,"Calibrated radiocarbon years BP","sedimentary charcoal","Data Sourcing: IMPDv1 #charcoal_recommendedformat","Sample Age Source: IMPDv1"
"1637",480,"charcoal | num",240,240.25,240.5,0.5,15624.5,15616,15633,"IMPDv1","Charcoal (sum)","(additional options)",NA,NA,"False","False","number","Macroscopic charcoal (sieved)","direct",NA,"CHAR",1,NA,NA,"quant_raw",5,"volume","cm^3","IMPDv1","IMPD_16657","charcoal","count","char","wet_sieve","particle","num","count","no_size","num","IMPDv1","measured",1,"IMPDv1",NA,"Xindi - charcoal db",67.111667,-159.491667,NA,"north",NA,NA,"sedlac",1637,0,NA,"Higuera,P.E.;Brubaker,L.B.;Anderson,P.M.;Hu,F.S.;Brown,T.A.;. Xindi - charcoal db. NOAA/WDS Paleoclimatology IMPD study 16657",NA,NA,NA,NA,NA,NA,NA,NA,NA,NA,NA,NA,NA,NA,"https://www.ncei.noaa.gov/access/paleo-search/study/16657",NA,NA,NA,NA,"noaa_study_id=16657; original pub in IMPD datafile header","IMPDv1:IMPD_16657",1637,"Brown,T.A.",1,"Brown","T.A.",NA,NA,NA,NA,NA,NA,NA,NA,NA,"IMPDv1:IMPD_16657",1637,"IMPDv1","IMPD_16657",NA,31,31,"cm",NA,"Radiocarbon","concentrated charcoal",1895,45,1845,NA,"CAMS 112143",TRUE,NA,"na Date is in uncalibrated radiocarbon years.","Xindi - charcoal db_SIEVED","counted","NaN-NaN",NA,NA,"",1895,1850,1940,1895,31,NA,"na Date is in uncalibrated radiocarbon years.",". Cal curve: NA. Source DB: IMPDv1","Lacustrine","Carbon-14","Radiocarbon",-52,18017,"Calibrated radiocarbon years BP","sedimentary charcoal","Data Sourcing: IMPDv1 #charcoal_recommendedformat","Sample Age Source: IMPDv1"
"1637",481,"charcoal | num",240.5,240.75,241,0.5,15642,15633,15651,"IMPDv1","Charcoal (sum)","(additional options)",NA,NA,"False","False","number","Macroscopic charcoal (sieved)","direct",NA,"CHAR",1,NA,NA,"quant_raw",5,"volume","cm^3","IMPDv1","IMPD_16657","charcoal","count","char","wet_sieve","particle","num","count","no_size","num","IMPDv1","measured",1,"IMPDv1",NA,"Xindi - charcoal db",67.111667,-159.491667,NA,"north",NA,NA,"sedlac",1637,0,NA,"Higuera,P.E.;Brubaker,L.B.;Anderson,P.M.;Hu,F.S.;Brown,T.A.;. Xindi - charcoal db. NOAA/WDS Paleoclimatology IMPD study 16657",NA,NA,NA,NA,NA,NA,NA,NA,NA,NA,NA,NA,NA,NA,"https://www.ncei.noaa.gov/access/paleo-search/study/16657",NA,NA,NA,NA,"noaa_study_id=16657; original pub in IMPD datafile header","IMPDv1:IMPD_16657",1637,"Brown,T.A.",1,"Brown","T.A.",NA,NA,NA,NA,NA,NA,NA,NA,NA,"IMPDv1:IMPD_16657",1637,"IMPDv1","IMPD_16657",NA,53.25,53.25,"cm",NA,"Radiocarbon","concentrated charcoal",2880,60,3012,NA,"CAMS 113763",TRUE,NA,"na Date is in uncalibrated radiocarbon years.","Xindi - charcoal db_SIEVED","counted","NaN-NaN",NA,NA,"",2880,2820,2940,2880,53.25,NA,"na Date is in uncalibrated radiocarbon years.",". Cal curve: NA. Source DB: IMPDv1","Lacustrine","Carbon-14","Radiocarbon",-52,18017,"Calibrated radiocarbon years BP","sedimentary charcoal","Data Sourcing: IMPDv1 #charcoal_recommendedformat","Sample Age Source: IMPDv1"
"1637",482,"charcoal | num",241,241.25,241.5,0.5,15660,15651,15669,"IMPDv1","Charcoal (sum)","(additional options)",NA,NA,"False","False","number","Macroscopic charcoal (sieved)","direct",NA,"CHAR",0,NA,NA,"quant_raw",5,"volume","cm^3","IMPDv1","IMPD_16657","charcoal","count","char","wet_sieve","particle","num","count","no_size","num","IMPDv1","measured",1,"IMPDv1",NA,"Xindi - charcoal db",67.111667,-159.491667,NA,"north",NA,NA,"sedlac",1637,0,NA,"Higuera,P.E.;Brubaker,L.B.;Anderson,P.M.;Hu,F.S.;Brown,T.A.;. Xindi - charcoal db. NOAA/WDS Paleoclimatology IMPD study 16657",NA,NA,NA,NA,NA,NA,NA,NA,NA,NA,NA,NA,NA,NA,"https://www.ncei.noaa.gov/access/paleo-search/study/16657",NA,NA,NA,NA,"noaa_study_id=16657; original pub in IMPD datafile header","IMPDv1:IMPD_16657",1637,"Brown,T.A.",1,"Brown","T.A.",NA,NA,NA,NA,NA,NA,NA,NA,NA,"IMPDv1:IMPD_16657",1637,"IMPDv1","IMPD_16657",NA,53.25,53.25,"cm",NA,"Radiocarbon","concentrated charcoal",2880,60,3012,NA,"CAMS 113763",TRUE,NA,"na Date is in uncalibrated radiocarbon years.","Xindi - charcoal db_SIEVED","counted","NaN-NaN",NA,NA,"",2880,2820,2940,2880,53.25,NA,"na Date is in uncalibrated radiocarbon years.",". Cal curve: NA. Source DB: IMPDv1","Lacustrine","Carbon-14","Radiocarbon",-52,18017,"Calibrated radiocarbon years BP","sedimentary charcoal","Data Sourcing: IMPDv1 #charcoal_recommendedformat","Sample Age Source: IMPDv1"
"1637",483,"charcoal | num",241.5,241.75,242,0.5,15678,15669,15687,"IMPDv1","Charcoal (sum)","(additional options)",NA,NA,"False","False","number","Macroscopic charcoal (sieved)","direct",NA,"CHAR",0,NA,NA,"quant_raw",5,"volume","cm^3","IMPDv1","IMPD_16657","charcoal","count","char","wet_sieve","particle","num","count","no_size","num","IMPDv1","measured",1,"IMPDv1",NA,"Xindi - charcoal db",67.111667,-159.491667,NA,"north",NA,NA,"sedlac",1637,0,NA,"Higuera,P.E.;Brubaker,L.B.;Anderson,P.M.;Hu,F.S.;Brown,T.A.;. Xindi - charcoal db. NOAA/WDS Paleoclimatology IMPD study 16657",NA,NA,NA,NA,NA,NA,NA,NA,NA,NA,NA,NA,NA,NA,"https://www.ncei.noaa.gov/access/paleo-search/study/16657",NA,NA,NA,NA,"noaa_study_id=16657; original pub in IMPD datafile header","IMPDv1:IMPD_16657",1637,"Brown,T.A.",1,"Brown","T.A.",NA,NA,NA,NA,NA,NA,NA,NA,NA,"IMPDv1:IMPD_16657",1637,"IMPDv1","IMPD_16657",NA,53.25,53.25,"cm",NA,"Radiocarbon","concentrated charcoal",2880,60,3012,NA,"CAMS 113763",TRUE,NA,"na Date is in uncalibrated radiocarbon years.","Xindi - charcoal db_SIEVED","counted","NaN-NaN",NA,NA,"",2880,2820,2940,2880,53.25,NA,"na Date is in uncalibrated radiocarbon years.",". Cal curve: NA. Source DB: IMPDv1","Lacustrine","Carbon-14","Radiocarbon",-52,18017,"Calibrated radiocarbon years BP","sedimentary charcoal","Data Sourcing: IMPDv1 #charcoal_recommendedformat","Sample Age Source: IMPDv1"
"1637",484,"charcoal | num",242,242.25,242.5,0.5,15696,15687,15705,"IMPDv1","Charcoal (sum)","(additional options)",NA,NA,"False","False","number","Macroscopic charcoal (sieved)","direct",NA,"CHAR",0,NA,NA,"quant_raw",5,"volume","cm^3","IMPDv1","IMPD_16657","charcoal","count","char","wet_sieve","particle","num","count","no_size","num","IMPDv1","measured",1,"IMPDv1",NA,"Xindi - charcoal db",67.111667,-159.491667,NA,"north",NA,NA,"sedlac",1637,0,NA,"Higuera,P.E.;Brubaker,L.B.;Anderson,P.M.;Hu,F.S.;Brown,T.A.;. Xindi - charcoal db. NOAA/WDS Paleoclimatology IMPD study 16657",NA,NA,NA,NA,NA,NA,NA,NA,NA,NA,NA,NA,NA,NA,"https://www.ncei.noaa.gov/access/paleo-search/study/16657",NA,NA,NA,NA,"noaa_study_id=16657; original pub in IMPD datafile header","IMPDv1:IMPD_16657",1637,"Brown,T.A.",1,"Brown","T.A.",NA,NA,NA,NA,NA,NA,NA,NA,NA,"IMPDv1:IMPD_16657",1637,"IMPDv1","IMPD_16657",NA,53.25,53.25,"cm",NA,"Radiocarbon","concentrated charcoal",2880,60,3012,NA,"CAMS 113763",TRUE,NA,"na Date is in uncalibrated radiocarbon years.","Xindi - charcoal db_SIEVED","counted","NaN-NaN",NA,NA,"",2880,2820,2940,2880,53.25,NA,"na Date is in uncalibrated radiocarbon years.",". Cal curve: NA. Source DB: IMPDv1","Lacustrine","Carbon-14","Radiocarbon",-52,18017,"Calibrated radiocarbon years BP","sedimentary charcoal","Data Sourcing: IMPDv1 #charcoal_recommendedformat","Sample Age Source: IMPDv1"
"1637",485,"charcoal | num",242.5,242.75,243,0.5,15714,15705,15723,"IMPDv1","Charcoal (sum)","(additional options)",NA,NA,"False","False","number","Macroscopic charcoal (sieved)","direct",NA,"CHAR",2,NA,NA,"quant_raw",5,"volume","cm^3","IMPDv1","IMPD_16657","charcoal","count","char","wet_sieve","particle","num","count","no_size","num","IMPDv1","measured",1,"IMPDv1",NA,"Xindi - charcoal db",67.111667,-159.491667,NA,"north",NA,NA,"sedlac",1637,0,NA,"Higuera,P.E.;Brubaker,L.B.;Anderson,P.M.;Hu,F.S.;Brown,T.A.;. Xindi - charcoal db. NOAA/WDS Paleoclimatology IMPD study 16657",NA,NA,NA,NA,NA,NA,NA,NA,NA,NA,NA,NA,NA,NA,"https://www.ncei.noaa.gov/access/paleo-search/study/16657",NA,NA,NA,NA,"noaa_study_id=16657; original pub in IMPD datafile header","IMPDv1:IMPD_16657",1637,"Brown,T.A.",1,"Brown","T.A.",NA,NA,NA,NA,NA,NA,NA,NA,NA,"IMPDv1:IMPD_16657",1637,"IMPDv1","IMPD_16657",NA,53.25,53.25,"cm",NA,"Radiocarbon","concentrated charcoal",2880,60,3012,NA,"CAMS 113763",TRUE,NA,"na Date is in uncalibrated radiocarbon years.","Xindi - charcoal db_SIEVED","counted","NaN-NaN",NA,NA,"",2880,2820,2940,2880,53.25,NA,"na Date is in uncalibrated radiocarbon years.",". Cal curve: NA. Source DB: IMPDv1","Lacustrine","Carbon-14","Radiocarbon",-52,18017,"Calibrated radiocarbon years BP","sedimentary charcoal","Data Sourcing: IMPDv1 #charcoal_recommendedformat","Sample Age Source: IMPDv1"
"1637",486,"charcoal | num",243,243.25,243.5,0.5,15732,15723,15741,"IMPDv1","Charcoal (sum)","(additional options)",NA,NA,"False","False","number","Macroscopic charcoal (sieved)","direct",NA,"CHAR",0,NA,NA,"quant_raw",5,"volume","cm^3","IMPDv1","IMPD_16657","charcoal","count","char","wet_sieve","particle","num","count","no_size","num","IMPDv1","measured",1,"IMPDv1",NA,"Xindi - charcoal db",67.111667,-159.491667,NA,"north",NA,NA,"sedlac",1637,0,NA,"Higuera,P.E.;Brubaker,L.B.;Anderson,P.M.;Hu,F.S.;Brown,T.A.;. Xindi - charcoal db. NOAA/WDS Paleoclimatology IMPD study 16657",NA,NA,NA,NA,NA,NA,NA,NA,NA,NA,NA,NA,NA,NA,"https://www.ncei.noaa.gov/access/paleo-search/study/16657",NA,NA,NA,NA,"noaa_study_id=16657; original pub in IMPD datafile header","IMPDv1:IMPD_16657",1637,"Brown,T.A.",1,"Brown","T.A.",NA,NA,NA,NA,NA,NA,NA,NA,NA,"IMPDv1:IMPD_16657",1637,"IMPDv1","IMPD_16657",NA,53.25,53.25,"cm",NA,"Radiocarbon","concentrated charcoal",2880,60,3012,NA,"CAMS 113763",TRUE,NA,"na Date is in uncalibrated radiocarbon years.","Xindi - charcoal db_SIEVED","counted","NaN-NaN",NA,NA,"",2880,2820,2940,2880,53.25,NA,"na Date is in uncalibrated radiocarbon years.",". Cal curve: NA. Source DB: IMPDv1","Lacustrine","Carbon-14","Radiocarbon",-52,18017,"Calibrated radiocarbon years BP","sedimentary charcoal","Data Sourcing: IMPDv1 #charcoal_recommendedformat","Sample Age Source: IMPDv1"
"1637",487,"charcoal | num",243.5,243.75,244,0.5,15750,15741,15759,"IMPDv1","Charcoal (sum)","(additional options)",NA,NA,"False","False","number","Macroscopic charcoal (sieved)","direct",NA,"CHAR",0,NA,NA,"quant_raw",5,"volume","cm^3","IMPDv1","IMPD_16657","charcoal","count","char","wet_sieve","particle","num","count","no_size","num","IMPDv1","measured",1,"IMPDv1",NA,"Xindi - charcoal db",67.111667,-159.491667,NA,"north",NA,NA,"sedlac",1637,0,NA,"Higuera,P.E.;Brubaker,L.B.;Anderson,P.M.;Hu,F.S.;Brown,T.A.;. Xindi - charcoal db. NOAA/WDS Paleoclimatology IMPD study 16657",NA,NA,NA,NA,NA,NA,NA,NA,NA,NA,NA,NA,NA,NA,"https://www.ncei.noaa.gov/access/paleo-search/study/16657",NA,NA,NA,NA,"noaa_study_id=16657; original pub in IMPD datafile header","IMPDv1:IMPD_16657",1637,"Brown,T.A.",1,"Brown","T.A.",NA,NA,NA,NA,NA,NA,NA,NA,NA,"IMPDv1:IMPD_16657",1637,"IMPDv1","IMPD_16657",NA,53.25,53.25,"cm",NA,"Radiocarbon","concentrated charcoal",2880,60,3012,NA,"CAMS 113763",TRUE,NA,"na Date is in uncalibrated radiocarbon years.","Xindi - charcoal db_SIEVED","counted","NaN-NaN",NA,NA,"",2880,2820,2940,2880,53.25,NA,"na Date is in uncalibrated radiocarbon years.",". Cal curve: NA. Source DB: IMPDv1","Lacustrine","Carbon-14","Radiocarbon",-52,18017,"Calibrated radiocarbon years BP","sedimentary charcoal","Data Sourcing: IMPDv1 #charcoal_recommendedformat","Sample Age Source: IMPDv1"
"1637",488,"charcoal | num",244,244.25,244.5,0.5,15768.5,15759,15778,"IMPDv1","Charcoal (sum)","(additional options)",NA,NA,"False","False","number","Macroscopic charcoal (sieved)","direct",NA,"CHAR",0,NA,NA,"quant_raw",5,"volume","cm^3","IMPDv1","IMPD_16657","charcoal","count","char","wet_sieve","particle","num","count","no_size","num","IMPDv1","measured",1,"IMPDv1",NA,"Xindi - charcoal db",67.111667,-159.491667,NA,"north",NA,NA,"sedlac",1637,0,NA,"Higuera,P.E.;Brubaker,L.B.;Anderson,P.M.;Hu,F.S.;Brown,T.A.;. Xindi - charcoal db. NOAA/WDS Paleoclimatology IMPD study 16657",NA,NA,NA,NA,NA,NA,NA,NA,NA,NA,NA,NA,NA,NA,"https://www.ncei.noaa.gov/access/paleo-search/study/16657",NA,NA,NA,NA,"noaa_study_id=16657; original pub in IMPD datafile header","IMPDv1:IMPD_16657",1637,"Brown,T.A.",1,"Brown","T.A.",NA,NA,NA,NA,NA,NA,NA,NA,NA,"IMPDv1:IMPD_16657",1637,"IMPDv1","IMPD_16657",NA,53.25,53.25,"cm",NA,"Radiocarbon","concentrated charcoal",2880,60,3012,NA,"CAMS 113763",TRUE,NA,"na Date is in uncalibrated radiocarbon years.","Xindi - charcoal db_SIEVED","counted","NaN-NaN",NA,NA,"",2880,2820,2940,2880,53.25,NA,"na Date is in uncalibrated radiocarbon years.",". Cal curve: NA. Source DB: IMPDv1","Lacustrine","Carbon-14","Radiocarbon",-52,18017,"Calibrated radiocarbon years BP","sedimentary charcoal","Data Sourcing: IMPDv1 #charcoal_recommendedformat","Sample Age Source: IMPDv1"
"1637",489,"charcoal | num",244.5,244.75,245,0.5,15787,15778,15796,"IMPDv1","Charcoal (sum)","(additional options)",NA,NA,"False","False","number","Macroscopic charcoal (sieved)","direct",NA,"CHAR",0,NA,NA,"quant_raw",5,"volume","cm^3","IMPDv1","IMPD_16657","charcoal","count","char","wet_sieve","particle","num","count","no_size","num","IMPDv1","measured",1,"IMPDv1",NA,"Xindi - charcoal db",67.111667,-159.491667,NA,"north",NA,NA,"sedlac",1637,0,NA,"Higuera,P.E.;Brubaker,L.B.;Anderson,P.M.;Hu,F.S.;Brown,T.A.;. Xindi - charcoal db. NOAA/WDS Paleoclimatology IMPD study 16657",NA,NA,NA,NA,NA,NA,NA,NA,NA,NA,NA,NA,NA,NA,"https://www.ncei.noaa.gov/access/paleo-search/study/16657",NA,NA,NA,NA,"noaa_study_id=16657; original pub in IMPD datafile header","IMPDv1:IMPD_16657",1637,"Brown,T.A.",1,"Brown","T.A.",NA,NA,NA,NA,NA,NA,NA,NA,NA,"IMPDv1:IMPD_16657",1637,"IMPDv1","IMPD_16657",NA,53.25,53.25,"cm",NA,"Radiocarbon","concentrated charcoal",2880,60,3012,NA,"CAMS 113763",TRUE,NA,"na Date is in uncalibrated radiocarbon years.","Xindi - charcoal db_SIEVED","counted","NaN-NaN",NA,NA,"",2880,2820,2940,2880,53.25,NA,"na Date is in uncalibrated radiocarbon years.",". Cal curve: NA. Source DB: IMPDv1","Lacustrine","Carbon-14","Radiocarbon",-52,18017,"Calibrated radiocarbon years BP","sedimentary charcoal","Data Sourcing: IMPDv1 #charcoal_recommendedformat","Sample Age Source: IMPDv1"
"1637",490,"charcoal | num",245,245.25,245.5,0.5,15805.5,15796,15815,"IMPDv1","Charcoal (sum)","(additional options)",NA,NA,"False","False","number","Macroscopic charcoal (sieved)","direct",NA,"CHAR",0,NA,NA,"quant_raw",5,"volume","cm^3","IMPDv1","IMPD_16657","charcoal","count","char","wet_sieve","particle","num","count","no_size","num","IMPDv1","measured",1,"IMPDv1",NA,"Xindi - charcoal db",67.111667,-159.491667,NA,"north",NA,NA,"sedlac",1637,0,NA,"Higuera,P.E.;Brubaker,L.B.;Anderson,P.M.;Hu,F.S.;Brown,T.A.;. Xindi - charcoal db. NOAA/WDS Paleoclimatology IMPD study 16657",NA,NA,NA,NA,NA,NA,NA,NA,NA,NA,NA,NA,NA,NA,"https://www.ncei.noaa.gov/access/paleo-search/study/16657",NA,NA,NA,NA,"noaa_study_id=16657; original pub in IMPD datafile header","IMPDv1:IMPD_16657",1637,"Brown,T.A.",1,"Brown","T.A.",NA,NA,NA,NA,NA,NA,NA,NA,NA,"IMPDv1:IMPD_16657",1637,"IMPDv1","IMPD_16657",NA,53.25,53.25,"cm",NA,"Radiocarbon","concentrated charcoal",2880,60,3012,NA,"CAMS 113763",TRUE,NA,"na Date is in uncalibrated radiocarbon years.","Xindi - charcoal db_SIEVED","counted","NaN-NaN",NA,NA,"",2880,2820,2940,2880,53.25,NA,"na Date is in uncalibrated radiocarbon years.",". Cal curve: NA. Source DB: IMPDv1","Lacustrine","Carbon-14","Radiocarbon",-52,18017,"Calibrated radiocarbon years BP","sedimentary charcoal","Data Sourcing: IMPDv1 #charcoal_recommendedformat","Sample Age Source: IMPDv1"
"1637",491,"charcoal | num",245.5,245.75,246,0.5,15824.5,15815,15834,"IMPDv1","Charcoal (sum)","(additional options)",NA,NA,"False","False","number","Macroscopic charcoal (sieved)","direct",NA,"CHAR",0,NA,NA,"quant_raw",5,"volume","cm^3","IMPDv1","IMPD_16657","charcoal","count","char","wet_sieve","particle","num","count","no_size","num","IMPDv1","measured",1,"IMPDv1",NA,"Xindi - charcoal db",67.111667,-159.491667,NA,"north",NA,NA,"sedlac",1637,0,NA,"Higuera,P.E.;Brubaker,L.B.;Anderson,P.M.;Hu,F.S.;Brown,T.A.;. Xindi - charcoal db. NOAA/WDS Paleoclimatology IMPD study 16657",NA,NA,NA,NA,NA,NA,NA,NA,NA,NA,NA,NA,NA,NA,"https://www.ncei.noaa.gov/access/paleo-search/study/16657",NA,NA,NA,NA,"noaa_study_id=16657; original pub in IMPD datafile header","IMPDv1:IMPD_16657",1637,"Brown,T.A.",1,"Brown","T.A.",NA,NA,NA,NA,NA,NA,NA,NA,NA,"IMPDv1:IMPD_16657",1637,"IMPDv1","IMPD_16657",NA,53.25,53.25,"cm",NA,"Radiocarbon","concentrated charcoal",2880,60,3012,NA,"CAMS 113763",TRUE,NA,"na Date is in uncalibrated radiocarbon years.","Xindi - charcoal db_SIEVED","counted","NaN-NaN",NA,NA,"",2880,2820,2940,2880,53.25,NA,"na Date is in uncalibrated radiocarbon years.",". Cal curve: NA. Source DB: IMPDv1","Lacustrine","Carbon-14","Radiocarbon",-52,18017,"Calibrated radiocarbon years BP","sedimentary charcoal","Data Sourcing: IMPDv1 #charcoal_recommendedformat","Sample Age Source: IMPDv1"
"1637",492,"charcoal | num",246,246.25,246.5,0.5,15843.5,15834,15853,"IMPDv1","Charcoal (sum)","(additional options)",NA,NA,"False","False","number","Macroscopic charcoal (sieved)","direct",NA,"CHAR",0,NA,NA,"quant_raw",5,"volume","cm^3","IMPDv1","IMPD_16657","charcoal","count","char","wet_sieve","particle","num","count","no_size","num","IMPDv1","measured",1,"IMPDv1",NA,"Xindi - charcoal db",67.111667,-159.491667,NA,"north",NA,NA,"sedlac",1637,0,NA,"Higuera,P.E.;Brubaker,L.B.;Anderson,P.M.;Hu,F.S.;Brown,T.A.;. Xindi - charcoal db. NOAA/WDS Paleoclimatology IMPD study 16657",NA,NA,NA,NA,NA,NA,NA,NA,NA,NA,NA,NA,NA,NA,"https://www.ncei.noaa.gov/access/paleo-search/study/16657",NA,NA,NA,NA,"noaa_study_id=16657; original pub in IMPD datafile header","IMPDv1:IMPD_16657",1637,"Brown,T.A.",1,"Brown","T.A.",NA,NA,NA,NA,NA,NA,NA,NA,NA,"IMPDv1:IMPD_16657",1637,"IMPDv1","IMPD_16657",NA,53.25,53.25,"cm",NA,"Radiocarbon","concentrated charcoal",2880,60,3012,NA,"CAMS 113763",TRUE,NA,"na Date is in uncalibrated radiocarbon years.","Xindi - charcoal db_SIEVED","counted","NaN-NaN",NA,NA,"",2880,2820,2940,2880,53.25,NA,"na Date is in uncalibrated radiocarbon years.",". Cal curve: NA. Source DB: IMPDv1","Lacustrine","Carbon-14","Radiocarbon",-52,18017,"Calibrated radiocarbon years BP","sedimentary charcoal","Data Sourcing: IMPDv1 #charcoal_recommendedformat","Sample Age Source: IMPDv1"
"1637",493,"charcoal | num",246.5,246.75,247,0.5,15862,15853,15871,"IMPDv1","Charcoal (sum)","(additional options)",NA,NA,"False","False","number","Macroscopic charcoal (sieved)","direct",NA,"CHAR",0,NA,NA,"quant_raw",5,"volume","cm^3","IMPDv1","IMPD_16657","charcoal","count","char","wet_sieve","particle","num","count","no_size","num","IMPDv1","measured",1,"IMPDv1",NA,"Xindi - charcoal db",67.111667,-159.491667,NA,"north",NA,NA,"sedlac",1637,0,NA,"Higuera,P.E.;Brubaker,L.B.;Anderson,P.M.;Hu,F.S.;Brown,T.A.;. Xindi - charcoal db. NOAA/WDS Paleoclimatology IMPD study 16657",NA,NA,NA,NA,NA,NA,NA,NA,NA,NA,NA,NA,NA,NA,"https://www.ncei.noaa.gov/access/paleo-search/study/16657",NA,NA,NA,NA,"noaa_study_id=16657; original pub in IMPD datafile header","IMPDv1:IMPD_16657",1637,"Brown,T.A.",1,"Brown","T.A.",NA,NA,NA,NA,NA,NA,NA,NA,NA,"IMPDv1:IMPD_16657",1637,"IMPDv1","IMPD_16657",NA,53.25,53.25,"cm",NA,"Radiocarbon","concentrated charcoal",2880,60,3012,NA,"CAMS 113763",TRUE,NA,"na Date is in uncalibrated radiocarbon years.","Xindi - charcoal db_SIEVED","counted","NaN-NaN",NA,NA,"",2880,2820,2940,2880,53.25,NA,"na Date is in uncalibrated radiocarbon years.",". Cal curve: NA. Source DB: IMPDv1","Lacustrine","Carbon-14","Radiocarbon",-52,18017,"Calibrated radiocarbon years BP","sedimentary charcoal","Data Sourcing: IMPDv1 #charcoal_recommendedformat","Sample Age Source: IMPDv1"
"1637",494,"charcoal | num",247,247.25,247.5,0.5,15881,15871,15891,"IMPDv1","Charcoal (sum)","(additional options)",NA,NA,"False","False","number","Macroscopic charcoal (sieved)","direct",NA,"CHAR",0,NA,NA,"quant_raw",5,"volume","cm^3","IMPDv1","IMPD_16657","charcoal","count","char","wet_sieve","particle","num","count","no_size","num","IMPDv1","measured",1,"IMPDv1",NA,"Xindi - charcoal db",67.111667,-159.491667,NA,"north",NA,NA,"sedlac",1637,0,NA,"Higuera,P.E.;Brubaker,L.B.;Anderson,P.M.;Hu,F.S.;Brown,T.A.;. Xindi - charcoal db. NOAA/WDS Paleoclimatology IMPD study 16657",NA,NA,NA,NA,NA,NA,NA,NA,NA,NA,NA,NA,NA,NA,"https://www.ncei.noaa.gov/access/paleo-search/study/16657",NA,NA,NA,NA,"noaa_study_id=16657; original pub in IMPD datafile header","IMPDv1:IMPD_16657",1637,"Brown,T.A.",1,"Brown","T.A.",NA,NA,NA,NA,NA,NA,NA,NA,NA,"IMPDv1:IMPD_16657",1637,"IMPDv1","IMPD_16657",NA,69.25,69.25,"cm",NA,"Radiocarbon","concentrated charcoal",3360,35,3601,NA,"CAMS 122363",TRUE,NA,"na Date is in uncalibrated radiocarbon years.","Xindi - charcoal db_SIEVED","counted","NaN-NaN",NA,NA,"",3360,3325,3395,3360,69.25,NA,"na Date is in uncalibrated radiocarbon years.",". Cal curve: NA. Source DB: IMPDv1","Lacustrine","Carbon-14","Radiocarbon",-52,18017,"Calibrated radiocarbon years BP","sedimentary charcoal","Data Sourcing: IMPDv1 #charcoal_recommendedformat","Sample Age Source: IMPDv1"
"1637",495,"charcoal | num",247.5,247.75,248,0.5,15900.5,15891,15910,"IMPDv1","Charcoal (sum)","(additional options)",NA,NA,"False","False","number","Macroscopic charcoal (sieved)","direct",NA,"CHAR",0,NA,NA,"quant_raw",5,"volume","cm^3","IMPDv1","IMPD_16657","charcoal","count","char","wet_sieve","particle","num","count","no_size","num","IMPDv1","measured",1,"IMPDv1",NA,"Xindi - charcoal db",67.111667,-159.491667,NA,"north",NA,NA,"sedlac",1637,0,NA,"Higuera,P.E.;Brubaker,L.B.;Anderson,P.M.;Hu,F.S.;Brown,T.A.;. Xindi - charcoal db. NOAA/WDS Paleoclimatology IMPD study 16657",NA,NA,NA,NA,NA,NA,NA,NA,NA,NA,NA,NA,NA,NA,"https://www.ncei.noaa.gov/access/paleo-search/study/16657",NA,NA,NA,NA,"noaa_study_id=16657; original pub in IMPD datafile header","IMPDv1:IMPD_16657",1637,"Brown,T.A.",1,"Brown","T.A.",NA,NA,NA,NA,NA,NA,NA,NA,NA,"IMPDv1:IMPD_16657",1637,"IMPDv1","IMPD_16657",NA,69.25,69.25,"cm",NA,"Radiocarbon","concentrated charcoal",3360,35,3601,NA,"CAMS 122363",TRUE,NA,"na Date is in uncalibrated radiocarbon years.","Xindi - charcoal db_SIEVED","counted","NaN-NaN",NA,NA,"",3360,3325,3395,3360,69.25,NA,"na Date is in uncalibrated radiocarbon years.",". Cal curve: NA. Source DB: IMPDv1","Lacustrine","Carbon-14","Radiocarbon",-52,18017,"Calibrated radiocarbon years BP","sedimentary charcoal","Data Sourcing: IMPDv1 #charcoal_recommendedformat","Sample Age Source: IMPDv1"
"1637",496,"charcoal | num",248,248.25,248.5,0.5,15919.5,15910,15929,"IMPDv1","Charcoal (sum)","(additional options)",NA,NA,"False","False","number","Macroscopic charcoal (sieved)","direct",NA,"CHAR",0,NA,NA,"quant_raw",5,"volume","cm^3","IMPDv1","IMPD_16657","charcoal","count","char","wet_sieve","particle","num","count","no_size","num","IMPDv1","measured",1,"IMPDv1",NA,"Xindi - charcoal db",67.111667,-159.491667,NA,"north",NA,NA,"sedlac",1637,0,NA,"Higuera,P.E.;Brubaker,L.B.;Anderson,P.M.;Hu,F.S.;Brown,T.A.;. Xindi - charcoal db. NOAA/WDS Paleoclimatology IMPD study 16657",NA,NA,NA,NA,NA,NA,NA,NA,NA,NA,NA,NA,NA,NA,"https://www.ncei.noaa.gov/access/paleo-search/study/16657",NA,NA,NA,NA,"noaa_study_id=16657; original pub in IMPD datafile header","IMPDv1:IMPD_16657",1637,"Brown,T.A.",1,"Brown","T.A.",NA,NA,NA,NA,NA,NA,NA,NA,NA,"IMPDv1:IMPD_16657",1637,"IMPDv1","IMPD_16657",NA,69.25,69.25,"cm",NA,"Radiocarbon","concentrated charcoal",3360,35,3601,NA,"CAMS 122363",TRUE,NA,"na Date is in uncalibrated radiocarbon years.","Xindi - charcoal db_SIEVED","counted","NaN-NaN",NA,NA,"",3360,3325,3395,3360,69.25,NA,"na Date is in uncalibrated radiocarbon years.",". Cal curve: NA. Source DB: IMPDv1","Lacustrine","Carbon-14","Radiocarbon",-52,18017,"Calibrated radiocarbon years BP","sedimentary charcoal","Data Sourcing: IMPDv1 #charcoal_recommendedformat","Sample Age Source: IMPDv1"
"1637",497,"charcoal | num",248.5,248.75,249,0.5,15939,15929,15949,"IMPDv1","Charcoal (sum)","(additional options)",NA,NA,"False","False","number","Macroscopic charcoal (sieved)","direct",NA,"CHAR",0,NA,NA,"quant_raw",5,"volume","cm^3","IMPDv1","IMPD_16657","charcoal","count","char","wet_sieve","particle","num","count","no_size","num","IMPDv1","measured",1,"IMPDv1",NA,"Xindi - charcoal db",67.111667,-159.491667,NA,"north",NA,NA,"sedlac",1637,0,NA,"Higuera,P.E.;Brubaker,L.B.;Anderson,P.M.;Hu,F.S.;Brown,T.A.;. Xindi - charcoal db. NOAA/WDS Paleoclimatology IMPD study 16657",NA,NA,NA,NA,NA,NA,NA,NA,NA,NA,NA,NA,NA,NA,"https://www.ncei.noaa.gov/access/paleo-search/study/16657",NA,NA,NA,NA,"noaa_study_id=16657; original pub in IMPD datafile header","IMPDv1:IMPD_16657",1637,"Brown,T.A.",1,"Brown","T.A.",NA,NA,NA,NA,NA,NA,NA,NA,NA,"IMPDv1:IMPD_16657",1637,"IMPDv1","IMPD_16657",NA,69.25,69.25,"cm",NA,"Radiocarbon","concentrated charcoal",3360,35,3601,NA,"CAMS 122363",TRUE,NA,"na Date is in uncalibrated radiocarbon years.","Xindi - charcoal db_SIEVED","counted","NaN-NaN",NA,NA,"",3360,3325,3395,3360,69.25,NA,"na Date is in uncalibrated radiocarbon years.",". Cal curve: NA. Source DB: IMPDv1","Lacustrine","Carbon-14","Radiocarbon",-52,18017,"Calibrated radiocarbon years BP","sedimentary charcoal","Data Sourcing: IMPDv1 #charcoal_recommendedformat","Sample Age Source: IMPDv1"
"1637",498,"charcoal | num",249,249.25,249.5,0.5,15958.5,15949,15968,"IMPDv1","Charcoal (sum)","(additional options)",NA,NA,"False","False","number","Macroscopic charcoal (sieved)","direct",NA,"CHAR",0,NA,NA,"quant_raw",5,"volume","cm^3","IMPDv1","IMPD_16657","charcoal","count","char","wet_sieve","particle","num","count","no_size","num","IMPDv1","measured",1,"IMPDv1",NA,"Xindi - charcoal db",67.111667,-159.491667,NA,"north",NA,NA,"sedlac",1637,0,NA,"Higuera,P.E.;Brubaker,L.B.;Anderson,P.M.;Hu,F.S.;Brown,T.A.;. Xindi - charcoal db. NOAA/WDS Paleoclimatology IMPD study 16657",NA,NA,NA,NA,NA,NA,NA,NA,NA,NA,NA,NA,NA,NA,"https://www.ncei.noaa.gov/access/paleo-search/study/16657",NA,NA,NA,NA,"noaa_study_id=16657; original pub in IMPD datafile header","IMPDv1:IMPD_16657",1637,"Brown,T.A.",1,"Brown","T.A.",NA,NA,NA,NA,NA,NA,NA,NA,NA,"IMPDv1:IMPD_16657",1637,"IMPDv1","IMPD_16657",NA,69.25,69.25,"cm",NA,"Radiocarbon","concentrated charcoal",3360,35,3601,NA,"CAMS 122363",TRUE,NA,"na Date is in uncalibrated radiocarbon years.","Xindi - charcoal db_SIEVED","counted","NaN-NaN",NA,NA,"",3360,3325,3395,3360,69.25,NA,"na Date is in uncalibrated radiocarbon years.",". Cal curve: NA. Source DB: IMPDv1","Lacustrine","Carbon-14","Radiocarbon",-52,18017,"Calibrated radiocarbon years BP","sedimentary charcoal","Data Sourcing: IMPDv1 #charcoal_recommendedformat","Sample Age Source: IMPDv1"
"1637",499,"charcoal | num",249.5,249.75,250,0.5,15978,15968,15988,"IMPDv1","Charcoal (sum)","(additional options)",NA,NA,"False","False","number","Macroscopic charcoal (sieved)","direct",NA,"CHAR",0,NA,NA,"quant_raw",5,"volume","cm^3","IMPDv1","IMPD_16657","charcoal","count","char","wet_sieve","particle","num","count","no_size","num","IMPDv1","measured",1,"IMPDv1",NA,"Xindi - charcoal db",67.111667,-159.491667,NA,"north",NA,NA,"sedlac",1637,0,NA,"Higuera,P.E.;Brubaker,L.B.;Anderson,P.M.;Hu,F.S.;Brown,T.A.;. Xindi - charcoal db. NOAA/WDS Paleoclimatology IMPD study 16657",NA,NA,NA,NA,NA,NA,NA,NA,NA,NA,NA,NA,NA,NA,"https://www.ncei.noaa.gov/access/paleo-search/study/16657",NA,NA,NA,NA,"noaa_study_id=16657; original pub in IMPD datafile header","IMPDv1:IMPD_16657",1637,"Brown,T.A.",1,"Brown","T.A.",NA,NA,NA,NA,NA,NA,NA,NA,NA,"IMPDv1:IMPD_16657",1637,"IMPDv1","IMPD_16657",NA,69.25,69.25,"cm",NA,"Radiocarbon","concentrated charcoal",3360,35,3601,NA,"CAMS 122363",TRUE,NA,"na Date is in uncalibrated radiocarbon years.","Xindi - charcoal db_SIEVED","counted","NaN-NaN",NA,NA,"",3360,3325,3395,3360,69.25,NA,"na Date is in uncalibrated radiocarbon years.",". Cal curve: NA. Source DB: IMPDv1","Lacustrine","Carbon-14","Radiocarbon",-52,18017,"Calibrated radiocarbon years BP","sedimentary charcoal","Data Sourcing: IMPDv1 #charcoal_recommendedformat","Sample Age Source: IMPDv1"
"1637",500,"charcoal | num",250,250.25,250.5,0.5,15998,15988,16008,"IMPDv1","Charcoal (sum)","(additional options)",NA,NA,"False","False","number","Macroscopic charcoal (sieved)","direct",NA,"CHAR",0,NA,NA,"quant_raw",5,"volume","cm^3","IMPDv1","IMPD_16657","charcoal","count","char","wet_sieve","particle","num","count","no_size","num","IMPDv1","measured",1,"IMPDv1",NA,"Xindi - charcoal db",67.111667,-159.491667,NA,"north",NA,NA,"sedlac",1637,0,NA,"Higuera,P.E.;Brubaker,L.B.;Anderson,P.M.;Hu,F.S.;Brown,T.A.;. Xindi - charcoal db. NOAA/WDS Paleoclimatology IMPD study 16657",NA,NA,NA,NA,NA,NA,NA,NA,NA,NA,NA,NA,NA,NA,"https://www.ncei.noaa.gov/access/paleo-search/study/16657",NA,NA,NA,NA,"noaa_study_id=16657; original pub in IMPD datafile header","IMPDv1:IMPD_16657",1637,"Brown,T.A.",1,"Brown","T.A.",NA,NA,NA,NA,NA,NA,NA,NA,NA,"IMPDv1:IMPD_16657",1637,"IMPDv1","IMPD_16657",NA,69.25,69.25,"cm",NA,"Radiocarbon","concentrated charcoal",3360,35,3601,NA,"CAMS 122363",TRUE,NA,"na Date is in uncalibrated radiocarbon years.","Xindi - charcoal db_SIEVED","counted","NaN-NaN",NA,NA,"",3360,3325,3395,3360,69.25,NA,"na Date is in uncalibrated radiocarbon years.",". Cal curve: NA. Source DB: IMPDv1","Lacustrine","Carbon-14","Radiocarbon",-52,18017,"Calibrated radiocarbon years BP","sedimentary charcoal","Data Sourcing: IMPDv1 #charcoal_recommendedformat","Sample Age Source: IMPDv1"
"1637",501,"charcoal | num",250.5,250.75,251,0.5,16018,16008,16028,"IMPDv1","Charcoal (sum)","(additional options)",NA,NA,"False","False","number","Macroscopic charcoal (sieved)","direct",NA,"CHAR",0,NA,NA,"quant_raw",5,"volume","cm^3","IMPDv1","IMPD_16657","charcoal","count","char","wet_sieve","particle","num","count","no_size","num","IMPDv1","measured",1,"IMPDv1",NA,"Xindi - charcoal db",67.111667,-159.491667,NA,"north",NA,NA,"sedlac",1637,0,NA,"Higuera,P.E.;Brubaker,L.B.;Anderson,P.M.;Hu,F.S.;Brown,T.A.;. Xindi - charcoal db. NOAA/WDS Paleoclimatology IMPD study 16657",NA,NA,NA,NA,NA,NA,NA,NA,NA,NA,NA,NA,NA,NA,"https://www.ncei.noaa.gov/access/paleo-search/study/16657",NA,NA,NA,NA,"noaa_study_id=16657; original pub in IMPD datafile header","IMPDv1:IMPD_16657",1637,"Brown,T.A.",1,"Brown","T.A.",NA,NA,NA,NA,NA,NA,NA,NA,NA,"IMPDv1:IMPD_16657",1637,"IMPDv1","IMPD_16657",NA,69.25,69.25,"cm",NA,"Radiocarbon","concentrated charcoal",3360,35,3601,NA,"CAMS 122363",TRUE,NA,"na Date is in uncalibrated radiocarbon years.","Xindi - charcoal db_SIEVED","counted","NaN-NaN",NA,NA,"",3360,3325,3395,3360,69.25,NA,"na Date is in uncalibrated radiocarbon years.",". Cal curve: NA. Source DB: IMPDv1","Lacustrine","Carbon-14","Radiocarbon",-52,18017,"Calibrated radiocarbon years BP","sedimentary charcoal","Data Sourcing: IMPDv1 #charcoal_recommendedformat","Sample Age Source: IMPDv1"
"1637",502,"charcoal | num",251,251.25,251.5,0.5,16038,16028,16048,"IMPDv1","Charcoal (sum)","(additional options)",NA,NA,"False","False","number","Macroscopic charcoal (sieved)","direct",NA,"CHAR",0,NA,NA,"quant_raw",5,"volume","cm^3","IMPDv1","IMPD_16657","charcoal","count","char","wet_sieve","particle","num","count","no_size","num","IMPDv1","measured",1,"IMPDv1",NA,"Xindi - charcoal db",67.111667,-159.491667,NA,"north",NA,NA,"sedlac",1637,0,NA,"Higuera,P.E.;Brubaker,L.B.;Anderson,P.M.;Hu,F.S.;Brown,T.A.;. Xindi - charcoal db. NOAA/WDS Paleoclimatology IMPD study 16657",NA,NA,NA,NA,NA,NA,NA,NA,NA,NA,NA,NA,NA,NA,"https://www.ncei.noaa.gov/access/paleo-search/study/16657",NA,NA,NA,NA,"noaa_study_id=16657; original pub in IMPD datafile header","IMPDv1:IMPD_16657",1637,"Brown,T.A.",1,"Brown","T.A.",NA,NA,NA,NA,NA,NA,NA,NA,NA,"IMPDv1:IMPD_16657",1637,"IMPDv1","IMPD_16657",NA,69.25,69.25,"cm",NA,"Radiocarbon","concentrated charcoal",3360,35,3601,NA,"CAMS 122363",TRUE,NA,"na Date is in uncalibrated radiocarbon years.","Xindi - charcoal db_SIEVED","counted","NaN-NaN",NA,NA,"",3360,3325,3395,3360,69.25,NA,"na Date is in uncalibrated radiocarbon years.",". Cal curve: NA. Source DB: IMPDv1","Lacustrine","Carbon-14","Radiocarbon",-52,18017,"Calibrated radiocarbon years BP","sedimentary charcoal","Data Sourcing: IMPDv1 #charcoal_recommendedformat","Sample Age Source: IMPDv1"
"1637",503,"charcoal | num",251.5,251.75,252,0.5,16058,16048,16068,"IMPDv1","Charcoal (sum)","(additional options)",NA,NA,"False","False","number","Macroscopic charcoal (sieved)","direct",NA,"CHAR",0,NA,NA,"quant_raw",5,"volume","cm^3","IMPDv1","IMPD_16657","charcoal","count","char","wet_sieve","particle","num","count","no_size","num","IMPDv1","measured",1,"IMPDv1",NA,"Xindi - charcoal db",67.111667,-159.491667,NA,"north",NA,NA,"sedlac",1637,0,NA,"Higuera,P.E.;Brubaker,L.B.;Anderson,P.M.;Hu,F.S.;Brown,T.A.;. Xindi - charcoal db. NOAA/WDS Paleoclimatology IMPD study 16657",NA,NA,NA,NA,NA,NA,NA,NA,NA,NA,NA,NA,NA,NA,"https://www.ncei.noaa.gov/access/paleo-search/study/16657",NA,NA,NA,NA,"noaa_study_id=16657; original pub in IMPD datafile header","IMPDv1:IMPD_16657",1637,"Brown,T.A.",1,"Brown","T.A.",NA,NA,NA,NA,NA,NA,NA,NA,NA,"IMPDv1:IMPD_16657",1637,"IMPDv1","IMPD_16657",NA,69.25,69.25,"cm",NA,"Radiocarbon","concentrated charcoal",3360,35,3601,NA,"CAMS 122363",TRUE,NA,"na Date is in uncalibrated radiocarbon years.","Xindi - charcoal db_SIEVED","counted","NaN-NaN",NA,NA,"",3360,3325,3395,3360,69.25,NA,"na Date is in uncalibrated radiocarbon years.",". Cal curve: NA. Source DB: IMPDv1","Lacustrine","Carbon-14","Radiocarbon",-52,18017,"Calibrated radiocarbon years BP","sedimentary charcoal","Data Sourcing: IMPDv1 #charcoal_recommendedformat","Sample Age Source: IMPDv1"
"1637",504,"charcoal | num",252,252.25,252.5,0.5,16078,16068,16088,"IMPDv1","Charcoal (sum)","(additional options)",NA,NA,"False","False","number","Macroscopic charcoal (sieved)","direct",NA,"CHAR",0,NA,NA,"quant_raw",5,"volume","cm^3","IMPDv1","IMPD_16657","charcoal","count","char","wet_sieve","particle","num","count","no_size","num","IMPDv1","measured",1,"IMPDv1",NA,"Xindi - charcoal db",67.111667,-159.491667,NA,"north",NA,NA,"sedlac",1637,0,NA,"Higuera,P.E.;Brubaker,L.B.;Anderson,P.M.;Hu,F.S.;Brown,T.A.;. Xindi - charcoal db. NOAA/WDS Paleoclimatology IMPD study 16657",NA,NA,NA,NA,NA,NA,NA,NA,NA,NA,NA,NA,NA,NA,"https://www.ncei.noaa.gov/access/paleo-search/study/16657",NA,NA,NA,NA,"noaa_study_id=16657; original pub in IMPD datafile header","IMPDv1:IMPD_16657",1637,"Brown,T.A.",1,"Brown","T.A.",NA,NA,NA,NA,NA,NA,NA,NA,NA,"IMPDv1:IMPD_16657",1637,"IMPDv1","IMPD_16657",NA,69.25,69.25,"cm",NA,"Radiocarbon","concentrated charcoal",3360,35,3601,NA,"CAMS 122363",TRUE,NA,"na Date is in uncalibrated radiocarbon years.","Xindi - charcoal db_SIEVED","counted","NaN-NaN",NA,NA,"",3360,3325,3395,3360,69.25,NA,"na Date is in uncalibrated radiocarbon years.",". Cal curve: NA. Source DB: IMPDv1","Lacustrine","Carbon-14","Radiocarbon",-52,18017,"Calibrated radiocarbon years BP","sedimentary charcoal","Data Sourcing: IMPDv1 #charcoal_recommendedformat","Sample Age Source: IMPDv1"
"1637",505,"charcoal | num",252.5,252.75,253,0.5,16098,16088,16108,"IMPDv1","Charcoal (sum)","(additional options)",NA,NA,"False","False","number","Macroscopic charcoal (sieved)","direct",NA,"CHAR",0,NA,NA,"quant_raw",5,"volume","cm^3","IMPDv1","IMPD_16657","charcoal","count","char","wet_sieve","particle","num","count","no_size","num","IMPDv1","measured",1,"IMPDv1",NA,"Xindi - charcoal db",67.111667,-159.491667,NA,"north",NA,NA,"sedlac",1637,0,NA,"Higuera,P.E.;Brubaker,L.B.;Anderson,P.M.;Hu,F.S.;Brown,T.A.;. Xindi - charcoal db. NOAA/WDS Paleoclimatology IMPD study 16657",NA,NA,NA,NA,NA,NA,NA,NA,NA,NA,NA,NA,NA,NA,"https://www.ncei.noaa.gov/access/paleo-search/study/16657",NA,NA,NA,NA,"noaa_study_id=16657; original pub in IMPD datafile header","IMPDv1:IMPD_16657",1637,"Brown,T.A.",1,"Brown","T.A.",NA,NA,NA,NA,NA,NA,NA,NA,NA,"IMPDv1:IMPD_16657",1637,"IMPDv1","IMPD_16657",NA,69.25,69.25,"cm",NA,"Radiocarbon","concentrated charcoal",3360,35,3601,NA,"CAMS 122363",TRUE,NA,"na Date is in uncalibrated radiocarbon years.","Xindi - charcoal db_SIEVED","counted","NaN-NaN",NA,NA,"",3360,3325,3395,3360,69.25,NA,"na Date is in uncalibrated radiocarbon years.",". Cal curve: NA. Source DB: IMPDv1","Lacustrine","Carbon-14","Radiocarbon",-52,18017,"Calibrated radiocarbon years BP","sedimentary charcoal","Data Sourcing: IMPDv1 #charcoal_recommendedformat","Sample Age Source: IMPDv1"
"1637",506,"charcoal | num",253,253.25,253.5,0.5,16118.5,16108,16129,"IMPDv1","Charcoal (sum)","(additional options)",NA,NA,"False","False","number","Macroscopic charcoal (sieved)","direct",NA,"CHAR",0,NA,NA,"quant_raw",5,"volume","cm^3","IMPDv1","IMPD_16657","charcoal","count","char","wet_sieve","particle","num","count","no_size","num","IMPDv1","measured",1,"IMPDv1",NA,"Xindi - charcoal db",67.111667,-159.491667,NA,"north",NA,NA,"sedlac",1637,0,NA,"Higuera,P.E.;Brubaker,L.B.;Anderson,P.M.;Hu,F.S.;Brown,T.A.;. Xindi - charcoal db. NOAA/WDS Paleoclimatology IMPD study 16657",NA,NA,NA,NA,NA,NA,NA,NA,NA,NA,NA,NA,NA,NA,"https://www.ncei.noaa.gov/access/paleo-search/study/16657",NA,NA,NA,NA,"noaa_study_id=16657; original pub in IMPD datafile header","IMPDv1:IMPD_16657",1637,"Brown,T.A.",1,"Brown","T.A.",NA,NA,NA,NA,NA,NA,NA,NA,NA,"IMPDv1:IMPD_16657",1637,"IMPDv1","IMPD_16657",NA,69.25,69.25,"cm",NA,"Radiocarbon","concentrated charcoal",3360,35,3601,NA,"CAMS 122363",TRUE,NA,"na Date is in uncalibrated radiocarbon years.","Xindi - charcoal db_SIEVED","counted","NaN-NaN",NA,NA,"",3360,3325,3395,3360,69.25,NA,"na Date is in uncalibrated radiocarbon years.",". Cal curve: NA. Source DB: IMPDv1","Lacustrine","Carbon-14","Radiocarbon",-52,18017,"Calibrated radiocarbon years BP","sedimentary charcoal","Data Sourcing: IMPDv1 #charcoal_recommendedformat","Sample Age Source: IMPDv1"
"1637",507,"charcoal | num",253.5,253.75,254,0.5,16139.5,16129,16150,"IMPDv1","Charcoal (sum)","(additional options)",NA,NA,"False","False","number","Macroscopic charcoal (sieved)","direct",NA,"CHAR",0,NA,NA,"quant_raw",5,"volume","cm^3","IMPDv1","IMPD_16657","charcoal","count","char","wet_sieve","particle","num","count","no_size","num","IMPDv1","measured",1,"IMPDv1",NA,"Xindi - charcoal db",67.111667,-159.491667,NA,"north",NA,NA,"sedlac",1637,0,NA,"Higuera,P.E.;Brubaker,L.B.;Anderson,P.M.;Hu,F.S.;Brown,T.A.;. Xindi - charcoal db. NOAA/WDS Paleoclimatology IMPD study 16657",NA,NA,NA,NA,NA,NA,NA,NA,NA,NA,NA,NA,NA,NA,"https://www.ncei.noaa.gov/access/paleo-search/study/16657",NA,NA,NA,NA,"noaa_study_id=16657; original pub in IMPD datafile header","IMPDv1:IMPD_16657",1637,"Brown,T.A.",1,"Brown","T.A.",NA,NA,NA,NA,NA,NA,NA,NA,NA,"IMPDv1:IMPD_16657",1637,"IMPDv1","IMPD_16657",NA,116,116,"cm",NA,"Radiocarbon","concentrated charcoal",4920,70,5671,NA,"CAMS 112144",TRUE,NA,"na Date is in uncalibrated radiocarbon years.","Xindi - charcoal db_SIEVED","counted","NaN-NaN",NA,NA,"",4920,4850,4990,4920,116,NA,"na Date is in uncalibrated radiocarbon years.",". Cal curve: NA. Source DB: IMPDv1","Lacustrine","Carbon-14","Radiocarbon",-52,18017,"Calibrated radiocarbon years BP","sedimentary charcoal","Data Sourcing: IMPDv1 #charcoal_recommendedformat","Sample Age Source: IMPDv1"
"1637",508,"charcoal | num",254,254.25,254.5,0.5,16160.5,16150,16171,"IMPDv1","Charcoal (sum)","(additional options)",NA,NA,"False","False","number","Macroscopic charcoal (sieved)","direct",NA,"CHAR",0,NA,NA,"quant_raw",5,"volume","cm^3","IMPDv1","IMPD_16657","charcoal","count","char","wet_sieve","particle","num","count","no_size","num","IMPDv1","measured",1,"IMPDv1",NA,"Xindi - charcoal db",67.111667,-159.491667,NA,"north",NA,NA,"sedlac",1637,0,NA,"Higuera,P.E.;Brubaker,L.B.;Anderson,P.M.;Hu,F.S.;Brown,T.A.;. Xindi - charcoal db. NOAA/WDS Paleoclimatology IMPD study 16657",NA,NA,NA,NA,NA,NA,NA,NA,NA,NA,NA,NA,NA,NA,"https://www.ncei.noaa.gov/access/paleo-search/study/16657",NA,NA,NA,NA,"noaa_study_id=16657; original pub in IMPD datafile header","IMPDv1:IMPD_16657",1637,"Brown,T.A.",1,"Brown","T.A.",NA,NA,NA,NA,NA,NA,NA,NA,NA,"IMPDv1:IMPD_16657",1637,"IMPDv1","IMPD_16657",NA,116,116,"cm",NA,"Radiocarbon","concentrated charcoal",4920,70,5671,NA,"CAMS 112144",TRUE,NA,"na Date is in uncalibrated radiocarbon years.","Xindi - charcoal db_SIEVED","counted","NaN-NaN",NA,NA,"",4920,4850,4990,4920,116,NA,"na Date is in uncalibrated radiocarbon years.",". Cal curve: NA. Source DB: IMPDv1","Lacustrine","Carbon-14","Radiocarbon",-52,18017,"Calibrated radiocarbon years BP","sedimentary charcoal","Data Sourcing: IMPDv1 #charcoal_recommendedformat","Sample Age Source: IMPDv1"
"1637",509,"charcoal | num",254.5,254.75,255,0.5,16181,16171,16191,"IMPDv1","Charcoal (sum)","(additional options)",NA,NA,"False","False","number","Macroscopic charcoal (sieved)","direct",NA,"CHAR",0,NA,NA,"quant_raw",5,"volume","cm^3","IMPDv1","IMPD_16657","charcoal","count","char","wet_sieve","particle","num","count","no_size","num","IMPDv1","measured",1,"IMPDv1",NA,"Xindi - charcoal db",67.111667,-159.491667,NA,"north",NA,NA,"sedlac",1637,0,NA,"Higuera,P.E.;Brubaker,L.B.;Anderson,P.M.;Hu,F.S.;Brown,T.A.;. Xindi - charcoal db. NOAA/WDS Paleoclimatology IMPD study 16657",NA,NA,NA,NA,NA,NA,NA,NA,NA,NA,NA,NA,NA,NA,"https://www.ncei.noaa.gov/access/paleo-search/study/16657",NA,NA,NA,NA,"noaa_study_id=16657; original pub in IMPD datafile header","IMPDv1:IMPD_16657",1637,"Brown,T.A.",1,"Brown","T.A.",NA,NA,NA,NA,NA,NA,NA,NA,NA,"IMPDv1:IMPD_16657",1637,"IMPDv1","IMPD_16657",NA,116,116,"cm",NA,"Radiocarbon","concentrated charcoal",4920,70,5671,NA,"CAMS 112144",TRUE,NA,"na Date is in uncalibrated radiocarbon years.","Xindi - charcoal db_SIEVED","counted","NaN-NaN",NA,NA,"",4920,4850,4990,4920,116,NA,"na Date is in uncalibrated radiocarbon years.",". Cal curve: NA. Source DB: IMPDv1","Lacustrine","Carbon-14","Radiocarbon",-52,18017,"Calibrated radiocarbon years BP","sedimentary charcoal","Data Sourcing: IMPDv1 #charcoal_recommendedformat","Sample Age Source: IMPDv1"
"1637",510,"charcoal | num",255,255.25,255.5,0.5,16202,16191,16213,"IMPDv1","Charcoal (sum)","(additional options)",NA,NA,"False","False","number","Macroscopic charcoal (sieved)","direct",NA,"CHAR",0,NA,NA,"quant_raw",5,"volume","cm^3","IMPDv1","IMPD_16657","charcoal","count","char","wet_sieve","particle","num","count","no_size","num","IMPDv1","measured",1,"IMPDv1",NA,"Xindi - charcoal db",67.111667,-159.491667,NA,"north",NA,NA,"sedlac",1637,0,NA,"Higuera,P.E.;Brubaker,L.B.;Anderson,P.M.;Hu,F.S.;Brown,T.A.;. Xindi - charcoal db. NOAA/WDS Paleoclimatology IMPD study 16657",NA,NA,NA,NA,NA,NA,NA,NA,NA,NA,NA,NA,NA,NA,"https://www.ncei.noaa.gov/access/paleo-search/study/16657",NA,NA,NA,NA,"noaa_study_id=16657; original pub in IMPD datafile header","IMPDv1:IMPD_16657",1637,"Brown,T.A.",1,"Brown","T.A.",NA,NA,NA,NA,NA,NA,NA,NA,NA,"IMPDv1:IMPD_16657",1637,"IMPDv1","IMPD_16657",NA,116,116,"cm",NA,"Radiocarbon","concentrated charcoal",4920,70,5671,NA,"CAMS 112144",TRUE,NA,"na Date is in uncalibrated radiocarbon years.","Xindi - charcoal db_SIEVED","counted","NaN-NaN",NA,NA,"",4920,4850,4990,4920,116,NA,"na Date is in uncalibrated radiocarbon years.",". Cal curve: NA. Source DB: IMPDv1","Lacustrine","Carbon-14","Radiocarbon",-52,18017,"Calibrated radiocarbon years BP","sedimentary charcoal","Data Sourcing: IMPDv1 #charcoal_recommendedformat","Sample Age Source: IMPDv1"
"1637",511,"charcoal | num",255.5,255.75,256,0.5,16223.5,16213,16234,"IMPDv1","Charcoal (sum)","(additional options)",NA,NA,"False","False","number","Macroscopic charcoal (sieved)","direct",NA,"CHAR",0,NA,NA,"quant_raw",5,"volume","cm^3","IMPDv1","IMPD_16657","charcoal","count","char","wet_sieve","particle","num","count","no_size","num","IMPDv1","measured",1,"IMPDv1",NA,"Xindi - charcoal db",67.111667,-159.491667,NA,"north",NA,NA,"sedlac",1637,0,NA,"Higuera,P.E.;Brubaker,L.B.;Anderson,P.M.;Hu,F.S.;Brown,T.A.;. Xindi - charcoal db. NOAA/WDS Paleoclimatology IMPD study 16657",NA,NA,NA,NA,NA,NA,NA,NA,NA,NA,NA,NA,NA,NA,"https://www.ncei.noaa.gov/access/paleo-search/study/16657",NA,NA,NA,NA,"noaa_study_id=16657; original pub in IMPD datafile header","IMPDv1:IMPD_16657",1637,"Brown,T.A.",1,"Brown","T.A.",NA,NA,NA,NA,NA,NA,NA,NA,NA,"IMPDv1:IMPD_16657",1637,"IMPDv1","IMPD_16657",NA,116,116,"cm",NA,"Radiocarbon","concentrated charcoal",4920,70,5671,NA,"CAMS 112144",TRUE,NA,"na Date is in uncalibrated radiocarbon years.","Xindi - charcoal db_SIEVED","counted","NaN-NaN",NA,NA,"",4920,4850,4990,4920,116,NA,"na Date is in uncalibrated radiocarbon years.",". Cal curve: NA. Source DB: IMPDv1","Lacustrine","Carbon-14","Radiocarbon",-52,18017,"Calibrated radiocarbon years BP","sedimentary charcoal","Data Sourcing: IMPDv1 #charcoal_recommendedformat","Sample Age Source: IMPDv1"
"1637",512,"charcoal | num",256,256.25,256.5,0.5,16244.5,16234,16255,"IMPDv1","Charcoal (sum)","(additional options)",NA,NA,"False","False","number","Macroscopic charcoal (sieved)","direct",NA,"CHAR",0,NA,NA,"quant_raw",5,"volume","cm^3","IMPDv1","IMPD_16657","charcoal","count","char","wet_sieve","particle","num","count","no_size","num","IMPDv1","measured",1,"IMPDv1",NA,"Xindi - charcoal db",67.111667,-159.491667,NA,"north",NA,NA,"sedlac",1637,0,NA,"Higuera,P.E.;Brubaker,L.B.;Anderson,P.M.;Hu,F.S.;Brown,T.A.;. Xindi - charcoal db. NOAA/WDS Paleoclimatology IMPD study 16657",NA,NA,NA,NA,NA,NA,NA,NA,NA,NA,NA,NA,NA,NA,"https://www.ncei.noaa.gov/access/paleo-search/study/16657",NA,NA,NA,NA,"noaa_study_id=16657; original pub in IMPD datafile header","IMPDv1:IMPD_16657",1637,"Brown,T.A.",1,"Brown","T.A.",NA,NA,NA,NA,NA,NA,NA,NA,NA,"IMPDv1:IMPD_16657",1637,"IMPDv1","IMPD_16657",NA,116,116,"cm",NA,"Radiocarbon","concentrated charcoal",4920,70,5671,NA,"CAMS 112144",TRUE,NA,"na Date is in uncalibrated radiocarbon years.","Xindi - charcoal db_SIEVED","counted","NaN-NaN",NA,NA,"",4920,4850,4990,4920,116,NA,"na Date is in uncalibrated radiocarbon years.",". Cal curve: NA. Source DB: IMPDv1","Lacustrine","Carbon-14","Radiocarbon",-52,18017,"Calibrated radiocarbon years BP","sedimentary charcoal","Data Sourcing: IMPDv1 #charcoal_recommendedformat","Sample Age Source: IMPDv1"
"1637",513,"charcoal | num",256.5,256.75,257,0.5,16265.5,16255,16276,"IMPDv1","Charcoal (sum)","(additional options)",NA,NA,"False","False","number","Macroscopic charcoal (sieved)","direct",NA,"CHAR",0,NA,NA,"quant_raw",5,"volume","cm^3","IMPDv1","IMPD_16657","charcoal","count","char","wet_sieve","particle","num","count","no_size","num","IMPDv1","measured",1,"IMPDv1",NA,"Xindi - charcoal db",67.111667,-159.491667,NA,"north",NA,NA,"sedlac",1637,0,NA,"Higuera,P.E.;Brubaker,L.B.;Anderson,P.M.;Hu,F.S.;Brown,T.A.;. Xindi - charcoal db. NOAA/WDS Paleoclimatology IMPD study 16657",NA,NA,NA,NA,NA,NA,NA,NA,NA,NA,NA,NA,NA,NA,"https://www.ncei.noaa.gov/access/paleo-search/study/16657",NA,NA,NA,NA,"noaa_study_id=16657; original pub in IMPD datafile header","IMPDv1:IMPD_16657",1637,"Brown,T.A.",1,"Brown","T.A.",NA,NA,NA,NA,NA,NA,NA,NA,NA,"IMPDv1:IMPD_16657",1637,"IMPDv1","IMPD_16657",NA,116,116,"cm",NA,"Radiocarbon","concentrated charcoal",4920,70,5671,NA,"CAMS 112144",TRUE,NA,"na Date is in uncalibrated radiocarbon years.","Xindi - charcoal db_SIEVED","counted","NaN-NaN",NA,NA,"",4920,4850,4990,4920,116,NA,"na Date is in uncalibrated radiocarbon years.",". Cal curve: NA. Source DB: IMPDv1","Lacustrine","Carbon-14","Radiocarbon",-52,18017,"Calibrated radiocarbon years BP","sedimentary charcoal","Data Sourcing: IMPDv1 #charcoal_recommendedformat","Sample Age Source: IMPDv1"
"1637",514,"charcoal | num",257,257.25,257.5,0.5,16287,16276,16298,"IMPDv1","Charcoal (sum)","(additional options)",NA,NA,"False","False","number","Macroscopic charcoal (sieved)","direct",NA,"CHAR",0,NA,NA,"quant_raw",5,"volume","cm^3","IMPDv1","IMPD_16657","charcoal","count","char","wet_sieve","particle","num","count","no_size","num","IMPDv1","measured",1,"IMPDv1",NA,"Xindi - charcoal db",67.111667,-159.491667,NA,"north",NA,NA,"sedlac",1637,0,NA,"Higuera,P.E.;Brubaker,L.B.;Anderson,P.M.;Hu,F.S.;Brown,T.A.;. Xindi - charcoal db. NOAA/WDS Paleoclimatology IMPD study 16657",NA,NA,NA,NA,NA,NA,NA,NA,NA,NA,NA,NA,NA,NA,"https://www.ncei.noaa.gov/access/paleo-search/study/16657",NA,NA,NA,NA,"noaa_study_id=16657; original pub in IMPD datafile header","IMPDv1:IMPD_16657",1637,"Brown,T.A.",1,"Brown","T.A.",NA,NA,NA,NA,NA,NA,NA,NA,NA,"IMPDv1:IMPD_16657",1637,"IMPDv1","IMPD_16657",NA,116,116,"cm",NA,"Radiocarbon","concentrated charcoal",4920,70,5671,NA,"CAMS 112144",TRUE,NA,"na Date is in uncalibrated radiocarbon years.","Xindi - charcoal db_SIEVED","counted","NaN-NaN",NA,NA,"",4920,4850,4990,4920,116,NA,"na Date is in uncalibrated radiocarbon years.",". Cal curve: NA. Source DB: IMPDv1","Lacustrine","Carbon-14","Radiocarbon",-52,18017,"Calibrated radiocarbon years BP","sedimentary charcoal","Data Sourcing: IMPDv1 #charcoal_recommendedformat","Sample Age Source: IMPDv1"
"1637",515,"charcoal | num",257.5,257.75,258,0.5,16309,16298,16320,"IMPDv1","Charcoal (sum)","(additional options)",NA,NA,"False","False","number","Macroscopic charcoal (sieved)","direct",NA,"CHAR",0,NA,NA,"quant_raw",5,"volume","cm^3","IMPDv1","IMPD_16657","charcoal","count","char","wet_sieve","particle","num","count","no_size","num","IMPDv1","measured",1,"IMPDv1",NA,"Xindi - charcoal db",67.111667,-159.491667,NA,"north",NA,NA,"sedlac",1637,0,NA,"Higuera,P.E.;Brubaker,L.B.;Anderson,P.M.;Hu,F.S.;Brown,T.A.;. Xindi - charcoal db. NOAA/WDS Paleoclimatology IMPD study 16657",NA,NA,NA,NA,NA,NA,NA,NA,NA,NA,NA,NA,NA,NA,"https://www.ncei.noaa.gov/access/paleo-search/study/16657",NA,NA,NA,NA,"noaa_study_id=16657; original pub in IMPD datafile header","IMPDv1:IMPD_16657",1637,"Brown,T.A.",1,"Brown","T.A.",NA,NA,NA,NA,NA,NA,NA,NA,NA,"IMPDv1:IMPD_16657",1637,"IMPDv1","IMPD_16657",NA,116,116,"cm",NA,"Radiocarbon","concentrated charcoal",4920,70,5671,NA,"CAMS 112144",TRUE,NA,"na Date is in uncalibrated radiocarbon years.","Xindi - charcoal db_SIEVED","counted","NaN-NaN",NA,NA,"",4920,4850,4990,4920,116,NA,"na Date is in uncalibrated radiocarbon years.",". Cal curve: NA. Source DB: IMPDv1","Lacustrine","Carbon-14","Radiocarbon",-52,18017,"Calibrated radiocarbon years BP","sedimentary charcoal","Data Sourcing: IMPDv1 #charcoal_recommendedformat","Sample Age Source: IMPDv1"
"1637",516,"charcoal | num",258,258.25,258.5,0.5,16331,16320,16342,"IMPDv1","Charcoal (sum)","(additional options)",NA,NA,"False","False","number","Macroscopic charcoal (sieved)","direct",NA,"CHAR",0,NA,NA,"quant_raw",5,"volume","cm^3","IMPDv1","IMPD_16657","charcoal","count","char","wet_sieve","particle","num","count","no_size","num","IMPDv1","measured",1,"IMPDv1",NA,"Xindi - charcoal db",67.111667,-159.491667,NA,"north",NA,NA,"sedlac",1637,0,NA,"Higuera,P.E.;Brubaker,L.B.;Anderson,P.M.;Hu,F.S.;Brown,T.A.;. Xindi - charcoal db. NOAA/WDS Paleoclimatology IMPD study 16657",NA,NA,NA,NA,NA,NA,NA,NA,NA,NA,NA,NA,NA,NA,"https://www.ncei.noaa.gov/access/paleo-search/study/16657",NA,NA,NA,NA,"noaa_study_id=16657; original pub in IMPD datafile header","IMPDv1:IMPD_16657",1637,"Brown,T.A.",1,"Brown","T.A.",NA,NA,NA,NA,NA,NA,NA,NA,NA,"IMPDv1:IMPD_16657",1637,"IMPDv1","IMPD_16657",NA,116,116,"cm",NA,"Radiocarbon","concentrated charcoal",4920,70,5671,NA,"CAMS 112144",TRUE,NA,"na Date is in uncalibrated radiocarbon years.","Xindi - charcoal db_SIEVED","counted","NaN-NaN",NA,NA,"",4920,4850,4990,4920,116,NA,"na Date is in uncalibrated radiocarbon years.",". Cal curve: NA. Source DB: IMPDv1","Lacustrine","Carbon-14","Radiocarbon",-52,18017,"Calibrated radiocarbon years BP","sedimentary charcoal","Data Sourcing: IMPDv1 #charcoal_recommendedformat","Sample Age Source: IMPDv1"
"1637",517,"charcoal | num",258.5,258.75,259,0.5,16353,16342,16364,"IMPDv1","Charcoal (sum)","(additional options)",NA,NA,"False","False","number","Macroscopic charcoal (sieved)","direct",NA,"CHAR",0,NA,NA,"quant_raw",5,"volume","cm^3","IMPDv1","IMPD_16657","charcoal","count","char","wet_sieve","particle","num","count","no_size","num","IMPDv1","measured",1,"IMPDv1",NA,"Xindi - charcoal db",67.111667,-159.491667,NA,"north",NA,NA,"sedlac",1637,0,NA,"Higuera,P.E.;Brubaker,L.B.;Anderson,P.M.;Hu,F.S.;Brown,T.A.;. Xindi - charcoal db. NOAA/WDS Paleoclimatology IMPD study 16657",NA,NA,NA,NA,NA,NA,NA,NA,NA,NA,NA,NA,NA,NA,"https://www.ncei.noaa.gov/access/paleo-search/study/16657",NA,NA,NA,NA,"noaa_study_id=16657; original pub in IMPD datafile header","IMPDv1:IMPD_16657",1637,"Brown,T.A.",1,"Brown","T.A.",NA,NA,NA,NA,NA,NA,NA,NA,NA,"IMPDv1:IMPD_16657",1637,"IMPDv1","IMPD_16657",NA,116,116,"cm",NA,"Radiocarbon","concentrated charcoal",4920,70,5671,NA,"CAMS 112144",TRUE,NA,"na Date is in uncalibrated radiocarbon years.","Xindi - charcoal db_SIEVED","counted","NaN-NaN",NA,NA,"",4920,4850,4990,4920,116,NA,"na Date is in uncalibrated radiocarbon years.",". Cal curve: NA. Source DB: IMPDv1","Lacustrine","Carbon-14","Radiocarbon",-52,18017,"Calibrated radiocarbon years BP","sedimentary charcoal","Data Sourcing: IMPDv1 #charcoal_recommendedformat","Sample Age Source: IMPDv1"
"1637",518,"charcoal | num",259,259.25,259.5,0.5,16375,16364,16386,"IMPDv1","Charcoal (sum)","(additional options)",NA,NA,"False","False","number","Macroscopic charcoal (sieved)","direct",NA,"CHAR",0,NA,NA,"quant_raw",5,"volume","cm^3","IMPDv1","IMPD_16657","charcoal","count","char","wet_sieve","particle","num","count","no_size","num","IMPDv1","measured",1,"IMPDv1",NA,"Xindi - charcoal db",67.111667,-159.491667,NA,"north",NA,NA,"sedlac",1637,0,NA,"Higuera,P.E.;Brubaker,L.B.;Anderson,P.M.;Hu,F.S.;Brown,T.A.;. Xindi - charcoal db. NOAA/WDS Paleoclimatology IMPD study 16657",NA,NA,NA,NA,NA,NA,NA,NA,NA,NA,NA,NA,NA,NA,"https://www.ncei.noaa.gov/access/paleo-search/study/16657",NA,NA,NA,NA,"noaa_study_id=16657; original pub in IMPD datafile header","IMPDv1:IMPD_16657",1637,"Brown,T.A.",1,"Brown","T.A.",NA,NA,NA,NA,NA,NA,NA,NA,NA,"IMPDv1:IMPD_16657",1637,"IMPDv1","IMPD_16657",NA,116,116,"cm",NA,"Radiocarbon","concentrated charcoal",4920,70,5671,NA,"CAMS 112144",TRUE,NA,"na Date is in uncalibrated radiocarbon years.","Xindi - charcoal db_SIEVED","counted","NaN-NaN",NA,NA,"",4920,4850,4990,4920,116,NA,"na Date is in uncalibrated radiocarbon years.",". Cal curve: NA. Source DB: IMPDv1","Lacustrine","Carbon-14","Radiocarbon",-52,18017,"Calibrated radiocarbon years BP","sedimentary charcoal","Data Sourcing: IMPDv1 #charcoal_recommendedformat","Sample Age Source: IMPDv1"
"1637",519,"charcoal | num",259.5,259.75,260,0.5,16397,16386,16408,"IMPDv1","Charcoal (sum)","(additional options)",NA,NA,"False","False","number","Macroscopic charcoal (sieved)","direct",NA,"CHAR",0,NA,NA,"quant_raw",5,"volume","cm^3","IMPDv1","IMPD_16657","charcoal","count","char","wet_sieve","particle","num","count","no_size","num","IMPDv1","measured",1,"IMPDv1",NA,"Xindi - charcoal db",67.111667,-159.491667,NA,"north",NA,NA,"sedlac",1637,0,NA,"Higuera,P.E.;Brubaker,L.B.;Anderson,P.M.;Hu,F.S.;Brown,T.A.;. Xindi - charcoal db. NOAA/WDS Paleoclimatology IMPD study 16657",NA,NA,NA,NA,NA,NA,NA,NA,NA,NA,NA,NA,NA,NA,"https://www.ncei.noaa.gov/access/paleo-search/study/16657",NA,NA,NA,NA,"noaa_study_id=16657; original pub in IMPD datafile header","IMPDv1:IMPD_16657",1637,"Brown,T.A.",1,"Brown","T.A.",NA,NA,NA,NA,NA,NA,NA,NA,NA,"IMPDv1:IMPD_16657",1637,"IMPDv1","IMPD_16657",NA,116,116,"cm",NA,"Radiocarbon","concentrated charcoal",4920,70,5671,NA,"CAMS 112144",TRUE,NA,"na Date is in uncalibrated radiocarbon years.","Xindi - charcoal db_SIEVED","counted","NaN-NaN",NA,NA,"",4920,4850,4990,4920,116,NA,"na Date is in uncalibrated radiocarbon years.",". Cal curve: NA. Source DB: IMPDv1","Lacustrine","Carbon-14","Radiocarbon",-52,18017,"Calibrated radiocarbon years BP","sedimentary charcoal","Data Sourcing: IMPDv1 #charcoal_recommendedformat","Sample Age Source: IMPDv1"
"1637",520,"charcoal | num",260,260.25,260.5,0.5,16419.5,16408,16431,"IMPDv1","Charcoal (sum)","(additional options)",NA,NA,"False","False","number","Macroscopic charcoal (sieved)","direct",NA,"CHAR",0,NA,NA,"quant_raw",5,"volume","cm^3","IMPDv1","IMPD_16657","charcoal","count","char","wet_sieve","particle","num","count","no_size","num","IMPDv1","measured",1,"IMPDv1",NA,"Xindi - charcoal db",67.111667,-159.491667,NA,"north",NA,NA,"sedlac",1637,0,NA,"Higuera,P.E.;Brubaker,L.B.;Anderson,P.M.;Hu,F.S.;Brown,T.A.;. Xindi - charcoal db. NOAA/WDS Paleoclimatology IMPD study 16657",NA,NA,NA,NA,NA,NA,NA,NA,NA,NA,NA,NA,NA,NA,"https://www.ncei.noaa.gov/access/paleo-search/study/16657",NA,NA,NA,NA,"noaa_study_id=16657; original pub in IMPD datafile header","IMPDv1:IMPD_16657",1637,"Brown,T.A.",1,"Brown","T.A.",NA,NA,NA,NA,NA,NA,NA,NA,NA,"IMPDv1:IMPD_16657",1637,"IMPDv1","IMPD_16657",NA,111.75,111.75,"cm",NA,"Radiocarbon","concentrated charcoal",4590,50,5578,NA,"CAMS 116228",TRUE,NA,"na Date is in uncalibrated radiocarbon years.","Xindi - charcoal db_SIEVED","counted","NaN-NaN",NA,NA,"",4590,4540,4640,4590,111.75,NA,"na Date is in uncalibrated radiocarbon years.",". Cal curve: NA. Source DB: IMPDv1","Lacustrine","Carbon-14","Radiocarbon",-52,18017,"Calibrated radiocarbon years BP","sedimentary charcoal","Data Sourcing: IMPDv1 #charcoal_recommendedformat","Sample Age Source: IMPDv1"
"1637",521,"charcoal | num",260.5,260.75,261,0.5,16442,16431,16453,"IMPDv1","Charcoal (sum)","(additional options)",NA,NA,"False","False","number","Macroscopic charcoal (sieved)","direct",NA,"CHAR",0,NA,NA,"quant_raw",5,"volume","cm^3","IMPDv1","IMPD_16657","charcoal","count","char","wet_sieve","particle","num","count","no_size","num","IMPDv1","measured",1,"IMPDv1",NA,"Xindi - charcoal db",67.111667,-159.491667,NA,"north",NA,NA,"sedlac",1637,0,NA,"Higuera,P.E.;Brubaker,L.B.;Anderson,P.M.;Hu,F.S.;Brown,T.A.;. Xindi - charcoal db. NOAA/WDS Paleoclimatology IMPD study 16657",NA,NA,NA,NA,NA,NA,NA,NA,NA,NA,NA,NA,NA,NA,"https://www.ncei.noaa.gov/access/paleo-search/study/16657",NA,NA,NA,NA,"noaa_study_id=16657; original pub in IMPD datafile header","IMPDv1:IMPD_16657",1637,"Brown,T.A.",1,"Brown","T.A.",NA,NA,NA,NA,NA,NA,NA,NA,NA,"IMPDv1:IMPD_16657",1637,"IMPDv1","IMPD_16657",NA,111.75,111.75,"cm",NA,"Radiocarbon","concentrated charcoal",4590,50,5578,NA,"CAMS 116228",TRUE,NA,"na Date is in uncalibrated radiocarbon years.","Xindi - charcoal db_SIEVED","counted","NaN-NaN",NA,NA,"",4590,4540,4640,4590,111.75,NA,"na Date is in uncalibrated radiocarbon years.",". Cal curve: NA. Source DB: IMPDv1","Lacustrine","Carbon-14","Radiocarbon",-52,18017,"Calibrated radiocarbon years BP","sedimentary charcoal","Data Sourcing: IMPDv1 #charcoal_recommendedformat","Sample Age Source: IMPDv1"
"1637",522,"charcoal | num",261,261.25,261.5,0.5,16464.5,16453,16476,"IMPDv1","Charcoal (sum)","(additional options)",NA,NA,"False","False","number","Macroscopic charcoal (sieved)","direct",NA,"CHAR",0,NA,NA,"quant_raw",5,"volume","cm^3","IMPDv1","IMPD_16657","charcoal","count","char","wet_sieve","particle","num","count","no_size","num","IMPDv1","measured",1,"IMPDv1",NA,"Xindi - charcoal db",67.111667,-159.491667,NA,"north",NA,NA,"sedlac",1637,0,NA,"Higuera,P.E.;Brubaker,L.B.;Anderson,P.M.;Hu,F.S.;Brown,T.A.;. Xindi - charcoal db. NOAA/WDS Paleoclimatology IMPD study 16657",NA,NA,NA,NA,NA,NA,NA,NA,NA,NA,NA,NA,NA,NA,"https://www.ncei.noaa.gov/access/paleo-search/study/16657",NA,NA,NA,NA,"noaa_study_id=16657; original pub in IMPD datafile header","IMPDv1:IMPD_16657",1637,"Brown,T.A.",1,"Brown","T.A.",NA,NA,NA,NA,NA,NA,NA,NA,NA,"IMPDv1:IMPD_16657",1637,"IMPDv1","IMPD_16657",NA,111.75,111.75,"cm",NA,"Radiocarbon","concentrated charcoal",4590,50,5578,NA,"CAMS 116228",TRUE,NA,"na Date is in uncalibrated radiocarbon years.","Xindi - charcoal db_SIEVED","counted","NaN-NaN",NA,NA,"",4590,4540,4640,4590,111.75,NA,"na Date is in uncalibrated radiocarbon years.",". Cal curve: NA. Source DB: IMPDv1","Lacustrine","Carbon-14","Radiocarbon",-52,18017,"Calibrated radiocarbon years BP","sedimentary charcoal","Data Sourcing: IMPDv1 #charcoal_recommendedformat","Sample Age Source: IMPDv1"
"1637",523,"charcoal | num",261.5,261.75,262,0.5,16487.5,16476,16499,"IMPDv1","Charcoal (sum)","(additional options)",NA,NA,"False","False","number","Macroscopic charcoal (sieved)","direct",NA,"CHAR",0,NA,NA,"quant_raw",5,"volume","cm^3","IMPDv1","IMPD_16657","charcoal","count","char","wet_sieve","particle","num","count","no_size","num","IMPDv1","measured",1,"IMPDv1",NA,"Xindi - charcoal db",67.111667,-159.491667,NA,"north",NA,NA,"sedlac",1637,0,NA,"Higuera,P.E.;Brubaker,L.B.;Anderson,P.M.;Hu,F.S.;Brown,T.A.;. Xindi - charcoal db. NOAA/WDS Paleoclimatology IMPD study 16657",NA,NA,NA,NA,NA,NA,NA,NA,NA,NA,NA,NA,NA,NA,"https://www.ncei.noaa.gov/access/paleo-search/study/16657",NA,NA,NA,NA,"noaa_study_id=16657; original pub in IMPD datafile header","IMPDv1:IMPD_16657",1637,"Brown,T.A.",1,"Brown","T.A.",NA,NA,NA,NA,NA,NA,NA,NA,NA,"IMPDv1:IMPD_16657",1637,"IMPDv1","IMPD_16657",NA,111.75,111.75,"cm",NA,"Radiocarbon","concentrated charcoal",4590,50,5578,NA,"CAMS 116228",TRUE,NA,"na Date is in uncalibrated radiocarbon years.","Xindi - charcoal db_SIEVED","counted","NaN-NaN",NA,NA,"",4590,4540,4640,4590,111.75,NA,"na Date is in uncalibrated radiocarbon years.",". Cal curve: NA. Source DB: IMPDv1","Lacustrine","Carbon-14","Radiocarbon",-52,18017,"Calibrated radiocarbon years BP","sedimentary charcoal","Data Sourcing: IMPDv1 #charcoal_recommendedformat","Sample Age Source: IMPDv1"
"1637",524,"charcoal | num",262,262.25,262.5,0.5,16510.5,16499,16522,"IMPDv1","Charcoal (sum)","(additional options)",NA,NA,"False","False","number","Macroscopic charcoal (sieved)","direct",NA,"CHAR",0,NA,NA,"quant_raw",5,"volume","cm^3","IMPDv1","IMPD_16657","charcoal","count","char","wet_sieve","particle","num","count","no_size","num","IMPDv1","measured",1,"IMPDv1",NA,"Xindi - charcoal db",67.111667,-159.491667,NA,"north",NA,NA,"sedlac",1637,0,NA,"Higuera,P.E.;Brubaker,L.B.;Anderson,P.M.;Hu,F.S.;Brown,T.A.;. Xindi - charcoal db. NOAA/WDS Paleoclimatology IMPD study 16657",NA,NA,NA,NA,NA,NA,NA,NA,NA,NA,NA,NA,NA,NA,"https://www.ncei.noaa.gov/access/paleo-search/study/16657",NA,NA,NA,NA,"noaa_study_id=16657; original pub in IMPD datafile header","IMPDv1:IMPD_16657",1637,"Brown,T.A.",1,"Brown","T.A.",NA,NA,NA,NA,NA,NA,NA,NA,NA,"IMPDv1:IMPD_16657",1637,"IMPDv1","IMPD_16657",NA,111.75,111.75,"cm",NA,"Radiocarbon","concentrated charcoal",4590,50,5578,NA,"CAMS 116228",TRUE,NA,"na Date is in uncalibrated radiocarbon years.","Xindi - charcoal db_SIEVED","counted","NaN-NaN",NA,NA,"",4590,4540,4640,4590,111.75,NA,"na Date is in uncalibrated radiocarbon years.",". Cal curve: NA. Source DB: IMPDv1","Lacustrine","Carbon-14","Radiocarbon",-52,18017,"Calibrated radiocarbon years BP","sedimentary charcoal","Data Sourcing: IMPDv1 #charcoal_recommendedformat","Sample Age Source: IMPDv1"
"1637",525,"charcoal | num",262.5,262.75,263,0.5,16533.5,16522,16545,"IMPDv1","Charcoal (sum)","(additional options)",NA,NA,"False","False","number","Macroscopic charcoal (sieved)","direct",NA,"CHAR",1,NA,NA,"quant_raw",5,"volume","cm^3","IMPDv1","IMPD_16657","charcoal","count","char","wet_sieve","particle","num","count","no_size","num","IMPDv1","measured",1,"IMPDv1",NA,"Xindi - charcoal db",67.111667,-159.491667,NA,"north",NA,NA,"sedlac",1637,0,NA,"Higuera,P.E.;Brubaker,L.B.;Anderson,P.M.;Hu,F.S.;Brown,T.A.;. Xindi - charcoal db. NOAA/WDS Paleoclimatology IMPD study 16657",NA,NA,NA,NA,NA,NA,NA,NA,NA,NA,NA,NA,NA,NA,"https://www.ncei.noaa.gov/access/paleo-search/study/16657",NA,NA,NA,NA,"noaa_study_id=16657; original pub in IMPD datafile header","IMPDv1:IMPD_16657",1637,"Brown,T.A.",1,"Brown","T.A.",NA,NA,NA,NA,NA,NA,NA,NA,NA,"IMPDv1:IMPD_16657",1637,"IMPDv1","IMPD_16657",NA,111.75,111.75,"cm",NA,"Radiocarbon","concentrated charcoal",4590,50,5578,NA,"CAMS 116228",TRUE,NA,"na Date is in uncalibrated radiocarbon years.","Xindi - charcoal db_SIEVED","counted","NaN-NaN",NA,NA,"",4590,4540,4640,4590,111.75,NA,"na Date is in uncalibrated radiocarbon years.",". Cal curve: NA. Source DB: IMPDv1","Lacustrine","Carbon-14","Radiocarbon",-52,18017,"Calibrated radiocarbon years BP","sedimentary charcoal","Data Sourcing: IMPDv1 #charcoal_recommendedformat","Sample Age Source: IMPDv1"
"1637",526,"charcoal | num",263,263.25,263.5,0.5,16556.5,16545,16568,"IMPDv1","Charcoal (sum)","(additional options)",NA,NA,"False","False","number","Macroscopic charcoal (sieved)","direct",NA,"CHAR",0,NA,NA,"quant_raw",5,"volume","cm^3","IMPDv1","IMPD_16657","charcoal","count","char","wet_sieve","particle","num","count","no_size","num","IMPDv1","measured",1,"IMPDv1",NA,"Xindi - charcoal db",67.111667,-159.491667,NA,"north",NA,NA,"sedlac",1637,0,NA,"Higuera,P.E.;Brubaker,L.B.;Anderson,P.M.;Hu,F.S.;Brown,T.A.;. Xindi - charcoal db. NOAA/WDS Paleoclimatology IMPD study 16657",NA,NA,NA,NA,NA,NA,NA,NA,NA,NA,NA,NA,NA,NA,"https://www.ncei.noaa.gov/access/paleo-search/study/16657",NA,NA,NA,NA,"noaa_study_id=16657; original pub in IMPD datafile header","IMPDv1:IMPD_16657",1637,"Brown,T.A.",1,"Brown","T.A.",NA,NA,NA,NA,NA,NA,NA,NA,NA,"IMPDv1:IMPD_16657",1637,"IMPDv1","IMPD_16657",NA,111.75,111.75,"cm",NA,"Radiocarbon","concentrated charcoal",4590,50,5578,NA,"CAMS 116228",TRUE,NA,"na Date is in uncalibrated radiocarbon years.","Xindi - charcoal db_SIEVED","counted","NaN-NaN",NA,NA,"",4590,4540,4640,4590,111.75,NA,"na Date is in uncalibrated radiocarbon years.",". Cal curve: NA. Source DB: IMPDv1","Lacustrine","Carbon-14","Radiocarbon",-52,18017,"Calibrated radiocarbon years BP","sedimentary charcoal","Data Sourcing: IMPDv1 #charcoal_recommendedformat","Sample Age Source: IMPDv1"
"1637",527,"charcoal | num",263.5,263.75,264,0.5,16579.5,16568,16591,"IMPDv1","Charcoal (sum)","(additional options)",NA,NA,"False","False","number","Macroscopic charcoal (sieved)","direct",NA,"CHAR",1,NA,NA,"quant_raw",5,"volume","cm^3","IMPDv1","IMPD_16657","charcoal","count","char","wet_sieve","particle","num","count","no_size","num","IMPDv1","measured",1,"IMPDv1",NA,"Xindi - charcoal db",67.111667,-159.491667,NA,"north",NA,NA,"sedlac",1637,0,NA,"Higuera,P.E.;Brubaker,L.B.;Anderson,P.M.;Hu,F.S.;Brown,T.A.;. Xindi - charcoal db. NOAA/WDS Paleoclimatology IMPD study 16657",NA,NA,NA,NA,NA,NA,NA,NA,NA,NA,NA,NA,NA,NA,"https://www.ncei.noaa.gov/access/paleo-search/study/16657",NA,NA,NA,NA,"noaa_study_id=16657; original pub in IMPD datafile header","IMPDv1:IMPD_16657",1637,"Brown,T.A.",1,"Brown","T.A.",NA,NA,NA,NA,NA,NA,NA,NA,NA,"IMPDv1:IMPD_16657",1637,"IMPDv1","IMPD_16657",NA,111.75,111.75,"cm",NA,"Radiocarbon","concentrated charcoal",4590,50,5578,NA,"CAMS 116228",TRUE,NA,"na Date is in uncalibrated radiocarbon years.","Xindi - charcoal db_SIEVED","counted","NaN-NaN",NA,NA,"",4590,4540,4640,4590,111.75,NA,"na Date is in uncalibrated radiocarbon years.",". Cal curve: NA. Source DB: IMPDv1","Lacustrine","Carbon-14","Radiocarbon",-52,18017,"Calibrated radiocarbon years BP","sedimentary charcoal","Data Sourcing: IMPDv1 #charcoal_recommendedformat","Sample Age Source: IMPDv1"
"1637",528,"charcoal | num",264,264.25,264.5,0.5,16603,16591,16615,"IMPDv1","Charcoal (sum)","(additional options)",NA,NA,"False","False","number","Macroscopic charcoal (sieved)","direct",NA,"CHAR",0,NA,NA,"quant_raw",5,"volume","cm^3","IMPDv1","IMPD_16657","charcoal","count","char","wet_sieve","particle","num","count","no_size","num","IMPDv1","measured",1,"IMPDv1",NA,"Xindi - charcoal db",67.111667,-159.491667,NA,"north",NA,NA,"sedlac",1637,0,NA,"Higuera,P.E.;Brubaker,L.B.;Anderson,P.M.;Hu,F.S.;Brown,T.A.;. Xindi - charcoal db. NOAA/WDS Paleoclimatology IMPD study 16657",NA,NA,NA,NA,NA,NA,NA,NA,NA,NA,NA,NA,NA,NA,"https://www.ncei.noaa.gov/access/paleo-search/study/16657",NA,NA,NA,NA,"noaa_study_id=16657; original pub in IMPD datafile header","IMPDv1:IMPD_16657",1637,"Brown,T.A.",1,"Brown","T.A.",NA,NA,NA,NA,NA,NA,NA,NA,NA,"IMPDv1:IMPD_16657",1637,"IMPDv1","IMPD_16657",NA,111.75,111.75,"cm",NA,"Radiocarbon","concentrated charcoal",4590,50,5578,NA,"CAMS 116228",TRUE,NA,"na Date is in uncalibrated radiocarbon years.","Xindi - charcoal db_SIEVED","counted","NaN-NaN",NA,NA,"",4590,4540,4640,4590,111.75,NA,"na Date is in uncalibrated radiocarbon years.",". Cal curve: NA. Source DB: IMPDv1","Lacustrine","Carbon-14","Radiocarbon",-52,18017,"Calibrated radiocarbon years BP","sedimentary charcoal","Data Sourcing: IMPDv1 #charcoal_recommendedformat","Sample Age Source: IMPDv1"
"1637",529,"charcoal | num",264.5,264.75,265,0.5,16627,16615,16639,"IMPDv1","Charcoal (sum)","(additional options)",NA,NA,"False","False","number","Macroscopic charcoal (sieved)","direct",NA,"CHAR",0,NA,NA,"quant_raw",5,"volume","cm^3","IMPDv1","IMPD_16657","charcoal","count","char","wet_sieve","particle","num","count","no_size","num","IMPDv1","measured",1,"IMPDv1",NA,"Xindi - charcoal db",67.111667,-159.491667,NA,"north",NA,NA,"sedlac",1637,0,NA,"Higuera,P.E.;Brubaker,L.B.;Anderson,P.M.;Hu,F.S.;Brown,T.A.;. Xindi - charcoal db. NOAA/WDS Paleoclimatology IMPD study 16657",NA,NA,NA,NA,NA,NA,NA,NA,NA,NA,NA,NA,NA,NA,"https://www.ncei.noaa.gov/access/paleo-search/study/16657",NA,NA,NA,NA,"noaa_study_id=16657; original pub in IMPD datafile header","IMPDv1:IMPD_16657",1637,"Brown,T.A.",1,"Brown","T.A.",NA,NA,NA,NA,NA,NA,NA,NA,NA,"IMPDv1:IMPD_16657",1637,"IMPDv1","IMPD_16657",NA,111.75,111.75,"cm",NA,"Radiocarbon","concentrated charcoal",4590,50,5578,NA,"CAMS 116228",TRUE,NA,"na Date is in uncalibrated radiocarbon years.","Xindi - charcoal db_SIEVED","counted","NaN-NaN",NA,NA,"",4590,4540,4640,4590,111.75,NA,"na Date is in uncalibrated radiocarbon years.",". Cal curve: NA. Source DB: IMPDv1","Lacustrine","Carbon-14","Radiocarbon",-52,18017,"Calibrated radiocarbon years BP","sedimentary charcoal","Data Sourcing: IMPDv1 #charcoal_recommendedformat","Sample Age Source: IMPDv1"
"1637",530,"charcoal | num",265,265.25,265.5,0.5,16651,16639,16663,"IMPDv1","Charcoal (sum)","(additional options)",NA,NA,"False","False","number","Macroscopic charcoal (sieved)","direct",NA,"CHAR",0,NA,NA,"quant_raw",5,"volume","cm^3","IMPDv1","IMPD_16657","charcoal","count","char","wet_sieve","particle","num","count","no_size","num","IMPDv1","measured",1,"IMPDv1",NA,"Xindi - charcoal db",67.111667,-159.491667,NA,"north",NA,NA,"sedlac",1637,0,NA,"Higuera,P.E.;Brubaker,L.B.;Anderson,P.M.;Hu,F.S.;Brown,T.A.;. Xindi - charcoal db. NOAA/WDS Paleoclimatology IMPD study 16657",NA,NA,NA,NA,NA,NA,NA,NA,NA,NA,NA,NA,NA,NA,"https://www.ncei.noaa.gov/access/paleo-search/study/16657",NA,NA,NA,NA,"noaa_study_id=16657; original pub in IMPD datafile header","IMPDv1:IMPD_16657",1637,"Brown,T.A.",1,"Brown","T.A.",NA,NA,NA,NA,NA,NA,NA,NA,NA,"IMPDv1:IMPD_16657",1637,"IMPDv1","IMPD_16657",NA,111.75,111.75,"cm",NA,"Radiocarbon","concentrated charcoal",4590,50,5578,NA,"CAMS 116228",TRUE,NA,"na Date is in uncalibrated radiocarbon years.","Xindi - charcoal db_SIEVED","counted","NaN-NaN",NA,NA,"",4590,4540,4640,4590,111.75,NA,"na Date is in uncalibrated radiocarbon years.",". Cal curve: NA. Source DB: IMPDv1","Lacustrine","Carbon-14","Radiocarbon",-52,18017,"Calibrated radiocarbon years BP","sedimentary charcoal","Data Sourcing: IMPDv1 #charcoal_recommendedformat","Sample Age Source: IMPDv1"
"1637",531,"charcoal | num",265.5,265.75,266,0.5,16675,16663,16687,"IMPDv1","Charcoal (sum)","(additional options)",NA,NA,"False","False","number","Macroscopic charcoal (sieved)","direct",NA,"CHAR",0,NA,NA,"quant_raw",5,"volume","cm^3","IMPDv1","IMPD_16657","charcoal","count","char","wet_sieve","particle","num","count","no_size","num","IMPDv1","measured",1,"IMPDv1",NA,"Xindi - charcoal db",67.111667,-159.491667,NA,"north",NA,NA,"sedlac",1637,0,NA,"Higuera,P.E.;Brubaker,L.B.;Anderson,P.M.;Hu,F.S.;Brown,T.A.;. Xindi - charcoal db. NOAA/WDS Paleoclimatology IMPD study 16657",NA,NA,NA,NA,NA,NA,NA,NA,NA,NA,NA,NA,NA,NA,"https://www.ncei.noaa.gov/access/paleo-search/study/16657",NA,NA,NA,NA,"noaa_study_id=16657; original pub in IMPD datafile header","IMPDv1:IMPD_16657",1637,"Brown,T.A.",1,"Brown","T.A.",NA,NA,NA,NA,NA,NA,NA,NA,NA,"IMPDv1:IMPD_16657",1637,"IMPDv1","IMPD_16657",NA,111.75,111.75,"cm",NA,"Radiocarbon","concentrated charcoal",4590,50,5578,NA,"CAMS 116228",TRUE,NA,"na Date is in uncalibrated radiocarbon years.","Xindi - charcoal db_SIEVED","counted","NaN-NaN",NA,NA,"",4590,4540,4640,4590,111.75,NA,"na Date is in uncalibrated radiocarbon years.",". Cal curve: NA. Source DB: IMPDv1","Lacustrine","Carbon-14","Radiocarbon",-52,18017,"Calibrated radiocarbon years BP","sedimentary charcoal","Data Sourcing: IMPDv1 #charcoal_recommendedformat","Sample Age Source: IMPDv1"
"1637",532,"charcoal | num",266,266.25,266.5,0.5,16699,16687,16711,"IMPDv1","Charcoal (sum)","(additional options)",NA,NA,"False","False","number","Macroscopic charcoal (sieved)","direct",NA,"CHAR",0,NA,NA,"quant_raw",5,"volume","cm^3","IMPDv1","IMPD_16657","charcoal","count","char","wet_sieve","particle","num","count","no_size","num","IMPDv1","measured",1,"IMPDv1",NA,"Xindi - charcoal db",67.111667,-159.491667,NA,"north",NA,NA,"sedlac",1637,0,NA,"Higuera,P.E.;Brubaker,L.B.;Anderson,P.M.;Hu,F.S.;Brown,T.A.;. Xindi - charcoal db. NOAA/WDS Paleoclimatology IMPD study 16657",NA,NA,NA,NA,NA,NA,NA,NA,NA,NA,NA,NA,NA,NA,"https://www.ncei.noaa.gov/access/paleo-search/study/16657",NA,NA,NA,NA,"noaa_study_id=16657; original pub in IMPD datafile header","IMPDv1:IMPD_16657",1637,"Brown,T.A.",1,"Brown","T.A.",NA,NA,NA,NA,NA,NA,NA,NA,NA,"IMPDv1:IMPD_16657",1637,"IMPDv1","IMPD_16657",NA,111.75,111.75,"cm",NA,"Radiocarbon","concentrated charcoal",4590,50,5578,NA,"CAMS 116228",TRUE,NA,"na Date is in uncalibrated radiocarbon years.","Xindi - charcoal db_SIEVED","counted","NaN-NaN",NA,NA,"",4590,4540,4640,4590,111.75,NA,"na Date is in uncalibrated radiocarbon years.",". Cal curve: NA. Source DB: IMPDv1","Lacustrine","Carbon-14","Radiocarbon",-52,18017,"Calibrated radiocarbon years BP","sedimentary charcoal","Data Sourcing: IMPDv1 #charcoal_recommendedformat","Sample Age Source: IMPDv1"
"1637",533,"charcoal | num",266.5,266.75,267,0.5,16723,16711,16735,"IMPDv1","Charcoal (sum)","(additional options)",NA,NA,"False","False","number","Macroscopic charcoal (sieved)","direct",NA,"CHAR",0,NA,NA,"quant_raw",5,"volume","cm^3","IMPDv1","IMPD_16657","charcoal","count","char","wet_sieve","particle","num","count","no_size","num","IMPDv1","measured",1,"IMPDv1",NA,"Xindi - charcoal db",67.111667,-159.491667,NA,"north",NA,NA,"sedlac",1637,0,NA,"Higuera,P.E.;Brubaker,L.B.;Anderson,P.M.;Hu,F.S.;Brown,T.A.;. Xindi - charcoal db. NOAA/WDS Paleoclimatology IMPD study 16657",NA,NA,NA,NA,NA,NA,NA,NA,NA,NA,NA,NA,NA,NA,"https://www.ncei.noaa.gov/access/paleo-search/study/16657",NA,NA,NA,NA,"noaa_study_id=16657; original pub in IMPD datafile header","IMPDv1:IMPD_16657",1637,"Brown,T.A.",1,"Brown","T.A.",NA,NA,NA,NA,NA,NA,NA,NA,NA,"IMPDv1:IMPD_16657",1637,"IMPDv1","IMPD_16657",NA,132.75,132.75,"cm",NA,"Radiocarbon","concentrated charcoal",5660,120,6991,NA,"CAMS 116229",TRUE,NA,"na Date is in uncalibrated radiocarbon years.","Xindi - charcoal db_SIEVED","counted","NaN-NaN",NA,NA,"",5660,5540,5780,5660,132.75,NA,"na Date is in uncalibrated radiocarbon years.",". Cal curve: NA. Source DB: IMPDv1","Lacustrine","Carbon-14","Radiocarbon",-52,18017,"Calibrated radiocarbon years BP","sedimentary charcoal","Data Sourcing: IMPDv1 #charcoal_recommendedformat","Sample Age Source: IMPDv1"
"1637",534,"charcoal | num",267,267.25,267.5,0.5,16747.5,16735,16760,"IMPDv1","Charcoal (sum)","(additional options)",NA,NA,"False","False","number","Macroscopic charcoal (sieved)","direct",NA,"CHAR",0,NA,NA,"quant_raw",5,"volume","cm^3","IMPDv1","IMPD_16657","charcoal","count","char","wet_sieve","particle","num","count","no_size","num","IMPDv1","measured",1,"IMPDv1",NA,"Xindi - charcoal db",67.111667,-159.491667,NA,"north",NA,NA,"sedlac",1637,0,NA,"Higuera,P.E.;Brubaker,L.B.;Anderson,P.M.;Hu,F.S.;Brown,T.A.;. Xindi - charcoal db. NOAA/WDS Paleoclimatology IMPD study 16657",NA,NA,NA,NA,NA,NA,NA,NA,NA,NA,NA,NA,NA,NA,"https://www.ncei.noaa.gov/access/paleo-search/study/16657",NA,NA,NA,NA,"noaa_study_id=16657; original pub in IMPD datafile header","IMPDv1:IMPD_16657",1637,"Brown,T.A.",1,"Brown","T.A.",NA,NA,NA,NA,NA,NA,NA,NA,NA,"IMPDv1:IMPD_16657",1637,"IMPDv1","IMPD_16657",NA,132.75,132.75,"cm",NA,"Radiocarbon","concentrated charcoal",5660,120,6991,NA,"CAMS 116229",TRUE,NA,"na Date is in uncalibrated radiocarbon years.","Xindi - charcoal db_SIEVED","counted","NaN-NaN",NA,NA,"",5660,5540,5780,5660,132.75,NA,"na Date is in uncalibrated radiocarbon years.",". Cal curve: NA. Source DB: IMPDv1","Lacustrine","Carbon-14","Radiocarbon",-52,18017,"Calibrated radiocarbon years BP","sedimentary charcoal","Data Sourcing: IMPDv1 #charcoal_recommendedformat","Sample Age Source: IMPDv1"
"1637",535,"charcoal | num",267.5,267.75,268,0.5,16772,16760,16784,"IMPDv1","Charcoal (sum)","(additional options)",NA,NA,"False","False","number","Macroscopic charcoal (sieved)","direct",NA,"CHAR",0,NA,NA,"quant_raw",5,"volume","cm^3","IMPDv1","IMPD_16657","charcoal","count","char","wet_sieve","particle","num","count","no_size","num","IMPDv1","measured",1,"IMPDv1",NA,"Xindi - charcoal db",67.111667,-159.491667,NA,"north",NA,NA,"sedlac",1637,0,NA,"Higuera,P.E.;Brubaker,L.B.;Anderson,P.M.;Hu,F.S.;Brown,T.A.;. Xindi - charcoal db. NOAA/WDS Paleoclimatology IMPD study 16657",NA,NA,NA,NA,NA,NA,NA,NA,NA,NA,NA,NA,NA,NA,"https://www.ncei.noaa.gov/access/paleo-search/study/16657",NA,NA,NA,NA,"noaa_study_id=16657; original pub in IMPD datafile header","IMPDv1:IMPD_16657",1637,"Brown,T.A.",1,"Brown","T.A.",NA,NA,NA,NA,NA,NA,NA,NA,NA,"IMPDv1:IMPD_16657",1637,"IMPDv1","IMPD_16657",NA,132.75,132.75,"cm",NA,"Radiocarbon","concentrated charcoal",5660,120,6991,NA,"CAMS 116229",TRUE,NA,"na Date is in uncalibrated radiocarbon years.","Xindi - charcoal db_SIEVED","counted","NaN-NaN",NA,NA,"",5660,5540,5780,5660,132.75,NA,"na Date is in uncalibrated radiocarbon years.",". Cal curve: NA. Source DB: IMPDv1","Lacustrine","Carbon-14","Radiocarbon",-52,18017,"Calibrated radiocarbon years BP","sedimentary charcoal","Data Sourcing: IMPDv1 #charcoal_recommendedformat","Sample Age Source: IMPDv1"
"1637",536,"charcoal | num",268,268.25,268.5,0.5,16796.5,16784,16809,"IMPDv1","Charcoal (sum)","(additional options)",NA,NA,"False","False","number","Macroscopic charcoal (sieved)","direct",NA,"CHAR",0,NA,NA,"quant_raw",5,"volume","cm^3","IMPDv1","IMPD_16657","charcoal","count","char","wet_sieve","particle","num","count","no_size","num","IMPDv1","measured",1,"IMPDv1",NA,"Xindi - charcoal db",67.111667,-159.491667,NA,"north",NA,NA,"sedlac",1637,0,NA,"Higuera,P.E.;Brubaker,L.B.;Anderson,P.M.;Hu,F.S.;Brown,T.A.;. Xindi - charcoal db. NOAA/WDS Paleoclimatology IMPD study 16657",NA,NA,NA,NA,NA,NA,NA,NA,NA,NA,NA,NA,NA,NA,"https://www.ncei.noaa.gov/access/paleo-search/study/16657",NA,NA,NA,NA,"noaa_study_id=16657; original pub in IMPD datafile header","IMPDv1:IMPD_16657",1637,"Brown,T.A.",1,"Brown","T.A.",NA,NA,NA,NA,NA,NA,NA,NA,NA,"IMPDv1:IMPD_16657",1637,"IMPDv1","IMPD_16657",NA,132.75,132.75,"cm",NA,"Radiocarbon","concentrated charcoal",5660,120,6991,NA,"CAMS 116229",TRUE,NA,"na Date is in uncalibrated radiocarbon years.","Xindi - charcoal db_SIEVED","counted","NaN-NaN",NA,NA,"",5660,5540,5780,5660,132.75,NA,"na Date is in uncalibrated radiocarbon years.",". Cal curve: NA. Source DB: IMPDv1","Lacustrine","Carbon-14","Radiocarbon",-52,18017,"Calibrated radiocarbon years BP","sedimentary charcoal","Data Sourcing: IMPDv1 #charcoal_recommendedformat","Sample Age Source: IMPDv1"
"1637",537,"charcoal | num",268.5,268.75,269,0.5,16821.5,16809,16834,"IMPDv1","Charcoal (sum)","(additional options)",NA,NA,"False","False","number","Macroscopic charcoal (sieved)","direct",NA,"CHAR",0,NA,NA,"quant_raw",5,"volume","cm^3","IMPDv1","IMPD_16657","charcoal","count","char","wet_sieve","particle","num","count","no_size","num","IMPDv1","measured",1,"IMPDv1",NA,"Xindi - charcoal db",67.111667,-159.491667,NA,"north",NA,NA,"sedlac",1637,0,NA,"Higuera,P.E.;Brubaker,L.B.;Anderson,P.M.;Hu,F.S.;Brown,T.A.;. Xindi - charcoal db. NOAA/WDS Paleoclimatology IMPD study 16657",NA,NA,NA,NA,NA,NA,NA,NA,NA,NA,NA,NA,NA,NA,"https://www.ncei.noaa.gov/access/paleo-search/study/16657",NA,NA,NA,NA,"noaa_study_id=16657; original pub in IMPD datafile header","IMPDv1:IMPD_16657",1637,"Brown,T.A.",1,"Brown","T.A.",NA,NA,NA,NA,NA,NA,NA,NA,NA,"IMPDv1:IMPD_16657",1637,"IMPDv1","IMPD_16657",NA,132.75,132.75,"cm",NA,"Radiocarbon","concentrated charcoal",5660,120,6991,NA,"CAMS 116229",TRUE,NA,"na Date is in uncalibrated radiocarbon years.","Xindi - charcoal db_SIEVED","counted","NaN-NaN",NA,NA,"",5660,5540,5780,5660,132.75,NA,"na Date is in uncalibrated radiocarbon years.",". Cal curve: NA. Source DB: IMPDv1","Lacustrine","Carbon-14","Radiocarbon",-52,18017,"Calibrated radiocarbon years BP","sedimentary charcoal","Data Sourcing: IMPDv1 #charcoal_recommendedformat","Sample Age Source: IMPDv1"
"1637",538,"charcoal | num",269,269.25,269.5,0.5,16846.5,16834,16859,"IMPDv1","Charcoal (sum)","(additional options)",NA,NA,"False","False","number","Macroscopic charcoal (sieved)","direct",NA,"CHAR",0,NA,NA,"quant_raw",5,"volume","cm^3","IMPDv1","IMPD_16657","charcoal","count","char","wet_sieve","particle","num","count","no_size","num","IMPDv1","measured",1,"IMPDv1",NA,"Xindi - charcoal db",67.111667,-159.491667,NA,"north",NA,NA,"sedlac",1637,0,NA,"Higuera,P.E.;Brubaker,L.B.;Anderson,P.M.;Hu,F.S.;Brown,T.A.;. Xindi - charcoal db. NOAA/WDS Paleoclimatology IMPD study 16657",NA,NA,NA,NA,NA,NA,NA,NA,NA,NA,NA,NA,NA,NA,"https://www.ncei.noaa.gov/access/paleo-search/study/16657",NA,NA,NA,NA,"noaa_study_id=16657; original pub in IMPD datafile header","IMPDv1:IMPD_16657",1637,"Brown,T.A.",1,"Brown","T.A.",NA,NA,NA,NA,NA,NA,NA,NA,NA,"IMPDv1:IMPD_16657",1637,"IMPDv1","IMPD_16657",NA,132.75,132.75,"cm",NA,"Radiocarbon","concentrated charcoal",5660,120,6991,NA,"CAMS 116229",TRUE,NA,"na Date is in uncalibrated radiocarbon years.","Xindi - charcoal db_SIEVED","counted","NaN-NaN",NA,NA,"",5660,5540,5780,5660,132.75,NA,"na Date is in uncalibrated radiocarbon years.",". Cal curve: NA. Source DB: IMPDv1","Lacustrine","Carbon-14","Radiocarbon",-52,18017,"Calibrated radiocarbon years BP","sedimentary charcoal","Data Sourcing: IMPDv1 #charcoal_recommendedformat","Sample Age Source: IMPDv1"
"1637",539,"charcoal | num",269.5,269.75,270,0.5,16871.5,16859,16884,"IMPDv1","Charcoal (sum)","(additional options)",NA,NA,"False","False","number","Macroscopic charcoal (sieved)","direct",NA,"CHAR",0,NA,NA,"quant_raw",5,"volume","cm^3","IMPDv1","IMPD_16657","charcoal","count","char","wet_sieve","particle","num","count","no_size","num","IMPDv1","measured",1,"IMPDv1",NA,"Xindi - charcoal db",67.111667,-159.491667,NA,"north",NA,NA,"sedlac",1637,0,NA,"Higuera,P.E.;Brubaker,L.B.;Anderson,P.M.;Hu,F.S.;Brown,T.A.;. Xindi - charcoal db. NOAA/WDS Paleoclimatology IMPD study 16657",NA,NA,NA,NA,NA,NA,NA,NA,NA,NA,NA,NA,NA,NA,"https://www.ncei.noaa.gov/access/paleo-search/study/16657",NA,NA,NA,NA,"noaa_study_id=16657; original pub in IMPD datafile header","IMPDv1:IMPD_16657",1637,"Brown,T.A.",1,"Brown","T.A.",NA,NA,NA,NA,NA,NA,NA,NA,NA,"IMPDv1:IMPD_16657",1637,"IMPDv1","IMPD_16657",NA,132.75,132.75,"cm",NA,"Radiocarbon","concentrated charcoal",5660,120,6991,NA,"CAMS 116229",TRUE,NA,"na Date is in uncalibrated radiocarbon years.","Xindi - charcoal db_SIEVED","counted","NaN-NaN",NA,NA,"",5660,5540,5780,5660,132.75,NA,"na Date is in uncalibrated radiocarbon years.",". Cal curve: NA. Source DB: IMPDv1","Lacustrine","Carbon-14","Radiocarbon",-52,18017,"Calibrated radiocarbon years BP","sedimentary charcoal","Data Sourcing: IMPDv1 #charcoal_recommendedformat","Sample Age Source: IMPDv1"
"1637",540,"charcoal | num",270,270.25,270.5,0.5,16897,16884,16910,"IMPDv1","Charcoal (sum)","(additional options)",NA,NA,"False","False","number","Macroscopic charcoal (sieved)","direct",NA,"CHAR",0,NA,NA,"quant_raw",5,"volume","cm^3","IMPDv1","IMPD_16657","charcoal","count","char","wet_sieve","particle","num","count","no_size","num","IMPDv1","measured",1,"IMPDv1",NA,"Xindi - charcoal db",67.111667,-159.491667,NA,"north",NA,NA,"sedlac",1637,0,NA,"Higuera,P.E.;Brubaker,L.B.;Anderson,P.M.;Hu,F.S.;Brown,T.A.;. Xindi - charcoal db. NOAA/WDS Paleoclimatology IMPD study 16657",NA,NA,NA,NA,NA,NA,NA,NA,NA,NA,NA,NA,NA,NA,"https://www.ncei.noaa.gov/access/paleo-search/study/16657",NA,NA,NA,NA,"noaa_study_id=16657; original pub in IMPD datafile header","IMPDv1:IMPD_16657",1637,"Brown,T.A.",1,"Brown","T.A.",NA,NA,NA,NA,NA,NA,NA,NA,NA,"IMPDv1:IMPD_16657",1637,"IMPDv1","IMPD_16657",NA,132.75,132.75,"cm",NA,"Radiocarbon","concentrated charcoal",5660,120,6991,NA,"CAMS 116229",TRUE,NA,"na Date is in uncalibrated radiocarbon years.","Xindi - charcoal db_SIEVED","counted","NaN-NaN",NA,NA,"",5660,5540,5780,5660,132.75,NA,"na Date is in uncalibrated radiocarbon years.",". Cal curve: NA. Source DB: IMPDv1","Lacustrine","Carbon-14","Radiocarbon",-52,18017,"Calibrated radiocarbon years BP","sedimentary charcoal","Data Sourcing: IMPDv1 #charcoal_recommendedformat","Sample Age Source: IMPDv1"
"1637",541,"charcoal | num",270.5,270.75,271,0.5,16922.5,16910,16935,"IMPDv1","Charcoal (sum)","(additional options)",NA,NA,"False","False","number","Macroscopic charcoal (sieved)","direct",NA,"CHAR",0,NA,NA,"quant_raw",5,"volume","cm^3","IMPDv1","IMPD_16657","charcoal","count","char","wet_sieve","particle","num","count","no_size","num","IMPDv1","measured",1,"IMPDv1",NA,"Xindi - charcoal db",67.111667,-159.491667,NA,"north",NA,NA,"sedlac",1637,0,NA,"Higuera,P.E.;Brubaker,L.B.;Anderson,P.M.;Hu,F.S.;Brown,T.A.;. Xindi - charcoal db. NOAA/WDS Paleoclimatology IMPD study 16657",NA,NA,NA,NA,NA,NA,NA,NA,NA,NA,NA,NA,NA,NA,"https://www.ncei.noaa.gov/access/paleo-search/study/16657",NA,NA,NA,NA,"noaa_study_id=16657; original pub in IMPD datafile header","IMPDv1:IMPD_16657",1637,"Brown,T.A.",1,"Brown","T.A.",NA,NA,NA,NA,NA,NA,NA,NA,NA,"IMPDv1:IMPD_16657",1637,"IMPDv1","IMPD_16657",NA,132.75,132.75,"cm",NA,"Radiocarbon","concentrated charcoal",5660,120,6991,NA,"CAMS 116229",TRUE,NA,"na Date is in uncalibrated radiocarbon years.","Xindi - charcoal db_SIEVED","counted","NaN-NaN",NA,NA,"",5660,5540,5780,5660,132.75,NA,"na Date is in uncalibrated radiocarbon years.",". Cal curve: NA. Source DB: IMPDv1","Lacustrine","Carbon-14","Radiocarbon",-52,18017,"Calibrated radiocarbon years BP","sedimentary charcoal","Data Sourcing: IMPDv1 #charcoal_recommendedformat","Sample Age Source: IMPDv1"
"1637",542,"charcoal | num",271,271.25,271.5,0.5,16948,16935,16961,"IMPDv1","Charcoal (sum)","(additional options)",NA,NA,"False","False","number","Macroscopic charcoal (sieved)","direct",NA,"CHAR",0,NA,NA,"quant_raw",5,"volume","cm^3","IMPDv1","IMPD_16657","charcoal","count","char","wet_sieve","particle","num","count","no_size","num","IMPDv1","measured",1,"IMPDv1",NA,"Xindi - charcoal db",67.111667,-159.491667,NA,"north",NA,NA,"sedlac",1637,0,NA,"Higuera,P.E.;Brubaker,L.B.;Anderson,P.M.;Hu,F.S.;Brown,T.A.;. Xindi - charcoal db. NOAA/WDS Paleoclimatology IMPD study 16657",NA,NA,NA,NA,NA,NA,NA,NA,NA,NA,NA,NA,NA,NA,"https://www.ncei.noaa.gov/access/paleo-search/study/16657",NA,NA,NA,NA,"noaa_study_id=16657; original pub in IMPD datafile header","IMPDv1:IMPD_16657",1637,"Brown,T.A.",1,"Brown","T.A.",NA,NA,NA,NA,NA,NA,NA,NA,NA,"IMPDv1:IMPD_16657",1637,"IMPDv1","IMPD_16657",NA,132.75,132.75,"cm",NA,"Radiocarbon","concentrated charcoal",5660,120,6991,NA,"CAMS 116229",TRUE,NA,"na Date is in uncalibrated radiocarbon years.","Xindi - charcoal db_SIEVED","counted","NaN-NaN",NA,NA,"",5660,5540,5780,5660,132.75,NA,"na Date is in uncalibrated radiocarbon years.",". Cal curve: NA. Source DB: IMPDv1","Lacustrine","Carbon-14","Radiocarbon",-52,18017,"Calibrated radiocarbon years BP","sedimentary charcoal","Data Sourcing: IMPDv1 #charcoal_recommendedformat","Sample Age Source: IMPDv1"
"1637",543,"charcoal | num",271.5,271.75,272,0.5,16974,16961,16987,"IMPDv1","Charcoal (sum)","(additional options)",NA,NA,"False","False","number","Macroscopic charcoal (sieved)","direct",NA,"CHAR",1,NA,NA,"quant_raw",5,"volume","cm^3","IMPDv1","IMPD_16657","charcoal","count","char","wet_sieve","particle","num","count","no_size","num","IMPDv1","measured",1,"IMPDv1",NA,"Xindi - charcoal db",67.111667,-159.491667,NA,"north",NA,NA,"sedlac",1637,0,NA,"Higuera,P.E.;Brubaker,L.B.;Anderson,P.M.;Hu,F.S.;Brown,T.A.;. Xindi - charcoal db. NOAA/WDS Paleoclimatology IMPD study 16657",NA,NA,NA,NA,NA,NA,NA,NA,NA,NA,NA,NA,NA,NA,"https://www.ncei.noaa.gov/access/paleo-search/study/16657",NA,NA,NA,NA,"noaa_study_id=16657; original pub in IMPD datafile header","IMPDv1:IMPD_16657",1637,"Brown,T.A.",1,"Brown","T.A.",NA,NA,NA,NA,NA,NA,NA,NA,NA,"IMPDv1:IMPD_16657",1637,"IMPDv1","IMPD_16657",NA,132.75,132.75,"cm",NA,"Radiocarbon","concentrated charcoal",5660,120,6991,NA,"CAMS 116229",TRUE,NA,"na Date is in uncalibrated radiocarbon years.","Xindi - charcoal db_SIEVED","counted","NaN-NaN",NA,NA,"",5660,5540,5780,5660,132.75,NA,"na Date is in uncalibrated radiocarbon years.",". Cal curve: NA. Source DB: IMPDv1","Lacustrine","Carbon-14","Radiocarbon",-52,18017,"Calibrated radiocarbon years BP","sedimentary charcoal","Data Sourcing: IMPDv1 #charcoal_recommendedformat","Sample Age Source: IMPDv1"
"1637",544,"charcoal | num",272,272.25,272.5,0.5,17000,16987,17013,"IMPDv1","Charcoal (sum)","(additional options)",NA,NA,"False","False","number","Macroscopic charcoal (sieved)","direct",NA,"CHAR",0,NA,NA,"quant_raw",5,"volume","cm^3","IMPDv1","IMPD_16657","charcoal","count","char","wet_sieve","particle","num","count","no_size","num","IMPDv1","measured",1,"IMPDv1",NA,"Xindi - charcoal db",67.111667,-159.491667,NA,"north",NA,NA,"sedlac",1637,0,NA,"Higuera,P.E.;Brubaker,L.B.;Anderson,P.M.;Hu,F.S.;Brown,T.A.;. Xindi - charcoal db. NOAA/WDS Paleoclimatology IMPD study 16657",NA,NA,NA,NA,NA,NA,NA,NA,NA,NA,NA,NA,NA,NA,"https://www.ncei.noaa.gov/access/paleo-search/study/16657",NA,NA,NA,NA,"noaa_study_id=16657; original pub in IMPD datafile header","IMPDv1:IMPD_16657",1637,"Brown,T.A.",1,"Brown","T.A.",NA,NA,NA,NA,NA,NA,NA,NA,NA,"IMPDv1:IMPD_16657",1637,"IMPDv1","IMPD_16657",NA,132.75,132.75,"cm",NA,"Radiocarbon","concentrated charcoal",5660,120,6991,NA,"CAMS 116229",TRUE,NA,"na Date is in uncalibrated radiocarbon years.","Xindi - charcoal db_SIEVED","counted","NaN-NaN",NA,NA,"",5660,5540,5780,5660,132.75,NA,"na Date is in uncalibrated radiocarbon years.",". Cal curve: NA. Source DB: IMPDv1","Lacustrine","Carbon-14","Radiocarbon",-52,18017,"Calibrated radiocarbon years BP","sedimentary charcoal","Data Sourcing: IMPDv1 #charcoal_recommendedformat","Sample Age Source: IMPDv1"
"1637",545,"charcoal | num",272.5,272.75,273,0.5,17026,17013,17039,"IMPDv1","Charcoal (sum)","(additional options)",NA,NA,"False","False","number","Macroscopic charcoal (sieved)","direct",NA,"CHAR",0,NA,NA,"quant_raw",5,"volume","cm^3","IMPDv1","IMPD_16657","charcoal","count","char","wet_sieve","particle","num","count","no_size","num","IMPDv1","measured",1,"IMPDv1",NA,"Xindi - charcoal db",67.111667,-159.491667,NA,"north",NA,NA,"sedlac",1637,0,NA,"Higuera,P.E.;Brubaker,L.B.;Anderson,P.M.;Hu,F.S.;Brown,T.A.;. Xindi - charcoal db. NOAA/WDS Paleoclimatology IMPD study 16657",NA,NA,NA,NA,NA,NA,NA,NA,NA,NA,NA,NA,NA,NA,"https://www.ncei.noaa.gov/access/paleo-search/study/16657",NA,NA,NA,NA,"noaa_study_id=16657; original pub in IMPD datafile header","IMPDv1:IMPD_16657",1637,"Brown,T.A.",1,"Brown","T.A.",NA,NA,NA,NA,NA,NA,NA,NA,NA,"IMPDv1:IMPD_16657",1637,"IMPDv1","IMPD_16657",NA,132.75,132.75,"cm",NA,"Radiocarbon","concentrated charcoal",5660,120,6991,NA,"CAMS 116229",TRUE,NA,"na Date is in uncalibrated radiocarbon years.","Xindi - charcoal db_SIEVED","counted","NaN-NaN",NA,NA,"",5660,5540,5780,5660,132.75,NA,"na Date is in uncalibrated radiocarbon years.",". Cal curve: NA. Source DB: IMPDv1","Lacustrine","Carbon-14","Radiocarbon",-52,18017,"Calibrated radiocarbon years BP","sedimentary charcoal","Data Sourcing: IMPDv1 #charcoal_recommendedformat","Sample Age Source: IMPDv1"
"1637",546,"charcoal | num",273,273.25,273.5,0.5,17052,17039,17065,"IMPDv1","Charcoal (sum)","(additional options)",NA,NA,"False","False","number","Macroscopic charcoal (sieved)","direct",NA,"CHAR",0,NA,NA,"quant_raw",5,"volume","cm^3","IMPDv1","IMPD_16657","charcoal","count","char","wet_sieve","particle","num","count","no_size","num","IMPDv1","measured",1,"IMPDv1",NA,"Xindi - charcoal db",67.111667,-159.491667,NA,"north",NA,NA,"sedlac",1637,0,NA,"Higuera,P.E.;Brubaker,L.B.;Anderson,P.M.;Hu,F.S.;Brown,T.A.;. Xindi - charcoal db. NOAA/WDS Paleoclimatology IMPD study 16657",NA,NA,NA,NA,NA,NA,NA,NA,NA,NA,NA,NA,NA,NA,"https://www.ncei.noaa.gov/access/paleo-search/study/16657",NA,NA,NA,NA,"noaa_study_id=16657; original pub in IMPD datafile header","IMPDv1:IMPD_16657",1637,"Brown,T.A.",1,"Brown","T.A.",NA,NA,NA,NA,NA,NA,NA,NA,NA,"IMPDv1:IMPD_16657",1637,"IMPDv1","IMPD_16657",NA,16.6,16.6,"cm",NA,"Radiocarbon","concentrated charcoal",600,100,594,NA,"CAMS 106161",TRUE,NA,"na Date is in uncalibrated radiocarbon years.","Xindi - charcoal db_SIEVED","counted","NaN-NaN",NA,NA,"",600,500,700,600,16.6,NA,"na Date is in uncalibrated radiocarbon years.",". Cal curve: NA. Source DB: IMPDv1","Lacustrine","Carbon-14","Radiocarbon",-52,18017,"Calibrated radiocarbon years BP","sedimentary charcoal","Data Sourcing: IMPDv1 #charcoal_recommendedformat","Sample Age Source: IMPDv1"
"1637",547,"charcoal | num",273.5,273.75,274,0.5,17078.5,17065,17092,"IMPDv1","Charcoal (sum)","(additional options)",NA,NA,"False","False","number","Macroscopic charcoal (sieved)","direct",NA,"CHAR",0,NA,NA,"quant_raw",5,"volume","cm^3","IMPDv1","IMPD_16657","charcoal","count","char","wet_sieve","particle","num","count","no_size","num","IMPDv1","measured",1,"IMPDv1",NA,"Xindi - charcoal db",67.111667,-159.491667,NA,"north",NA,NA,"sedlac",1637,0,NA,"Higuera,P.E.;Brubaker,L.B.;Anderson,P.M.;Hu,F.S.;Brown,T.A.;. Xindi - charcoal db. NOAA/WDS Paleoclimatology IMPD study 16657",NA,NA,NA,NA,NA,NA,NA,NA,NA,NA,NA,NA,NA,NA,"https://www.ncei.noaa.gov/access/paleo-search/study/16657",NA,NA,NA,NA,"noaa_study_id=16657; original pub in IMPD datafile header","IMPDv1:IMPD_16657",1637,"Brown,T.A.",1,"Brown","T.A.",NA,NA,NA,NA,NA,NA,NA,NA,NA,"IMPDv1:IMPD_16657",1637,"IMPDv1","IMPD_16657",NA,19.02,19.02,"cm",NA,"Radiocarbon","concentrated Picea pollen",1620,40,1507,NA,"CAMS 104482",TRUE,NA,"Date not used in chronology; see Results for explanation. Date is in uncalibrated radiocarbon years.","Xindi - charcoal db_SIEVED","counted","NaN-NaN",NA,NA,"",1620,1580,1660,1620,19.02,NA,"Date not used in chronology; see Results for explanation. Date is in uncalibrated radiocarbon years.",". Cal curve: NA. Source DB: IMPDv1","Lacustrine","Carbon-14","Radiocarbon",-52,18017,"Calibrated radiocarbon years BP","sedimentary charcoal","Data Sourcing: IMPDv1 #charcoal_recommendedformat","Sample Age Source: IMPDv1"
"1637",548,"charcoal | num",274,274.25,274.5,0.5,17105.5,17092,17119,"IMPDv1","Charcoal (sum)","(additional options)",NA,NA,"False","False","number","Macroscopic charcoal (sieved)","direct",NA,"CHAR",0,NA,NA,"quant_raw",5,"volume","cm^3","IMPDv1","IMPD_16657","charcoal","count","char","wet_sieve","particle","num","count","no_size","num","IMPDv1","measured",1,"IMPDv1",NA,"Xindi - charcoal db",67.111667,-159.491667,NA,"north",NA,NA,"sedlac",1637,0,NA,"Higuera,P.E.;Brubaker,L.B.;Anderson,P.M.;Hu,F.S.;Brown,T.A.;. Xindi - charcoal db. NOAA/WDS Paleoclimatology IMPD study 16657",NA,NA,NA,NA,NA,NA,NA,NA,NA,NA,NA,NA,NA,NA,"https://www.ncei.noaa.gov/access/paleo-search/study/16657",NA,NA,NA,NA,"noaa_study_id=16657; original pub in IMPD datafile header","IMPDv1:IMPD_16657",1637,"Brown,T.A.",1,"Brown","T.A.",NA,NA,NA,NA,NA,NA,NA,NA,NA,"IMPDv1:IMPD_16657",1637,"IMPDv1","IMPD_16657",NA,26.48,26.48,"cm",NA,"Radiocarbon","concentrated charcoal",1170,35,1088,NA,"CAMS 110400",TRUE,NA,"na Date is in uncalibrated radiocarbon years.","Xindi - charcoal db_SIEVED","counted","NaN-NaN",NA,NA,"",1170,1135,1205,1170,26.48,NA,"na Date is in uncalibrated radiocarbon years.",". Cal curve: NA. Source DB: IMPDv1","Lacustrine","Carbon-14","Radiocarbon",-52,18017,"Calibrated radiocarbon years BP","sedimentary charcoal","Data Sourcing: IMPDv1 #charcoal_recommendedformat","Sample Age Source: IMPDv1"
"1637",549,"charcoal | num",274.5,274.75,275,0.5,17132,17119,17145,"IMPDv1","Charcoal (sum)","(additional options)",NA,NA,"False","False","number","Macroscopic charcoal (sieved)","direct",NA,"CHAR",0,NA,NA,"quant_raw",5,"volume","cm^3","IMPDv1","IMPD_16657","charcoal","count","char","wet_sieve","particle","num","count","no_size","num","IMPDv1","measured",1,"IMPDv1",NA,"Xindi - charcoal db",67.111667,-159.491667,NA,"north",NA,NA,"sedlac",1637,0,NA,"Higuera,P.E.;Brubaker,L.B.;Anderson,P.M.;Hu,F.S.;Brown,T.A.;. Xindi - charcoal db. NOAA/WDS Paleoclimatology IMPD study 16657",NA,NA,NA,NA,NA,NA,NA,NA,NA,NA,NA,NA,NA,NA,"https://www.ncei.noaa.gov/access/paleo-search/study/16657",NA,NA,NA,NA,"noaa_study_id=16657; original pub in IMPD datafile header","IMPDv1:IMPD_16657",1637,"Brown,T.A.",1,"Brown","T.A.",NA,NA,NA,NA,NA,NA,NA,NA,NA,"IMPDv1:IMPD_16657",1637,"IMPDv1","IMPD_16657",NA,29.5,29.5,"cm",NA,"Radiocarbon","concentrated Picea pollen",2445,50,2520,NA,"CAMS 100062",TRUE,NA,"Date not used in chronology; see Results for explanation. Date is in uncalibrated radiocarbon years.","Xindi - charcoal db_SIEVED","counted","NaN-NaN",NA,NA,"",2445,2395,2495,2445,29.5,NA,"Date not used in chronology; see Results for explanation. Date is in uncalibrated radiocarbon years.",". Cal curve: NA. Source DB: IMPDv1","Lacustrine","Carbon-14","Radiocarbon",-52,18017,"Calibrated radiocarbon years BP","sedimentary charcoal","Data Sourcing: IMPDv1 #charcoal_recommendedformat","Sample Age Source: IMPDv1"
"1637",550,"charcoal | num",275,275.25,275.5,0.5,17159,17145,17173,"IMPDv1","Charcoal (sum)","(additional options)",NA,NA,"False","False","number","Macroscopic charcoal (sieved)","direct",NA,"CHAR",0,NA,NA,"quant_raw",5,"volume","cm^3","IMPDv1","IMPD_16657","charcoal","count","char","wet_sieve","particle","num","count","no_size","num","IMPDv1","measured",1,"IMPDv1",NA,"Xindi - charcoal db",67.111667,-159.491667,NA,"north",NA,NA,"sedlac",1637,0,NA,"Higuera,P.E.;Brubaker,L.B.;Anderson,P.M.;Hu,F.S.;Brown,T.A.;. Xindi - charcoal db. NOAA/WDS Paleoclimatology IMPD study 16657",NA,NA,NA,NA,NA,NA,NA,NA,NA,NA,NA,NA,NA,NA,"https://www.ncei.noaa.gov/access/paleo-search/study/16657",NA,NA,NA,NA,"noaa_study_id=16657; original pub in IMPD datafile header","IMPDv1:IMPD_16657",1637,"Brown,T.A.",1,"Brown","T.A.",NA,NA,NA,NA,NA,NA,NA,NA,NA,"IMPDv1:IMPD_16657",1637,"IMPDv1","IMPD_16657",NA,30.5,30.5,"cm",NA,"Radiocarbon","concentrated charcoal",1150,60,1065,NA,"CAMS 106160",TRUE,NA,"na Date is in uncalibrated radiocarbon years.","Xindi - charcoal db_SIEVED","counted","NaN-NaN",NA,NA,"",1150,1090,1210,1150,30.5,NA,"na Date is in uncalibrated radiocarbon years.",". Cal curve: NA. Source DB: IMPDv1","Lacustrine","Carbon-14","Radiocarbon",-52,18017,"Calibrated radiocarbon years BP","sedimentary charcoal","Data Sourcing: IMPDv1 #charcoal_recommendedformat","Sample Age Source: IMPDv1"
"1637",551,"charcoal | num",275.5,275.75,276,0.5,17186.5,17173,17200,"IMPDv1","Charcoal (sum)","(additional options)",NA,NA,"False","False","number","Macroscopic charcoal (sieved)","direct",NA,"CHAR",1,NA,NA,"quant_raw",5,"volume","cm^3","IMPDv1","IMPD_16657","charcoal","count","char","wet_sieve","particle","num","count","no_size","num","IMPDv1","measured",1,"IMPDv1",NA,"Xindi - charcoal db",67.111667,-159.491667,NA,"north",NA,NA,"sedlac",1637,0,NA,"Higuera,P.E.;Brubaker,L.B.;Anderson,P.M.;Hu,F.S.;Brown,T.A.;. Xindi - charcoal db. NOAA/WDS Paleoclimatology IMPD study 16657",NA,NA,NA,NA,NA,NA,NA,NA,NA,NA,NA,NA,NA,NA,"https://www.ncei.noaa.gov/access/paleo-search/study/16657",NA,NA,NA,NA,"noaa_study_id=16657; original pub in IMPD datafile header","IMPDv1:IMPD_16657",1637,"Brown,T.A.",1,"Brown","T.A.",NA,NA,NA,NA,NA,NA,NA,NA,NA,"IMPDv1:IMPD_16657",1637,"IMPDv1","IMPD_16657",NA,41.17,41.17,"cm",NA,"Radiocarbon","concentrated charcoal",1505,40,1388,NA,"CAMS 111400",TRUE,NA,"na Date is in uncalibrated radiocarbon years.","Xindi - charcoal db_SIEVED","counted","NaN-NaN",NA,NA,"",1505,1465,1545,1505,41.17,NA,"na Date is in uncalibrated radiocarbon years.",". Cal curve: NA. Source DB: IMPDv1","Lacustrine","Carbon-14","Radiocarbon",-52,18017,"Calibrated radiocarbon years BP","sedimentary charcoal","Data Sourcing: IMPDv1 #charcoal_recommendedformat","Sample Age Source: IMPDv1"
"1637",552,"charcoal | num",276,276.25,276.5,0.5,17213.5,17200,17227,"IMPDv1","Charcoal (sum)","(additional options)",NA,NA,"False","False","number","Macroscopic charcoal (sieved)","direct",NA,"CHAR",0,NA,NA,"quant_raw",5,"volume","cm^3","IMPDv1","IMPD_16657","charcoal","count","char","wet_sieve","particle","num","count","no_size","num","IMPDv1","measured",1,"IMPDv1",NA,"Xindi - charcoal db",67.111667,-159.491667,NA,"north",NA,NA,"sedlac",1637,0,NA,"Higuera,P.E.;Brubaker,L.B.;Anderson,P.M.;Hu,F.S.;Brown,T.A.;. Xindi - charcoal db. NOAA/WDS Paleoclimatology IMPD study 16657",NA,NA,NA,NA,NA,NA,NA,NA,NA,NA,NA,NA,NA,NA,"https://www.ncei.noaa.gov/access/paleo-search/study/16657",NA,NA,NA,NA,"noaa_study_id=16657; original pub in IMPD datafile header","IMPDv1:IMPD_16657",1637,"Brown,T.A.",1,"Brown","T.A.",NA,NA,NA,NA,NA,NA,NA,NA,NA,"IMPDv1:IMPD_16657",1637,"IMPDv1","IMPD_16657",NA,45.98,45.98,"cm",NA,"Radiocarbon","concentrated charcoal",1740,35,1648,NA,"CAMS 110401",TRUE,NA,"na Date is in uncalibrated radiocarbon years.","Xindi - charcoal db_SIEVED","counted","NaN-NaN",NA,NA,"",1740,1705,1775,1740,45.98,NA,"na Date is in uncalibrated radiocarbon years.",". Cal curve: NA. Source DB: IMPDv1","Lacustrine","Carbon-14","Radiocarbon",-52,18017,"Calibrated radiocarbon years BP","sedimentary charcoal","Data Sourcing: IMPDv1 #charcoal_recommendedformat","Sample Age Source: IMPDv1"
"1637",553,"charcoal | num",276.5,276.75,277,0.5,17241,17227,17255,"IMPDv1","Charcoal (sum)","(additional options)",NA,NA,"False","False","number","Macroscopic charcoal (sieved)","direct",NA,"CHAR",0,NA,NA,"quant_raw",5,"volume","cm^3","IMPDv1","IMPD_16657","charcoal","count","char","wet_sieve","particle","num","count","no_size","num","IMPDv1","measured",1,"IMPDv1",NA,"Xindi - charcoal db",67.111667,-159.491667,NA,"north",NA,NA,"sedlac",1637,0,NA,"Higuera,P.E.;Brubaker,L.B.;Anderson,P.M.;Hu,F.S.;Brown,T.A.;. Xindi - charcoal db. NOAA/WDS Paleoclimatology IMPD study 16657",NA,NA,NA,NA,NA,NA,NA,NA,NA,NA,NA,NA,NA,NA,"https://www.ncei.noaa.gov/access/paleo-search/study/16657",NA,NA,NA,NA,"noaa_study_id=16657; original pub in IMPD datafile header","IMPDv1:IMPD_16657",1637,"Brown,T.A.",1,"Brown","T.A.",NA,NA,NA,NA,NA,NA,NA,NA,NA,"IMPDv1:IMPD_16657",1637,"IMPDv1","IMPD_16657",NA,57.78,57.78,"cm",NA,"Radiocarbon","con. charcoal & Picea needle",2185,40,2210,NA,"CAMS 111401",TRUE,NA,"na Date is in uncalibrated radiocarbon years.","Xindi - charcoal db_SIEVED","counted","NaN-NaN",NA,NA,"",2185,2145,2225,2185,57.78,NA,"na Date is in uncalibrated radiocarbon years.",". Cal curve: NA. Source DB: IMPDv1","Lacustrine","Carbon-14","Radiocarbon",-52,18017,"Calibrated radiocarbon years BP","sedimentary charcoal","Data Sourcing: IMPDv1 #charcoal_recommendedformat","Sample Age Source: IMPDv1"
"1637",554,"charcoal | num",277,277.25,277.5,0.5,17268.5,17255,17282,"IMPDv1","Charcoal (sum)","(additional options)",NA,NA,"False","False","number","Macroscopic charcoal (sieved)","direct",NA,"CHAR",0,NA,NA,"quant_raw",5,"volume","cm^3","IMPDv1","IMPD_16657","charcoal","count","char","wet_sieve","particle","num","count","no_size","num","IMPDv1","measured",1,"IMPDv1",NA,"Xindi - charcoal db",67.111667,-159.491667,NA,"north",NA,NA,"sedlac",1637,0,NA,"Higuera,P.E.;Brubaker,L.B.;Anderson,P.M.;Hu,F.S.;Brown,T.A.;. Xindi - charcoal db. NOAA/WDS Paleoclimatology IMPD study 16657",NA,NA,NA,NA,NA,NA,NA,NA,NA,NA,NA,NA,NA,NA,"https://www.ncei.noaa.gov/access/paleo-search/study/16657",NA,NA,NA,NA,"noaa_study_id=16657; original pub in IMPD datafile header","IMPDv1:IMPD_16657",1637,"Brown,T.A.",1,"Brown","T.A.",NA,NA,NA,NA,NA,NA,NA,NA,NA,"IMPDv1:IMPD_16657",1637,"IMPDv1","IMPD_16657",NA,78.5,78.5,"cm",NA,"Radiocarbon","concentrated charcoal",3000,60,3185,NA,"CAMS 110948",TRUE,NA,"na Date is in uncalibrated radiocarbon years.","Xindi - charcoal db_SIEVED","counted","NaN-NaN",NA,NA,"",3000,2940,3060,3000,78.5,NA,"na Date is in uncalibrated radiocarbon years.",". Cal curve: NA. Source DB: IMPDv1","Lacustrine","Carbon-14","Radiocarbon",-52,18017,"Calibrated radiocarbon years BP","sedimentary charcoal","Data Sourcing: IMPDv1 #charcoal_recommendedformat","Sample Age Source: IMPDv1"
"1637",555,"charcoal | num",277.5,277.75,278,0.5,17296,17282,17310,"IMPDv1","Charcoal (sum)","(additional options)",NA,NA,"False","False","number","Macroscopic charcoal (sieved)","direct",NA,"CHAR",0,NA,NA,"quant_raw",5,"volume","cm^3","IMPDv1","IMPD_16657","charcoal","count","char","wet_sieve","particle","num","count","no_size","num","IMPDv1","measured",1,"IMPDv1",NA,"Xindi - charcoal db",67.111667,-159.491667,NA,"north",NA,NA,"sedlac",1637,0,NA,"Higuera,P.E.;Brubaker,L.B.;Anderson,P.M.;Hu,F.S.;Brown,T.A.;. Xindi - charcoal db. NOAA/WDS Paleoclimatology IMPD study 16657",NA,NA,NA,NA,NA,NA,NA,NA,NA,NA,NA,NA,NA,NA,"https://www.ncei.noaa.gov/access/paleo-search/study/16657",NA,NA,NA,NA,"noaa_study_id=16657; original pub in IMPD datafile header","IMPDv1:IMPD_16657",1637,"Brown,T.A.",1,"Brown","T.A.",NA,NA,NA,NA,NA,NA,NA,NA,NA,"IMPDv1:IMPD_16657",1637,"IMPDv1","IMPD_16657",NA,86.5,86.5,"cm",NA,"Radiocarbon","concentrated charcoal",3145,35,3369,NA,"CAMS 111402",TRUE,NA,"na Date is in uncalibrated radiocarbon years.","Xindi - charcoal db_SIEVED","counted","NaN-NaN",NA,NA,"",3145,3110,3180,3145,86.5,NA,"na Date is in uncalibrated radiocarbon years.",". Cal curve: NA. Source DB: IMPDv1","Lacustrine","Carbon-14","Radiocarbon",-52,18017,"Calibrated radiocarbon years BP","sedimentary charcoal","Data Sourcing: IMPDv1 #charcoal_recommendedformat","Sample Age Source: IMPDv1"
"1637",556,"charcoal | num",278,278.25,278.5,0.5,17324,17310,17338,"IMPDv1","Charcoal (sum)","(additional options)",NA,NA,"False","False","number","Macroscopic charcoal (sieved)","direct",NA,"CHAR",0,NA,NA,"quant_raw",5,"volume","cm^3","IMPDv1","IMPD_16657","charcoal","count","char","wet_sieve","particle","num","count","no_size","num","IMPDv1","measured",1,"IMPDv1",NA,"Xindi - charcoal db",67.111667,-159.491667,NA,"north",NA,NA,"sedlac",1637,0,NA,"Higuera,P.E.;Brubaker,L.B.;Anderson,P.M.;Hu,F.S.;Brown,T.A.;. Xindi - charcoal db. NOAA/WDS Paleoclimatology IMPD study 16657",NA,NA,NA,NA,NA,NA,NA,NA,NA,NA,NA,NA,NA,NA,"https://www.ncei.noaa.gov/access/paleo-search/study/16657",NA,NA,NA,NA,"noaa_study_id=16657; original pub in IMPD datafile header","IMPDv1:IMPD_16657",1637,"Brown,T.A.",1,"Brown","T.A.",NA,NA,NA,NA,NA,NA,NA,NA,NA,"IMPDv1:IMPD_16657",1637,"IMPDv1","IMPD_16657",NA,99,99,"cm",NA,"Radiocarbon","concentrated Picea pollen",3860,45,4281,NA,"CAMS 100063",TRUE,NA,"na Date is in uncalibrated radiocarbon years.","Xindi - charcoal db_SIEVED","counted","NaN-NaN",NA,NA,"",3860,3815,3905,3860,99,NA,"na Date is in uncalibrated radiocarbon years.",". Cal curve: NA. Source DB: IMPDv1","Lacustrine","Carbon-14","Radiocarbon",-52,18017,"Calibrated radiocarbon years BP","sedimentary charcoal","Data Sourcing: IMPDv1 #charcoal_recommendedformat","Sample Age Source: IMPDv1"
"1637",557,"charcoal | num",278.5,278.75,279,0.5,17352.5,17338,17367,"IMPDv1","Charcoal (sum)","(additional options)",NA,NA,"False","False","number","Macroscopic charcoal (sieved)","direct",NA,"CHAR",0,NA,NA,"quant_raw",5,"volume","cm^3","IMPDv1","IMPD_16657","charcoal","count","char","wet_sieve","particle","num","count","no_size","num","IMPDv1","measured",1,"IMPDv1",NA,"Xindi - charcoal db",67.111667,-159.491667,NA,"north",NA,NA,"sedlac",1637,0,NA,"Higuera,P.E.;Brubaker,L.B.;Anderson,P.M.;Hu,F.S.;Brown,T.A.;. Xindi - charcoal db. NOAA/WDS Paleoclimatology IMPD study 16657",NA,NA,NA,NA,NA,NA,NA,NA,NA,NA,NA,NA,NA,NA,"https://www.ncei.noaa.gov/access/paleo-search/study/16657",NA,NA,NA,NA,"noaa_study_id=16657; original pub in IMPD datafile header","IMPDv1:IMPD_16657",1637,"Brown,T.A.",1,"Brown","T.A.",NA,NA,NA,NA,NA,NA,NA,NA,NA,"IMPDv1:IMPD_16657",1637,"IMPDv1","IMPD_16657",NA,100,100,"cm",NA,"Radiocarbon","con. charcoal & Picea needle",3770,40,4137,NA,"CAMS 110949",TRUE,NA,"na Date is in uncalibrated radiocarbon years.","Xindi - charcoal db_SIEVED","counted","NaN-NaN",NA,NA,"",3770,3730,3810,3770,100,NA,"na Date is in uncalibrated radiocarbon years.",". Cal curve: NA. Source DB: IMPDv1","Lacustrine","Carbon-14","Radiocarbon",-52,18017,"Calibrated radiocarbon years BP","sedimentary charcoal","Data Sourcing: IMPDv1 #charcoal_recommendedformat","Sample Age Source: IMPDv1"
"1637",558,"charcoal | num",279,279.25,279.5,0.5,17381,17367,17395,"IMPDv1","Charcoal (sum)","(additional options)",NA,NA,"False","False","number","Macroscopic charcoal (sieved)","direct",NA,"CHAR",0,NA,NA,"quant_raw",5,"volume","cm^3","IMPDv1","IMPD_16657","charcoal","count","char","wet_sieve","particle","num","count","no_size","num","IMPDv1","measured",1,"IMPDv1",NA,"Xindi - charcoal db",67.111667,-159.491667,NA,"north",NA,NA,"sedlac",1637,0,NA,"Higuera,P.E.;Brubaker,L.B.;Anderson,P.M.;Hu,F.S.;Brown,T.A.;. Xindi - charcoal db. NOAA/WDS Paleoclimatology IMPD study 16657",NA,NA,NA,NA,NA,NA,NA,NA,NA,NA,NA,NA,NA,NA,"https://www.ncei.noaa.gov/access/paleo-search/study/16657",NA,NA,NA,NA,"noaa_study_id=16657; original pub in IMPD datafile header","IMPDv1:IMPD_16657",1637,"Brown,T.A.",1,"Brown","T.A.",NA,NA,NA,NA,NA,NA,NA,NA,NA,"IMPDv1:IMPD_16657",1637,"IMPDv1","IMPD_16657",NA,115.2,115.2,"cm",NA,"Radiocarbon","concentrated charcoal",5050,45,5812,NA,"CAMS 110402",TRUE,NA,"na Date is in uncalibrated radiocarbon years.","Xindi - charcoal db_SIEVED","counted","NaN-NaN",NA,NA,"",5050,5005,5095,5050,115.2,NA,"na Date is in uncalibrated radiocarbon years.",". Cal curve: NA. Source DB: IMPDv1","Lacustrine","Carbon-14","Radiocarbon",-52,18017,"Calibrated radiocarbon years BP","sedimentary charcoal","Data Sourcing: IMPDv1 #charcoal_recommendedformat","Sample Age Source: IMPDv1"
"1637",559,"charcoal | num",279.5,279.75,280,0.5,17409,17395,17423,"IMPDv1","Charcoal (sum)","(additional options)",NA,NA,"False","False","number","Macroscopic charcoal (sieved)","direct",NA,"CHAR",0,NA,NA,"quant_raw",5,"volume","cm^3","IMPDv1","IMPD_16657","charcoal","count","char","wet_sieve","particle","num","count","no_size","num","IMPDv1","measured",1,"IMPDv1",NA,"Xindi - charcoal db",67.111667,-159.491667,NA,"north",NA,NA,"sedlac",1637,0,NA,"Higuera,P.E.;Brubaker,L.B.;Anderson,P.M.;Hu,F.S.;Brown,T.A.;. Xindi - charcoal db. NOAA/WDS Paleoclimatology IMPD study 16657",NA,NA,NA,NA,NA,NA,NA,NA,NA,NA,NA,NA,NA,NA,"https://www.ncei.noaa.gov/access/paleo-search/study/16657",NA,NA,NA,NA,"noaa_study_id=16657; original pub in IMPD datafile header","IMPDv1:IMPD_16657",1637,"Brown,T.A.",1,"Brown","T.A.",NA,NA,NA,NA,NA,NA,NA,NA,NA,"IMPDv1:IMPD_16657",1637,"IMPDv1","IMPD_16657",NA,160.5,160.5,"cm",NA,"Radiocarbon","concentrated charcoal",6350,110,7266,NA,"CAMS 110950",TRUE,NA,"na Date is in uncalibrated radiocarbon years.","Xindi - charcoal db_SIEVED","counted","NaN-NaN",NA,NA,"",6350,6240,6460,6350,160.5,NA,"na Date is in uncalibrated radiocarbon years.",". Cal curve: NA. Source DB: IMPDv1","Lacustrine","Carbon-14","Radiocarbon",-52,18017,"Calibrated radiocarbon years BP","sedimentary charcoal","Data Sourcing: IMPDv1 #charcoal_recommendedformat","Sample Age Source: IMPDv1"
"1637",560,"charcoal | num",280,280.25,280.5,0.5,17437.5,17423,17452,"IMPDv1","Charcoal (sum)","(additional options)",NA,NA,"False","False","number","Macroscopic charcoal (sieved)","direct",NA,"CHAR",0,NA,NA,"quant_raw",5,"volume","cm^3","IMPDv1","IMPD_16657","charcoal","count","char","wet_sieve","particle","num","count","no_size","num","IMPDv1","measured",1,"IMPDv1",NA,"Xindi - charcoal db",67.111667,-159.491667,NA,"north",NA,NA,"sedlac",1637,0,NA,"Higuera,P.E.;Brubaker,L.B.;Anderson,P.M.;Hu,F.S.;Brown,T.A.;. Xindi - charcoal db. NOAA/WDS Paleoclimatology IMPD study 16657",NA,NA,NA,NA,NA,NA,NA,NA,NA,NA,NA,NA,NA,NA,"https://www.ncei.noaa.gov/access/paleo-search/study/16657",NA,NA,NA,NA,"noaa_study_id=16657; original pub in IMPD datafile header","IMPDv1:IMPD_16657",1637,"Brown,T.A.",1,"Brown","T.A.",NA,NA,NA,NA,NA,NA,NA,NA,NA,"IMPDv1:IMPD_16657",1637,"IMPDv1","IMPD_16657",NA,206.5,206.5,"cm",NA,"Radiocarbon","concentrated charcoal",7460,110,8256,NA,"CAMS 113762",TRUE,NA,"na Date is in uncalibrated radiocarbon years.","Xindi - charcoal db_SIEVED","counted","NaN-NaN",NA,NA,"",7460,7350,7570,7460,206.5,NA,"na Date is in uncalibrated radiocarbon years.",". Cal curve: NA. Source DB: IMPDv1","Lacustrine","Carbon-14","Radiocarbon",-52,18017,"Calibrated radiocarbon years BP","sedimentary charcoal","Data Sourcing: IMPDv1 #charcoal_recommendedformat","Sample Age Source: IMPDv1"
"1637",561,"charcoal | num",280.5,280.75,281,0.5,17466.5,17452,17481,"IMPDv1","Charcoal (sum)","(additional options)",NA,NA,"False","False","number","Macroscopic charcoal (sieved)","direct",NA,"CHAR",12,NA,NA,"quant_raw",5,"volume","cm^3","IMPDv1","IMPD_16657","charcoal","count","char","wet_sieve","particle","num","count","no_size","num","IMPDv1","measured",1,"IMPDv1",NA,"Xindi - charcoal db",67.111667,-159.491667,NA,"north",NA,NA,"sedlac",1637,0,NA,"Higuera,P.E.;Brubaker,L.B.;Anderson,P.M.;Hu,F.S.;Brown,T.A.;. Xindi - charcoal db. NOAA/WDS Paleoclimatology IMPD study 16657",NA,NA,NA,NA,NA,NA,NA,NA,NA,NA,NA,NA,NA,NA,"https://www.ncei.noaa.gov/access/paleo-search/study/16657",NA,NA,NA,NA,"noaa_study_id=16657; original pub in IMPD datafile header","IMPDv1:IMPD_16657",1637,"Brown,T.A.",1,"Brown","T.A.",NA,NA,NA,NA,NA,NA,NA,NA,NA,"IMPDv1:IMPD_16657",1637,"IMPDv1","IMPD_16657",NA,298,298,"cm",NA,"Radiocarbon","con. charcoal & Betula leafs",8710,40,9654,NA,"CAMS 122361",TRUE,NA,"na Date is in uncalibrated radiocarbon years.","Xindi - charcoal db_SIEVED","counted","NaN-NaN",NA,NA,"",8710,8670,8750,8710,298,NA,"na Date is in uncalibrated radiocarbon years.",". Cal curve: NA. Source DB: IMPDv1","Lacustrine","Carbon-14","Radiocarbon",-52,18017,"Calibrated radiocarbon years BP","sedimentary charcoal","Data Sourcing: IMPDv1 #charcoal_recommendedformat","Sample Age Source: IMPDv1"
"1637",562,"charcoal | num",281,281.25,281.5,0.5,17495.5,17481,17510,"IMPDv1","Charcoal (sum)","(additional options)",NA,NA,"False","False","number","Macroscopic charcoal (sieved)","direct",NA,"CHAR",0,NA,NA,"quant_raw",5,"volume","cm^3","IMPDv1","IMPD_16657","charcoal","count","char","wet_sieve","particle","num","count","no_size","num","IMPDv1","measured",1,"IMPDv1",NA,"Xindi - charcoal db",67.111667,-159.491667,NA,"north",NA,NA,"sedlac",1637,0,NA,"Higuera,P.E.;Brubaker,L.B.;Anderson,P.M.;Hu,F.S.;Brown,T.A.;. Xindi - charcoal db. NOAA/WDS Paleoclimatology IMPD study 16657",NA,NA,NA,NA,NA,NA,NA,NA,NA,NA,NA,NA,NA,NA,"https://www.ncei.noaa.gov/access/paleo-search/study/16657",NA,NA,NA,NA,"noaa_study_id=16657; original pub in IMPD datafile header","IMPDv1:IMPD_16657",1637,"Brown,T.A.",1,"Brown","T.A.",NA,NA,NA,NA,NA,NA,NA,NA,NA,"IMPDv1:IMPD_16657",1637,"IMPDv1","IMPD_16657",NA,324.5,324.5,"cm",NA,"Radiocarbon","concentrated charcoal",10220,160,11939,NA,"CAMS 111403",TRUE,NA,"na Date is in uncalibrated radiocarbon years.","Xindi - charcoal db_SIEVED","counted","NaN-NaN",NA,NA,"",10220,10060,10380,10220,324.5,NA,"na Date is in uncalibrated radiocarbon years.",". Cal curve: NA. Source DB: IMPDv1","Lacustrine","Carbon-14","Radiocarbon",-52,18017,"Calibrated radiocarbon years BP","sedimentary charcoal","Data Sourcing: IMPDv1 #charcoal_recommendedformat","Sample Age Source: IMPDv1"
"1637",563,"charcoal | num",281.5,281.75,282,0.5,17525,17510,17540,"IMPDv1","Charcoal (sum)","(additional options)",NA,NA,"False","False","number","Macroscopic charcoal (sieved)","direct",NA,"CHAR",0,NA,NA,"quant_raw",5,"volume","cm^3","IMPDv1","IMPD_16657","charcoal","count","char","wet_sieve","particle","num","count","no_size","num","IMPDv1","measured",1,"IMPDv1",NA,"Xindi - charcoal db",67.111667,-159.491667,NA,"north",NA,NA,"sedlac",1637,0,NA,"Higuera,P.E.;Brubaker,L.B.;Anderson,P.M.;Hu,F.S.;Brown,T.A.;. Xindi - charcoal db. NOAA/WDS Paleoclimatology IMPD study 16657",NA,NA,NA,NA,NA,NA,NA,NA,NA,NA,NA,NA,NA,NA,"https://www.ncei.noaa.gov/access/paleo-search/study/16657",NA,NA,NA,NA,"noaa_study_id=16657; original pub in IMPD datafile header","IMPDv1:IMPD_16657",1637,"Brown,T.A.",1,"Brown","T.A.",NA,NA,NA,NA,NA,NA,NA,NA,NA,"IMPDv1:IMPD_16657",1637,"IMPDv1","IMPD_16657",NA,380.5,380.5,"cm",NA,"Radiocarbon","concentrated charcoal",10740,80,12820,NA,"CAMS 110951",TRUE,NA,"na Date is in uncalibrated radiocarbon years.","Xindi - charcoal db_SIEVED","counted","NaN-NaN",NA,NA,"",10740,10660,10820,10740,380.5,NA,"na Date is in uncalibrated radiocarbon years.",". Cal curve: NA. Source DB: IMPDv1","Lacustrine","Carbon-14","Radiocarbon",-52,18017,"Calibrated radiocarbon years BP","sedimentary charcoal","Data Sourcing: IMPDv1 #charcoal_recommendedformat","Sample Age Source: IMPDv1"
"1637",564,"charcoal | num",282,282.25,282.5,0.5,17554.5,17540,17569,"IMPDv1","Charcoal (sum)","(additional options)",NA,NA,"False","False","number","Macroscopic charcoal (sieved)","direct",NA,"CHAR",0,NA,NA,"quant_raw",5,"volume","cm^3","IMPDv1","IMPD_16657","charcoal","count","char","wet_sieve","particle","num","count","no_size","num","IMPDv1","measured",1,"IMPDv1",NA,"Xindi - charcoal db",67.111667,-159.491667,NA,"north",NA,NA,"sedlac",1637,0,NA,"Higuera,P.E.;Brubaker,L.B.;Anderson,P.M.;Hu,F.S.;Brown,T.A.;. Xindi - charcoal db. NOAA/WDS Paleoclimatology IMPD study 16657",NA,NA,NA,NA,NA,NA,NA,NA,NA,NA,NA,NA,NA,NA,"https://www.ncei.noaa.gov/access/paleo-search/study/16657",NA,NA,NA,NA,"noaa_study_id=16657; original pub in IMPD datafile header","IMPDv1:IMPD_16657",1637,"Brown,T.A.",1,"Brown","T.A.",NA,NA,NA,NA,NA,NA,NA,NA,NA,"IMPDv1:IMPD_16657",1637,"IMPDv1","IMPD_16657",NA,423.9,423.9,"cm",NA,"Radiocarbon","concentrated charcoal",10870,80,12860,NA,"CAMS 122362",TRUE,NA,"na Date is in uncalibrated radiocarbon years.","Xindi - charcoal db_SIEVED","counted","NaN-NaN",NA,NA,"",10870,10790,10950,10870,423.9,NA,"na Date is in uncalibrated radiocarbon years.",". Cal curve: NA. Source DB: IMPDv1","Lacustrine","Carbon-14","Radiocarbon",-52,18017,"Calibrated radiocarbon years BP","sedimentary charcoal","Data Sourcing: IMPDv1 #charcoal_recommendedformat","Sample Age Source: IMPDv1"
"1637",565,"charcoal | num",282.5,282.75,283,0.5,17584,17569,17599,"IMPDv1","Charcoal (sum)","(additional options)",NA,NA,"False","False","number","Macroscopic charcoal (sieved)","direct",NA,"CHAR",0,NA,NA,"quant_raw",5,"volume","cm^3","IMPDv1","IMPD_16657","charcoal","count","char","wet_sieve","particle","num","count","no_size","num","IMPDv1","measured",1,"IMPDv1",NA,"Xindi - charcoal db",67.111667,-159.491667,NA,"north",NA,NA,"sedlac",1637,0,NA,"Higuera,P.E.;Brubaker,L.B.;Anderson,P.M.;Hu,F.S.;Brown,T.A.;. Xindi - charcoal db. NOAA/WDS Paleoclimatology IMPD study 16657",NA,NA,NA,NA,NA,NA,NA,NA,NA,NA,NA,NA,NA,NA,"https://www.ncei.noaa.gov/access/paleo-search/study/16657",NA,NA,NA,NA,"noaa_study_id=16657; original pub in IMPD datafile header","IMPDv1:IMPD_16657",1637,"Brown,T.A.",1,"Brown","T.A.",NA,NA,NA,NA,NA,NA,NA,NA,NA,"IMPDv1:IMPD_16657",1637,"IMPDv1","IMPD_16657",NA,10.5,10.5,"cm",NA,"Radiocarbon","concentrated charcoal",1240,70,1159,NA,"CAMS 113558",TRUE,NA,"na Date is in uncalibrated radiocarbon years.","Xindi - charcoal db_SIEVED","counted","NaN-NaN",NA,NA,"",1240,1170,1310,1240,10.5,NA,"na Date is in uncalibrated radiocarbon years.",". Cal curve: NA. Source DB: IMPDv1","Lacustrine","Carbon-14","Radiocarbon",-52,18017,"Calibrated radiocarbon years BP","sedimentary charcoal","Data Sourcing: IMPDv1 #charcoal_recommendedformat","Sample Age Source: IMPDv1"
"1637",566,"charcoal | num",283,283.25,283.5,0.5,17613.5,17599,17628,"IMPDv1","Charcoal (sum)","(additional options)",NA,NA,"False","False","number","Macroscopic charcoal (sieved)","direct",NA,"CHAR",1,NA,NA,"quant_raw",5,"volume","cm^3","IMPDv1","IMPD_16657","charcoal","count","char","wet_sieve","particle","num","count","no_size","num","IMPDv1","measured",1,"IMPDv1",NA,"Xindi - charcoal db",67.111667,-159.491667,NA,"north",NA,NA,"sedlac",1637,0,NA,"Higuera,P.E.;Brubaker,L.B.;Anderson,P.M.;Hu,F.S.;Brown,T.A.;. Xindi - charcoal db. NOAA/WDS Paleoclimatology IMPD study 16657",NA,NA,NA,NA,NA,NA,NA,NA,NA,NA,NA,NA,NA,NA,"https://www.ncei.noaa.gov/access/paleo-search/study/16657",NA,NA,NA,NA,"noaa_study_id=16657; original pub in IMPD datafile header","IMPDv1:IMPD_16657",1637,"Brown,T.A.",1,"Brown","T.A.",NA,NA,NA,NA,NA,NA,NA,NA,NA,"IMPDv1:IMPD_16657",1637,"IMPDv1","IMPD_16657",NA,24,24,"cm",NA,"Radiocarbon","concentrated charcoal",3490,35,3956,NA,"CAMS 116226",TRUE,NA,"na Date is in uncalibrated radiocarbon years.","Xindi - charcoal db_SIEVED","counted","NaN-NaN",NA,NA,"",3490,3455,3525,3490,24,NA,"na Date is in uncalibrated radiocarbon years.",". Cal curve: NA. Source DB: IMPDv1","Lacustrine","Carbon-14","Radiocarbon",-52,18017,"Calibrated radiocarbon years BP","sedimentary charcoal","Data Sourcing: IMPDv1 #charcoal_recommendedformat","Sample Age Source: IMPDv1"
"1637",567,"charcoal | num",283.5,283.75,284,0.5,17643.5,17628,17659,"IMPDv1","Charcoal (sum)","(additional options)",NA,NA,"False","False","number","Macroscopic charcoal (sieved)","direct",NA,"CHAR",0,NA,NA,"quant_raw",5,"volume","cm^3","IMPDv1","IMPD_16657","charcoal","count","char","wet_sieve","particle","num","count","no_size","num","IMPDv1","measured",1,"IMPDv1",NA,"Xindi - charcoal db",67.111667,-159.491667,NA,"north",NA,NA,"sedlac",1637,0,NA,"Higuera,P.E.;Brubaker,L.B.;Anderson,P.M.;Hu,F.S.;Brown,T.A.;. Xindi - charcoal db. NOAA/WDS Paleoclimatology IMPD study 16657",NA,NA,NA,NA,NA,NA,NA,NA,NA,NA,NA,NA,NA,NA,"https://www.ncei.noaa.gov/access/paleo-search/study/16657",NA,NA,NA,NA,"noaa_study_id=16657; original pub in IMPD datafile header","IMPDv1:IMPD_16657",1637,"Brown,T.A.",1,"Brown","T.A.",NA,NA,NA,NA,NA,NA,NA,NA,NA,"IMPDv1:IMPD_16657",1637,"IMPDv1","IMPD_16657",NA,31,31,"cm",NA,"Radiocarbon","concentrated Picea pollen",4930,90,5679,NA,"CAMS 105876",TRUE,NA,"na Date is in uncalibrated radiocarbon years.","Xindi - charcoal db_SIEVED","counted","NaN-NaN",NA,NA,"",4930,4840,5020,4930,31,NA,"na Date is in uncalibrated radiocarbon years.",". Cal curve: NA. Source DB: IMPDv1","Lacustrine","Carbon-14","Radiocarbon",-52,18017,"Calibrated radiocarbon years BP","sedimentary charcoal","Data Sourcing: IMPDv1 #charcoal_recommendedformat","Sample Age Source: IMPDv1"
"1637",568,"charcoal | num",284,284.25,284.5,0.5,17674,17659,17689,"IMPDv1","Charcoal (sum)","(additional options)",NA,NA,"False","False","number","Macroscopic charcoal (sieved)","direct",NA,"CHAR",0,NA,NA,"quant_raw",5,"volume","cm^3","IMPDv1","IMPD_16657","charcoal","count","char","wet_sieve","particle","num","count","no_size","num","IMPDv1","measured",1,"IMPDv1",NA,"Xindi - charcoal db",67.111667,-159.491667,NA,"north",NA,NA,"sedlac",1637,0,NA,"Higuera,P.E.;Brubaker,L.B.;Anderson,P.M.;Hu,F.S.;Brown,T.A.;. Xindi - charcoal db. NOAA/WDS Paleoclimatology IMPD study 16657",NA,NA,NA,NA,NA,NA,NA,NA,NA,NA,NA,NA,NA,NA,"https://www.ncei.noaa.gov/access/paleo-search/study/16657",NA,NA,NA,NA,"noaa_study_id=16657; original pub in IMPD datafile header","IMPDv1:IMPD_16657",1637,"Brown,T.A.",1,"Brown","T.A.",NA,NA,NA,NA,NA,NA,NA,NA,NA,"IMPDv1:IMPD_16657",1637,"IMPDv1","IMPD_16657",NA,32,32,"cm",NA,"Radiocarbon","concentrated charcoal",4560,120,5208,NA,"CAMS 112145",TRUE,NA,"na Date is in uncalibrated radiocarbon years.","Xindi - charcoal db_SIEVED","counted","NaN-NaN",NA,NA,"",4560,4440,4680,4560,32,NA,"na Date is in uncalibrated radiocarbon years.",". Cal curve: NA. Source DB: IMPDv1","Lacustrine","Carbon-14","Radiocarbon",-52,18017,"Calibrated radiocarbon years BP","sedimentary charcoal","Data Sourcing: IMPDv1 #charcoal_recommendedformat","Sample Age Source: IMPDv1"
"1637",569,"charcoal | num",284.5,284.75,285,0.5,17704,17689,17719,"IMPDv1","Charcoal (sum)","(additional options)",NA,NA,"False","False","number","Macroscopic charcoal (sieved)","direct",NA,"CHAR",0,NA,NA,"quant_raw",5,"volume","cm^3","IMPDv1","IMPD_16657","charcoal","count","char","wet_sieve","particle","num","count","no_size","num","IMPDv1","measured",1,"IMPDv1",NA,"Xindi - charcoal db",67.111667,-159.491667,NA,"north",NA,NA,"sedlac",1637,0,NA,"Higuera,P.E.;Brubaker,L.B.;Anderson,P.M.;Hu,F.S.;Brown,T.A.;. Xindi - charcoal db. NOAA/WDS Paleoclimatology IMPD study 16657",NA,NA,NA,NA,NA,NA,NA,NA,NA,NA,NA,NA,NA,NA,"https://www.ncei.noaa.gov/access/paleo-search/study/16657",NA,NA,NA,NA,"noaa_study_id=16657; original pub in IMPD datafile header","IMPDv1:IMPD_16657",1637,"Brown,T.A.",1,"Brown","T.A.",NA,NA,NA,NA,NA,NA,NA,NA,NA,"IMPDv1:IMPD_16657",1637,"IMPDv1","IMPD_16657",NA,43,43,"cm",NA,"Radiocarbon","concentrated charcoal",4760,70,5493,NA,"CAMS 113559",TRUE,NA,"na Date is in uncalibrated radiocarbon years.","Xindi - charcoal db_SIEVED","counted","NaN-NaN",NA,NA,"",4760,4690,4830,4760,43,NA,"na Date is in uncalibrated radiocarbon years.",". Cal curve: NA. Source DB: IMPDv1","Lacustrine","Carbon-14","Radiocarbon",-52,18017,"Calibrated radiocarbon years BP","sedimentary charcoal","Data Sourcing: IMPDv1 #charcoal_recommendedformat","Sample Age Source: IMPDv1"
"1637",570,"charcoal | num",285,285.25,285.5,0.5,17734.5,17719,17750,"IMPDv1","Charcoal (sum)","(additional options)",NA,NA,"False","False","number","Macroscopic charcoal (sieved)","direct",NA,"CHAR",0,NA,NA,"quant_raw",5,"volume","cm^3","IMPDv1","IMPD_16657","charcoal","count","char","wet_sieve","particle","num","count","no_size","num","IMPDv1","measured",1,"IMPDv1",NA,"Xindi - charcoal db",67.111667,-159.491667,NA,"north",NA,NA,"sedlac",1637,0,NA,"Higuera,P.E.;Brubaker,L.B.;Anderson,P.M.;Hu,F.S.;Brown,T.A.;. Xindi - charcoal db. NOAA/WDS Paleoclimatology IMPD study 16657",NA,NA,NA,NA,NA,NA,NA,NA,NA,NA,NA,NA,NA,NA,"https://www.ncei.noaa.gov/access/paleo-search/study/16657",NA,NA,NA,NA,"noaa_study_id=16657; original pub in IMPD datafile header","IMPDv1:IMPD_16657",1637,"Brown,T.A.",1,"Brown","T.A.",NA,NA,NA,NA,NA,NA,NA,NA,NA,"IMPDv1:IMPD_16657",1637,"IMPDv1","IMPD_16657",NA,51,51,"cm",NA,"Radiocarbon","concentrated charcoal",5960,60,7153,NA,"CAMS 116227",TRUE,NA,"na Date is in uncalibrated radiocarbon years.","Xindi - charcoal db_SIEVED","counted","NaN-NaN",NA,NA,"",5960,5900,6020,5960,51,NA,"na Date is in uncalibrated radiocarbon years.",". Cal curve: NA. Source DB: IMPDv1","Lacustrine","Carbon-14","Radiocarbon",-52,18017,"Calibrated radiocarbon years BP","sedimentary charcoal","Data Sourcing: IMPDv1 #charcoal_recommendedformat","Sample Age Source: IMPDv1"
"1637",571,"charcoal | num",285.5,285.75,286,0.5,17765,17750,17780,"IMPDv1","Charcoal (sum)","(additional options)",NA,NA,"False","False","number","Macroscopic charcoal (sieved)","direct",NA,"CHAR",0,NA,NA,"quant_raw",5,"volume","cm^3","IMPDv1","IMPD_16657","charcoal","count","char","wet_sieve","particle","num","count","no_size","num","IMPDv1","measured",1,"IMPDv1",NA,"Xindi - charcoal db",67.111667,-159.491667,NA,"north",NA,NA,"sedlac",1637,0,NA,"Higuera,P.E.;Brubaker,L.B.;Anderson,P.M.;Hu,F.S.;Brown,T.A.;. Xindi - charcoal db. NOAA/WDS Paleoclimatology IMPD study 16657",NA,NA,NA,NA,NA,NA,NA,NA,NA,NA,NA,NA,NA,NA,"https://www.ncei.noaa.gov/access/paleo-search/study/16657",NA,NA,NA,NA,"noaa_study_id=16657; original pub in IMPD datafile header","IMPDv1:IMPD_16657",1637,"Brown,T.A.",1,"Brown","T.A.",NA,NA,NA,NA,NA,NA,NA,NA,NA,"IMPDv1:IMPD_16657",1637,"IMPDv1","IMPD_16657",NA,85.5,85.5,"cm",NA,"Radiocarbon","wood macrofossil",9585,40,10907,NA,"CAMS 106159",TRUE,NA,"na Date is in uncalibrated radiocarbon years.","Xindi - charcoal db_SIEVED","counted","NaN-NaN",NA,NA,"",9585,9545,9625,9585,85.5,NA,"na Date is in uncalibrated radiocarbon years.",". Cal curve: NA. Source DB: IMPDv1","Lacustrine","Carbon-14","Radiocarbon",-52,18017,"Calibrated radiocarbon years BP","sedimentary charcoal","Data Sourcing: IMPDv1 #charcoal_recommendedformat","Sample Age Source: IMPDv1"
"1637",572,"charcoal | num",286,286.25,286.5,0.5,17795.5,17780,17811,"IMPDv1","Charcoal (sum)","(additional options)",NA,NA,"False","False","number","Macroscopic charcoal (sieved)","direct",NA,"CHAR",0,NA,NA,"quant_raw",5,"volume","cm^3","IMPDv1","IMPD_16657","charcoal","count","char","wet_sieve","particle","num","count","no_size","num","IMPDv1","measured",1,"IMPDv1",NA,"Xindi - charcoal db",67.111667,-159.491667,NA,"north",NA,NA,"sedlac",1637,0,NA,"Higuera,P.E.;Brubaker,L.B.;Anderson,P.M.;Hu,F.S.;Brown,T.A.;. Xindi - charcoal db. NOAA/WDS Paleoclimatology IMPD study 16657",NA,NA,NA,NA,NA,NA,NA,NA,NA,NA,NA,NA,NA,NA,"https://www.ncei.noaa.gov/access/paleo-search/study/16657",NA,NA,NA,NA,"noaa_study_id=16657; original pub in IMPD datafile header","IMPDv1:IMPD_16657",1637,"Brown,T.A.",1,"Brown","T.A.",NA,NA,NA,NA,NA,NA,NA,NA,NA,"IMPDv1:IMPD_16657",1637,"IMPDv1","IMPD_16657",NA,127,127,"cm",NA,"Radiocarbon","concentrated charcoal",10180,120,11844,NA,"CAMS 114331",TRUE,NA,"na Date is in uncalibrated radiocarbon years.","Xindi - charcoal db_SIEVED","counted","NaN-NaN",NA,NA,"",10180,10060,10300,10180,127,NA,"na Date is in uncalibrated radiocarbon years.",". Cal curve: NA. Source DB: IMPDv1","Lacustrine","Carbon-14","Radiocarbon",-52,18017,"Calibrated radiocarbon years BP","sedimentary charcoal","Data Sourcing: IMPDv1 #charcoal_recommendedformat","Sample Age Source: IMPDv1"
"1637",573,"charcoal | num",286.5,286.75,287,0.5,17826.5,17811,17842,"IMPDv1","Charcoal (sum)","(additional options)",NA,NA,"False","False","number","Macroscopic charcoal (sieved)","direct",NA,"CHAR",0,NA,NA,"quant_raw",5,"volume","cm^3","IMPDv1","IMPD_16657","charcoal","count","char","wet_sieve","particle","num","count","no_size","num","IMPDv1","measured",1,"IMPDv1",NA,"Xindi - charcoal db",67.111667,-159.491667,NA,"north",NA,NA,"sedlac",1637,0,NA,"Higuera,P.E.;Brubaker,L.B.;Anderson,P.M.;Hu,F.S.;Brown,T.A.;. Xindi - charcoal db. NOAA/WDS Paleoclimatology IMPD study 16657",NA,NA,NA,NA,NA,NA,NA,NA,NA,NA,NA,NA,NA,NA,"https://www.ncei.noaa.gov/access/paleo-search/study/16657",NA,NA,NA,NA,"noaa_study_id=16657; original pub in IMPD datafile header","IMPDv1:IMPD_16657",1637,"Brown,T.A.",1,"Brown","T.A.",NA,NA,NA,NA,NA,NA,NA,NA,NA,"IMPDv1:IMPD_16657",1637,"IMPDv1","IMPD_16657",NA,167.5,167.5,"cm",NA,"Radiocarbon","concentrated charcoal",11800,120,13648,NA,"CAMS 114332",TRUE,NA,"na Date is in uncalibrated radiocarbon years.","Xindi - charcoal db_SIEVED","counted","NaN-NaN",NA,NA,"",11800,11680,11920,11800,167.5,NA,"na Date is in uncalibrated radiocarbon years.",". Cal curve: NA. Source DB: IMPDv1","Lacustrine","Carbon-14","Radiocarbon",-52,18017,"Calibrated radiocarbon years BP","sedimentary charcoal","Data Sourcing: IMPDv1 #charcoal_recommendedformat","Sample Age Source: IMPDv1"
"1637",574,"charcoal | num",287,287.25,287.5,0.5,17858,17842,17874,"IMPDv1","Charcoal (sum)","(additional options)",NA,NA,"False","False","number","Macroscopic charcoal (sieved)","direct",NA,"CHAR",0,NA,NA,"quant_raw",5,"volume","cm^3","IMPDv1","IMPD_16657","charcoal","count","char","wet_sieve","particle","num","count","no_size","num","IMPDv1","measured",1,"IMPDv1",NA,"Xindi - charcoal db",67.111667,-159.491667,NA,"north",NA,NA,"sedlac",1637,0,NA,"Higuera,P.E.;Brubaker,L.B.;Anderson,P.M.;Hu,F.S.;Brown,T.A.;. Xindi - charcoal db. NOAA/WDS Paleoclimatology IMPD study 16657",NA,NA,NA,NA,NA,NA,NA,NA,NA,NA,NA,NA,NA,NA,"https://www.ncei.noaa.gov/access/paleo-search/study/16657",NA,NA,NA,NA,"noaa_study_id=16657; original pub in IMPD datafile header","IMPDv1:IMPD_16657",1637,"Brown,T.A.",1,"Brown","T.A.",NA,NA,NA,NA,NA,NA,NA,NA,NA,"IMPDv1:IMPD_16657",1637,"IMPDv1","IMPD_16657",NA,183.5,183.5,"cm",NA,"Radiocarbon","concentrated charcoal",11570,300,13456,NA,"CAMS 114333",TRUE,NA,"na Date is in uncalibrated radiocarbon years.","Xindi - charcoal db_SIEVED","counted","NaN-NaN",NA,NA,"",11570,11270,11870,11570,183.5,NA,"na Date is in uncalibrated radiocarbon years.",". Cal curve: NA. Source DB: IMPDv1","Lacustrine","Carbon-14","Radiocarbon",-52,18017,"Calibrated radiocarbon years BP","sedimentary charcoal","Data Sourcing: IMPDv1 #charcoal_recommendedformat","Sample Age Source: IMPDv1"
"1637",575,"charcoal | num",287.5,287.75,288,0.5,17889.5,17874,17905,"IMPDv1","Charcoal (sum)","(additional options)",NA,NA,"False","False","number","Macroscopic charcoal (sieved)","direct",NA,"CHAR",0,NA,NA,"quant_raw",5,"volume","cm^3","IMPDv1","IMPD_16657","charcoal","count","char","wet_sieve","particle","num","count","no_size","num","IMPDv1","measured",1,"IMPDv1",NA,"Xindi - charcoal db",67.111667,-159.491667,NA,"north",NA,NA,"sedlac",1637,0,NA,"Higuera,P.E.;Brubaker,L.B.;Anderson,P.M.;Hu,F.S.;Brown,T.A.;. Xindi - charcoal db. NOAA/WDS Paleoclimatology IMPD study 16657",NA,NA,NA,NA,NA,NA,NA,NA,NA,NA,NA,NA,NA,NA,"https://www.ncei.noaa.gov/access/paleo-search/study/16657",NA,NA,NA,NA,"noaa_study_id=16657; original pub in IMPD datafile header","IMPDv1:IMPD_16657",1637,"Brown,T.A.",1,"Brown","T.A.",NA,NA,NA,NA,NA,NA,NA,NA,NA,"IMPDv1:IMPD_16657",1637,"IMPDv1","IMPD_16657",NA,8.5,8.5,"cm",NA,"Radiocarbon","concentrated charcoal",405,40,534,NA,"CAMS 116841",TRUE,NA,"na Date is in uncalibrated radiocarbon years.","Xindi - charcoal db_SIEVED","counted","NaN-NaN",NA,NA,"",405,365,445,405,8.5,NA,"na Date is in uncalibrated radiocarbon years.",". Cal curve: NA. Source DB: IMPDv1","Lacustrine","Carbon-14","Radiocarbon",-52,18017,"Calibrated radiocarbon years BP","sedimentary charcoal","Data Sourcing: IMPDv1 #charcoal_recommendedformat","Sample Age Source: IMPDv1"
"1637",576,"charcoal | num",288,288.25,288.5,0.5,17921,17905,17937,"IMPDv1","Charcoal (sum)","(additional options)",NA,NA,"False","False","number","Macroscopic charcoal (sieved)","direct",NA,"CHAR",0,NA,NA,"quant_raw",5,"volume","cm^3","IMPDv1","IMPD_16657","charcoal","count","char","wet_sieve","particle","num","count","no_size","num","IMPDv1","measured",1,"IMPDv1",NA,"Xindi - charcoal db",67.111667,-159.491667,NA,"north",NA,NA,"sedlac",1637,0,NA,"Higuera,P.E.;Brubaker,L.B.;Anderson,P.M.;Hu,F.S.;Brown,T.A.;. Xindi - charcoal db. NOAA/WDS Paleoclimatology IMPD study 16657",NA,NA,NA,NA,NA,NA,NA,NA,NA,NA,NA,NA,NA,NA,"https://www.ncei.noaa.gov/access/paleo-search/study/16657",NA,NA,NA,NA,"noaa_study_id=16657; original pub in IMPD datafile header","IMPDv1:IMPD_16657",1637,"Brown,T.A.",1,"Brown","T.A.",NA,NA,NA,NA,NA,NA,NA,NA,NA,"IMPDv1:IMPD_16657",1637,"IMPDv1","IMPD_16657",NA,31,31,"cm",NA,"Radiocarbon","concentrated charcoal",1295,35,1235,NA,"CAMS 114723",TRUE,NA,"na Date is in uncalibrated radiocarbon years.","Xindi - charcoal db_SIEVED","counted","NaN-NaN",NA,NA,"",1295,1260,1330,1295,31,NA,"na Date is in uncalibrated radiocarbon years.",". Cal curve: NA. Source DB: IMPDv1","Lacustrine","Carbon-14","Radiocarbon",-52,18017,"Calibrated radiocarbon years BP","sedimentary charcoal","Data Sourcing: IMPDv1 #charcoal_recommendedformat","Sample Age Source: IMPDv1"
"1637",577,"charcoal | num",288.5,288.75,289,0.5,17953,17937,17969,"IMPDv1","Charcoal (sum)","(additional options)",NA,NA,"False","False","number","Macroscopic charcoal (sieved)","direct",NA,"CHAR",0,NA,NA,"quant_raw",5,"volume","cm^3","IMPDv1","IMPD_16657","charcoal","count","char","wet_sieve","particle","num","count","no_size","num","IMPDv1","measured",1,"IMPDv1",NA,"Xindi - charcoal db",67.111667,-159.491667,NA,"north",NA,NA,"sedlac",1637,0,NA,"Higuera,P.E.;Brubaker,L.B.;Anderson,P.M.;Hu,F.S.;Brown,T.A.;. Xindi - charcoal db. NOAA/WDS Paleoclimatology IMPD study 16657",NA,NA,NA,NA,NA,NA,NA,NA,NA,NA,NA,NA,NA,NA,"https://www.ncei.noaa.gov/access/paleo-search/study/16657",NA,NA,NA,NA,"noaa_study_id=16657; original pub in IMPD datafile header","IMPDv1:IMPD_16657",1637,"Brown,T.A.",1,"Brown","T.A.",NA,NA,NA,NA,NA,NA,NA,NA,NA,"IMPDv1:IMPD_16657",1637,"IMPDv1","IMPD_16657",NA,49,49,"cm",NA,"Radiocarbon","concentrated charcoal",2275,30,2305,NA,"CAMS 114724",TRUE,NA,"na Date is in uncalibrated radiocarbon years.","Xindi - charcoal db_SIEVED","counted","NaN-NaN",NA,NA,"",2275,2245,2305,2275,49,NA,"na Date is in uncalibrated radiocarbon years.",". Cal curve: NA. Source DB: IMPDv1","Lacustrine","Carbon-14","Radiocarbon",-52,18017,"Calibrated radiocarbon years BP","sedimentary charcoal","Data Sourcing: IMPDv1 #charcoal_recommendedformat","Sample Age Source: IMPDv1"
"1637",578,"charcoal | num",289,289.25,289.5,0.5,17985,17969,18001,"IMPDv1","Charcoal (sum)","(additional options)",NA,NA,"False","False","number","Macroscopic charcoal (sieved)","direct",NA,"CHAR",0,NA,NA,"quant_raw",5,"volume","cm^3","IMPDv1","IMPD_16657","charcoal","count","char","wet_sieve","particle","num","count","no_size","num","IMPDv1","measured",1,"IMPDv1",NA,"Xindi - charcoal db",67.111667,-159.491667,NA,"north",NA,NA,"sedlac",1637,0,NA,"Higuera,P.E.;Brubaker,L.B.;Anderson,P.M.;Hu,F.S.;Brown,T.A.;. Xindi - charcoal db. NOAA/WDS Paleoclimatology IMPD study 16657",NA,NA,NA,NA,NA,NA,NA,NA,NA,NA,NA,NA,NA,NA,"https://www.ncei.noaa.gov/access/paleo-search/study/16657",NA,NA,NA,NA,"noaa_study_id=16657; original pub in IMPD datafile header","IMPDv1:IMPD_16657",1637,"Brown,T.A.",1,"Brown","T.A.",NA,NA,NA,NA,NA,NA,NA,NA,NA,"IMPDv1:IMPD_16657",1637,"IMPDv1","IMPD_16657",NA,59.25,59.25,"cm",NA,"Radiocarbon","concentrated charcoal",2805,40,3154,NA,"CAMS 116840",TRUE,NA,"na Date is in uncalibrated radiocarbon years.","Xindi - charcoal db_SIEVED","counted","NaN-NaN",NA,NA,"",2805,2765,2845,2805,59.25,NA,"na Date is in uncalibrated radiocarbon years.",". Cal curve: NA. Source DB: IMPDv1","Lacustrine","Carbon-14","Radiocarbon",-52,18017,"Calibrated radiocarbon years BP","sedimentary charcoal","Data Sourcing: IMPDv1 #charcoal_recommendedformat","Sample Age Source: IMPDv1"
"1637",579,"charcoal | num",289.5,289.75,290,0.5,18017,18001,18033,"IMPDv1","Charcoal (sum)","(additional options)",NA,NA,"False","False","number","Macroscopic charcoal (sieved)","direct",NA,"CHAR",0,NA,NA,"quant_raw",5,"volume","cm^3","IMPDv1","IMPD_16657","charcoal","count","char","wet_sieve","particle","num","count","no_size","num","IMPDv1","measured",1,"IMPDv1",NA,"Xindi - charcoal db",67.111667,-159.491667,NA,"north",NA,NA,"sedlac",1637,0,NA,"Higuera,P.E.;Brubaker,L.B.;Anderson,P.M.;Hu,F.S.;Brown,T.A.;. Xindi - charcoal db. NOAA/WDS Paleoclimatology IMPD study 16657",NA,NA,NA,NA,NA,NA,NA,NA,NA,NA,NA,NA,NA,NA,"https://www.ncei.noaa.gov/access/paleo-search/study/16657",NA,NA,NA,NA,"noaa_study_id=16657; original pub in IMPD datafile header","IMPDv1:IMPD_16657",1637,"Brown,T.A.",1,"Brown","T.A.",NA,NA,NA,NA,NA,NA,NA,NA,NA,"IMPDv1:IMPD_16657",1637,"IMPDv1","IMPD_16657",NA,86.25,86.25,"cm",NA,"Radiocarbon","wood macrofossil",4155,40,4691,NA,"CAMS 80792",TRUE,NA,"na Date is in uncalibrated radiocarbon years.","Xindi - charcoal db_SIEVED","counted","NaN-NaN",NA,NA,"",4155,4115,4195,4155,86.25,NA,"na Date is in uncalibrated radiocarbon years.",". Cal curve: NA. Source DB: IMPDv1","Lacustrine","Carbon-14","Radiocarbon",-52,18017,"Calibrated radiocarbon years BP","sedimentary charcoal","Data Sourcing: IMPDv1 #charcoal_recommendedformat","Sample Age Source: IMPDv1"
