"cluster_id_entity","usample","channel","depth_top_cm","depth_mid_cm","depth_bot_cm","thick_cm","age_mid_cal_yr_bp","age_top_cal_yr_bp","age_bot_cal_yr_bp","age_source","NAME","ELEMENT","size_min_um","size_max_um","size_min_open","size_max_open","UNITS","CONTEXT","context_source","TAPHONOMY","GROUP","value","value_orig","value_conversion","value_source_column","sample_quantity_value","sample_quantity_ELEMENT","sample_quantity_UNITS","data_source","data_entity","original_fire_proxy","original_meas_type","original_meas_detail","original_meas_method","original_proxy_class","original_quant_units","original_quant_units_raw","parsed_size_token","parsed_unit_token","depth_source","depth_repair_method","n_db_contrib","db_contrib","vocab_flags","entity_name","lat_dd_north","lon_dd_east","elev_m","hemisphere","country_entity","location_desc","depo_context","cluster_id","pubtypeid","year","citation","articletitle","journal","volume","issue","pages","citationnumber","doi","booktitle","numvolumes","edition","volumetitle","seriestitle","seriesvolume","publisher","url_pub","city","state","country","originallanguage","notes_pub","pub_source","cluster_id_contact","contactname","contactstatusid","familyname","leadinginitials","givennames","suffix","title","phone","fax","email","url","address","notes","contact_source","cluster_id_geo","db_geo","source_entity","date_id","depth_cm_geo","depth_orig_geo","depth_unit_geo","thick_cm_geo","date_type","material","age_14C","error","cal_age_geo","cal_curve","lab_number","included","exclude_reason","notes_geo","datasetname","controlled_units","controlled_element","X","X.1","X.2","age_geo","chroncontrol_limityounger","chroncontrol_limitolder","chroncontrol_age","chroncontrol_depth","chroncontrol_thickness","chroncontrol_comments","chronology_notes_full","controlled_dep","neotoma_geochrontype","neotoma_chroncontroltypes","ageboundyounger","ageboundolder","agetype","datasettype","datasetnotes_full","samplenotes_full"
"1648",0,"charcoal | num",NA,0,NA,NA,-53.5,-63,-44,"IMPDv1","Charcoal (sum)","(additional options)",NA,NA,"False","False","number","Macroscopic charcoal (sieved)","direct",NA,"CHAR",7,NA,NA,"quant_raw",5,"volume","cm^3","IMPDv1","IMPD_17174","charcoal","count","char","wet_sieve","particle","num","count","no_size","num","IMPDv1","measured",1,"IMPDv1",NA,"Lake Kirkpatrick",-45.02706,168.57374,570,"south",NA,NA,"sedlac",1648,0,NA,"McWethy,David,B.;Wilmshurst,Janet,M.;Whitlock,C.;Wood,Jamie,R.;McGlone,Matt,S.;. Lake Kirkpatrick. NOAA/WDS Paleoclimatology IMPD study 17174",NA,NA,NA,NA,NA,NA,NA,NA,NA,NA,NA,NA,NA,NA,"https://www.ncei.noaa.gov/access/paleo-search/study/17174",NA,NA,NA,NA,"noaa_study_id=17174; original pub in IMPD datafile header","IMPDv1:IMPD_17174",1648,"McWethy,David,B.",1,"McWethy","","David,B.",NA,NA,NA,NA,NA,NA,NA,NA,"IMPDv1:IMPD_17174",1648,"IMPDv1","IMPD_17174",NA,99,99,"cm",1,"Radiocarbon","AMS",575,15,NA,NA,"KCCAMS-102187",TRUE,NA,"NA Date is in uncalibrated radiocarbon years.","Lake Kirkpatrick_SIEVED","counted","NaN-NaN",NA,NA,"",575,560,590,575,99,1,"NA Date is in uncalibrated radiocarbon years.",". Cal curve: NA. Source DB: IMPDv1","Lacustrine","Carbon-14","Radiocarbon",-53.5,1482.5,"Calibrated radiocarbon years BP","sedimentary charcoal","Data Sourcing: IMPDv1","Sample Age Source: IMPDv1"
"1648",1,"charcoal | num",NA,1,NA,NA,-47.5,-57,-38,"IMPDv1","Charcoal (sum)","(additional options)",NA,NA,"False","False","number","Macroscopic charcoal (sieved)","direct",NA,"CHAR",4,NA,NA,"quant_raw",5,"volume","cm^3","IMPDv1","IMPD_17174","charcoal","count","char","wet_sieve","particle","num","count","no_size","num","IMPDv1","measured",1,"IMPDv1",NA,"Lake Kirkpatrick",-45.02706,168.57374,570,"south",NA,NA,"sedlac",1648,0,NA,"McWethy,David,B.;Wilmshurst,Janet,M.;Whitlock,C.;Wood,Jamie,R.;McGlone,Matt,S.;. Lake Kirkpatrick. NOAA/WDS Paleoclimatology IMPD study 17174",NA,NA,NA,NA,NA,NA,NA,NA,NA,NA,NA,NA,NA,NA,"https://www.ncei.noaa.gov/access/paleo-search/study/17174",NA,NA,NA,NA,"noaa_study_id=17174; original pub in IMPD datafile header","IMPDv1:IMPD_17174",1648,"McWethy,David,B.",1,"McWethy","","David,B.",NA,NA,NA,NA,NA,NA,NA,NA,"IMPDv1:IMPD_17174",1648,"IMPDv1","IMPD_17174",NA,99,99,"cm",1,"Radiocarbon","AMS",575,15,NA,NA,"KCCAMS-102187",TRUE,NA,"NA Date is in uncalibrated radiocarbon years.","Lake Kirkpatrick_SIEVED","counted","NaN-NaN",NA,NA,"",575,560,590,575,99,1,"NA Date is in uncalibrated radiocarbon years.",". Cal curve: NA. Source DB: IMPDv1","Lacustrine","Carbon-14","Radiocarbon",-53.5,1482.5,"Calibrated radiocarbon years BP","sedimentary charcoal","Data Sourcing: IMPDv1","Sample Age Source: IMPDv1"
"1648",2,"charcoal | num",NA,2,NA,NA,-41,-50,-32,"IMPDv1","Charcoal (sum)","(additional options)",NA,NA,"False","False","number","Macroscopic charcoal (sieved)","direct",NA,"CHAR",1,NA,NA,"quant_raw",5,"volume","cm^3","IMPDv1","IMPD_17174","charcoal","count","char","wet_sieve","particle","num","count","no_size","num","IMPDv1","measured",1,"IMPDv1",NA,"Lake Kirkpatrick",-45.02706,168.57374,570,"south",NA,NA,"sedlac",1648,0,NA,"McWethy,David,B.;Wilmshurst,Janet,M.;Whitlock,C.;Wood,Jamie,R.;McGlone,Matt,S.;. Lake Kirkpatrick. NOAA/WDS Paleoclimatology IMPD study 17174",NA,NA,NA,NA,NA,NA,NA,NA,NA,NA,NA,NA,NA,NA,"https://www.ncei.noaa.gov/access/paleo-search/study/17174",NA,NA,NA,NA,"noaa_study_id=17174; original pub in IMPD datafile header","IMPDv1:IMPD_17174",1648,"McWethy,David,B.",1,"McWethy","","David,B.",NA,NA,NA,NA,NA,NA,NA,NA,"IMPDv1:IMPD_17174",1648,"IMPDv1","IMPD_17174",NA,99,99,"cm",1,"Radiocarbon","AMS",575,15,NA,NA,"KCCAMS-102187",TRUE,NA,"NA Date is in uncalibrated radiocarbon years.","Lake Kirkpatrick_SIEVED","counted","NaN-NaN",NA,NA,"",575,560,590,575,99,1,"NA Date is in uncalibrated radiocarbon years.",". Cal curve: NA. Source DB: IMPDv1","Lacustrine","Carbon-14","Radiocarbon",-53.5,1482.5,"Calibrated radiocarbon years BP","sedimentary charcoal","Data Sourcing: IMPDv1","Sample Age Source: IMPDv1"
"1648",3,"charcoal | num",NA,3,NA,NA,-35,-44,-26,"IMPDv1","Charcoal (sum)","(additional options)",NA,NA,"False","False","number","Macroscopic charcoal (sieved)","direct",NA,"CHAR",2,NA,NA,"quant_raw",5,"volume","cm^3","IMPDv1","IMPD_17174","charcoal","count","char","wet_sieve","particle","num","count","no_size","num","IMPDv1","measured",1,"IMPDv1",NA,"Lake Kirkpatrick",-45.02706,168.57374,570,"south",NA,NA,"sedlac",1648,0,NA,"McWethy,David,B.;Wilmshurst,Janet,M.;Whitlock,C.;Wood,Jamie,R.;McGlone,Matt,S.;. Lake Kirkpatrick. NOAA/WDS Paleoclimatology IMPD study 17174",NA,NA,NA,NA,NA,NA,NA,NA,NA,NA,NA,NA,NA,NA,"https://www.ncei.noaa.gov/access/paleo-search/study/17174",NA,NA,NA,NA,"noaa_study_id=17174; original pub in IMPD datafile header","IMPDv1:IMPD_17174",1648,"McWethy,David,B.",1,"McWethy","","David,B.",NA,NA,NA,NA,NA,NA,NA,NA,"IMPDv1:IMPD_17174",1648,"IMPDv1","IMPD_17174",NA,99,99,"cm",1,"Radiocarbon","AMS",575,15,NA,NA,"KCCAMS-102187",TRUE,NA,"NA Date is in uncalibrated radiocarbon years.","Lake Kirkpatrick_SIEVED","counted","NaN-NaN",NA,NA,"",575,560,590,575,99,1,"NA Date is in uncalibrated radiocarbon years.",". Cal curve: NA. Source DB: IMPDv1","Lacustrine","Carbon-14","Radiocarbon",-53.5,1482.5,"Calibrated radiocarbon years BP","sedimentary charcoal","Data Sourcing: IMPDv1","Sample Age Source: IMPDv1"
"1648",4,"charcoal | num",NA,4,NA,NA,-29,-38,-20,"IMPDv1","Charcoal (sum)","(additional options)",NA,NA,"False","False","number","Macroscopic charcoal (sieved)","direct",NA,"CHAR",5,NA,NA,"quant_raw",5,"volume","cm^3","IMPDv1","IMPD_17174","charcoal","count","char","wet_sieve","particle","num","count","no_size","num","IMPDv1","measured",1,"IMPDv1",NA,"Lake Kirkpatrick",-45.02706,168.57374,570,"south",NA,NA,"sedlac",1648,0,NA,"McWethy,David,B.;Wilmshurst,Janet,M.;Whitlock,C.;Wood,Jamie,R.;McGlone,Matt,S.;. Lake Kirkpatrick. NOAA/WDS Paleoclimatology IMPD study 17174",NA,NA,NA,NA,NA,NA,NA,NA,NA,NA,NA,NA,NA,NA,"https://www.ncei.noaa.gov/access/paleo-search/study/17174",NA,NA,NA,NA,"noaa_study_id=17174; original pub in IMPD datafile header","IMPDv1:IMPD_17174",1648,"McWethy,David,B.",1,"McWethy","","David,B.",NA,NA,NA,NA,NA,NA,NA,NA,"IMPDv1:IMPD_17174",1648,"IMPDv1","IMPD_17174",NA,99,99,"cm",1,"Radiocarbon","AMS",575,15,NA,NA,"KCCAMS-102187",TRUE,NA,"NA Date is in uncalibrated radiocarbon years.","Lake Kirkpatrick_SIEVED","counted","NaN-NaN",NA,NA,"",575,560,590,575,99,1,"NA Date is in uncalibrated radiocarbon years.",". Cal curve: NA. Source DB: IMPDv1","Lacustrine","Carbon-14","Radiocarbon",-53.5,1482.5,"Calibrated radiocarbon years BP","sedimentary charcoal","Data Sourcing: IMPDv1","Sample Age Source: IMPDv1"
"1648",5,"charcoal | num",NA,5,NA,NA,-23,-32,-14,"IMPDv1","Charcoal (sum)","(additional options)",NA,NA,"False","False","number","Macroscopic charcoal (sieved)","direct",NA,"CHAR",4,NA,NA,"quant_raw",5,"volume","cm^3","IMPDv1","IMPD_17174","charcoal","count","char","wet_sieve","particle","num","count","no_size","num","IMPDv1","measured",1,"IMPDv1",NA,"Lake Kirkpatrick",-45.02706,168.57374,570,"south",NA,NA,"sedlac",1648,0,NA,"McWethy,David,B.;Wilmshurst,Janet,M.;Whitlock,C.;Wood,Jamie,R.;McGlone,Matt,S.;. Lake Kirkpatrick. NOAA/WDS Paleoclimatology IMPD study 17174",NA,NA,NA,NA,NA,NA,NA,NA,NA,NA,NA,NA,NA,NA,"https://www.ncei.noaa.gov/access/paleo-search/study/17174",NA,NA,NA,NA,"noaa_study_id=17174; original pub in IMPD datafile header","IMPDv1:IMPD_17174",1648,"McWethy,David,B.",1,"McWethy","","David,B.",NA,NA,NA,NA,NA,NA,NA,NA,"IMPDv1:IMPD_17174",1648,"IMPDv1","IMPD_17174",NA,99,99,"cm",1,"Radiocarbon","AMS",575,15,NA,NA,"KCCAMS-102187",TRUE,NA,"NA Date is in uncalibrated radiocarbon years.","Lake Kirkpatrick_SIEVED","counted","NaN-NaN",NA,NA,"",575,560,590,575,99,1,"NA Date is in uncalibrated radiocarbon years.",". Cal curve: NA. Source DB: IMPDv1","Lacustrine","Carbon-14","Radiocarbon",-53.5,1482.5,"Calibrated radiocarbon years BP","sedimentary charcoal","Data Sourcing: IMPDv1","Sample Age Source: IMPDv1"
"1648",6,"charcoal | num",NA,6,NA,NA,-17,-26,-8,"IMPDv1","Charcoal (sum)","(additional options)",NA,NA,"False","False","number","Macroscopic charcoal (sieved)","direct",NA,"CHAR",16,NA,NA,"quant_raw",5,"volume","cm^3","IMPDv1","IMPD_17174","charcoal","count","char","wet_sieve","particle","num","count","no_size","num","IMPDv1","measured",1,"IMPDv1",NA,"Lake Kirkpatrick",-45.02706,168.57374,570,"south",NA,NA,"sedlac",1648,0,NA,"McWethy,David,B.;Wilmshurst,Janet,M.;Whitlock,C.;Wood,Jamie,R.;McGlone,Matt,S.;. Lake Kirkpatrick. NOAA/WDS Paleoclimatology IMPD study 17174",NA,NA,NA,NA,NA,NA,NA,NA,NA,NA,NA,NA,NA,NA,"https://www.ncei.noaa.gov/access/paleo-search/study/17174",NA,NA,NA,NA,"noaa_study_id=17174; original pub in IMPD datafile header","IMPDv1:IMPD_17174",1648,"McWethy,David,B.",1,"McWethy","","David,B.",NA,NA,NA,NA,NA,NA,NA,NA,"IMPDv1:IMPD_17174",1648,"IMPDv1","IMPD_17174",NA,99,99,"cm",1,"Radiocarbon","AMS",575,15,NA,NA,"KCCAMS-102187",TRUE,NA,"NA Date is in uncalibrated radiocarbon years.","Lake Kirkpatrick_SIEVED","counted","NaN-NaN",NA,NA,"",575,560,590,575,99,1,"NA Date is in uncalibrated radiocarbon years.",". Cal curve: NA. Source DB: IMPDv1","Lacustrine","Carbon-14","Radiocarbon",-53.5,1482.5,"Calibrated radiocarbon years BP","sedimentary charcoal","Data Sourcing: IMPDv1","Sample Age Source: IMPDv1"
"1648",7,"charcoal | num",NA,7,NA,NA,-11,-20,-2,"IMPDv1","Charcoal (sum)","(additional options)",NA,NA,"False","False","number","Macroscopic charcoal (sieved)","direct",NA,"CHAR",30,NA,NA,"quant_raw",5,"volume","cm^3","IMPDv1","IMPD_17174","charcoal","count","char","wet_sieve","particle","num","count","no_size","num","IMPDv1","measured",1,"IMPDv1",NA,"Lake Kirkpatrick",-45.02706,168.57374,570,"south",NA,NA,"sedlac",1648,0,NA,"McWethy,David,B.;Wilmshurst,Janet,M.;Whitlock,C.;Wood,Jamie,R.;McGlone,Matt,S.;. Lake Kirkpatrick. NOAA/WDS Paleoclimatology IMPD study 17174",NA,NA,NA,NA,NA,NA,NA,NA,NA,NA,NA,NA,NA,NA,"https://www.ncei.noaa.gov/access/paleo-search/study/17174",NA,NA,NA,NA,"noaa_study_id=17174; original pub in IMPD datafile header","IMPDv1:IMPD_17174",1648,"McWethy,David,B.",1,"McWethy","","David,B.",NA,NA,NA,NA,NA,NA,NA,NA,"IMPDv1:IMPD_17174",1648,"IMPDv1","IMPD_17174",NA,99,99,"cm",1,"Radiocarbon","AMS",575,15,NA,NA,"KCCAMS-102187",TRUE,NA,"NA Date is in uncalibrated radiocarbon years.","Lake Kirkpatrick_SIEVED","counted","NaN-NaN",NA,NA,"",575,560,590,575,99,1,"NA Date is in uncalibrated radiocarbon years.",". Cal curve: NA. Source DB: IMPDv1","Lacustrine","Carbon-14","Radiocarbon",-53.5,1482.5,"Calibrated radiocarbon years BP","sedimentary charcoal","Data Sourcing: IMPDv1","Sample Age Source: IMPDv1"
"1648",8,"charcoal | num",NA,8,NA,NA,-5,-14,4,"IMPDv1","Charcoal (sum)","(additional options)",NA,NA,"False","False","number","Macroscopic charcoal (sieved)","direct",NA,"CHAR",21,NA,NA,"quant_raw",5,"volume","cm^3","IMPDv1","IMPD_17174","charcoal","count","char","wet_sieve","particle","num","count","no_size","num","IMPDv1","measured",1,"IMPDv1",NA,"Lake Kirkpatrick",-45.02706,168.57374,570,"south",NA,NA,"sedlac",1648,0,NA,"McWethy,David,B.;Wilmshurst,Janet,M.;Whitlock,C.;Wood,Jamie,R.;McGlone,Matt,S.;. Lake Kirkpatrick. NOAA/WDS Paleoclimatology IMPD study 17174",NA,NA,NA,NA,NA,NA,NA,NA,NA,NA,NA,NA,NA,NA,"https://www.ncei.noaa.gov/access/paleo-search/study/17174",NA,NA,NA,NA,"noaa_study_id=17174; original pub in IMPD datafile header","IMPDv1:IMPD_17174",1648,"McWethy,David,B.",1,"McWethy","","David,B.",NA,NA,NA,NA,NA,NA,NA,NA,"IMPDv1:IMPD_17174",1648,"IMPDv1","IMPD_17174",NA,99,99,"cm",1,"Radiocarbon","AMS",575,15,NA,NA,"KCCAMS-102187",TRUE,NA,"NA Date is in uncalibrated radiocarbon years.","Lake Kirkpatrick_SIEVED","counted","NaN-NaN",NA,NA,"",575,560,590,575,99,1,"NA Date is in uncalibrated radiocarbon years.",". Cal curve: NA. Source DB: IMPDv1","Lacustrine","Carbon-14","Radiocarbon",-53.5,1482.5,"Calibrated radiocarbon years BP","sedimentary charcoal","Data Sourcing: IMPDv1","Sample Age Source: IMPDv1"
"1648",9,"charcoal | num",NA,9,NA,NA,1,-8,10,"IMPDv1","Charcoal (sum)","(additional options)",NA,NA,"False","False","number","Macroscopic charcoal (sieved)","direct",NA,"CHAR",9,NA,NA,"quant_raw",5,"volume","cm^3","IMPDv1","IMPD_17174","charcoal","count","char","wet_sieve","particle","num","count","no_size","num","IMPDv1","measured",1,"IMPDv1",NA,"Lake Kirkpatrick",-45.02706,168.57374,570,"south",NA,NA,"sedlac",1648,0,NA,"McWethy,David,B.;Wilmshurst,Janet,M.;Whitlock,C.;Wood,Jamie,R.;McGlone,Matt,S.;. Lake Kirkpatrick. NOAA/WDS Paleoclimatology IMPD study 17174",NA,NA,NA,NA,NA,NA,NA,NA,NA,NA,NA,NA,NA,NA,"https://www.ncei.noaa.gov/access/paleo-search/study/17174",NA,NA,NA,NA,"noaa_study_id=17174; original pub in IMPD datafile header","IMPDv1:IMPD_17174",1648,"McWethy,David,B.",1,"McWethy","","David,B.",NA,NA,NA,NA,NA,NA,NA,NA,"IMPDv1:IMPD_17174",1648,"IMPDv1","IMPD_17174",NA,99,99,"cm",1,"Radiocarbon","AMS",575,15,NA,NA,"KCCAMS-102187",TRUE,NA,"NA Date is in uncalibrated radiocarbon years.","Lake Kirkpatrick_SIEVED","counted","NaN-NaN",NA,NA,"",575,560,590,575,99,1,"NA Date is in uncalibrated radiocarbon years.",". Cal curve: NA. Source DB: IMPDv1","Lacustrine","Carbon-14","Radiocarbon",-53.5,1482.5,"Calibrated radiocarbon years BP","sedimentary charcoal","Data Sourcing: IMPDv1","Sample Age Source: IMPDv1"
"1648",10,"charcoal | num",NA,10,NA,NA,7.5,-1,16,"IMPDv1","Charcoal (sum)","(additional options)",NA,NA,"False","False","number","Macroscopic charcoal (sieved)","direct",NA,"CHAR",10,NA,NA,"quant_raw",5,"volume","cm^3","IMPDv1","IMPD_17174","charcoal","count","char","wet_sieve","particle","num","count","no_size","num","IMPDv1","measured",1,"IMPDv1",NA,"Lake Kirkpatrick",-45.02706,168.57374,570,"south",NA,NA,"sedlac",1648,0,NA,"McWethy,David,B.;Wilmshurst,Janet,M.;Whitlock,C.;Wood,Jamie,R.;McGlone,Matt,S.;. Lake Kirkpatrick. NOAA/WDS Paleoclimatology IMPD study 17174",NA,NA,NA,NA,NA,NA,NA,NA,NA,NA,NA,NA,NA,NA,"https://www.ncei.noaa.gov/access/paleo-search/study/17174",NA,NA,NA,NA,"noaa_study_id=17174; original pub in IMPD datafile header","IMPDv1:IMPD_17174",1648,"McWethy,David,B.",1,"McWethy","","David,B.",NA,NA,NA,NA,NA,NA,NA,NA,"IMPDv1:IMPD_17174",1648,"IMPDv1","IMPD_17174",NA,99,99,"cm",1,"Radiocarbon","AMS",575,15,NA,NA,"KCCAMS-102187",TRUE,NA,"NA Date is in uncalibrated radiocarbon years.","Lake Kirkpatrick_SIEVED","counted","NaN-NaN",NA,NA,"",575,560,590,575,99,1,"NA Date is in uncalibrated radiocarbon years.",". Cal curve: NA. Source DB: IMPDv1","Lacustrine","Carbon-14","Radiocarbon",-53.5,1482.5,"Calibrated radiocarbon years BP","sedimentary charcoal","Data Sourcing: IMPDv1","Sample Age Source: IMPDv1"
"1648",11,"charcoal | num",NA,11,NA,NA,13.5,5,22,"IMPDv1","Charcoal (sum)","(additional options)",NA,NA,"False","False","number","Macroscopic charcoal (sieved)","direct",NA,"CHAR",7,NA,NA,"quant_raw",5,"volume","cm^3","IMPDv1","IMPD_17174","charcoal","count","char","wet_sieve","particle","num","count","no_size","num","IMPDv1","measured",1,"IMPDv1",NA,"Lake Kirkpatrick",-45.02706,168.57374,570,"south",NA,NA,"sedlac",1648,0,NA,"McWethy,David,B.;Wilmshurst,Janet,M.;Whitlock,C.;Wood,Jamie,R.;McGlone,Matt,S.;. Lake Kirkpatrick. NOAA/WDS Paleoclimatology IMPD study 17174",NA,NA,NA,NA,NA,NA,NA,NA,NA,NA,NA,NA,NA,NA,"https://www.ncei.noaa.gov/access/paleo-search/study/17174",NA,NA,NA,NA,"noaa_study_id=17174; original pub in IMPD datafile header","IMPDv1:IMPD_17174",1648,"McWethy,David,B.",1,"McWethy","","David,B.",NA,NA,NA,NA,NA,NA,NA,NA,"IMPDv1:IMPD_17174",1648,"IMPDv1","IMPD_17174",NA,99,99,"cm",1,"Radiocarbon","AMS",575,15,NA,NA,"KCCAMS-102187",TRUE,NA,"NA Date is in uncalibrated radiocarbon years.","Lake Kirkpatrick_SIEVED","counted","NaN-NaN",NA,NA,"",575,560,590,575,99,1,"NA Date is in uncalibrated radiocarbon years.",". Cal curve: NA. Source DB: IMPDv1","Lacustrine","Carbon-14","Radiocarbon",-53.5,1482.5,"Calibrated radiocarbon years BP","sedimentary charcoal","Data Sourcing: IMPDv1","Sample Age Source: IMPDv1"
"1648",12,"charcoal | num",NA,12,NA,NA,19.5,11,28,"IMPDv1","Charcoal (sum)","(additional options)",NA,NA,"False","False","number","Macroscopic charcoal (sieved)","direct",NA,"CHAR",7,NA,NA,"quant_raw",5,"volume","cm^3","IMPDv1","IMPD_17174","charcoal","count","char","wet_sieve","particle","num","count","no_size","num","IMPDv1","measured",1,"IMPDv1",NA,"Lake Kirkpatrick",-45.02706,168.57374,570,"south",NA,NA,"sedlac",1648,0,NA,"McWethy,David,B.;Wilmshurst,Janet,M.;Whitlock,C.;Wood,Jamie,R.;McGlone,Matt,S.;. Lake Kirkpatrick. NOAA/WDS Paleoclimatology IMPD study 17174",NA,NA,NA,NA,NA,NA,NA,NA,NA,NA,NA,NA,NA,NA,"https://www.ncei.noaa.gov/access/paleo-search/study/17174",NA,NA,NA,NA,"noaa_study_id=17174; original pub in IMPD datafile header","IMPDv1:IMPD_17174",1648,"McWethy,David,B.",1,"McWethy","","David,B.",NA,NA,NA,NA,NA,NA,NA,NA,"IMPDv1:IMPD_17174",1648,"IMPDv1","IMPD_17174",NA,99,99,"cm",1,"Radiocarbon","AMS",575,15,NA,NA,"KCCAMS-102187",TRUE,NA,"NA Date is in uncalibrated radiocarbon years.","Lake Kirkpatrick_SIEVED","counted","NaN-NaN",NA,NA,"",575,560,590,575,99,1,"NA Date is in uncalibrated radiocarbon years.",". Cal curve: NA. Source DB: IMPDv1","Lacustrine","Carbon-14","Radiocarbon",-53.5,1482.5,"Calibrated radiocarbon years BP","sedimentary charcoal","Data Sourcing: IMPDv1","Sample Age Source: IMPDv1"
"1648",13,"charcoal | num",NA,13,NA,NA,25.5,17,34,"IMPDv1","Charcoal (sum)","(additional options)",NA,NA,"False","False","number","Macroscopic charcoal (sieved)","direct",NA,"CHAR",10,NA,NA,"quant_raw",5,"volume","cm^3","IMPDv1","IMPD_17174","charcoal","count","char","wet_sieve","particle","num","count","no_size","num","IMPDv1","measured",1,"IMPDv1",NA,"Lake Kirkpatrick",-45.02706,168.57374,570,"south",NA,NA,"sedlac",1648,0,NA,"McWethy,David,B.;Wilmshurst,Janet,M.;Whitlock,C.;Wood,Jamie,R.;McGlone,Matt,S.;. Lake Kirkpatrick. NOAA/WDS Paleoclimatology IMPD study 17174",NA,NA,NA,NA,NA,NA,NA,NA,NA,NA,NA,NA,NA,NA,"https://www.ncei.noaa.gov/access/paleo-search/study/17174",NA,NA,NA,NA,"noaa_study_id=17174; original pub in IMPD datafile header","IMPDv1:IMPD_17174",1648,"McWethy,David,B.",1,"McWethy","","David,B.",NA,NA,NA,NA,NA,NA,NA,NA,"IMPDv1:IMPD_17174",1648,"IMPDv1","IMPD_17174",NA,99,99,"cm",1,"Radiocarbon","AMS",575,15,NA,NA,"KCCAMS-102187",TRUE,NA,"NA Date is in uncalibrated radiocarbon years.","Lake Kirkpatrick_SIEVED","counted","NaN-NaN",NA,NA,"",575,560,590,575,99,1,"NA Date is in uncalibrated radiocarbon years.",". Cal curve: NA. Source DB: IMPDv1","Lacustrine","Carbon-14","Radiocarbon",-53.5,1482.5,"Calibrated radiocarbon years BP","sedimentary charcoal","Data Sourcing: IMPDv1","Sample Age Source: IMPDv1"
"1648",14,"charcoal | num",NA,14,NA,NA,31.5,23,40,"IMPDv1","Charcoal (sum)","(additional options)",NA,NA,"False","False","number","Macroscopic charcoal (sieved)","direct",NA,"CHAR",32,NA,NA,"quant_raw",5,"volume","cm^3","IMPDv1","IMPD_17174","charcoal","count","char","wet_sieve","particle","num","count","no_size","num","IMPDv1","measured",1,"IMPDv1",NA,"Lake Kirkpatrick",-45.02706,168.57374,570,"south",NA,NA,"sedlac",1648,0,NA,"McWethy,David,B.;Wilmshurst,Janet,M.;Whitlock,C.;Wood,Jamie,R.;McGlone,Matt,S.;. Lake Kirkpatrick. NOAA/WDS Paleoclimatology IMPD study 17174",NA,NA,NA,NA,NA,NA,NA,NA,NA,NA,NA,NA,NA,NA,"https://www.ncei.noaa.gov/access/paleo-search/study/17174",NA,NA,NA,NA,"noaa_study_id=17174; original pub in IMPD datafile header","IMPDv1:IMPD_17174",1648,"McWethy,David,B.",1,"McWethy","","David,B.",NA,NA,NA,NA,NA,NA,NA,NA,"IMPDv1:IMPD_17174",1648,"IMPDv1","IMPD_17174",NA,104,104,"cm",1,"Radiocarbon","AMS",650,30,NA,NA,"KCCAMS-102188",TRUE,NA,"NA Date is in uncalibrated radiocarbon years.","Lake Kirkpatrick_SIEVED","counted","NaN-NaN",NA,NA,"",650,620,680,650,104,1,"NA Date is in uncalibrated radiocarbon years.",". Cal curve: NA. Source DB: IMPDv1","Lacustrine","Carbon-14","Radiocarbon",-53.5,1482.5,"Calibrated radiocarbon years BP","sedimentary charcoal","Data Sourcing: IMPDv1","Sample Age Source: IMPDv1"
"1648",15,"charcoal | num",NA,15,NA,NA,37.5,29,46,"IMPDv1","Charcoal (sum)","(additional options)",NA,NA,"False","False","number","Macroscopic charcoal (sieved)","direct",NA,"CHAR",83,NA,NA,"quant_raw",5,"volume","cm^3","IMPDv1","IMPD_17174","charcoal","count","char","wet_sieve","particle","num","count","no_size","num","IMPDv1","measured",1,"IMPDv1",NA,"Lake Kirkpatrick",-45.02706,168.57374,570,"south",NA,NA,"sedlac",1648,0,NA,"McWethy,David,B.;Wilmshurst,Janet,M.;Whitlock,C.;Wood,Jamie,R.;McGlone,Matt,S.;. Lake Kirkpatrick. NOAA/WDS Paleoclimatology IMPD study 17174",NA,NA,NA,NA,NA,NA,NA,NA,NA,NA,NA,NA,NA,NA,"https://www.ncei.noaa.gov/access/paleo-search/study/17174",NA,NA,NA,NA,"noaa_study_id=17174; original pub in IMPD datafile header","IMPDv1:IMPD_17174",1648,"McWethy,David,B.",1,"McWethy","","David,B.",NA,NA,NA,NA,NA,NA,NA,NA,"IMPDv1:IMPD_17174",1648,"IMPDv1","IMPD_17174",NA,104,104,"cm",1,"Radiocarbon","AMS",650,30,NA,NA,"KCCAMS-102188",TRUE,NA,"NA Date is in uncalibrated radiocarbon years.","Lake Kirkpatrick_SIEVED","counted","NaN-NaN",NA,NA,"",650,620,680,650,104,1,"NA Date is in uncalibrated radiocarbon years.",". Cal curve: NA. Source DB: IMPDv1","Lacustrine","Carbon-14","Radiocarbon",-53.5,1482.5,"Calibrated radiocarbon years BP","sedimentary charcoal","Data Sourcing: IMPDv1","Sample Age Source: IMPDv1"
"1648",16,"charcoal | num",NA,16,NA,NA,43.5,35,52,"IMPDv1","Charcoal (sum)","(additional options)",NA,NA,"False","False","number","Macroscopic charcoal (sieved)","direct",NA,"CHAR",11,NA,NA,"quant_raw",5,"volume","cm^3","IMPDv1","IMPD_17174","charcoal","count","char","wet_sieve","particle","num","count","no_size","num","IMPDv1","measured",1,"IMPDv1",NA,"Lake Kirkpatrick",-45.02706,168.57374,570,"south",NA,NA,"sedlac",1648,0,NA,"McWethy,David,B.;Wilmshurst,Janet,M.;Whitlock,C.;Wood,Jamie,R.;McGlone,Matt,S.;. Lake Kirkpatrick. NOAA/WDS Paleoclimatology IMPD study 17174",NA,NA,NA,NA,NA,NA,NA,NA,NA,NA,NA,NA,NA,NA,"https://www.ncei.noaa.gov/access/paleo-search/study/17174",NA,NA,NA,NA,"noaa_study_id=17174; original pub in IMPD datafile header","IMPDv1:IMPD_17174",1648,"McWethy,David,B.",1,"McWethy","","David,B.",NA,NA,NA,NA,NA,NA,NA,NA,"IMPDv1:IMPD_17174",1648,"IMPDv1","IMPD_17174",NA,104,104,"cm",1,"Radiocarbon","AMS",650,30,NA,NA,"KCCAMS-102188",TRUE,NA,"NA Date is in uncalibrated radiocarbon years.","Lake Kirkpatrick_SIEVED","counted","NaN-NaN",NA,NA,"",650,620,680,650,104,1,"NA Date is in uncalibrated radiocarbon years.",". Cal curve: NA. Source DB: IMPDv1","Lacustrine","Carbon-14","Radiocarbon",-53.5,1482.5,"Calibrated radiocarbon years BP","sedimentary charcoal","Data Sourcing: IMPDv1","Sample Age Source: IMPDv1"
"1648",17,"charcoal | num",NA,17,NA,NA,49.5,41,58,"IMPDv1","Charcoal (sum)","(additional options)",NA,NA,"False","False","number","Macroscopic charcoal (sieved)","direct",NA,"CHAR",12,NA,NA,"quant_raw",5,"volume","cm^3","IMPDv1","IMPD_17174","charcoal","count","char","wet_sieve","particle","num","count","no_size","num","IMPDv1","measured",1,"IMPDv1",NA,"Lake Kirkpatrick",-45.02706,168.57374,570,"south",NA,NA,"sedlac",1648,0,NA,"McWethy,David,B.;Wilmshurst,Janet,M.;Whitlock,C.;Wood,Jamie,R.;McGlone,Matt,S.;. Lake Kirkpatrick. NOAA/WDS Paleoclimatology IMPD study 17174",NA,NA,NA,NA,NA,NA,NA,NA,NA,NA,NA,NA,NA,NA,"https://www.ncei.noaa.gov/access/paleo-search/study/17174",NA,NA,NA,NA,"noaa_study_id=17174; original pub in IMPD datafile header","IMPDv1:IMPD_17174",1648,"McWethy,David,B.",1,"McWethy","","David,B.",NA,NA,NA,NA,NA,NA,NA,NA,"IMPDv1:IMPD_17174",1648,"IMPDv1","IMPD_17174",NA,104,104,"cm",1,"Radiocarbon","AMS",650,30,NA,NA,"KCCAMS-102188",TRUE,NA,"NA Date is in uncalibrated radiocarbon years.","Lake Kirkpatrick_SIEVED","counted","NaN-NaN",NA,NA,"",650,620,680,650,104,1,"NA Date is in uncalibrated radiocarbon years.",". Cal curve: NA. Source DB: IMPDv1","Lacustrine","Carbon-14","Radiocarbon",-53.5,1482.5,"Calibrated radiocarbon years BP","sedimentary charcoal","Data Sourcing: IMPDv1","Sample Age Source: IMPDv1"
"1648",18,"charcoal | num",NA,18,NA,NA,55.5,47,64,"IMPDv1","Charcoal (sum)","(additional options)",NA,NA,"False","False","number","Macroscopic charcoal (sieved)","direct",NA,"CHAR",39,NA,NA,"quant_raw",5,"volume","cm^3","IMPDv1","IMPD_17174","charcoal","count","char","wet_sieve","particle","num","count","no_size","num","IMPDv1","measured",1,"IMPDv1",NA,"Lake Kirkpatrick",-45.02706,168.57374,570,"south",NA,NA,"sedlac",1648,0,NA,"McWethy,David,B.;Wilmshurst,Janet,M.;Whitlock,C.;Wood,Jamie,R.;McGlone,Matt,S.;. Lake Kirkpatrick. NOAA/WDS Paleoclimatology IMPD study 17174",NA,NA,NA,NA,NA,NA,NA,NA,NA,NA,NA,NA,NA,NA,"https://www.ncei.noaa.gov/access/paleo-search/study/17174",NA,NA,NA,NA,"noaa_study_id=17174; original pub in IMPD datafile header","IMPDv1:IMPD_17174",1648,"McWethy,David,B.",1,"McWethy","","David,B.",NA,NA,NA,NA,NA,NA,NA,NA,"IMPDv1:IMPD_17174",1648,"IMPDv1","IMPD_17174",NA,104,104,"cm",1,"Radiocarbon","AMS",650,30,NA,NA,"KCCAMS-102188",TRUE,NA,"NA Date is in uncalibrated radiocarbon years.","Lake Kirkpatrick_SIEVED","counted","NaN-NaN",NA,NA,"",650,620,680,650,104,1,"NA Date is in uncalibrated radiocarbon years.",". Cal curve: NA. Source DB: IMPDv1","Lacustrine","Carbon-14","Radiocarbon",-53.5,1482.5,"Calibrated radiocarbon years BP","sedimentary charcoal","Data Sourcing: IMPDv1","Sample Age Source: IMPDv1"
"1648",19,"charcoal | num",NA,19,NA,NA,61.5,53,70,"IMPDv1","Charcoal (sum)","(additional options)",NA,NA,"False","False","number","Macroscopic charcoal (sieved)","direct",NA,"CHAR",26,NA,NA,"quant_raw",5,"volume","cm^3","IMPDv1","IMPD_17174","charcoal","count","char","wet_sieve","particle","num","count","no_size","num","IMPDv1","measured",1,"IMPDv1",NA,"Lake Kirkpatrick",-45.02706,168.57374,570,"south",NA,NA,"sedlac",1648,0,NA,"McWethy,David,B.;Wilmshurst,Janet,M.;Whitlock,C.;Wood,Jamie,R.;McGlone,Matt,S.;. Lake Kirkpatrick. NOAA/WDS Paleoclimatology IMPD study 17174",NA,NA,NA,NA,NA,NA,NA,NA,NA,NA,NA,NA,NA,NA,"https://www.ncei.noaa.gov/access/paleo-search/study/17174",NA,NA,NA,NA,"noaa_study_id=17174; original pub in IMPD datafile header","IMPDv1:IMPD_17174",1648,"McWethy,David,B.",1,"McWethy","","David,B.",NA,NA,NA,NA,NA,NA,NA,NA,"IMPDv1:IMPD_17174",1648,"IMPDv1","IMPD_17174",NA,104,104,"cm",1,"Radiocarbon","AMS",650,30,NA,NA,"KCCAMS-102188",TRUE,NA,"NA Date is in uncalibrated radiocarbon years.","Lake Kirkpatrick_SIEVED","counted","NaN-NaN",NA,NA,"",650,620,680,650,104,1,"NA Date is in uncalibrated radiocarbon years.",". Cal curve: NA. Source DB: IMPDv1","Lacustrine","Carbon-14","Radiocarbon",-53.5,1482.5,"Calibrated radiocarbon years BP","sedimentary charcoal","Data Sourcing: IMPDv1","Sample Age Source: IMPDv1"
"1648",20,"charcoal | num",NA,20,NA,NA,67.5,59,76,"IMPDv1","Charcoal (sum)","(additional options)",NA,NA,"False","False","number","Macroscopic charcoal (sieved)","direct",NA,"CHAR",8,NA,NA,"quant_raw",5,"volume","cm^3","IMPDv1","IMPD_17174","charcoal","count","char","wet_sieve","particle","num","count","no_size","num","IMPDv1","measured",1,"IMPDv1",NA,"Lake Kirkpatrick",-45.02706,168.57374,570,"south",NA,NA,"sedlac",1648,0,NA,"McWethy,David,B.;Wilmshurst,Janet,M.;Whitlock,C.;Wood,Jamie,R.;McGlone,Matt,S.;. Lake Kirkpatrick. NOAA/WDS Paleoclimatology IMPD study 17174",NA,NA,NA,NA,NA,NA,NA,NA,NA,NA,NA,NA,NA,NA,"https://www.ncei.noaa.gov/access/paleo-search/study/17174",NA,NA,NA,NA,"noaa_study_id=17174; original pub in IMPD datafile header","IMPDv1:IMPD_17174",1648,"McWethy,David,B.",1,"McWethy","","David,B.",NA,NA,NA,NA,NA,NA,NA,NA,"IMPDv1:IMPD_17174",1648,"IMPDv1","IMPD_17174",NA,104,104,"cm",1,"Radiocarbon","AMS",650,30,NA,NA,"KCCAMS-102188",TRUE,NA,"NA Date is in uncalibrated radiocarbon years.","Lake Kirkpatrick_SIEVED","counted","NaN-NaN",NA,NA,"",650,620,680,650,104,1,"NA Date is in uncalibrated radiocarbon years.",". Cal curve: NA. Source DB: IMPDv1","Lacustrine","Carbon-14","Radiocarbon",-53.5,1482.5,"Calibrated radiocarbon years BP","sedimentary charcoal","Data Sourcing: IMPDv1","Sample Age Source: IMPDv1"
"1648",21,"charcoal | num",NA,21,NA,NA,73.5,65,82,"IMPDv1","Charcoal (sum)","(additional options)",NA,NA,"False","False","number","Macroscopic charcoal (sieved)","direct",NA,"CHAR",20,NA,NA,"quant_raw",5,"volume","cm^3","IMPDv1","IMPD_17174","charcoal","count","char","wet_sieve","particle","num","count","no_size","num","IMPDv1","measured",1,"IMPDv1",NA,"Lake Kirkpatrick",-45.02706,168.57374,570,"south",NA,NA,"sedlac",1648,0,NA,"McWethy,David,B.;Wilmshurst,Janet,M.;Whitlock,C.;Wood,Jamie,R.;McGlone,Matt,S.;. Lake Kirkpatrick. NOAA/WDS Paleoclimatology IMPD study 17174",NA,NA,NA,NA,NA,NA,NA,NA,NA,NA,NA,NA,NA,NA,"https://www.ncei.noaa.gov/access/paleo-search/study/17174",NA,NA,NA,NA,"noaa_study_id=17174; original pub in IMPD datafile header","IMPDv1:IMPD_17174",1648,"McWethy,David,B.",1,"McWethy","","David,B.",NA,NA,NA,NA,NA,NA,NA,NA,"IMPDv1:IMPD_17174",1648,"IMPDv1","IMPD_17174",NA,104,104,"cm",1,"Radiocarbon","AMS",650,30,NA,NA,"KCCAMS-102188",TRUE,NA,"NA Date is in uncalibrated radiocarbon years.","Lake Kirkpatrick_SIEVED","counted","NaN-NaN",NA,NA,"",650,620,680,650,104,1,"NA Date is in uncalibrated radiocarbon years.",". Cal curve: NA. Source DB: IMPDv1","Lacustrine","Carbon-14","Radiocarbon",-53.5,1482.5,"Calibrated radiocarbon years BP","sedimentary charcoal","Data Sourcing: IMPDv1","Sample Age Source: IMPDv1"
"1648",22,"charcoal | num",NA,22,NA,NA,79.5,71,88,"IMPDv1","Charcoal (sum)","(additional options)",NA,NA,"False","False","number","Macroscopic charcoal (sieved)","direct",NA,"CHAR",35,NA,NA,"quant_raw",5,"volume","cm^3","IMPDv1","IMPD_17174","charcoal","count","char","wet_sieve","particle","num","count","no_size","num","IMPDv1","measured",1,"IMPDv1",NA,"Lake Kirkpatrick",-45.02706,168.57374,570,"south",NA,NA,"sedlac",1648,0,NA,"McWethy,David,B.;Wilmshurst,Janet,M.;Whitlock,C.;Wood,Jamie,R.;McGlone,Matt,S.;. Lake Kirkpatrick. NOAA/WDS Paleoclimatology IMPD study 17174",NA,NA,NA,NA,NA,NA,NA,NA,NA,NA,NA,NA,NA,NA,"https://www.ncei.noaa.gov/access/paleo-search/study/17174",NA,NA,NA,NA,"noaa_study_id=17174; original pub in IMPD datafile header","IMPDv1:IMPD_17174",1648,"McWethy,David,B.",1,"McWethy","","David,B.",NA,NA,NA,NA,NA,NA,NA,NA,"IMPDv1:IMPD_17174",1648,"IMPDv1","IMPD_17174",NA,104,104,"cm",1,"Radiocarbon","AMS",650,30,NA,NA,"KCCAMS-102188",TRUE,NA,"NA Date is in uncalibrated radiocarbon years.","Lake Kirkpatrick_SIEVED","counted","NaN-NaN",NA,NA,"",650,620,680,650,104,1,"NA Date is in uncalibrated radiocarbon years.",". Cal curve: NA. Source DB: IMPDv1","Lacustrine","Carbon-14","Radiocarbon",-53.5,1482.5,"Calibrated radiocarbon years BP","sedimentary charcoal","Data Sourcing: IMPDv1","Sample Age Source: IMPDv1"
"1648",23,"charcoal | num",NA,23,NA,NA,85.5,77,94,"IMPDv1","Charcoal (sum)","(additional options)",NA,NA,"False","False","number","Macroscopic charcoal (sieved)","direct",NA,"CHAR",15,NA,NA,"quant_raw",5,"volume","cm^3","IMPDv1","IMPD_17174","charcoal","count","char","wet_sieve","particle","num","count","no_size","num","IMPDv1","measured",1,"IMPDv1",NA,"Lake Kirkpatrick",-45.02706,168.57374,570,"south",NA,NA,"sedlac",1648,0,NA,"McWethy,David,B.;Wilmshurst,Janet,M.;Whitlock,C.;Wood,Jamie,R.;McGlone,Matt,S.;. Lake Kirkpatrick. NOAA/WDS Paleoclimatology IMPD study 17174",NA,NA,NA,NA,NA,NA,NA,NA,NA,NA,NA,NA,NA,NA,"https://www.ncei.noaa.gov/access/paleo-search/study/17174",NA,NA,NA,NA,"noaa_study_id=17174; original pub in IMPD datafile header","IMPDv1:IMPD_17174",1648,"McWethy,David,B.",1,"McWethy","","David,B.",NA,NA,NA,NA,NA,NA,NA,NA,"IMPDv1:IMPD_17174",1648,"IMPDv1","IMPD_17174",NA,104,104,"cm",1,"Radiocarbon","AMS",650,30,NA,NA,"KCCAMS-102188",TRUE,NA,"NA Date is in uncalibrated radiocarbon years.","Lake Kirkpatrick_SIEVED","counted","NaN-NaN",NA,NA,"",650,620,680,650,104,1,"NA Date is in uncalibrated radiocarbon years.",". Cal curve: NA. Source DB: IMPDv1","Lacustrine","Carbon-14","Radiocarbon",-53.5,1482.5,"Calibrated radiocarbon years BP","sedimentary charcoal","Data Sourcing: IMPDv1","Sample Age Source: IMPDv1"
"1648",24,"charcoal | num",NA,24,NA,NA,91.5,83,100,"IMPDv1","Charcoal (sum)","(additional options)",NA,NA,"False","False","number","Macroscopic charcoal (sieved)","direct",NA,"CHAR",12,NA,NA,"quant_raw",5,"volume","cm^3","IMPDv1","IMPD_17174","charcoal","count","char","wet_sieve","particle","num","count","no_size","num","IMPDv1","measured",1,"IMPDv1",NA,"Lake Kirkpatrick",-45.02706,168.57374,570,"south",NA,NA,"sedlac",1648,0,NA,"McWethy,David,B.;Wilmshurst,Janet,M.;Whitlock,C.;Wood,Jamie,R.;McGlone,Matt,S.;. Lake Kirkpatrick. NOAA/WDS Paleoclimatology IMPD study 17174",NA,NA,NA,NA,NA,NA,NA,NA,NA,NA,NA,NA,NA,NA,"https://www.ncei.noaa.gov/access/paleo-search/study/17174",NA,NA,NA,NA,"noaa_study_id=17174; original pub in IMPD datafile header","IMPDv1:IMPD_17174",1648,"McWethy,David,B.",1,"McWethy","","David,B.",NA,NA,NA,NA,NA,NA,NA,NA,"IMPDv1:IMPD_17174",1648,"IMPDv1","IMPD_17174",NA,104,104,"cm",1,"Radiocarbon","AMS",650,30,NA,NA,"KCCAMS-102188",TRUE,NA,"NA Date is in uncalibrated radiocarbon years.","Lake Kirkpatrick_SIEVED","counted","NaN-NaN",NA,NA,"",650,620,680,650,104,1,"NA Date is in uncalibrated radiocarbon years.",". Cal curve: NA. Source DB: IMPDv1","Lacustrine","Carbon-14","Radiocarbon",-53.5,1482.5,"Calibrated radiocarbon years BP","sedimentary charcoal","Data Sourcing: IMPDv1","Sample Age Source: IMPDv1"
"1648",25,"charcoal | num",NA,25,NA,NA,97.5,89,106,"IMPDv1","Charcoal (sum)","(additional options)",NA,NA,"False","False","number","Macroscopic charcoal (sieved)","direct",NA,"CHAR",11,NA,NA,"quant_raw",5,"volume","cm^3","IMPDv1","IMPD_17174","charcoal","count","char","wet_sieve","particle","num","count","no_size","num","IMPDv1","measured",1,"IMPDv1",NA,"Lake Kirkpatrick",-45.02706,168.57374,570,"south",NA,NA,"sedlac",1648,0,NA,"McWethy,David,B.;Wilmshurst,Janet,M.;Whitlock,C.;Wood,Jamie,R.;McGlone,Matt,S.;. Lake Kirkpatrick. NOAA/WDS Paleoclimatology IMPD study 17174",NA,NA,NA,NA,NA,NA,NA,NA,NA,NA,NA,NA,NA,NA,"https://www.ncei.noaa.gov/access/paleo-search/study/17174",NA,NA,NA,NA,"noaa_study_id=17174; original pub in IMPD datafile header","IMPDv1:IMPD_17174",1648,"McWethy,David,B.",1,"McWethy","","David,B.",NA,NA,NA,NA,NA,NA,NA,NA,"IMPDv1:IMPD_17174",1648,"IMPDv1","IMPD_17174",NA,104,104,"cm",1,"Radiocarbon","AMS",650,30,NA,NA,"KCCAMS-102188",TRUE,NA,"NA Date is in uncalibrated radiocarbon years.","Lake Kirkpatrick_SIEVED","counted","NaN-NaN",NA,NA,"",650,620,680,650,104,1,"NA Date is in uncalibrated radiocarbon years.",". Cal curve: NA. Source DB: IMPDv1","Lacustrine","Carbon-14","Radiocarbon",-53.5,1482.5,"Calibrated radiocarbon years BP","sedimentary charcoal","Data Sourcing: IMPDv1","Sample Age Source: IMPDv1"
"1648",26,"charcoal | num",NA,26,NA,NA,103.5,95,112,"IMPDv1","Charcoal (sum)","(additional options)",NA,NA,"False","False","number","Macroscopic charcoal (sieved)","direct",NA,"CHAR",11,NA,NA,"quant_raw",5,"volume","cm^3","IMPDv1","IMPD_17174","charcoal","count","char","wet_sieve","particle","num","count","no_size","num","IMPDv1","measured",1,"IMPDv1",NA,"Lake Kirkpatrick",-45.02706,168.57374,570,"south",NA,NA,"sedlac",1648,0,NA,"McWethy,David,B.;Wilmshurst,Janet,M.;Whitlock,C.;Wood,Jamie,R.;McGlone,Matt,S.;. Lake Kirkpatrick. NOAA/WDS Paleoclimatology IMPD study 17174",NA,NA,NA,NA,NA,NA,NA,NA,NA,NA,NA,NA,NA,NA,"https://www.ncei.noaa.gov/access/paleo-search/study/17174",NA,NA,NA,NA,"noaa_study_id=17174; original pub in IMPD datafile header","IMPDv1:IMPD_17174",1648,"McWethy,David,B.",1,"McWethy","","David,B.",NA,NA,NA,NA,NA,NA,NA,NA,"IMPDv1:IMPD_17174",1648,"IMPDv1","IMPD_17174",NA,104,104,"cm",1,"Radiocarbon","AMS",650,30,NA,NA,"KCCAMS-102188",TRUE,NA,"NA Date is in uncalibrated radiocarbon years.","Lake Kirkpatrick_SIEVED","counted","NaN-NaN",NA,NA,"",650,620,680,650,104,1,"NA Date is in uncalibrated radiocarbon years.",". Cal curve: NA. Source DB: IMPDv1","Lacustrine","Carbon-14","Radiocarbon",-53.5,1482.5,"Calibrated radiocarbon years BP","sedimentary charcoal","Data Sourcing: IMPDv1","Sample Age Source: IMPDv1"
"1648",27,"charcoal | num",NA,27,NA,NA,109.5,101,118,"IMPDv1","Charcoal (sum)","(additional options)",NA,NA,"False","False","number","Macroscopic charcoal (sieved)","direct",NA,"CHAR",9,NA,NA,"quant_raw",5,"volume","cm^3","IMPDv1","IMPD_17174","charcoal","count","char","wet_sieve","particle","num","count","no_size","num","IMPDv1","measured",1,"IMPDv1",NA,"Lake Kirkpatrick",-45.02706,168.57374,570,"south",NA,NA,"sedlac",1648,0,NA,"McWethy,David,B.;Wilmshurst,Janet,M.;Whitlock,C.;Wood,Jamie,R.;McGlone,Matt,S.;. Lake Kirkpatrick. NOAA/WDS Paleoclimatology IMPD study 17174",NA,NA,NA,NA,NA,NA,NA,NA,NA,NA,NA,NA,NA,NA,"https://www.ncei.noaa.gov/access/paleo-search/study/17174",NA,NA,NA,NA,"noaa_study_id=17174; original pub in IMPD datafile header","IMPDv1:IMPD_17174",1648,"McWethy,David,B.",1,"McWethy","","David,B.",NA,NA,NA,NA,NA,NA,NA,NA,"IMPDv1:IMPD_17174",1648,"IMPDv1","IMPD_17174",NA,104,104,"cm",1,"Radiocarbon","AMS",650,30,NA,NA,"KCCAMS-102188",TRUE,NA,"NA Date is in uncalibrated radiocarbon years.","Lake Kirkpatrick_SIEVED","counted","NaN-NaN",NA,NA,"",650,620,680,650,104,1,"NA Date is in uncalibrated radiocarbon years.",". Cal curve: NA. Source DB: IMPDv1","Lacustrine","Carbon-14","Radiocarbon",-53.5,1482.5,"Calibrated radiocarbon years BP","sedimentary charcoal","Data Sourcing: IMPDv1","Sample Age Source: IMPDv1"
"1648",28,"charcoal | num",NA,28,NA,NA,115.5,107,124,"IMPDv1","Charcoal (sum)","(additional options)",NA,NA,"False","False","number","Macroscopic charcoal (sieved)","direct",NA,"CHAR",1,NA,NA,"quant_raw",5,"volume","cm^3","IMPDv1","IMPD_17174","charcoal","count","char","wet_sieve","particle","num","count","no_size","num","IMPDv1","measured",1,"IMPDv1",NA,"Lake Kirkpatrick",-45.02706,168.57374,570,"south",NA,NA,"sedlac",1648,0,NA,"McWethy,David,B.;Wilmshurst,Janet,M.;Whitlock,C.;Wood,Jamie,R.;McGlone,Matt,S.;. Lake Kirkpatrick. NOAA/WDS Paleoclimatology IMPD study 17174",NA,NA,NA,NA,NA,NA,NA,NA,NA,NA,NA,NA,NA,NA,"https://www.ncei.noaa.gov/access/paleo-search/study/17174",NA,NA,NA,NA,"noaa_study_id=17174; original pub in IMPD datafile header","IMPDv1:IMPD_17174",1648,"McWethy,David,B.",1,"McWethy","","David,B.",NA,NA,NA,NA,NA,NA,NA,NA,"IMPDv1:IMPD_17174",1648,"IMPDv1","IMPD_17174",NA,108,108,"cm",1,"Radiocarbon","AMS",680,20,NA,NA,"KCCAMS-102189",TRUE,NA,"NA Date is in uncalibrated radiocarbon years.","Lake Kirkpatrick_SIEVED","counted","NaN-NaN",NA,NA,"",680,660,700,680,108,1,"NA Date is in uncalibrated radiocarbon years.",". Cal curve: NA. Source DB: IMPDv1","Lacustrine","Carbon-14","Radiocarbon",-53.5,1482.5,"Calibrated radiocarbon years BP","sedimentary charcoal","Data Sourcing: IMPDv1","Sample Age Source: IMPDv1"
"1648",29,"charcoal | num",NA,29,NA,NA,121.5,113,130,"IMPDv1","Charcoal (sum)","(additional options)",NA,NA,"False","False","number","Macroscopic charcoal (sieved)","direct",NA,"CHAR",85,NA,NA,"quant_raw",5,"volume","cm^3","IMPDv1","IMPD_17174","charcoal","count","char","wet_sieve","particle","num","count","no_size","num","IMPDv1","measured",1,"IMPDv1",NA,"Lake Kirkpatrick",-45.02706,168.57374,570,"south",NA,NA,"sedlac",1648,0,NA,"McWethy,David,B.;Wilmshurst,Janet,M.;Whitlock,C.;Wood,Jamie,R.;McGlone,Matt,S.;. Lake Kirkpatrick. NOAA/WDS Paleoclimatology IMPD study 17174",NA,NA,NA,NA,NA,NA,NA,NA,NA,NA,NA,NA,NA,NA,"https://www.ncei.noaa.gov/access/paleo-search/study/17174",NA,NA,NA,NA,"noaa_study_id=17174; original pub in IMPD datafile header","IMPDv1:IMPD_17174",1648,"McWethy,David,B.",1,"McWethy","","David,B.",NA,NA,NA,NA,NA,NA,NA,NA,"IMPDv1:IMPD_17174",1648,"IMPDv1","IMPD_17174",NA,108,108,"cm",1,"Radiocarbon","AMS",680,20,NA,NA,"KCCAMS-102189",TRUE,NA,"NA Date is in uncalibrated radiocarbon years.","Lake Kirkpatrick_SIEVED","counted","NaN-NaN",NA,NA,"",680,660,700,680,108,1,"NA Date is in uncalibrated radiocarbon years.",". Cal curve: NA. Source DB: IMPDv1","Lacustrine","Carbon-14","Radiocarbon",-53.5,1482.5,"Calibrated radiocarbon years BP","sedimentary charcoal","Data Sourcing: IMPDv1","Sample Age Source: IMPDv1"
"1648",30,"charcoal | num",NA,30,NA,NA,127.5,119,136,"IMPDv1","Charcoal (sum)","(additional options)",NA,NA,"False","False","number","Macroscopic charcoal (sieved)","direct",NA,"CHAR",81,NA,NA,"quant_raw",5,"volume","cm^3","IMPDv1","IMPD_17174","charcoal","count","char","wet_sieve","particle","num","count","no_size","num","IMPDv1","measured",1,"IMPDv1",NA,"Lake Kirkpatrick",-45.02706,168.57374,570,"south",NA,NA,"sedlac",1648,0,NA,"McWethy,David,B.;Wilmshurst,Janet,M.;Whitlock,C.;Wood,Jamie,R.;McGlone,Matt,S.;. Lake Kirkpatrick. NOAA/WDS Paleoclimatology IMPD study 17174",NA,NA,NA,NA,NA,NA,NA,NA,NA,NA,NA,NA,NA,NA,"https://www.ncei.noaa.gov/access/paleo-search/study/17174",NA,NA,NA,NA,"noaa_study_id=17174; original pub in IMPD datafile header","IMPDv1:IMPD_17174",1648,"McWethy,David,B.",1,"McWethy","","David,B.",NA,NA,NA,NA,NA,NA,NA,NA,"IMPDv1:IMPD_17174",1648,"IMPDv1","IMPD_17174",NA,108,108,"cm",1,"Radiocarbon","AMS",680,20,NA,NA,"KCCAMS-102189",TRUE,NA,"NA Date is in uncalibrated radiocarbon years.","Lake Kirkpatrick_SIEVED","counted","NaN-NaN",NA,NA,"",680,660,700,680,108,1,"NA Date is in uncalibrated radiocarbon years.",". Cal curve: NA. Source DB: IMPDv1","Lacustrine","Carbon-14","Radiocarbon",-53.5,1482.5,"Calibrated radiocarbon years BP","sedimentary charcoal","Data Sourcing: IMPDv1","Sample Age Source: IMPDv1"
"1648",31,"charcoal | num",NA,31,NA,NA,133.5,125,142,"IMPDv1","Charcoal (sum)","(additional options)",NA,NA,"False","False","number","Macroscopic charcoal (sieved)","direct",NA,"CHAR",38,NA,NA,"quant_raw",5,"volume","cm^3","IMPDv1","IMPD_17174","charcoal","count","char","wet_sieve","particle","num","count","no_size","num","IMPDv1","measured",1,"IMPDv1",NA,"Lake Kirkpatrick",-45.02706,168.57374,570,"south",NA,NA,"sedlac",1648,0,NA,"McWethy,David,B.;Wilmshurst,Janet,M.;Whitlock,C.;Wood,Jamie,R.;McGlone,Matt,S.;. Lake Kirkpatrick. NOAA/WDS Paleoclimatology IMPD study 17174",NA,NA,NA,NA,NA,NA,NA,NA,NA,NA,NA,NA,NA,NA,"https://www.ncei.noaa.gov/access/paleo-search/study/17174",NA,NA,NA,NA,"noaa_study_id=17174; original pub in IMPD datafile header","IMPDv1:IMPD_17174",1648,"McWethy,David,B.",1,"McWethy","","David,B.",NA,NA,NA,NA,NA,NA,NA,NA,"IMPDv1:IMPD_17174",1648,"IMPDv1","IMPD_17174",NA,108,108,"cm",1,"Radiocarbon","AMS",680,20,NA,NA,"KCCAMS-102189",TRUE,NA,"NA Date is in uncalibrated radiocarbon years.","Lake Kirkpatrick_SIEVED","counted","NaN-NaN",NA,NA,"",680,660,700,680,108,1,"NA Date is in uncalibrated radiocarbon years.",". Cal curve: NA. Source DB: IMPDv1","Lacustrine","Carbon-14","Radiocarbon",-53.5,1482.5,"Calibrated radiocarbon years BP","sedimentary charcoal","Data Sourcing: IMPDv1","Sample Age Source: IMPDv1"
"1648",32,"charcoal | num",NA,32,NA,NA,139.5,131,148,"IMPDv1","Charcoal (sum)","(additional options)",NA,NA,"False","False","number","Macroscopic charcoal (sieved)","direct",NA,"CHAR",31,NA,NA,"quant_raw",5,"volume","cm^3","IMPDv1","IMPD_17174","charcoal","count","char","wet_sieve","particle","num","count","no_size","num","IMPDv1","measured",1,"IMPDv1",NA,"Lake Kirkpatrick",-45.02706,168.57374,570,"south",NA,NA,"sedlac",1648,0,NA,"McWethy,David,B.;Wilmshurst,Janet,M.;Whitlock,C.;Wood,Jamie,R.;McGlone,Matt,S.;. Lake Kirkpatrick. NOAA/WDS Paleoclimatology IMPD study 17174",NA,NA,NA,NA,NA,NA,NA,NA,NA,NA,NA,NA,NA,NA,"https://www.ncei.noaa.gov/access/paleo-search/study/17174",NA,NA,NA,NA,"noaa_study_id=17174; original pub in IMPD datafile header","IMPDv1:IMPD_17174",1648,"McWethy,David,B.",1,"McWethy","","David,B.",NA,NA,NA,NA,NA,NA,NA,NA,"IMPDv1:IMPD_17174",1648,"IMPDv1","IMPD_17174",NA,108,108,"cm",1,"Radiocarbon","AMS",680,20,NA,NA,"KCCAMS-102189",TRUE,NA,"NA Date is in uncalibrated radiocarbon years.","Lake Kirkpatrick_SIEVED","counted","NaN-NaN",NA,NA,"",680,660,700,680,108,1,"NA Date is in uncalibrated radiocarbon years.",". Cal curve: NA. Source DB: IMPDv1","Lacustrine","Carbon-14","Radiocarbon",-53.5,1482.5,"Calibrated radiocarbon years BP","sedimentary charcoal","Data Sourcing: IMPDv1","Sample Age Source: IMPDv1"
"1648",33,"charcoal | num",NA,33,NA,NA,145.5,137,154,"IMPDv1","Charcoal (sum)","(additional options)",NA,NA,"False","False","number","Macroscopic charcoal (sieved)","direct",NA,"CHAR",20,NA,NA,"quant_raw",5,"volume","cm^3","IMPDv1","IMPD_17174","charcoal","count","char","wet_sieve","particle","num","count","no_size","num","IMPDv1","measured",1,"IMPDv1",NA,"Lake Kirkpatrick",-45.02706,168.57374,570,"south",NA,NA,"sedlac",1648,0,NA,"McWethy,David,B.;Wilmshurst,Janet,M.;Whitlock,C.;Wood,Jamie,R.;McGlone,Matt,S.;. Lake Kirkpatrick. NOAA/WDS Paleoclimatology IMPD study 17174",NA,NA,NA,NA,NA,NA,NA,NA,NA,NA,NA,NA,NA,NA,"https://www.ncei.noaa.gov/access/paleo-search/study/17174",NA,NA,NA,NA,"noaa_study_id=17174; original pub in IMPD datafile header","IMPDv1:IMPD_17174",1648,"McWethy,David,B.",1,"McWethy","","David,B.",NA,NA,NA,NA,NA,NA,NA,NA,"IMPDv1:IMPD_17174",1648,"IMPDv1","IMPD_17174",NA,108,108,"cm",1,"Radiocarbon","AMS",680,20,NA,NA,"KCCAMS-102189",TRUE,NA,"NA Date is in uncalibrated radiocarbon years.","Lake Kirkpatrick_SIEVED","counted","NaN-NaN",NA,NA,"",680,660,700,680,108,1,"NA Date is in uncalibrated radiocarbon years.",". Cal curve: NA. Source DB: IMPDv1","Lacustrine","Carbon-14","Radiocarbon",-53.5,1482.5,"Calibrated radiocarbon years BP","sedimentary charcoal","Data Sourcing: IMPDv1","Sample Age Source: IMPDv1"
"1648",34,"charcoal | num",NA,34,NA,NA,151.5,143,160,"IMPDv1","Charcoal (sum)","(additional options)",NA,NA,"False","False","number","Macroscopic charcoal (sieved)","direct",NA,"CHAR",60,NA,NA,"quant_raw",5,"volume","cm^3","IMPDv1","IMPD_17174","charcoal","count","char","wet_sieve","particle","num","count","no_size","num","IMPDv1","measured",1,"IMPDv1",NA,"Lake Kirkpatrick",-45.02706,168.57374,570,"south",NA,NA,"sedlac",1648,0,NA,"McWethy,David,B.;Wilmshurst,Janet,M.;Whitlock,C.;Wood,Jamie,R.;McGlone,Matt,S.;. Lake Kirkpatrick. NOAA/WDS Paleoclimatology IMPD study 17174",NA,NA,NA,NA,NA,NA,NA,NA,NA,NA,NA,NA,NA,NA,"https://www.ncei.noaa.gov/access/paleo-search/study/17174",NA,NA,NA,NA,"noaa_study_id=17174; original pub in IMPD datafile header","IMPDv1:IMPD_17174",1648,"McWethy,David,B.",1,"McWethy","","David,B.",NA,NA,NA,NA,NA,NA,NA,NA,"IMPDv1:IMPD_17174",1648,"IMPDv1","IMPD_17174",NA,108,108,"cm",1,"Radiocarbon","AMS",680,20,NA,NA,"KCCAMS-102189",TRUE,NA,"NA Date is in uncalibrated radiocarbon years.","Lake Kirkpatrick_SIEVED","counted","NaN-NaN",NA,NA,"",680,660,700,680,108,1,"NA Date is in uncalibrated radiocarbon years.",". Cal curve: NA. Source DB: IMPDv1","Lacustrine","Carbon-14","Radiocarbon",-53.5,1482.5,"Calibrated radiocarbon years BP","sedimentary charcoal","Data Sourcing: IMPDv1","Sample Age Source: IMPDv1"
"1648",35,"charcoal | num",NA,35,NA,NA,157.5,149,166,"IMPDv1","Charcoal (sum)","(additional options)",NA,NA,"False","False","number","Macroscopic charcoal (sieved)","direct",NA,"CHAR",30,NA,NA,"quant_raw",5,"volume","cm^3","IMPDv1","IMPD_17174","charcoal","count","char","wet_sieve","particle","num","count","no_size","num","IMPDv1","measured",1,"IMPDv1",NA,"Lake Kirkpatrick",-45.02706,168.57374,570,"south",NA,NA,"sedlac",1648,0,NA,"McWethy,David,B.;Wilmshurst,Janet,M.;Whitlock,C.;Wood,Jamie,R.;McGlone,Matt,S.;. Lake Kirkpatrick. NOAA/WDS Paleoclimatology IMPD study 17174",NA,NA,NA,NA,NA,NA,NA,NA,NA,NA,NA,NA,NA,NA,"https://www.ncei.noaa.gov/access/paleo-search/study/17174",NA,NA,NA,NA,"noaa_study_id=17174; original pub in IMPD datafile header","IMPDv1:IMPD_17174",1648,"McWethy,David,B.",1,"McWethy","","David,B.",NA,NA,NA,NA,NA,NA,NA,NA,"IMPDv1:IMPD_17174",1648,"IMPDv1","IMPD_17174",NA,108,108,"cm",1,"Radiocarbon","AMS",680,20,NA,NA,"KCCAMS-102189",TRUE,NA,"NA Date is in uncalibrated radiocarbon years.","Lake Kirkpatrick_SIEVED","counted","NaN-NaN",NA,NA,"",680,660,700,680,108,1,"NA Date is in uncalibrated radiocarbon years.",". Cal curve: NA. Source DB: IMPDv1","Lacustrine","Carbon-14","Radiocarbon",-53.5,1482.5,"Calibrated radiocarbon years BP","sedimentary charcoal","Data Sourcing: IMPDv1","Sample Age Source: IMPDv1"
"1648",36,"charcoal | num",NA,36,NA,NA,163.5,155,172,"IMPDv1","Charcoal (sum)","(additional options)",NA,NA,"False","False","number","Macroscopic charcoal (sieved)","direct",NA,"CHAR",9,NA,NA,"quant_raw",5,"volume","cm^3","IMPDv1","IMPD_17174","charcoal","count","char","wet_sieve","particle","num","count","no_size","num","IMPDv1","measured",1,"IMPDv1",NA,"Lake Kirkpatrick",-45.02706,168.57374,570,"south",NA,NA,"sedlac",1648,0,NA,"McWethy,David,B.;Wilmshurst,Janet,M.;Whitlock,C.;Wood,Jamie,R.;McGlone,Matt,S.;. Lake Kirkpatrick. NOAA/WDS Paleoclimatology IMPD study 17174",NA,NA,NA,NA,NA,NA,NA,NA,NA,NA,NA,NA,NA,NA,"https://www.ncei.noaa.gov/access/paleo-search/study/17174",NA,NA,NA,NA,"noaa_study_id=17174; original pub in IMPD datafile header","IMPDv1:IMPD_17174",1648,"McWethy,David,B.",1,"McWethy","","David,B.",NA,NA,NA,NA,NA,NA,NA,NA,"IMPDv1:IMPD_17174",1648,"IMPDv1","IMPD_17174",NA,108,108,"cm",1,"Radiocarbon","AMS",680,20,NA,NA,"KCCAMS-102189",TRUE,NA,"NA Date is in uncalibrated radiocarbon years.","Lake Kirkpatrick_SIEVED","counted","NaN-NaN",NA,NA,"",680,660,700,680,108,1,"NA Date is in uncalibrated radiocarbon years.",". Cal curve: NA. Source DB: IMPDv1","Lacustrine","Carbon-14","Radiocarbon",-53.5,1482.5,"Calibrated radiocarbon years BP","sedimentary charcoal","Data Sourcing: IMPDv1","Sample Age Source: IMPDv1"
"1648",37,"charcoal | num",NA,37,NA,NA,169.5,161,178,"IMPDv1","Charcoal (sum)","(additional options)",NA,NA,"False","False","number","Macroscopic charcoal (sieved)","direct",NA,"CHAR",6,NA,NA,"quant_raw",5,"volume","cm^3","IMPDv1","IMPD_17174","charcoal","count","char","wet_sieve","particle","num","count","no_size","num","IMPDv1","measured",1,"IMPDv1",NA,"Lake Kirkpatrick",-45.02706,168.57374,570,"south",NA,NA,"sedlac",1648,0,NA,"McWethy,David,B.;Wilmshurst,Janet,M.;Whitlock,C.;Wood,Jamie,R.;McGlone,Matt,S.;. Lake Kirkpatrick. NOAA/WDS Paleoclimatology IMPD study 17174",NA,NA,NA,NA,NA,NA,NA,NA,NA,NA,NA,NA,NA,NA,"https://www.ncei.noaa.gov/access/paleo-search/study/17174",NA,NA,NA,NA,"noaa_study_id=17174; original pub in IMPD datafile header","IMPDv1:IMPD_17174",1648,"McWethy,David,B.",1,"McWethy","","David,B.",NA,NA,NA,NA,NA,NA,NA,NA,"IMPDv1:IMPD_17174",1648,"IMPDv1","IMPD_17174",NA,108,108,"cm",1,"Radiocarbon","AMS",680,20,NA,NA,"KCCAMS-102189",TRUE,NA,"NA Date is in uncalibrated radiocarbon years.","Lake Kirkpatrick_SIEVED","counted","NaN-NaN",NA,NA,"",680,660,700,680,108,1,"NA Date is in uncalibrated radiocarbon years.",". Cal curve: NA. Source DB: IMPDv1","Lacustrine","Carbon-14","Radiocarbon",-53.5,1482.5,"Calibrated radiocarbon years BP","sedimentary charcoal","Data Sourcing: IMPDv1","Sample Age Source: IMPDv1"
"1648",38,"charcoal | num",NA,38,NA,NA,175.5,167,184,"IMPDv1","Charcoal (sum)","(additional options)",NA,NA,"False","False","number","Macroscopic charcoal (sieved)","direct",NA,"CHAR",37,NA,NA,"quant_raw",5,"volume","cm^3","IMPDv1","IMPD_17174","charcoal","count","char","wet_sieve","particle","num","count","no_size","num","IMPDv1","measured",1,"IMPDv1",NA,"Lake Kirkpatrick",-45.02706,168.57374,570,"south",NA,NA,"sedlac",1648,0,NA,"McWethy,David,B.;Wilmshurst,Janet,M.;Whitlock,C.;Wood,Jamie,R.;McGlone,Matt,S.;. Lake Kirkpatrick. NOAA/WDS Paleoclimatology IMPD study 17174",NA,NA,NA,NA,NA,NA,NA,NA,NA,NA,NA,NA,NA,NA,"https://www.ncei.noaa.gov/access/paleo-search/study/17174",NA,NA,NA,NA,"noaa_study_id=17174; original pub in IMPD datafile header","IMPDv1:IMPD_17174",1648,"Wilmshurst,Janet,M.",1,"Wilmshurst","","Janet,M.",NA,NA,NA,NA,NA,NA,NA,NA,"IMPDv1:IMPD_17174",1648,"IMPDv1","IMPD_17174",NA,108,108,"cm",1,"Radiocarbon","AMS",680,20,NA,NA,"KCCAMS-102189",TRUE,NA,"NA Date is in uncalibrated radiocarbon years.","Lake Kirkpatrick_SIEVED","counted","NaN-NaN",NA,NA,"",680,660,700,680,108,1,"NA Date is in uncalibrated radiocarbon years.",". Cal curve: NA. Source DB: IMPDv1","Lacustrine","Carbon-14","Radiocarbon",-53.5,1482.5,"Calibrated radiocarbon years BP","sedimentary charcoal","Data Sourcing: IMPDv1","Sample Age Source: IMPDv1"
"1648",39,"charcoal | num",NA,39,NA,NA,181.5,173,190,"IMPDv1","Charcoal (sum)","(additional options)",NA,NA,"False","False","number","Macroscopic charcoal (sieved)","direct",NA,"CHAR",15,NA,NA,"quant_raw",5,"volume","cm^3","IMPDv1","IMPD_17174","charcoal","count","char","wet_sieve","particle","num","count","no_size","num","IMPDv1","measured",1,"IMPDv1",NA,"Lake Kirkpatrick",-45.02706,168.57374,570,"south",NA,NA,"sedlac",1648,0,NA,"McWethy,David,B.;Wilmshurst,Janet,M.;Whitlock,C.;Wood,Jamie,R.;McGlone,Matt,S.;. Lake Kirkpatrick. NOAA/WDS Paleoclimatology IMPD study 17174",NA,NA,NA,NA,NA,NA,NA,NA,NA,NA,NA,NA,NA,NA,"https://www.ncei.noaa.gov/access/paleo-search/study/17174",NA,NA,NA,NA,"noaa_study_id=17174; original pub in IMPD datafile header","IMPDv1:IMPD_17174",1648,"Wilmshurst,Janet,M.",1,"Wilmshurst","","Janet,M.",NA,NA,NA,NA,NA,NA,NA,NA,"IMPDv1:IMPD_17174",1648,"IMPDv1","IMPD_17174",NA,108,108,"cm",1,"Radiocarbon","AMS",680,20,NA,NA,"KCCAMS-102189",TRUE,NA,"NA Date is in uncalibrated radiocarbon years.","Lake Kirkpatrick_SIEVED","counted","NaN-NaN",NA,NA,"",680,660,700,680,108,1,"NA Date is in uncalibrated radiocarbon years.",". Cal curve: NA. Source DB: IMPDv1","Lacustrine","Carbon-14","Radiocarbon",-53.5,1482.5,"Calibrated radiocarbon years BP","sedimentary charcoal","Data Sourcing: IMPDv1","Sample Age Source: IMPDv1"
"1648",40,"charcoal | num",NA,40,NA,NA,187.5,179,196,"IMPDv1","Charcoal (sum)","(additional options)",NA,NA,"False","False","number","Macroscopic charcoal (sieved)","direct",NA,"CHAR",11,NA,NA,"quant_raw",5,"volume","cm^3","IMPDv1","IMPD_17174","charcoal","count","char","wet_sieve","particle","num","count","no_size","num","IMPDv1","measured",1,"IMPDv1",NA,"Lake Kirkpatrick",-45.02706,168.57374,570,"south",NA,NA,"sedlac",1648,0,NA,"McWethy,David,B.;Wilmshurst,Janet,M.;Whitlock,C.;Wood,Jamie,R.;McGlone,Matt,S.;. Lake Kirkpatrick. NOAA/WDS Paleoclimatology IMPD study 17174",NA,NA,NA,NA,NA,NA,NA,NA,NA,NA,NA,NA,NA,NA,"https://www.ncei.noaa.gov/access/paleo-search/study/17174",NA,NA,NA,NA,"noaa_study_id=17174; original pub in IMPD datafile header","IMPDv1:IMPD_17174",1648,"Wilmshurst,Janet,M.",1,"Wilmshurst","","Janet,M.",NA,NA,NA,NA,NA,NA,NA,NA,"IMPDv1:IMPD_17174",1648,"IMPDv1","IMPD_17174",NA,108,108,"cm",1,"Radiocarbon","AMS",680,20,NA,NA,"KCCAMS-102189",TRUE,NA,"NA Date is in uncalibrated radiocarbon years.","Lake Kirkpatrick_SIEVED","counted","NaN-NaN",NA,NA,"",680,660,700,680,108,1,"NA Date is in uncalibrated radiocarbon years.",". Cal curve: NA. Source DB: IMPDv1","Lacustrine","Carbon-14","Radiocarbon",-53.5,1482.5,"Calibrated radiocarbon years BP","sedimentary charcoal","Data Sourcing: IMPDv1","Sample Age Source: IMPDv1"
"1648",41,"charcoal | num",NA,41,NA,NA,194,185,203,"IMPDv1","Charcoal (sum)","(additional options)",NA,NA,"False","False","number","Macroscopic charcoal (sieved)","direct",NA,"CHAR",2,NA,NA,"quant_raw",5,"volume","cm^3","IMPDv1","IMPD_17174","charcoal","count","char","wet_sieve","particle","num","count","no_size","num","IMPDv1","measured",1,"IMPDv1",NA,"Lake Kirkpatrick",-45.02706,168.57374,570,"south",NA,NA,"sedlac",1648,0,NA,"McWethy,David,B.;Wilmshurst,Janet,M.;Whitlock,C.;Wood,Jamie,R.;McGlone,Matt,S.;. Lake Kirkpatrick. NOAA/WDS Paleoclimatology IMPD study 17174",NA,NA,NA,NA,NA,NA,NA,NA,NA,NA,NA,NA,NA,NA,"https://www.ncei.noaa.gov/access/paleo-search/study/17174",NA,NA,NA,NA,"noaa_study_id=17174; original pub in IMPD datafile header","IMPDv1:IMPD_17174",1648,"Wilmshurst,Janet,M.",1,"Wilmshurst","","Janet,M.",NA,NA,NA,NA,NA,NA,NA,NA,"IMPDv1:IMPD_17174",1648,"IMPDv1","IMPD_17174",NA,108,108,"cm",1,"Radiocarbon","AMS",680,20,NA,NA,"KCCAMS-102189",TRUE,NA,"NA Date is in uncalibrated radiocarbon years.","Lake Kirkpatrick_SIEVED","counted","NaN-NaN",NA,NA,"",680,660,700,680,108,1,"NA Date is in uncalibrated radiocarbon years.",". Cal curve: NA. Source DB: IMPDv1","Lacustrine","Carbon-14","Radiocarbon",-53.5,1482.5,"Calibrated radiocarbon years BP","sedimentary charcoal","Data Sourcing: IMPDv1","Sample Age Source: IMPDv1"
"1648",42,"charcoal | num",NA,42,NA,NA,200,191,209,"IMPDv1","Charcoal (sum)","(additional options)",NA,NA,"False","False","number","Macroscopic charcoal (sieved)","direct",NA,"CHAR",1,NA,NA,"quant_raw",5,"volume","cm^3","IMPDv1","IMPD_17174","charcoal","count","char","wet_sieve","particle","num","count","no_size","num","IMPDv1","measured",1,"IMPDv1",NA,"Lake Kirkpatrick",-45.02706,168.57374,570,"south",NA,NA,"sedlac",1648,0,NA,"McWethy,David,B.;Wilmshurst,Janet,M.;Whitlock,C.;Wood,Jamie,R.;McGlone,Matt,S.;. Lake Kirkpatrick. NOAA/WDS Paleoclimatology IMPD study 17174",NA,NA,NA,NA,NA,NA,NA,NA,NA,NA,NA,NA,NA,NA,"https://www.ncei.noaa.gov/access/paleo-search/study/17174",NA,NA,NA,NA,"noaa_study_id=17174; original pub in IMPD datafile header","IMPDv1:IMPD_17174",1648,"Wilmshurst,Janet,M.",1,"Wilmshurst","","Janet,M.",NA,NA,NA,NA,NA,NA,NA,NA,"IMPDv1:IMPD_17174",1648,"IMPDv1","IMPD_17174",NA,109,109,"cm",1,"Radiocarbon","AMS",640,15,NA,NA,"KCCAMS-102190",TRUE,NA,"NA Date is in uncalibrated radiocarbon years.","Lake Kirkpatrick_SIEVED","counted","NaN-NaN",NA,NA,"",640,625,655,640,109,1,"NA Date is in uncalibrated radiocarbon years.",". Cal curve: NA. Source DB: IMPDv1","Lacustrine","Carbon-14","Radiocarbon",-53.5,1482.5,"Calibrated radiocarbon years BP","sedimentary charcoal","Data Sourcing: IMPDv1","Sample Age Source: IMPDv1"
"1648",43,"charcoal | num",NA,43,NA,NA,206,197,215,"IMPDv1","Charcoal (sum)","(additional options)",NA,NA,"False","False","number","Macroscopic charcoal (sieved)","direct",NA,"CHAR",8,NA,NA,"quant_raw",5,"volume","cm^3","IMPDv1","IMPD_17174","charcoal","count","char","wet_sieve","particle","num","count","no_size","num","IMPDv1","measured",1,"IMPDv1",NA,"Lake Kirkpatrick",-45.02706,168.57374,570,"south",NA,NA,"sedlac",1648,0,NA,"McWethy,David,B.;Wilmshurst,Janet,M.;Whitlock,C.;Wood,Jamie,R.;McGlone,Matt,S.;. Lake Kirkpatrick. NOAA/WDS Paleoclimatology IMPD study 17174",NA,NA,NA,NA,NA,NA,NA,NA,NA,NA,NA,NA,NA,NA,"https://www.ncei.noaa.gov/access/paleo-search/study/17174",NA,NA,NA,NA,"noaa_study_id=17174; original pub in IMPD datafile header","IMPDv1:IMPD_17174",1648,"Wilmshurst,Janet,M.",1,"Wilmshurst","","Janet,M.",NA,NA,NA,NA,NA,NA,NA,NA,"IMPDv1:IMPD_17174",1648,"IMPDv1","IMPD_17174",NA,109,109,"cm",1,"Radiocarbon","AMS",640,15,NA,NA,"KCCAMS-102190",TRUE,NA,"NA Date is in uncalibrated radiocarbon years.","Lake Kirkpatrick_SIEVED","counted","NaN-NaN",NA,NA,"",640,625,655,640,109,1,"NA Date is in uncalibrated radiocarbon years.",". Cal curve: NA. Source DB: IMPDv1","Lacustrine","Carbon-14","Radiocarbon",-53.5,1482.5,"Calibrated radiocarbon years BP","sedimentary charcoal","Data Sourcing: IMPDv1","Sample Age Source: IMPDv1"
"1648",44,"charcoal | num",NA,44,NA,NA,212,203,221,"IMPDv1","Charcoal (sum)","(additional options)",NA,NA,"False","False","number","Macroscopic charcoal (sieved)","direct",NA,"CHAR",6,NA,NA,"quant_raw",5,"volume","cm^3","IMPDv1","IMPD_17174","charcoal","count","char","wet_sieve","particle","num","count","no_size","num","IMPDv1","measured",1,"IMPDv1",NA,"Lake Kirkpatrick",-45.02706,168.57374,570,"south",NA,NA,"sedlac",1648,0,NA,"McWethy,David,B.;Wilmshurst,Janet,M.;Whitlock,C.;Wood,Jamie,R.;McGlone,Matt,S.;. Lake Kirkpatrick. NOAA/WDS Paleoclimatology IMPD study 17174",NA,NA,NA,NA,NA,NA,NA,NA,NA,NA,NA,NA,NA,NA,"https://www.ncei.noaa.gov/access/paleo-search/study/17174",NA,NA,NA,NA,"noaa_study_id=17174; original pub in IMPD datafile header","IMPDv1:IMPD_17174",1648,"Wilmshurst,Janet,M.",1,"Wilmshurst","","Janet,M.",NA,NA,NA,NA,NA,NA,NA,NA,"IMPDv1:IMPD_17174",1648,"IMPDv1","IMPD_17174",NA,109,109,"cm",1,"Radiocarbon","AMS",640,15,NA,NA,"KCCAMS-102190",TRUE,NA,"NA Date is in uncalibrated radiocarbon years.","Lake Kirkpatrick_SIEVED","counted","NaN-NaN",NA,NA,"",640,625,655,640,109,1,"NA Date is in uncalibrated radiocarbon years.",". Cal curve: NA. Source DB: IMPDv1","Lacustrine","Carbon-14","Radiocarbon",-53.5,1482.5,"Calibrated radiocarbon years BP","sedimentary charcoal","Data Sourcing: IMPDv1","Sample Age Source: IMPDv1"
"1648",45,"charcoal | num",NA,45,NA,NA,218,209,227,"IMPDv1","Charcoal (sum)","(additional options)",NA,NA,"False","False","number","Macroscopic charcoal (sieved)","direct",NA,"CHAR",10,NA,NA,"quant_raw",5,"volume","cm^3","IMPDv1","IMPD_17174","charcoal","count","char","wet_sieve","particle","num","count","no_size","num","IMPDv1","measured",1,"IMPDv1",NA,"Lake Kirkpatrick",-45.02706,168.57374,570,"south",NA,NA,"sedlac",1648,0,NA,"McWethy,David,B.;Wilmshurst,Janet,M.;Whitlock,C.;Wood,Jamie,R.;McGlone,Matt,S.;. Lake Kirkpatrick. NOAA/WDS Paleoclimatology IMPD study 17174",NA,NA,NA,NA,NA,NA,NA,NA,NA,NA,NA,NA,NA,NA,"https://www.ncei.noaa.gov/access/paleo-search/study/17174",NA,NA,NA,NA,"noaa_study_id=17174; original pub in IMPD datafile header","IMPDv1:IMPD_17174",1648,"Wilmshurst,Janet,M.",1,"Wilmshurst","","Janet,M.",NA,NA,NA,NA,NA,NA,NA,NA,"IMPDv1:IMPD_17174",1648,"IMPDv1","IMPD_17174",NA,109,109,"cm",1,"Radiocarbon","AMS",640,15,NA,NA,"KCCAMS-102190",TRUE,NA,"NA Date is in uncalibrated radiocarbon years.","Lake Kirkpatrick_SIEVED","counted","NaN-NaN",NA,NA,"",640,625,655,640,109,1,"NA Date is in uncalibrated radiocarbon years.",". Cal curve: NA. Source DB: IMPDv1","Lacustrine","Carbon-14","Radiocarbon",-53.5,1482.5,"Calibrated radiocarbon years BP","sedimentary charcoal","Data Sourcing: IMPDv1","Sample Age Source: IMPDv1"
"1648",46,"charcoal | num",NA,46,NA,NA,224,215,233,"IMPDv1","Charcoal (sum)","(additional options)",NA,NA,"False","False","number","Macroscopic charcoal (sieved)","direct",NA,"CHAR",3,NA,NA,"quant_raw",5,"volume","cm^3","IMPDv1","IMPD_17174","charcoal","count","char","wet_sieve","particle","num","count","no_size","num","IMPDv1","measured",1,"IMPDv1",NA,"Lake Kirkpatrick",-45.02706,168.57374,570,"south",NA,NA,"sedlac",1648,0,NA,"McWethy,David,B.;Wilmshurst,Janet,M.;Whitlock,C.;Wood,Jamie,R.;McGlone,Matt,S.;. Lake Kirkpatrick. NOAA/WDS Paleoclimatology IMPD study 17174",NA,NA,NA,NA,NA,NA,NA,NA,NA,NA,NA,NA,NA,NA,"https://www.ncei.noaa.gov/access/paleo-search/study/17174",NA,NA,NA,NA,"noaa_study_id=17174; original pub in IMPD datafile header","IMPDv1:IMPD_17174",1648,"Wilmshurst,Janet,M.",1,"Wilmshurst","","Janet,M.",NA,NA,NA,NA,NA,NA,NA,NA,"IMPDv1:IMPD_17174",1648,"IMPDv1","IMPD_17174",NA,109,109,"cm",1,"Radiocarbon","AMS",640,15,NA,NA,"KCCAMS-102190",TRUE,NA,"NA Date is in uncalibrated radiocarbon years.","Lake Kirkpatrick_SIEVED","counted","NaN-NaN",NA,NA,"",640,625,655,640,109,1,"NA Date is in uncalibrated radiocarbon years.",". Cal curve: NA. Source DB: IMPDv1","Lacustrine","Carbon-14","Radiocarbon",-53.5,1482.5,"Calibrated radiocarbon years BP","sedimentary charcoal","Data Sourcing: IMPDv1","Sample Age Source: IMPDv1"
"1648",47,"charcoal | num",NA,47,NA,NA,230,221,239,"IMPDv1","Charcoal (sum)","(additional options)",NA,NA,"False","False","number","Macroscopic charcoal (sieved)","direct",NA,"CHAR",17,NA,NA,"quant_raw",5,"volume","cm^3","IMPDv1","IMPD_17174","charcoal","count","char","wet_sieve","particle","num","count","no_size","num","IMPDv1","measured",1,"IMPDv1",NA,"Lake Kirkpatrick",-45.02706,168.57374,570,"south",NA,NA,"sedlac",1648,0,NA,"McWethy,David,B.;Wilmshurst,Janet,M.;Whitlock,C.;Wood,Jamie,R.;McGlone,Matt,S.;. Lake Kirkpatrick. NOAA/WDS Paleoclimatology IMPD study 17174",NA,NA,NA,NA,NA,NA,NA,NA,NA,NA,NA,NA,NA,NA,"https://www.ncei.noaa.gov/access/paleo-search/study/17174",NA,NA,NA,NA,"noaa_study_id=17174; original pub in IMPD datafile header","IMPDv1:IMPD_17174",1648,"Wilmshurst,Janet,M.",1,"Wilmshurst","","Janet,M.",NA,NA,NA,NA,NA,NA,NA,NA,"IMPDv1:IMPD_17174",1648,"IMPDv1","IMPD_17174",NA,109,109,"cm",1,"Radiocarbon","AMS",640,15,NA,NA,"KCCAMS-102190",TRUE,NA,"NA Date is in uncalibrated radiocarbon years.","Lake Kirkpatrick_SIEVED","counted","NaN-NaN",NA,NA,"",640,625,655,640,109,1,"NA Date is in uncalibrated radiocarbon years.",". Cal curve: NA. Source DB: IMPDv1","Lacustrine","Carbon-14","Radiocarbon",-53.5,1482.5,"Calibrated radiocarbon years BP","sedimentary charcoal","Data Sourcing: IMPDv1","Sample Age Source: IMPDv1"
"1648",48,"charcoal | num",NA,48,NA,NA,236,227,245,"IMPDv1","Charcoal (sum)","(additional options)",NA,NA,"False","False","number","Macroscopic charcoal (sieved)","direct",NA,"CHAR",23,NA,NA,"quant_raw",5,"volume","cm^3","IMPDv1","IMPD_17174","charcoal","count","char","wet_sieve","particle","num","count","no_size","num","IMPDv1","measured",1,"IMPDv1",NA,"Lake Kirkpatrick",-45.02706,168.57374,570,"south",NA,NA,"sedlac",1648,0,NA,"McWethy,David,B.;Wilmshurst,Janet,M.;Whitlock,C.;Wood,Jamie,R.;McGlone,Matt,S.;. Lake Kirkpatrick. NOAA/WDS Paleoclimatology IMPD study 17174",NA,NA,NA,NA,NA,NA,NA,NA,NA,NA,NA,NA,NA,NA,"https://www.ncei.noaa.gov/access/paleo-search/study/17174",NA,NA,NA,NA,"noaa_study_id=17174; original pub in IMPD datafile header","IMPDv1:IMPD_17174",1648,"Wilmshurst,Janet,M.",1,"Wilmshurst","","Janet,M.",NA,NA,NA,NA,NA,NA,NA,NA,"IMPDv1:IMPD_17174",1648,"IMPDv1","IMPD_17174",NA,109,109,"cm",1,"Radiocarbon","AMS",640,15,NA,NA,"KCCAMS-102190",TRUE,NA,"NA Date is in uncalibrated radiocarbon years.","Lake Kirkpatrick_SIEVED","counted","NaN-NaN",NA,NA,"",640,625,655,640,109,1,"NA Date is in uncalibrated radiocarbon years.",". Cal curve: NA. Source DB: IMPDv1","Lacustrine","Carbon-14","Radiocarbon",-53.5,1482.5,"Calibrated radiocarbon years BP","sedimentary charcoal","Data Sourcing: IMPDv1","Sample Age Source: IMPDv1"
"1648",49,"charcoal | num",NA,49,NA,NA,242,233,251,"IMPDv1","Charcoal (sum)","(additional options)",NA,NA,"False","False","number","Macroscopic charcoal (sieved)","direct",NA,"CHAR",21,NA,NA,"quant_raw",5,"volume","cm^3","IMPDv1","IMPD_17174","charcoal","count","char","wet_sieve","particle","num","count","no_size","num","IMPDv1","measured",1,"IMPDv1",NA,"Lake Kirkpatrick",-45.02706,168.57374,570,"south",NA,NA,"sedlac",1648,0,NA,"McWethy,David,B.;Wilmshurst,Janet,M.;Whitlock,C.;Wood,Jamie,R.;McGlone,Matt,S.;. Lake Kirkpatrick. NOAA/WDS Paleoclimatology IMPD study 17174",NA,NA,NA,NA,NA,NA,NA,NA,NA,NA,NA,NA,NA,NA,"https://www.ncei.noaa.gov/access/paleo-search/study/17174",NA,NA,NA,NA,"noaa_study_id=17174; original pub in IMPD datafile header","IMPDv1:IMPD_17174",1648,"Wilmshurst,Janet,M.",1,"Wilmshurst","","Janet,M.",NA,NA,NA,NA,NA,NA,NA,NA,"IMPDv1:IMPD_17174",1648,"IMPDv1","IMPD_17174",NA,109,109,"cm",1,"Radiocarbon","AMS",640,15,NA,NA,"KCCAMS-102190",TRUE,NA,"NA Date is in uncalibrated radiocarbon years.","Lake Kirkpatrick_SIEVED","counted","NaN-NaN",NA,NA,"",640,625,655,640,109,1,"NA Date is in uncalibrated radiocarbon years.",". Cal curve: NA. Source DB: IMPDv1","Lacustrine","Carbon-14","Radiocarbon",-53.5,1482.5,"Calibrated radiocarbon years BP","sedimentary charcoal","Data Sourcing: IMPDv1","Sample Age Source: IMPDv1"
"1648",50,"charcoal | num",NA,50,NA,NA,248,239,257,"IMPDv1","Charcoal (sum)","(additional options)",NA,NA,"False","False","number","Macroscopic charcoal (sieved)","direct",NA,"CHAR",17,NA,NA,"quant_raw",5,"volume","cm^3","IMPDv1","IMPD_17174","charcoal","count","char","wet_sieve","particle","num","count","no_size","num","IMPDv1","measured",1,"IMPDv1",NA,"Lake Kirkpatrick",-45.02706,168.57374,570,"south",NA,NA,"sedlac",1648,0,NA,"McWethy,David,B.;Wilmshurst,Janet,M.;Whitlock,C.;Wood,Jamie,R.;McGlone,Matt,S.;. Lake Kirkpatrick. NOAA/WDS Paleoclimatology IMPD study 17174",NA,NA,NA,NA,NA,NA,NA,NA,NA,NA,NA,NA,NA,NA,"https://www.ncei.noaa.gov/access/paleo-search/study/17174",NA,NA,NA,NA,"noaa_study_id=17174; original pub in IMPD datafile header","IMPDv1:IMPD_17174",1648,"Wilmshurst,Janet,M.",1,"Wilmshurst","","Janet,M.",NA,NA,NA,NA,NA,NA,NA,NA,"IMPDv1:IMPD_17174",1648,"IMPDv1","IMPD_17174",NA,109,109,"cm",1,"Radiocarbon","AMS",640,15,NA,NA,"KCCAMS-102190",TRUE,NA,"NA Date is in uncalibrated radiocarbon years.","Lake Kirkpatrick_SIEVED","counted","NaN-NaN",NA,NA,"",640,625,655,640,109,1,"NA Date is in uncalibrated radiocarbon years.",". Cal curve: NA. Source DB: IMPDv1","Lacustrine","Carbon-14","Radiocarbon",-53.5,1482.5,"Calibrated radiocarbon years BP","sedimentary charcoal","Data Sourcing: IMPDv1","Sample Age Source: IMPDv1"
"1648",51,"charcoal | num",NA,51,NA,NA,254.5,245,264,"IMPDv1","Charcoal (sum)","(additional options)",NA,NA,"False","False","number","Macroscopic charcoal (sieved)","direct",NA,"CHAR",26,NA,NA,"quant_raw",5,"volume","cm^3","IMPDv1","IMPD_17174","charcoal","count","char","wet_sieve","particle","num","count","no_size","num","IMPDv1","measured",1,"IMPDv1",NA,"Lake Kirkpatrick",-45.02706,168.57374,570,"south",NA,NA,"sedlac",1648,0,NA,"McWethy,David,B.;Wilmshurst,Janet,M.;Whitlock,C.;Wood,Jamie,R.;McGlone,Matt,S.;. Lake Kirkpatrick. NOAA/WDS Paleoclimatology IMPD study 17174",NA,NA,NA,NA,NA,NA,NA,NA,NA,NA,NA,NA,NA,NA,"https://www.ncei.noaa.gov/access/paleo-search/study/17174",NA,NA,NA,NA,"noaa_study_id=17174; original pub in IMPD datafile header","IMPDv1:IMPD_17174",1648,"Wilmshurst,Janet,M.",1,"Wilmshurst","","Janet,M.",NA,NA,NA,NA,NA,NA,NA,NA,"IMPDv1:IMPD_17174",1648,"IMPDv1","IMPD_17174",NA,109,109,"cm",1,"Radiocarbon","AMS",640,15,NA,NA,"KCCAMS-102190",TRUE,NA,"NA Date is in uncalibrated radiocarbon years.","Lake Kirkpatrick_SIEVED","counted","NaN-NaN",NA,NA,"",640,625,655,640,109,1,"NA Date is in uncalibrated radiocarbon years.",". Cal curve: NA. Source DB: IMPDv1","Lacustrine","Carbon-14","Radiocarbon",-53.5,1482.5,"Calibrated radiocarbon years BP","sedimentary charcoal","Data Sourcing: IMPDv1","Sample Age Source: IMPDv1"
"1648",52,"charcoal | num",NA,52,NA,NA,260,250,270,"IMPDv1","Charcoal (sum)","(additional options)",NA,NA,"False","False","number","Macroscopic charcoal (sieved)","direct",NA,"CHAR",14,NA,NA,"quant_raw",5,"volume","cm^3","IMPDv1","IMPD_17174","charcoal","count","char","wet_sieve","particle","num","count","no_size","num","IMPDv1","measured",1,"IMPDv1",NA,"Lake Kirkpatrick",-45.02706,168.57374,570,"south",NA,NA,"sedlac",1648,0,NA,"McWethy,David,B.;Wilmshurst,Janet,M.;Whitlock,C.;Wood,Jamie,R.;McGlone,Matt,S.;. Lake Kirkpatrick. NOAA/WDS Paleoclimatology IMPD study 17174",NA,NA,NA,NA,NA,NA,NA,NA,NA,NA,NA,NA,NA,NA,"https://www.ncei.noaa.gov/access/paleo-search/study/17174",NA,NA,NA,NA,"noaa_study_id=17174; original pub in IMPD datafile header","IMPDv1:IMPD_17174",1648,"Wilmshurst,Janet,M.",1,"Wilmshurst","","Janet,M.",NA,NA,NA,NA,NA,NA,NA,NA,"IMPDv1:IMPD_17174",1648,"IMPDv1","IMPD_17174",NA,109,109,"cm",1,"Radiocarbon","AMS",640,15,NA,NA,"KCCAMS-102190",TRUE,NA,"NA Date is in uncalibrated radiocarbon years.","Lake Kirkpatrick_SIEVED","counted","NaN-NaN",NA,NA,"",640,625,655,640,109,1,"NA Date is in uncalibrated radiocarbon years.",". Cal curve: NA. Source DB: IMPDv1","Lacustrine","Carbon-14","Radiocarbon",-53.5,1482.5,"Calibrated radiocarbon years BP","sedimentary charcoal","Data Sourcing: IMPDv1","Sample Age Source: IMPDv1"
"1648",53,"charcoal | num",NA,53,NA,NA,266,256,276,"IMPDv1","Charcoal (sum)","(additional options)",NA,NA,"False","False","number","Macroscopic charcoal (sieved)","direct",NA,"CHAR",20,NA,NA,"quant_raw",5,"volume","cm^3","IMPDv1","IMPD_17174","charcoal","count","char","wet_sieve","particle","num","count","no_size","num","IMPDv1","measured",1,"IMPDv1",NA,"Lake Kirkpatrick",-45.02706,168.57374,570,"south",NA,NA,"sedlac",1648,0,NA,"McWethy,David,B.;Wilmshurst,Janet,M.;Whitlock,C.;Wood,Jamie,R.;McGlone,Matt,S.;. Lake Kirkpatrick. NOAA/WDS Paleoclimatology IMPD study 17174",NA,NA,NA,NA,NA,NA,NA,NA,NA,NA,NA,NA,NA,NA,"https://www.ncei.noaa.gov/access/paleo-search/study/17174",NA,NA,NA,NA,"noaa_study_id=17174; original pub in IMPD datafile header","IMPDv1:IMPD_17174",1648,"Wilmshurst,Janet,M.",1,"Wilmshurst","","Janet,M.",NA,NA,NA,NA,NA,NA,NA,NA,"IMPDv1:IMPD_17174",1648,"IMPDv1","IMPD_17174",NA,109,109,"cm",1,"Radiocarbon","AMS",640,15,NA,NA,"KCCAMS-102190",TRUE,NA,"NA Date is in uncalibrated radiocarbon years.","Lake Kirkpatrick_SIEVED","counted","NaN-NaN",NA,NA,"",640,625,655,640,109,1,"NA Date is in uncalibrated radiocarbon years.",". Cal curve: NA. Source DB: IMPDv1","Lacustrine","Carbon-14","Radiocarbon",-53.5,1482.5,"Calibrated radiocarbon years BP","sedimentary charcoal","Data Sourcing: IMPDv1","Sample Age Source: IMPDv1"
"1648",54,"charcoal | num",NA,54,NA,NA,272,262,282,"IMPDv1","Charcoal (sum)","(additional options)",NA,NA,"False","False","number","Macroscopic charcoal (sieved)","direct",NA,"CHAR",20,NA,NA,"quant_raw",5,"volume","cm^3","IMPDv1","IMPD_17174","charcoal","count","char","wet_sieve","particle","num","count","no_size","num","IMPDv1","measured",1,"IMPDv1",NA,"Lake Kirkpatrick",-45.02706,168.57374,570,"south",NA,NA,"sedlac",1648,0,NA,"McWethy,David,B.;Wilmshurst,Janet,M.;Whitlock,C.;Wood,Jamie,R.;McGlone,Matt,S.;. Lake Kirkpatrick. NOAA/WDS Paleoclimatology IMPD study 17174",NA,NA,NA,NA,NA,NA,NA,NA,NA,NA,NA,NA,NA,NA,"https://www.ncei.noaa.gov/access/paleo-search/study/17174",NA,NA,NA,NA,"noaa_study_id=17174; original pub in IMPD datafile header","IMPDv1:IMPD_17174",1648,"Wilmshurst,Janet,M.",1,"Wilmshurst","","Janet,M.",NA,NA,NA,NA,NA,NA,NA,NA,"IMPDv1:IMPD_17174",1648,"IMPDv1","IMPD_17174",NA,109,109,"cm",1,"Radiocarbon","AMS",640,15,NA,NA,"KCCAMS-102190",TRUE,NA,"NA Date is in uncalibrated radiocarbon years.","Lake Kirkpatrick_SIEVED","counted","NaN-NaN",NA,NA,"",640,625,655,640,109,1,"NA Date is in uncalibrated radiocarbon years.",". Cal curve: NA. Source DB: IMPDv1","Lacustrine","Carbon-14","Radiocarbon",-53.5,1482.5,"Calibrated radiocarbon years BP","sedimentary charcoal","Data Sourcing: IMPDv1","Sample Age Source: IMPDv1"
"1648",55,"charcoal | num",NA,55,NA,NA,278,268,288,"IMPDv1","Charcoal (sum)","(additional options)",NA,NA,"False","False","number","Macroscopic charcoal (sieved)","direct",NA,"CHAR",10,NA,NA,"quant_raw",5,"volume","cm^3","IMPDv1","IMPD_17174","charcoal","count","char","wet_sieve","particle","num","count","no_size","num","IMPDv1","measured",1,"IMPDv1",NA,"Lake Kirkpatrick",-45.02706,168.57374,570,"south",NA,NA,"sedlac",1648,0,NA,"McWethy,David,B.;Wilmshurst,Janet,M.;Whitlock,C.;Wood,Jamie,R.;McGlone,Matt,S.;. Lake Kirkpatrick. NOAA/WDS Paleoclimatology IMPD study 17174",NA,NA,NA,NA,NA,NA,NA,NA,NA,NA,NA,NA,NA,NA,"https://www.ncei.noaa.gov/access/paleo-search/study/17174",NA,NA,NA,NA,"noaa_study_id=17174; original pub in IMPD datafile header","IMPDv1:IMPD_17174",1648,"Wilmshurst,Janet,M.",1,"Wilmshurst","","Janet,M.",NA,NA,NA,NA,NA,NA,NA,NA,"IMPDv1:IMPD_17174",1648,"IMPDv1","IMPD_17174",NA,109,109,"cm",1,"Radiocarbon","AMS",640,15,NA,NA,"KCCAMS-102190",TRUE,NA,"NA Date is in uncalibrated radiocarbon years.","Lake Kirkpatrick_SIEVED","counted","NaN-NaN",NA,NA,"",640,625,655,640,109,1,"NA Date is in uncalibrated radiocarbon years.",". Cal curve: NA. Source DB: IMPDv1","Lacustrine","Carbon-14","Radiocarbon",-53.5,1482.5,"Calibrated radiocarbon years BP","sedimentary charcoal","Data Sourcing: IMPDv1","Sample Age Source: IMPDv1"
"1648",56,"charcoal | num",NA,56,NA,NA,284,274,294,"IMPDv1","Charcoal (sum)","(additional options)",NA,NA,"False","False","number","Macroscopic charcoal (sieved)","direct",NA,"CHAR",21,NA,NA,"quant_raw",5,"volume","cm^3","IMPDv1","IMPD_17174","charcoal","count","char","wet_sieve","particle","num","count","no_size","num","IMPDv1","measured",1,"IMPDv1",NA,"Lake Kirkpatrick",-45.02706,168.57374,570,"south",NA,NA,"sedlac",1648,0,NA,"McWethy,David,B.;Wilmshurst,Janet,M.;Whitlock,C.;Wood,Jamie,R.;McGlone,Matt,S.;. Lake Kirkpatrick. NOAA/WDS Paleoclimatology IMPD study 17174",NA,NA,NA,NA,NA,NA,NA,NA,NA,NA,NA,NA,NA,NA,"https://www.ncei.noaa.gov/access/paleo-search/study/17174",NA,NA,NA,NA,"noaa_study_id=17174; original pub in IMPD datafile header","IMPDv1:IMPD_17174",1648,"Wilmshurst,Janet,M.",1,"Wilmshurst","","Janet,M.",NA,NA,NA,NA,NA,NA,NA,NA,"IMPDv1:IMPD_17174",1648,"IMPDv1","IMPD_17174",NA,110,110,"cm",1,"Radiocarbon","AMS",555,20,NA,NA,"KCCAMS-102191",TRUE,NA,"NA Date is in uncalibrated radiocarbon years.","Lake Kirkpatrick_SIEVED","counted","NaN-NaN",NA,NA,"",555,535,575,555,110,1,"NA Date is in uncalibrated radiocarbon years.",". Cal curve: NA. Source DB: IMPDv1","Lacustrine","Carbon-14","Radiocarbon",-53.5,1482.5,"Calibrated radiocarbon years BP","sedimentary charcoal","Data Sourcing: IMPDv1","Sample Age Source: IMPDv1"
"1648",57,"charcoal | num",NA,57,NA,NA,290,280,300,"IMPDv1","Charcoal (sum)","(additional options)",NA,NA,"False","False","number","Macroscopic charcoal (sieved)","direct",NA,"CHAR",9,NA,NA,"quant_raw",5,"volume","cm^3","IMPDv1","IMPD_17174","charcoal","count","char","wet_sieve","particle","num","count","no_size","num","IMPDv1","measured",1,"IMPDv1",NA,"Lake Kirkpatrick",-45.02706,168.57374,570,"south",NA,NA,"sedlac",1648,0,NA,"McWethy,David,B.;Wilmshurst,Janet,M.;Whitlock,C.;Wood,Jamie,R.;McGlone,Matt,S.;. Lake Kirkpatrick. NOAA/WDS Paleoclimatology IMPD study 17174",NA,NA,NA,NA,NA,NA,NA,NA,NA,NA,NA,NA,NA,NA,"https://www.ncei.noaa.gov/access/paleo-search/study/17174",NA,NA,NA,NA,"noaa_study_id=17174; original pub in IMPD datafile header","IMPDv1:IMPD_17174",1648,"Wilmshurst,Janet,M.",1,"Wilmshurst","","Janet,M.",NA,NA,NA,NA,NA,NA,NA,NA,"IMPDv1:IMPD_17174",1648,"IMPDv1","IMPD_17174",NA,110,110,"cm",1,"Radiocarbon","AMS",555,20,NA,NA,"KCCAMS-102191",TRUE,NA,"NA Date is in uncalibrated radiocarbon years.","Lake Kirkpatrick_SIEVED","counted","NaN-NaN",NA,NA,"",555,535,575,555,110,1,"NA Date is in uncalibrated radiocarbon years.",". Cal curve: NA. Source DB: IMPDv1","Lacustrine","Carbon-14","Radiocarbon",-53.5,1482.5,"Calibrated radiocarbon years BP","sedimentary charcoal","Data Sourcing: IMPDv1","Sample Age Source: IMPDv1"
"1648",58,"charcoal | num",NA,58,NA,NA,296.5,286,307,"IMPDv1","Charcoal (sum)","(additional options)",NA,NA,"False","False","number","Macroscopic charcoal (sieved)","direct",NA,"CHAR",21,NA,NA,"quant_raw",5,"volume","cm^3","IMPDv1","IMPD_17174","charcoal","count","char","wet_sieve","particle","num","count","no_size","num","IMPDv1","measured",1,"IMPDv1",NA,"Lake Kirkpatrick",-45.02706,168.57374,570,"south",NA,NA,"sedlac",1648,0,NA,"McWethy,David,B.;Wilmshurst,Janet,M.;Whitlock,C.;Wood,Jamie,R.;McGlone,Matt,S.;. Lake Kirkpatrick. NOAA/WDS Paleoclimatology IMPD study 17174",NA,NA,NA,NA,NA,NA,NA,NA,NA,NA,NA,NA,NA,NA,"https://www.ncei.noaa.gov/access/paleo-search/study/17174",NA,NA,NA,NA,"noaa_study_id=17174; original pub in IMPD datafile header","IMPDv1:IMPD_17174",1648,"Wilmshurst,Janet,M.",1,"Wilmshurst","","Janet,M.",NA,NA,NA,NA,NA,NA,NA,NA,"IMPDv1:IMPD_17174",1648,"IMPDv1","IMPD_17174",NA,110,110,"cm",1,"Radiocarbon","AMS",555,20,NA,NA,"KCCAMS-102191",TRUE,NA,"NA Date is in uncalibrated radiocarbon years.","Lake Kirkpatrick_SIEVED","counted","NaN-NaN",NA,NA,"",555,535,575,555,110,1,"NA Date is in uncalibrated radiocarbon years.",". Cal curve: NA. Source DB: IMPDv1","Lacustrine","Carbon-14","Radiocarbon",-53.5,1482.5,"Calibrated radiocarbon years BP","sedimentary charcoal","Data Sourcing: IMPDv1","Sample Age Source: IMPDv1"
"1648",59,"charcoal | num",NA,59,NA,NA,302.5,292,313,"IMPDv1","Charcoal (sum)","(additional options)",NA,NA,"False","False","number","Macroscopic charcoal (sieved)","direct",NA,"CHAR",7,NA,NA,"quant_raw",5,"volume","cm^3","IMPDv1","IMPD_17174","charcoal","count","char","wet_sieve","particle","num","count","no_size","num","IMPDv1","measured",1,"IMPDv1",NA,"Lake Kirkpatrick",-45.02706,168.57374,570,"south",NA,NA,"sedlac",1648,0,NA,"McWethy,David,B.;Wilmshurst,Janet,M.;Whitlock,C.;Wood,Jamie,R.;McGlone,Matt,S.;. Lake Kirkpatrick. NOAA/WDS Paleoclimatology IMPD study 17174",NA,NA,NA,NA,NA,NA,NA,NA,NA,NA,NA,NA,NA,NA,"https://www.ncei.noaa.gov/access/paleo-search/study/17174",NA,NA,NA,NA,"noaa_study_id=17174; original pub in IMPD datafile header","IMPDv1:IMPD_17174",1648,"Wilmshurst,Janet,M.",1,"Wilmshurst","","Janet,M.",NA,NA,NA,NA,NA,NA,NA,NA,"IMPDv1:IMPD_17174",1648,"IMPDv1","IMPD_17174",NA,110,110,"cm",1,"Radiocarbon","AMS",555,20,NA,NA,"KCCAMS-102191",TRUE,NA,"NA Date is in uncalibrated radiocarbon years.","Lake Kirkpatrick_SIEVED","counted","NaN-NaN",NA,NA,"",555,535,575,555,110,1,"NA Date is in uncalibrated radiocarbon years.",". Cal curve: NA. Source DB: IMPDv1","Lacustrine","Carbon-14","Radiocarbon",-53.5,1482.5,"Calibrated radiocarbon years BP","sedimentary charcoal","Data Sourcing: IMPDv1","Sample Age Source: IMPDv1"
"1648",60,"charcoal | num",NA,60,NA,NA,308.5,298,319,"IMPDv1","Charcoal (sum)","(additional options)",NA,NA,"False","False","number","Macroscopic charcoal (sieved)","direct",NA,"CHAR",29,NA,NA,"quant_raw",5,"volume","cm^3","IMPDv1","IMPD_17174","charcoal","count","char","wet_sieve","particle","num","count","no_size","num","IMPDv1","measured",1,"IMPDv1",NA,"Lake Kirkpatrick",-45.02706,168.57374,570,"south",NA,NA,"sedlac",1648,0,NA,"McWethy,David,B.;Wilmshurst,Janet,M.;Whitlock,C.;Wood,Jamie,R.;McGlone,Matt,S.;. Lake Kirkpatrick. NOAA/WDS Paleoclimatology IMPD study 17174",NA,NA,NA,NA,NA,NA,NA,NA,NA,NA,NA,NA,NA,NA,"https://www.ncei.noaa.gov/access/paleo-search/study/17174",NA,NA,NA,NA,"noaa_study_id=17174; original pub in IMPD datafile header","IMPDv1:IMPD_17174",1648,"Wilmshurst,Janet,M.",1,"Wilmshurst","","Janet,M.",NA,NA,NA,NA,NA,NA,NA,NA,"IMPDv1:IMPD_17174",1648,"IMPDv1","IMPD_17174",NA,110,110,"cm",1,"Radiocarbon","AMS",555,20,NA,NA,"KCCAMS-102191",TRUE,NA,"NA Date is in uncalibrated radiocarbon years.","Lake Kirkpatrick_SIEVED","counted","NaN-NaN",NA,NA,"",555,535,575,555,110,1,"NA Date is in uncalibrated radiocarbon years.",". Cal curve: NA. Source DB: IMPDv1","Lacustrine","Carbon-14","Radiocarbon",-53.5,1482.5,"Calibrated radiocarbon years BP","sedimentary charcoal","Data Sourcing: IMPDv1","Sample Age Source: IMPDv1"
"1648",61,"charcoal | num",NA,61,NA,NA,314.5,304,325,"IMPDv1","Charcoal (sum)","(additional options)",NA,NA,"False","False","number","Macroscopic charcoal (sieved)","direct",NA,"CHAR",31,NA,NA,"quant_raw",5,"volume","cm^3","IMPDv1","IMPD_17174","charcoal","count","char","wet_sieve","particle","num","count","no_size","num","IMPDv1","measured",1,"IMPDv1",NA,"Lake Kirkpatrick",-45.02706,168.57374,570,"south",NA,NA,"sedlac",1648,0,NA,"McWethy,David,B.;Wilmshurst,Janet,M.;Whitlock,C.;Wood,Jamie,R.;McGlone,Matt,S.;. Lake Kirkpatrick. NOAA/WDS Paleoclimatology IMPD study 17174",NA,NA,NA,NA,NA,NA,NA,NA,NA,NA,NA,NA,NA,NA,"https://www.ncei.noaa.gov/access/paleo-search/study/17174",NA,NA,NA,NA,"noaa_study_id=17174; original pub in IMPD datafile header","IMPDv1:IMPD_17174",1648,"Wilmshurst,Janet,M.",1,"Wilmshurst","","Janet,M.",NA,NA,NA,NA,NA,NA,NA,NA,"IMPDv1:IMPD_17174",1648,"IMPDv1","IMPD_17174",NA,110,110,"cm",1,"Radiocarbon","AMS",555,20,NA,NA,"KCCAMS-102191",TRUE,NA,"NA Date is in uncalibrated radiocarbon years.","Lake Kirkpatrick_SIEVED","counted","NaN-NaN",NA,NA,"",555,535,575,555,110,1,"NA Date is in uncalibrated radiocarbon years.",". Cal curve: NA. Source DB: IMPDv1","Lacustrine","Carbon-14","Radiocarbon",-53.5,1482.5,"Calibrated radiocarbon years BP","sedimentary charcoal","Data Sourcing: IMPDv1","Sample Age Source: IMPDv1"
"1648",62,"charcoal | num",NA,62,NA,NA,320,309,331,"IMPDv1","Charcoal (sum)","(additional options)",NA,NA,"False","False","number","Macroscopic charcoal (sieved)","direct",NA,"CHAR",35,NA,NA,"quant_raw",5,"volume","cm^3","IMPDv1","IMPD_17174","charcoal","count","char","wet_sieve","particle","num","count","no_size","num","IMPDv1","measured",1,"IMPDv1",NA,"Lake Kirkpatrick",-45.02706,168.57374,570,"south",NA,NA,"sedlac",1648,0,NA,"McWethy,David,B.;Wilmshurst,Janet,M.;Whitlock,C.;Wood,Jamie,R.;McGlone,Matt,S.;. Lake Kirkpatrick. NOAA/WDS Paleoclimatology IMPD study 17174",NA,NA,NA,NA,NA,NA,NA,NA,NA,NA,NA,NA,NA,NA,"https://www.ncei.noaa.gov/access/paleo-search/study/17174",NA,NA,NA,NA,"noaa_study_id=17174; original pub in IMPD datafile header","IMPDv1:IMPD_17174",1648,"Wilmshurst,Janet,M.",1,"Wilmshurst","","Janet,M.",NA,NA,NA,NA,NA,NA,NA,NA,"IMPDv1:IMPD_17174",1648,"IMPDv1","IMPD_17174",NA,110,110,"cm",1,"Radiocarbon","AMS",555,20,NA,NA,"KCCAMS-102191",TRUE,NA,"NA Date is in uncalibrated radiocarbon years.","Lake Kirkpatrick_SIEVED","counted","NaN-NaN",NA,NA,"",555,535,575,555,110,1,"NA Date is in uncalibrated radiocarbon years.",". Cal curve: NA. Source DB: IMPDv1","Lacustrine","Carbon-14","Radiocarbon",-53.5,1482.5,"Calibrated radiocarbon years BP","sedimentary charcoal","Data Sourcing: IMPDv1","Sample Age Source: IMPDv1"
"1648",63,"charcoal | num",NA,63,NA,NA,326,315,337,"IMPDv1","Charcoal (sum)","(additional options)",NA,NA,"False","False","number","Macroscopic charcoal (sieved)","direct",NA,"CHAR",63,NA,NA,"quant_raw",5,"volume","cm^3","IMPDv1","IMPD_17174","charcoal","count","char","wet_sieve","particle","num","count","no_size","num","IMPDv1","measured",1,"IMPDv1",NA,"Lake Kirkpatrick",-45.02706,168.57374,570,"south",NA,NA,"sedlac",1648,0,NA,"McWethy,David,B.;Wilmshurst,Janet,M.;Whitlock,C.;Wood,Jamie,R.;McGlone,Matt,S.;. Lake Kirkpatrick. NOAA/WDS Paleoclimatology IMPD study 17174",NA,NA,NA,NA,NA,NA,NA,NA,NA,NA,NA,NA,NA,NA,"https://www.ncei.noaa.gov/access/paleo-search/study/17174",NA,NA,NA,NA,"noaa_study_id=17174; original pub in IMPD datafile header","IMPDv1:IMPD_17174",1648,"Wilmshurst,Janet,M.",1,"Wilmshurst","","Janet,M.",NA,NA,NA,NA,NA,NA,NA,NA,"IMPDv1:IMPD_17174",1648,"IMPDv1","IMPD_17174",NA,110,110,"cm",1,"Radiocarbon","AMS",555,20,NA,NA,"KCCAMS-102191",TRUE,NA,"NA Date is in uncalibrated radiocarbon years.","Lake Kirkpatrick_SIEVED","counted","NaN-NaN",NA,NA,"",555,535,575,555,110,1,"NA Date is in uncalibrated radiocarbon years.",". Cal curve: NA. Source DB: IMPDv1","Lacustrine","Carbon-14","Radiocarbon",-53.5,1482.5,"Calibrated radiocarbon years BP","sedimentary charcoal","Data Sourcing: IMPDv1","Sample Age Source: IMPDv1"
"1648",64,"charcoal | num",NA,64,NA,NA,332,321,343,"IMPDv1","Charcoal (sum)","(additional options)",NA,NA,"False","False","number","Macroscopic charcoal (sieved)","direct",NA,"CHAR",67,NA,NA,"quant_raw",5,"volume","cm^3","IMPDv1","IMPD_17174","charcoal","count","char","wet_sieve","particle","num","count","no_size","num","IMPDv1","measured",1,"IMPDv1",NA,"Lake Kirkpatrick",-45.02706,168.57374,570,"south",NA,NA,"sedlac",1648,0,NA,"McWethy,David,B.;Wilmshurst,Janet,M.;Whitlock,C.;Wood,Jamie,R.;McGlone,Matt,S.;. Lake Kirkpatrick. NOAA/WDS Paleoclimatology IMPD study 17174",NA,NA,NA,NA,NA,NA,NA,NA,NA,NA,NA,NA,NA,NA,"https://www.ncei.noaa.gov/access/paleo-search/study/17174",NA,NA,NA,NA,"noaa_study_id=17174; original pub in IMPD datafile header","IMPDv1:IMPD_17174",1648,"Wilmshurst,Janet,M.",1,"Wilmshurst","","Janet,M.",NA,NA,NA,NA,NA,NA,NA,NA,"IMPDv1:IMPD_17174",1648,"IMPDv1","IMPD_17174",NA,110,110,"cm",1,"Radiocarbon","AMS",555,20,NA,NA,"KCCAMS-102191",TRUE,NA,"NA Date is in uncalibrated radiocarbon years.","Lake Kirkpatrick_SIEVED","counted","NaN-NaN",NA,NA,"",555,535,575,555,110,1,"NA Date is in uncalibrated radiocarbon years.",". Cal curve: NA. Source DB: IMPDv1","Lacustrine","Carbon-14","Radiocarbon",-53.5,1482.5,"Calibrated radiocarbon years BP","sedimentary charcoal","Data Sourcing: IMPDv1","Sample Age Source: IMPDv1"
"1648",65,"charcoal | num",NA,65,NA,NA,338,327,349,"IMPDv1","Charcoal (sum)","(additional options)",NA,NA,"False","False","number","Macroscopic charcoal (sieved)","direct",NA,"CHAR",99,NA,NA,"quant_raw",5,"volume","cm^3","IMPDv1","IMPD_17174","charcoal","count","char","wet_sieve","particle","num","count","no_size","num","IMPDv1","measured",1,"IMPDv1",NA,"Lake Kirkpatrick",-45.02706,168.57374,570,"south",NA,NA,"sedlac",1648,0,NA,"McWethy,David,B.;Wilmshurst,Janet,M.;Whitlock,C.;Wood,Jamie,R.;McGlone,Matt,S.;. Lake Kirkpatrick. NOAA/WDS Paleoclimatology IMPD study 17174",NA,NA,NA,NA,NA,NA,NA,NA,NA,NA,NA,NA,NA,NA,"https://www.ncei.noaa.gov/access/paleo-search/study/17174",NA,NA,NA,NA,"noaa_study_id=17174; original pub in IMPD datafile header","IMPDv1:IMPD_17174",1648,"Wilmshurst,Janet,M.",1,"Wilmshurst","","Janet,M.",NA,NA,NA,NA,NA,NA,NA,NA,"IMPDv1:IMPD_17174",1648,"IMPDv1","IMPD_17174",NA,110,110,"cm",1,"Radiocarbon","AMS",555,20,NA,NA,"KCCAMS-102191",TRUE,NA,"NA Date is in uncalibrated radiocarbon years.","Lake Kirkpatrick_SIEVED","counted","NaN-NaN",NA,NA,"",555,535,575,555,110,1,"NA Date is in uncalibrated radiocarbon years.",". Cal curve: NA. Source DB: IMPDv1","Lacustrine","Carbon-14","Radiocarbon",-53.5,1482.5,"Calibrated radiocarbon years BP","sedimentary charcoal","Data Sourcing: IMPDv1","Sample Age Source: IMPDv1"
"1648",66,"charcoal | num",NA,66,NA,NA,344,333,355,"IMPDv1","Charcoal (sum)","(additional options)",NA,NA,"False","False","number","Macroscopic charcoal (sieved)","direct",NA,"CHAR",89,NA,NA,"quant_raw",5,"volume","cm^3","IMPDv1","IMPD_17174","charcoal","count","char","wet_sieve","particle","num","count","no_size","num","IMPDv1","measured",1,"IMPDv1",NA,"Lake Kirkpatrick",-45.02706,168.57374,570,"south",NA,NA,"sedlac",1648,0,NA,"McWethy,David,B.;Wilmshurst,Janet,M.;Whitlock,C.;Wood,Jamie,R.;McGlone,Matt,S.;. Lake Kirkpatrick. NOAA/WDS Paleoclimatology IMPD study 17174",NA,NA,NA,NA,NA,NA,NA,NA,NA,NA,NA,NA,NA,NA,"https://www.ncei.noaa.gov/access/paleo-search/study/17174",NA,NA,NA,NA,"noaa_study_id=17174; original pub in IMPD datafile header","IMPDv1:IMPD_17174",1648,"Wilmshurst,Janet,M.",1,"Wilmshurst","","Janet,M.",NA,NA,NA,NA,NA,NA,NA,NA,"IMPDv1:IMPD_17174",1648,"IMPDv1","IMPD_17174",NA,110,110,"cm",1,"Radiocarbon","AMS",555,20,NA,NA,"KCCAMS-102191",TRUE,NA,"NA Date is in uncalibrated radiocarbon years.","Lake Kirkpatrick_SIEVED","counted","NaN-NaN",NA,NA,"",555,535,575,555,110,1,"NA Date is in uncalibrated radiocarbon years.",". Cal curve: NA. Source DB: IMPDv1","Lacustrine","Carbon-14","Radiocarbon",-53.5,1482.5,"Calibrated radiocarbon years BP","sedimentary charcoal","Data Sourcing: IMPDv1","Sample Age Source: IMPDv1"
"1648",67,"charcoal | num",NA,67,NA,NA,350,339,361,"IMPDv1","Charcoal (sum)","(additional options)",NA,NA,"False","False","number","Macroscopic charcoal (sieved)","direct",NA,"CHAR",19,NA,NA,"quant_raw",5,"volume","cm^3","IMPDv1","IMPD_17174","charcoal","count","char","wet_sieve","particle","num","count","no_size","num","IMPDv1","measured",1,"IMPDv1",NA,"Lake Kirkpatrick",-45.02706,168.57374,570,"south",NA,NA,"sedlac",1648,0,NA,"McWethy,David,B.;Wilmshurst,Janet,M.;Whitlock,C.;Wood,Jamie,R.;McGlone,Matt,S.;. Lake Kirkpatrick. NOAA/WDS Paleoclimatology IMPD study 17174",NA,NA,NA,NA,NA,NA,NA,NA,NA,NA,NA,NA,NA,NA,"https://www.ncei.noaa.gov/access/paleo-search/study/17174",NA,NA,NA,NA,"noaa_study_id=17174; original pub in IMPD datafile header","IMPDv1:IMPD_17174",1648,"Wilmshurst,Janet,M.",1,"Wilmshurst","","Janet,M.",NA,NA,NA,NA,NA,NA,NA,NA,"IMPDv1:IMPD_17174",1648,"IMPDv1","IMPD_17174",NA,110,110,"cm",1,"Radiocarbon","AMS",555,20,NA,NA,"KCCAMS-102191",TRUE,NA,"NA Date is in uncalibrated radiocarbon years.","Lake Kirkpatrick_SIEVED","counted","NaN-NaN",NA,NA,"",555,535,575,555,110,1,"NA Date is in uncalibrated radiocarbon years.",". Cal curve: NA. Source DB: IMPDv1","Lacustrine","Carbon-14","Radiocarbon",-53.5,1482.5,"Calibrated radiocarbon years BP","sedimentary charcoal","Data Sourcing: IMPDv1","Sample Age Source: IMPDv1"
"1648",68,"charcoal | num",NA,68,NA,NA,356.5,345,368,"IMPDv1","Charcoal (sum)","(additional options)",NA,NA,"False","False","number","Macroscopic charcoal (sieved)","direct",NA,"CHAR",17,NA,NA,"quant_raw",5,"volume","cm^3","IMPDv1","IMPD_17174","charcoal","count","char","wet_sieve","particle","num","count","no_size","num","IMPDv1","measured",1,"IMPDv1",NA,"Lake Kirkpatrick",-45.02706,168.57374,570,"south",NA,NA,"sedlac",1648,0,NA,"McWethy,David,B.;Wilmshurst,Janet,M.;Whitlock,C.;Wood,Jamie,R.;McGlone,Matt,S.;. Lake Kirkpatrick. NOAA/WDS Paleoclimatology IMPD study 17174",NA,NA,NA,NA,NA,NA,NA,NA,NA,NA,NA,NA,NA,NA,"https://www.ncei.noaa.gov/access/paleo-search/study/17174",NA,NA,NA,NA,"noaa_study_id=17174; original pub in IMPD datafile header","IMPDv1:IMPD_17174",1648,"Wilmshurst,Janet,M.",1,"Wilmshurst","","Janet,M.",NA,NA,NA,NA,NA,NA,NA,NA,"IMPDv1:IMPD_17174",1648,"IMPDv1","IMPD_17174",NA,110,110,"cm",1,"Radiocarbon","AMS",555,20,NA,NA,"KCCAMS-102191",TRUE,NA,"NA Date is in uncalibrated radiocarbon years.","Lake Kirkpatrick_SIEVED","counted","NaN-NaN",NA,NA,"",555,535,575,555,110,1,"NA Date is in uncalibrated radiocarbon years.",". Cal curve: NA. Source DB: IMPDv1","Lacustrine","Carbon-14","Radiocarbon",-53.5,1482.5,"Calibrated radiocarbon years BP","sedimentary charcoal","Data Sourcing: IMPDv1","Sample Age Source: IMPDv1"
"1648",69,"charcoal | num",NA,69,NA,NA,362.5,351,374,"IMPDv1","Charcoal (sum)","(additional options)",NA,NA,"False","False","number","Macroscopic charcoal (sieved)","direct",NA,"CHAR",14,NA,NA,"quant_raw",5,"volume","cm^3","IMPDv1","IMPD_17174","charcoal","count","char","wet_sieve","particle","num","count","no_size","num","IMPDv1","measured",1,"IMPDv1",NA,"Lake Kirkpatrick",-45.02706,168.57374,570,"south",NA,NA,"sedlac",1648,0,NA,"McWethy,David,B.;Wilmshurst,Janet,M.;Whitlock,C.;Wood,Jamie,R.;McGlone,Matt,S.;. Lake Kirkpatrick. NOAA/WDS Paleoclimatology IMPD study 17174",NA,NA,NA,NA,NA,NA,NA,NA,NA,NA,NA,NA,NA,NA,"https://www.ncei.noaa.gov/access/paleo-search/study/17174",NA,NA,NA,NA,"noaa_study_id=17174; original pub in IMPD datafile header","IMPDv1:IMPD_17174",1648,"Wilmshurst,Janet,M.",1,"Wilmshurst","","Janet,M.",NA,NA,NA,NA,NA,NA,NA,NA,"IMPDv1:IMPD_17174",1648,"IMPDv1","IMPD_17174",NA,110,110,"cm",1,"Radiocarbon","AMS",555,20,NA,NA,"KCCAMS-102191",TRUE,NA,"NA Date is in uncalibrated radiocarbon years.","Lake Kirkpatrick_SIEVED","counted","NaN-NaN",NA,NA,"",555,535,575,555,110,1,"NA Date is in uncalibrated radiocarbon years.",". Cal curve: NA. Source DB: IMPDv1","Lacustrine","Carbon-14","Radiocarbon",-53.5,1482.5,"Calibrated radiocarbon years BP","sedimentary charcoal","Data Sourcing: IMPDv1","Sample Age Source: IMPDv1"
"1648",70,"charcoal | num",NA,70,NA,NA,368.5,357,380,"IMPDv1","Charcoal (sum)","(additional options)",NA,NA,"False","False","number","Macroscopic charcoal (sieved)","direct",NA,"CHAR",23,NA,NA,"quant_raw",5,"volume","cm^3","IMPDv1","IMPD_17174","charcoal","count","char","wet_sieve","particle","num","count","no_size","num","IMPDv1","measured",1,"IMPDv1",NA,"Lake Kirkpatrick",-45.02706,168.57374,570,"south",NA,NA,"sedlac",1648,0,NA,"McWethy,David,B.;Wilmshurst,Janet,M.;Whitlock,C.;Wood,Jamie,R.;McGlone,Matt,S.;. Lake Kirkpatrick. NOAA/WDS Paleoclimatology IMPD study 17174",NA,NA,NA,NA,NA,NA,NA,NA,NA,NA,NA,NA,NA,NA,"https://www.ncei.noaa.gov/access/paleo-search/study/17174",NA,NA,NA,NA,"noaa_study_id=17174; original pub in IMPD datafile header","IMPDv1:IMPD_17174",1648,"Wilmshurst,Janet,M.",1,"Wilmshurst","","Janet,M.",NA,NA,NA,NA,NA,NA,NA,NA,"IMPDv1:IMPD_17174",1648,"IMPDv1","IMPD_17174",NA,111,111,"cm",1,"Radiocarbon","AMS",750,15,NA,NA,"KCCAMS-102192",TRUE,NA,"NA Date is in uncalibrated radiocarbon years.","Lake Kirkpatrick_SIEVED","counted","NaN-NaN",NA,NA,"",750,735,765,750,111,1,"NA Date is in uncalibrated radiocarbon years.",". Cal curve: NA. Source DB: IMPDv1","Lacustrine","Carbon-14","Radiocarbon",-53.5,1482.5,"Calibrated radiocarbon years BP","sedimentary charcoal","Data Sourcing: IMPDv1","Sample Age Source: IMPDv1"
"1648",71,"charcoal | num",NA,71,NA,NA,374,362,386,"IMPDv1","Charcoal (sum)","(additional options)",NA,NA,"False","False","number","Macroscopic charcoal (sieved)","direct",NA,"CHAR",44,NA,NA,"quant_raw",5,"volume","cm^3","IMPDv1","IMPD_17174","charcoal","count","char","wet_sieve","particle","num","count","no_size","num","IMPDv1","measured",1,"IMPDv1",NA,"Lake Kirkpatrick",-45.02706,168.57374,570,"south",NA,NA,"sedlac",1648,0,NA,"McWethy,David,B.;Wilmshurst,Janet,M.;Whitlock,C.;Wood,Jamie,R.;McGlone,Matt,S.;. Lake Kirkpatrick. NOAA/WDS Paleoclimatology IMPD study 17174",NA,NA,NA,NA,NA,NA,NA,NA,NA,NA,NA,NA,NA,NA,"https://www.ncei.noaa.gov/access/paleo-search/study/17174",NA,NA,NA,NA,"noaa_study_id=17174; original pub in IMPD datafile header","IMPDv1:IMPD_17174",1648,"Wilmshurst,Janet,M.",1,"Wilmshurst","","Janet,M.",NA,NA,NA,NA,NA,NA,NA,NA,"IMPDv1:IMPD_17174",1648,"IMPDv1","IMPD_17174",NA,111,111,"cm",1,"Radiocarbon","AMS",750,15,NA,NA,"KCCAMS-102192",TRUE,NA,"NA Date is in uncalibrated radiocarbon years.","Lake Kirkpatrick_SIEVED","counted","NaN-NaN",NA,NA,"",750,735,765,750,111,1,"NA Date is in uncalibrated radiocarbon years.",". Cal curve: NA. Source DB: IMPDv1","Lacustrine","Carbon-14","Radiocarbon",-53.5,1482.5,"Calibrated radiocarbon years BP","sedimentary charcoal","Data Sourcing: IMPDv1","Sample Age Source: IMPDv1"
"1648",72,"charcoal | num",NA,72,NA,NA,380,368,392,"IMPDv1","Charcoal (sum)","(additional options)",NA,NA,"False","False","number","Macroscopic charcoal (sieved)","direct",NA,"CHAR",55,NA,NA,"quant_raw",5,"volume","cm^3","IMPDv1","IMPD_17174","charcoal","count","char","wet_sieve","particle","num","count","no_size","num","IMPDv1","measured",1,"IMPDv1",NA,"Lake Kirkpatrick",-45.02706,168.57374,570,"south",NA,NA,"sedlac",1648,0,NA,"McWethy,David,B.;Wilmshurst,Janet,M.;Whitlock,C.;Wood,Jamie,R.;McGlone,Matt,S.;. Lake Kirkpatrick. NOAA/WDS Paleoclimatology IMPD study 17174",NA,NA,NA,NA,NA,NA,NA,NA,NA,NA,NA,NA,NA,NA,"https://www.ncei.noaa.gov/access/paleo-search/study/17174",NA,NA,NA,NA,"noaa_study_id=17174; original pub in IMPD datafile header","IMPDv1:IMPD_17174",1648,"Wilmshurst,Janet,M.",1,"Wilmshurst","","Janet,M.",NA,NA,NA,NA,NA,NA,NA,NA,"IMPDv1:IMPD_17174",1648,"IMPDv1","IMPD_17174",NA,111,111,"cm",1,"Radiocarbon","AMS",750,15,NA,NA,"KCCAMS-102192",TRUE,NA,"NA Date is in uncalibrated radiocarbon years.","Lake Kirkpatrick_SIEVED","counted","NaN-NaN",NA,NA,"",750,735,765,750,111,1,"NA Date is in uncalibrated radiocarbon years.",". Cal curve: NA. Source DB: IMPDv1","Lacustrine","Carbon-14","Radiocarbon",-53.5,1482.5,"Calibrated radiocarbon years BP","sedimentary charcoal","Data Sourcing: IMPDv1","Sample Age Source: IMPDv1"
"1648",73,"charcoal | num",NA,73,NA,NA,386,374,398,"IMPDv1","Charcoal (sum)","(additional options)",NA,NA,"False","False","number","Macroscopic charcoal (sieved)","direct",NA,"CHAR",81,NA,NA,"quant_raw",5,"volume","cm^3","IMPDv1","IMPD_17174","charcoal","count","char","wet_sieve","particle","num","count","no_size","num","IMPDv1","measured",1,"IMPDv1",NA,"Lake Kirkpatrick",-45.02706,168.57374,570,"south",NA,NA,"sedlac",1648,0,NA,"McWethy,David,B.;Wilmshurst,Janet,M.;Whitlock,C.;Wood,Jamie,R.;McGlone,Matt,S.;. Lake Kirkpatrick. NOAA/WDS Paleoclimatology IMPD study 17174",NA,NA,NA,NA,NA,NA,NA,NA,NA,NA,NA,NA,NA,NA,"https://www.ncei.noaa.gov/access/paleo-search/study/17174",NA,NA,NA,NA,"noaa_study_id=17174; original pub in IMPD datafile header","IMPDv1:IMPD_17174",1648,"Wilmshurst,Janet,M.",1,"Wilmshurst","","Janet,M.",NA,NA,NA,NA,NA,NA,NA,NA,"IMPDv1:IMPD_17174",1648,"IMPDv1","IMPD_17174",NA,111,111,"cm",1,"Radiocarbon","AMS",750,15,NA,NA,"KCCAMS-102192",TRUE,NA,"NA Date is in uncalibrated radiocarbon years.","Lake Kirkpatrick_SIEVED","counted","NaN-NaN",NA,NA,"",750,735,765,750,111,1,"NA Date is in uncalibrated radiocarbon years.",". Cal curve: NA. Source DB: IMPDv1","Lacustrine","Carbon-14","Radiocarbon",-53.5,1482.5,"Calibrated radiocarbon years BP","sedimentary charcoal","Data Sourcing: IMPDv1","Sample Age Source: IMPDv1"
"1648",74,"charcoal | num",NA,74,NA,NA,392.5,380,405,"IMPDv1","Charcoal (sum)","(additional options)",NA,NA,"False","False","number","Macroscopic charcoal (sieved)","direct",NA,"CHAR",88,NA,NA,"quant_raw",5,"volume","cm^3","IMPDv1","IMPD_17174","charcoal","count","char","wet_sieve","particle","num","count","no_size","num","IMPDv1","measured",1,"IMPDv1",NA,"Lake Kirkpatrick",-45.02706,168.57374,570,"south",NA,NA,"sedlac",1648,0,NA,"McWethy,David,B.;Wilmshurst,Janet,M.;Whitlock,C.;Wood,Jamie,R.;McGlone,Matt,S.;. Lake Kirkpatrick. NOAA/WDS Paleoclimatology IMPD study 17174",NA,NA,NA,NA,NA,NA,NA,NA,NA,NA,NA,NA,NA,NA,"https://www.ncei.noaa.gov/access/paleo-search/study/17174",NA,NA,NA,NA,"noaa_study_id=17174; original pub in IMPD datafile header","IMPDv1:IMPD_17174",1648,"Wilmshurst,Janet,M.",1,"Wilmshurst","","Janet,M.",NA,NA,NA,NA,NA,NA,NA,NA,"IMPDv1:IMPD_17174",1648,"IMPDv1","IMPD_17174",NA,111,111,"cm",1,"Radiocarbon","AMS",750,15,NA,NA,"KCCAMS-102192",TRUE,NA,"NA Date is in uncalibrated radiocarbon years.","Lake Kirkpatrick_SIEVED","counted","NaN-NaN",NA,NA,"",750,735,765,750,111,1,"NA Date is in uncalibrated radiocarbon years.",". Cal curve: NA. Source DB: IMPDv1","Lacustrine","Carbon-14","Radiocarbon",-53.5,1482.5,"Calibrated radiocarbon years BP","sedimentary charcoal","Data Sourcing: IMPDv1","Sample Age Source: IMPDv1"
"1648",75,"charcoal | num",NA,75,NA,NA,398.5,386,411,"IMPDv1","Charcoal (sum)","(additional options)",NA,NA,"False","False","number","Macroscopic charcoal (sieved)","direct",NA,"CHAR",324,NA,NA,"quant_raw",5,"volume","cm^3","IMPDv1","IMPD_17174","charcoal","count","char","wet_sieve","particle","num","count","no_size","num","IMPDv1","measured",1,"IMPDv1",NA,"Lake Kirkpatrick",-45.02706,168.57374,570,"south",NA,NA,"sedlac",1648,0,NA,"McWethy,David,B.;Wilmshurst,Janet,M.;Whitlock,C.;Wood,Jamie,R.;McGlone,Matt,S.;. Lake Kirkpatrick. NOAA/WDS Paleoclimatology IMPD study 17174",NA,NA,NA,NA,NA,NA,NA,NA,NA,NA,NA,NA,NA,NA,"https://www.ncei.noaa.gov/access/paleo-search/study/17174",NA,NA,NA,NA,"noaa_study_id=17174; original pub in IMPD datafile header","IMPDv1:IMPD_17174",1648,"Wilmshurst,Janet,M.",1,"Wilmshurst","","Janet,M.",NA,NA,NA,NA,NA,NA,NA,NA,"IMPDv1:IMPD_17174",1648,"IMPDv1","IMPD_17174",NA,111,111,"cm",1,"Radiocarbon","AMS",750,15,NA,NA,"KCCAMS-102192",TRUE,NA,"NA Date is in uncalibrated radiocarbon years.","Lake Kirkpatrick_SIEVED","counted","NaN-NaN",NA,NA,"",750,735,765,750,111,1,"NA Date is in uncalibrated radiocarbon years.",". Cal curve: NA. Source DB: IMPDv1","Lacustrine","Carbon-14","Radiocarbon",-53.5,1482.5,"Calibrated radiocarbon years BP","sedimentary charcoal","Data Sourcing: IMPDv1","Sample Age Source: IMPDv1"
"1648",76,"charcoal | num",NA,76,NA,NA,404.5,392,417,"IMPDv1","Charcoal (sum)","(additional options)",NA,NA,"False","False","number","Macroscopic charcoal (sieved)","direct",NA,"CHAR",87,NA,NA,"quant_raw",5,"volume","cm^3","IMPDv1","IMPD_17174","charcoal","count","char","wet_sieve","particle","num","count","no_size","num","IMPDv1","measured",1,"IMPDv1",NA,"Lake Kirkpatrick",-45.02706,168.57374,570,"south",NA,NA,"sedlac",1648,0,NA,"McWethy,David,B.;Wilmshurst,Janet,M.;Whitlock,C.;Wood,Jamie,R.;McGlone,Matt,S.;. Lake Kirkpatrick. NOAA/WDS Paleoclimatology IMPD study 17174",NA,NA,NA,NA,NA,NA,NA,NA,NA,NA,NA,NA,NA,NA,"https://www.ncei.noaa.gov/access/paleo-search/study/17174",NA,NA,NA,NA,"noaa_study_id=17174; original pub in IMPD datafile header","IMPDv1:IMPD_17174",1648,"Whitlock,C.",1,"Whitlock","C.","",NA,NA,NA,NA,NA,NA,NA,NA,"IMPDv1:IMPD_17174",1648,"IMPDv1","IMPD_17174",NA,111,111,"cm",1,"Radiocarbon","AMS",750,15,NA,NA,"KCCAMS-102192",TRUE,NA,"NA Date is in uncalibrated radiocarbon years.","Lake Kirkpatrick_SIEVED","counted","NaN-NaN",NA,NA,"",750,735,765,750,111,1,"NA Date is in uncalibrated radiocarbon years.",". Cal curve: NA. Source DB: IMPDv1","Lacustrine","Carbon-14","Radiocarbon",-53.5,1482.5,"Calibrated radiocarbon years BP","sedimentary charcoal","Data Sourcing: IMPDv1","Sample Age Source: IMPDv1"
"1648",77,"charcoal | num",NA,77,NA,NA,410.5,398,423,"IMPDv1","Charcoal (sum)","(additional options)",NA,NA,"False","False","number","Macroscopic charcoal (sieved)","direct",NA,"CHAR",37,NA,NA,"quant_raw",5,"volume","cm^3","IMPDv1","IMPD_17174","charcoal","count","char","wet_sieve","particle","num","count","no_size","num","IMPDv1","measured",1,"IMPDv1",NA,"Lake Kirkpatrick",-45.02706,168.57374,570,"south",NA,NA,"sedlac",1648,0,NA,"McWethy,David,B.;Wilmshurst,Janet,M.;Whitlock,C.;Wood,Jamie,R.;McGlone,Matt,S.;. Lake Kirkpatrick. NOAA/WDS Paleoclimatology IMPD study 17174",NA,NA,NA,NA,NA,NA,NA,NA,NA,NA,NA,NA,NA,NA,"https://www.ncei.noaa.gov/access/paleo-search/study/17174",NA,NA,NA,NA,"noaa_study_id=17174; original pub in IMPD datafile header","IMPDv1:IMPD_17174",1648,"Whitlock,C.",1,"Whitlock","C.","",NA,NA,NA,NA,NA,NA,NA,NA,"IMPDv1:IMPD_17174",1648,"IMPDv1","IMPD_17174",NA,111,111,"cm",1,"Radiocarbon","AMS",750,15,NA,NA,"KCCAMS-102192",TRUE,NA,"NA Date is in uncalibrated radiocarbon years.","Lake Kirkpatrick_SIEVED","counted","NaN-NaN",NA,NA,"",750,735,765,750,111,1,"NA Date is in uncalibrated radiocarbon years.",". Cal curve: NA. Source DB: IMPDv1","Lacustrine","Carbon-14","Radiocarbon",-53.5,1482.5,"Calibrated radiocarbon years BP","sedimentary charcoal","Data Sourcing: IMPDv1","Sample Age Source: IMPDv1"
"1648",78,"charcoal | num",NA,78,NA,NA,416.5,404,429,"IMPDv1","Charcoal (sum)","(additional options)",NA,NA,"False","False","number","Macroscopic charcoal (sieved)","direct",NA,"CHAR",78,NA,NA,"quant_raw",5,"volume","cm^3","IMPDv1","IMPD_17174","charcoal","count","char","wet_sieve","particle","num","count","no_size","num","IMPDv1","measured",1,"IMPDv1",NA,"Lake Kirkpatrick",-45.02706,168.57374,570,"south",NA,NA,"sedlac",1648,0,NA,"McWethy,David,B.;Wilmshurst,Janet,M.;Whitlock,C.;Wood,Jamie,R.;McGlone,Matt,S.;. Lake Kirkpatrick. NOAA/WDS Paleoclimatology IMPD study 17174",NA,NA,NA,NA,NA,NA,NA,NA,NA,NA,NA,NA,NA,NA,"https://www.ncei.noaa.gov/access/paleo-search/study/17174",NA,NA,NA,NA,"noaa_study_id=17174; original pub in IMPD datafile header","IMPDv1:IMPD_17174",1648,"Whitlock,C.",1,"Whitlock","C.","",NA,NA,NA,NA,NA,NA,NA,NA,"IMPDv1:IMPD_17174",1648,"IMPDv1","IMPD_17174",NA,111,111,"cm",1,"Radiocarbon","AMS",750,15,NA,NA,"KCCAMS-102192",TRUE,NA,"NA Date is in uncalibrated radiocarbon years.","Lake Kirkpatrick_SIEVED","counted","NaN-NaN",NA,NA,"",750,735,765,750,111,1,"NA Date is in uncalibrated radiocarbon years.",". Cal curve: NA. Source DB: IMPDv1","Lacustrine","Carbon-14","Radiocarbon",-53.5,1482.5,"Calibrated radiocarbon years BP","sedimentary charcoal","Data Sourcing: IMPDv1","Sample Age Source: IMPDv1"
"1648",79,"charcoal | num",NA,79,NA,NA,423,410,436,"IMPDv1","Charcoal (sum)","(additional options)",NA,NA,"False","False","number","Macroscopic charcoal (sieved)","direct",NA,"CHAR",40,NA,NA,"quant_raw",5,"volume","cm^3","IMPDv1","IMPD_17174","charcoal","count","char","wet_sieve","particle","num","count","no_size","num","IMPDv1","measured",1,"IMPDv1",NA,"Lake Kirkpatrick",-45.02706,168.57374,570,"south",NA,NA,"sedlac",1648,0,NA,"McWethy,David,B.;Wilmshurst,Janet,M.;Whitlock,C.;Wood,Jamie,R.;McGlone,Matt,S.;. Lake Kirkpatrick. NOAA/WDS Paleoclimatology IMPD study 17174",NA,NA,NA,NA,NA,NA,NA,NA,NA,NA,NA,NA,NA,NA,"https://www.ncei.noaa.gov/access/paleo-search/study/17174",NA,NA,NA,NA,"noaa_study_id=17174; original pub in IMPD datafile header","IMPDv1:IMPD_17174",1648,"Whitlock,C.",1,"Whitlock","C.","",NA,NA,NA,NA,NA,NA,NA,NA,"IMPDv1:IMPD_17174",1648,"IMPDv1","IMPD_17174",NA,111,111,"cm",1,"Radiocarbon","AMS",750,15,NA,NA,"KCCAMS-102192",TRUE,NA,"NA Date is in uncalibrated radiocarbon years.","Lake Kirkpatrick_SIEVED","counted","NaN-NaN",NA,NA,"",750,735,765,750,111,1,"NA Date is in uncalibrated radiocarbon years.",". Cal curve: NA. Source DB: IMPDv1","Lacustrine","Carbon-14","Radiocarbon",-53.5,1482.5,"Calibrated radiocarbon years BP","sedimentary charcoal","Data Sourcing: IMPDv1","Sample Age Source: IMPDv1"
"1648",80,"charcoal | num",NA,80,NA,NA,429,416,442,"IMPDv1","Charcoal (sum)","(additional options)",NA,NA,"False","False","number","Macroscopic charcoal (sieved)","direct",NA,"CHAR",28,NA,NA,"quant_raw",5,"volume","cm^3","IMPDv1","IMPD_17174","charcoal","count","char","wet_sieve","particle","num","count","no_size","num","IMPDv1","measured",1,"IMPDv1",NA,"Lake Kirkpatrick",-45.02706,168.57374,570,"south",NA,NA,"sedlac",1648,0,NA,"McWethy,David,B.;Wilmshurst,Janet,M.;Whitlock,C.;Wood,Jamie,R.;McGlone,Matt,S.;. Lake Kirkpatrick. NOAA/WDS Paleoclimatology IMPD study 17174",NA,NA,NA,NA,NA,NA,NA,NA,NA,NA,NA,NA,NA,NA,"https://www.ncei.noaa.gov/access/paleo-search/study/17174",NA,NA,NA,NA,"noaa_study_id=17174; original pub in IMPD datafile header","IMPDv1:IMPD_17174",1648,"Whitlock,C.",1,"Whitlock","C.","",NA,NA,NA,NA,NA,NA,NA,NA,"IMPDv1:IMPD_17174",1648,"IMPDv1","IMPD_17174",NA,111,111,"cm",1,"Radiocarbon","AMS",750,15,NA,NA,"KCCAMS-102192",TRUE,NA,"NA Date is in uncalibrated radiocarbon years.","Lake Kirkpatrick_SIEVED","counted","NaN-NaN",NA,NA,"",750,735,765,750,111,1,"NA Date is in uncalibrated radiocarbon years.",". Cal curve: NA. Source DB: IMPDv1","Lacustrine","Carbon-14","Radiocarbon",-53.5,1482.5,"Calibrated radiocarbon years BP","sedimentary charcoal","Data Sourcing: IMPDv1","Sample Age Source: IMPDv1"
"1648",81,"charcoal | num",NA,81,NA,NA,435,422,448,"IMPDv1","Charcoal (sum)","(additional options)",NA,NA,"False","False","number","Macroscopic charcoal (sieved)","direct",NA,"CHAR",46,NA,NA,"quant_raw",5,"volume","cm^3","IMPDv1","IMPD_17174","charcoal","count","char","wet_sieve","particle","num","count","no_size","num","IMPDv1","measured",1,"IMPDv1",NA,"Lake Kirkpatrick",-45.02706,168.57374,570,"south",NA,NA,"sedlac",1648,0,NA,"McWethy,David,B.;Wilmshurst,Janet,M.;Whitlock,C.;Wood,Jamie,R.;McGlone,Matt,S.;. Lake Kirkpatrick. NOAA/WDS Paleoclimatology IMPD study 17174",NA,NA,NA,NA,NA,NA,NA,NA,NA,NA,NA,NA,NA,NA,"https://www.ncei.noaa.gov/access/paleo-search/study/17174",NA,NA,NA,NA,"noaa_study_id=17174; original pub in IMPD datafile header","IMPDv1:IMPD_17174",1648,"Whitlock,C.",1,"Whitlock","C.","",NA,NA,NA,NA,NA,NA,NA,NA,"IMPDv1:IMPD_17174",1648,"IMPDv1","IMPD_17174",NA,111,111,"cm",1,"Radiocarbon","AMS",750,15,NA,NA,"KCCAMS-102192",TRUE,NA,"NA Date is in uncalibrated radiocarbon years.","Lake Kirkpatrick_SIEVED","counted","NaN-NaN",NA,NA,"",750,735,765,750,111,1,"NA Date is in uncalibrated radiocarbon years.",". Cal curve: NA. Source DB: IMPDv1","Lacustrine","Carbon-14","Radiocarbon",-53.5,1482.5,"Calibrated radiocarbon years BP","sedimentary charcoal","Data Sourcing: IMPDv1","Sample Age Source: IMPDv1"
"1648",82,"charcoal | num",NA,82,NA,NA,440.5,427,454,"IMPDv1","Charcoal (sum)","(additional options)",NA,NA,"False","False","number","Macroscopic charcoal (sieved)","direct",NA,"CHAR",48,NA,NA,"quant_raw",5,"volume","cm^3","IMPDv1","IMPD_17174","charcoal","count","char","wet_sieve","particle","num","count","no_size","num","IMPDv1","measured",1,"IMPDv1",NA,"Lake Kirkpatrick",-45.02706,168.57374,570,"south",NA,NA,"sedlac",1648,0,NA,"McWethy,David,B.;Wilmshurst,Janet,M.;Whitlock,C.;Wood,Jamie,R.;McGlone,Matt,S.;. Lake Kirkpatrick. NOAA/WDS Paleoclimatology IMPD study 17174",NA,NA,NA,NA,NA,NA,NA,NA,NA,NA,NA,NA,NA,NA,"https://www.ncei.noaa.gov/access/paleo-search/study/17174",NA,NA,NA,NA,"noaa_study_id=17174; original pub in IMPD datafile header","IMPDv1:IMPD_17174",1648,"Whitlock,C.",1,"Whitlock","C.","",NA,NA,NA,NA,NA,NA,NA,NA,"IMPDv1:IMPD_17174",1648,"IMPDv1","IMPD_17174",NA,111,111,"cm",1,"Radiocarbon","AMS",750,15,NA,NA,"KCCAMS-102192",TRUE,NA,"NA Date is in uncalibrated radiocarbon years.","Lake Kirkpatrick_SIEVED","counted","NaN-NaN",NA,NA,"",750,735,765,750,111,1,"NA Date is in uncalibrated radiocarbon years.",". Cal curve: NA. Source DB: IMPDv1","Lacustrine","Carbon-14","Radiocarbon",-53.5,1482.5,"Calibrated radiocarbon years BP","sedimentary charcoal","Data Sourcing: IMPDv1","Sample Age Source: IMPDv1"
"1648",83,"charcoal | num",NA,83,NA,NA,446.5,433,460,"IMPDv1","Charcoal (sum)","(additional options)",NA,NA,"False","False","number","Macroscopic charcoal (sieved)","direct",NA,"CHAR",50,NA,NA,"quant_raw",5,"volume","cm^3","IMPDv1","IMPD_17174","charcoal","count","char","wet_sieve","particle","num","count","no_size","num","IMPDv1","measured",1,"IMPDv1",NA,"Lake Kirkpatrick",-45.02706,168.57374,570,"south",NA,NA,"sedlac",1648,0,NA,"McWethy,David,B.;Wilmshurst,Janet,M.;Whitlock,C.;Wood,Jamie,R.;McGlone,Matt,S.;. Lake Kirkpatrick. NOAA/WDS Paleoclimatology IMPD study 17174",NA,NA,NA,NA,NA,NA,NA,NA,NA,NA,NA,NA,NA,NA,"https://www.ncei.noaa.gov/access/paleo-search/study/17174",NA,NA,NA,NA,"noaa_study_id=17174; original pub in IMPD datafile header","IMPDv1:IMPD_17174",1648,"Whitlock,C.",1,"Whitlock","C.","",NA,NA,NA,NA,NA,NA,NA,NA,"IMPDv1:IMPD_17174",1648,"IMPDv1","IMPD_17174",NA,111,111,"cm",1,"Radiocarbon","AMS",750,15,NA,NA,"KCCAMS-102192",TRUE,NA,"NA Date is in uncalibrated radiocarbon years.","Lake Kirkpatrick_SIEVED","counted","NaN-NaN",NA,NA,"",750,735,765,750,111,1,"NA Date is in uncalibrated radiocarbon years.",". Cal curve: NA. Source DB: IMPDv1","Lacustrine","Carbon-14","Radiocarbon",-53.5,1482.5,"Calibrated radiocarbon years BP","sedimentary charcoal","Data Sourcing: IMPDv1","Sample Age Source: IMPDv1"
"1648",84,"charcoal | num",NA,84,NA,NA,452.5,439,466,"IMPDv1","Charcoal (sum)","(additional options)",NA,NA,"False","False","number","Macroscopic charcoal (sieved)","direct",NA,"CHAR",24,NA,NA,"quant_raw",5,"volume","cm^3","IMPDv1","IMPD_17174","charcoal","count","char","wet_sieve","particle","num","count","no_size","num","IMPDv1","measured",1,"IMPDv1",NA,"Lake Kirkpatrick",-45.02706,168.57374,570,"south",NA,NA,"sedlac",1648,0,NA,"McWethy,David,B.;Wilmshurst,Janet,M.;Whitlock,C.;Wood,Jamie,R.;McGlone,Matt,S.;. Lake Kirkpatrick. NOAA/WDS Paleoclimatology IMPD study 17174",NA,NA,NA,NA,NA,NA,NA,NA,NA,NA,NA,NA,NA,NA,"https://www.ncei.noaa.gov/access/paleo-search/study/17174",NA,NA,NA,NA,"noaa_study_id=17174; original pub in IMPD datafile header","IMPDv1:IMPD_17174",1648,"Whitlock,C.",1,"Whitlock","C.","",NA,NA,NA,NA,NA,NA,NA,NA,"IMPDv1:IMPD_17174",1648,"IMPDv1","IMPD_17174",NA,112,112,"cm",1,"Radiocarbon","AMS",695,20,NA,NA,"KCCAMS-102193",TRUE,NA,"NA Date is in uncalibrated radiocarbon years.","Lake Kirkpatrick_SIEVED","counted","NaN-NaN",NA,NA,"",695,675,715,695,112,1,"NA Date is in uncalibrated radiocarbon years.",". Cal curve: NA. Source DB: IMPDv1","Lacustrine","Carbon-14","Radiocarbon",-53.5,1482.5,"Calibrated radiocarbon years BP","sedimentary charcoal","Data Sourcing: IMPDv1","Sample Age Source: IMPDv1"
"1648",85,"charcoal | num",NA,85,NA,NA,458.5,445,472,"IMPDv1","Charcoal (sum)","(additional options)",NA,NA,"False","False","number","Macroscopic charcoal (sieved)","direct",NA,"CHAR",13,NA,NA,"quant_raw",5,"volume","cm^3","IMPDv1","IMPD_17174","charcoal","count","char","wet_sieve","particle","num","count","no_size","num","IMPDv1","measured",1,"IMPDv1",NA,"Lake Kirkpatrick",-45.02706,168.57374,570,"south",NA,NA,"sedlac",1648,0,NA,"McWethy,David,B.;Wilmshurst,Janet,M.;Whitlock,C.;Wood,Jamie,R.;McGlone,Matt,S.;. Lake Kirkpatrick. NOAA/WDS Paleoclimatology IMPD study 17174",NA,NA,NA,NA,NA,NA,NA,NA,NA,NA,NA,NA,NA,NA,"https://www.ncei.noaa.gov/access/paleo-search/study/17174",NA,NA,NA,NA,"noaa_study_id=17174; original pub in IMPD datafile header","IMPDv1:IMPD_17174",1648,"Whitlock,C.",1,"Whitlock","C.","",NA,NA,NA,NA,NA,NA,NA,NA,"IMPDv1:IMPD_17174",1648,"IMPDv1","IMPD_17174",NA,112,112,"cm",1,"Radiocarbon","AMS",695,20,NA,NA,"KCCAMS-102193",TRUE,NA,"NA Date is in uncalibrated radiocarbon years.","Lake Kirkpatrick_SIEVED","counted","NaN-NaN",NA,NA,"",695,675,715,695,112,1,"NA Date is in uncalibrated radiocarbon years.",". Cal curve: NA. Source DB: IMPDv1","Lacustrine","Carbon-14","Radiocarbon",-53.5,1482.5,"Calibrated radiocarbon years BP","sedimentary charcoal","Data Sourcing: IMPDv1","Sample Age Source: IMPDv1"
"1648",86,"charcoal | num",NA,86,NA,NA,465,451,479,"IMPDv1","Charcoal (sum)","(additional options)",NA,NA,"False","False","number","Macroscopic charcoal (sieved)","direct",NA,"CHAR",15,NA,NA,"quant_raw",5,"volume","cm^3","IMPDv1","IMPD_17174","charcoal","count","char","wet_sieve","particle","num","count","no_size","num","IMPDv1","measured",1,"IMPDv1",NA,"Lake Kirkpatrick",-45.02706,168.57374,570,"south",NA,NA,"sedlac",1648,0,NA,"McWethy,David,B.;Wilmshurst,Janet,M.;Whitlock,C.;Wood,Jamie,R.;McGlone,Matt,S.;. Lake Kirkpatrick. NOAA/WDS Paleoclimatology IMPD study 17174",NA,NA,NA,NA,NA,NA,NA,NA,NA,NA,NA,NA,NA,NA,"https://www.ncei.noaa.gov/access/paleo-search/study/17174",NA,NA,NA,NA,"noaa_study_id=17174; original pub in IMPD datafile header","IMPDv1:IMPD_17174",1648,"Whitlock,C.",1,"Whitlock","C.","",NA,NA,NA,NA,NA,NA,NA,NA,"IMPDv1:IMPD_17174",1648,"IMPDv1","IMPD_17174",NA,112,112,"cm",1,"Radiocarbon","AMS",695,20,NA,NA,"KCCAMS-102193",TRUE,NA,"NA Date is in uncalibrated radiocarbon years.","Lake Kirkpatrick_SIEVED","counted","NaN-NaN",NA,NA,"",695,675,715,695,112,1,"NA Date is in uncalibrated radiocarbon years.",". Cal curve: NA. Source DB: IMPDv1","Lacustrine","Carbon-14","Radiocarbon",-53.5,1482.5,"Calibrated radiocarbon years BP","sedimentary charcoal","Data Sourcing: IMPDv1","Sample Age Source: IMPDv1"
"1648",87,"charcoal | num",NA,87,NA,NA,471,457,485,"IMPDv1","Charcoal (sum)","(additional options)",NA,NA,"False","False","number","Macroscopic charcoal (sieved)","direct",NA,"CHAR",42,NA,NA,"quant_raw",5,"volume","cm^3","IMPDv1","IMPD_17174","charcoal","count","char","wet_sieve","particle","num","count","no_size","num","IMPDv1","measured",1,"IMPDv1",NA,"Lake Kirkpatrick",-45.02706,168.57374,570,"south",NA,NA,"sedlac",1648,0,NA,"McWethy,David,B.;Wilmshurst,Janet,M.;Whitlock,C.;Wood,Jamie,R.;McGlone,Matt,S.;. Lake Kirkpatrick. NOAA/WDS Paleoclimatology IMPD study 17174",NA,NA,NA,NA,NA,NA,NA,NA,NA,NA,NA,NA,NA,NA,"https://www.ncei.noaa.gov/access/paleo-search/study/17174",NA,NA,NA,NA,"noaa_study_id=17174; original pub in IMPD datafile header","IMPDv1:IMPD_17174",1648,"Whitlock,C.",1,"Whitlock","C.","",NA,NA,NA,NA,NA,NA,NA,NA,"IMPDv1:IMPD_17174",1648,"IMPDv1","IMPD_17174",NA,112,112,"cm",1,"Radiocarbon","AMS",695,20,NA,NA,"KCCAMS-102193",TRUE,NA,"NA Date is in uncalibrated radiocarbon years.","Lake Kirkpatrick_SIEVED","counted","NaN-NaN",NA,NA,"",695,675,715,695,112,1,"NA Date is in uncalibrated radiocarbon years.",". Cal curve: NA. Source DB: IMPDv1","Lacustrine","Carbon-14","Radiocarbon",-53.5,1482.5,"Calibrated radiocarbon years BP","sedimentary charcoal","Data Sourcing: IMPDv1","Sample Age Source: IMPDv1"
"1648",88,"charcoal | num",NA,88,NA,NA,477,463,491,"IMPDv1","Charcoal (sum)","(additional options)",NA,NA,"False","False","number","Macroscopic charcoal (sieved)","direct",NA,"CHAR",67,NA,NA,"quant_raw",5,"volume","cm^3","IMPDv1","IMPD_17174","charcoal","count","char","wet_sieve","particle","num","count","no_size","num","IMPDv1","measured",1,"IMPDv1",NA,"Lake Kirkpatrick",-45.02706,168.57374,570,"south",NA,NA,"sedlac",1648,0,NA,"McWethy,David,B.;Wilmshurst,Janet,M.;Whitlock,C.;Wood,Jamie,R.;McGlone,Matt,S.;. Lake Kirkpatrick. NOAA/WDS Paleoclimatology IMPD study 17174",NA,NA,NA,NA,NA,NA,NA,NA,NA,NA,NA,NA,NA,NA,"https://www.ncei.noaa.gov/access/paleo-search/study/17174",NA,NA,NA,NA,"noaa_study_id=17174; original pub in IMPD datafile header","IMPDv1:IMPD_17174",1648,"Whitlock,C.",1,"Whitlock","C.","",NA,NA,NA,NA,NA,NA,NA,NA,"IMPDv1:IMPD_17174",1648,"IMPDv1","IMPD_17174",NA,112,112,"cm",1,"Radiocarbon","AMS",695,20,NA,NA,"KCCAMS-102193",TRUE,NA,"NA Date is in uncalibrated radiocarbon years.","Lake Kirkpatrick_SIEVED","counted","NaN-NaN",NA,NA,"",695,675,715,695,112,1,"NA Date is in uncalibrated radiocarbon years.",". Cal curve: NA. Source DB: IMPDv1","Lacustrine","Carbon-14","Radiocarbon",-53.5,1482.5,"Calibrated radiocarbon years BP","sedimentary charcoal","Data Sourcing: IMPDv1","Sample Age Source: IMPDv1"
"1648",89,"charcoal | num",NA,89,NA,NA,483,469,497,"IMPDv1","Charcoal (sum)","(additional options)",NA,NA,"False","False","number","Macroscopic charcoal (sieved)","direct",NA,"CHAR",29,NA,NA,"quant_raw",5,"volume","cm^3","IMPDv1","IMPD_17174","charcoal","count","char","wet_sieve","particle","num","count","no_size","num","IMPDv1","measured",1,"IMPDv1",NA,"Lake Kirkpatrick",-45.02706,168.57374,570,"south",NA,NA,"sedlac",1648,0,NA,"McWethy,David,B.;Wilmshurst,Janet,M.;Whitlock,C.;Wood,Jamie,R.;McGlone,Matt,S.;. Lake Kirkpatrick. NOAA/WDS Paleoclimatology IMPD study 17174",NA,NA,NA,NA,NA,NA,NA,NA,NA,NA,NA,NA,NA,NA,"https://www.ncei.noaa.gov/access/paleo-search/study/17174",NA,NA,NA,NA,"noaa_study_id=17174; original pub in IMPD datafile header","IMPDv1:IMPD_17174",1648,"Whitlock,C.",1,"Whitlock","C.","",NA,NA,NA,NA,NA,NA,NA,NA,"IMPDv1:IMPD_17174",1648,"IMPDv1","IMPD_17174",NA,112,112,"cm",1,"Radiocarbon","AMS",695,20,NA,NA,"KCCAMS-102193",TRUE,NA,"NA Date is in uncalibrated radiocarbon years.","Lake Kirkpatrick_SIEVED","counted","NaN-NaN",NA,NA,"",695,675,715,695,112,1,"NA Date is in uncalibrated radiocarbon years.",". Cal curve: NA. Source DB: IMPDv1","Lacustrine","Carbon-14","Radiocarbon",-53.5,1482.5,"Calibrated radiocarbon years BP","sedimentary charcoal","Data Sourcing: IMPDv1","Sample Age Source: IMPDv1"
"1648",90,"charcoal | num",NA,90,NA,NA,488.5,474,503,"IMPDv1","Charcoal (sum)","(additional options)",NA,NA,"False","False","number","Macroscopic charcoal (sieved)","direct",NA,"CHAR",189,NA,NA,"quant_raw",5,"volume","cm^3","IMPDv1","IMPD_17174","charcoal","count","char","wet_sieve","particle","num","count","no_size","num","IMPDv1","measured",1,"IMPDv1",NA,"Lake Kirkpatrick",-45.02706,168.57374,570,"south",NA,NA,"sedlac",1648,0,NA,"McWethy,David,B.;Wilmshurst,Janet,M.;Whitlock,C.;Wood,Jamie,R.;McGlone,Matt,S.;. Lake Kirkpatrick. NOAA/WDS Paleoclimatology IMPD study 17174",NA,NA,NA,NA,NA,NA,NA,NA,NA,NA,NA,NA,NA,NA,"https://www.ncei.noaa.gov/access/paleo-search/study/17174",NA,NA,NA,NA,"noaa_study_id=17174; original pub in IMPD datafile header","IMPDv1:IMPD_17174",1648,"Whitlock,C.",1,"Whitlock","C.","",NA,NA,NA,NA,NA,NA,NA,NA,"IMPDv1:IMPD_17174",1648,"IMPDv1","IMPD_17174",NA,112,112,"cm",1,"Radiocarbon","AMS",695,20,NA,NA,"KCCAMS-102193",TRUE,NA,"NA Date is in uncalibrated radiocarbon years.","Lake Kirkpatrick_SIEVED","counted","NaN-NaN",NA,NA,"",695,675,715,695,112,1,"NA Date is in uncalibrated radiocarbon years.",". Cal curve: NA. Source DB: IMPDv1","Lacustrine","Carbon-14","Radiocarbon",-53.5,1482.5,"Calibrated radiocarbon years BP","sedimentary charcoal","Data Sourcing: IMPDv1","Sample Age Source: IMPDv1"
"1648",91,"charcoal | num",NA,91,NA,NA,494.5,480,509,"IMPDv1","Charcoal (sum)","(additional options)",NA,NA,"False","False","number","Macroscopic charcoal (sieved)","direct",NA,"CHAR",67,NA,NA,"quant_raw",5,"volume","cm^3","IMPDv1","IMPD_17174","charcoal","count","char","wet_sieve","particle","num","count","no_size","num","IMPDv1","measured",1,"IMPDv1",NA,"Lake Kirkpatrick",-45.02706,168.57374,570,"south",NA,NA,"sedlac",1648,0,NA,"McWethy,David,B.;Wilmshurst,Janet,M.;Whitlock,C.;Wood,Jamie,R.;McGlone,Matt,S.;. Lake Kirkpatrick. NOAA/WDS Paleoclimatology IMPD study 17174",NA,NA,NA,NA,NA,NA,NA,NA,NA,NA,NA,NA,NA,NA,"https://www.ncei.noaa.gov/access/paleo-search/study/17174",NA,NA,NA,NA,"noaa_study_id=17174; original pub in IMPD datafile header","IMPDv1:IMPD_17174",1648,"Whitlock,C.",1,"Whitlock","C.","",NA,NA,NA,NA,NA,NA,NA,NA,"IMPDv1:IMPD_17174",1648,"IMPDv1","IMPD_17174",NA,112,112,"cm",1,"Radiocarbon","AMS",695,20,NA,NA,"KCCAMS-102193",TRUE,NA,"NA Date is in uncalibrated radiocarbon years.","Lake Kirkpatrick_SIEVED","counted","NaN-NaN",NA,NA,"",695,675,715,695,112,1,"NA Date is in uncalibrated radiocarbon years.",". Cal curve: NA. Source DB: IMPDv1","Lacustrine","Carbon-14","Radiocarbon",-53.5,1482.5,"Calibrated radiocarbon years BP","sedimentary charcoal","Data Sourcing: IMPDv1","Sample Age Source: IMPDv1"
"1648",92,"charcoal | num",NA,92,NA,NA,501,486,516,"IMPDv1","Charcoal (sum)","(additional options)",NA,NA,"False","False","number","Macroscopic charcoal (sieved)","direct",NA,"CHAR",33,NA,NA,"quant_raw",5,"volume","cm^3","IMPDv1","IMPD_17174","charcoal","count","char","wet_sieve","particle","num","count","no_size","num","IMPDv1","measured",1,"IMPDv1",NA,"Lake Kirkpatrick",-45.02706,168.57374,570,"south",NA,NA,"sedlac",1648,0,NA,"McWethy,David,B.;Wilmshurst,Janet,M.;Whitlock,C.;Wood,Jamie,R.;McGlone,Matt,S.;. Lake Kirkpatrick. NOAA/WDS Paleoclimatology IMPD study 17174",NA,NA,NA,NA,NA,NA,NA,NA,NA,NA,NA,NA,NA,NA,"https://www.ncei.noaa.gov/access/paleo-search/study/17174",NA,NA,NA,NA,"noaa_study_id=17174; original pub in IMPD datafile header","IMPDv1:IMPD_17174",1648,"Whitlock,C.",1,"Whitlock","C.","",NA,NA,NA,NA,NA,NA,NA,NA,"IMPDv1:IMPD_17174",1648,"IMPDv1","IMPD_17174",NA,112,112,"cm",1,"Radiocarbon","AMS",695,20,NA,NA,"KCCAMS-102193",TRUE,NA,"NA Date is in uncalibrated radiocarbon years.","Lake Kirkpatrick_SIEVED","counted","NaN-NaN",NA,NA,"",695,675,715,695,112,1,"NA Date is in uncalibrated radiocarbon years.",". Cal curve: NA. Source DB: IMPDv1","Lacustrine","Carbon-14","Radiocarbon",-53.5,1482.5,"Calibrated radiocarbon years BP","sedimentary charcoal","Data Sourcing: IMPDv1","Sample Age Source: IMPDv1"
"1648",93,"charcoal | num",NA,93,NA,NA,507,492,522,"IMPDv1","Charcoal (sum)","(additional options)",NA,NA,"False","False","number","Macroscopic charcoal (sieved)","direct",NA,"CHAR",25,NA,NA,"quant_raw",5,"volume","cm^3","IMPDv1","IMPD_17174","charcoal","count","char","wet_sieve","particle","num","count","no_size","num","IMPDv1","measured",1,"IMPDv1",NA,"Lake Kirkpatrick",-45.02706,168.57374,570,"south",NA,NA,"sedlac",1648,0,NA,"McWethy,David,B.;Wilmshurst,Janet,M.;Whitlock,C.;Wood,Jamie,R.;McGlone,Matt,S.;. Lake Kirkpatrick. NOAA/WDS Paleoclimatology IMPD study 17174",NA,NA,NA,NA,NA,NA,NA,NA,NA,NA,NA,NA,NA,NA,"https://www.ncei.noaa.gov/access/paleo-search/study/17174",NA,NA,NA,NA,"noaa_study_id=17174; original pub in IMPD datafile header","IMPDv1:IMPD_17174",1648,"Whitlock,C.",1,"Whitlock","C.","",NA,NA,NA,NA,NA,NA,NA,NA,"IMPDv1:IMPD_17174",1648,"IMPDv1","IMPD_17174",NA,112,112,"cm",1,"Radiocarbon","AMS",695,20,NA,NA,"KCCAMS-102193",TRUE,NA,"NA Date is in uncalibrated radiocarbon years.","Lake Kirkpatrick_SIEVED","counted","NaN-NaN",NA,NA,"",695,675,715,695,112,1,"NA Date is in uncalibrated radiocarbon years.",". Cal curve: NA. Source DB: IMPDv1","Lacustrine","Carbon-14","Radiocarbon",-53.5,1482.5,"Calibrated radiocarbon years BP","sedimentary charcoal","Data Sourcing: IMPDv1","Sample Age Source: IMPDv1"
"1648",94,"charcoal | num",NA,94,NA,NA,513,498,528,"IMPDv1","Charcoal (sum)","(additional options)",NA,NA,"False","False","number","Macroscopic charcoal (sieved)","direct",NA,"CHAR",1,NA,NA,"quant_raw",5,"volume","cm^3","IMPDv1","IMPD_17174","charcoal","count","char","wet_sieve","particle","num","count","no_size","num","IMPDv1","measured",1,"IMPDv1",NA,"Lake Kirkpatrick",-45.02706,168.57374,570,"south",NA,NA,"sedlac",1648,0,NA,"McWethy,David,B.;Wilmshurst,Janet,M.;Whitlock,C.;Wood,Jamie,R.;McGlone,Matt,S.;. Lake Kirkpatrick. NOAA/WDS Paleoclimatology IMPD study 17174",NA,NA,NA,NA,NA,NA,NA,NA,NA,NA,NA,NA,NA,NA,"https://www.ncei.noaa.gov/access/paleo-search/study/17174",NA,NA,NA,NA,"noaa_study_id=17174; original pub in IMPD datafile header","IMPDv1:IMPD_17174",1648,"Whitlock,C.",1,"Whitlock","C.","",NA,NA,NA,NA,NA,NA,NA,NA,"IMPDv1:IMPD_17174",1648,"IMPDv1","IMPD_17174",NA,112,112,"cm",1,"Radiocarbon","AMS",695,20,NA,NA,"KCCAMS-102193",TRUE,NA,"NA Date is in uncalibrated radiocarbon years.","Lake Kirkpatrick_SIEVED","counted","NaN-NaN",NA,NA,"",695,675,715,695,112,1,"NA Date is in uncalibrated radiocarbon years.",". Cal curve: NA. Source DB: IMPDv1","Lacustrine","Carbon-14","Radiocarbon",-53.5,1482.5,"Calibrated radiocarbon years BP","sedimentary charcoal","Data Sourcing: IMPDv1","Sample Age Source: IMPDv1"
"1648",95,"charcoal | num",NA,95,NA,NA,519,504,534,"IMPDv1","Charcoal (sum)","(additional options)",NA,NA,"False","False","number","Macroscopic charcoal (sieved)","direct",NA,"CHAR",54,NA,NA,"quant_raw",5,"volume","cm^3","IMPDv1","IMPD_17174","charcoal","count","char","wet_sieve","particle","num","count","no_size","num","IMPDv1","measured",1,"IMPDv1",NA,"Lake Kirkpatrick",-45.02706,168.57374,570,"south",NA,NA,"sedlac",1648,0,NA,"McWethy,David,B.;Wilmshurst,Janet,M.;Whitlock,C.;Wood,Jamie,R.;McGlone,Matt,S.;. Lake Kirkpatrick. NOAA/WDS Paleoclimatology IMPD study 17174",NA,NA,NA,NA,NA,NA,NA,NA,NA,NA,NA,NA,NA,NA,"https://www.ncei.noaa.gov/access/paleo-search/study/17174",NA,NA,NA,NA,"noaa_study_id=17174; original pub in IMPD datafile header","IMPDv1:IMPD_17174",1648,"Whitlock,C.",1,"Whitlock","C.","",NA,NA,NA,NA,NA,NA,NA,NA,"IMPDv1:IMPD_17174",1648,"IMPDv1","IMPD_17174",NA,112,112,"cm",1,"Radiocarbon","AMS",695,20,NA,NA,"KCCAMS-102193",TRUE,NA,"NA Date is in uncalibrated radiocarbon years.","Lake Kirkpatrick_SIEVED","counted","NaN-NaN",NA,NA,"",695,675,715,695,112,1,"NA Date is in uncalibrated radiocarbon years.",". Cal curve: NA. Source DB: IMPDv1","Lacustrine","Carbon-14","Radiocarbon",-53.5,1482.5,"Calibrated radiocarbon years BP","sedimentary charcoal","Data Sourcing: IMPDv1","Sample Age Source: IMPDv1"
"1648",96,"charcoal | num",NA,96,NA,NA,525,509,541,"IMPDv1","Charcoal (sum)","(additional options)",NA,NA,"False","False","number","Macroscopic charcoal (sieved)","direct",NA,"CHAR",142,NA,NA,"quant_raw",5,"volume","cm^3","IMPDv1","IMPD_17174","charcoal","count","char","wet_sieve","particle","num","count","no_size","num","IMPDv1","measured",1,"IMPDv1",NA,"Lake Kirkpatrick",-45.02706,168.57374,570,"south",NA,NA,"sedlac",1648,0,NA,"McWethy,David,B.;Wilmshurst,Janet,M.;Whitlock,C.;Wood,Jamie,R.;McGlone,Matt,S.;. Lake Kirkpatrick. NOAA/WDS Paleoclimatology IMPD study 17174",NA,NA,NA,NA,NA,NA,NA,NA,NA,NA,NA,NA,NA,NA,"https://www.ncei.noaa.gov/access/paleo-search/study/17174",NA,NA,NA,NA,"noaa_study_id=17174; original pub in IMPD datafile header","IMPDv1:IMPD_17174",1648,"Whitlock,C.",1,"Whitlock","C.","",NA,NA,NA,NA,NA,NA,NA,NA,"IMPDv1:IMPD_17174",1648,"IMPDv1","IMPD_17174",NA,112,112,"cm",1,"Radiocarbon","AMS",695,20,NA,NA,"KCCAMS-102193",TRUE,NA,"NA Date is in uncalibrated radiocarbon years.","Lake Kirkpatrick_SIEVED","counted","NaN-NaN",NA,NA,"",695,675,715,695,112,1,"NA Date is in uncalibrated radiocarbon years.",". Cal curve: NA. Source DB: IMPDv1","Lacustrine","Carbon-14","Radiocarbon",-53.5,1482.5,"Calibrated radiocarbon years BP","sedimentary charcoal","Data Sourcing: IMPDv1","Sample Age Source: IMPDv1"
"1648",97,"charcoal | num",NA,97,NA,NA,531,515,547,"IMPDv1","Charcoal (sum)","(additional options)",NA,NA,"False","False","number","Macroscopic charcoal (sieved)","direct",NA,"CHAR",167,NA,NA,"quant_raw",5,"volume","cm^3","IMPDv1","IMPD_17174","charcoal","count","char","wet_sieve","particle","num","count","no_size","num","IMPDv1","measured",1,"IMPDv1",NA,"Lake Kirkpatrick",-45.02706,168.57374,570,"south",NA,NA,"sedlac",1648,0,NA,"McWethy,David,B.;Wilmshurst,Janet,M.;Whitlock,C.;Wood,Jamie,R.;McGlone,Matt,S.;. Lake Kirkpatrick. NOAA/WDS Paleoclimatology IMPD study 17174",NA,NA,NA,NA,NA,NA,NA,NA,NA,NA,NA,NA,NA,NA,"https://www.ncei.noaa.gov/access/paleo-search/study/17174",NA,NA,NA,NA,"noaa_study_id=17174; original pub in IMPD datafile header","IMPDv1:IMPD_17174",1648,"Whitlock,C.",1,"Whitlock","C.","",NA,NA,NA,NA,NA,NA,NA,NA,"IMPDv1:IMPD_17174",1648,"IMPDv1","IMPD_17174",NA,112,112,"cm",1,"Radiocarbon","AMS",695,20,NA,NA,"KCCAMS-102193",TRUE,NA,"NA Date is in uncalibrated radiocarbon years.","Lake Kirkpatrick_SIEVED","counted","NaN-NaN",NA,NA,"",695,675,715,695,112,1,"NA Date is in uncalibrated radiocarbon years.",". Cal curve: NA. Source DB: IMPDv1","Lacustrine","Carbon-14","Radiocarbon",-53.5,1482.5,"Calibrated radiocarbon years BP","sedimentary charcoal","Data Sourcing: IMPDv1","Sample Age Source: IMPDv1"
"1648",98,"charcoal | num",NA,98,NA,NA,537,521,553,"IMPDv1","Charcoal (sum)","(additional options)",NA,NA,"False","False","number","Macroscopic charcoal (sieved)","direct",NA,"CHAR",61,NA,NA,"quant_raw",5,"volume","cm^3","IMPDv1","IMPD_17174","charcoal","count","char","wet_sieve","particle","num","count","no_size","num","IMPDv1","measured",1,"IMPDv1",NA,"Lake Kirkpatrick",-45.02706,168.57374,570,"south",NA,NA,"sedlac",1648,0,NA,"McWethy,David,B.;Wilmshurst,Janet,M.;Whitlock,C.;Wood,Jamie,R.;McGlone,Matt,S.;. Lake Kirkpatrick. NOAA/WDS Paleoclimatology IMPD study 17174",NA,NA,NA,NA,NA,NA,NA,NA,NA,NA,NA,NA,NA,NA,"https://www.ncei.noaa.gov/access/paleo-search/study/17174",NA,NA,NA,NA,"noaa_study_id=17174; original pub in IMPD datafile header","IMPDv1:IMPD_17174",1648,"Whitlock,C.",1,"Whitlock","C.","",NA,NA,NA,NA,NA,NA,NA,NA,"IMPDv1:IMPD_17174",1648,"IMPDv1","IMPD_17174",NA,113,113,"cm",1,"Radiocarbon","AMS",635,15,NA,NA,"KCCAMS-102194",TRUE,NA,"NA Date is in uncalibrated radiocarbon years.","Lake Kirkpatrick_SIEVED","counted","NaN-NaN",NA,NA,"",635,620,650,635,113,1,"NA Date is in uncalibrated radiocarbon years.",". Cal curve: NA. Source DB: IMPDv1","Lacustrine","Carbon-14","Radiocarbon",-53.5,1482.5,"Calibrated radiocarbon years BP","sedimentary charcoal","Data Sourcing: IMPDv1","Sample Age Source: IMPDv1"
"1648",99,"charcoal | num",NA,99,NA,NA,543.5,528,559,"IMPDv1","Charcoal (sum)","(additional options)",NA,NA,"False","False","number","Macroscopic charcoal (sieved)","direct",NA,"CHAR",22,NA,NA,"quant_raw",5,"volume","cm^3","IMPDv1","IMPD_17174","charcoal","count","char","wet_sieve","particle","num","count","no_size","num","IMPDv1","measured",1,"IMPDv1",NA,"Lake Kirkpatrick",-45.02706,168.57374,570,"south",NA,NA,"sedlac",1648,0,NA,"McWethy,David,B.;Wilmshurst,Janet,M.;Whitlock,C.;Wood,Jamie,R.;McGlone,Matt,S.;. Lake Kirkpatrick. NOAA/WDS Paleoclimatology IMPD study 17174",NA,NA,NA,NA,NA,NA,NA,NA,NA,NA,NA,NA,NA,NA,"https://www.ncei.noaa.gov/access/paleo-search/study/17174",NA,NA,NA,NA,"noaa_study_id=17174; original pub in IMPD datafile header","IMPDv1:IMPD_17174",1648,"Whitlock,C.",1,"Whitlock","C.","",NA,NA,NA,NA,NA,NA,NA,NA,"IMPDv1:IMPD_17174",1648,"IMPDv1","IMPD_17174",NA,113,113,"cm",1,"Radiocarbon","AMS",635,15,NA,NA,"KCCAMS-102194",TRUE,NA,"NA Date is in uncalibrated radiocarbon years.","Lake Kirkpatrick_SIEVED","counted","NaN-NaN",NA,NA,"",635,620,650,635,113,1,"NA Date is in uncalibrated radiocarbon years.",". Cal curve: NA. Source DB: IMPDv1","Lacustrine","Carbon-14","Radiocarbon",-53.5,1482.5,"Calibrated radiocarbon years BP","sedimentary charcoal","Data Sourcing: IMPDv1","Sample Age Source: IMPDv1"
"1648",100,"charcoal | num",NA,100,NA,NA,548.5,532,565,"IMPDv1","Charcoal (sum)","(additional options)",NA,NA,"False","False","number","Macroscopic charcoal (sieved)","direct",NA,"CHAR",63,NA,NA,"quant_raw",5,"volume","cm^3","IMPDv1","IMPD_17174","charcoal","count","char","wet_sieve","particle","num","count","no_size","num","IMPDv1","measured",1,"IMPDv1",NA,"Lake Kirkpatrick",-45.02706,168.57374,570,"south",NA,NA,"sedlac",1648,0,NA,"McWethy,David,B.;Wilmshurst,Janet,M.;Whitlock,C.;Wood,Jamie,R.;McGlone,Matt,S.;. Lake Kirkpatrick. NOAA/WDS Paleoclimatology IMPD study 17174",NA,NA,NA,NA,NA,NA,NA,NA,NA,NA,NA,NA,NA,NA,"https://www.ncei.noaa.gov/access/paleo-search/study/17174",NA,NA,NA,NA,"noaa_study_id=17174; original pub in IMPD datafile header","IMPDv1:IMPD_17174",1648,"Whitlock,C.",1,"Whitlock","C.","",NA,NA,NA,NA,NA,NA,NA,NA,"IMPDv1:IMPD_17174",1648,"IMPDv1","IMPD_17174",NA,113,113,"cm",1,"Radiocarbon","AMS",635,15,NA,NA,"KCCAMS-102194",TRUE,NA,"NA Date is in uncalibrated radiocarbon years.","Lake Kirkpatrick_SIEVED","counted","NaN-NaN",NA,NA,"",635,620,650,635,113,1,"NA Date is in uncalibrated radiocarbon years.",". Cal curve: NA. Source DB: IMPDv1","Lacustrine","Carbon-14","Radiocarbon",-53.5,1482.5,"Calibrated radiocarbon years BP","sedimentary charcoal","Data Sourcing: IMPDv1","Sample Age Source: IMPDv1"
"1648",101,"charcoal | num",NA,101,NA,NA,554.5,536,573,"IMPDv1","Charcoal (sum)","(additional options)",NA,NA,"False","False","number","Macroscopic charcoal (sieved)","direct",NA,"CHAR",36,NA,NA,"quant_raw",5,"volume","cm^3","IMPDv1","IMPD_17174","charcoal","count","char","wet_sieve","particle","num","count","no_size","num","IMPDv1","measured",1,"IMPDv1",NA,"Lake Kirkpatrick",-45.02706,168.57374,570,"south",NA,NA,"sedlac",1648,0,NA,"McWethy,David,B.;Wilmshurst,Janet,M.;Whitlock,C.;Wood,Jamie,R.;McGlone,Matt,S.;. Lake Kirkpatrick. NOAA/WDS Paleoclimatology IMPD study 17174",NA,NA,NA,NA,NA,NA,NA,NA,NA,NA,NA,NA,NA,NA,"https://www.ncei.noaa.gov/access/paleo-search/study/17174",NA,NA,NA,NA,"noaa_study_id=17174; original pub in IMPD datafile header","IMPDv1:IMPD_17174",1648,"Whitlock,C.",1,"Whitlock","C.","",NA,NA,NA,NA,NA,NA,NA,NA,"IMPDv1:IMPD_17174",1648,"IMPDv1","IMPD_17174",NA,113,113,"cm",1,"Radiocarbon","AMS",635,15,NA,NA,"KCCAMS-102194",TRUE,NA,"NA Date is in uncalibrated radiocarbon years.","Lake Kirkpatrick_SIEVED","counted","NaN-NaN",NA,NA,"",635,620,650,635,113,1,"NA Date is in uncalibrated radiocarbon years.",". Cal curve: NA. Source DB: IMPDv1","Lacustrine","Carbon-14","Radiocarbon",-53.5,1482.5,"Calibrated radiocarbon years BP","sedimentary charcoal","Data Sourcing: IMPDv1","Sample Age Source: IMPDv1"
"1648",102,"charcoal | num",NA,102,NA,NA,559.5,539,580,"IMPDv1","Charcoal (sum)","(additional options)",NA,NA,"False","False","number","Macroscopic charcoal (sieved)","direct",NA,"CHAR",27,NA,NA,"quant_raw",5,"volume","cm^3","IMPDv1","IMPD_17174","charcoal","count","char","wet_sieve","particle","num","count","no_size","num","IMPDv1","measured",1,"IMPDv1",NA,"Lake Kirkpatrick",-45.02706,168.57374,570,"south",NA,NA,"sedlac",1648,0,NA,"McWethy,David,B.;Wilmshurst,Janet,M.;Whitlock,C.;Wood,Jamie,R.;McGlone,Matt,S.;. Lake Kirkpatrick. NOAA/WDS Paleoclimatology IMPD study 17174",NA,NA,NA,NA,NA,NA,NA,NA,NA,NA,NA,NA,NA,NA,"https://www.ncei.noaa.gov/access/paleo-search/study/17174",NA,NA,NA,NA,"noaa_study_id=17174; original pub in IMPD datafile header","IMPDv1:IMPD_17174",1648,"Whitlock,C.",1,"Whitlock","C.","",NA,NA,NA,NA,NA,NA,NA,NA,"IMPDv1:IMPD_17174",1648,"IMPDv1","IMPD_17174",NA,113,113,"cm",1,"Radiocarbon","AMS",635,15,NA,NA,"KCCAMS-102194",TRUE,NA,"NA Date is in uncalibrated radiocarbon years.","Lake Kirkpatrick_SIEVED","counted","NaN-NaN",NA,NA,"",635,620,650,635,113,1,"NA Date is in uncalibrated radiocarbon years.",". Cal curve: NA. Source DB: IMPDv1","Lacustrine","Carbon-14","Radiocarbon",-53.5,1482.5,"Calibrated radiocarbon years BP","sedimentary charcoal","Data Sourcing: IMPDv1","Sample Age Source: IMPDv1"
"1648",103,"charcoal | num",NA,103,NA,NA,565,542,588,"IMPDv1","Charcoal (sum)","(additional options)",NA,NA,"False","False","number","Macroscopic charcoal (sieved)","direct",NA,"CHAR",108,NA,NA,"quant_raw",5,"volume","cm^3","IMPDv1","IMPD_17174","charcoal","count","char","wet_sieve","particle","num","count","no_size","num","IMPDv1","measured",1,"IMPDv1",NA,"Lake Kirkpatrick",-45.02706,168.57374,570,"south",NA,NA,"sedlac",1648,0,NA,"McWethy,David,B.;Wilmshurst,Janet,M.;Whitlock,C.;Wood,Jamie,R.;McGlone,Matt,S.;. Lake Kirkpatrick. NOAA/WDS Paleoclimatology IMPD study 17174",NA,NA,NA,NA,NA,NA,NA,NA,NA,NA,NA,NA,NA,NA,"https://www.ncei.noaa.gov/access/paleo-search/study/17174",NA,NA,NA,NA,"noaa_study_id=17174; original pub in IMPD datafile header","IMPDv1:IMPD_17174",1648,"Whitlock,C.",1,"Whitlock","C.","",NA,NA,NA,NA,NA,NA,NA,NA,"IMPDv1:IMPD_17174",1648,"IMPDv1","IMPD_17174",NA,113,113,"cm",1,"Radiocarbon","AMS",635,15,NA,NA,"KCCAMS-102194",TRUE,NA,"NA Date is in uncalibrated radiocarbon years.","Lake Kirkpatrick_SIEVED","counted","NaN-NaN",NA,NA,"",635,620,650,635,113,1,"NA Date is in uncalibrated radiocarbon years.",". Cal curve: NA. Source DB: IMPDv1","Lacustrine","Carbon-14","Radiocarbon",-53.5,1482.5,"Calibrated radiocarbon years BP","sedimentary charcoal","Data Sourcing: IMPDv1","Sample Age Source: IMPDv1"
"1648",104,"charcoal | num",NA,104,NA,NA,571,545,597,"IMPDv1","Charcoal (sum)","(additional options)",NA,NA,"False","False","number","Macroscopic charcoal (sieved)","direct",NA,"CHAR",340,NA,NA,"quant_raw",5,"volume","cm^3","IMPDv1","IMPD_17174","charcoal","count","char","wet_sieve","particle","num","count","no_size","num","IMPDv1","measured",1,"IMPDv1",NA,"Lake Kirkpatrick",-45.02706,168.57374,570,"south",NA,NA,"sedlac",1648,0,NA,"McWethy,David,B.;Wilmshurst,Janet,M.;Whitlock,C.;Wood,Jamie,R.;McGlone,Matt,S.;. Lake Kirkpatrick. NOAA/WDS Paleoclimatology IMPD study 17174",NA,NA,NA,NA,NA,NA,NA,NA,NA,NA,NA,NA,NA,NA,"https://www.ncei.noaa.gov/access/paleo-search/study/17174",NA,NA,NA,NA,"noaa_study_id=17174; original pub in IMPD datafile header","IMPDv1:IMPD_17174",1648,"Whitlock,C.",1,"Whitlock","C.","",NA,NA,NA,NA,NA,NA,NA,NA,"IMPDv1:IMPD_17174",1648,"IMPDv1","IMPD_17174",NA,113,113,"cm",1,"Radiocarbon","AMS",635,15,NA,NA,"KCCAMS-102194",TRUE,NA,"NA Date is in uncalibrated radiocarbon years.","Lake Kirkpatrick_SIEVED","counted","NaN-NaN",NA,NA,"",635,620,650,635,113,1,"NA Date is in uncalibrated radiocarbon years.",". Cal curve: NA. Source DB: IMPDv1","Lacustrine","Carbon-14","Radiocarbon",-53.5,1482.5,"Calibrated radiocarbon years BP","sedimentary charcoal","Data Sourcing: IMPDv1","Sample Age Source: IMPDv1"
"1648",105,"charcoal | num",NA,105,NA,NA,576.5,547,606,"IMPDv1","Charcoal (sum)","(additional options)",NA,NA,"False","False","number","Macroscopic charcoal (sieved)","direct",NA,"CHAR",38,NA,NA,"quant_raw",5,"volume","cm^3","IMPDv1","IMPD_17174","charcoal","count","char","wet_sieve","particle","num","count","no_size","num","IMPDv1","measured",1,"IMPDv1",NA,"Lake Kirkpatrick",-45.02706,168.57374,570,"south",NA,NA,"sedlac",1648,0,NA,"McWethy,David,B.;Wilmshurst,Janet,M.;Whitlock,C.;Wood,Jamie,R.;McGlone,Matt,S.;. Lake Kirkpatrick. NOAA/WDS Paleoclimatology IMPD study 17174",NA,NA,NA,NA,NA,NA,NA,NA,NA,NA,NA,NA,NA,NA,"https://www.ncei.noaa.gov/access/paleo-search/study/17174",NA,NA,NA,NA,"noaa_study_id=17174; original pub in IMPD datafile header","IMPDv1:IMPD_17174",1648,"Whitlock,C.",1,"Whitlock","C.","",NA,NA,NA,NA,NA,NA,NA,NA,"IMPDv1:IMPD_17174",1648,"IMPDv1","IMPD_17174",NA,113,113,"cm",1,"Radiocarbon","AMS",635,15,NA,NA,"KCCAMS-102194",TRUE,NA,"NA Date is in uncalibrated radiocarbon years.","Lake Kirkpatrick_SIEVED","counted","NaN-NaN",NA,NA,"",635,620,650,635,113,1,"NA Date is in uncalibrated radiocarbon years.",". Cal curve: NA. Source DB: IMPDv1","Lacustrine","Carbon-14","Radiocarbon",-53.5,1482.5,"Calibrated radiocarbon years BP","sedimentary charcoal","Data Sourcing: IMPDv1","Sample Age Source: IMPDv1"
"1648",106,"charcoal | num",NA,106,NA,NA,581.5,549,614,"IMPDv1","Charcoal (sum)","(additional options)",NA,NA,"False","False","number","Macroscopic charcoal (sieved)","direct",NA,"CHAR",16,NA,NA,"quant_raw",5,"volume","cm^3","IMPDv1","IMPD_17174","charcoal","count","char","wet_sieve","particle","num","count","no_size","num","IMPDv1","measured",1,"IMPDv1",NA,"Lake Kirkpatrick",-45.02706,168.57374,570,"south",NA,NA,"sedlac",1648,0,NA,"McWethy,David,B.;Wilmshurst,Janet,M.;Whitlock,C.;Wood,Jamie,R.;McGlone,Matt,S.;. Lake Kirkpatrick. NOAA/WDS Paleoclimatology IMPD study 17174",NA,NA,NA,NA,NA,NA,NA,NA,NA,NA,NA,NA,NA,NA,"https://www.ncei.noaa.gov/access/paleo-search/study/17174",NA,NA,NA,NA,"noaa_study_id=17174; original pub in IMPD datafile header","IMPDv1:IMPD_17174",1648,"Whitlock,C.",1,"Whitlock","C.","",NA,NA,NA,NA,NA,NA,NA,NA,"IMPDv1:IMPD_17174",1648,"IMPDv1","IMPD_17174",NA,113,113,"cm",1,"Radiocarbon","AMS",635,15,NA,NA,"KCCAMS-102194",TRUE,NA,"NA Date is in uncalibrated radiocarbon years.","Lake Kirkpatrick_SIEVED","counted","NaN-NaN",NA,NA,"",635,620,650,635,113,1,"NA Date is in uncalibrated radiocarbon years.",". Cal curve: NA. Source DB: IMPDv1","Lacustrine","Carbon-14","Radiocarbon",-53.5,1482.5,"Calibrated radiocarbon years BP","sedimentary charcoal","Data Sourcing: IMPDv1","Sample Age Source: IMPDv1"
"1648",107,"charcoal | num",NA,107,NA,NA,586.5,550,623,"IMPDv1","Charcoal (sum)","(additional options)",NA,NA,"False","False","number","Macroscopic charcoal (sieved)","direct",NA,"CHAR",3,NA,NA,"quant_raw",5,"volume","cm^3","IMPDv1","IMPD_17174","charcoal","count","char","wet_sieve","particle","num","count","no_size","num","IMPDv1","measured",1,"IMPDv1",NA,"Lake Kirkpatrick",-45.02706,168.57374,570,"south",NA,NA,"sedlac",1648,0,NA,"McWethy,David,B.;Wilmshurst,Janet,M.;Whitlock,C.;Wood,Jamie,R.;McGlone,Matt,S.;. Lake Kirkpatrick. NOAA/WDS Paleoclimatology IMPD study 17174",NA,NA,NA,NA,NA,NA,NA,NA,NA,NA,NA,NA,NA,NA,"https://www.ncei.noaa.gov/access/paleo-search/study/17174",NA,NA,NA,NA,"noaa_study_id=17174; original pub in IMPD datafile header","IMPDv1:IMPD_17174",1648,"Whitlock,C.",1,"Whitlock","C.","",NA,NA,NA,NA,NA,NA,NA,NA,"IMPDv1:IMPD_17174",1648,"IMPDv1","IMPD_17174",NA,113,113,"cm",1,"Radiocarbon","AMS",635,15,NA,NA,"KCCAMS-102194",TRUE,NA,"NA Date is in uncalibrated radiocarbon years.","Lake Kirkpatrick_SIEVED","counted","NaN-NaN",NA,NA,"",635,620,650,635,113,1,"NA Date is in uncalibrated radiocarbon years.",". Cal curve: NA. Source DB: IMPDv1","Lacustrine","Carbon-14","Radiocarbon",-53.5,1482.5,"Calibrated radiocarbon years BP","sedimentary charcoal","Data Sourcing: IMPDv1","Sample Age Source: IMPDv1"
"1648",108,"charcoal | num",NA,108,NA,NA,591.5,551,632,"IMPDv1","Charcoal (sum)","(additional options)",NA,NA,"False","False","number","Macroscopic charcoal (sieved)","direct",NA,"CHAR",46,NA,NA,"quant_raw",5,"volume","cm^3","IMPDv1","IMPD_17174","charcoal","count","char","wet_sieve","particle","num","count","no_size","num","IMPDv1","measured",1,"IMPDv1",NA,"Lake Kirkpatrick",-45.02706,168.57374,570,"south",NA,NA,"sedlac",1648,0,NA,"McWethy,David,B.;Wilmshurst,Janet,M.;Whitlock,C.;Wood,Jamie,R.;McGlone,Matt,S.;. Lake Kirkpatrick. NOAA/WDS Paleoclimatology IMPD study 17174",NA,NA,NA,NA,NA,NA,NA,NA,NA,NA,NA,NA,NA,NA,"https://www.ncei.noaa.gov/access/paleo-search/study/17174",NA,NA,NA,NA,"noaa_study_id=17174; original pub in IMPD datafile header","IMPDv1:IMPD_17174",1648,"Whitlock,C.",1,"Whitlock","C.","",NA,NA,NA,NA,NA,NA,NA,NA,"IMPDv1:IMPD_17174",1648,"IMPDv1","IMPD_17174",NA,113,113,"cm",1,"Radiocarbon","AMS",635,15,NA,NA,"KCCAMS-102194",TRUE,NA,"NA Date is in uncalibrated radiocarbon years.","Lake Kirkpatrick_SIEVED","counted","NaN-NaN",NA,NA,"",635,620,650,635,113,1,"NA Date is in uncalibrated radiocarbon years.",". Cal curve: NA. Source DB: IMPDv1","Lacustrine","Carbon-14","Radiocarbon",-53.5,1482.5,"Calibrated radiocarbon years BP","sedimentary charcoal","Data Sourcing: IMPDv1","Sample Age Source: IMPDv1"
"1648",109,"charcoal | num",NA,109,NA,NA,592.5,555,630,"IMPDv1","Charcoal (sum)","(additional options)",NA,NA,"False","False","number","Macroscopic charcoal (sieved)","direct",NA,"CHAR",107,NA,NA,"quant_raw",5,"volume","cm^3","IMPDv1","IMPD_17174","charcoal","count","char","wet_sieve","particle","num","count","no_size","num","IMPDv1","measured",1,"IMPDv1",NA,"Lake Kirkpatrick",-45.02706,168.57374,570,"south",NA,NA,"sedlac",1648,0,NA,"McWethy,David,B.;Wilmshurst,Janet,M.;Whitlock,C.;Wood,Jamie,R.;McGlone,Matt,S.;. Lake Kirkpatrick. NOAA/WDS Paleoclimatology IMPD study 17174",NA,NA,NA,NA,NA,NA,NA,NA,NA,NA,NA,NA,NA,NA,"https://www.ncei.noaa.gov/access/paleo-search/study/17174",NA,NA,NA,NA,"noaa_study_id=17174; original pub in IMPD datafile header","IMPDv1:IMPD_17174",1648,"Whitlock,C.",1,"Whitlock","C.","",NA,NA,NA,NA,NA,NA,NA,NA,"IMPDv1:IMPD_17174",1648,"IMPDv1","IMPD_17174",NA,113,113,"cm",1,"Radiocarbon","AMS",635,15,NA,NA,"KCCAMS-102194",TRUE,NA,"NA Date is in uncalibrated radiocarbon years.","Lake Kirkpatrick_SIEVED","counted","NaN-NaN",NA,NA,"",635,620,650,635,113,1,"NA Date is in uncalibrated radiocarbon years.",". Cal curve: NA. Source DB: IMPDv1","Lacustrine","Carbon-14","Radiocarbon",-53.5,1482.5,"Calibrated radiocarbon years BP","sedimentary charcoal","Data Sourcing: IMPDv1","Sample Age Source: IMPDv1"
"1648",110,"charcoal | num",NA,110,NA,NA,594.5,558,631,"IMPDv1","Charcoal (sum)","(additional options)",NA,NA,"False","False","number","Macroscopic charcoal (sieved)","direct",NA,"CHAR",10,NA,NA,"quant_raw",5,"volume","cm^3","IMPDv1","IMPD_17174","charcoal","count","char","wet_sieve","particle","num","count","no_size","num","IMPDv1","measured",1,"IMPDv1",NA,"Lake Kirkpatrick",-45.02706,168.57374,570,"south",NA,NA,"sedlac",1648,0,NA,"McWethy,David,B.;Wilmshurst,Janet,M.;Whitlock,C.;Wood,Jamie,R.;McGlone,Matt,S.;. Lake Kirkpatrick. NOAA/WDS Paleoclimatology IMPD study 17174",NA,NA,NA,NA,NA,NA,NA,NA,NA,NA,NA,NA,NA,NA,"https://www.ncei.noaa.gov/access/paleo-search/study/17174",NA,NA,NA,NA,"noaa_study_id=17174; original pub in IMPD datafile header","IMPDv1:IMPD_17174",1648,"Whitlock,C.",1,"Whitlock","C.","",NA,NA,NA,NA,NA,NA,NA,NA,"IMPDv1:IMPD_17174",1648,"IMPDv1","IMPD_17174",NA,113,113,"cm",1,"Radiocarbon","AMS",635,15,NA,NA,"KCCAMS-102194",TRUE,NA,"NA Date is in uncalibrated radiocarbon years.","Lake Kirkpatrick_SIEVED","counted","NaN-NaN",NA,NA,"",635,620,650,635,113,1,"NA Date is in uncalibrated radiocarbon years.",". Cal curve: NA. Source DB: IMPDv1","Lacustrine","Carbon-14","Radiocarbon",-53.5,1482.5,"Calibrated radiocarbon years BP","sedimentary charcoal","Data Sourcing: IMPDv1","Sample Age Source: IMPDv1"
"1648",111,"charcoal | num",NA,111,NA,NA,595.5,560,631,"IMPDv1","Charcoal (sum)","(additional options)",NA,NA,"False","False","number","Macroscopic charcoal (sieved)","direct",NA,"CHAR",10,NA,NA,"quant_raw",5,"volume","cm^3","IMPDv1","IMPD_17174","charcoal","count","char","wet_sieve","particle","num","count","no_size","num","IMPDv1","measured",1,"IMPDv1",NA,"Lake Kirkpatrick",-45.02706,168.57374,570,"south",NA,NA,"sedlac",1648,0,NA,"McWethy,David,B.;Wilmshurst,Janet,M.;Whitlock,C.;Wood,Jamie,R.;McGlone,Matt,S.;. Lake Kirkpatrick. NOAA/WDS Paleoclimatology IMPD study 17174",NA,NA,NA,NA,NA,NA,NA,NA,NA,NA,NA,NA,NA,NA,"https://www.ncei.noaa.gov/access/paleo-search/study/17174",NA,NA,NA,NA,"noaa_study_id=17174; original pub in IMPD datafile header","IMPDv1:IMPD_17174",1648,"Whitlock,C.",1,"Whitlock","C.","",NA,NA,NA,NA,NA,NA,NA,NA,"IMPDv1:IMPD_17174",1648,"IMPDv1","IMPD_17174",NA,113,113,"cm",1,"Radiocarbon","AMS",635,15,NA,NA,"KCCAMS-102194",TRUE,NA,"NA Date is in uncalibrated radiocarbon years.","Lake Kirkpatrick_SIEVED","counted","NaN-NaN",NA,NA,"",635,620,650,635,113,1,"NA Date is in uncalibrated radiocarbon years.",". Cal curve: NA. Source DB: IMPDv1","Lacustrine","Carbon-14","Radiocarbon",-53.5,1482.5,"Calibrated radiocarbon years BP","sedimentary charcoal","Data Sourcing: IMPDv1","Sample Age Source: IMPDv1"
"1648",112,"charcoal | num",NA,112,NA,NA,596.5,561,632,"IMPDv1","Charcoal (sum)","(additional options)",NA,NA,"False","False","number","Macroscopic charcoal (sieved)","direct",NA,"CHAR",3,NA,NA,"quant_raw",5,"volume","cm^3","IMPDv1","IMPD_17174","charcoal","count","char","wet_sieve","particle","num","count","no_size","num","IMPDv1","measured",1,"IMPDv1",NA,"Lake Kirkpatrick",-45.02706,168.57374,570,"south",NA,NA,"sedlac",1648,0,NA,"McWethy,David,B.;Wilmshurst,Janet,M.;Whitlock,C.;Wood,Jamie,R.;McGlone,Matt,S.;. Lake Kirkpatrick. NOAA/WDS Paleoclimatology IMPD study 17174",NA,NA,NA,NA,NA,NA,NA,NA,NA,NA,NA,NA,NA,NA,"https://www.ncei.noaa.gov/access/paleo-search/study/17174",NA,NA,NA,NA,"noaa_study_id=17174; original pub in IMPD datafile header","IMPDv1:IMPD_17174",1648,"Whitlock,C.",1,"Whitlock","C.","",NA,NA,NA,NA,NA,NA,NA,NA,"IMPDv1:IMPD_17174",1648,"IMPDv1","IMPD_17174",NA,114,114,"cm",1,"Radiocarbon","AMS",670,30,NA,NA,"KCCAMS-102195",TRUE,NA,"NA Date is in uncalibrated radiocarbon years.","Lake Kirkpatrick_SIEVED","counted","NaN-NaN",NA,NA,"",670,640,700,670,114,1,"NA Date is in uncalibrated radiocarbon years.",". Cal curve: NA. Source DB: IMPDv1","Lacustrine","Carbon-14","Radiocarbon",-53.5,1482.5,"Calibrated radiocarbon years BP","sedimentary charcoal","Data Sourcing: IMPDv1","Sample Age Source: IMPDv1"
"1648",113,"charcoal | num",NA,113,NA,NA,598.5,562,635,"IMPDv1","Charcoal (sum)","(additional options)",NA,NA,"False","False","number","Macroscopic charcoal (sieved)","direct",NA,"CHAR",1,NA,NA,"quant_raw",5,"volume","cm^3","IMPDv1","IMPD_17174","charcoal","count","char","wet_sieve","particle","num","count","no_size","num","IMPDv1","measured",1,"IMPDv1",NA,"Lake Kirkpatrick",-45.02706,168.57374,570,"south",NA,NA,"sedlac",1648,0,NA,"McWethy,David,B.;Wilmshurst,Janet,M.;Whitlock,C.;Wood,Jamie,R.;McGlone,Matt,S.;. Lake Kirkpatrick. NOAA/WDS Paleoclimatology IMPD study 17174",NA,NA,NA,NA,NA,NA,NA,NA,NA,NA,NA,NA,NA,NA,"https://www.ncei.noaa.gov/access/paleo-search/study/17174",NA,NA,NA,NA,"noaa_study_id=17174; original pub in IMPD datafile header","IMPDv1:IMPD_17174",1648,"Whitlock,C.",1,"Whitlock","C.","",NA,NA,NA,NA,NA,NA,NA,NA,"IMPDv1:IMPD_17174",1648,"IMPDv1","IMPD_17174",NA,114,114,"cm",1,"Radiocarbon","AMS",670,30,NA,NA,"KCCAMS-102195",TRUE,NA,"NA Date is in uncalibrated radiocarbon years.","Lake Kirkpatrick_SIEVED","counted","NaN-NaN",NA,NA,"",670,640,700,670,114,1,"NA Date is in uncalibrated radiocarbon years.",". Cal curve: NA. Source DB: IMPDv1","Lacustrine","Carbon-14","Radiocarbon",-53.5,1482.5,"Calibrated radiocarbon years BP","sedimentary charcoal","Data Sourcing: IMPDv1","Sample Age Source: IMPDv1"
"1648",114,"charcoal | num",NA,114,NA,NA,600.5,563,638,"IMPDv1","Charcoal (sum)","(additional options)",NA,NA,"False","False","number","Macroscopic charcoal (sieved)","direct",NA,"CHAR",3,NA,NA,"quant_raw",5,"volume","cm^3","IMPDv1","IMPD_17174","charcoal","count","char","wet_sieve","particle","num","count","no_size","num","IMPDv1","measured",1,"IMPDv1",NA,"Lake Kirkpatrick",-45.02706,168.57374,570,"south",NA,NA,"sedlac",1648,0,NA,"McWethy,David,B.;Wilmshurst,Janet,M.;Whitlock,C.;Wood,Jamie,R.;McGlone,Matt,S.;. Lake Kirkpatrick. NOAA/WDS Paleoclimatology IMPD study 17174",NA,NA,NA,NA,NA,NA,NA,NA,NA,NA,NA,NA,NA,NA,"https://www.ncei.noaa.gov/access/paleo-search/study/17174",NA,NA,NA,NA,"noaa_study_id=17174; original pub in IMPD datafile header","IMPDv1:IMPD_17174",1648,"Wood,Jamie,R.",1,"Wood","","Jamie,R.",NA,NA,NA,NA,NA,NA,NA,NA,"IMPDv1:IMPD_17174",1648,"IMPDv1","IMPD_17174",NA,114,114,"cm",1,"Radiocarbon","AMS",670,30,NA,NA,"KCCAMS-102195",TRUE,NA,"NA Date is in uncalibrated radiocarbon years.","Lake Kirkpatrick_SIEVED","counted","NaN-NaN",NA,NA,"",670,640,700,670,114,1,"NA Date is in uncalibrated radiocarbon years.",". Cal curve: NA. Source DB: IMPDv1","Lacustrine","Carbon-14","Radiocarbon",-53.5,1482.5,"Calibrated radiocarbon years BP","sedimentary charcoal","Data Sourcing: IMPDv1","Sample Age Source: IMPDv1"
"1648",115,"charcoal | num",NA,115,NA,NA,602.5,564,641,"IMPDv1","Charcoal (sum)","(additional options)",NA,NA,"False","False","number","Macroscopic charcoal (sieved)","direct",NA,"CHAR",0,NA,NA,"quant_raw",5,"volume","cm^3","IMPDv1","IMPD_17174","charcoal","count","char","wet_sieve","particle","num","count","no_size","num","IMPDv1","measured",1,"IMPDv1",NA,"Lake Kirkpatrick",-45.02706,168.57374,570,"south",NA,NA,"sedlac",1648,0,NA,"McWethy,David,B.;Wilmshurst,Janet,M.;Whitlock,C.;Wood,Jamie,R.;McGlone,Matt,S.;. Lake Kirkpatrick. NOAA/WDS Paleoclimatology IMPD study 17174",NA,NA,NA,NA,NA,NA,NA,NA,NA,NA,NA,NA,NA,NA,"https://www.ncei.noaa.gov/access/paleo-search/study/17174",NA,NA,NA,NA,"noaa_study_id=17174; original pub in IMPD datafile header","IMPDv1:IMPD_17174",1648,"Wood,Jamie,R.",1,"Wood","","Jamie,R.",NA,NA,NA,NA,NA,NA,NA,NA,"IMPDv1:IMPD_17174",1648,"IMPDv1","IMPD_17174",NA,114,114,"cm",1,"Radiocarbon","AMS",670,30,NA,NA,"KCCAMS-102195",TRUE,NA,"NA Date is in uncalibrated radiocarbon years.","Lake Kirkpatrick_SIEVED","counted","NaN-NaN",NA,NA,"",670,640,700,670,114,1,"NA Date is in uncalibrated radiocarbon years.",". Cal curve: NA. Source DB: IMPDv1","Lacustrine","Carbon-14","Radiocarbon",-53.5,1482.5,"Calibrated radiocarbon years BP","sedimentary charcoal","Data Sourcing: IMPDv1","Sample Age Source: IMPDv1"
"1648",116,"charcoal | num",NA,116,NA,NA,604.5,563,646,"IMPDv1","Charcoal (sum)","(additional options)",NA,NA,"False","False","number","Macroscopic charcoal (sieved)","direct",NA,"CHAR",6,NA,NA,"quant_raw",5,"volume","cm^3","IMPDv1","IMPD_17174","charcoal","count","char","wet_sieve","particle","num","count","no_size","num","IMPDv1","measured",1,"IMPDv1",NA,"Lake Kirkpatrick",-45.02706,168.57374,570,"south",NA,NA,"sedlac",1648,0,NA,"McWethy,David,B.;Wilmshurst,Janet,M.;Whitlock,C.;Wood,Jamie,R.;McGlone,Matt,S.;. Lake Kirkpatrick. NOAA/WDS Paleoclimatology IMPD study 17174",NA,NA,NA,NA,NA,NA,NA,NA,NA,NA,NA,NA,NA,NA,"https://www.ncei.noaa.gov/access/paleo-search/study/17174",NA,NA,NA,NA,"noaa_study_id=17174; original pub in IMPD datafile header","IMPDv1:IMPD_17174",1648,"Wood,Jamie,R.",1,"Wood","","Jamie,R.",NA,NA,NA,NA,NA,NA,NA,NA,"IMPDv1:IMPD_17174",1648,"IMPDv1","IMPD_17174",NA,114,114,"cm",1,"Radiocarbon","AMS",670,30,NA,NA,"KCCAMS-102195",TRUE,NA,"NA Date is in uncalibrated radiocarbon years.","Lake Kirkpatrick_SIEVED","counted","NaN-NaN",NA,NA,"",670,640,700,670,114,1,"NA Date is in uncalibrated radiocarbon years.",". Cal curve: NA. Source DB: IMPDv1","Lacustrine","Carbon-14","Radiocarbon",-53.5,1482.5,"Calibrated radiocarbon years BP","sedimentary charcoal","Data Sourcing: IMPDv1","Sample Age Source: IMPDv1"
"1648",117,"charcoal | num",NA,117,NA,NA,605,559,651,"IMPDv1","Charcoal (sum)","(additional options)",NA,NA,"False","False","number","Macroscopic charcoal (sieved)","direct",NA,"CHAR",0,NA,NA,"quant_raw",5,"volume","cm^3","IMPDv1","IMPD_17174","charcoal","count","char","wet_sieve","particle","num","count","no_size","num","IMPDv1","measured",1,"IMPDv1",NA,"Lake Kirkpatrick",-45.02706,168.57374,570,"south",NA,NA,"sedlac",1648,0,NA,"McWethy,David,B.;Wilmshurst,Janet,M.;Whitlock,C.;Wood,Jamie,R.;McGlone,Matt,S.;. Lake Kirkpatrick. NOAA/WDS Paleoclimatology IMPD study 17174",NA,NA,NA,NA,NA,NA,NA,NA,NA,NA,NA,NA,NA,NA,"https://www.ncei.noaa.gov/access/paleo-search/study/17174",NA,NA,NA,NA,"noaa_study_id=17174; original pub in IMPD datafile header","IMPDv1:IMPD_17174",1648,"Wood,Jamie,R.",1,"Wood","","Jamie,R.",NA,NA,NA,NA,NA,NA,NA,NA,"IMPDv1:IMPD_17174",1648,"IMPDv1","IMPD_17174",NA,114,114,"cm",1,"Radiocarbon","AMS",670,30,NA,NA,"KCCAMS-102195",TRUE,NA,"NA Date is in uncalibrated radiocarbon years.","Lake Kirkpatrick_SIEVED","counted","NaN-NaN",NA,NA,"",670,640,700,670,114,1,"NA Date is in uncalibrated radiocarbon years.",". Cal curve: NA. Source DB: IMPDv1","Lacustrine","Carbon-14","Radiocarbon",-53.5,1482.5,"Calibrated radiocarbon years BP","sedimentary charcoal","Data Sourcing: IMPDv1","Sample Age Source: IMPDv1"
"1648",118,"charcoal | num",NA,118,NA,NA,608,568,648,"IMPDv1","Charcoal (sum)","(additional options)",NA,NA,"False","False","number","Macroscopic charcoal (sieved)","direct",NA,"CHAR",1,NA,NA,"quant_raw",5,"volume","cm^3","IMPDv1","IMPD_17174","charcoal","count","char","wet_sieve","particle","num","count","no_size","num","IMPDv1","measured",1,"IMPDv1",NA,"Lake Kirkpatrick",-45.02706,168.57374,570,"south",NA,NA,"sedlac",1648,0,NA,"McWethy,David,B.;Wilmshurst,Janet,M.;Whitlock,C.;Wood,Jamie,R.;McGlone,Matt,S.;. Lake Kirkpatrick. NOAA/WDS Paleoclimatology IMPD study 17174",NA,NA,NA,NA,NA,NA,NA,NA,NA,NA,NA,NA,NA,NA,"https://www.ncei.noaa.gov/access/paleo-search/study/17174",NA,NA,NA,NA,"noaa_study_id=17174; original pub in IMPD datafile header","IMPDv1:IMPD_17174",1648,"Wood,Jamie,R.",1,"Wood","","Jamie,R.",NA,NA,NA,NA,NA,NA,NA,NA,"IMPDv1:IMPD_17174",1648,"IMPDv1","IMPD_17174",NA,114,114,"cm",1,"Radiocarbon","AMS",670,30,NA,NA,"KCCAMS-102195",TRUE,NA,"NA Date is in uncalibrated radiocarbon years.","Lake Kirkpatrick_SIEVED","counted","NaN-NaN",NA,NA,"",670,640,700,670,114,1,"NA Date is in uncalibrated radiocarbon years.",". Cal curve: NA. Source DB: IMPDv1","Lacustrine","Carbon-14","Radiocarbon",-53.5,1482.5,"Calibrated radiocarbon years BP","sedimentary charcoal","Data Sourcing: IMPDv1","Sample Age Source: IMPDv1"
"1648",119,"charcoal | num",NA,119,NA,NA,611,571,651,"IMPDv1","Charcoal (sum)","(additional options)",NA,NA,"False","False","number","Macroscopic charcoal (sieved)","direct",NA,"CHAR",1,NA,NA,"quant_raw",5,"volume","cm^3","IMPDv1","IMPD_17174","charcoal","count","char","wet_sieve","particle","num","count","no_size","num","IMPDv1","measured",1,"IMPDv1",NA,"Lake Kirkpatrick",-45.02706,168.57374,570,"south",NA,NA,"sedlac",1648,0,NA,"McWethy,David,B.;Wilmshurst,Janet,M.;Whitlock,C.;Wood,Jamie,R.;McGlone,Matt,S.;. Lake Kirkpatrick. NOAA/WDS Paleoclimatology IMPD study 17174",NA,NA,NA,NA,NA,NA,NA,NA,NA,NA,NA,NA,NA,NA,"https://www.ncei.noaa.gov/access/paleo-search/study/17174",NA,NA,NA,NA,"noaa_study_id=17174; original pub in IMPD datafile header","IMPDv1:IMPD_17174",1648,"Wood,Jamie,R.",1,"Wood","","Jamie,R.",NA,NA,NA,NA,NA,NA,NA,NA,"IMPDv1:IMPD_17174",1648,"IMPDv1","IMPD_17174",NA,114,114,"cm",1,"Radiocarbon","AMS",670,30,NA,NA,"KCCAMS-102195",TRUE,NA,"NA Date is in uncalibrated radiocarbon years.","Lake Kirkpatrick_SIEVED","counted","NaN-NaN",NA,NA,"",670,640,700,670,114,1,"NA Date is in uncalibrated radiocarbon years.",". Cal curve: NA. Source DB: IMPDv1","Lacustrine","Carbon-14","Radiocarbon",-53.5,1482.5,"Calibrated radiocarbon years BP","sedimentary charcoal","Data Sourcing: IMPDv1","Sample Age Source: IMPDv1"
"1648",120,"charcoal | num",NA,120,NA,NA,614.5,568,661,"IMPDv1","Charcoal (sum)","(additional options)",NA,NA,"False","False","number","Macroscopic charcoal (sieved)","direct",NA,"CHAR",1,NA,NA,"quant_raw",5,"volume","cm^3","IMPDv1","IMPD_17174","charcoal","count","char","wet_sieve","particle","num","count","no_size","num","IMPDv1","measured",1,"IMPDv1",NA,"Lake Kirkpatrick",-45.02706,168.57374,570,"south",NA,NA,"sedlac",1648,0,NA,"McWethy,David,B.;Wilmshurst,Janet,M.;Whitlock,C.;Wood,Jamie,R.;McGlone,Matt,S.;. Lake Kirkpatrick. NOAA/WDS Paleoclimatology IMPD study 17174",NA,NA,NA,NA,NA,NA,NA,NA,NA,NA,NA,NA,NA,NA,"https://www.ncei.noaa.gov/access/paleo-search/study/17174",NA,NA,NA,NA,"noaa_study_id=17174; original pub in IMPD datafile header","IMPDv1:IMPD_17174",1648,"Wood,Jamie,R.",1,"Wood","","Jamie,R.",NA,NA,NA,NA,NA,NA,NA,NA,"IMPDv1:IMPD_17174",1648,"IMPDv1","IMPD_17174",NA,114,114,"cm",1,"Radiocarbon","AMS",670,30,NA,NA,"KCCAMS-102195",TRUE,NA,"NA Date is in uncalibrated radiocarbon years.","Lake Kirkpatrick_SIEVED","counted","NaN-NaN",NA,NA,"",670,640,700,670,114,1,"NA Date is in uncalibrated radiocarbon years.",". Cal curve: NA. Source DB: IMPDv1","Lacustrine","Carbon-14","Radiocarbon",-53.5,1482.5,"Calibrated radiocarbon years BP","sedimentary charcoal","Data Sourcing: IMPDv1","Sample Age Source: IMPDv1"
"1648",121,"charcoal | num",NA,121,NA,NA,627,581,673,"IMPDv1","Charcoal (sum)","(additional options)",NA,NA,"False","False","number","Macroscopic charcoal (sieved)","direct",NA,"CHAR",0,NA,NA,"quant_raw",5,"volume","cm^3","IMPDv1","IMPD_17174","charcoal","count","char","wet_sieve","particle","num","count","no_size","num","IMPDv1","measured",1,"IMPDv1",NA,"Lake Kirkpatrick",-45.02706,168.57374,570,"south",NA,NA,"sedlac",1648,0,NA,"McWethy,David,B.;Wilmshurst,Janet,M.;Whitlock,C.;Wood,Jamie,R.;McGlone,Matt,S.;. Lake Kirkpatrick. NOAA/WDS Paleoclimatology IMPD study 17174",NA,NA,NA,NA,NA,NA,NA,NA,NA,NA,NA,NA,NA,NA,"https://www.ncei.noaa.gov/access/paleo-search/study/17174",NA,NA,NA,NA,"noaa_study_id=17174; original pub in IMPD datafile header","IMPDv1:IMPD_17174",1648,"Wood,Jamie,R.",1,"Wood","","Jamie,R.",NA,NA,NA,NA,NA,NA,NA,NA,"IMPDv1:IMPD_17174",1648,"IMPDv1","IMPD_17174",NA,114,114,"cm",1,"Radiocarbon","AMS",670,30,NA,NA,"KCCAMS-102195",TRUE,NA,"NA Date is in uncalibrated radiocarbon years.","Lake Kirkpatrick_SIEVED","counted","NaN-NaN",NA,NA,"",670,640,700,670,114,1,"NA Date is in uncalibrated radiocarbon years.",". Cal curve: NA. Source DB: IMPDv1","Lacustrine","Carbon-14","Radiocarbon",-53.5,1482.5,"Calibrated radiocarbon years BP","sedimentary charcoal","Data Sourcing: IMPDv1","Sample Age Source: IMPDv1"
"1648",122,"charcoal | num",NA,122,NA,NA,639,594,684,"IMPDv1","Charcoal (sum)","(additional options)",NA,NA,"False","False","number","Macroscopic charcoal (sieved)","direct",NA,"CHAR",2,NA,NA,"quant_raw",5,"volume","cm^3","IMPDv1","IMPD_17174","charcoal","count","char","wet_sieve","particle","num","count","no_size","num","IMPDv1","measured",1,"IMPDv1",NA,"Lake Kirkpatrick",-45.02706,168.57374,570,"south",NA,NA,"sedlac",1648,0,NA,"McWethy,David,B.;Wilmshurst,Janet,M.;Whitlock,C.;Wood,Jamie,R.;McGlone,Matt,S.;. Lake Kirkpatrick. NOAA/WDS Paleoclimatology IMPD study 17174",NA,NA,NA,NA,NA,NA,NA,NA,NA,NA,NA,NA,NA,NA,"https://www.ncei.noaa.gov/access/paleo-search/study/17174",NA,NA,NA,NA,"noaa_study_id=17174; original pub in IMPD datafile header","IMPDv1:IMPD_17174",1648,"Wood,Jamie,R.",1,"Wood","","Jamie,R.",NA,NA,NA,NA,NA,NA,NA,NA,"IMPDv1:IMPD_17174",1648,"IMPDv1","IMPD_17174",NA,114,114,"cm",1,"Radiocarbon","AMS",670,30,NA,NA,"KCCAMS-102195",TRUE,NA,"NA Date is in uncalibrated radiocarbon years.","Lake Kirkpatrick_SIEVED","counted","NaN-NaN",NA,NA,"",670,640,700,670,114,1,"NA Date is in uncalibrated radiocarbon years.",". Cal curve: NA. Source DB: IMPDv1","Lacustrine","Carbon-14","Radiocarbon",-53.5,1482.5,"Calibrated radiocarbon years BP","sedimentary charcoal","Data Sourcing: IMPDv1","Sample Age Source: IMPDv1"
"1648",123,"charcoal | num",NA,123,NA,NA,651.5,607,696,"IMPDv1","Charcoal (sum)","(additional options)",NA,NA,"False","False","number","Macroscopic charcoal (sieved)","direct",NA,"CHAR",2,NA,NA,"quant_raw",5,"volume","cm^3","IMPDv1","IMPD_17174","charcoal","count","char","wet_sieve","particle","num","count","no_size","num","IMPDv1","measured",1,"IMPDv1",NA,"Lake Kirkpatrick",-45.02706,168.57374,570,"south",NA,NA,"sedlac",1648,0,NA,"McWethy,David,B.;Wilmshurst,Janet,M.;Whitlock,C.;Wood,Jamie,R.;McGlone,Matt,S.;. Lake Kirkpatrick. NOAA/WDS Paleoclimatology IMPD study 17174",NA,NA,NA,NA,NA,NA,NA,NA,NA,NA,NA,NA,NA,NA,"https://www.ncei.noaa.gov/access/paleo-search/study/17174",NA,NA,NA,NA,"noaa_study_id=17174; original pub in IMPD datafile header","IMPDv1:IMPD_17174",1648,"Wood,Jamie,R.",1,"Wood","","Jamie,R.",NA,NA,NA,NA,NA,NA,NA,NA,"IMPDv1:IMPD_17174",1648,"IMPDv1","IMPD_17174",NA,114,114,"cm",1,"Radiocarbon","AMS",670,30,NA,NA,"KCCAMS-102195",TRUE,NA,"NA Date is in uncalibrated radiocarbon years.","Lake Kirkpatrick_SIEVED","counted","NaN-NaN",NA,NA,"",670,640,700,670,114,1,"NA Date is in uncalibrated radiocarbon years.",". Cal curve: NA. Source DB: IMPDv1","Lacustrine","Carbon-14","Radiocarbon",-53.5,1482.5,"Calibrated radiocarbon years BP","sedimentary charcoal","Data Sourcing: IMPDv1","Sample Age Source: IMPDv1"
"1648",124,"charcoal | num",NA,124,NA,NA,663.5,620,707,"IMPDv1","Charcoal (sum)","(additional options)",NA,NA,"False","False","number","Macroscopic charcoal (sieved)","direct",NA,"CHAR",1,NA,NA,"quant_raw",5,"volume","cm^3","IMPDv1","IMPD_17174","charcoal","count","char","wet_sieve","particle","num","count","no_size","num","IMPDv1","measured",1,"IMPDv1",NA,"Lake Kirkpatrick",-45.02706,168.57374,570,"south",NA,NA,"sedlac",1648,0,NA,"McWethy,David,B.;Wilmshurst,Janet,M.;Whitlock,C.;Wood,Jamie,R.;McGlone,Matt,S.;. Lake Kirkpatrick. NOAA/WDS Paleoclimatology IMPD study 17174",NA,NA,NA,NA,NA,NA,NA,NA,NA,NA,NA,NA,NA,NA,"https://www.ncei.noaa.gov/access/paleo-search/study/17174",NA,NA,NA,NA,"noaa_study_id=17174; original pub in IMPD datafile header","IMPDv1:IMPD_17174",1648,"Wood,Jamie,R.",1,"Wood","","Jamie,R.",NA,NA,NA,NA,NA,NA,NA,NA,"IMPDv1:IMPD_17174",1648,"IMPDv1","IMPD_17174",NA,114,114,"cm",1,"Radiocarbon","AMS",670,30,NA,NA,"KCCAMS-102195",TRUE,NA,"NA Date is in uncalibrated radiocarbon years.","Lake Kirkpatrick_SIEVED","counted","NaN-NaN",NA,NA,"",670,640,700,670,114,1,"NA Date is in uncalibrated radiocarbon years.",". Cal curve: NA. Source DB: IMPDv1","Lacustrine","Carbon-14","Radiocarbon",-53.5,1482.5,"Calibrated radiocarbon years BP","sedimentary charcoal","Data Sourcing: IMPDv1","Sample Age Source: IMPDv1"
"1648",125,"charcoal | num",NA,125,NA,NA,676,633,719,"IMPDv1","Charcoal (sum)","(additional options)",NA,NA,"False","False","number","Macroscopic charcoal (sieved)","direct",NA,"CHAR",4,NA,NA,"quant_raw",5,"volume","cm^3","IMPDv1","IMPD_17174","charcoal","count","char","wet_sieve","particle","num","count","no_size","num","IMPDv1","measured",1,"IMPDv1",NA,"Lake Kirkpatrick",-45.02706,168.57374,570,"south",NA,NA,"sedlac",1648,0,NA,"McWethy,David,B.;Wilmshurst,Janet,M.;Whitlock,C.;Wood,Jamie,R.;McGlone,Matt,S.;. Lake Kirkpatrick. NOAA/WDS Paleoclimatology IMPD study 17174",NA,NA,NA,NA,NA,NA,NA,NA,NA,NA,NA,NA,NA,NA,"https://www.ncei.noaa.gov/access/paleo-search/study/17174",NA,NA,NA,NA,"noaa_study_id=17174; original pub in IMPD datafile header","IMPDv1:IMPD_17174",1648,"Wood,Jamie,R.",1,"Wood","","Jamie,R.",NA,NA,NA,NA,NA,NA,NA,NA,"IMPDv1:IMPD_17174",1648,"IMPDv1","IMPD_17174",NA,114,114,"cm",1,"Radiocarbon","AMS",670,30,NA,NA,"KCCAMS-102195",TRUE,NA,"NA Date is in uncalibrated radiocarbon years.","Lake Kirkpatrick_SIEVED","counted","NaN-NaN",NA,NA,"",670,640,700,670,114,1,"NA Date is in uncalibrated radiocarbon years.",". Cal curve: NA. Source DB: IMPDv1","Lacustrine","Carbon-14","Radiocarbon",-53.5,1482.5,"Calibrated radiocarbon years BP","sedimentary charcoal","Data Sourcing: IMPDv1","Sample Age Source: IMPDv1"
"1648",126,"charcoal | num",NA,126,NA,NA,688.5,646,731,"IMPDv1","Charcoal (sum)","(additional options)",NA,NA,"False","False","number","Macroscopic charcoal (sieved)","direct",NA,"CHAR",2,NA,NA,"quant_raw",5,"volume","cm^3","IMPDv1","IMPD_17174","charcoal","count","char","wet_sieve","particle","num","count","no_size","num","IMPDv1","measured",1,"IMPDv1",NA,"Lake Kirkpatrick",-45.02706,168.57374,570,"south",NA,NA,"sedlac",1648,0,NA,"McWethy,David,B.;Wilmshurst,Janet,M.;Whitlock,C.;Wood,Jamie,R.;McGlone,Matt,S.;. Lake Kirkpatrick. NOAA/WDS Paleoclimatology IMPD study 17174",NA,NA,NA,NA,NA,NA,NA,NA,NA,NA,NA,NA,NA,NA,"https://www.ncei.noaa.gov/access/paleo-search/study/17174",NA,NA,NA,NA,"noaa_study_id=17174; original pub in IMPD datafile header","IMPDv1:IMPD_17174",1648,"Wood,Jamie,R.",1,"Wood","","Jamie,R.",NA,NA,NA,NA,NA,NA,NA,NA,"IMPDv1:IMPD_17174",1648,"IMPDv1","IMPD_17174",NA,118,118,"cm",1,"Radiocarbon","AMS",670,20,NA,NA,"KCCAMS-102196",TRUE,NA,"NA Date is in uncalibrated radiocarbon years.","Lake Kirkpatrick_SIEVED","counted","NaN-NaN",NA,NA,"",670,650,690,670,118,1,"NA Date is in uncalibrated radiocarbon years.",". Cal curve: NA. Source DB: IMPDv1","Lacustrine","Carbon-14","Radiocarbon",-53.5,1482.5,"Calibrated radiocarbon years BP","sedimentary charcoal","Data Sourcing: IMPDv1","Sample Age Source: IMPDv1"
"1648",127,"charcoal | num",NA,127,NA,NA,701,659,743,"IMPDv1","Charcoal (sum)","(additional options)",NA,NA,"False","False","number","Macroscopic charcoal (sieved)","direct",NA,"CHAR",0,NA,NA,"quant_raw",5,"volume","cm^3","IMPDv1","IMPD_17174","charcoal","count","char","wet_sieve","particle","num","count","no_size","num","IMPDv1","measured",1,"IMPDv1",NA,"Lake Kirkpatrick",-45.02706,168.57374,570,"south",NA,NA,"sedlac",1648,0,NA,"McWethy,David,B.;Wilmshurst,Janet,M.;Whitlock,C.;Wood,Jamie,R.;McGlone,Matt,S.;. Lake Kirkpatrick. NOAA/WDS Paleoclimatology IMPD study 17174",NA,NA,NA,NA,NA,NA,NA,NA,NA,NA,NA,NA,NA,NA,"https://www.ncei.noaa.gov/access/paleo-search/study/17174",NA,NA,NA,NA,"noaa_study_id=17174; original pub in IMPD datafile header","IMPDv1:IMPD_17174",1648,"Wood,Jamie,R.",1,"Wood","","Jamie,R.",NA,NA,NA,NA,NA,NA,NA,NA,"IMPDv1:IMPD_17174",1648,"IMPDv1","IMPD_17174",NA,118,118,"cm",1,"Radiocarbon","AMS",670,20,NA,NA,"KCCAMS-102196",TRUE,NA,"NA Date is in uncalibrated radiocarbon years.","Lake Kirkpatrick_SIEVED","counted","NaN-NaN",NA,NA,"",670,650,690,670,118,1,"NA Date is in uncalibrated radiocarbon years.",". Cal curve: NA. Source DB: IMPDv1","Lacustrine","Carbon-14","Radiocarbon",-53.5,1482.5,"Calibrated radiocarbon years BP","sedimentary charcoal","Data Sourcing: IMPDv1","Sample Age Source: IMPDv1"
"1648",128,"charcoal | num",NA,128,NA,NA,713,671,755,"IMPDv1","Charcoal (sum)","(additional options)",NA,NA,"False","False","number","Macroscopic charcoal (sieved)","direct",NA,"CHAR",2,NA,NA,"quant_raw",5,"volume","cm^3","IMPDv1","IMPD_17174","charcoal","count","char","wet_sieve","particle","num","count","no_size","num","IMPDv1","measured",1,"IMPDv1",NA,"Lake Kirkpatrick",-45.02706,168.57374,570,"south",NA,NA,"sedlac",1648,0,NA,"McWethy,David,B.;Wilmshurst,Janet,M.;Whitlock,C.;Wood,Jamie,R.;McGlone,Matt,S.;. Lake Kirkpatrick. NOAA/WDS Paleoclimatology IMPD study 17174",NA,NA,NA,NA,NA,NA,NA,NA,NA,NA,NA,NA,NA,NA,"https://www.ncei.noaa.gov/access/paleo-search/study/17174",NA,NA,NA,NA,"noaa_study_id=17174; original pub in IMPD datafile header","IMPDv1:IMPD_17174",1648,"Wood,Jamie,R.",1,"Wood","","Jamie,R.",NA,NA,NA,NA,NA,NA,NA,NA,"IMPDv1:IMPD_17174",1648,"IMPDv1","IMPD_17174",NA,118,118,"cm",1,"Radiocarbon","AMS",670,20,NA,NA,"KCCAMS-102196",TRUE,NA,"NA Date is in uncalibrated radiocarbon years.","Lake Kirkpatrick_SIEVED","counted","NaN-NaN",NA,NA,"",670,650,690,670,118,1,"NA Date is in uncalibrated radiocarbon years.",". Cal curve: NA. Source DB: IMPDv1","Lacustrine","Carbon-14","Radiocarbon",-53.5,1482.5,"Calibrated radiocarbon years BP","sedimentary charcoal","Data Sourcing: IMPDv1","Sample Age Source: IMPDv1"
"1648",129,"charcoal | num",NA,129,NA,NA,725.5,684,767,"IMPDv1","Charcoal (sum)","(additional options)",NA,NA,"False","False","number","Macroscopic charcoal (sieved)","direct",NA,"CHAR",1,NA,NA,"quant_raw",5,"volume","cm^3","IMPDv1","IMPD_17174","charcoal","count","char","wet_sieve","particle","num","count","no_size","num","IMPDv1","measured",1,"IMPDv1",NA,"Lake Kirkpatrick",-45.02706,168.57374,570,"south",NA,NA,"sedlac",1648,0,NA,"McWethy,David,B.;Wilmshurst,Janet,M.;Whitlock,C.;Wood,Jamie,R.;McGlone,Matt,S.;. Lake Kirkpatrick. NOAA/WDS Paleoclimatology IMPD study 17174",NA,NA,NA,NA,NA,NA,NA,NA,NA,NA,NA,NA,NA,NA,"https://www.ncei.noaa.gov/access/paleo-search/study/17174",NA,NA,NA,NA,"noaa_study_id=17174; original pub in IMPD datafile header","IMPDv1:IMPD_17174",1648,"Wood,Jamie,R.",1,"Wood","","Jamie,R.",NA,NA,NA,NA,NA,NA,NA,NA,"IMPDv1:IMPD_17174",1648,"IMPDv1","IMPD_17174",NA,118,118,"cm",1,"Radiocarbon","AMS",670,20,NA,NA,"KCCAMS-102196",TRUE,NA,"NA Date is in uncalibrated radiocarbon years.","Lake Kirkpatrick_SIEVED","counted","NaN-NaN",NA,NA,"",670,650,690,670,118,1,"NA Date is in uncalibrated radiocarbon years.",". Cal curve: NA. Source DB: IMPDv1","Lacustrine","Carbon-14","Radiocarbon",-53.5,1482.5,"Calibrated radiocarbon years BP","sedimentary charcoal","Data Sourcing: IMPDv1","Sample Age Source: IMPDv1"
"1648",130,"charcoal | num",NA,130,NA,NA,738,697,779,"IMPDv1","Charcoal (sum)","(additional options)",NA,NA,"False","False","number","Macroscopic charcoal (sieved)","direct",NA,"CHAR",0,NA,NA,"quant_raw",5,"volume","cm^3","IMPDv1","IMPD_17174","charcoal","count","char","wet_sieve","particle","num","count","no_size","num","IMPDv1","measured",1,"IMPDv1",NA,"Lake Kirkpatrick",-45.02706,168.57374,570,"south",NA,NA,"sedlac",1648,0,NA,"McWethy,David,B.;Wilmshurst,Janet,M.;Whitlock,C.;Wood,Jamie,R.;McGlone,Matt,S.;. Lake Kirkpatrick. NOAA/WDS Paleoclimatology IMPD study 17174",NA,NA,NA,NA,NA,NA,NA,NA,NA,NA,NA,NA,NA,NA,"https://www.ncei.noaa.gov/access/paleo-search/study/17174",NA,NA,NA,NA,"noaa_study_id=17174; original pub in IMPD datafile header","IMPDv1:IMPD_17174",1648,"Wood,Jamie,R.",1,"Wood","","Jamie,R.",NA,NA,NA,NA,NA,NA,NA,NA,"IMPDv1:IMPD_17174",1648,"IMPDv1","IMPD_17174",NA,118,118,"cm",1,"Radiocarbon","AMS",670,20,NA,NA,"KCCAMS-102196",TRUE,NA,"NA Date is in uncalibrated radiocarbon years.","Lake Kirkpatrick_SIEVED","counted","NaN-NaN",NA,NA,"",670,650,690,670,118,1,"NA Date is in uncalibrated radiocarbon years.",". Cal curve: NA. Source DB: IMPDv1","Lacustrine","Carbon-14","Radiocarbon",-53.5,1482.5,"Calibrated radiocarbon years BP","sedimentary charcoal","Data Sourcing: IMPDv1","Sample Age Source: IMPDv1"
"1648",131,"charcoal | num",NA,131,NA,NA,750,709,791,"IMPDv1","Charcoal (sum)","(additional options)",NA,NA,"False","False","number","Macroscopic charcoal (sieved)","direct",NA,"CHAR",1,NA,NA,"quant_raw",5,"volume","cm^3","IMPDv1","IMPD_17174","charcoal","count","char","wet_sieve","particle","num","count","no_size","num","IMPDv1","measured",1,"IMPDv1",NA,"Lake Kirkpatrick",-45.02706,168.57374,570,"south",NA,NA,"sedlac",1648,0,NA,"McWethy,David,B.;Wilmshurst,Janet,M.;Whitlock,C.;Wood,Jamie,R.;McGlone,Matt,S.;. Lake Kirkpatrick. NOAA/WDS Paleoclimatology IMPD study 17174",NA,NA,NA,NA,NA,NA,NA,NA,NA,NA,NA,NA,NA,NA,"https://www.ncei.noaa.gov/access/paleo-search/study/17174",NA,NA,NA,NA,"noaa_study_id=17174; original pub in IMPD datafile header","IMPDv1:IMPD_17174",1648,"Wood,Jamie,R.",1,"Wood","","Jamie,R.",NA,NA,NA,NA,NA,NA,NA,NA,"IMPDv1:IMPD_17174",1648,"IMPDv1","IMPD_17174",NA,118,118,"cm",1,"Radiocarbon","AMS",670,20,NA,NA,"KCCAMS-102196",TRUE,NA,"NA Date is in uncalibrated radiocarbon years.","Lake Kirkpatrick_SIEVED","counted","NaN-NaN",NA,NA,"",670,650,690,670,118,1,"NA Date is in uncalibrated radiocarbon years.",". Cal curve: NA. Source DB: IMPDv1","Lacustrine","Carbon-14","Radiocarbon",-53.5,1482.5,"Calibrated radiocarbon years BP","sedimentary charcoal","Data Sourcing: IMPDv1","Sample Age Source: IMPDv1"
"1648",132,"charcoal | num",NA,132,NA,NA,762,721,803,"IMPDv1","Charcoal (sum)","(additional options)",NA,NA,"False","False","number","Macroscopic charcoal (sieved)","direct",NA,"CHAR",0,NA,NA,"quant_raw",5,"volume","cm^3","IMPDv1","IMPD_17174","charcoal","count","char","wet_sieve","particle","num","count","no_size","num","IMPDv1","measured",1,"IMPDv1",NA,"Lake Kirkpatrick",-45.02706,168.57374,570,"south",NA,NA,"sedlac",1648,0,NA,"McWethy,David,B.;Wilmshurst,Janet,M.;Whitlock,C.;Wood,Jamie,R.;McGlone,Matt,S.;. Lake Kirkpatrick. NOAA/WDS Paleoclimatology IMPD study 17174",NA,NA,NA,NA,NA,NA,NA,NA,NA,NA,NA,NA,NA,NA,"https://www.ncei.noaa.gov/access/paleo-search/study/17174",NA,NA,NA,NA,"noaa_study_id=17174; original pub in IMPD datafile header","IMPDv1:IMPD_17174",1648,"Wood,Jamie,R.",1,"Wood","","Jamie,R.",NA,NA,NA,NA,NA,NA,NA,NA,"IMPDv1:IMPD_17174",1648,"IMPDv1","IMPD_17174",NA,118,118,"cm",1,"Radiocarbon","AMS",670,20,NA,NA,"KCCAMS-102196",TRUE,NA,"NA Date is in uncalibrated radiocarbon years.","Lake Kirkpatrick_SIEVED","counted","NaN-NaN",NA,NA,"",670,650,690,670,118,1,"NA Date is in uncalibrated radiocarbon years.",". Cal curve: NA. Source DB: IMPDv1","Lacustrine","Carbon-14","Radiocarbon",-53.5,1482.5,"Calibrated radiocarbon years BP","sedimentary charcoal","Data Sourcing: IMPDv1","Sample Age Source: IMPDv1"
"1648",133,"charcoal | num",NA,133,NA,NA,774,733,815,"IMPDv1","Charcoal (sum)","(additional options)",NA,NA,"False","False","number","Macroscopic charcoal (sieved)","direct",NA,"CHAR",3,NA,NA,"quant_raw",5,"volume","cm^3","IMPDv1","IMPD_17174","charcoal","count","char","wet_sieve","particle","num","count","no_size","num","IMPDv1","measured",1,"IMPDv1",NA,"Lake Kirkpatrick",-45.02706,168.57374,570,"south",NA,NA,"sedlac",1648,0,NA,"McWethy,David,B.;Wilmshurst,Janet,M.;Whitlock,C.;Wood,Jamie,R.;McGlone,Matt,S.;. Lake Kirkpatrick. NOAA/WDS Paleoclimatology IMPD study 17174",NA,NA,NA,NA,NA,NA,NA,NA,NA,NA,NA,NA,NA,NA,"https://www.ncei.noaa.gov/access/paleo-search/study/17174",NA,NA,NA,NA,"noaa_study_id=17174; original pub in IMPD datafile header","IMPDv1:IMPD_17174",1648,"Wood,Jamie,R.",1,"Wood","","Jamie,R.",NA,NA,NA,NA,NA,NA,NA,NA,"IMPDv1:IMPD_17174",1648,"IMPDv1","IMPD_17174",NA,118,118,"cm",1,"Radiocarbon","AMS",670,20,NA,NA,"KCCAMS-102196",TRUE,NA,"NA Date is in uncalibrated radiocarbon years.","Lake Kirkpatrick_SIEVED","counted","NaN-NaN",NA,NA,"",670,650,690,670,118,1,"NA Date is in uncalibrated radiocarbon years.",". Cal curve: NA. Source DB: IMPDv1","Lacustrine","Carbon-14","Radiocarbon",-53.5,1482.5,"Calibrated radiocarbon years BP","sedimentary charcoal","Data Sourcing: IMPDv1","Sample Age Source: IMPDv1"
"1648",134,"charcoal | num",NA,134,NA,NA,786.5,746,827,"IMPDv1","Charcoal (sum)","(additional options)",NA,NA,"False","False","number","Macroscopic charcoal (sieved)","direct",NA,"CHAR",2,NA,NA,"quant_raw",5,"volume","cm^3","IMPDv1","IMPD_17174","charcoal","count","char","wet_sieve","particle","num","count","no_size","num","IMPDv1","measured",1,"IMPDv1",NA,"Lake Kirkpatrick",-45.02706,168.57374,570,"south",NA,NA,"sedlac",1648,0,NA,"McWethy,David,B.;Wilmshurst,Janet,M.;Whitlock,C.;Wood,Jamie,R.;McGlone,Matt,S.;. Lake Kirkpatrick. NOAA/WDS Paleoclimatology IMPD study 17174",NA,NA,NA,NA,NA,NA,NA,NA,NA,NA,NA,NA,NA,NA,"https://www.ncei.noaa.gov/access/paleo-search/study/17174",NA,NA,NA,NA,"noaa_study_id=17174; original pub in IMPD datafile header","IMPDv1:IMPD_17174",1648,"Wood,Jamie,R.",1,"Wood","","Jamie,R.",NA,NA,NA,NA,NA,NA,NA,NA,"IMPDv1:IMPD_17174",1648,"IMPDv1","IMPD_17174",NA,118,118,"cm",1,"Radiocarbon","AMS",670,20,NA,NA,"KCCAMS-102196",TRUE,NA,"NA Date is in uncalibrated radiocarbon years.","Lake Kirkpatrick_SIEVED","counted","NaN-NaN",NA,NA,"",670,650,690,670,118,1,"NA Date is in uncalibrated radiocarbon years.",". Cal curve: NA. Source DB: IMPDv1","Lacustrine","Carbon-14","Radiocarbon",-53.5,1482.5,"Calibrated radiocarbon years BP","sedimentary charcoal","Data Sourcing: IMPDv1","Sample Age Source: IMPDv1"
"1648",135,"charcoal | num",NA,135,NA,NA,798.5,758,839,"IMPDv1","Charcoal (sum)","(additional options)",NA,NA,"False","False","number","Macroscopic charcoal (sieved)","direct",NA,"CHAR",4,NA,NA,"quant_raw",5,"volume","cm^3","IMPDv1","IMPD_17174","charcoal","count","char","wet_sieve","particle","num","count","no_size","num","IMPDv1","measured",1,"IMPDv1",NA,"Lake Kirkpatrick",-45.02706,168.57374,570,"south",NA,NA,"sedlac",1648,0,NA,"McWethy,David,B.;Wilmshurst,Janet,M.;Whitlock,C.;Wood,Jamie,R.;McGlone,Matt,S.;. Lake Kirkpatrick. NOAA/WDS Paleoclimatology IMPD study 17174",NA,NA,NA,NA,NA,NA,NA,NA,NA,NA,NA,NA,NA,NA,"https://www.ncei.noaa.gov/access/paleo-search/study/17174",NA,NA,NA,NA,"noaa_study_id=17174; original pub in IMPD datafile header","IMPDv1:IMPD_17174",1648,"Wood,Jamie,R.",1,"Wood","","Jamie,R.",NA,NA,NA,NA,NA,NA,NA,NA,"IMPDv1:IMPD_17174",1648,"IMPDv1","IMPD_17174",NA,118,118,"cm",1,"Radiocarbon","AMS",670,20,NA,NA,"KCCAMS-102196",TRUE,NA,"NA Date is in uncalibrated radiocarbon years.","Lake Kirkpatrick_SIEVED","counted","NaN-NaN",NA,NA,"",670,650,690,670,118,1,"NA Date is in uncalibrated radiocarbon years.",". Cal curve: NA. Source DB: IMPDv1","Lacustrine","Carbon-14","Radiocarbon",-53.5,1482.5,"Calibrated radiocarbon years BP","sedimentary charcoal","Data Sourcing: IMPDv1","Sample Age Source: IMPDv1"
"1648",136,"charcoal | num",NA,136,NA,NA,810.5,770,851,"IMPDv1","Charcoal (sum)","(additional options)",NA,NA,"False","False","number","Macroscopic charcoal (sieved)","direct",NA,"CHAR",6,NA,NA,"quant_raw",5,"volume","cm^3","IMPDv1","IMPD_17174","charcoal","count","char","wet_sieve","particle","num","count","no_size","num","IMPDv1","measured",1,"IMPDv1",NA,"Lake Kirkpatrick",-45.02706,168.57374,570,"south",NA,NA,"sedlac",1648,0,NA,"McWethy,David,B.;Wilmshurst,Janet,M.;Whitlock,C.;Wood,Jamie,R.;McGlone,Matt,S.;. Lake Kirkpatrick. NOAA/WDS Paleoclimatology IMPD study 17174",NA,NA,NA,NA,NA,NA,NA,NA,NA,NA,NA,NA,NA,NA,"https://www.ncei.noaa.gov/access/paleo-search/study/17174",NA,NA,NA,NA,"noaa_study_id=17174; original pub in IMPD datafile header","IMPDv1:IMPD_17174",1648,"Wood,Jamie,R.",1,"Wood","","Jamie,R.",NA,NA,NA,NA,NA,NA,NA,NA,"IMPDv1:IMPD_17174",1648,"IMPDv1","IMPD_17174",NA,118,118,"cm",1,"Radiocarbon","AMS",670,20,NA,NA,"KCCAMS-102196",TRUE,NA,"NA Date is in uncalibrated radiocarbon years.","Lake Kirkpatrick_SIEVED","counted","NaN-NaN",NA,NA,"",670,650,690,670,118,1,"NA Date is in uncalibrated radiocarbon years.",". Cal curve: NA. Source DB: IMPDv1","Lacustrine","Carbon-14","Radiocarbon",-53.5,1482.5,"Calibrated radiocarbon years BP","sedimentary charcoal","Data Sourcing: IMPDv1","Sample Age Source: IMPDv1"
"1648",137,"charcoal | num",NA,137,NA,NA,823,783,863,"IMPDv1","Charcoal (sum)","(additional options)",NA,NA,"False","False","number","Macroscopic charcoal (sieved)","direct",NA,"CHAR",9,NA,NA,"quant_raw",5,"volume","cm^3","IMPDv1","IMPD_17174","charcoal","count","char","wet_sieve","particle","num","count","no_size","num","IMPDv1","measured",1,"IMPDv1",NA,"Lake Kirkpatrick",-45.02706,168.57374,570,"south",NA,NA,"sedlac",1648,0,NA,"McWethy,David,B.;Wilmshurst,Janet,M.;Whitlock,C.;Wood,Jamie,R.;McGlone,Matt,S.;. Lake Kirkpatrick. NOAA/WDS Paleoclimatology IMPD study 17174",NA,NA,NA,NA,NA,NA,NA,NA,NA,NA,NA,NA,NA,NA,"https://www.ncei.noaa.gov/access/paleo-search/study/17174",NA,NA,NA,NA,"noaa_study_id=17174; original pub in IMPD datafile header","IMPDv1:IMPD_17174",1648,"Wood,Jamie,R.",1,"Wood","","Jamie,R.",NA,NA,NA,NA,NA,NA,NA,NA,"IMPDv1:IMPD_17174",1648,"IMPDv1","IMPD_17174",NA,118,118,"cm",1,"Radiocarbon","AMS",670,20,NA,NA,"KCCAMS-102196",TRUE,NA,"NA Date is in uncalibrated radiocarbon years.","Lake Kirkpatrick_SIEVED","counted","NaN-NaN",NA,NA,"",670,650,690,670,118,1,"NA Date is in uncalibrated radiocarbon years.",". Cal curve: NA. Source DB: IMPDv1","Lacustrine","Carbon-14","Radiocarbon",-53.5,1482.5,"Calibrated radiocarbon years BP","sedimentary charcoal","Data Sourcing: IMPDv1","Sample Age Source: IMPDv1"
"1648",138,"charcoal | num",NA,138,NA,NA,836,796,876,"IMPDv1","Charcoal (sum)","(additional options)",NA,NA,"False","False","number","Macroscopic charcoal (sieved)","direct",NA,"CHAR",1,NA,NA,"quant_raw",5,"volume","cm^3","IMPDv1","IMPD_17174","charcoal","count","char","wet_sieve","particle","num","count","no_size","num","IMPDv1","measured",1,"IMPDv1",NA,"Lake Kirkpatrick",-45.02706,168.57374,570,"south",NA,NA,"sedlac",1648,0,NA,"McWethy,David,B.;Wilmshurst,Janet,M.;Whitlock,C.;Wood,Jamie,R.;McGlone,Matt,S.;. Lake Kirkpatrick. NOAA/WDS Paleoclimatology IMPD study 17174",NA,NA,NA,NA,NA,NA,NA,NA,NA,NA,NA,NA,NA,NA,"https://www.ncei.noaa.gov/access/paleo-search/study/17174",NA,NA,NA,NA,"noaa_study_id=17174; original pub in IMPD datafile header","IMPDv1:IMPD_17174",1648,"Wood,Jamie,R.",1,"Wood","","Jamie,R.",NA,NA,NA,NA,NA,NA,NA,NA,"IMPDv1:IMPD_17174",1648,"IMPDv1","IMPD_17174",NA,118,118,"cm",1,"Radiocarbon","AMS",670,20,NA,NA,"KCCAMS-102196",TRUE,NA,"NA Date is in uncalibrated radiocarbon years.","Lake Kirkpatrick_SIEVED","counted","NaN-NaN",NA,NA,"",670,650,690,670,118,1,"NA Date is in uncalibrated radiocarbon years.",". Cal curve: NA. Source DB: IMPDv1","Lacustrine","Carbon-14","Radiocarbon",-53.5,1482.5,"Calibrated radiocarbon years BP","sedimentary charcoal","Data Sourcing: IMPDv1","Sample Age Source: IMPDv1"
"1648",139,"charcoal | num",NA,139,NA,NA,848,808,888,"IMPDv1","Charcoal (sum)","(additional options)",NA,NA,"False","False","number","Macroscopic charcoal (sieved)","direct",NA,"CHAR",0,NA,NA,"quant_raw",5,"volume","cm^3","IMPDv1","IMPD_17174","charcoal","count","char","wet_sieve","particle","num","count","no_size","num","IMPDv1","measured",1,"IMPDv1",NA,"Lake Kirkpatrick",-45.02706,168.57374,570,"south",NA,NA,"sedlac",1648,0,NA,"McWethy,David,B.;Wilmshurst,Janet,M.;Whitlock,C.;Wood,Jamie,R.;McGlone,Matt,S.;. Lake Kirkpatrick. NOAA/WDS Paleoclimatology IMPD study 17174",NA,NA,NA,NA,NA,NA,NA,NA,NA,NA,NA,NA,NA,NA,"https://www.ncei.noaa.gov/access/paleo-search/study/17174",NA,NA,NA,NA,"noaa_study_id=17174; original pub in IMPD datafile header","IMPDv1:IMPD_17174",1648,"Wood,Jamie,R.",1,"Wood","","Jamie,R.",NA,NA,NA,NA,NA,NA,NA,NA,"IMPDv1:IMPD_17174",1648,"IMPDv1","IMPD_17174",NA,118,118,"cm",1,"Radiocarbon","AMS",670,20,NA,NA,"KCCAMS-102196",TRUE,NA,"NA Date is in uncalibrated radiocarbon years.","Lake Kirkpatrick_SIEVED","counted","NaN-NaN",NA,NA,"",670,650,690,670,118,1,"NA Date is in uncalibrated radiocarbon years.",". Cal curve: NA. Source DB: IMPDv1","Lacustrine","Carbon-14","Radiocarbon",-53.5,1482.5,"Calibrated radiocarbon years BP","sedimentary charcoal","Data Sourcing: IMPDv1","Sample Age Source: IMPDv1"
"1648",140,"charcoal | num",NA,140,NA,NA,860,820,900,"IMPDv1","Charcoal (sum)","(additional options)",NA,NA,"False","False","number","Macroscopic charcoal (sieved)","direct",NA,"CHAR",3,NA,NA,"quant_raw",5,"volume","cm^3","IMPDv1","IMPD_17174","charcoal","count","char","wet_sieve","particle","num","count","no_size","num","IMPDv1","measured",1,"IMPDv1",NA,"Lake Kirkpatrick",-45.02706,168.57374,570,"south",NA,NA,"sedlac",1648,0,NA,"McWethy,David,B.;Wilmshurst,Janet,M.;Whitlock,C.;Wood,Jamie,R.;McGlone,Matt,S.;. Lake Kirkpatrick. NOAA/WDS Paleoclimatology IMPD study 17174",NA,NA,NA,NA,NA,NA,NA,NA,NA,NA,NA,NA,NA,NA,"https://www.ncei.noaa.gov/access/paleo-search/study/17174",NA,NA,NA,NA,"noaa_study_id=17174; original pub in IMPD datafile header","IMPDv1:IMPD_17174",1648,"Wood,Jamie,R.",1,"Wood","","Jamie,R.",NA,NA,NA,NA,NA,NA,NA,NA,"IMPDv1:IMPD_17174",1648,"IMPDv1","IMPD_17174",NA,119,119,"cm",1,"Radiocarbon","AMS",645,15,NA,NA,"KCCAMS-71877",TRUE,NA,"NA Date is in uncalibrated radiocarbon years.","Lake Kirkpatrick_SIEVED","counted","NaN-NaN",NA,NA,"",645,630,660,645,119,1,"NA Date is in uncalibrated radiocarbon years.",". Cal curve: NA. Source DB: IMPDv1","Lacustrine","Carbon-14","Radiocarbon",-53.5,1482.5,"Calibrated radiocarbon years BP","sedimentary charcoal","Data Sourcing: IMPDv1","Sample Age Source: IMPDv1"
"1648",141,"charcoal | num",NA,141,NA,NA,873,833,913,"IMPDv1","Charcoal (sum)","(additional options)",NA,NA,"False","False","number","Macroscopic charcoal (sieved)","direct",NA,"CHAR",2,NA,NA,"quant_raw",5,"volume","cm^3","IMPDv1","IMPD_17174","charcoal","count","char","wet_sieve","particle","num","count","no_size","num","IMPDv1","measured",1,"IMPDv1",NA,"Lake Kirkpatrick",-45.02706,168.57374,570,"south",NA,NA,"sedlac",1648,0,NA,"McWethy,David,B.;Wilmshurst,Janet,M.;Whitlock,C.;Wood,Jamie,R.;McGlone,Matt,S.;. Lake Kirkpatrick. NOAA/WDS Paleoclimatology IMPD study 17174",NA,NA,NA,NA,NA,NA,NA,NA,NA,NA,NA,NA,NA,NA,"https://www.ncei.noaa.gov/access/paleo-search/study/17174",NA,NA,NA,NA,"noaa_study_id=17174; original pub in IMPD datafile header","IMPDv1:IMPD_17174",1648,"Wood,Jamie,R.",1,"Wood","","Jamie,R.",NA,NA,NA,NA,NA,NA,NA,NA,"IMPDv1:IMPD_17174",1648,"IMPDv1","IMPD_17174",NA,119,119,"cm",1,"Radiocarbon","AMS",645,15,NA,NA,"KCCAMS-71877",TRUE,NA,"NA Date is in uncalibrated radiocarbon years.","Lake Kirkpatrick_SIEVED","counted","NaN-NaN",NA,NA,"",645,630,660,645,119,1,"NA Date is in uncalibrated radiocarbon years.",". Cal curve: NA. Source DB: IMPDv1","Lacustrine","Carbon-14","Radiocarbon",-53.5,1482.5,"Calibrated radiocarbon years BP","sedimentary charcoal","Data Sourcing: IMPDv1","Sample Age Source: IMPDv1"
"1648",142,"charcoal | num",NA,142,NA,NA,885,845,925,"IMPDv1","Charcoal (sum)","(additional options)",NA,NA,"False","False","number","Macroscopic charcoal (sieved)","direct",NA,"CHAR",4,NA,NA,"quant_raw",5,"volume","cm^3","IMPDv1","IMPD_17174","charcoal","count","char","wet_sieve","particle","num","count","no_size","num","IMPDv1","measured",1,"IMPDv1",NA,"Lake Kirkpatrick",-45.02706,168.57374,570,"south",NA,NA,"sedlac",1648,0,NA,"McWethy,David,B.;Wilmshurst,Janet,M.;Whitlock,C.;Wood,Jamie,R.;McGlone,Matt,S.;. Lake Kirkpatrick. NOAA/WDS Paleoclimatology IMPD study 17174",NA,NA,NA,NA,NA,NA,NA,NA,NA,NA,NA,NA,NA,NA,"https://www.ncei.noaa.gov/access/paleo-search/study/17174",NA,NA,NA,NA,"noaa_study_id=17174; original pub in IMPD datafile header","IMPDv1:IMPD_17174",1648,"Wood,Jamie,R.",1,"Wood","","Jamie,R.",NA,NA,NA,NA,NA,NA,NA,NA,"IMPDv1:IMPD_17174",1648,"IMPDv1","IMPD_17174",NA,119,119,"cm",1,"Radiocarbon","AMS",645,15,NA,NA,"KCCAMS-71877",TRUE,NA,"NA Date is in uncalibrated radiocarbon years.","Lake Kirkpatrick_SIEVED","counted","NaN-NaN",NA,NA,"",645,630,660,645,119,1,"NA Date is in uncalibrated radiocarbon years.",". Cal curve: NA. Source DB: IMPDv1","Lacustrine","Carbon-14","Radiocarbon",-53.5,1482.5,"Calibrated radiocarbon years BP","sedimentary charcoal","Data Sourcing: IMPDv1","Sample Age Source: IMPDv1"
"1648",143,"charcoal | num",NA,143,NA,NA,897.5,857,938,"IMPDv1","Charcoal (sum)","(additional options)",NA,NA,"False","False","number","Macroscopic charcoal (sieved)","direct",NA,"CHAR",9,NA,NA,"quant_raw",5,"volume","cm^3","IMPDv1","IMPD_17174","charcoal","count","char","wet_sieve","particle","num","count","no_size","num","IMPDv1","measured",1,"IMPDv1",NA,"Lake Kirkpatrick",-45.02706,168.57374,570,"south",NA,NA,"sedlac",1648,0,NA,"McWethy,David,B.;Wilmshurst,Janet,M.;Whitlock,C.;Wood,Jamie,R.;McGlone,Matt,S.;. Lake Kirkpatrick. NOAA/WDS Paleoclimatology IMPD study 17174",NA,NA,NA,NA,NA,NA,NA,NA,NA,NA,NA,NA,NA,NA,"https://www.ncei.noaa.gov/access/paleo-search/study/17174",NA,NA,NA,NA,"noaa_study_id=17174; original pub in IMPD datafile header","IMPDv1:IMPD_17174",1648,"Wood,Jamie,R.",1,"Wood","","Jamie,R.",NA,NA,NA,NA,NA,NA,NA,NA,"IMPDv1:IMPD_17174",1648,"IMPDv1","IMPD_17174",NA,119,119,"cm",1,"Radiocarbon","AMS",645,15,NA,NA,"KCCAMS-71877",TRUE,NA,"NA Date is in uncalibrated radiocarbon years.","Lake Kirkpatrick_SIEVED","counted","NaN-NaN",NA,NA,"",645,630,660,645,119,1,"NA Date is in uncalibrated radiocarbon years.",". Cal curve: NA. Source DB: IMPDv1","Lacustrine","Carbon-14","Radiocarbon",-53.5,1482.5,"Calibrated radiocarbon years BP","sedimentary charcoal","Data Sourcing: IMPDv1","Sample Age Source: IMPDv1"
"1648",144,"charcoal | num",NA,144,NA,NA,909.5,869,950,"IMPDv1","Charcoal (sum)","(additional options)",NA,NA,"False","False","number","Macroscopic charcoal (sieved)","direct",NA,"CHAR",3,NA,NA,"quant_raw",5,"volume","cm^3","IMPDv1","IMPD_17174","charcoal","count","char","wet_sieve","particle","num","count","no_size","num","IMPDv1","measured",1,"IMPDv1",NA,"Lake Kirkpatrick",-45.02706,168.57374,570,"south",NA,NA,"sedlac",1648,0,NA,"McWethy,David,B.;Wilmshurst,Janet,M.;Whitlock,C.;Wood,Jamie,R.;McGlone,Matt,S.;. Lake Kirkpatrick. NOAA/WDS Paleoclimatology IMPD study 17174",NA,NA,NA,NA,NA,NA,NA,NA,NA,NA,NA,NA,NA,NA,"https://www.ncei.noaa.gov/access/paleo-search/study/17174",NA,NA,NA,NA,"noaa_study_id=17174; original pub in IMPD datafile header","IMPDv1:IMPD_17174",1648,"Wood,Jamie,R.",1,"Wood","","Jamie,R.",NA,NA,NA,NA,NA,NA,NA,NA,"IMPDv1:IMPD_17174",1648,"IMPDv1","IMPD_17174",NA,119,119,"cm",1,"Radiocarbon","AMS",645,15,NA,NA,"KCCAMS-71877",TRUE,NA,"NA Date is in uncalibrated radiocarbon years.","Lake Kirkpatrick_SIEVED","counted","NaN-NaN",NA,NA,"",645,630,660,645,119,1,"NA Date is in uncalibrated radiocarbon years.",". Cal curve: NA. Source DB: IMPDv1","Lacustrine","Carbon-14","Radiocarbon",-53.5,1482.5,"Calibrated radiocarbon years BP","sedimentary charcoal","Data Sourcing: IMPDv1","Sample Age Source: IMPDv1"
"1648",145,"charcoal | num",NA,145,NA,NA,922,881,963,"IMPDv1","Charcoal (sum)","(additional options)",NA,NA,"False","False","number","Macroscopic charcoal (sieved)","direct",NA,"CHAR",1,NA,NA,"quant_raw",5,"volume","cm^3","IMPDv1","IMPD_17174","charcoal","count","char","wet_sieve","particle","num","count","no_size","num","IMPDv1","measured",1,"IMPDv1",NA,"Lake Kirkpatrick",-45.02706,168.57374,570,"south",NA,NA,"sedlac",1648,0,NA,"McWethy,David,B.;Wilmshurst,Janet,M.;Whitlock,C.;Wood,Jamie,R.;McGlone,Matt,S.;. Lake Kirkpatrick. NOAA/WDS Paleoclimatology IMPD study 17174",NA,NA,NA,NA,NA,NA,NA,NA,NA,NA,NA,NA,NA,NA,"https://www.ncei.noaa.gov/access/paleo-search/study/17174",NA,NA,NA,NA,"noaa_study_id=17174; original pub in IMPD datafile header","IMPDv1:IMPD_17174",1648,"Wood,Jamie,R.",1,"Wood","","Jamie,R.",NA,NA,NA,NA,NA,NA,NA,NA,"IMPDv1:IMPD_17174",1648,"IMPDv1","IMPD_17174",NA,119,119,"cm",1,"Radiocarbon","AMS",645,15,NA,NA,"KCCAMS-71877",TRUE,NA,"NA Date is in uncalibrated radiocarbon years.","Lake Kirkpatrick_SIEVED","counted","NaN-NaN",NA,NA,"",645,630,660,645,119,1,"NA Date is in uncalibrated radiocarbon years.",". Cal curve: NA. Source DB: IMPDv1","Lacustrine","Carbon-14","Radiocarbon",-53.5,1482.5,"Calibrated radiocarbon years BP","sedimentary charcoal","Data Sourcing: IMPDv1","Sample Age Source: IMPDv1"
"1648",146,"charcoal | num",NA,146,NA,NA,934,893,975,"IMPDv1","Charcoal (sum)","(additional options)",NA,NA,"False","False","number","Macroscopic charcoal (sieved)","direct",NA,"CHAR",1,NA,NA,"quant_raw",5,"volume","cm^3","IMPDv1","IMPD_17174","charcoal","count","char","wet_sieve","particle","num","count","no_size","num","IMPDv1","measured",1,"IMPDv1",NA,"Lake Kirkpatrick",-45.02706,168.57374,570,"south",NA,NA,"sedlac",1648,0,NA,"McWethy,David,B.;Wilmshurst,Janet,M.;Whitlock,C.;Wood,Jamie,R.;McGlone,Matt,S.;. Lake Kirkpatrick. NOAA/WDS Paleoclimatology IMPD study 17174",NA,NA,NA,NA,NA,NA,NA,NA,NA,NA,NA,NA,NA,NA,"https://www.ncei.noaa.gov/access/paleo-search/study/17174",NA,NA,NA,NA,"noaa_study_id=17174; original pub in IMPD datafile header","IMPDv1:IMPD_17174",1648,"Wood,Jamie,R.",1,"Wood","","Jamie,R.",NA,NA,NA,NA,NA,NA,NA,NA,"IMPDv1:IMPD_17174",1648,"IMPDv1","IMPD_17174",NA,119,119,"cm",1,"Radiocarbon","AMS",645,15,NA,NA,"KCCAMS-71877",TRUE,NA,"NA Date is in uncalibrated radiocarbon years.","Lake Kirkpatrick_SIEVED","counted","NaN-NaN",NA,NA,"",645,630,660,645,119,1,"NA Date is in uncalibrated radiocarbon years.",". Cal curve: NA. Source DB: IMPDv1","Lacustrine","Carbon-14","Radiocarbon",-53.5,1482.5,"Calibrated radiocarbon years BP","sedimentary charcoal","Data Sourcing: IMPDv1","Sample Age Source: IMPDv1"
"1648",147,"charcoal | num",NA,147,NA,NA,946,905,987,"IMPDv1","Charcoal (sum)","(additional options)",NA,NA,"False","False","number","Macroscopic charcoal (sieved)","direct",NA,"CHAR",1,NA,NA,"quant_raw",5,"volume","cm^3","IMPDv1","IMPD_17174","charcoal","count","char","wet_sieve","particle","num","count","no_size","num","IMPDv1","measured",1,"IMPDv1",NA,"Lake Kirkpatrick",-45.02706,168.57374,570,"south",NA,NA,"sedlac",1648,0,NA,"McWethy,David,B.;Wilmshurst,Janet,M.;Whitlock,C.;Wood,Jamie,R.;McGlone,Matt,S.;. Lake Kirkpatrick. NOAA/WDS Paleoclimatology IMPD study 17174",NA,NA,NA,NA,NA,NA,NA,NA,NA,NA,NA,NA,NA,NA,"https://www.ncei.noaa.gov/access/paleo-search/study/17174",NA,NA,NA,NA,"noaa_study_id=17174; original pub in IMPD datafile header","IMPDv1:IMPD_17174",1648,"Wood,Jamie,R.",1,"Wood","","Jamie,R.",NA,NA,NA,NA,NA,NA,NA,NA,"IMPDv1:IMPD_17174",1648,"IMPDv1","IMPD_17174",NA,119,119,"cm",1,"Radiocarbon","AMS",645,15,NA,NA,"KCCAMS-71877",TRUE,NA,"NA Date is in uncalibrated radiocarbon years.","Lake Kirkpatrick_SIEVED","counted","NaN-NaN",NA,NA,"",645,630,660,645,119,1,"NA Date is in uncalibrated radiocarbon years.",". Cal curve: NA. Source DB: IMPDv1","Lacustrine","Carbon-14","Radiocarbon",-53.5,1482.5,"Calibrated radiocarbon years BP","sedimentary charcoal","Data Sourcing: IMPDv1","Sample Age Source: IMPDv1"
"1648",148,"charcoal | num",NA,148,NA,NA,958.5,917,1000,"IMPDv1","Charcoal (sum)","(additional options)",NA,NA,"False","False","number","Macroscopic charcoal (sieved)","direct",NA,"CHAR",3,NA,NA,"quant_raw",5,"volume","cm^3","IMPDv1","IMPD_17174","charcoal","count","char","wet_sieve","particle","num","count","no_size","num","IMPDv1","measured",1,"IMPDv1",NA,"Lake Kirkpatrick",-45.02706,168.57374,570,"south",NA,NA,"sedlac",1648,0,NA,"McWethy,David,B.;Wilmshurst,Janet,M.;Whitlock,C.;Wood,Jamie,R.;McGlone,Matt,S.;. Lake Kirkpatrick. NOAA/WDS Paleoclimatology IMPD study 17174",NA,NA,NA,NA,NA,NA,NA,NA,NA,NA,NA,NA,NA,NA,"https://www.ncei.noaa.gov/access/paleo-search/study/17174",NA,NA,NA,NA,"noaa_study_id=17174; original pub in IMPD datafile header","IMPDv1:IMPD_17174",1648,"Wood,Jamie,R.",1,"Wood","","Jamie,R.",NA,NA,NA,NA,NA,NA,NA,NA,"IMPDv1:IMPD_17174",1648,"IMPDv1","IMPD_17174",NA,119,119,"cm",1,"Radiocarbon","AMS",645,15,NA,NA,"KCCAMS-71877",TRUE,NA,"NA Date is in uncalibrated radiocarbon years.","Lake Kirkpatrick_SIEVED","counted","NaN-NaN",NA,NA,"",645,630,660,645,119,1,"NA Date is in uncalibrated radiocarbon years.",". Cal curve: NA. Source DB: IMPDv1","Lacustrine","Carbon-14","Radiocarbon",-53.5,1482.5,"Calibrated radiocarbon years BP","sedimentary charcoal","Data Sourcing: IMPDv1","Sample Age Source: IMPDv1"
"1648",149,"charcoal | num",NA,149,NA,NA,970.5,929,1012,"IMPDv1","Charcoal (sum)","(additional options)",NA,NA,"False","False","number","Macroscopic charcoal (sieved)","direct",NA,"CHAR",0,NA,NA,"quant_raw",5,"volume","cm^3","IMPDv1","IMPD_17174","charcoal","count","char","wet_sieve","particle","num","count","no_size","num","IMPDv1","measured",1,"IMPDv1",NA,"Lake Kirkpatrick",-45.02706,168.57374,570,"south",NA,NA,"sedlac",1648,0,NA,"McWethy,David,B.;Wilmshurst,Janet,M.;Whitlock,C.;Wood,Jamie,R.;McGlone,Matt,S.;. Lake Kirkpatrick. NOAA/WDS Paleoclimatology IMPD study 17174",NA,NA,NA,NA,NA,NA,NA,NA,NA,NA,NA,NA,NA,NA,"https://www.ncei.noaa.gov/access/paleo-search/study/17174",NA,NA,NA,NA,"noaa_study_id=17174; original pub in IMPD datafile header","IMPDv1:IMPD_17174",1648,"Wood,Jamie,R.",1,"Wood","","Jamie,R.",NA,NA,NA,NA,NA,NA,NA,NA,"IMPDv1:IMPD_17174",1648,"IMPDv1","IMPD_17174",NA,119,119,"cm",1,"Radiocarbon","AMS",645,15,NA,NA,"KCCAMS-71877",TRUE,NA,"NA Date is in uncalibrated radiocarbon years.","Lake Kirkpatrick_SIEVED","counted","NaN-NaN",NA,NA,"",645,630,660,645,119,1,"NA Date is in uncalibrated radiocarbon years.",". Cal curve: NA. Source DB: IMPDv1","Lacustrine","Carbon-14","Radiocarbon",-53.5,1482.5,"Calibrated radiocarbon years BP","sedimentary charcoal","Data Sourcing: IMPDv1","Sample Age Source: IMPDv1"
"1648",150,"charcoal | num",NA,150,NA,NA,983.5,942,1025,"IMPDv1","Charcoal (sum)","(additional options)",NA,NA,"False","False","number","Macroscopic charcoal (sieved)","direct",NA,"CHAR",4,NA,NA,"quant_raw",5,"volume","cm^3","IMPDv1","IMPD_17174","charcoal","count","char","wet_sieve","particle","num","count","no_size","num","IMPDv1","measured",1,"IMPDv1",NA,"Lake Kirkpatrick",-45.02706,168.57374,570,"south",NA,NA,"sedlac",1648,0,NA,"McWethy,David,B.;Wilmshurst,Janet,M.;Whitlock,C.;Wood,Jamie,R.;McGlone,Matt,S.;. Lake Kirkpatrick. NOAA/WDS Paleoclimatology IMPD study 17174",NA,NA,NA,NA,NA,NA,NA,NA,NA,NA,NA,NA,NA,NA,"https://www.ncei.noaa.gov/access/paleo-search/study/17174",NA,NA,NA,NA,"noaa_study_id=17174; original pub in IMPD datafile header","IMPDv1:IMPD_17174",1648,"Wood,Jamie,R.",1,"Wood","","Jamie,R.",NA,NA,NA,NA,NA,NA,NA,NA,"IMPDv1:IMPD_17174",1648,"IMPDv1","IMPD_17174",NA,119,119,"cm",1,"Radiocarbon","AMS",645,15,NA,NA,"KCCAMS-71877",TRUE,NA,"NA Date is in uncalibrated radiocarbon years.","Lake Kirkpatrick_SIEVED","counted","NaN-NaN",NA,NA,"",645,630,660,645,119,1,"NA Date is in uncalibrated radiocarbon years.",". Cal curve: NA. Source DB: IMPDv1","Lacustrine","Carbon-14","Radiocarbon",-53.5,1482.5,"Calibrated radiocarbon years BP","sedimentary charcoal","Data Sourcing: IMPDv1","Sample Age Source: IMPDv1"
"1648",151,"charcoal | num",NA,151,NA,NA,995.5,954,1037,"IMPDv1","Charcoal (sum)","(additional options)",NA,NA,"False","False","number","Macroscopic charcoal (sieved)","direct",NA,"CHAR",2,NA,NA,"quant_raw",5,"volume","cm^3","IMPDv1","IMPD_17174","charcoal","count","char","wet_sieve","particle","num","count","no_size","num","IMPDv1","measured",1,"IMPDv1",NA,"Lake Kirkpatrick",-45.02706,168.57374,570,"south",NA,NA,"sedlac",1648,0,NA,"McWethy,David,B.;Wilmshurst,Janet,M.;Whitlock,C.;Wood,Jamie,R.;McGlone,Matt,S.;. Lake Kirkpatrick. NOAA/WDS Paleoclimatology IMPD study 17174",NA,NA,NA,NA,NA,NA,NA,NA,NA,NA,NA,NA,NA,NA,"https://www.ncei.noaa.gov/access/paleo-search/study/17174",NA,NA,NA,NA,"noaa_study_id=17174; original pub in IMPD datafile header","IMPDv1:IMPD_17174",1648,"Wood,Jamie,R.",1,"Wood","","Jamie,R.",NA,NA,NA,NA,NA,NA,NA,NA,"IMPDv1:IMPD_17174",1648,"IMPDv1","IMPD_17174",NA,119,119,"cm",1,"Radiocarbon","AMS",645,15,NA,NA,"KCCAMS-71877",TRUE,NA,"NA Date is in uncalibrated radiocarbon years.","Lake Kirkpatrick_SIEVED","counted","NaN-NaN",NA,NA,"",645,630,660,645,119,1,"NA Date is in uncalibrated radiocarbon years.",". Cal curve: NA. Source DB: IMPDv1","Lacustrine","Carbon-14","Radiocarbon",-53.5,1482.5,"Calibrated radiocarbon years BP","sedimentary charcoal","Data Sourcing: IMPDv1","Sample Age Source: IMPDv1"
"1648",152,"charcoal | num",NA,152,NA,NA,1008,966,1050,"IMPDv1","Charcoal (sum)","(additional options)",NA,NA,"False","False","number","Macroscopic charcoal (sieved)","direct",NA,"CHAR",5,NA,NA,"quant_raw",5,"volume","cm^3","IMPDv1","IMPD_17174","charcoal","count","char","wet_sieve","particle","num","count","no_size","num","IMPDv1","measured",1,"IMPDv1",NA,"Lake Kirkpatrick",-45.02706,168.57374,570,"south",NA,NA,"sedlac",1648,0,NA,"McWethy,David,B.;Wilmshurst,Janet,M.;Whitlock,C.;Wood,Jamie,R.;McGlone,Matt,S.;. Lake Kirkpatrick. NOAA/WDS Paleoclimatology IMPD study 17174",NA,NA,NA,NA,NA,NA,NA,NA,NA,NA,NA,NA,NA,NA,"https://www.ncei.noaa.gov/access/paleo-search/study/17174",NA,NA,NA,NA,"noaa_study_id=17174; original pub in IMPD datafile header","IMPDv1:IMPD_17174",1648,"McGlone,Matt,S.",1,"McGlone","","Matt,S.",NA,NA,NA,NA,NA,NA,NA,NA,"IMPDv1:IMPD_17174",1648,"IMPDv1","IMPD_17174",NA,119,119,"cm",1,"Radiocarbon","AMS",645,15,NA,NA,"KCCAMS-71877",TRUE,NA,"NA Date is in uncalibrated radiocarbon years.","Lake Kirkpatrick_SIEVED","counted","NaN-NaN",NA,NA,"",645,630,660,645,119,1,"NA Date is in uncalibrated radiocarbon years.",". Cal curve: NA. Source DB: IMPDv1","Lacustrine","Carbon-14","Radiocarbon",-53.5,1482.5,"Calibrated radiocarbon years BP","sedimentary charcoal","Data Sourcing: IMPDv1","Sample Age Source: IMPDv1"
"1648",153,"charcoal | num",NA,153,NA,NA,1020,978,1062,"IMPDv1","Charcoal (sum)","(additional options)",NA,NA,"False","False","number","Macroscopic charcoal (sieved)","direct",NA,"CHAR",14,NA,NA,"quant_raw",5,"volume","cm^3","IMPDv1","IMPD_17174","charcoal","count","char","wet_sieve","particle","num","count","no_size","num","IMPDv1","measured",1,"IMPDv1",NA,"Lake Kirkpatrick",-45.02706,168.57374,570,"south",NA,NA,"sedlac",1648,0,NA,"McWethy,David,B.;Wilmshurst,Janet,M.;Whitlock,C.;Wood,Jamie,R.;McGlone,Matt,S.;. Lake Kirkpatrick. NOAA/WDS Paleoclimatology IMPD study 17174",NA,NA,NA,NA,NA,NA,NA,NA,NA,NA,NA,NA,NA,NA,"https://www.ncei.noaa.gov/access/paleo-search/study/17174",NA,NA,NA,NA,"noaa_study_id=17174; original pub in IMPD datafile header","IMPDv1:IMPD_17174",1648,"McGlone,Matt,S.",1,"McGlone","","Matt,S.",NA,NA,NA,NA,NA,NA,NA,NA,"IMPDv1:IMPD_17174",1648,"IMPDv1","IMPD_17174",NA,119,119,"cm",1,"Radiocarbon","AMS",645,15,NA,NA,"KCCAMS-71877",TRUE,NA,"NA Date is in uncalibrated radiocarbon years.","Lake Kirkpatrick_SIEVED","counted","NaN-NaN",NA,NA,"",645,630,660,645,119,1,"NA Date is in uncalibrated radiocarbon years.",". Cal curve: NA. Source DB: IMPDv1","Lacustrine","Carbon-14","Radiocarbon",-53.5,1482.5,"Calibrated radiocarbon years BP","sedimentary charcoal","Data Sourcing: IMPDv1","Sample Age Source: IMPDv1"
"1648",154,"charcoal | num",NA,154,NA,NA,1032,990,1074,"IMPDv1","Charcoal (sum)","(additional options)",NA,NA,"False","False","number","Macroscopic charcoal (sieved)","direct",NA,"CHAR",17,NA,NA,"quant_raw",5,"volume","cm^3","IMPDv1","IMPD_17174","charcoal","count","char","wet_sieve","particle","num","count","no_size","num","IMPDv1","measured",1,"IMPDv1",NA,"Lake Kirkpatrick",-45.02706,168.57374,570,"south",NA,NA,"sedlac",1648,0,NA,"McWethy,David,B.;Wilmshurst,Janet,M.;Whitlock,C.;Wood,Jamie,R.;McGlone,Matt,S.;. Lake Kirkpatrick. NOAA/WDS Paleoclimatology IMPD study 17174",NA,NA,NA,NA,NA,NA,NA,NA,NA,NA,NA,NA,NA,NA,"https://www.ncei.noaa.gov/access/paleo-search/study/17174",NA,NA,NA,NA,"noaa_study_id=17174; original pub in IMPD datafile header","IMPDv1:IMPD_17174",1648,"McGlone,Matt,S.",1,"McGlone","","Matt,S.",NA,NA,NA,NA,NA,NA,NA,NA,"IMPDv1:IMPD_17174",1648,"IMPDv1","IMPD_17174",NA,121,121,"cm",1,"Radiocarbon","AMS",710,15,NA,NA,"KCCAMS-102197",TRUE,NA,"NA Date is in uncalibrated radiocarbon years.","Lake Kirkpatrick_SIEVED","counted","NaN-NaN",NA,NA,"",710,695,725,710,121,1,"NA Date is in uncalibrated radiocarbon years.",". Cal curve: NA. Source DB: IMPDv1","Lacustrine","Carbon-14","Radiocarbon",-53.5,1482.5,"Calibrated radiocarbon years BP","sedimentary charcoal","Data Sourcing: IMPDv1","Sample Age Source: IMPDv1"
"1648",155,"charcoal | num",NA,155,NA,NA,1044.5,1002,1087,"IMPDv1","Charcoal (sum)","(additional options)",NA,NA,"False","False","number","Macroscopic charcoal (sieved)","direct",NA,"CHAR",24,NA,NA,"quant_raw",5,"volume","cm^3","IMPDv1","IMPD_17174","charcoal","count","char","wet_sieve","particle","num","count","no_size","num","IMPDv1","measured",1,"IMPDv1",NA,"Lake Kirkpatrick",-45.02706,168.57374,570,"south",NA,NA,"sedlac",1648,0,NA,"McWethy,David,B.;Wilmshurst,Janet,M.;Whitlock,C.;Wood,Jamie,R.;McGlone,Matt,S.;. Lake Kirkpatrick. NOAA/WDS Paleoclimatology IMPD study 17174",NA,NA,NA,NA,NA,NA,NA,NA,NA,NA,NA,NA,NA,NA,"https://www.ncei.noaa.gov/access/paleo-search/study/17174",NA,NA,NA,NA,"noaa_study_id=17174; original pub in IMPD datafile header","IMPDv1:IMPD_17174",1648,"McGlone,Matt,S.",1,"McGlone","","Matt,S.",NA,NA,NA,NA,NA,NA,NA,NA,"IMPDv1:IMPD_17174",1648,"IMPDv1","IMPD_17174",NA,121,121,"cm",1,"Radiocarbon","AMS",710,15,NA,NA,"KCCAMS-102197",TRUE,NA,"NA Date is in uncalibrated radiocarbon years.","Lake Kirkpatrick_SIEVED","counted","NaN-NaN",NA,NA,"",710,695,725,710,121,1,"NA Date is in uncalibrated radiocarbon years.",". Cal curve: NA. Source DB: IMPDv1","Lacustrine","Carbon-14","Radiocarbon",-53.5,1482.5,"Calibrated radiocarbon years BP","sedimentary charcoal","Data Sourcing: IMPDv1","Sample Age Source: IMPDv1"
"1648",156,"charcoal | num",NA,156,NA,NA,1056.5,1014,1099,"IMPDv1","Charcoal (sum)","(additional options)",NA,NA,"False","False","number","Macroscopic charcoal (sieved)","direct",NA,"CHAR",80,NA,NA,"quant_raw",5,"volume","cm^3","IMPDv1","IMPD_17174","charcoal","count","char","wet_sieve","particle","num","count","no_size","num","IMPDv1","measured",1,"IMPDv1",NA,"Lake Kirkpatrick",-45.02706,168.57374,570,"south",NA,NA,"sedlac",1648,0,NA,"McWethy,David,B.;Wilmshurst,Janet,M.;Whitlock,C.;Wood,Jamie,R.;McGlone,Matt,S.;. Lake Kirkpatrick. NOAA/WDS Paleoclimatology IMPD study 17174",NA,NA,NA,NA,NA,NA,NA,NA,NA,NA,NA,NA,NA,NA,"https://www.ncei.noaa.gov/access/paleo-search/study/17174",NA,NA,NA,NA,"noaa_study_id=17174; original pub in IMPD datafile header","IMPDv1:IMPD_17174",1648,"McGlone,Matt,S.",1,"McGlone","","Matt,S.",NA,NA,NA,NA,NA,NA,NA,NA,"IMPDv1:IMPD_17174",1648,"IMPDv1","IMPD_17174",NA,121,121,"cm",1,"Radiocarbon","AMS",710,15,NA,NA,"KCCAMS-102197",TRUE,NA,"NA Date is in uncalibrated radiocarbon years.","Lake Kirkpatrick_SIEVED","counted","NaN-NaN",NA,NA,"",710,695,725,710,121,1,"NA Date is in uncalibrated radiocarbon years.",". Cal curve: NA. Source DB: IMPDv1","Lacustrine","Carbon-14","Radiocarbon",-53.5,1482.5,"Calibrated radiocarbon years BP","sedimentary charcoal","Data Sourcing: IMPDv1","Sample Age Source: IMPDv1"
"1648",157,"charcoal | num",NA,157,NA,NA,1068.5,1026,1111,"IMPDv1","Charcoal (sum)","(additional options)",NA,NA,"False","False","number","Macroscopic charcoal (sieved)","direct",NA,"CHAR",20,NA,NA,"quant_raw",5,"volume","cm^3","IMPDv1","IMPD_17174","charcoal","count","char","wet_sieve","particle","num","count","no_size","num","IMPDv1","measured",1,"IMPDv1",NA,"Lake Kirkpatrick",-45.02706,168.57374,570,"south",NA,NA,"sedlac",1648,0,NA,"McWethy,David,B.;Wilmshurst,Janet,M.;Whitlock,C.;Wood,Jamie,R.;McGlone,Matt,S.;. Lake Kirkpatrick. NOAA/WDS Paleoclimatology IMPD study 17174",NA,NA,NA,NA,NA,NA,NA,NA,NA,NA,NA,NA,NA,NA,"https://www.ncei.noaa.gov/access/paleo-search/study/17174",NA,NA,NA,NA,"noaa_study_id=17174; original pub in IMPD datafile header","IMPDv1:IMPD_17174",1648,"McGlone,Matt,S.",1,"McGlone","","Matt,S.",NA,NA,NA,NA,NA,NA,NA,NA,"IMPDv1:IMPD_17174",1648,"IMPDv1","IMPD_17174",NA,121,121,"cm",1,"Radiocarbon","AMS",710,15,NA,NA,"KCCAMS-102197",TRUE,NA,"NA Date is in uncalibrated radiocarbon years.","Lake Kirkpatrick_SIEVED","counted","NaN-NaN",NA,NA,"",710,695,725,710,121,1,"NA Date is in uncalibrated radiocarbon years.",". Cal curve: NA. Source DB: IMPDv1","Lacustrine","Carbon-14","Radiocarbon",-53.5,1482.5,"Calibrated radiocarbon years BP","sedimentary charcoal","Data Sourcing: IMPDv1","Sample Age Source: IMPDv1"
"1648",158,"charcoal | num",NA,158,NA,NA,1081,1038,1124,"IMPDv1","Charcoal (sum)","(additional options)",NA,NA,"False","False","number","Macroscopic charcoal (sieved)","direct",NA,"CHAR",11,NA,NA,"quant_raw",5,"volume","cm^3","IMPDv1","IMPD_17174","charcoal","count","char","wet_sieve","particle","num","count","no_size","num","IMPDv1","measured",1,"IMPDv1",NA,"Lake Kirkpatrick",-45.02706,168.57374,570,"south",NA,NA,"sedlac",1648,0,NA,"McWethy,David,B.;Wilmshurst,Janet,M.;Whitlock,C.;Wood,Jamie,R.;McGlone,Matt,S.;. Lake Kirkpatrick. NOAA/WDS Paleoclimatology IMPD study 17174",NA,NA,NA,NA,NA,NA,NA,NA,NA,NA,NA,NA,NA,NA,"https://www.ncei.noaa.gov/access/paleo-search/study/17174",NA,NA,NA,NA,"noaa_study_id=17174; original pub in IMPD datafile header","IMPDv1:IMPD_17174",1648,"McGlone,Matt,S.",1,"McGlone","","Matt,S.",NA,NA,NA,NA,NA,NA,NA,NA,"IMPDv1:IMPD_17174",1648,"IMPDv1","IMPD_17174",NA,121,121,"cm",1,"Radiocarbon","AMS",710,15,NA,NA,"KCCAMS-102197",TRUE,NA,"NA Date is in uncalibrated radiocarbon years.","Lake Kirkpatrick_SIEVED","counted","NaN-NaN",NA,NA,"",710,695,725,710,121,1,"NA Date is in uncalibrated radiocarbon years.",". Cal curve: NA. Source DB: IMPDv1","Lacustrine","Carbon-14","Radiocarbon",-53.5,1482.5,"Calibrated radiocarbon years BP","sedimentary charcoal","Data Sourcing: IMPDv1","Sample Age Source: IMPDv1"
"1648",159,"charcoal | num",NA,159,NA,NA,1093,1050,1136,"IMPDv1","Charcoal (sum)","(additional options)",NA,NA,"False","False","number","Macroscopic charcoal (sieved)","direct",NA,"CHAR",2,NA,NA,"quant_raw",5,"volume","cm^3","IMPDv1","IMPD_17174","charcoal","count","char","wet_sieve","particle","num","count","no_size","num","IMPDv1","measured",1,"IMPDv1",NA,"Lake Kirkpatrick",-45.02706,168.57374,570,"south",NA,NA,"sedlac",1648,0,NA,"McWethy,David,B.;Wilmshurst,Janet,M.;Whitlock,C.;Wood,Jamie,R.;McGlone,Matt,S.;. Lake Kirkpatrick. NOAA/WDS Paleoclimatology IMPD study 17174",NA,NA,NA,NA,NA,NA,NA,NA,NA,NA,NA,NA,NA,NA,"https://www.ncei.noaa.gov/access/paleo-search/study/17174",NA,NA,NA,NA,"noaa_study_id=17174; original pub in IMPD datafile header","IMPDv1:IMPD_17174",1648,"McGlone,Matt,S.",1,"McGlone","","Matt,S.",NA,NA,NA,NA,NA,NA,NA,NA,"IMPDv1:IMPD_17174",1648,"IMPDv1","IMPD_17174",NA,121,121,"cm",1,"Radiocarbon","AMS",710,15,NA,NA,"KCCAMS-102197",TRUE,NA,"NA Date is in uncalibrated radiocarbon years.","Lake Kirkpatrick_SIEVED","counted","NaN-NaN",NA,NA,"",710,695,725,710,121,1,"NA Date is in uncalibrated radiocarbon years.",". Cal curve: NA. Source DB: IMPDv1","Lacustrine","Carbon-14","Radiocarbon",-53.5,1482.5,"Calibrated radiocarbon years BP","sedimentary charcoal","Data Sourcing: IMPDv1","Sample Age Source: IMPDv1"
"1648",160,"charcoal | num",NA,160,NA,NA,1105,1062,1148,"IMPDv1","Charcoal (sum)","(additional options)",NA,NA,"False","False","number","Macroscopic charcoal (sieved)","direct",NA,"CHAR",0,NA,NA,"quant_raw",5,"volume","cm^3","IMPDv1","IMPD_17174","charcoal","count","char","wet_sieve","particle","num","count","no_size","num","IMPDv1","measured",1,"IMPDv1",NA,"Lake Kirkpatrick",-45.02706,168.57374,570,"south",NA,NA,"sedlac",1648,0,NA,"McWethy,David,B.;Wilmshurst,Janet,M.;Whitlock,C.;Wood,Jamie,R.;McGlone,Matt,S.;. Lake Kirkpatrick. NOAA/WDS Paleoclimatology IMPD study 17174",NA,NA,NA,NA,NA,NA,NA,NA,NA,NA,NA,NA,NA,NA,"https://www.ncei.noaa.gov/access/paleo-search/study/17174",NA,NA,NA,NA,"noaa_study_id=17174; original pub in IMPD datafile header","IMPDv1:IMPD_17174",1648,"McGlone,Matt,S.",1,"McGlone","","Matt,S.",NA,NA,NA,NA,NA,NA,NA,NA,"IMPDv1:IMPD_17174",1648,"IMPDv1","IMPD_17174",NA,121,121,"cm",1,"Radiocarbon","AMS",710,15,NA,NA,"KCCAMS-102197",TRUE,NA,"NA Date is in uncalibrated radiocarbon years.","Lake Kirkpatrick_SIEVED","counted","NaN-NaN",NA,NA,"",710,695,725,710,121,1,"NA Date is in uncalibrated radiocarbon years.",". Cal curve: NA. Source DB: IMPDv1","Lacustrine","Carbon-14","Radiocarbon",-53.5,1482.5,"Calibrated radiocarbon years BP","sedimentary charcoal","Data Sourcing: IMPDv1","Sample Age Source: IMPDv1"
"1648",161,"charcoal | num",NA,161,NA,NA,1117.5,1074,1161,"IMPDv1","Charcoal (sum)","(additional options)",NA,NA,"False","False","number","Macroscopic charcoal (sieved)","direct",NA,"CHAR",0,NA,NA,"quant_raw",5,"volume","cm^3","IMPDv1","IMPD_17174","charcoal","count","char","wet_sieve","particle","num","count","no_size","num","IMPDv1","measured",1,"IMPDv1",NA,"Lake Kirkpatrick",-45.02706,168.57374,570,"south",NA,NA,"sedlac",1648,0,NA,"McWethy,David,B.;Wilmshurst,Janet,M.;Whitlock,C.;Wood,Jamie,R.;McGlone,Matt,S.;. Lake Kirkpatrick. NOAA/WDS Paleoclimatology IMPD study 17174",NA,NA,NA,NA,NA,NA,NA,NA,NA,NA,NA,NA,NA,NA,"https://www.ncei.noaa.gov/access/paleo-search/study/17174",NA,NA,NA,NA,"noaa_study_id=17174; original pub in IMPD datafile header","IMPDv1:IMPD_17174",1648,"McGlone,Matt,S.",1,"McGlone","","Matt,S.",NA,NA,NA,NA,NA,NA,NA,NA,"IMPDv1:IMPD_17174",1648,"IMPDv1","IMPD_17174",NA,121,121,"cm",1,"Radiocarbon","AMS",710,15,NA,NA,"KCCAMS-102197",TRUE,NA,"NA Date is in uncalibrated radiocarbon years.","Lake Kirkpatrick_SIEVED","counted","NaN-NaN",NA,NA,"",710,695,725,710,121,1,"NA Date is in uncalibrated radiocarbon years.",". Cal curve: NA. Source DB: IMPDv1","Lacustrine","Carbon-14","Radiocarbon",-53.5,1482.5,"Calibrated radiocarbon years BP","sedimentary charcoal","Data Sourcing: IMPDv1","Sample Age Source: IMPDv1"
"1648",162,"charcoal | num",NA,162,NA,NA,1129.5,1086,1173,"IMPDv1","Charcoal (sum)","(additional options)",NA,NA,"False","False","number","Macroscopic charcoal (sieved)","direct",NA,"CHAR",7,NA,NA,"quant_raw",5,"volume","cm^3","IMPDv1","IMPD_17174","charcoal","count","char","wet_sieve","particle","num","count","no_size","num","IMPDv1","measured",1,"IMPDv1",NA,"Lake Kirkpatrick",-45.02706,168.57374,570,"south",NA,NA,"sedlac",1648,0,NA,"McWethy,David,B.;Wilmshurst,Janet,M.;Whitlock,C.;Wood,Jamie,R.;McGlone,Matt,S.;. Lake Kirkpatrick. NOAA/WDS Paleoclimatology IMPD study 17174",NA,NA,NA,NA,NA,NA,NA,NA,NA,NA,NA,NA,NA,NA,"https://www.ncei.noaa.gov/access/paleo-search/study/17174",NA,NA,NA,NA,"noaa_study_id=17174; original pub in IMPD datafile header","IMPDv1:IMPD_17174",1648,"McGlone,Matt,S.",1,"McGlone","","Matt,S.",NA,NA,NA,NA,NA,NA,NA,NA,"IMPDv1:IMPD_17174",1648,"IMPDv1","IMPD_17174",NA,121,121,"cm",1,"Radiocarbon","AMS",710,15,NA,NA,"KCCAMS-102197",TRUE,NA,"NA Date is in uncalibrated radiocarbon years.","Lake Kirkpatrick_SIEVED","counted","NaN-NaN",NA,NA,"",710,695,725,710,121,1,"NA Date is in uncalibrated radiocarbon years.",". Cal curve: NA. Source DB: IMPDv1","Lacustrine","Carbon-14","Radiocarbon",-53.5,1482.5,"Calibrated radiocarbon years BP","sedimentary charcoal","Data Sourcing: IMPDv1","Sample Age Source: IMPDv1"
"1648",163,"charcoal | num",NA,163,NA,NA,1141.5,1098,1185,"IMPDv1","Charcoal (sum)","(additional options)",NA,NA,"False","False","number","Macroscopic charcoal (sieved)","direct",NA,"CHAR",2,NA,NA,"quant_raw",5,"volume","cm^3","IMPDv1","IMPD_17174","charcoal","count","char","wet_sieve","particle","num","count","no_size","num","IMPDv1","measured",1,"IMPDv1",NA,"Lake Kirkpatrick",-45.02706,168.57374,570,"south",NA,NA,"sedlac",1648,0,NA,"McWethy,David,B.;Wilmshurst,Janet,M.;Whitlock,C.;Wood,Jamie,R.;McGlone,Matt,S.;. Lake Kirkpatrick. NOAA/WDS Paleoclimatology IMPD study 17174",NA,NA,NA,NA,NA,NA,NA,NA,NA,NA,NA,NA,NA,NA,"https://www.ncei.noaa.gov/access/paleo-search/study/17174",NA,NA,NA,NA,"noaa_study_id=17174; original pub in IMPD datafile header","IMPDv1:IMPD_17174",1648,"McGlone,Matt,S.",1,"McGlone","","Matt,S.",NA,NA,NA,NA,NA,NA,NA,NA,"IMPDv1:IMPD_17174",1648,"IMPDv1","IMPD_17174",NA,121,121,"cm",1,"Radiocarbon","AMS",710,15,NA,NA,"KCCAMS-102197",TRUE,NA,"NA Date is in uncalibrated radiocarbon years.","Lake Kirkpatrick_SIEVED","counted","NaN-NaN",NA,NA,"",710,695,725,710,121,1,"NA Date is in uncalibrated radiocarbon years.",". Cal curve: NA. Source DB: IMPDv1","Lacustrine","Carbon-14","Radiocarbon",-53.5,1482.5,"Calibrated radiocarbon years BP","sedimentary charcoal","Data Sourcing: IMPDv1","Sample Age Source: IMPDv1"
"1648",164,"charcoal | num",NA,164,NA,NA,1154.5,1111,1198,"IMPDv1","Charcoal (sum)","(additional options)",NA,NA,"False","False","number","Macroscopic charcoal (sieved)","direct",NA,"CHAR",2,NA,NA,"quant_raw",5,"volume","cm^3","IMPDv1","IMPD_17174","charcoal","count","char","wet_sieve","particle","num","count","no_size","num","IMPDv1","measured",1,"IMPDv1",NA,"Lake Kirkpatrick",-45.02706,168.57374,570,"south",NA,NA,"sedlac",1648,0,NA,"McWethy,David,B.;Wilmshurst,Janet,M.;Whitlock,C.;Wood,Jamie,R.;McGlone,Matt,S.;. Lake Kirkpatrick. NOAA/WDS Paleoclimatology IMPD study 17174",NA,NA,NA,NA,NA,NA,NA,NA,NA,NA,NA,NA,NA,NA,"https://www.ncei.noaa.gov/access/paleo-search/study/17174",NA,NA,NA,NA,"noaa_study_id=17174; original pub in IMPD datafile header","IMPDv1:IMPD_17174",1648,"McGlone,Matt,S.",1,"McGlone","","Matt,S.",NA,NA,NA,NA,NA,NA,NA,NA,"IMPDv1:IMPD_17174",1648,"IMPDv1","IMPD_17174",NA,121,121,"cm",1,"Radiocarbon","AMS",710,15,NA,NA,"KCCAMS-102197",TRUE,NA,"NA Date is in uncalibrated radiocarbon years.","Lake Kirkpatrick_SIEVED","counted","NaN-NaN",NA,NA,"",710,695,725,710,121,1,"NA Date is in uncalibrated radiocarbon years.",". Cal curve: NA. Source DB: IMPDv1","Lacustrine","Carbon-14","Radiocarbon",-53.5,1482.5,"Calibrated radiocarbon years BP","sedimentary charcoal","Data Sourcing: IMPDv1","Sample Age Source: IMPDv1"
"1648",165,"charcoal | num",NA,165,NA,NA,1166.5,1123,1210,"IMPDv1","Charcoal (sum)","(additional options)",NA,NA,"False","False","number","Macroscopic charcoal (sieved)","direct",NA,"CHAR",0,NA,NA,"quant_raw",5,"volume","cm^3","IMPDv1","IMPD_17174","charcoal","count","char","wet_sieve","particle","num","count","no_size","num","IMPDv1","measured",1,"IMPDv1",NA,"Lake Kirkpatrick",-45.02706,168.57374,570,"south",NA,NA,"sedlac",1648,0,NA,"McWethy,David,B.;Wilmshurst,Janet,M.;Whitlock,C.;Wood,Jamie,R.;McGlone,Matt,S.;. Lake Kirkpatrick. NOAA/WDS Paleoclimatology IMPD study 17174",NA,NA,NA,NA,NA,NA,NA,NA,NA,NA,NA,NA,NA,NA,"https://www.ncei.noaa.gov/access/paleo-search/study/17174",NA,NA,NA,NA,"noaa_study_id=17174; original pub in IMPD datafile header","IMPDv1:IMPD_17174",1648,"McGlone,Matt,S.",1,"McGlone","","Matt,S.",NA,NA,NA,NA,NA,NA,NA,NA,"IMPDv1:IMPD_17174",1648,"IMPDv1","IMPD_17174",NA,121,121,"cm",1,"Radiocarbon","AMS",710,15,NA,NA,"KCCAMS-102197",TRUE,NA,"NA Date is in uncalibrated radiocarbon years.","Lake Kirkpatrick_SIEVED","counted","NaN-NaN",NA,NA,"",710,695,725,710,121,1,"NA Date is in uncalibrated radiocarbon years.",". Cal curve: NA. Source DB: IMPDv1","Lacustrine","Carbon-14","Radiocarbon",-53.5,1482.5,"Calibrated radiocarbon years BP","sedimentary charcoal","Data Sourcing: IMPDv1","Sample Age Source: IMPDv1"
"1648",166,"charcoal | num",NA,166,NA,NA,1179,1135,1223,"IMPDv1","Charcoal (sum)","(additional options)",NA,NA,"False","False","number","Macroscopic charcoal (sieved)","direct",NA,"CHAR",0,NA,NA,"quant_raw",5,"volume","cm^3","IMPDv1","IMPD_17174","charcoal","count","char","wet_sieve","particle","num","count","no_size","num","IMPDv1","measured",1,"IMPDv1",NA,"Lake Kirkpatrick",-45.02706,168.57374,570,"south",NA,NA,"sedlac",1648,0,NA,"McWethy,David,B.;Wilmshurst,Janet,M.;Whitlock,C.;Wood,Jamie,R.;McGlone,Matt,S.;. Lake Kirkpatrick. NOAA/WDS Paleoclimatology IMPD study 17174",NA,NA,NA,NA,NA,NA,NA,NA,NA,NA,NA,NA,NA,NA,"https://www.ncei.noaa.gov/access/paleo-search/study/17174",NA,NA,NA,NA,"noaa_study_id=17174; original pub in IMPD datafile header","IMPDv1:IMPD_17174",1648,"McGlone,Matt,S.",1,"McGlone","","Matt,S.",NA,NA,NA,NA,NA,NA,NA,NA,"IMPDv1:IMPD_17174",1648,"IMPDv1","IMPD_17174",NA,121,121,"cm",1,"Radiocarbon","AMS",710,15,NA,NA,"KCCAMS-102197",TRUE,NA,"NA Date is in uncalibrated radiocarbon years.","Lake Kirkpatrick_SIEVED","counted","NaN-NaN",NA,NA,"",710,695,725,710,121,1,"NA Date is in uncalibrated radiocarbon years.",". Cal curve: NA. Source DB: IMPDv1","Lacustrine","Carbon-14","Radiocarbon",-53.5,1482.5,"Calibrated radiocarbon years BP","sedimentary charcoal","Data Sourcing: IMPDv1","Sample Age Source: IMPDv1"
"1648",167,"charcoal | num",NA,167,NA,NA,1191,1147,1235,"IMPDv1","Charcoal (sum)","(additional options)",NA,NA,"False","False","number","Macroscopic charcoal (sieved)","direct",NA,"CHAR",0,NA,NA,"quant_raw",5,"volume","cm^3","IMPDv1","IMPD_17174","charcoal","count","char","wet_sieve","particle","num","count","no_size","num","IMPDv1","measured",1,"IMPDv1",NA,"Lake Kirkpatrick",-45.02706,168.57374,570,"south",NA,NA,"sedlac",1648,0,NA,"McWethy,David,B.;Wilmshurst,Janet,M.;Whitlock,C.;Wood,Jamie,R.;McGlone,Matt,S.;. Lake Kirkpatrick. NOAA/WDS Paleoclimatology IMPD study 17174",NA,NA,NA,NA,NA,NA,NA,NA,NA,NA,NA,NA,NA,NA,"https://www.ncei.noaa.gov/access/paleo-search/study/17174",NA,NA,NA,NA,"noaa_study_id=17174; original pub in IMPD datafile header","IMPDv1:IMPD_17174",1648,"McGlone,Matt,S.",1,"McGlone","","Matt,S.",NA,NA,NA,NA,NA,NA,NA,NA,"IMPDv1:IMPD_17174",1648,"IMPDv1","IMPD_17174",NA,121,121,"cm",1,"Radiocarbon","AMS",710,15,NA,NA,"KCCAMS-102197",TRUE,NA,"NA Date is in uncalibrated radiocarbon years.","Lake Kirkpatrick_SIEVED","counted","NaN-NaN",NA,NA,"",710,695,725,710,121,1,"NA Date is in uncalibrated radiocarbon years.",". Cal curve: NA. Source DB: IMPDv1","Lacustrine","Carbon-14","Radiocarbon",-53.5,1482.5,"Calibrated radiocarbon years BP","sedimentary charcoal","Data Sourcing: IMPDv1","Sample Age Source: IMPDv1"
"1648",168,"charcoal | num",NA,168,NA,NA,1203,1159,1247,"IMPDv1","Charcoal (sum)","(additional options)",NA,NA,"False","False","number","Macroscopic charcoal (sieved)","direct",NA,"CHAR",1,NA,NA,"quant_raw",5,"volume","cm^3","IMPDv1","IMPD_17174","charcoal","count","char","wet_sieve","particle","num","count","no_size","num","IMPDv1","measured",1,"IMPDv1",NA,"Lake Kirkpatrick",-45.02706,168.57374,570,"south",NA,NA,"sedlac",1648,0,NA,"McWethy,David,B.;Wilmshurst,Janet,M.;Whitlock,C.;Wood,Jamie,R.;McGlone,Matt,S.;. Lake Kirkpatrick. NOAA/WDS Paleoclimatology IMPD study 17174",NA,NA,NA,NA,NA,NA,NA,NA,NA,NA,NA,NA,NA,NA,"https://www.ncei.noaa.gov/access/paleo-search/study/17174",NA,NA,NA,NA,"noaa_study_id=17174; original pub in IMPD datafile header","IMPDv1:IMPD_17174",1648,"McGlone,Matt,S.",1,"McGlone","","Matt,S.",NA,NA,NA,NA,NA,NA,NA,NA,"IMPDv1:IMPD_17174",1648,"IMPDv1","IMPD_17174",NA,191,191,"cm",1,"Radiocarbon","AMS",1625,15,NA,NA,"KCCAMS-71878",TRUE,NA,"NA Date is in uncalibrated radiocarbon years.","Lake Kirkpatrick_SIEVED","counted","NaN-NaN",NA,NA,"",1625,1610,1640,1625,191,1,"NA Date is in uncalibrated radiocarbon years.",". Cal curve: NA. Source DB: IMPDv1","Lacustrine","Carbon-14","Radiocarbon",-53.5,1482.5,"Calibrated radiocarbon years BP","sedimentary charcoal","Data Sourcing: IMPDv1","Sample Age Source: IMPDv1"
"1648",169,"charcoal | num",NA,169,NA,NA,1215,1170,1260,"IMPDv1","Charcoal (sum)","(additional options)",NA,NA,"False","False","number","Macroscopic charcoal (sieved)","direct",NA,"CHAR",0,NA,NA,"quant_raw",5,"volume","cm^3","IMPDv1","IMPD_17174","charcoal","count","char","wet_sieve","particle","num","count","no_size","num","IMPDv1","measured",1,"IMPDv1",NA,"Lake Kirkpatrick",-45.02706,168.57374,570,"south",NA,NA,"sedlac",1648,0,NA,"McWethy,David,B.;Wilmshurst,Janet,M.;Whitlock,C.;Wood,Jamie,R.;McGlone,Matt,S.;. Lake Kirkpatrick. NOAA/WDS Paleoclimatology IMPD study 17174",NA,NA,NA,NA,NA,NA,NA,NA,NA,NA,NA,NA,NA,NA,"https://www.ncei.noaa.gov/access/paleo-search/study/17174",NA,NA,NA,NA,"noaa_study_id=17174; original pub in IMPD datafile header","IMPDv1:IMPD_17174",1648,"McGlone,Matt,S.",1,"McGlone","","Matt,S.",NA,NA,NA,NA,NA,NA,NA,NA,"IMPDv1:IMPD_17174",1648,"IMPDv1","IMPD_17174",NA,191,191,"cm",1,"Radiocarbon","AMS",1625,15,NA,NA,"KCCAMS-71878",TRUE,NA,"NA Date is in uncalibrated radiocarbon years.","Lake Kirkpatrick_SIEVED","counted","NaN-NaN",NA,NA,"",1625,1610,1640,1625,191,1,"NA Date is in uncalibrated radiocarbon years.",". Cal curve: NA. Source DB: IMPDv1","Lacustrine","Carbon-14","Radiocarbon",-53.5,1482.5,"Calibrated radiocarbon years BP","sedimentary charcoal","Data Sourcing: IMPDv1","Sample Age Source: IMPDv1"
"1648",170,"charcoal | num",NA,170,NA,NA,1227.5,1182,1273,"IMPDv1","Charcoal (sum)","(additional options)",NA,NA,"False","False","number","Macroscopic charcoal (sieved)","direct",NA,"CHAR",1,NA,NA,"quant_raw",5,"volume","cm^3","IMPDv1","IMPD_17174","charcoal","count","char","wet_sieve","particle","num","count","no_size","num","IMPDv1","measured",1,"IMPDv1",NA,"Lake Kirkpatrick",-45.02706,168.57374,570,"south",NA,NA,"sedlac",1648,0,NA,"McWethy,David,B.;Wilmshurst,Janet,M.;Whitlock,C.;Wood,Jamie,R.;McGlone,Matt,S.;. Lake Kirkpatrick. NOAA/WDS Paleoclimatology IMPD study 17174",NA,NA,NA,NA,NA,NA,NA,NA,NA,NA,NA,NA,NA,NA,"https://www.ncei.noaa.gov/access/paleo-search/study/17174",NA,NA,NA,NA,"noaa_study_id=17174; original pub in IMPD datafile header","IMPDv1:IMPD_17174",1648,"McGlone,Matt,S.",1,"McGlone","","Matt,S.",NA,NA,NA,NA,NA,NA,NA,NA,"IMPDv1:IMPD_17174",1648,"IMPDv1","IMPD_17174",NA,191,191,"cm",1,"Radiocarbon","AMS",1625,15,NA,NA,"KCCAMS-71878",TRUE,NA,"NA Date is in uncalibrated radiocarbon years.","Lake Kirkpatrick_SIEVED","counted","NaN-NaN",NA,NA,"",1625,1610,1640,1625,191,1,"NA Date is in uncalibrated radiocarbon years.",". Cal curve: NA. Source DB: IMPDv1","Lacustrine","Carbon-14","Radiocarbon",-53.5,1482.5,"Calibrated radiocarbon years BP","sedimentary charcoal","Data Sourcing: IMPDv1","Sample Age Source: IMPDv1"
"1648",171,"charcoal | num",NA,171,NA,NA,1239.5,1194,1285,"IMPDv1","Charcoal (sum)","(additional options)",NA,NA,"False","False","number","Macroscopic charcoal (sieved)","direct",NA,"CHAR",0,NA,NA,"quant_raw",5,"volume","cm^3","IMPDv1","IMPD_17174","charcoal","count","char","wet_sieve","particle","num","count","no_size","num","IMPDv1","measured",1,"IMPDv1",NA,"Lake Kirkpatrick",-45.02706,168.57374,570,"south",NA,NA,"sedlac",1648,0,NA,"McWethy,David,B.;Wilmshurst,Janet,M.;Whitlock,C.;Wood,Jamie,R.;McGlone,Matt,S.;. Lake Kirkpatrick. NOAA/WDS Paleoclimatology IMPD study 17174",NA,NA,NA,NA,NA,NA,NA,NA,NA,NA,NA,NA,NA,NA,"https://www.ncei.noaa.gov/access/paleo-search/study/17174",NA,NA,NA,NA,"noaa_study_id=17174; original pub in IMPD datafile header","IMPDv1:IMPD_17174",1648,"McGlone,Matt,S.",1,"McGlone","","Matt,S.",NA,NA,NA,NA,NA,NA,NA,NA,"IMPDv1:IMPD_17174",1648,"IMPDv1","IMPD_17174",NA,191,191,"cm",1,"Radiocarbon","AMS",1625,15,NA,NA,"KCCAMS-71878",TRUE,NA,"NA Date is in uncalibrated radiocarbon years.","Lake Kirkpatrick_SIEVED","counted","NaN-NaN",NA,NA,"",1625,1610,1640,1625,191,1,"NA Date is in uncalibrated radiocarbon years.",". Cal curve: NA. Source DB: IMPDv1","Lacustrine","Carbon-14","Radiocarbon",-53.5,1482.5,"Calibrated radiocarbon years BP","sedimentary charcoal","Data Sourcing: IMPDv1","Sample Age Source: IMPDv1"
"1648",172,"charcoal | num",NA,172,NA,NA,1252,1206,1298,"IMPDv1","Charcoal (sum)","(additional options)",NA,NA,"False","False","number","Macroscopic charcoal (sieved)","direct",NA,"CHAR",2,NA,NA,"quant_raw",5,"volume","cm^3","IMPDv1","IMPD_17174","charcoal","count","char","wet_sieve","particle","num","count","no_size","num","IMPDv1","measured",1,"IMPDv1",NA,"Lake Kirkpatrick",-45.02706,168.57374,570,"south",NA,NA,"sedlac",1648,0,NA,"McWethy,David,B.;Wilmshurst,Janet,M.;Whitlock,C.;Wood,Jamie,R.;McGlone,Matt,S.;. Lake Kirkpatrick. NOAA/WDS Paleoclimatology IMPD study 17174",NA,NA,NA,NA,NA,NA,NA,NA,NA,NA,NA,NA,NA,NA,"https://www.ncei.noaa.gov/access/paleo-search/study/17174",NA,NA,NA,NA,"noaa_study_id=17174; original pub in IMPD datafile header","IMPDv1:IMPD_17174",1648,"McGlone,Matt,S.",1,"McGlone","","Matt,S.",NA,NA,NA,NA,NA,NA,NA,NA,"IMPDv1:IMPD_17174",1648,"IMPDv1","IMPD_17174",NA,191,191,"cm",1,"Radiocarbon","AMS",1625,15,NA,NA,"KCCAMS-71878",TRUE,NA,"NA Date is in uncalibrated radiocarbon years.","Lake Kirkpatrick_SIEVED","counted","NaN-NaN",NA,NA,"",1625,1610,1640,1625,191,1,"NA Date is in uncalibrated radiocarbon years.",". Cal curve: NA. Source DB: IMPDv1","Lacustrine","Carbon-14","Radiocarbon",-53.5,1482.5,"Calibrated radiocarbon years BP","sedimentary charcoal","Data Sourcing: IMPDv1","Sample Age Source: IMPDv1"
"1648",173,"charcoal | num",NA,173,NA,NA,1264,1218,1310,"IMPDv1","Charcoal (sum)","(additional options)",NA,NA,"False","False","number","Macroscopic charcoal (sieved)","direct",NA,"CHAR",2,NA,NA,"quant_raw",5,"volume","cm^3","IMPDv1","IMPD_17174","charcoal","count","char","wet_sieve","particle","num","count","no_size","num","IMPDv1","measured",1,"IMPDv1",NA,"Lake Kirkpatrick",-45.02706,168.57374,570,"south",NA,NA,"sedlac",1648,0,NA,"McWethy,David,B.;Wilmshurst,Janet,M.;Whitlock,C.;Wood,Jamie,R.;McGlone,Matt,S.;. Lake Kirkpatrick. NOAA/WDS Paleoclimatology IMPD study 17174",NA,NA,NA,NA,NA,NA,NA,NA,NA,NA,NA,NA,NA,NA,"https://www.ncei.noaa.gov/access/paleo-search/study/17174",NA,NA,NA,NA,"noaa_study_id=17174; original pub in IMPD datafile header","IMPDv1:IMPD_17174",1648,"McGlone,Matt,S.",1,"McGlone","","Matt,S.",NA,NA,NA,NA,NA,NA,NA,NA,"IMPDv1:IMPD_17174",1648,"IMPDv1","IMPD_17174",NA,191,191,"cm",1,"Radiocarbon","AMS",1625,15,NA,NA,"KCCAMS-71878",TRUE,NA,"NA Date is in uncalibrated radiocarbon years.","Lake Kirkpatrick_SIEVED","counted","NaN-NaN",NA,NA,"",1625,1610,1640,1625,191,1,"NA Date is in uncalibrated radiocarbon years.",". Cal curve: NA. Source DB: IMPDv1","Lacustrine","Carbon-14","Radiocarbon",-53.5,1482.5,"Calibrated radiocarbon years BP","sedimentary charcoal","Data Sourcing: IMPDv1","Sample Age Source: IMPDv1"
"1648",174,"charcoal | num",NA,174,NA,NA,1276.5,1230,1323,"IMPDv1","Charcoal (sum)","(additional options)",NA,NA,"False","False","number","Macroscopic charcoal (sieved)","direct",NA,"CHAR",4,NA,NA,"quant_raw",5,"volume","cm^3","IMPDv1","IMPD_17174","charcoal","count","char","wet_sieve","particle","num","count","no_size","num","IMPDv1","measured",1,"IMPDv1",NA,"Lake Kirkpatrick",-45.02706,168.57374,570,"south",NA,NA,"sedlac",1648,0,NA,"McWethy,David,B.;Wilmshurst,Janet,M.;Whitlock,C.;Wood,Jamie,R.;McGlone,Matt,S.;. Lake Kirkpatrick. NOAA/WDS Paleoclimatology IMPD study 17174",NA,NA,NA,NA,NA,NA,NA,NA,NA,NA,NA,NA,NA,NA,"https://www.ncei.noaa.gov/access/paleo-search/study/17174",NA,NA,NA,NA,"noaa_study_id=17174; original pub in IMPD datafile header","IMPDv1:IMPD_17174",1648,"McGlone,Matt,S.",1,"McGlone","","Matt,S.",NA,NA,NA,NA,NA,NA,NA,NA,"IMPDv1:IMPD_17174",1648,"IMPDv1","IMPD_17174",NA,191,191,"cm",1,"Radiocarbon","AMS",1625,15,NA,NA,"KCCAMS-71878",TRUE,NA,"NA Date is in uncalibrated radiocarbon years.","Lake Kirkpatrick_SIEVED","counted","NaN-NaN",NA,NA,"",1625,1610,1640,1625,191,1,"NA Date is in uncalibrated radiocarbon years.",". Cal curve: NA. Source DB: IMPDv1","Lacustrine","Carbon-14","Radiocarbon",-53.5,1482.5,"Calibrated radiocarbon years BP","sedimentary charcoal","Data Sourcing: IMPDv1","Sample Age Source: IMPDv1"
"1648",175,"charcoal | num",NA,175,NA,NA,1289,1242,1336,"IMPDv1","Charcoal (sum)","(additional options)",NA,NA,"False","False","number","Macroscopic charcoal (sieved)","direct",NA,"CHAR",4,NA,NA,"quant_raw",5,"volume","cm^3","IMPDv1","IMPD_17174","charcoal","count","char","wet_sieve","particle","num","count","no_size","num","IMPDv1","measured",1,"IMPDv1",NA,"Lake Kirkpatrick",-45.02706,168.57374,570,"south",NA,NA,"sedlac",1648,0,NA,"McWethy,David,B.;Wilmshurst,Janet,M.;Whitlock,C.;Wood,Jamie,R.;McGlone,Matt,S.;. Lake Kirkpatrick. NOAA/WDS Paleoclimatology IMPD study 17174",NA,NA,NA,NA,NA,NA,NA,NA,NA,NA,NA,NA,NA,NA,"https://www.ncei.noaa.gov/access/paleo-search/study/17174",NA,NA,NA,NA,"noaa_study_id=17174; original pub in IMPD datafile header","IMPDv1:IMPD_17174",1648,"McGlone,Matt,S.",1,"McGlone","","Matt,S.",NA,NA,NA,NA,NA,NA,NA,NA,"IMPDv1:IMPD_17174",1648,"IMPDv1","IMPD_17174",NA,191,191,"cm",1,"Radiocarbon","AMS",1625,15,NA,NA,"KCCAMS-71878",TRUE,NA,"NA Date is in uncalibrated radiocarbon years.","Lake Kirkpatrick_SIEVED","counted","NaN-NaN",NA,NA,"",1625,1610,1640,1625,191,1,"NA Date is in uncalibrated radiocarbon years.",". Cal curve: NA. Source DB: IMPDv1","Lacustrine","Carbon-14","Radiocarbon",-53.5,1482.5,"Calibrated radiocarbon years BP","sedimentary charcoal","Data Sourcing: IMPDv1","Sample Age Source: IMPDv1"
"1648",176,"charcoal | num",NA,176,NA,NA,1301,1254,1348,"IMPDv1","Charcoal (sum)","(additional options)",NA,NA,"False","False","number","Macroscopic charcoal (sieved)","direct",NA,"CHAR",4,NA,NA,"quant_raw",5,"volume","cm^3","IMPDv1","IMPD_17174","charcoal","count","char","wet_sieve","particle","num","count","no_size","num","IMPDv1","measured",1,"IMPDv1",NA,"Lake Kirkpatrick",-45.02706,168.57374,570,"south",NA,NA,"sedlac",1648,0,NA,"McWethy,David,B.;Wilmshurst,Janet,M.;Whitlock,C.;Wood,Jamie,R.;McGlone,Matt,S.;. Lake Kirkpatrick. NOAA/WDS Paleoclimatology IMPD study 17174",NA,NA,NA,NA,NA,NA,NA,NA,NA,NA,NA,NA,NA,NA,"https://www.ncei.noaa.gov/access/paleo-search/study/17174",NA,NA,NA,NA,"noaa_study_id=17174; original pub in IMPD datafile header","IMPDv1:IMPD_17174",1648,"McGlone,Matt,S.",1,"McGlone","","Matt,S.",NA,NA,NA,NA,NA,NA,NA,NA,"IMPDv1:IMPD_17174",1648,"IMPDv1","IMPD_17174",NA,191,191,"cm",1,"Radiocarbon","AMS",1625,15,NA,NA,"KCCAMS-71878",TRUE,NA,"NA Date is in uncalibrated radiocarbon years.","Lake Kirkpatrick_SIEVED","counted","NaN-NaN",NA,NA,"",1625,1610,1640,1625,191,1,"NA Date is in uncalibrated radiocarbon years.",". Cal curve: NA. Source DB: IMPDv1","Lacustrine","Carbon-14","Radiocarbon",-53.5,1482.5,"Calibrated radiocarbon years BP","sedimentary charcoal","Data Sourcing: IMPDv1","Sample Age Source: IMPDv1"
"1648",177,"charcoal | num",NA,177,NA,NA,1313,1266,1360,"IMPDv1","Charcoal (sum)","(additional options)",NA,NA,"False","False","number","Macroscopic charcoal (sieved)","direct",NA,"CHAR",2,NA,NA,"quant_raw",5,"volume","cm^3","IMPDv1","IMPD_17174","charcoal","count","char","wet_sieve","particle","num","count","no_size","num","IMPDv1","measured",1,"IMPDv1",NA,"Lake Kirkpatrick",-45.02706,168.57374,570,"south",NA,NA,"sedlac",1648,0,NA,"McWethy,David,B.;Wilmshurst,Janet,M.;Whitlock,C.;Wood,Jamie,R.;McGlone,Matt,S.;. Lake Kirkpatrick. NOAA/WDS Paleoclimatology IMPD study 17174",NA,NA,NA,NA,NA,NA,NA,NA,NA,NA,NA,NA,NA,NA,"https://www.ncei.noaa.gov/access/paleo-search/study/17174",NA,NA,NA,NA,"noaa_study_id=17174; original pub in IMPD datafile header","IMPDv1:IMPD_17174",1648,"McGlone,Matt,S.",1,"McGlone","","Matt,S.",NA,NA,NA,NA,NA,NA,NA,NA,"IMPDv1:IMPD_17174",1648,"IMPDv1","IMPD_17174",NA,191,191,"cm",1,"Radiocarbon","AMS",1625,15,NA,NA,"KCCAMS-71878",TRUE,NA,"NA Date is in uncalibrated radiocarbon years.","Lake Kirkpatrick_SIEVED","counted","NaN-NaN",NA,NA,"",1625,1610,1640,1625,191,1,"NA Date is in uncalibrated radiocarbon years.",". Cal curve: NA. Source DB: IMPDv1","Lacustrine","Carbon-14","Radiocarbon",-53.5,1482.5,"Calibrated radiocarbon years BP","sedimentary charcoal","Data Sourcing: IMPDv1","Sample Age Source: IMPDv1"
"1648",178,"charcoal | num",NA,178,NA,NA,1325.5,1278,1373,"IMPDv1","Charcoal (sum)","(additional options)",NA,NA,"False","False","number","Macroscopic charcoal (sieved)","direct",NA,"CHAR",0,NA,NA,"quant_raw",5,"volume","cm^3","IMPDv1","IMPD_17174","charcoal","count","char","wet_sieve","particle","num","count","no_size","num","IMPDv1","measured",1,"IMPDv1",NA,"Lake Kirkpatrick",-45.02706,168.57374,570,"south",NA,NA,"sedlac",1648,0,NA,"McWethy,David,B.;Wilmshurst,Janet,M.;Whitlock,C.;Wood,Jamie,R.;McGlone,Matt,S.;. Lake Kirkpatrick. NOAA/WDS Paleoclimatology IMPD study 17174",NA,NA,NA,NA,NA,NA,NA,NA,NA,NA,NA,NA,NA,NA,"https://www.ncei.noaa.gov/access/paleo-search/study/17174",NA,NA,NA,NA,"noaa_study_id=17174; original pub in IMPD datafile header","IMPDv1:IMPD_17174",1648,"McGlone,Matt,S.",1,"McGlone","","Matt,S.",NA,NA,NA,NA,NA,NA,NA,NA,"IMPDv1:IMPD_17174",1648,"IMPDv1","IMPD_17174",NA,191,191,"cm",1,"Radiocarbon","AMS",1625,15,NA,NA,"KCCAMS-71878",TRUE,NA,"NA Date is in uncalibrated radiocarbon years.","Lake Kirkpatrick_SIEVED","counted","NaN-NaN",NA,NA,"",1625,1610,1640,1625,191,1,"NA Date is in uncalibrated radiocarbon years.",". Cal curve: NA. Source DB: IMPDv1","Lacustrine","Carbon-14","Radiocarbon",-53.5,1482.5,"Calibrated radiocarbon years BP","sedimentary charcoal","Data Sourcing: IMPDv1","Sample Age Source: IMPDv1"
"1648",179,"charcoal | num",NA,179,NA,NA,1337.5,1290,1385,"IMPDv1","Charcoal (sum)","(additional options)",NA,NA,"False","False","number","Macroscopic charcoal (sieved)","direct",NA,"CHAR",4,NA,NA,"quant_raw",5,"volume","cm^3","IMPDv1","IMPD_17174","charcoal","count","char","wet_sieve","particle","num","count","no_size","num","IMPDv1","measured",1,"IMPDv1",NA,"Lake Kirkpatrick",-45.02706,168.57374,570,"south",NA,NA,"sedlac",1648,0,NA,"McWethy,David,B.;Wilmshurst,Janet,M.;Whitlock,C.;Wood,Jamie,R.;McGlone,Matt,S.;. Lake Kirkpatrick. NOAA/WDS Paleoclimatology IMPD study 17174",NA,NA,NA,NA,NA,NA,NA,NA,NA,NA,NA,NA,NA,NA,"https://www.ncei.noaa.gov/access/paleo-search/study/17174",NA,NA,NA,NA,"noaa_study_id=17174; original pub in IMPD datafile header","IMPDv1:IMPD_17174",1648,"McGlone,Matt,S.",1,"McGlone","","Matt,S.",NA,NA,NA,NA,NA,NA,NA,NA,"IMPDv1:IMPD_17174",1648,"IMPDv1","IMPD_17174",NA,191,191,"cm",1,"Radiocarbon","AMS",1625,15,NA,NA,"KCCAMS-71878",TRUE,NA,"NA Date is in uncalibrated radiocarbon years.","Lake Kirkpatrick_SIEVED","counted","NaN-NaN",NA,NA,"",1625,1610,1640,1625,191,1,"NA Date is in uncalibrated radiocarbon years.",". Cal curve: NA. Source DB: IMPDv1","Lacustrine","Carbon-14","Radiocarbon",-53.5,1482.5,"Calibrated radiocarbon years BP","sedimentary charcoal","Data Sourcing: IMPDv1","Sample Age Source: IMPDv1"
"1648",180,"charcoal | num",NA,180,NA,NA,1350,1302,1398,"IMPDv1","Charcoal (sum)","(additional options)",NA,NA,"False","False","number","Macroscopic charcoal (sieved)","direct",NA,"CHAR",11,NA,NA,"quant_raw",5,"volume","cm^3","IMPDv1","IMPD_17174","charcoal","count","char","wet_sieve","particle","num","count","no_size","num","IMPDv1","measured",1,"IMPDv1",NA,"Lake Kirkpatrick",-45.02706,168.57374,570,"south",NA,NA,"sedlac",1648,0,NA,"McWethy,David,B.;Wilmshurst,Janet,M.;Whitlock,C.;Wood,Jamie,R.;McGlone,Matt,S.;. Lake Kirkpatrick. NOAA/WDS Paleoclimatology IMPD study 17174",NA,NA,NA,NA,NA,NA,NA,NA,NA,NA,NA,NA,NA,NA,"https://www.ncei.noaa.gov/access/paleo-search/study/17174",NA,NA,NA,NA,"noaa_study_id=17174; original pub in IMPD datafile header","IMPDv1:IMPD_17174",1648,"McGlone,Matt,S.",1,"McGlone","","Matt,S.",NA,NA,NA,NA,NA,NA,NA,NA,"IMPDv1:IMPD_17174",1648,"IMPDv1","IMPD_17174",NA,191,191,"cm",1,"Radiocarbon","AMS",1625,15,NA,NA,"KCCAMS-71878",TRUE,NA,"NA Date is in uncalibrated radiocarbon years.","Lake Kirkpatrick_SIEVED","counted","NaN-NaN",NA,NA,"",1625,1610,1640,1625,191,1,"NA Date is in uncalibrated radiocarbon years.",". Cal curve: NA. Source DB: IMPDv1","Lacustrine","Carbon-14","Radiocarbon",-53.5,1482.5,"Calibrated radiocarbon years BP","sedimentary charcoal","Data Sourcing: IMPDv1","Sample Age Source: IMPDv1"
"1648",181,"charcoal | num",NA,181,NA,NA,1362,1314,1410,"IMPDv1","Charcoal (sum)","(additional options)",NA,NA,"False","False","number","Macroscopic charcoal (sieved)","direct",NA,"CHAR",0,NA,NA,"quant_raw",5,"volume","cm^3","IMPDv1","IMPD_17174","charcoal","count","char","wet_sieve","particle","num","count","no_size","num","IMPDv1","measured",1,"IMPDv1",NA,"Lake Kirkpatrick",-45.02706,168.57374,570,"south",NA,NA,"sedlac",1648,0,NA,"McWethy,David,B.;Wilmshurst,Janet,M.;Whitlock,C.;Wood,Jamie,R.;McGlone,Matt,S.;. Lake Kirkpatrick. NOAA/WDS Paleoclimatology IMPD study 17174",NA,NA,NA,NA,NA,NA,NA,NA,NA,NA,NA,NA,NA,NA,"https://www.ncei.noaa.gov/access/paleo-search/study/17174",NA,NA,NA,NA,"noaa_study_id=17174; original pub in IMPD datafile header","IMPDv1:IMPD_17174",1648,"McGlone,Matt,S.",1,"McGlone","","Matt,S.",NA,NA,NA,NA,NA,NA,NA,NA,"IMPDv1:IMPD_17174",1648,"IMPDv1","IMPD_17174",NA,191,191,"cm",1,"Radiocarbon","AMS",1625,15,NA,NA,"KCCAMS-71878",TRUE,NA,"NA Date is in uncalibrated radiocarbon years.","Lake Kirkpatrick_SIEVED","counted","NaN-NaN",NA,NA,"",1625,1610,1640,1625,191,1,"NA Date is in uncalibrated radiocarbon years.",". Cal curve: NA. Source DB: IMPDv1","Lacustrine","Carbon-14","Radiocarbon",-53.5,1482.5,"Calibrated radiocarbon years BP","sedimentary charcoal","Data Sourcing: IMPDv1","Sample Age Source: IMPDv1"
"1648",182,"charcoal | num",NA,182,NA,NA,1374.5,1326,1423,"IMPDv1","Charcoal (sum)","(additional options)",NA,NA,"False","False","number","Macroscopic charcoal (sieved)","direct",NA,"CHAR",0,NA,NA,"quant_raw",5,"volume","cm^3","IMPDv1","IMPD_17174","charcoal","count","char","wet_sieve","particle","num","count","no_size","num","IMPDv1","measured",1,"IMPDv1",NA,"Lake Kirkpatrick",-45.02706,168.57374,570,"south",NA,NA,"sedlac",1648,0,NA,"McWethy,David,B.;Wilmshurst,Janet,M.;Whitlock,C.;Wood,Jamie,R.;McGlone,Matt,S.;. Lake Kirkpatrick. NOAA/WDS Paleoclimatology IMPD study 17174",NA,NA,NA,NA,NA,NA,NA,NA,NA,NA,NA,NA,NA,NA,"https://www.ncei.noaa.gov/access/paleo-search/study/17174",NA,NA,NA,NA,"noaa_study_id=17174; original pub in IMPD datafile header","IMPDv1:IMPD_17174",1648,"McGlone,Matt,S.",1,"McGlone","","Matt,S.",NA,NA,NA,NA,NA,NA,NA,NA,"IMPDv1:IMPD_17174",1648,"IMPDv1","IMPD_17174",NA,99,99,"cm",1,"Radiocarbon","AMS",575,15,NA,NA,"KCCAMS-102187",TRUE,NA,"NA Date is in uncalibrated radiocarbon years.","Lake Kirkpatrick_SIEVED","counted","NaN-NaN",NA,NA,"",575,560,590,575,99,1,"NA Date is in uncalibrated radiocarbon years.",". Cal curve: NA. Source DB: IMPDv1","Lacustrine","Carbon-14","Radiocarbon",-53.5,1482.5,"Calibrated radiocarbon years BP","sedimentary charcoal","Data Sourcing: IMPDv1","Sample Age Source: IMPDv1"
"1648",183,"charcoal | num",NA,183,NA,NA,1386.5,1337,1436,"IMPDv1","Charcoal (sum)","(additional options)",NA,NA,"False","False","number","Macroscopic charcoal (sieved)","direct",NA,"CHAR",1,NA,NA,"quant_raw",5,"volume","cm^3","IMPDv1","IMPD_17174","charcoal","count","char","wet_sieve","particle","num","count","no_size","num","IMPDv1","measured",1,"IMPDv1",NA,"Lake Kirkpatrick",-45.02706,168.57374,570,"south",NA,NA,"sedlac",1648,0,NA,"McWethy,David,B.;Wilmshurst,Janet,M.;Whitlock,C.;Wood,Jamie,R.;McGlone,Matt,S.;. Lake Kirkpatrick. NOAA/WDS Paleoclimatology IMPD study 17174",NA,NA,NA,NA,NA,NA,NA,NA,NA,NA,NA,NA,NA,NA,"https://www.ncei.noaa.gov/access/paleo-search/study/17174",NA,NA,NA,NA,"noaa_study_id=17174; original pub in IMPD datafile header","IMPDv1:IMPD_17174",1648,"McGlone,Matt,S.",1,"McGlone","","Matt,S.",NA,NA,NA,NA,NA,NA,NA,NA,"IMPDv1:IMPD_17174",1648,"IMPDv1","IMPD_17174",NA,104,104,"cm",1,"Radiocarbon","AMS",650,30,NA,NA,"KCCAMS-102188",TRUE,NA,"NA Date is in uncalibrated radiocarbon years.","Lake Kirkpatrick_SIEVED","counted","NaN-NaN",NA,NA,"",650,620,680,650,104,1,"NA Date is in uncalibrated radiocarbon years.",". Cal curve: NA. Source DB: IMPDv1","Lacustrine","Carbon-14","Radiocarbon",-53.5,1482.5,"Calibrated radiocarbon years BP","sedimentary charcoal","Data Sourcing: IMPDv1","Sample Age Source: IMPDv1"
"1648",184,"charcoal | num",NA,184,NA,NA,1398.5,1349,1448,"IMPDv1","Charcoal (sum)","(additional options)",NA,NA,"False","False","number","Macroscopic charcoal (sieved)","direct",NA,"CHAR",1,NA,NA,"quant_raw",5,"volume","cm^3","IMPDv1","IMPD_17174","charcoal","count","char","wet_sieve","particle","num","count","no_size","num","IMPDv1","measured",1,"IMPDv1",NA,"Lake Kirkpatrick",-45.02706,168.57374,570,"south",NA,NA,"sedlac",1648,0,NA,"McWethy,David,B.;Wilmshurst,Janet,M.;Whitlock,C.;Wood,Jamie,R.;McGlone,Matt,S.;. Lake Kirkpatrick. NOAA/WDS Paleoclimatology IMPD study 17174",NA,NA,NA,NA,NA,NA,NA,NA,NA,NA,NA,NA,NA,NA,"https://www.ncei.noaa.gov/access/paleo-search/study/17174",NA,NA,NA,NA,"noaa_study_id=17174; original pub in IMPD datafile header","IMPDv1:IMPD_17174",1648,"McGlone,Matt,S.",1,"McGlone","","Matt,S.",NA,NA,NA,NA,NA,NA,NA,NA,"IMPDv1:IMPD_17174",1648,"IMPDv1","IMPD_17174",NA,108,108,"cm",1,"Radiocarbon","AMS",680,20,NA,NA,"KCCAMS-102189",TRUE,NA,"NA Date is in uncalibrated radiocarbon years.","Lake Kirkpatrick_SIEVED","counted","NaN-NaN",NA,NA,"",680,660,700,680,108,1,"NA Date is in uncalibrated radiocarbon years.",". Cal curve: NA. Source DB: IMPDv1","Lacustrine","Carbon-14","Radiocarbon",-53.5,1482.5,"Calibrated radiocarbon years BP","sedimentary charcoal","Data Sourcing: IMPDv1","Sample Age Source: IMPDv1"
"1648",185,"charcoal | num",NA,185,NA,NA,1411.5,1361,1462,"IMPDv1","Charcoal (sum)","(additional options)",NA,NA,"False","False","number","Macroscopic charcoal (sieved)","direct",NA,"CHAR",2,NA,NA,"quant_raw",5,"volume","cm^3","IMPDv1","IMPD_17174","charcoal","count","char","wet_sieve","particle","num","count","no_size","num","IMPDv1","measured",1,"IMPDv1",NA,"Lake Kirkpatrick",-45.02706,168.57374,570,"south",NA,NA,"sedlac",1648,0,NA,"McWethy,David,B.;Wilmshurst,Janet,M.;Whitlock,C.;Wood,Jamie,R.;McGlone,Matt,S.;. Lake Kirkpatrick. NOAA/WDS Paleoclimatology IMPD study 17174",NA,NA,NA,NA,NA,NA,NA,NA,NA,NA,NA,NA,NA,NA,"https://www.ncei.noaa.gov/access/paleo-search/study/17174",NA,NA,NA,NA,"noaa_study_id=17174; original pub in IMPD datafile header","IMPDv1:IMPD_17174",1648,"McGlone,Matt,S.",1,"McGlone","","Matt,S.",NA,NA,NA,NA,NA,NA,NA,NA,"IMPDv1:IMPD_17174",1648,"IMPDv1","IMPD_17174",NA,109,109,"cm",1,"Radiocarbon","AMS",640,15,NA,NA,"KCCAMS-102190",TRUE,NA,"NA Date is in uncalibrated radiocarbon years.","Lake Kirkpatrick_SIEVED","counted","NaN-NaN",NA,NA,"",640,625,655,640,109,1,"NA Date is in uncalibrated radiocarbon years.",". Cal curve: NA. Source DB: IMPDv1","Lacustrine","Carbon-14","Radiocarbon",-53.5,1482.5,"Calibrated radiocarbon years BP","sedimentary charcoal","Data Sourcing: IMPDv1","Sample Age Source: IMPDv1"
"1648",186,"charcoal | num",NA,186,NA,NA,1423.5,1372,1475,"IMPDv1","Charcoal (sum)","(additional options)",NA,NA,"False","False","number","Macroscopic charcoal (sieved)","direct",NA,"CHAR",8,NA,NA,"quant_raw",5,"volume","cm^3","IMPDv1","IMPD_17174","charcoal","count","char","wet_sieve","particle","num","count","no_size","num","IMPDv1","measured",1,"IMPDv1",NA,"Lake Kirkpatrick",-45.02706,168.57374,570,"south",NA,NA,"sedlac",1648,0,NA,"McWethy,David,B.;Wilmshurst,Janet,M.;Whitlock,C.;Wood,Jamie,R.;McGlone,Matt,S.;. Lake Kirkpatrick. NOAA/WDS Paleoclimatology IMPD study 17174",NA,NA,NA,NA,NA,NA,NA,NA,NA,NA,NA,NA,NA,NA,"https://www.ncei.noaa.gov/access/paleo-search/study/17174",NA,NA,NA,NA,"noaa_study_id=17174; original pub in IMPD datafile header","IMPDv1:IMPD_17174",1648,"McGlone,Matt,S.",1,"McGlone","","Matt,S.",NA,NA,NA,NA,NA,NA,NA,NA,"IMPDv1:IMPD_17174",1648,"IMPDv1","IMPD_17174",NA,110,110,"cm",1,"Radiocarbon","AMS",555,20,NA,NA,"KCCAMS-102191",TRUE,NA,"NA Date is in uncalibrated radiocarbon years.","Lake Kirkpatrick_SIEVED","counted","NaN-NaN",NA,NA,"",555,535,575,555,110,1,"NA Date is in uncalibrated radiocarbon years.",". Cal curve: NA. Source DB: IMPDv1","Lacustrine","Carbon-14","Radiocarbon",-53.5,1482.5,"Calibrated radiocarbon years BP","sedimentary charcoal","Data Sourcing: IMPDv1","Sample Age Source: IMPDv1"
"1648",187,"charcoal | num",NA,187,NA,NA,1436,1384,1488,"IMPDv1","Charcoal (sum)","(additional options)",NA,NA,"False","False","number","Macroscopic charcoal (sieved)","direct",NA,"CHAR",5,NA,NA,"quant_raw",5,"volume","cm^3","IMPDv1","IMPD_17174","charcoal","count","char","wet_sieve","particle","num","count","no_size","num","IMPDv1","measured",1,"IMPDv1",NA,"Lake Kirkpatrick",-45.02706,168.57374,570,"south",NA,NA,"sedlac",1648,0,NA,"McWethy,David,B.;Wilmshurst,Janet,M.;Whitlock,C.;Wood,Jamie,R.;McGlone,Matt,S.;. Lake Kirkpatrick. NOAA/WDS Paleoclimatology IMPD study 17174",NA,NA,NA,NA,NA,NA,NA,NA,NA,NA,NA,NA,NA,NA,"https://www.ncei.noaa.gov/access/paleo-search/study/17174",NA,NA,NA,NA,"noaa_study_id=17174; original pub in IMPD datafile header","IMPDv1:IMPD_17174",1648,"McGlone,Matt,S.",1,"McGlone","","Matt,S.",NA,NA,NA,NA,NA,NA,NA,NA,"IMPDv1:IMPD_17174",1648,"IMPDv1","IMPD_17174",NA,111,111,"cm",1,"Radiocarbon","AMS",750,15,NA,NA,"KCCAMS-102192",TRUE,NA,"NA Date is in uncalibrated radiocarbon years.","Lake Kirkpatrick_SIEVED","counted","NaN-NaN",NA,NA,"",750,735,765,750,111,1,"NA Date is in uncalibrated radiocarbon years.",". Cal curve: NA. Source DB: IMPDv1","Lacustrine","Carbon-14","Radiocarbon",-53.5,1482.5,"Calibrated radiocarbon years BP","sedimentary charcoal","Data Sourcing: IMPDv1","Sample Age Source: IMPDv1"
"1648",188,"charcoal | num",NA,188,NA,NA,1448,1395,1501,"IMPDv1","Charcoal (sum)","(additional options)",NA,NA,"False","False","number","Macroscopic charcoal (sieved)","direct",NA,"CHAR",1,NA,NA,"quant_raw",5,"volume","cm^3","IMPDv1","IMPD_17174","charcoal","count","char","wet_sieve","particle","num","count","no_size","num","IMPDv1","measured",1,"IMPDv1",NA,"Lake Kirkpatrick",-45.02706,168.57374,570,"south",NA,NA,"sedlac",1648,0,NA,"McWethy,David,B.;Wilmshurst,Janet,M.;Whitlock,C.;Wood,Jamie,R.;McGlone,Matt,S.;. Lake Kirkpatrick. NOAA/WDS Paleoclimatology IMPD study 17174",NA,NA,NA,NA,NA,NA,NA,NA,NA,NA,NA,NA,NA,NA,"https://www.ncei.noaa.gov/access/paleo-search/study/17174",NA,NA,NA,NA,"noaa_study_id=17174; original pub in IMPD datafile header","IMPDv1:IMPD_17174",1648,"McGlone,Matt,S.",1,"McGlone","","Matt,S.",NA,NA,NA,NA,NA,NA,NA,NA,"IMPDv1:IMPD_17174",1648,"IMPDv1","IMPD_17174",NA,112,112,"cm",1,"Radiocarbon","AMS",695,20,NA,NA,"KCCAMS-102193",TRUE,NA,"NA Date is in uncalibrated radiocarbon years.","Lake Kirkpatrick_SIEVED","counted","NaN-NaN",NA,NA,"",695,675,715,695,112,1,"NA Date is in uncalibrated radiocarbon years.",". Cal curve: NA. Source DB: IMPDv1","Lacustrine","Carbon-14","Radiocarbon",-53.5,1482.5,"Calibrated radiocarbon years BP","sedimentary charcoal","Data Sourcing: IMPDv1","Sample Age Source: IMPDv1"
"1648",189,"charcoal | num",NA,189,NA,NA,1459.5,1406,1513,"IMPDv1","Charcoal (sum)","(additional options)",NA,NA,"False","False","number","Macroscopic charcoal (sieved)","direct",NA,"CHAR",4,NA,NA,"quant_raw",5,"volume","cm^3","IMPDv1","IMPD_17174","charcoal","count","char","wet_sieve","particle","num","count","no_size","num","IMPDv1","measured",1,"IMPDv1",NA,"Lake Kirkpatrick",-45.02706,168.57374,570,"south",NA,NA,"sedlac",1648,0,NA,"McWethy,David,B.;Wilmshurst,Janet,M.;Whitlock,C.;Wood,Jamie,R.;McGlone,Matt,S.;. Lake Kirkpatrick. NOAA/WDS Paleoclimatology IMPD study 17174",NA,NA,NA,NA,NA,NA,NA,NA,NA,NA,NA,NA,NA,NA,"https://www.ncei.noaa.gov/access/paleo-search/study/17174",NA,NA,NA,NA,"noaa_study_id=17174; original pub in IMPD datafile header","IMPDv1:IMPD_17174",1648,"McGlone,Matt,S.",1,"McGlone","","Matt,S.",NA,NA,NA,NA,NA,NA,NA,NA,"IMPDv1:IMPD_17174",1648,"IMPDv1","IMPD_17174",NA,113,113,"cm",1,"Radiocarbon","AMS",635,15,NA,NA,"KCCAMS-102194",TRUE,NA,"NA Date is in uncalibrated radiocarbon years.","Lake Kirkpatrick_SIEVED","counted","NaN-NaN",NA,NA,"",635,620,650,635,113,1,"NA Date is in uncalibrated radiocarbon years.",". Cal curve: NA. Source DB: IMPDv1","Lacustrine","Carbon-14","Radiocarbon",-53.5,1482.5,"Calibrated radiocarbon years BP","sedimentary charcoal","Data Sourcing: IMPDv1","Sample Age Source: IMPDv1"
"1648",190,"charcoal | num",NA,190,NA,NA,1471,1417,1525,"IMPDv1","Charcoal (sum)","(additional options)",NA,NA,"False","False","number","Macroscopic charcoal (sieved)","direct",NA,"CHAR",15,NA,NA,"quant_raw",5,"volume","cm^3","IMPDv1","IMPD_17174","charcoal","count","char","wet_sieve","particle","num","count","no_size","num","IMPDv1","measured",1,"IMPDv1",NA,"Lake Kirkpatrick",-45.02706,168.57374,570,"south",NA,NA,"sedlac",1648,0,NA,"McWethy,David,B.;Wilmshurst,Janet,M.;Whitlock,C.;Wood,Jamie,R.;McGlone,Matt,S.;. Lake Kirkpatrick. NOAA/WDS Paleoclimatology IMPD study 17174",NA,NA,NA,NA,NA,NA,NA,NA,NA,NA,NA,NA,NA,NA,"https://www.ncei.noaa.gov/access/paleo-search/study/17174",NA,NA,NA,NA,"noaa_study_id=17174; original pub in IMPD datafile header","IMPDv1:IMPD_17174",1648,"McWethy,David,B.",1,"McWethy","","David,B.",NA,NA,NA,NA,NA,NA,NA,NA,"IMPDv1:IMPD_17174",1648,"IMPDv1","IMPD_17174",NA,114,114,"cm",1,"Radiocarbon","AMS",670,30,NA,NA,"KCCAMS-102195",TRUE,NA,"NA Date is in uncalibrated radiocarbon years.","Lake Kirkpatrick_SIEVED","counted","NaN-NaN",NA,NA,"",670,640,700,670,114,1,"NA Date is in uncalibrated radiocarbon years.",". Cal curve: NA. Source DB: IMPDv1","Lacustrine","Carbon-14","Radiocarbon",-53.5,1482.5,"Calibrated radiocarbon years BP","sedimentary charcoal","Data Sourcing: IMPDv1","Sample Age Source: IMPDv1"
"1648",191,"charcoal | num",NA,191,NA,NA,1482.5,1428,1537,"IMPDv1","Charcoal (sum)","(additional options)",NA,NA,"False","False","number","Macroscopic charcoal (sieved)","direct",NA,"CHAR",8,NA,NA,"quant_raw",5,"volume","cm^3","IMPDv1","IMPD_17174","charcoal","count","char","wet_sieve","particle","num","count","no_size","num","IMPDv1","measured",1,"IMPDv1",NA,"Lake Kirkpatrick",-45.02706,168.57374,570,"south",NA,NA,"sedlac",1648,0,NA,"McWethy,David,B.;Wilmshurst,Janet,M.;Whitlock,C.;Wood,Jamie,R.;McGlone,Matt,S.;. Lake Kirkpatrick. NOAA/WDS Paleoclimatology IMPD study 17174",NA,NA,NA,NA,NA,NA,NA,NA,NA,NA,NA,NA,NA,NA,"https://www.ncei.noaa.gov/access/paleo-search/study/17174",NA,NA,NA,NA,"noaa_study_id=17174; original pub in IMPD datafile header","IMPDv1:IMPD_17174",1648,"Wilmshurst,Janet,M.",1,"Wilmshurst","","Janet,M.",NA,NA,NA,NA,NA,NA,NA,NA,"IMPDv1:IMPD_17174",1648,"IMPDv1","IMPD_17174",NA,118,118,"cm",1,"Radiocarbon","AMS",670,20,NA,NA,"KCCAMS-102196",TRUE,NA,"NA Date is in uncalibrated radiocarbon years.","Lake Kirkpatrick_SIEVED","counted","NaN-NaN",NA,NA,"",670,650,690,670,118,1,"NA Date is in uncalibrated radiocarbon years.",". Cal curve: NA. Source DB: IMPDv1","Lacustrine","Carbon-14","Radiocarbon",-53.5,1482.5,"Calibrated radiocarbon years BP","sedimentary charcoal","Data Sourcing: IMPDv1","Sample Age Source: IMPDv1"
